school_id,school_lon,school_lat,busStation_density_r300,crossing_density_r300,shop_density_r300,street_lamp_density_r300,traffic_signals_density_r300,speed_camera_density_r300,road_r300,person_r300
0,114.17678698896958,22.37514576618141,0.1496547907590866,3.124532699584961,8.394699799837655e-21,0.0,86.14105224609375,0.0,3.615384578704834,124.02191925048828
1,114.17678698896958,22.37514576618141,0.1496547907590866,3.124532699584961,8.394699799837655e-21,0.0,86.14105224609375,0.0,3.615384578704834,124.02191925048828
2,113.98163749920586,22.411086726575,0.0,0.0,0.0,0.0,0.0,0.0,4.326184272766113,81.65103149414062
3,114.06602323770548,22.44114775207405,0.0,0.0,0.0,0.0,0.0,0.0,5.410404682159424,99.90486145019531
4,113.9794347782843,22.39593996654689,1.683308908928538e-10,0.0,6.491119707713322e-12,0.0,0.0,0.0,4.424719333648682,53.5697021484375
5,113.99898856295827,22.430106818238063,0.0,0.0,0.0,0.0,0.0,0.0,7.023077011108398,112.63319396972656
6,114.17147298971294,22.446089230616288,186.48802185058594,195.40249633789062,2.4937632083892822,0.0,233.7001953125,1839.038330078125,4.751290798187256,452.0042419433594
7,114.2237635596016,22.549534691886738,0.0,0.0,0.0,0.0,0.0,0.0,4.4680304527282715,381.0191650390625
8,114.17597138947195,22.370892381948103,1.0226167135307662e-11,4.7776262363186106e-05,0.0,0.0,1.62242459050832e-11,0.0,5.068728446960449,88.28060913085938
9,114.1440264038863,22.49747812642968,0.0,4.498815599565664e-13,0.0,1.9305688943003005e-41,0.0,0.0,3.041228771209717,143.29087829589844
10,114.13102150059336,22.50282094460618,10.912790298461914,9.383577346801758,0.0,0.0,0.0,0.0,2.879042625427246,88.0477066040039
11,114.11447052354504,22.372424590584007,6.634349319911692e-12,9.544718314324907e-12,1.3567447103250304e-20,0.0,0.0,0.0,3.1174378395080566,247.98231506347656
12,114.11619093216088,22.36826216818497,5.937507863845726e-12,4.127303533663085e-12,0.0,0.0,0.0,0.0,2.577857255935669,204.35162353515625
13,114.13503906086925,22.490405243586626,10.609747886657715,10.538603782653809,0.0,0.0,27.301971435546875,920.12255859375,4.970760345458984,36.88727569580078
14,114.10422639216004,22.354594032960165,4.464736740039665e-12,0.0,3.691408395767212,0.0,0.0,0.0,3.257119655609131,2761.095947265625
15,114.12103874583512,22.361111723428923,0.0,0.0,0.0004565313283819705,0.0,0.0,0.0,4.463514804840088,82.94666290283203
16,114.12702484954124,22.345779794896853,0.0,0.0,1.892073631286621,0.0,0.0,0.0,4.416666507720947,77.04316711425781
17,114.16694550890575,22.451760139402435,174.44480895996094,125.20587921142578,0.0,0.0,92.6486587524414,919.51904296875,3.534141778945923,607.2717895507812
18,114.14267470027517,22.50095454679629,3.839644193649292,1.4876469689535717e-36,0.0,57.19829177856445,8.561411050322931e-06,0.0,3.753117322921753,95.86421203613281
19,114.0392901881898,22.28195509525632,1.3130166610723536e-42,0.0,0.0,0.0,0.0,0.0,3.1666667461395264,87.50111389160156
20,114.11914221643664,22.36913017845032,0.0,0.0,0.0,0.0,0.0,0.0,2.427757978439331,135.8692626953125
21,114.11480031499994,22.373183281942666,6.730996836290526e-12,9.15361016151639e-12,1.2432225723052236e-22,0.0,0.0,0.0,3.291090726852417,156.28097534179688
22,114.12851310730544,22.36533139036268,0.0,0.0,0.0,0.0,1.174638836719255e-12,0.0,3.349473714828491,89.28414916992188
23,114.1281042264864,22.368482925972987,0.0,0.0,3.6901941299438477,0.0,6.988824666556703e-13,0.0,3.3188977241516113,69.93029022216797
24,114.13038689753492,22.365557702351893,0.0,0.0,0.0,0.0,1.889378193828395e-12,0.0,3.2133333683013916,94.82069396972656
25,114.13965771605014,22.37095132845076,0.0,8.485638860878406e-27,2.784980796324832e-12,0.0,0.0,0.0,2.555755376815796,109.98619842529297
26,114.14187254343835,22.36673456068288,0.0,0.0,8.864241805850437e-14,0.0,0.0,0.0,3.4696969985961914,55.20964813232422
27,114.1234335886885,22.369619300062777,0.0,0.0,0.0110990721732378,0.0,4.204905417072188e-30,0.0,3.3701298236846924,105.29911804199219
28,114.1387180197097,22.36313066225869,0.0,0.0,0.031132686883211136,0.0,0.0,0.0,3.8596301078796387,66.58708953857422
29,114.1394848111201,22.36395262046737,0.0,0.0,0.0004521511436905712,0.0,0.0,0.0,3.794363260269165,76.18055725097656
30,114.16801457144128,22.44551112956474,68.12171173095703,202.995849609375,1.2848892956551783e-11,114.0334701538086,256.60791015625,8.72077687841255e-11,3.6426448822021484,1131.45751953125
31,113.97506632219869,22.39483285760559,2.128201365136917e-10,0.0,0.0,0.0,0.0,0.0,3.333801746368408,123.37195587158203
32,114.13206703568626,22.36414038062428,0.0,0.0,6.579703626923632e-17,0.0,1.696268017541136e-12,0.0,2.901310682296753,115.15150451660156
33,113.96719332237326,22.38652383978912,73.91498565673828,55.18275451660156,0.0,0.0,7.635220580781699e-13,0.0,5.189702033996582,167.75482177734375
34,114.12615566381793,22.36013810694285,0.0,0.0,19.71259117126465,0.0,0.0,0.0,3.0242717266082764,93.76795196533203
35,114.12615566381793,22.36013810694285,0.0,0.0,19.71259117126465,0.0,0.0,0.0,3.0242717266082764,93.76795196533203
36,114.1264168584138,22.3627570465562,0.0,0.0,12.314120292663574,0.0,0.0,0.0,3.4933009147644043,83.02833557128906
37,114.19073134194414,22.385593488730585,11.336514472961426,1.013529029592064e-07,148.4562530517578,0.0,7.685170208548975e-12,0.0,4.267818450927734,249.007080078125
38,114.12760744702338,22.51068540129112,0.0,2.681195890308352e-11,1.633385790282921e-34,0.0,0.0,0.0,4.255613327026367,86.00318145751953
39,114.13387841933596,22.377867284838658,21.12687110900879,54.80314636230469,3.6841061115264893,1887.5643310546875,36.73970413208008,904.5918579101562,4.117569446563721,60.30180740356445
40,114.13418856196728,22.37976377744235,29.170207977294922,39.633182525634766,11.730307579040527,966.783447265625,31.02149772644043,920.327392578125,4.77936315536499,57.6052360534668
41,114.12308763237088,22.360281606338457,0.0,0.0,3.680558681488037,0.0,0.0,0.0,2.876237630844116,91.34994506835938
42,114.12308763237088,22.360281606338457,0.0,0.0,3.680558681488037,0.0,0.0,0.0,2.876237630844116,91.34994506835938
43,114.191712130992,22.38581013399825,3.494490385055542,2.0217404552458946e-38,157.51171875,2.01569521565324e-24,7.243243331511717e-12,0.0,4.202138900756836,685.24169921875
44,114.12295048295935,22.363469342867813,0.0,0.0,3.676884651184082,0.0,0.0,0.0,3.612859010696411,56.0399169921875
45,113.9694292687413,22.40447025970145,0.0,0.0,1.0830150144747197e-11,0.0,0.0,0.0,3.477794885635376,83.50775909423828
46,113.97189059149956,22.401583651781404,0.0,0.0,1.376923158824539e-10,0.0,0.0,0.0,3.3411340713500977,102.98299407958984
47,114.10755953736448,22.34819283030293,1.7071818958491747e-10,0.0,9.096367835998535,0.0,0.0,0.0,4.655017852783203,1451.1749267578125
48,114.19379019722724,22.38584605161577,10.85413932800293,8.6864595413208,92.69349670410156,5.2982903954692045e-24,2.2648228778510138e-12,0.0,3.614173173904419,1211.22216796875
49,114.19727684409987,22.38962040520335,7.603276252746582,17.709287643432617,201.41964721679688,8.9036146852831e-25,2.5325349456428725e-12,0.0,6.39479398727417,1162.89697265625
50,114.12975995953502,22.35318567088845,0.0,0.0,19.149202346801758,0.0,1.784615424188507e-12,0.0,3.3630213737487793,46.874202728271484
51,113.97227848394476,22.38869766462697,4.354863691879984e-12,1.4574121076638136e-10,0.0,0.0,1.0683873230554752e-10,0.0,3.2943549156188965,1364.85595703125
52,114.02005074448456,22.44467667373351,0.0,0.0,0.0,0.0,0.0,0.0,3.9308300018310547,96.91710662841797
53,114.16692588020716,22.454550545877225,80.51542663574219,38.53786849975586,0.0,4.630152056032955e-13,62.0838737487793,921.0286865234375,3.269230842590332,252.1234893798828
54,113.97721203952597,22.38834260953021,3.0855233732612897e-12,1.0500123687195995e-10,2.986575396712876e-12,0.0,1.009140757068927e-10,0.0,3.5829102993011475,577.4506225585938
55,114.17408756787488,22.379651977363785,71.3621597290039,72.60417175292969,44.209590911865234,0.0,28.086767196655273,0.0,4.740880489349365,46.553863525390625
56,113.97760321926177,22.38641056928904,1.8120065994539636e-12,1.7223459529251695e-13,4.084572090279348e-12,0.0,0.0,0.0,4.380157947540283,464.701171875
57,114.19490788141908,22.393341259074248,0.0,7.468125944043447e-12,341.4264221191406,5.305261953719095e-24,0.0,0.0,5.02231502532959,45.251060485839844
58,113.97704971783196,22.386409886629565,3.747029596323781e-12,3.6104580696666444e-12,2.113605514567074e-12,0.0,0.0,0.0,4.374453067779541,632.8390502929688
59,114.1221985406915,22.374612772504168,3.769099712371826,12.510812759399414,0.0,0.0,1.699708256086563e-11,0.0,4.707187175750732,84.4444808959961
60,114.12820432048372,22.49925311475747,0.0032738472800701857,2.62113941662534e-11,0.0,0.0,0.0,0.0,5.015707015991211,74.59385681152344
61,114.17778705248044,22.36795745629253,1.8333654906721453e-12,1.149555304462771e-13,0.0,0.0,7.473383890899132e-12,0.0,4.675876617431641,77.66219329833984
62,113.96373262320186,22.37622457035609,68.55701446533203,85.73194885253906,0.0,0.0,34.10952377319336,0.0,4.318134784698486,416.84783935546875
63,114.11194437396202,22.501297284245965,0.0,0.0,4.237844748516614e-14,0.0,0.0,0.0,6.26171875,75.73760986328125
64,114.17560175306356,22.44721812167804,32.41115188598633,58.17166519165039,3.947338456100624e-09,0.0,120.73841094970703,8.273700969424618e-24,4.72109842300415,1243.1759033203125
65,114.1190527036348,22.374286580783707,1.7113198232952728e-16,3.691201193984327e-14,0.0,0.0,1.0724606099021816e-11,0.0,4.722989559173584,79.17363739013672
66,114.1924101078913,22.375172108172496,80.90243530273438,60.69004440307617,123.38190460205078,3.8757043929261346e-24,23.623014450073242,0.0,4.700834274291992,78.0194320678711
67,113.96356612593902,22.39627200474828,1.3342786597814182e-10,0.0,0.0,0.0,0.0,0.0,3.759999990463257,45.390625
68,113.97402515438516,22.389566789808057,7.945277248622151e-12,1.9713594645587307e-10,0.0,0.0,1.124175336153499e-10,0.0,3.035011053085327,1198.9920654296875
69,114.18118539896096,22.370549165320323,1.0126886308692296e-11,3.9451764338033213e-13,0.0,0.0,1.677383752729522e-11,0.0,5.217350959777832,74.41097259521484
70,114.04953835985036,22.472561475509018,0.0,0.0,0.0,0.0,0.0,0.0,5.4798808097839355,102.79365539550781
71,113.96412022065914,22.37674884849484,75.16162109375,60.72623062133789,0.0,0.0,12.010528564453125,0.0,4.614649772644043,369.3384094238281
72,113.97725881490936,22.38958887311125,3.028959244880114e-12,1.9927125227692244e-10,3.1388097416346072e-12,0.0,1.1235032348899665e-10,0.0,3.127084970474243,417.3333435058594
73,114.10401556190357,22.34929300378754,7.553055286407471,0.0,1.3689607173544838e-12,0.0,0.0,0.0,4.029049396514893,1693.9862060546875
74,113.96285615625423,22.37791211436654,93.76651000976562,26.246252059936523,0.0,0.0,82.93028259277344,0.0,5.144886493682861,216.79702758789062
75,113.96145193745429,22.375490081519704,37.806968688964844,35.22952651977539,0.0,0.0,85.63800048828125,0.0,4.296460151672363,241.66064453125
76,114.13499627319418,22.503427062072507,90.38841247558594,24.343442916870117,0.0,0.0,0.0,0.0,3.6914894580841064,61.35569763183594
77,114.17314389484558,22.447362571361555,121.4842529296875,100.8251953125,1.8200473350660218e-09,0.0,189.6549835205078,919.2176513671875,3.8328592777252197,1101.6353759765625
78,114.09872403191382,22.350464510557124,0.0,0.0,1.6034592273742043e-12,0.0,0.0,0.0,3.487603187561035,1421.1826171875
79,113.96683707404311,22.397432185058747,3.978451682679074e-12,0.0,0.0,0.0,0.0,0.0,3.285576820373535,100.32376861572266
80,114.16848992827998,22.456609575359945,50.77076721191406,33.28910827636719,6.582468597970959e-11,93.04686737060547,182.62673950195312,2.7038484884390875e-18,3.047516107559204,177.721923828125
81,113.97879956731543,22.391893538264583,1.066294968987691e-10,1.840068653002902e-10,6.382888575323653e-12,0.0,5.204894154564599e-11,0.0,3.1044466495513916,86.62297058105469
82,114.18207861036592,22.3688513975846,6.2896571631498865e-12,1.523026361060706e-13,0.0,0.0,1.4297783443306677e-11,0.0,4.511682033538818,67.17471313476562
83,114.18016592718044,22.37167800664873,9.70945372713583e-12,5.154952528209356e-13,0.0,0.0,1.3725977819623036e-11,0.0,5.224699974060059,79.62893676757812
84,113.97162353416812,22.385030461222424,30.202308654785156,5.312861919403076,0.0,0.0,6.818479158024471e-13,0.0,3.9162561893463135,534.2920532226562
85,114.19597374189176,22.37609284016333,82.97455596923828,74.94779205322266,166.8724365234375,4.4493111895222046e-24,85.3987808227539,0.0,5.440476417541504,68.06373596191406
86,114.16937444962906,22.44892470911789,128.7565155029297,213.5041046142578,3.4857131070431535e-10,2.9101484562968284e-29,292.1312255859375,857.1793823242188,3.7711243629455566,1284.113525390625
87,114.20361708647094,22.384752030132475,9.864794744962602e-12,7.5456724202283e-12,95.0374755859375,0.0,3.180387810747254e-12,0.0,4.5721564292907715,2543.271484375
88,114.17620405012794,22.452266146441847,13.287939071655273,77.23539733886719,0.0,0.0,154.10694885253906,0.0,3.524083375930786,785.30908203125
89,113.98006385996769,22.40436615796468,0.0,0.0,1.4635489001268986e-11,0.0,0.0,0.0,2.9189188480377197,60.8953742980957
90,114.13845811215312,22.496321005608333,21.934240341186523,21.929885864257812,0.0,114.3591079711914,0.00011002390237990767,1840.849609375,4.112488746643066,86.75292205810547
91,113.96853406715609,22.373015967873,33.91120147705078,38.80950164794922,0.0,0.0,16.4489803314209,0.0,3.4976134300231934,1016.9085693359375
92,114.22834151756686,22.415214962940468,0.0,4.5276723342757563e-11,3.6744754314422607,0.0,2.3634622037249642e-11,0.0,4.659977912902832,946.9677124023438
93,114.17962226591438,22.37547987186532,2.5654302358672776e-13,12.394242286682129,11.058377265930176,0.0,7.883762359619141,0.0,4.0215983390808105,121.19270324707031
94,114.25357477833208,22.326470944836977,26.603778839111328,18.760066986083984,0.0,0.0,0.0,0.0,4.608072757720947,1071.6279296875
95,114.1742140501819,22.36626872665289,0.0,0.001058993162587285,1.341307204194564e-10,0.0,0.0,0.0,5.310659885406494,59.9395751953125
96,114.10270253698394,22.353907020774304,5.884902808117598e-12,0.0,3.6805055141448975,0.0,0.0,0.0,3.1982979774475098,2191.5556640625
97,114.23058582853648,22.417029359400747,0.0,5.120981971806771e-10,1.1200834704183649e-10,0.0,7.6741533279418945,0.0,5.909368515014648,1024.2069091796875
98,113.96644373096804,22.37485548378798,90.46044921875,89.6258544921875,0.0,0.0,7.775820732116699,0.0,3.259021759033203,922.4000854492188
99,114.13245938058074,22.50435651299429,11.207444190979004,6.259520053863525,0.0,0.0,0.0,0.0,3.095155715942383,71.718017578125
100,114.0250968781446,22.449711444878865,0.0,0.0,0.0,0.0,0.0,0.0,3.716299533843994,101.04898834228516
101,114.17746703213476,22.45385550493363,62.272796630859375,92.1727066040039,0.0,0.0,189.67578125,0.0,3.39393949508667,901.9169311523438
102,113.962229234928,22.40679974901909,0.0,0.0,0.0,0.0,0.0,0.0,6.319587707519531,63.63938903808594
103,114.02359863804828,22.451651570706733,0.0,0.0,0.0,0.0,0.0,0.0,4.6788411140441895,93.04898834228516
104,114.1420561512813,22.487192086767653,0.0,0.0,0.0,0.0,0.0,0.0,4.703479766845703,74.29141998291016
105,114.02477710111104,22.448961618511653,0.0,0.0,0.0,0.0,0.0,0.0,3.2782533168792725,110.08817291259766
106,114.10169796158767,22.362512667705293,5.774279058373688e-12,0.0,3.6889798641204834,0.0,0.0,0.0,4.987714767456055,2989.028076171875
107,114.1018537687884,22.36164580797904,5.8144890811850924e-12,0.0,3.6756796836853027,0.0,0.0,0.0,5.0714287757873535,2488.021728515625
108,114.21484178064648,22.38240184669776,9.14442253112793,0.0,13.036399841308594,0.0,0.0,0.0,3.8537590503692627,70.65049743652344
109,113.96143711310997,22.40403537697714,0.0,0.0,3.1841525943709925e-11,0.0,0.0,0.0,6.4919352531433105,31.513139724731445
110,114.17247627137964,22.36078714813332,0.0,1.4840391068804415e-11,4.6115275487146334e-10,0.0,0.0,0.0,5.845528602600098,46.428218841552734
111,114.16339959197636,22.450567863979494,92.39432525634766,71.89997100830078,3.5920746326446533,0.0,23.8625545501709,0.0,3.101102828979492,612.2977905273438
112,114.22239418252444,22.40534642171541,0.0,0.0,221.41500854492188,0.0,0.0,0.0,5.383484363555908,401.6392822265625
113,114.23171354881592,22.419683941981493,1.5292629021853074e-32,6.26362419128418,1.1431858237820336e-10,0.0,0.0017157102702185512,0.0,4.8966898918151855,1274.531005859375
114,114.22340285558322,22.54658187624329,0.0,0.0,0.0,0.0,0.0,0.0,4.54714298248291,556.2674560546875
115,114.25637038414536,22.326731484053365,30.15279769897461,3.126417875289917,0.0,0.0,5.361754682882904e-39,0.0,5.204216003417969,1116.1328125
116,114.10272040128402,22.35684195731913,5.8317660596440835e-12,0.0,3.692624092102051,0.0,0.0,0.0,3.931767225265503,1672.859130859375
117,114.13229549097068,22.50020248892272,30.231245040893555,26.47620391845703,0.0,0.0,0.0,0.0,3.498941421508789,36.16460037231445
118,114.21463726354472,22.38018038559873,17.850135803222656,1.4723230600357056,2.475104496357794e-11,0.0,0.0,0.0,4.344870090484619,38.34916687011719
119,113.97032951752009,22.406467143005308,0.0,0.0,0.0,0.0,0.0,0.0,3.017446517944336,78.71822357177734
120,114.1312567915986,22.49659004118552,63.204654693603516,32.52448654174805,0.0,0.0,0.9638599753379822,0.0,5.4440484046936035,52.81110763549805
121,114.03372293298412,22.441077199033646,6.8591555411376425e-37,0.0,0.0,0.0,9.91321933395406e-13,0.0,3.1453590393066406,123.17027282714844
122,113.9662702536847,22.40624517540756,0.0,0.0,0.0,0.0,0.0,0.0,4.670433044433594,68.85269165039062
123,113.96659167087334,22.40563152289404,0.0,0.0,0.0,0.0,0.0,0.0,4.368574142456055,61.88668441772461
124,114.02056035612146,22.4407037774503,0.0,0.0,0.0,0.0,0.0,0.0,3.047858953475952,79.97246551513672
125,114.13999688240445,22.48391359108569,1.761904337704845e-11,0.0,0.0,0.0,0.0,0.0,3.789797782897949,69.7414321899414
126,114.26024919689588,22.32038103433225,0.0,0.0,1.2184867101850544e-14,0.0,0.00452989200130105,0.0,4.028436183929443,648.6882934570312
127,114.2058132036171,22.3922108586889,9.851962128049063e-12,5.4738613815275006e-12,22.123258590698242,0.0,1.9287650903504483e-12,0.0,4.070743560791016,1055.7486572265625
128,114.14116328464426,22.48268571759161,0.0,0.0,0.0,0.0,0.0,0.0,3.4793248176574707,49.01058578491211
129,114.26651891451756,22.319790699291502,0.0,0.0,7.883270859015967e-13,0.0,0.0,0.0,4.994475364685059,1462.482666015625
130,114.23493889900804,22.421272178647563,2.4575758095224387e-12,14.644871711730957,6.33583402633667,0.0,3.151141153567849e-11,0.0,4.5521626472473145,95.92594146728516
131,114.19793877387326,22.400176986641075,1.2337587548816309e-11,6.949266249250963e-12,0.0,0.0,3.414120763878259e-09,0.0,2.4697508811950684,53.19233322143555
132,114.16695595352007,22.4414654237848,61.290435791015625,220.65975952148438,239.3255157470703,7.345223990209608e-22,349.0227355957031,921.029541015625,5.183350086212158,65.48371887207031
133,114.13110754660994,22.50714652377912,0.0,0.0,0.0,0.0,0.0,0.0,3.725215435028076,65.10720825195312
134,114.17519361919024,22.45659172210646,57.56703567504883,62.488704681396484,0.0,0.3166824281215668,146.3335723876953,19.083370208740234,4.280632495880127,638.10791015625
135,114.00631240165242,22.45413565734232,4.520859814977074e-12,1.6876949870178043e-13,5.795740948798256e-13,0.0,0.0,0.0,4.054867267608643,63.52189254760742
136,114.00443409130638,22.44891408019357,0.0,1.821815484928657e-12,0.0,0.0,0.0,0.0,5.441908836364746,103.59688568115234
137,114.00478037427428,22.45171387963774,0.0,1.3796473729080216e-12,2.163084289463768e-08,0.0,0.0,0.0,4.438709735870361,91.6847152709961
138,114.17176402928216,22.457169598932712,93.27516174316406,85.50691223144531,4.690029475895585e-10,400.65069580078125,316.1539306640625,919.82080078125,3.616175413131714,148.73257446289062
139,114.16643137450453,22.44145636036364,57.194610595703125,194.8326873779297,229.36241149902344,2.8338743504718877e-05,283.0946044921875,919.8208618164062,5.091341495513916,61.13921356201172
140,114.0974676963342,22.35750772847099,0.0,0.0,0.0,0.0,0.0,0.0,5.704584121704102,822.5210571289062
141,114.14145362205078,22.37236952499909,3.7093708515167236,1.5407695540771622e-15,4.9646533628947e-13,0.0,0.0,0.0,3.2627511024475098,49.93203353881836
142,114.24078770938674,22.42469251967433,3.7641618251800537,0.24968872964382172,18.035114288330078,0.0,1.1505064479236382e-12,0.0,4.482551097869873,67.55335235595703
143,113.99890003845722,22.453820620507194,3.4285367513792187e-12,8.424832961253723e-14,40.75868225097656,0.0,0.0,0.0,4.766262531280518,53.486351013183594
144,114.0123030040966,22.300370472953,6.819803782028705e-14,7.928906554759141e-13,0.0,0.0,0.09907610714435577,0.0,7.079908847808838,81.6890640258789
145,113.9966897873488,22.457601910256702,4.570915260876385e-12,0.0,0.0,0.0,0.0,0.0,5.454237461090088,78.8215560913086
146,114.18446190835492,22.273018652916964,0.0,0.0,0.0,0.0,0.0,0.0,4.236087799072266,65.70315551757812
147,114.1755638835442,22.338364318928445,0.0,0.0,11.044486045837402,0.0,0.0,0.0,2.960282325744629,96.12141418457031
148,114.16674998864104,22.333966119890665,5.190417540212877e-10,1.8994131267824343e-10,0.0,0.0,1.8286042124948665e-10,0.0,3.468965530395508,132.50796508789062
149,114.18854140233724,22.324998641265505,14.91910457611084,7.6632866859436035,0.0,0.0,0.0,0.0,3.2127482891082764,113.32156372070312
150,114.18746987439216,22.27445435621328,0.0,0.0,0.0,0.0,0.0,0.0,4.088679313659668,57.893653869628906
151,114.1381958425482,22.284961771566,0.0,4.664305833929072e-12,0.0,0.0,0.0,0.0,2.936912775039673,163.9691925048828
152,114.1381958425482,22.284961771566,0.0,4.664305833929072e-12,0.0,0.0,0.0,0.0,2.936912775039673,163.9691925048828
153,114.1381958425482,22.284961771566,0.0,4.664305833929072e-12,0.0,0.0,0.0,0.0,2.936912775039673,163.9691925048828
154,114.18919720985988,22.27701893637394,0.0,0.0,0.0,0.0,0.0,0.0,3.376044511795044,90.6776123046875
155,114.18919720985988,22.27701893637394,0.0,0.0,0.0,0.0,0.0,0.0,3.376044511795044,90.6776123046875
156,114.18672667172352,22.33007395118312,5.000480193523944e-26,0.0,7.3286004066467285,0.0,9.865455891447383e-13,0.0,1.848063588142395,129.3636016845703
157,114.16444058485207,22.32426711312079,11.359440803527832,0.0,0.0,0.0,4.799837610702795e-11,0.0,2.286454916000366,197.6453399658203
158,114.16444058485207,22.32426711312079,11.359440803527832,0.0,0.0,0.0,4.799837610702795e-11,0.0,2.286454916000366,197.6453399658203
159,114.19433971957402,22.27619667481816,0.0,0.0,6.745738689861724e-11,0.0,0.0,0.0,4.961367130279541,78.0421371459961
160,114.19433971957402,22.27619667481816,0.0,0.0,6.745738689861724e-11,0.0,0.0,0.0,4.961367130279541,78.0421371459961
161,114.19677524132588,22.34503668730465,3.99787936089524e-09,6.305843089461677e-43,14.741374015808105,4.4282265152474574e-24,0.0,0.0,3.0438520908355713,118.7502670288086
162,114.16759488145938,22.32810532289901,5.353841259214676e-10,2.935236498302629e-10,0.0,0.0,2.0464309413714687e-10,0.0,2.8848538398742676,114.06616973876953
163,114.16759488145938,22.32810532289901,5.353841259214676e-10,2.935236498302629e-10,0.0,0.0,2.0464309413714687e-10,0.0,2.8848538398742676,114.06616973876953
164,114.18469742818696,22.32041133326973,11.337035179138184,6.25131893157959,0.0,0.0,0.0,0.0,2.9883267879486084,99.85360717773438
165,114.20076493835242,22.287023587235847,3.045845043195272e-12,1.837318708633462e-12,4.919050783360437e-18,0.0,0.0,0.0,3.617177963256836,69.07962036132812
166,114.20076493835242,22.287023587235847,3.045845043195272e-12,1.837318708633462e-12,4.919050783360437e-18,0.0,0.0,0.0,3.617177963256836,69.07962036132812
167,114.19433971957402,22.27619667481816,0.0,0.0,6.745738689861724e-11,0.0,0.0,0.0,4.961367130279541,78.0421371459961
168,114.20076493835242,22.287023587235847,3.045845043195272e-12,1.837318708633462e-12,4.919050783360437e-18,0.0,0.0,0.0,3.617177963256836,69.07962036132812
169,114.20076493835242,22.287023587235847,3.045845043195272e-12,1.837318708633462e-12,4.919050783360437e-18,0.0,0.0,0.0,3.617177963256836,69.07962036132812
170,114.20076493835242,22.287023587235847,3.045845043195272e-12,1.837318708633462e-12,4.919050783360437e-18,0.0,0.0,0.0,3.617177963256836,69.07962036132812
171,114.17220541928324,22.330634083370235,0.0,3.12879271102684e-11,4.963046085215694e-10,0.0,0.0,0.0,2.399384021759033,122.58648681640625
172,114.19506085536072,22.37489188481825,79.2195053100586,68.40211486816406,173.93820190429688,5.1086813660120925e-24,125.35102081298828,0.0,5.020094394683838,63.401912689208984
173,114.21937159482012,22.33425885911489,2.4283229507066073e-12,1.9057523029282486e-13,0.0,0.0,0.0,0.0,4.653409004211426,41.51470184326172
174,114.20076493835242,22.287023587235847,3.045845043195272e-12,1.837318708633462e-12,4.919050783360437e-18,0.0,0.0,0.0,3.617177963256836,69.07962036132812
175,114.18567779787612,22.32135949497765,4.331192493438721,3.8355565071105957,0.0,0.0,0.0,0.0,2.886507034301758,106.69703674316406
176,114.18567779787612,22.32135949497765,4.331192493438721,3.8355565071105957,0.0,0.0,0.0,0.0,2.886507034301758,106.69703674316406
177,114.14462956121749,22.28391562177092,0.0,0.0,0.0,0.0,0.0,0.0,3.2284793853759766,143.38516235351562
178,114.14462956121749,22.28391562177092,0.0,0.0,0.0,0.0,0.0,0.0,3.2284793853759766,143.38516235351562
179,113.96988315658604,22.37338794881307,27.40243911743164,49.159202575683594,0.0,0.0,25.242565155029297,0.0,3.75825834274292,716.2725830078125
180,114.1876341391614,22.26555012530318,0.0,0.0,4.690439651464768e-16,0.0,0.0,0.0,3.894230842590332,93.3787612915039
181,114.12986192122692,22.28058874821946,0.0,0.0,0.0,0.0,0.0,0.0,3.470588207244873,94.01167297363281
182,114.17452451593464,22.380157693717027,81.92351531982422,82.13802337646484,44.29690170288086,0.0,30.041589736938477,0.0,5.251023292541504,40.07383728027344
183,114.21082832330204,22.289568428442543,14.939667701721191,22.097091674804688,22.02738380432129,0.0,4.772556394527783e-07,0.0,4.837338447570801,180.9120635986328
184,114.17306967857849,22.31724174165512,9.780055399618242e-32,2.808383950739235e-13,4.177042878250603e-10,0.0,0.0,0.0,2.25309157371521,146.9886932373047
185,114.17175124329036,22.27417467565226,0.0,1.2174240782147905e-10,12.70545768737793,0.0,0.0,0.0,3.361572027206421,92.37641906738281
186,114.17175124329036,22.27417467565226,0.0,1.2174240782147905e-10,12.70545768737793,0.0,0.0,0.0,3.361572027206421,92.37641906738281
187,114.17175124329036,22.27417467565226,0.0,1.2174240782147905e-10,12.70545768737793,0.0,0.0,0.0,3.361572027206421,92.37641906738281
188,114.1876341391614,22.26555012530318,0.0,0.0,4.690439651464768e-16,0.0,0.0,0.0,3.894230842590332,93.3787612915039
189,114.19901760823272,22.282851683380294,0.0,1.0810310979714188e-12,0.0,0.0,0.0,0.0,6.568181991577148,22.807802200317383
190,114.21879415828624,22.31846451621207,0.0,0.0,0.0,0.0,0.0,0.0,3.865384578704834,97.3747787475586
191,114.16653667573308,22.330688005951767,5.090501353777199e-10,1.5226414573632496e-10,0.0,0.0,1.8690773928575766e-10,0.0,3.086766004562378,134.6453857421875
192,114.172322759125,22.303885458963247,77.1956558227539,59.155391693115234,4.871837377962152e-10,5.721112385920213e-12,98.52238464355469,0.0,2.685981273651123,155.97341918945312
193,114.172322759125,22.303885458963247,77.1956558227539,59.155391693115234,4.871837377962152e-10,5.721112385920213e-12,98.52238464355469,0.0,2.685981273651123,155.97341918945312
194,114.18369559885195,22.277299212148723,0.0,0.0,0.0,0.0,0.0,0.0,2.479414463043213,122.04100036621094
195,114.17902925447734,22.330173574769805,0.0,0.0,0.0,0.0,0.0,0.0,1.8271375894546509,127.9745864868164
196,114.17372959971544,22.3206191981308,0.0,0.0,2.839246338037782e-10,0.0,0.0,0.0,3.202247142791748,105.9971694946289
197,114.17372959971544,22.3206191981308,0.0,0.0,2.839246338037782e-10,0.0,0.0,0.0,3.202247142791748,105.9971694946289
198,114.17372959971544,22.3206191981308,0.0,0.0,2.839246338037782e-10,0.0,0.0,0.0,3.202247142791748,105.9971694946289
199,114.17267142420938,22.32789782920521,0.0,0.0,4.5953030269885176e-10,0.0,0.0,0.0,2.376216173171997,72.23014831542969
200,114.17267142420938,22.32789782920521,0.0,0.0,4.5953030269885176e-10,0.0,0.0,0.0,2.376216173171997,72.23014831542969
201,114.17267142420938,22.32789782920521,0.0,0.0,4.5953030269885176e-10,0.0,0.0,0.0,2.376216173171997,72.23014831542969
202,114.18369559885195,22.277299212148723,0.0,0.0,0.0,0.0,0.0,0.0,2.479414463043213,122.04100036621094
203,114.16019703849668,22.34021473731938,0.0,0.0,0.0,0.0,0.0,0.0,3.95652174949646,61.14139175415039
204,114.17067180100554,22.329550362443403,3.4599271364621487e-11,2.8642294092051657e-10,5.002667724518517e-10,0.0,1.6252718572015712e-12,0.0,2.78835391998291,67.26070404052734
205,114.18794924378535,22.324104654683147,11.319674491882324,9.380033493041992,0.0,0.0,0.0,0.0,3.1011343002319336,121.650634765625
206,114.171351561699,22.32202790761021,0.0,1.9515009053172605e-10,5.161259197805634e-10,0.0,0.0,0.0,2.8009016513824463,129.71762084960938
207,114.17209923384866,22.31316891606445,57.80900573730469,15.65392017364502,4.998762515029398e-10,0.0,1.3016912648136127e-14,0.0,3.055814027786255,109.10232543945312
208,114.17966949274545,22.310161769377792,6.205974102668765e-12,12.419246673583984,0.0,0.0,7.755397796630859,920.4248046875,3.5423543453216553,53.73184585571289
209,114.16056628139565,22.33709922720418,0.0,0.0,0.0,0.0,0.0,0.0,3.0886752605438232,112.93992614746094
210,114.1755348420693,22.329667871860643,0.0,0.0,0.0,0.0,0.0,0.0,1.4812206029891968,123.11859893798828
211,114.1755348420693,22.329667871860643,0.0,0.0,0.0,0.0,0.0,0.0,1.4812206029891968,123.11859893798828
212,114.1755348420693,22.329667871860643,0.0,0.0,0.0,0.0,0.0,0.0,1.4812206029891968,123.11859893798828
213,114.17902925447734,22.330173574769805,0.0,0.0,0.0,0.0,0.0,0.0,1.8271375894546509,127.9745864868164
214,114.17902925447734,22.330173574769805,0.0,0.0,0.0,0.0,0.0,0.0,1.8271375894546509,127.9745864868164
215,114.1915457740359,22.28110961996576,0.0,0.0,5.035051368895704e-12,1.3532316221427617e-35,0.0,0.0,3.0392158031463623,98.13126373291016
216,114.23618537633983,22.268348172121293,0.0,0.0,0.0,0.0,0.0,0.0,3.1057777404785156,96.7815170288086
217,114.0301665732439,22.20976509165199,0.0,0.0,0.0,0.0,0.0,0.0,3.8340706825256348,335.3985290527344
218,114.19710097635677,22.382215400735745,91.32098388671875,49.50922393798828,397.5947265625,2.017424793187937e-24,2.13867183511407e-12,0.0,3.4662649631500244,78.18033599853516
219,114.06715198919136,22.438755454096068,0.0,0.0,1.8431262104653262e-13,0.0,0.0,0.0,6.057971000671387,107.31758117675781
220,114.05998350884924,22.36830359542545,0.0,0.0,60.14509582519531,0.0,3.6043232200938524e-12,0.0,5.63194465637207,474.087890625
221,114.12675279264764,22.50890615292932,0.0,3.0027060698989416e-11,0.0,0.0,0.0,0.0,3.837642192840576,108.38518524169922
222,114.12675279264764,22.50890615292932,0.0,3.0027060698989416e-11,0.0,0.0,0.0,0.0,3.837642192840576,108.38518524169922
223,114.16509998355684,22.44755182628541,17.557926177978516,142.21176147460938,0.0,114.47161865234375,247.84661865234375,0.0,3.030344009399414,1905.2801513671875
224,114.16509998355684,22.44755182628541,17.557926177978516,142.21176147460938,0.0,114.47161865234375,247.84661865234375,0.0,3.030344009399414,1905.2801513671875
225,114.16509998355684,22.44755182628541,17.557926177978516,142.21176147460938,0.0,114.47161865234375,247.84661865234375,0.0,3.030344009399414,1905.2801513671875
226,114.16509998355684,22.44755182628541,17.557926177978516,142.21176147460938,0.0,114.47161865234375,247.84661865234375,0.0,3.030344009399414,1905.2801513671875
227,114.16509998355684,22.44755182628541,17.557926177978516,142.21176147460938,0.0,114.47161865234375,247.84661865234375,0.0,3.030344009399414,1905.2801513671875
228,114.12675279264764,22.50890615292932,0.0,3.0027060698989416e-11,0.0,0.0,0.0,0.0,3.837642192840576,108.38518524169922
229,114.15894963003151,22.45414348878593,108.88426971435547,25.240604400634766,0.012622670270502567,8.65325587194537e-25,0.0,0.0,3.543074369430542,65.3280258178711
230,114.18274885687111,22.375913253322604,7.269505093374096e-14,18.83416748046875,3.8008554838597775e-05,0.0,7.76559591293335,0.0,4.931623935699463,80.89230346679688
231,114.18274885687111,22.375913253322604,7.269505093374096e-14,18.83416748046875,3.8008554838597775e-05,0.0,7.76559591293335,0.0,4.931623935699463,80.89230346679688
232,114.16661555705032,22.44680240185664,16.254539489746094,180.98287963867188,0.0,114.3965835571289,322.072998046875,0.0,3.2640721797943115,2073.255126953125
233,114.16661555705032,22.44680240185664,16.254539489746094,180.98287963867188,0.0,114.3965835571289,322.072998046875,0.0,3.2640721797943115,2073.255126953125
234,114.16509998355684,22.44755182628541,17.557926177978516,142.21176147460938,0.0,114.47161865234375,247.84661865234375,0.0,3.030344009399414,1905.2801513671875
235,114.18080695409996,22.378514105360782,25.54709243774414,62.5830192565918,35.82815170288086,0.0,79.50616455078125,0.0,4.929562568664551,76.81549835205078
236,114.00394475184925,22.451812321214828,0.0,1.7462274031279645e-12,11.029085159301758,0.0,0.0,0.0,4.765336036682129,86.60318756103516
237,114.02925943855593,22.205447599061017,0.0,0.0,0.0,0.0,0.0,0.0,3.8947367668151855,265.07904052734375
238,114.02925943855593,22.205447599061017,0.0,0.0,0.0,0.0,0.0,0.0,3.8947367668151855,265.07904052734375
239,114.02925943855593,22.205447599061017,0.0,0.0,0.0,0.0,0.0,0.0,3.8947367668151855,265.07904052734375
240,114.11529252126616,22.22489177318176,0.0,0.0,0.0,0.0,0.0,0.0,2.7007126808166504,100.00569915771484
241,114.11529252126616,22.22489177318176,0.0,0.0,0.0,0.0,0.0,0.0,2.7007126808166504,100.00569915771484
242,114.02470169659172,22.446839396814,0.0,0.0,0.0,0.0,0.0,0.0,2.910898447036743,127.38276672363281
243,114.02470169659172,22.446839396814,0.0,0.0,0.0,0.0,0.0,0.0,2.910898447036743,127.38276672363281
244,114.02839848261642,22.441984465591336,0.0,0.0,1.0596504576576571e-11,0.0,0.0,0.0,2.698850631713867,164.3572998046875
245,114.02839848261642,22.441984465591336,0.0,0.0,1.0596504576576571e-11,0.0,0.0,0.0,2.698850631713867,164.3572998046875
246,114.11529252126616,22.22489177318176,0.0,0.0,0.0,0.0,0.0,0.0,2.7007126808166504,100.00569915771484
247,114.13733036549156,22.49782880899877,41.47572326660156,27.558216094970703,0.0,114.65685272216797,31.184608459472656,1839.6417236328125,4.001670837402344,93.5007095336914
248,113.96719469590778,22.39208661280489,1.2270900962008113e-10,1.662023019211034e-10,0.0,0.0,3.1675585765444936e-11,0.0,3.655773401260376,207.76620483398438
249,113.96719469590778,22.39208661280489,1.2270900962008113e-10,1.662023019211034e-10,0.0,0.0,3.1675585765444936e-11,0.0,3.655773401260376,207.76620483398438
250,113.96719469590778,22.39208661280489,1.2270900962008113e-10,1.662023019211034e-10,0.0,0.0,3.1675585765444936e-11,0.0,3.655773401260376,207.76620483398438
251,113.9964388083126,22.45634640302801,6.078167483214436e-12,0.0,0.0,0.0,0.0,0.0,5.667989253997803,74.46197509765625
252,114.11500549865605,22.37028455958016,6.699325122427879e-12,8.762711910248466e-12,0.0,0.0,0.0,0.0,2.763364315032959,320.8262023925781
253,114.23790105733978,22.309220144713706,6.803864112739366e-13,3.611510504715476e-13,0.0,0.0,0.0,0.0,3.3004443645477295,86.42922973632812
254,114.11328509950889,22.37429344923224,5.864435195922852,9.92307798430847e-12,11.409149169921875,0.0,0.003930144943296909,0.0,2.8882200717926025,169.0106201171875
255,114.11328509950889,22.37429344923224,5.864435195922852,9.92307798430847e-12,11.409149169921875,0.0,0.003930144943296909,0.0,2.8882200717926025,169.0106201171875
256,114.11328509950889,22.37429344923224,5.864435195922852,9.92307798430847e-12,11.409149169921875,0.0,0.003930144943296909,0.0,2.8882200717926025,169.0106201171875
257,114.11259631541051,22.372965689391453,1.1681503337968024e-06,5.706953048706055,12.291071891784668,0.0,3.8224439622549036e-17,0.0,3.0147860050201416,691.8997802734375
258,114.11259631541051,22.372965689391453,1.1681503337968024e-06,5.706953048706055,12.291071891784668,0.0,3.8224439622549036e-17,0.0,3.0147860050201416,691.8997802734375
259,114.02984642329332,22.20986414052208,0.0,0.0,0.0,0.0,0.0,0.0,3.810572624206543,348.58953857421875
260,114.11500549865605,22.37028455958016,6.699325122427879e-12,8.762711910248466e-12,0.0,0.0,0.0,0.0,2.763364315032959,320.8262023925781
261,114.02984642329332,22.20986414052208,0.0,0.0,0.0,0.0,0.0,0.0,3.810572624206543,348.58953857421875
262,114.2707537464969,22.382243592455985,5.700021266937256,12.501391410827637,3.717330609998015e-11,0.0,0.0,0.0,3.026857614517212,198.5735626220703
263,114.2707537464969,22.382243592455985,5.700021266937256,12.501391410827637,3.717330609998015e-11,0.0,0.0,0.0,3.026857614517212,198.5735626220703
264,114.2707537464969,22.382243592455985,5.700021266937256,12.501391410827637,3.717330609998015e-11,0.0,0.0,0.0,3.026857614517212,198.5735626220703
265,114.12247290087686,22.368210216590462,0.0,0.0,0.0,0.0,0.0,0.0,3.451012134552002,114.6794204711914
266,114.12247290087686,22.368210216590462,0.0,0.0,0.0,0.0,0.0,0.0,3.451012134552002,114.6794204711914
267,114.02984642329332,22.20986414052208,0.0,0.0,0.0,0.0,0.0,0.0,3.810572624206543,348.58953857421875
268,114.10125079770728,22.507017884643915,0.0,0.0,0.0,0.0,0.0,0.0,6.360501766204834,49.04556655883789
269,114.10125079770728,22.507017884643915,0.0,0.0,0.0,0.0,0.0,0.0,6.360501766204834,49.04556655883789
270,114.10125079770728,22.507017884643915,0.0,0.0,0.0,0.0,0.0,0.0,6.360501766204834,49.04556655883789
271,114.14036308331129,22.49558998599897,9.293923269870774e-12,5.425065236451532e-13,0.0,112.29170989990234,5.372517722317829e-35,241.093017578125,4.156569480895996,88.30583953857422
272,114.14036308331129,22.49558998599897,9.293923269870774e-12,5.425065236451532e-13,0.0,112.29170989990234,5.372517722317829e-35,241.093017578125,4.156569480895996,88.30583953857422
273,114.11921012654103,22.36926566067607,0.0,0.0,0.0,0.0,0.0,0.0,2.442142963409424,135.4437713623047
274,114.12247290087686,22.368210216590462,0.0,0.0,0.0,0.0,0.0,0.0,3.451012134552002,114.6794204711914
275,114.03966562401692,22.28502582202473,0.0,0.0,0.0,0.0,0.0,0.0,3.4140625,119.0103988647461
276,114.03966562401692,22.28502582202473,0.0,0.0,0.0,0.0,0.0,0.0,3.4140625,119.0103988647461
277,114.03966562401692,22.28502582202473,0.0,0.0,0.0,0.0,0.0,0.0,3.4140625,119.0103988647461
278,114.17527219959888,22.38015770266356,77.81363677978516,92.4089584350586,44.28232955932617,0.0,54.227962493896484,0.0,5.257534027099609,43.15071105957031
279,114.11921012654103,22.36926566067607,0.0,0.0,0.0,0.0,0.0,0.0,2.442142963409424,135.4437713623047
280,114.06935111305803,22.43394370174731,0.0,0.0,3.3395528096363813e-12,0.0,0.0,0.0,4.638676643371582,91.8176040649414
281,114.06935111305803,22.43394370174731,0.0,0.0,3.3395528096363813e-12,0.0,0.0,0.0,4.638676643371582,91.8176040649414
282,113.8635681447995,22.25348163331817,0.0,0.0,0.0,0.0,0.0,0.0,2.9925925731658936,70.0416488647461
283,113.8635681447995,22.25348163331817,0.0,0.0,0.0,0.0,0.0,0.0,2.9925925731658936,70.0416488647461
284,114.13728051730098,22.36515315909387,0.0,0.0,7.385247230529785,0.0,0.0,0.0,3.0674264430999756,125.02798461914062
285,114.13728051730098,22.36515315909387,0.0,0.0,7.385247230529785,0.0,0.0,0.0,3.0674264430999756,125.02798461914062
286,114.0237803980088,22.445375596209963,0.0,0.0,0.0,0.0,0.0,0.0,2.7841172218322754,140.1195831298828
287,114.0237803980088,22.445375596209963,0.0,0.0,0.0,0.0,0.0,0.0,2.7841172218322754,140.1195831298828
288,113.99230574118286,22.267775591420325,0.0,0.0,0.0,0.0,0.0,0.0,2.2203023433685303,38.53662872314453
289,113.99230574118286,22.267775591420325,0.0,0.0,0.0,0.0,0.0,0.0,2.2203023433685303,38.53662872314453
290,114.192838508496,22.385385592010977,1.7184468507766724,0.7894918918609619,89.71477508544922,4.587413518325174e-24,5.773324526781032e-12,0.0,3.9581589698791504,873.460205078125
291,114.13728051730098,22.36515315909387,0.0,0.0,7.385247230529785,0.0,0.0,0.0,3.0674264430999756,125.02798461914062
292,114.11194437396202,22.501297284245965,0.0,0.0,4.237844748516614e-14,0.0,0.0,0.0,6.26171875,75.73760986328125
293,114.11194437396202,22.501297284245965,0.0,0.0,4.237844748516614e-14,0.0,0.0,0.0,6.26171875,75.73760986328125
294,114.12629656015685,22.34634849475264,0.0,0.0,0.00010418971214676276,0.0,0.0,0.0,5.051537036895752,82.01240539550781
295,114.12629656015685,22.34634849475264,0.0,0.0,0.00010418971214676276,0.0,0.0,0.0,5.051537036895752,82.01240539550781
296,114.12629656015685,22.34634849475264,0.0,0.0,0.00010418971214676276,0.0,0.0,0.0,5.051537036895752,82.01240539550781
297,114.192838508496,22.385385592010977,1.7184468507766724,0.7894918918609619,89.71477508544922,4.587413518325174e-24,5.773324526781032e-12,0.0,3.9581589698791504,873.460205078125
298,114.192838508496,22.385385592010977,1.7184468507766724,0.7894918918609619,89.71477508544922,4.587413518325174e-24,5.773324526781032e-12,0.0,3.9581589698791504,873.460205078125
299,114.1302450084403,22.35428753873645,0.0,0.0,25.764163970947266,0.0,1.874741247659406e-12,0.0,3.1361002922058105,57.70927810668945
300,114.1302450084403,22.35428753873645,0.0,0.0,25.764163970947266,0.0,1.874741247659406e-12,0.0,3.1361002922058105,57.70927810668945
301,114.12127155051694,22.36163557507499,0.0,0.0,1.8082658052444458,0.0,0.0,0.0,4.436323165893555,81.90198516845703
302,114.12127155051694,22.36163557507499,0.0,0.0,1.8082658052444458,0.0,0.0,0.0,4.436323165893555,81.90198516845703
303,114.12127155051694,22.36163557507499,0.0,0.0,1.8082658052444458,0.0,0.0,0.0,4.436323165893555,81.90198516845703
304,114.14120850293708,22.495843026273672,0.0,5.497199375391337e-13,0.0,57.41581344604492,2.474817803560952e-39,2.8264476398471086e-14,3.7743468284606934,96.99292755126953
305,114.14120850293708,22.495843026273672,0.0,5.497199375391337e-13,0.0,57.41581344604492,2.474817803560952e-39,2.8264476398471086e-14,3.7743468284606934,96.99292755126953
306,114.19376123923954,22.38728190727008,1.0428757377667353e-05,9.405478132440415e-12,184.2994384765625,5.307007702902349e-24,2.442960330556465e-12,0.0,3.480091094970703,1992.64453125
307,114.19376123923954,22.38728190727008,1.0428757377667353e-05,9.405478132440415e-12,184.2994384765625,5.307007702902349e-24,2.442960330556465e-12,0.0,3.480091094970703,1992.64453125
308,113.96898474162064,22.40297966327904,0.0,0.0,1.1111567221888663e-10,0.0,0.0,0.0,3.647946357727051,82.34571838378906
309,113.96898474162064,22.40297966327904,0.0,0.0,1.1111567221888663e-10,0.0,0.0,0.0,3.647946357727051,82.34571838378906
310,113.96898474162064,22.40297966327904,0.0,0.0,1.1111567221888663e-10,0.0,0.0,0.0,3.647946357727051,82.34571838378906
311,114.19376123923954,22.38728190727008,1.0428757377667353e-05,9.405478132440415e-12,184.2994384765625,5.307007702902349e-24,2.442960330556465e-12,0.0,3.480091094970703,1992.64453125
312,113.96939445566828,22.41483717287685,0.0,0.0,0.0,0.0,0.0,0.0,5.648698806762695,66.05278015136719
313,114.03777596500642,22.282459519964124,0.0,0.0,0.0,0.0,0.0,0.0,3.1134259700775146,123.04449462890625
314,114.03777596500642,22.282459519964124,0.0,0.0,0.0,0.0,0.0,0.0,3.1134259700775146,123.04449462890625
315,113.97857212666813,22.38107474393904,2.061941623687744,6.21901550981567e-14,6.148022195506808e-12,0.0,0.0,0.0,4.184848308563232,111.20455932617188
316,113.96939445566828,22.41483717287685,0.0,0.0,0.0,0.0,0.0,0.0,5.648698806762695,66.05278015136719
317,113.97347273030012,22.388816566716976,7.933887921640626e-12,1.5735482361556308e-10,0.0,0.0,1.0868659444662754e-10,0.0,3.081395387649536,1532.6240234375
318,113.97347273030012,22.388816566716976,7.933887921640626e-12,1.5735482361556308e-10,0.0,0.0,1.0868659444662754e-10,0.0,3.081395387649536,1532.6240234375
319,113.97347273030012,22.388816566716976,7.933887921640626e-12,1.5735482361556308e-10,0.0,0.0,1.0868659444662754e-10,0.0,3.081395387649536,1532.6240234375
320,114.19672339077935,22.39007199999822,7.5528564453125,9.582206726074219,316.9401550292969,3.2901418176657613e-24,1.5649595334898958e-12,0.0,6.299097061157227,1286.75537109375
321,113.97857212666813,22.38107474393904,2.061941623687744,6.21901550981567e-14,6.148022195506808e-12,0.0,0.0,0.0,4.184848308563232,111.20455932617188
322,113.96939445566828,22.41483717287685,0.0,0.0,0.0,0.0,0.0,0.0,5.648698806762695,66.05278015136719
323,114.19393658226544,22.391788116472444,1.92248248570559e-11,3.761674999269715e-12,358.2793884277344,5.307007702902349e-24,1.9813703629190105e-12,0.0,4.686725616455078,385.2447814941406
324,114.19393658226544,22.391788116472444,1.92248248570559e-11,3.761674999269715e-12,358.2793884277344,5.307007702902349e-24,1.9813703629190105e-12,0.0,4.686725616455078,385.2447814941406
325,114.02186646653465,22.445500196188,0.0,0.0,0.0,0.0,0.0,0.0,3.283318519592285,128.84783935546875
326,114.02186646653465,22.445500196188,0.0,0.0,0.0,0.0,0.0,0.0,3.283318519592285,128.84783935546875
327,114.12782527473732,22.360996522800622,0.0,0.0,22.11424446105957,0.0,3.3413056392886387e-13,0.0,3.139254331588745,98.97843933105469
328,114.19672339077935,22.39007199999822,7.5528564453125,9.582206726074219,316.9401550292969,3.2901418176657613e-24,1.5649595334898958e-12,0.0,6.299097061157227,1286.75537109375
329,114.19672339077935,22.39007199999822,7.5528564453125,9.582206726074219,316.9401550292969,3.2901418176657613e-24,1.5649595334898958e-12,0.0,6.299097061157227,1286.75537109375
330,114.12521788861424,22.37568839674064,3.7670037746429443,25.03952407836914,0.0,0.0,15.57374382019043,0.0,5.56142520904541,66.50389099121094
331,114.12521788861424,22.37568839674064,3.7670037746429443,25.03952407836914,0.0,0.0,15.57374382019043,0.0,5.56142520904541,66.50389099121094
332,113.97703625399691,22.38903773925592,3.870427416063915e-12,1.7528560547486194e-10,2.0817431979625045e-12,0.0,1.1096471658200713e-10,0.0,3.237360715866089,570.5634155273438
333,113.97703625399691,22.38903773925592,3.870427416063915e-12,1.7528560547486194e-10,2.0817431979625045e-12,0.0,1.1096471658200713e-10,0.0,3.237360715866089,570.5634155273438
334,114.04485038139536,22.47739800334676,5.509308287354742e-12,0.0,0.0,4.192515085099657e-11,0.0,0.0,7.189533233642578,136.7732696533203
335,114.12782527473732,22.360996522800622,0.0,0.0,22.11424446105957,0.0,3.3413056392886387e-13,0.0,3.139254331588745,98.97843933105469
336,114.12521788861424,22.37568839674064,3.7670037746429443,25.03952407836914,0.0,0.0,15.57374382019043,0.0,5.56142520904541,66.50389099121094
337,114.04485038139536,22.47739800334676,5.509308287354742e-12,0.0,0.0,4.192515085099657e-11,0.0,0.0,7.189533233642578,136.7732696533203
338,114.19288608121738,22.37684270996764,51.55022430419922,33.1319694519043,128.94464111328125,4.600880951699107e-24,25.7998104095459,0.0,4.223029136657715,98.58775329589844
339,114.19288608121738,22.37684270996764,51.55022430419922,33.1319694519043,128.94464111328125,4.600880951699107e-24,25.7998104095459,0.0,4.223029136657715,98.58775329589844
340,114.14959856174174,22.3298462010079,0.0,0.0,2.5420877208803816e-11,8.190538525187918e-11,0.0,0.0,5.1572675704956055,1134.453369140625
341,114.03203843661991,22.444841388849174,0.0,0.0,2.9716420296699297e-12,0.0,2.311446932294625e-13,0.0,3.2664334774017334,133.93377685546875
342,114.04485038139536,22.47739800334676,5.509308287354742e-12,0.0,0.0,4.192515085099657e-11,0.0,0.0,7.189533233642578,136.7732696533203
343,113.9740981293476,22.386117238990515,9.525233032880998e-12,1.3063284828862542e-11,0.0,0.0,3.532986078171041e-13,0.0,4.244560718536377,1230.3363037109375
344,113.9740981293476,22.386117238990515,9.525233032880998e-12,1.3063284828862542e-11,0.0,0.0,3.532986078171041e-13,0.0,4.244560718536377,1230.3363037109375
345,114.17693263809012,22.37752079587072,7.571391582489014,12.742382049560547,9.511117935180664,0.0,129.228271484375,0.0,3.9435782432556152,99.91519165039062
346,114.17693263809012,22.37752079587072,7.571391582489014,12.742382049560547,9.511117935180664,0.0,129.228271484375,0.0,3.9435782432556152,99.91519165039062
347,114.14959856174174,22.3298462010079,0.0,0.0,2.5420877208803816e-11,8.190538525187918e-11,0.0,0.0,5.1572675704956055,1134.453369140625
348,113.96684854829996,22.40272404991388,0.0,0.0,1.1919822073824804e-10,0.0,0.0,0.0,4.127659797668457,51.86827087402344
349,114.03203843661991,22.444841388849174,0.0,0.0,2.9716420296699297e-12,0.0,2.311446932294625e-13,0.0,3.2664334774017334,133.93377685546875
350,114.1221691609352,22.375253930186407,3.7703359127044678,12.5478515625,0.0,0.0,0.04997146129608154,0.0,4.925072193145752,82.63077545166016
351,114.1221691609352,22.375253930186407,3.7703359127044678,12.5478515625,0.0,0.0,0.04997146129608154,0.0,4.925072193145752,82.63077545166016
352,114.1221691609352,22.375253930186407,3.7703359127044678,12.5478515625,0.0,0.0,0.04997146129608154,0.0,4.925072193145752,82.63077545166016
353,113.9749137225794,22.386181472466824,9.480063435651775e-12,1.2636286114697803e-11,0.0,0.0,8.749518985847957e-14,0.0,4.130509853363037,1138.7198486328125
354,114.17693263809012,22.37752079587072,7.571391582489014,12.742382049560547,9.511117935180664,0.0,129.228271484375,0.0,3.9435782432556152,99.91519165039062
355,113.97690283349382,22.387267600702,4.266859435220205e-12,7.694053727469452e-12,1.5441481643688193e-12,0.0,5.6522918290280444e-11,0.0,3.941080093383789,721.349853515625
356,113.97690283349382,22.387267600702,4.266859435220205e-12,7.694053727469452e-12,1.5441481643688193e-12,0.0,5.6522918290280444e-11,0.0,3.941080093383789,721.349853515625
357,113.97690283349382,22.387267600702,4.266859435220205e-12,7.694053727469452e-12,1.5441481643688193e-12,0.0,5.6522918290280444e-11,0.0,3.941080093383789,721.349853515625
358,113.96466661543307,22.3750066819079,103.0627670288086,109.49701690673828,0.0,0.0,38.72616958618164,0.0,3.7820513248443604,695.2747802734375
359,113.96466661543307,22.3750066819079,103.0627670288086,109.49701690673828,0.0,0.0,38.72616958618164,0.0,3.7820513248443604,695.2747802734375
360,113.9749137225794,22.386181472466824,9.480063435651775e-12,1.2636286114697803e-11,0.0,0.0,8.749518985847957e-14,0.0,4.130509853363037,1138.7198486328125
361,114.12526873466936,22.500895732941512,0.0,2.524336295550711e-11,0.0,0.0,0.0,0.0,5.2256178855896,70.9668197631836
362,114.12526873466936,22.500895732941512,0.0,2.524336295550711e-11,0.0,0.0,0.0,0.0,5.2256178855896,70.9668197631836
363,114.12526873466936,22.500895732941512,0.0,2.524336295550711e-11,0.0,0.0,0.0,0.0,5.2256178855896,70.9668197631836
364,113.9648620549052,22.37418516360565,109.2693862915039,118.43836212158203,0.0,0.0,57.12368392944336,0.0,3.496410369873047,864.6582641601562
365,113.9648620549052,22.37418516360565,109.2693862915039,118.43836212158203,0.0,0.0,57.12368392944336,0.0,3.496410369873047,864.6582641601562
366,113.96466661543307,22.3750066819079,103.0627670288086,109.49701690673828,0.0,0.0,38.72616958618164,0.0,3.7820513248443604,695.2747802734375
367,114.19207020973305,22.374675461237068,87.36683654785156,68.83232116699219,62.71016311645508,3.0767515901446304e-24,17.74260902404785,0.0,4.982051372528076,69.59872436523438
368,114.19207020973305,22.374675461237068,87.36683654785156,68.83232116699219,62.71016311645508,3.0767515901446304e-24,17.74260902404785,0.0,4.982051372528076,69.59872436523438
369,114.16859690228635,22.454857674970977,112.32608032226562,77.71038818359375,1.2583323272252755e-10,2.6740022956300846e-12,129.65509033203125,919.2176513671875,3.4192256927490234,295.4594421386719
370,114.16859690228635,22.454857674970977,112.32608032226562,77.71038818359375,1.2583323272252755e-10,2.6740022956300846e-12,129.65509033203125,919.2176513671875,3.4192256927490234,295.4594421386719
371,114.16859690228635,22.454857674970977,112.32608032226562,77.71038818359375,1.2583323272252755e-10,2.6740022956300846e-12,129.65509033203125,919.2176513671875,3.4192256927490234,295.4594421386719
372,113.9648620549052,22.37418516360565,109.2693862915039,118.43836212158203,0.0,0.0,57.12368392944336,0.0,3.496410369873047,864.6582641601562
373,114.18040863301326,22.37035051251021,1.0011762252570833e-11,4.0647530914067476e-13,0.0,0.0,1.679478084382069e-11,0.0,5.205105781555176,83.81210327148438
374,114.18040863301326,22.37035051251021,1.0011762252570833e-11,4.0647530914067476e-13,0.0,0.0,1.679478084382069e-11,0.0,5.205105781555176,83.81210327148438
375,114.18040863301326,22.37035051251021,1.0011762252570833e-11,4.0647530914067476e-13,0.0,0.0,1.679478084382069e-11,0.0,5.205105781555176,83.81210327148438
376,114.12637700003536,22.49993886252076,0.0,2.9523411493315166e-11,0.0,0.0,0.0,0.0,5.094400882720947,75.10081481933594
377,114.17606805712424,22.448708149073408,19.237369537353516,57.300045013427734,0.0,0.0,120.07718658447266,0.0,4.278500556945801,1299.1998291015625
378,114.17606805712424,22.448708149073408,19.237369537353516,57.300045013427734,0.0,0.0,120.07718658447266,0.0,4.278500556945801,1299.1998291015625
379,114.17606805712424,22.448708149073408,19.237369537353516,57.300045013427734,0.0,0.0,120.07718658447266,0.0,4.278500556945801,1299.1998291015625
380,113.96441947932644,22.397085869671024,8.204387690058379e-12,0.0,0.0,0.0,0.0,0.0,4.448979377746582,53.0283203125
381,113.96441947932644,22.397085869671024,8.204387690058379e-12,0.0,0.0,0.0,0.0,0.0,4.448979377746582,53.0283203125
382,114.12637700003536,22.49993886252076,0.0,2.9523411493315166e-11,0.0,0.0,0.0,0.0,5.094400882720947,75.10081481933594
383,113.961509529342,22.375923621465887,41.130767822265625,32.63786697387695,0.0,0.0,108.155029296875,0.0,4.406862735748291,264.41485595703125
384,113.961509529342,22.375923621465887,41.130767822265625,32.63786697387695,0.0,0.0,108.155029296875,0.0,4.406862735748291,264.41485595703125
385,113.961509529342,22.375923621465887,41.130767822265625,32.63786697387695,0.0,0.0,108.155029296875,0.0,4.406862735748291,264.41485595703125
386,113.9608134887825,22.373935986862666,1.3223674599771584e-08,3.591644763946533,0.0,0.0,33.163150787353516,0.0,4.239795684814453,233.63583374023438
387,113.9608134887825,22.373935986862666,1.3223674599771584e-08,3.591644763946533,0.0,0.0,33.163150787353516,0.0,4.239795684814453,233.63583374023438
388,113.96441947932644,22.397085869671024,8.204387690058379e-12,0.0,0.0,0.0,0.0,0.0,4.448979377746582,53.0283203125
389,114.17831132910604,22.36537471735002,0.0,1.6759385546016858e-11,0.0,0.0,0.0,0.0,4.977491855621338,63.8803825378418
390,114.17831132910604,22.36537471735002,0.0,1.6759385546016858e-11,0.0,0.0,0.0,0.0,4.977491855621338,63.8803825378418
391,114.17768993850692,22.36458003397173,0.0,1.727390799843853e-11,0.0,0.0,0.0,0.0,5.35215950012207,63.583656311035156
392,114.17768993850692,22.36458003397173,0.0,1.727390799843853e-11,0.0,0.0,0.0,0.0,5.35215950012207,63.583656311035156
393,114.17831132910604,22.36537471735002,0.0,1.6759385546016858e-11,0.0,0.0,0.0,0.0,4.977491855621338,63.8803825378418
394,114.29456223171444,22.392360247008867,5.216432320820363e-12,0.0,0.0,0.0,0.0,0.0,9.0,23.853872299194336
395,114.20263598338266,22.382891901982653,14.943889617919922,7.375397167996844e-12,40.47096252441406,0.0,3.4361406948957285e-12,0.0,5.013311386108398,1486.8807373046875
396,114.20263598338266,22.382891901982653,14.943889617919922,7.375397167996844e-12,40.47096252441406,0.0,3.4361406948957285e-12,0.0,5.013311386108398,1486.8807373046875
397,113.96684854829996,22.40272404991388,0.0,0.0,1.1919822073824804e-10,0.0,0.0,0.0,4.127659797668457,51.86827087402344
398,114.17768993850692,22.36458003397173,0.0,1.727390799843853e-11,0.0,0.0,0.0,0.0,5.35215950012207,63.583656311035156
399,114.17699088585738,22.36665706108307,0.0,1.1234375409119313e-11,0.0,0.0,0.0,0.0,4.35083532333374,77.235107421875
400,114.17699088585738,22.36665706108307,0.0,1.1234375409119313e-11,0.0,0.0,0.0,0.0,4.35083532333374,77.235107421875
401,114.14205493251605,22.492068504497304,0.0,0.0,0.0,0.0,0.0,0.0,4.099750518798828,72.96080780029297
402,114.14205493251605,22.492068504497304,0.0,0.0,0.0,0.0,0.0,0.0,4.099750518798828,72.96080780029297
403,114.12861295011152,22.357339387436056,0.0,0.0,17.64126968383789,0.0,1.2551190555626368e-12,0.0,3.4516890048980713,103.74601745605469
404,114.14205493251605,22.492068504497304,0.0,0.0,0.0,0.0,0.0,0.0,4.099750518798828,72.96080780029297
405,114.14205493251605,22.492068504497304,0.0,0.0,0.0,0.0,0.0,0.0,4.099750518798828,72.96080780029297
406,114.14205493251605,22.492068504497304,0.0,0.0,0.0,0.0,0.0,0.0,4.099750518798828,72.96080780029297
407,114.1230847386144,22.367822107803285,0.0,0.0,1.4421437379281487e-25,0.0,0.0,0.0,3.5044405460357666,102.37509155273438
408,114.11958711001417,22.37338371765347,3.9005409145642655e-12,0.007277169730514288,0.0,0.0,0.0,0.0,4.079087257385254,86.01665496826172
409,114.11958711001417,22.37338371765347,3.9005409145642655e-12,0.007277169730514288,0.0,0.0,0.0,0.0,4.079087257385254,86.01665496826172
410,114.12861295011152,22.357339387436056,0.0,0.0,17.64126968383789,0.0,1.2551190555626368e-12,0.0,3.4516890048980713,103.74601745605469
411,114.12861295011152,22.357339387436056,0.0,0.0,17.64126968383789,0.0,1.2551190555626368e-12,0.0,3.4516890048980713,103.74601745605469
412,114.1230847386144,22.367822107803285,0.0,0.0,1.4421437379281487e-25,0.0,0.0,0.0,3.5044405460357666,102.37509155273438
413,114.12431603424326,22.50163591706882,0.0,1.488661971471572e-11,0.0,0.0,0.0,0.0,5.167366981506348,66.57395935058594
414,114.12431603424326,22.50163591706882,0.0,1.488661971471572e-11,0.0,0.0,0.0,0.0,5.167366981506348,66.57395935058594
415,114.10252027640166,22.34976191354108,3.724473714828491,0.0,1.4916761402472556e-12,0.0,0.0,0.0,3.9729981422424316,1719.0938720703125
416,114.02607705323716,22.44168431013179,0.0,0.0,9.704841097413208e-13,0.0,0.0,0.0,2.69677996635437,141.3760528564453
417,114.02607705323716,22.44168431013179,0.0,0.0,9.704841097413208e-13,0.0,0.0,0.0,2.69677996635437,141.3760528564453
418,114.12431603424326,22.50163591706882,0.0,1.488661971471572e-11,0.0,0.0,0.0,0.0,5.167366981506348,66.57395935058594
419,114.1755440876482,22.37982357555557,78.48516082763672,93.68883514404297,44.238765716552734,0.0,82.67692565917969,0.0,5.051020622253418,48.65888214111328
420,114.1755440876482,22.37982357555557,78.48516082763672,93.68883514404297,44.238765716552734,0.0,82.67692565917969,0.0,5.051020622253418,48.65888214111328
421,114.10252027640166,22.34976191354108,3.724473714828491,0.0,1.4916761402472556e-12,0.0,0.0,0.0,3.9729981422424316,1719.0938720703125
422,114.13718425938298,22.362209178336546,0.0,0.0,3.688826084136963,0.0,0.0,0.0,3.8116438388824463,75.31806945800781
423,114.13718425938298,22.362209178336546,0.0,0.0,3.688826084136963,0.0,0.0,0.0,3.8116438388824463,75.31806945800781
424,114.13718425938298,22.362209178336546,0.0,0.0,3.688826084136963,0.0,0.0,0.0,3.8116438388824463,75.31806945800781
425,113.96602793917448,22.373708070585632,73.6715087890625,101.78998565673828,0.0,0.0,9.994736671447754,0.0,3.4371256828308105,1116.296630859375
426,113.96602793917448,22.373708070585632,73.6715087890625,101.78998565673828,0.0,0.0,9.994736671447754,0.0,3.4371256828308105,1116.296630859375
427,114.17571826987763,22.45483982069468,58.904876708984375,88.24671173095703,0.0,1.889879962593821e-12,195.73448181152344,0.0,3.853196620941162,1142.944091796875
428,114.17571826987763,22.45483982069468,58.904876708984375,88.24671173095703,0.0,1.889879962593821e-12,195.73448181152344,0.0,3.853196620941162,1142.944091796875
429,114.17571826987763,22.45483982069468,58.904876708984375,88.24671173095703,0.0,1.889879962593821e-12,195.73448181152344,0.0,3.853196620941162,1142.944091796875
430,113.9664633563946,22.40054720857388,0.0,0.0,1.2894788015138658e-10,0.0,0.0,0.0,3.9973440170288086,59.86492156982422
431,113.9664633563946,22.40054720857388,0.0,0.0,1.2894788015138658e-10,0.0,0.0,0.0,3.9973440170288086,59.86492156982422
432,113.9664633563946,22.40054720857388,0.0,0.0,1.2894788015138658e-10,0.0,0.0,0.0,3.9973440170288086,59.86492156982422
433,114.17517428492856,22.44849141151086,15.543127059936523,65.66604614257812,0.0,0.0,161.18992614746094,5.058501360843959e-13,4.072819232940674,1481.1748046875
434,114.17517428492856,22.44849141151086,15.543127059936523,65.66604614257812,0.0,0.0,161.18992614746094,5.058501360843959e-13,4.072819232940674,1481.1748046875
435,114.17517428492856,22.44849141151086,15.543127059936523,65.66604614257812,0.0,0.0,161.18992614746094,5.058501360843959e-13,4.072819232940674,1481.1748046875
436,114.09932674373242,22.34900185025214,8.822436596382655e-13,0.0,3.2395911375715514e-07,0.0,0.0,0.0,4.735955238342285,1560.6126708984375
437,114.09932674373242,22.34900185025214,8.822436596382655e-13,0.0,3.2395911375715514e-07,0.0,0.0,0.0,4.735955238342285,1560.6126708984375
438,114.09932674373242,22.34900185025214,8.822436596382655e-13,0.0,3.2395911375715514e-07,0.0,0.0,0.0,4.735955238342285,1560.6126708984375
439,114.16241161723136,22.32767147662338,3.7752883434295654,0.0,0.0,0.0,0.0,0.0,2.4272854328155518,173.09730529785156
440,114.13171114552188,22.50400412003416,8.011842727661133,6.339289665222168,0.0,0.0,0.0,0.0,3.0898618698120117,84.68913269042969
441,114.13171114552188,22.50400412003416,8.011842727661133,6.339289665222168,0.0,0.0,0.0,0.0,3.0898618698120117,84.68913269042969
442,114.17393249700216,22.36559143114437,0.0,1.6255151738531204e-11,2.0814870660412765e-10,0.0,0.0,0.0,4.900565147399902,59.70106506347656
443,114.17393249700216,22.36559143114437,0.0,1.6255151738531204e-11,2.0814870660412765e-10,0.0,0.0,0.0,4.900565147399902,59.70106506347656
444,114.16241161723136,22.32767147662338,3.7752883434295654,0.0,0.0,0.0,0.0,0.0,2.4272854328155518,173.09730529785156
445,114.22804131713735,22.41764425860121,0.0,1.4603275186320097e-12,0.1673777997493744,0.0,62.147884368896484,0.0,4.356311321258545,1692.70947265625
446,114.22804131713735,22.41764425860121,0.0,1.4603275186320097e-12,0.1673777997493744,0.0,62.147884368896484,0.0,4.356311321258545,1692.70947265625
447,114.13171114552188,22.50400412003416,8.011842727661133,6.339289665222168,0.0,0.0,0.0,0.0,3.0898618698120117,84.68913269042969
448,114.15014139156206,22.28268845517731,5.528312807534519e-10,9.931735930520039e-17,3.03079818186891e-11,57.38637924194336,13.917635917663574,0.0,3.1344211101531982,156.2855682373047
449,114.02691222162586,22.441937940054,0.0,0.0,6.084544760392996e-12,0.0,0.0,0.0,2.634946584701538,151.25230407714844
450,114.02691222162586,22.441937940054,0.0,0.0,6.084544760392996e-12,0.0,0.0,0.0,2.634946584701538,151.25230407714844
451,114.02691222162586,22.441937940054,0.0,0.0,6.084544760392996e-12,0.0,0.0,0.0,2.634946584701538,151.25230407714844
452,114.22804131713735,22.41764425860121,0.0,1.4603275186320097e-12,0.1673777997493744,0.0,62.147884368896484,0.0,4.356311321258545,1692.70947265625
453,114.18733232398084,22.3812771548946,82.40485382080078,54.704463958740234,44.224117279052734,0.0,0.4684368669986725,0.0,3.9015932083129883,573.9053344726562
454,114.18733232398084,22.3812771548946,82.40485382080078,54.704463958740234,44.224117279052734,0.0,0.4684368669986725,0.0,3.9015932083129883,573.9053344726562
455,114.12680102110232,22.50992660089105,0.0,2.9564559134165336e-11,0.0,0.0,0.0,0.0,4.154047012329102,104.47911071777344
456,113.96126890720345,22.406048943745738,0.0,0.0,0.0,0.0,0.0,0.0,6.878419399261475,48.629512786865234
457,114.0777791578366,22.425361122149265,0.0,0.0,0.0,0.0,0.0,0.0,6.830663681030273,93.94297790527344
458,114.12680102110232,22.50992660089105,0.0,2.9564559134165336e-11,0.0,0.0,0.0,0.0,4.154047012329102,104.47911071777344
459,114.0242324427298,22.44953002134871,0.0,0.0,0.0,0.0,0.0,0.0,3.780381917953491,98.6101303100586
460,114.0242324427298,22.44953002134871,0.0,0.0,0.0,0.0,0.0,0.0,3.780381917953491,98.6101303100586
461,114.18714781582368,22.381096556245936,82.60511016845703,51.33540725708008,44.20958709716797,0.0,10.140303611755371,0.0,3.7544684410095215,555.9776611328125
462,113.96126890720345,22.406048943745738,0.0,0.0,0.0,0.0,0.0,0.0,6.878419399261475,48.629512786865234
463,113.96126890720345,22.406048943745738,0.0,0.0,0.0,0.0,0.0,0.0,6.878419399261475,48.629512786865234
464,114.0242324427298,22.44953002134871,0.0,0.0,0.0,0.0,0.0,0.0,3.780381917953491,98.6101303100586
465,114.10314562059024,22.36056273599484,5.689467126590575e-12,0.0,3.6744754314422607,0.0,0.0,0.0,4.550571441650391,2336.77294921875
466,114.10314562059024,22.36056273599484,5.689467126590575e-12,0.0,3.6744754314422607,0.0,0.0,0.0,4.550571441650391,2336.77294921875
467,114.10327151263688,22.361176870151954,5.568973233949226e-12,0.0,3.682922601699829,0.0,0.0,0.0,4.6959333419799805,2831.22314453125
468,114.18714781582368,22.381096556245936,82.60511016845703,51.33540725708008,44.20958709716797,0.0,10.140303611755371,0.0,3.7544684410095215,555.9776611328125
469,114.18714781582368,22.381096556245936,82.60511016845703,51.33540725708008,44.20958709716797,0.0,10.140303611755371,0.0,3.7544684410095215,555.9776611328125
470,114.10314562059024,22.36056273599484,5.689467126590575e-12,0.0,3.6744754314422607,0.0,0.0,0.0,4.550571441650391,2336.77294921875
471,114.24807899258,22.322662547076185,0.0,2.0831402025578427e-07,0.0,0.0,0.0,0.0,5.262518882751465,49.67967224121094
472,114.24807899258,22.322662547076185,0.0,2.0831402025578427e-07,0.0,0.0,0.0,0.0,5.262518882751465,49.67967224121094
473,114.12447283669762,22.368716585965664,0.0,0.0,3.6889803409576416,0.0,0.0,0.0,3.3941547870635986,92.94973754882812
474,114.10327151263688,22.361176870151954,5.568973233949226e-12,0.0,3.682922601699829,0.0,0.0,0.0,4.6959333419799805,2831.22314453125
475,114.10327151263688,22.361176870151954,5.568973233949226e-12,0.0,3.682922601699829,0.0,0.0,0.0,4.6959333419799805,2831.22314453125
476,114.24807899258,22.322662547076185,0.0,2.0831402025578427e-07,0.0,0.0,0.0,0.0,5.262518882751465,49.67967224121094
477,114.1201612144199,22.370340630155084,0.0,0.0,0.0,0.0,0.0,0.0,2.8510637283325195,115.7929916381836
478,114.1201612144199,22.370340630155084,0.0,0.0,0.0,0.0,0.0,0.0,2.8510637283325195,115.7929916381836
479,114.0227271321055,22.44906803934064,0.0,0.0,0.0,0.0,0.0,0.0,3.78680682182312,96.02715301513672
480,114.12447283669762,22.368716585965664,0.0,0.0,3.6889803409576416,0.0,0.0,0.0,3.3941547870635986,92.94973754882812
481,114.1201612144199,22.370340630155084,0.0,0.0,0.0,0.0,0.0,0.0,2.8510637283325195,115.7929916381836
482,114.25543839129794,22.326424898936885,30.281864166259766,18.742155075073242,0.0,0.0,8.703768607858935e-25,0.0,5.293888092041016,1279.8681640625
483,114.13472470852469,22.50157576161241,38.25840377807617,33.06593704223633,0.0,0.0,1.9826348674174905e-37,0.0,3.7912697792053223,60.98617935180664
484,114.0227271321055,22.44906803934064,0.0,0.0,0.0,0.0,0.0,0.0,3.78680682182312,96.02715301513672
485,114.25543839129794,22.326424898936885,30.281864166259766,18.742155075073242,0.0,0.0,8.703768607858935e-25,0.0,5.293888092041016,1279.8681640625
486,114.25543839129794,22.326424898936885,30.281864166259766,18.742155075073242,0.0,0.0,8.703768607858935e-25,0.0,5.293888092041016,1279.8681640625
487,114.21409378937402,22.381291266253346,33.9107780456543,7.118151756912994e-07,3.493520403519135e-11,0.0,0.0,0.0,4.014329433441162,58.614322662353516
488,114.21409378937402,22.381291266253346,33.9107780456543,7.118151756912994e-07,3.493520403519135e-11,0.0,0.0,0.0,4.014329433441162,58.614322662353516
489,114.13472470852469,22.50157576161241,38.25840377807617,33.06593704223633,0.0,0.0,1.9826348674174905e-37,0.0,3.7912697792053223,60.98617935180664
490,114.10932541014547,22.37036356491689,3.7648794651031494,3.6299455165863037,10.894576072692871,0.0,7.775820255279541,0.0,4.702724456787109,2829.52294921875
491,114.10932541014547,22.37036356491689,3.7648794651031494,3.6299455165863037,10.894576072692871,0.0,7.775820255279541,0.0,4.702724456787109,2829.52294921875
492,114.21409378937402,22.381291266253346,33.9107780456543,7.118151756912994e-07,3.493520403519135e-11,0.0,0.0,0.0,4.014329433441162,58.614322662353516
493,114.12678610685526,22.49735629794299,0.0848858430981636,2.1609885692596436,0.0,0.0,0.0,0.0,5.33563232421875,70.29512023925781
494,114.12678610685526,22.49735629794299,0.0848858430981636,2.1609885692596436,0.0,0.0,0.0,0.0,5.33563232421875,70.29512023925781
495,114.16287491928269,22.451154798558136,110.43553161621094,60.078857421875,3.6780905723571777,0.0,23.243301391601562,0.0,3.280480146408081,339.872314453125
496,114.16287491928269,22.451154798558136,110.43553161621094,60.078857421875,3.6780905723571777,0.0,23.243301391601562,0.0,3.280480146408081,339.872314453125
497,114.16287491928269,22.451154798558136,110.43553161621094,60.078857421875,3.6780905723571777,0.0,23.243301391601562,0.0,3.280480146408081,339.872314453125
498,114.15904711164907,22.45156982255195,71.22659301757812,28.449989318847656,3.6765544414520264,0.0,32.741451263427734,0.0,3.384000062942505,82.71600341796875
499,114.15904711164907,22.45156982255195,71.22659301757812,28.449989318847656,3.6765544414520264,0.0,32.741451263427734,0.0,3.384000062942505,82.71600341796875
500,113.96992217756495,22.40608734299924,0.0,0.0,0.0,0.0,0.0,0.0,3.0480480194091797,79.02337646484375
501,114.10453285244292,22.362748752594776,1.1361167562284891e-10,0.0,18.201467514038086,0.0,0.0,0.0,4.3913044929504395,3338.939697265625
502,114.14087087251043,22.33520866328044,0.0,0.0,0.0,0.0,0.0,0.0,4.019608020782471,95.09547424316406
503,114.10453284778134,22.362757783133592,1.1483133888212649e-10,0.0,18.225378036499023,0.0,0.0,0.0,4.402684688568115,3346.572021484375
504,113.97075765514364,22.4059168316032,0.0,0.0,0.0,0.0,0.0,0.0,3.2638132572174072,75.23896789550781
505,114.21654045566662,22.38017089921249,5.27959512046372e-13,0.0,2.5533200553873314e-11,0.0,0.0,0.0,3.9923954010009766,38.09284973144531
506,113.96992217756495,22.40608734299924,0.0,0.0,0.0,0.0,0.0,0.0,3.0480480194091797,79.02337646484375
507,113.96992217756495,22.40608734299924,0.0,0.0,0.0,0.0,0.0,0.0,3.0480480194091797,79.02337646484375
508,113.97075765514364,22.4059168316032,0.0,0.0,0.0,0.0,0.0,0.0,3.2638132572174072,75.23896789550781
509,113.97075765514364,22.4059168316032,0.0,0.0,0.0,0.0,0.0,0.0,3.2638132572174072,75.23896789550781
510,114.14002570265497,22.485168824551504,1.7436014437821612e-11,0.0,0.0,0.0,0.0,0.0,3.740368604660034,75.21546936035156
511,114.26033761500554,22.32216904481273,0.0,0.0,5.739782564170848e-14,0.0,46.562965393066406,0.0,3.7661447525024414,771.3671875
512,114.21654045566662,22.38017089921249,5.27959512046372e-13,0.0,2.5533200553873314e-11,0.0,0.0,0.0,3.9923954010009766,38.09284973144531
513,114.21654045566662,22.38017089921249,5.27959512046372e-13,0.0,2.5533200553873314e-11,0.0,0.0,0.0,3.9923954010009766,38.09284973144531
514,114.14002570265497,22.485168824551504,1.7436014437821612e-11,0.0,0.0,0.0,0.0,0.0,3.740368604660034,75.21546936035156
515,114.14002570265497,22.485168824551504,1.7436014437821612e-11,0.0,0.0,0.0,0.0,0.0,3.740368604660034,75.21546936035156
516,114.16048724858702,22.265486448561447,4.468416522213081e-12,0.0,59.14383316040039,0.0,0.0,0.0,4.745357990264893,23.66928482055664
517,113.96660886690832,22.40711253964492,0.0,0.0,0.0,0.0,0.0,0.0,4.478504657745361,81.1759262084961
518,114.14225147758424,22.48327293146297,0.0,0.0,0.0,0.0,0.0,0.0,3.807201862335205,54.0177116394043
519,114.16241161723136,22.32767147662338,3.7752883434295654,0.0,0.0,0.0,0.0,0.0,2.4272854328155518,173.09730529785156
520,114.26033761500554,22.32216904481273,0.0,0.0,5.739782564170848e-14,0.0,46.562965393066406,0.0,3.7661447525024414,771.3671875
521,114.26033761500554,22.32216904481273,0.0,0.0,5.739782564170848e-14,0.0,46.562965393066406,0.0,3.7661447525024414,771.3671875
522,113.96660886690832,22.40711253964492,0.0,0.0,0.0,0.0,0.0,0.0,4.478504657745361,81.1759262084961
523,113.96660886690832,22.40711253964492,0.0,0.0,0.0,0.0,0.0,0.0,4.478504657745361,81.1759262084961
524,114.26745695521662,22.314462130048227,0.0,0.0,2.1341369155821605e-13,0.0,0.0,0.0,3.9312288761138916,966.6118774414062
525,114.14225147758424,22.48327293146297,0.0,0.0,0.0,0.0,0.0,0.0,3.807201862335205,54.0177116394043
526,114.26745695521662,22.314462130048227,0.0,0.0,2.1341369155821605e-13,0.0,0.0,0.0,3.9312288761138916,966.6118774414062
527,114.26745695521662,22.314462130048227,0.0,0.0,2.1341369155821605e-13,0.0,0.0,0.0,3.9312288761138916,966.6118774414062
528,114.17034556360092,22.45712439587415,105.94112396240234,84.76358032226562,4.42078484930164e-10,401.5726623535156,290.9864501953125,921.3321533203125,3.2892508506774902,134.47264099121094
529,113.96577605028196,22.40551306414128,0.0,0.0,0.0,0.0,0.0,0.0,4.857303142547607,59.171852111816406
530,114.1416101826635,22.48307412355345,0.0,0.0,0.0,0.0,0.0,0.0,3.590588331222534,53.14336395263672
531,114.1416101826635,22.48307412355345,0.0,0.0,0.0,0.0,0.0,0.0,3.590588331222534,53.14336395263672
532,114.17034556360092,22.45712439587415,105.94112396240234,84.76358032226562,4.42078484930164e-10,401.5726623535156,290.9864501953125,921.3321533203125,3.2892508506774902,134.47264099121094
533,114.17034556360092,22.45712439587415,105.94112396240234,84.76358032226562,4.42078484930164e-10,401.5726623535156,290.9864501953125,921.3321533203125,3.2892508506774902,134.47264099121094
534,113.97056361975235,22.39919792229184,0.0,0.0,6.687873171928871e-11,0.0,0.0,0.0,2.708373546600342,139.5919952392578
535,114.20781412635692,22.394260413928645,0.0,2.7054836778013513e-13,63.705360412597656,0.0,0.0,0.0,5.577235698699951,515.1763916015625
536,113.96577605028196,22.40551306414128,0.0,0.0,0.0,0.0,0.0,0.0,4.857303142547607,59.171852111816406
537,113.96577605028196,22.40551306414128,0.0,0.0,0.0,0.0,0.0,0.0,4.857303142547607,59.171852111816406
538,113.97056361975235,22.39919792229184,0.0,0.0,6.687873171928871e-11,0.0,0.0,0.0,2.708373546600342,139.5919952392578
539,113.97056361975235,22.39919792229184,0.0,0.0,6.687873171928871e-11,0.0,0.0,0.0,2.708373546600342,139.5919952392578
540,114.23567746967991,22.422174959110528,12.141357421875,17.628427505493164,7.358596324920654,0.0,1.9275779724121094,0.0,4.701643466949463,71.8827896118164
541,114.17124902202347,22.45926464399191,109.8619155883789,128.43417358398438,4.708344270021314e-10,400.5193176269531,239.1495361328125,919.51904296875,2.6635873317718506,61.12760543823242
542,114.20781412635692,22.394260413928645,0.0,2.7054836778013513e-13,63.705360412597656,0.0,0.0,0.0,5.577235698699951,515.1763916015625
543,114.20781412635692,22.394260413928645,0.0,2.7054836778013513e-13,63.705360412597656,0.0,0.0,0.0,5.577235698699951,515.1763916015625
544,114.23567746967991,22.422174959110528,12.141357421875,17.628427505493164,7.358596324920654,0.0,1.9275779724121094,0.0,4.701643466949463,71.8827896118164
545,114.23567746967991,22.422174959110528,12.141357421875,17.628427505493164,7.358596324920654,0.0,1.9275779724121094,0.0,4.701643466949463,71.8827896118164
546,114.17124902202347,22.45926464399191,109.8619155883789,128.43417358398438,4.708344270021314e-10,400.5193176269531,239.1495361328125,919.51904296875,2.6635873317718506,61.12760543823242
547,114.17124902202347,22.45926464399191,109.8619155883789,128.43417358398438,4.708344270021314e-10,400.5193176269531,239.1495361328125,919.51904296875,2.6635873317718506,61.12760543823242
548,114.17043296643152,22.45792810859575,113.72454071044922,98.72527313232422,4.5100378986973055e-10,401.3088073730469,248.4027557373047,921.0294799804688,3.0890743732452393,90.269775390625
549,114.17043296643152,22.45792810859575,113.72454071044922,98.72527313232422,4.5100378986973055e-10,401.3088073730469,248.4027557373047,921.0294799804688,3.0890743732452393,90.269775390625
550,114.25962877832544,22.32168175676104,0.0,0.0,0.0,0.0,46.59357452392578,0.0,3.8290677070617676,943.7963256835938
551,114.25962877832544,22.32168175676104,0.0,0.0,0.0,0.0,46.59357452392578,0.0,3.8290677070617676,943.7963256835938
552,114.00389933439104,22.449265694506057,0.0,1.9831256862362645e-12,6.817910728060248e-32,0.0,0.0,0.0,5.208939552307129,107.88610076904297
553,114.00389933439104,22.449265694506057,0.0,1.9831256862362645e-12,6.817910728060248e-32,0.0,0.0,0.0,5.208939552307129,107.88610076904297
554,114.00389933439104,22.449265694506057,0.0,1.9831256862362645e-12,6.817910728060248e-32,0.0,0.0,0.0,5.208939552307129,107.88610076904297
555,114.25962877832544,22.32168175676104,0.0,0.0,0.0,0.0,46.59357452392578,0.0,3.8290677070617676,943.7963256835938
556,114.0049370405332,22.45072070057919,0.0,1.390859432834346e-12,2.669842157684149e-13,0.0,0.0,0.0,4.777336120605469,92.26325225830078
557,114.0049370405332,22.45072070057919,0.0,1.390859432834346e-12,2.669842157684149e-13,0.0,0.0,0.0,4.777336120605469,92.26325225830078
558,114.10404090985992,22.356562609331668,4.7698238588023134e-12,0.0,3.6869122982025146,0.0,0.0,0.0,3.7018072605133057,2052.417236328125
559,114.10404090985992,22.356562609331668,4.7698238588023134e-12,0.0,3.6869122982025146,0.0,0.0,0.0,3.7018072605133057,2052.417236328125
560,114.0049370405332,22.45072070057919,0.0,1.390859432834346e-12,2.669842157684149e-13,0.0,0.0,0.0,4.777336120605469,92.26325225830078
561,113.99608851439304,22.456761409855343,5.806466418789569e-12,0.0,0.0,0.0,0.0,0.0,5.86081075668335,73.83244323730469
562,114.00326487370756,22.45166710477528,0.0,1.9534508559349018e-12,20.413057327270508,0.0,0.0,0.0,4.747826099395752,86.56684112548828
563,114.13218300604844,22.36582912395045,0.0,0.0,6.589295341186338e-28,0.0,1.6420847971307384e-12,0.0,2.731966495513916,113.91102600097656
564,114.13218300604844,22.36582912395045,0.0,0.0,6.589295341186338e-28,0.0,1.6420847971307384e-12,0.0,2.731966495513916,113.91102600097656
565,113.99608851439304,22.456761409855343,5.806466418789569e-12,0.0,0.0,0.0,0.0,0.0,5.86081075668335,73.83244323730469
566,113.99608851439304,22.456761409855343,5.806466418789569e-12,0.0,0.0,0.0,0.0,0.0,5.86081075668335,73.83244323730469
567,113.99764140858908,22.457991277449967,3.360536024801797e-12,0.0,0.0,0.0,0.0,0.0,4.735596656799316,88.83174133300781
568,114.1225999757402,22.36600680785321,0.0,0.0,0.0,0.0,0.0,0.0,3.8021621704101562,74.77357482910156
569,114.00326487370756,22.45166710477528,0.0,1.9534508559349018e-12,20.413057327270508,0.0,0.0,0.0,4.747826099395752,86.56684112548828
570,113.99764140858908,22.457991277449967,3.360536024801797e-12,0.0,0.0,0.0,0.0,0.0,4.735596656799316,88.83174133300781
571,113.99764140858908,22.457991277449967,3.360536024801797e-12,0.0,0.0,0.0,0.0,0.0,4.735596656799316,88.83174133300781
572,113.97691691875374,22.38420628515316,4.796994398925669e-12,5.020049913956326e-12,1.6530589831004194e-12,0.0,0.0,0.0,4.282836437225342,255.62020874023438
573,114.1225999757402,22.36600680785321,0.0,0.0,0.0,0.0,0.0,0.0,3.8021621704101562,74.77357482910156
574,114.1225999757402,22.36600680785321,0.0,0.0,0.0,0.0,0.0,0.0,3.8021621704101562,74.77357482910156
575,114.0042154894269,22.45285110894437,7.599539487285201e-13,1.4562148145311204e-12,19.56655502319336,0.0,0.0,0.0,4.2195844650268555,79.30682373046875
576,114.02318805148076,22.44514927272013,0.0,0.0,0.0,0.0,0.0,0.0,2.766942262649536,139.81576538085938
577,113.97691691875374,22.38420628515316,4.796994398925669e-12,5.020049913956326e-12,1.6530589831004194e-12,0.0,0.0,0.0,4.282836437225342,255.62020874023438
578,113.97691691875374,22.38420628515316,4.796994398925669e-12,5.020049913956326e-12,1.6530589831004194e-12,0.0,0.0,0.0,4.282836437225342,255.62020874023438
579,114.0042154894269,22.45285110894437,7.599539487285201e-13,1.4562148145311204e-12,19.56655502319336,0.0,0.0,0.0,4.2195844650268555,79.30682373046875
580,113.99908404109216,22.454281374349325,4.845451297141867e-12,0.0,40.24849319458008,0.0,0.0,0.0,4.450937271118164,55.70856857299805
581,113.99908404109216,22.454281374349325,4.845451297141867e-12,0.0,40.24849319458008,0.0,0.0,0.0,4.450937271118164,55.70856857299805
582,114.02318805148076,22.44514927272013,0.0,0.0,0.0,0.0,0.0,0.0,2.766942262649536,139.81576538085938
583,114.1658096340512,22.44166401963321,73.8308334350586,158.1892852783203,179.28195190429688,94.09925842285156,272.4707336425781,920.1226806640625,5.117379665374756,58.484954833984375
584,114.1658096340512,22.44166401963321,73.8308334350586,158.1892852783203,179.28195190429688,94.09925842285156,272.4707336425781,920.1226806640625,5.117379665374756,58.484954833984375
585,114.1658096340512,22.44166401963321,73.8308334350586,158.1892852783203,179.28195190429688,94.09925842285156,272.4707336425781,920.1226806640625,5.117379665374756,58.484954833984375
586,114.24185647557512,22.425351317591,0.82184898853302,5.645611874408852e-26,0.1095426082611084,0.0,1.3510937160732261e-12,0.0,4.8015265464782715,59.70540237426758
587,114.24185647557512,22.425351317591,0.82184898853302,5.645611874408852e-26,0.1095426082611084,0.0,1.3510937160732261e-12,0.0,4.8015265464782715,59.70540237426758
588,113.99908404109216,22.454281374349325,4.845451297141867e-12,0.0,40.24849319458008,0.0,0.0,0.0,4.450937271118164,55.70856857299805
589,114.26583801821349,22.31746118283214,0.0,0.0,1.5142081382160666e-12,0.0,0.0,0.0,4.411020755767822,2312.74560546875
590,114.26583801821349,22.31746118283214,0.0,0.0,1.5142081382160666e-12,0.0,0.0,0.0,4.411020755767822,2312.74560546875
591,114.24185647557512,22.425351317591,0.82184898853302,5.645611874408852e-26,0.1095426082611084,0.0,1.3510937160732261e-12,0.0,4.8015265464782715,59.70540237426758
592,114.10564210099469,22.377071669669533,7.843344688415527,48.886009216308594,0.08718171715736389,5.390678788769199e-12,25.712533950805664,0.0,3.8811562061309814,153.8905487060547
593,114.10564210099469,22.377071669669533,7.843344688415527,48.886009216308594,0.08718171715736389,5.390678788769199e-12,25.712533950805664,0.0,3.8811562061309814,153.8905487060547
594,114.26474117531448,22.317326322345533,0.0,0.0,2.0253499398437125e-12,0.0,0.0,0.0,4.232558250427246,2010.46923828125
595,114.20704395034409,22.335372387154177,23.297391891479492,3.1956450939178467,25.822856903076172,0.0,0.0,0.0,5.25,112.47474670410156
596,114.26635297397485,22.31831880526764,0.0,0.0,9.108393293072448e-13,0.0,0.0,0.0,4.724611282348633,2138.17236328125
597,114.26635297397485,22.31831880526764,0.0,0.0,9.108393293072448e-13,0.0,0.0,0.0,4.724611282348633,2138.17236328125
598,114.26635297397485,22.31831880526764,0.0,0.0,9.108393293072448e-13,0.0,0.0,0.0,4.724611282348633,2138.17236328125
599,114.18119383880332,22.329758124151645,0.0,0.0,2.5569970877000477e-17,0.0,0.0,0.0,2.1758241653442383,125.20515441894531
600,114.19529802206776,22.332565641581045,7.550577163696289,15.74055290222168,7.388767242431641,7.267008747001307e-24,4.021524595537035e-13,0.0,3.635930061340332,109.00956726074219
601,114.16897615990976,22.27542079405733,5.260772928394886e-10,3.2656238824202433e-10,22.058618545532227,0.0,1.6450393824918308e-10,0.0,3.902414560317993,90.62252807617188
602,114.1382916584062,22.25398667104387,7.550577163696289,38.849605560302734,0.0,0.0,100.13262176513672,0.0,3.5632529258728027,70.10144805908203
603,114.16857502510906,22.33184403699001,4.907541595322584e-10,3.3926514375615113e-10,1.1105510261399942e-10,0.0,1.6755734300044622e-10,0.0,3.3421502113342285,100.43590545654297
604,114.18311596966116,22.334381718172416,0.0,0.0,2.3553843337548175e-12,0.0,0.0,0.0,3.7037036418914795,62.38364028930664
605,114.19974598913544,22.286671539716533,0.0,1.6109913967068956e-12,0.0,0.0,0.0,0.0,3.767441749572754,74.07231140136719
606,114.19474464922476,22.33193356309364,7.550576686859131,12.234136581420898,15.323091506958008,7.534355285502518e-24,3.940686752607059e-12,0.0,3.631260871887207,90.8916015625
607,114.1765250405746,22.27546613676575,0.0,0.0,0.0,0.0,0.0,0.0,3.1434459686279297,127.56707763671875
608,114.19439902741696,22.28492026403607,0.0,5.753813495535526e-15,6.694362425507805e-11,1.2867760246445826e-22,0.0,0.0,3.0675106048583984,94.96249389648438
609,114.19602940632598,22.286211459714664,0.0,0.08641671389341354,5.7020672905583325e-11,6.4879916425860955e-24,0.0,0.0,4.222748756408691,100.66749572753906
610,114.14462956121749,22.28391562177092,0.0,0.0,0.0,0.0,0.0,0.0,3.2284793853759766,143.38516235351562
611,114.21964853382784,22.31930413803551,0.0,6.56812928698236e-13,0.0,0.0,0.0,0.0,3.835705041885376,106.00531005859375
612,114.17805868897496,22.34227455658802,0.0,0.0,117.72920227050781,0.0,0.0,0.0,4.2582011222839355,85.40255737304688
613,114.1558613845154,22.251334870803227,51.402992248535156,35.51498794555664,0.0,0.0,0.0,0.0,3.035653591156006,71.83468627929688
614,114.1940788367576,22.285146064185213,0.0,4.932096544507658e-07,6.717218448137885e-11,1.2902534497325416e-22,0.0,0.0,2.96484375,104.94773864746094
615,114.15390690657152,22.3385704053934,0.0,0.0,2.0269510028758653e-11,4.694209604361177e-11,0.0,0.0,3.007633686065674,125.88590240478516
616,114.16413046276088,22.31896613174008,1.943180372165898e-08,6.342366546232062e-14,0.0,0.0,1.39650400618474e-11,0.0,2.6563119888305664,633.193359375
617,114.18263000274048,22.31946320804884,13.492242813110352,9.213289260864258,0.0,0.0,2.7353473452193478e-21,0.0,3.327913284301758,85.92665100097656
618,114.23865436297196,22.300803333708654,9.647384887484511e-13,1.487404763158423e-14,0.0,0.0,0.0,0.0,3.349339723587036,87.88526916503906
619,114.2380321188284,22.298175661212326,7.50742892331735e-13,0.0,2.4105584195410756e-10,0.0,0.0,0.0,2.994100332260132,116.48103332519531
620,114.19559948755992,22.3366925807693,7.570466041564941,18.720190048217773,44.367645263671875,7.017252228964714e-24,0.0,0.0,2.633260726928711,118.8211669921875
621,114.15818761934185,22.34010615170708,0.0,0.0,0.0,0.0,0.0,0.0,3.462606906890869,110.00669860839844
622,114.18310560633088,22.3197070163836,14.99133586883545,9.404701232910156,0.0,0.0,1.949234808658509e-34,0.0,3.2828145027160645,86.93079376220703
623,114.19739669978972,22.34614736910687,0.028442513197660446,1.2181522440057078e-17,14.747589111328125,0.0,0.0,0.0,2.9744346141815186,117.22709655761719
624,114.23735732535958,22.30866948176192,1.9540779042613587e-13,4.0770997146964694e-13,0.0,0.0,0.0,0.0,3.232954502105713,101.14300537109375
625,114.20436718705632,22.34753704099628,3.11827022536626e-11,4.090421676635742,0.0,0.0,7.760490894317627,0.0,3.139056921005249,75.9720458984375
626,114.16266418422688,22.32572089229322,7.553057670593262,0.0,0.0,0.0,0.0,0.0,2.3234519958496094,401.5521240234375
627,114.215245439533,22.33176745015817,3.7715392112731934,27.560352325439453,3.195305347442627,0.0,11.984623908996582,0.0,3.6451897621154785,100.48072052001953
628,114.18518399261316,22.341615114376943,0.0,0.0,3.8024673461914062,0.0,0.0,0.0,2.5161869525909424,81.42517852783203
629,114.205667796873,22.346317688656704,2.5213725566864014,3.13181209564209,0.0,0.0,1.860869578182328e-16,0.0,4.692701816558838,55.52945327758789
630,114.20461944067873,22.346769400065096,3.064073647585097e-11,3.1338703632354736,0.0,0.0,0.004405378829687834,0.0,3.401360511779785,71.01446533203125
631,114.18341618657314,22.31946317802124,14.826000213623047,9.382320404052734,0.0,0.0,3.0369154949375535e-24,0.0,3.5435357093811035,85.74406433105469
632,114.18540681848393,22.33430936851697,0.0,0.0,24.80779457092285,0.0,0.0,0.0,3.8579161167144775,53.099857330322266
633,114.1727003949882,22.332954955973182,0.0,0.0,4.589397195609024e-10,0.0,0.0,0.0,2.602349042892456,133.9140167236328
634,114.22842241877656,22.318479799759498,2.3214750434485953e-12,0.0,1.725539329477943e-11,0.0,0.0,0.0,3.475766658782959,106.36209106445312
635,114.23731070009715,22.267977500436363,1.6439720949574382e-13,0.0,0.0,0.0,0.0,0.0,3.3037099838256836,255.00352478027344
636,114.18523250471198,22.341190675078725,0.0,0.0,3.8928940296173096,0.0,0.0,0.0,2.460247278213501,82.4677963256836
637,114.1304258838065,22.365106186475227,0.0,0.0,0.0,0.0,1.890617436911546e-12,0.0,3.136765956878662,97.37871551513672
638,114.16899203821664,22.33865311258837,4.468502234900029e-10,3.4248345825993454e-10,2.8473134960904645e-10,0.0,1.4851797569548353e-10,0.0,3.627802610397339,75.23787689208984
639,114.17296301131768,22.313728836223085,33.95822525024414,14.095603942871094,4.3102407754069816e-10,0.0,0.0,0.0,3.380044937133789,90.26791381835938
640,114.16855544522171,22.33466157663544,4.903517036858318e-10,3.384502678116519e-10,1.0579660064680141e-10,0.0,1.664489518438117e-10,0.0,3.356271743774414,111.70463562011719
641,114.20564850373904,22.34691370928376,8.988955232780427e-05,4.7927727699279785,0.0,0.0,0.017201203852891922,0.0,4.591087818145752,55.753807067871094
642,114.1824165924604,22.32250652527976,11.331230163574219,3.140444040298462,0.0,0.0,0.0,0.0,4.183162689208984,96.65666198730469
643,114.18061116346432,22.31958066542029,14.1397123336792,3.149369478225708,0.0,0.0,0.0,0.0,2.9147541522979736,105.93177795410156
644,114.16635859791414,22.2454388563002,29.92070770263672,13.45263671875,0.0,0.0,1.854125047939803e-10,0.0,4.73896598815918,78.931884765625
645,114.215553196622,22.21563329797065,4.386542407283886e-19,0.0,0.0,0.0,0.0,0.0,5.139465808868408,46.89335250854492
646,114.235123943553,22.305825659267978,0.0,4.041569325301947e-13,0.0,0.0,0.0,0.0,4.484141826629639,61.406227111816406
647,114.18032957698324,22.31504731215991,11.48474407196045,8.219405174255371,0.0,0.0,7.757914066314697,0.0,3.4842562675476074,104.6331787109375
648,114.17987331505566,22.3106403877166,6.921842873180983e-12,11.770776748657227,0.0,0.0,7.765589237213135,921.635009765625,3.584774971008301,55.93590545654297
649,114.233050571243,22.314577044202103,3.799999811343602e-12,2.3003947786362153e-14,0.0,0.0,0.0,0.0,3.3933253288269043,71.02300262451172
650,114.13433383134738,22.252775575236083,41.718711853027344,49.334571838378906,0.0,0.0,48.270904541015625,0.0,4.096065044403076,85.01515197753906
651,114.2304500311661,22.31606797329092,5.5886740547850255e-12,0.0,2.0427682982659956e-12,0.0,0.0,0.0,3.2019801139831543,90.71469116210938
652,114.01954041060344,22.44064860437512,1.80136040497025e-14,0.0,0.0,0.0,0.0,0.0,2.9435582160949707,75.47081756591797
653,114.25155164903714,22.263844567188904,0.0,0.0,0.0,0.0,0.0,0.0,3.665926694869995,233.66409301757812
654,114.17975591178102,22.26556851970904,0.0,0.0,3.6926236152648926,0.0,0.0,0.0,7.914383411407471,38.78740692138672
655,114.2273025359356,22.415955790534223,0.0,3.75667552621195e-11,3.676884651184082,0.0,2.268202543258667,0.0,4.3950300216674805,1346.038818359375
656,114.1054942328771,22.36236989634369,3.7110953330993652,0.0,24.011642456054688,0.0,0.0,0.0,4.3987135887146,2634.33740234375
657,114.13852851429866,22.48769698962874,3.4091639233846394e-11,0.0,0.0,0.0,0.0,0.0,3.4989516735076904,39.150177001953125
658,114.23408505203672,22.42346688936244,9.115253448486328,15.540749549865723,2.771763138298411e-05,0.0,7.770705223083496,0.0,4.037418365478516,541.740234375
659,114.1529758106357,22.27669255280544,15.08283805847168,3.014500141143799,3.0498121389443966e-11,0.0,7.762861728668213,0.0,4.340326309204102,72.81847381591797
660,114.22522126849768,22.547845587070896,0.0,0.0,0.0,0.0,0.0,0.0,5.583333492279053,572.275146484375
661,114.19819304329728,22.28435087919464,0.0,6.407232600383339e-13,0.0,0.0,0.0,0.0,5.460176944732666,54.46156692504883
662,114.18324818534828,22.253792437723515,0.0,0.0,0.0,0.0,0.0,0.0,4.149819374084473,5.014585494995117
663,114.21695396165096,22.33219147341768,6.457707090422315e-13,2.6702442482928745e-05,2.1669065972673707e-05,0.0,2.1223758427807438e-12,0.0,3.9532887935638428,75.431396484375
664,114.14943311767,22.332049634841795,0.0,0.0,2.3361496764850997e-11,7.688322894994215e-11,0.0,0.0,3.8809962272644043,2235.32177734375
665,114.15282215244662,22.267372903169647,5.065100248946575e-12,0.0,3.250314947744748e-11,0.0,15.531190872192383,0.0,6.439024448394775,53.65871810913086
666,114.12525741652108,22.26816118826948,3.7572433948516846,8.00390569793974e-14,0.0,0.0,0.0,0.0,4.194782733917236,91.55803680419922
667,114.22568652066188,22.32183099661217,0.0,2.234255803371804e-13,1.4751705065818577e-11,0.0,0.0,0.0,3.7784810066223145,48.833866119384766
668,114.22825970504128,22.3247199888727,1.7985725755953474e-12,0.0,1.7601409912915145e-11,0.0,0.0032894518226385117,0.0,3.2244668006896973,75.52616882324219
669,114.18182448729532,22.32172088314441,15.087055206298828,6.267505168914795,0.0,0.0,0.0,0.0,3.6772429943084717,106.40119934082031
670,114.18295039909056,22.32173890573685,15.116046905517578,6.269798278808594,0.0,0.0,0.0,0.0,3.295212745666504,98.5992202758789
671,114.22801503105649,22.31919334569301,9.255853462147856e-13,0.0,1.8001813581469683e-11,0.0,0.0,0.0,3.6208677291870117,94.92849731445312
672,114.23276893883444,22.314152703524783,4.40966881065652e-12,4.391867525579442e-15,0.0,0.0,0.0,0.0,3.2668187618255615,72.86978149414062
673,114.22641847961216,22.33314609521056,42.39726257324219,37.94682312011719,1.2740386870491172e-11,0.0,37.36528778076172,0.0,4.0925374031066895,62.63829803466797
674,114.26236285233516,22.3325983074554,18.882644653320312,0.9260237812995911,1.7143669296670883e-12,0.0,0.0,0.0,5.925632953643799,397.1361999511719
675,114.2390234828582,22.27964444237767,7.539597988128662,0.0,0.0,0.0,0.0,0.0,5.293181896209717,2195.77978515625
676,114.12564382515984,22.27280306247909,0.0,0.0,0.0,0.0,0.0,0.0,4.257731914520264,465.896240234375
677,114.25116333985667,22.263420304727035,0.0,0.0,0.0,0.0,0.0,0.0,3.297008514404297,231.8566436767578
678,114.1456673771356,22.285992869545264,0.0,0.0,0.0,0.0,2.3124254247552933e-13,0.0,2.507936477661133,161.19886779785156
679,114.16370283215844,22.32505271624975,11.303226470947266,0.0,0.0,0.0,2.24658020051699e-13,0.0,2.351827621459961,300.3321533203125
680,114.26236285233516,22.3325983074554,18.882644653320312,0.9260237812995911,1.7143669296670883e-12,0.0,0.0,0.0,5.925632953643799,397.1361999511719
681,114.16999636069028,22.44579116980656,188.2164764404297,239.2835235595703,0.000563504989258945,3.882064583460835e-34,251.44711303710938,1846.3009033203125,4.394632816314697,659.3671264648438
682,114.13535354676831,22.380549735989973,23.719614028930664,50.05815887451172,14.878849983215332,742.746826171875,52.3369140625,920.1227416992188,4.8318586349487305,51.900001525878906
683,114.11711321225611,22.368515366105072,3.975156575436456e-12,1.2540461019876908e-13,0.0,0.0,0.0,0.0,2.411261558532715,170.71084594726562
684,114.11123485187971,22.5014324526924,0.0,0.0,3.330671106754543e-14,0.0,0.0,0.0,6.3588762283325195,73.08226776123047
685,114.12976510448486,22.366767615137107,0.0,0.0,8.363551793430168e-40,0.0,1.786694815535117e-12,0.0,2.962897539138794,84.08892059326172
686,113.98460650347369,22.42029231408371,0.0,0.0,0.0,0.0,0.0,0.0,5.747326374053955,97.34971618652344
687,113.97444143731994,22.39716193755952,7.496228464354271e-12,0.0,0.0,0.0,0.0,0.0,3.3333332538604736,135.43714904785156
688,114.12603346141351,22.375842173820875,1.319675959621236e-07,21.09564781188965,0.0,0.0,23.300321578979492,0.0,5.515032768249512,53.47502517700195
689,114.25728267840982,22.3434556513008,0.0,0.0,0.0,0.0,0.0,0.0,4.7357001304626465,10.373394966125488
690,114.12986371430787,22.36224334222755,0.0,0.0,11.047441482543945,0.0,1.7922952618570909e-12,0.0,3.334179401397705,93.10675048828125
691,114.1288726611348,22.36441038205182,0.0,0.0,5.313451513206647e-25,0.0,1.4290147841086731e-12,0.0,3.459803819656372,89.74224090576172
692,113.86637515734554,22.251969883483746,0.0,0.0,0.0,0.0,0.0,0.0,2.491769552230835,29.583782196044922
693,114.1408811060792,22.370996757511342,1.1821572408818444e-29,0.0,1.622084411234681e-12,0.0,0.0,0.0,2.6993987560272217,81.7814712524414
694,114.19384773154955,22.37984977779627,108.3250732421875,78.3454818725586,30.545440673828125,5.2088722230014976e-24,1.1331660747528076,0.0,4.755786895751953,63.900390625
695,114.12136956906484,22.35928766682052,0.0,0.0,3.653763771057129,0.0,0.0,0.0,4.179540634155273,87.01525115966797
696,113.97233920364592,22.387018072774787,5.849436283111572,1.0489630865306854e-11,0.0,0.0,3.446464641454483e-11,0.0,4.325657844543457,1379.991455078125
697,113.97260047989344,22.387641505797472,4.014222554360458e-08,2.7140836453276584e-11,0.0,0.0,7.834301957165835e-11,0.0,4.081291675567627,1543.01318359375
698,114.18651599600526,22.37164162919281,0.0005684848292730749,6.467086315155029,3.5894439220428467,0.0,46.662322998046875,0.0,3.7297980785369873,70.15711212158203
699,114.1918858391508,22.3757501118351,83.69255065917969,56.49129104614258,110.25071716308594,2.7103481822052692e-24,54.0638427734375,0.0,4.508492469787598,76.46973419189453
700,114.20432589407278,22.384453904025857,1.0441696986218663e-11,7.623495584807571e-12,105.07881164550781,0.0,3.057493928176891e-12,0.0,4.079928874969482,2269.5498046875
701,113.96535574863998,22.375179163217748,105.57918548583984,104.60347747802734,0.0,0.0,22.923818588256836,0.0,3.491279125213623,778.3785400390625
702,114.10533979608174,22.379609113542617,65.69841003417969,103.30722045898438,0.0,1.0879039856470651e-11,57.91775894165039,0.0,4.363919258117676,48.30268859863281
703,113.97790224306748,22.387819692112625,9.545554451040328e-13,3.5171806439526776e-11,5.045392489216871e-12,0.0,8.576495763579217e-11,0.0,3.7714948654174805,383.7668151855469
704,114.03538322235414,22.44193655387747,0.03237845003604889,0.0,0.0,0.0,1.0685737234297776e-12,0.0,3.684931516647339,112.99787139892578
705,114.0343153349478,22.44124930140016,2.227759384656466e-16,0.0,0.0,0.0,1.0615810530981151e-12,0.0,3.360701084136963,121.92778778076172
706,114.17803958259891,22.37811680636315,21.381309509277344,44.16733169555664,25.74359703063965,0.0,121.76356506347656,0.0,4.230000019073486,90.7979507446289
707,113.978095801741,22.388280484453308,4.912597021886067e-13,9.507751530524189e-11,5.457889782484182e-12,0.0,9.924076144196547e-11,0.0,3.7269139289855957,350.5856018066406
708,114.13372167829424,22.35081173763997,0.0,0.0,29.881685256958008,0.0,2.8607631129447253e-13,0.0,3.4967234134674072,15.354255676269531
709,114.12960381326135,22.49915419682733,3.6785364151000977,0.004311072640120983,0.0,0.0,0.0,0.0,4.825669288635254,52.87553024291992
710,114.1881294718636,22.39251106734168,5.263045641662467e-12,1.2225237098692499e-12,146.4499053955078,0.0,1.3274387014941547e-12,0.0,3.572139263153076,44.7187385559082
711,114.1881294718636,22.39251106734168,5.263045641662467e-12,1.2225237098692499e-12,146.4499053955078,0.0,1.3274387014941547e-12,0.0,3.572139263153076,44.7187385559082
712,114.10588439667758,22.37796579803181,28.046127319335938,88.36036682128906,1.7273157127096187e-23,9.396199963929153e-12,45.663368225097656,0.0,3.8399999141693115,107.3466567993164
713,114.12348051153629,22.373881727260976,3.7777700424194336,12.510814666748047,0.0,0.0,7.747091293334961,0.0,4.177919864654541,82.69515991210938
714,114.20236441443772,22.38465289693549,8.92938761126727e-12,6.7800166522746785e-12,62.4603157043457,0.0,3.6299296901631806e-12,0.0,5.376657962799072,2298.67041015625
715,114.16675093790796,22.45546260982853,71.55888366699219,21.721172332763672,0.0,5.936362078989843e-12,26.99073600769043,0.13962000608444214,3.211332321166992,189.9145965576172
716,113.97799958514544,22.414965385781137,0.0,0.0,0.0,0.0,0.0,0.0,5.554474830627441,91.24103546142578
717,114.19828541801505,22.380797455587324,58.65306091308594,67.99606323242188,198.22645568847656,0.0,3.4777608310526675e-12,0.0,4.664804458618164,53.31132888793945
718,114.14321122856616,22.492655725979493,0.0,0.0,0.0,0.0,0.0,0.0,3.4939074516296387,88.82400512695312
719,113.96487904031576,22.375792612666057,75.48082733154297,96.8635025024414,0.0,0.0,30.81742286682129,0.0,4.1146745681762695,559.8988037109375
720,114.12894287100832,22.49940685266778,0.22895459830760956,2.041392228868677e-11,0.0,0.0,0.0,0.0,4.697333335876465,63.8814582824707
721,114.1016158854021,22.35263321203183,5.719678636967318e-12,0.0,1.1051019040836385e-12,0.0,0.0,0.0,2.741424798965454,1469.6353759765625
722,114.17561212100678,22.372689456352816,7.245657632909408e-12,2.550574627340747e-29,0.0,0.0,0.6084689497947693,0.0,4.718222141265869,86.50566101074219
723,113.96687841577528,22.40223644397231,0.0,0.0,1.3015541422412014e-10,0.0,0.0,0.0,4.068493366241455,54.76506042480469
724,114.12065514105144,22.37347439723808,3.6821889877319336,7.036113262176514,0.0,0.0,5.024700816015637e-13,0.0,4.00632905960083,86.1715087890625
725,114.03483968240133,22.441475524385293,3.1906841968520894e-07,0.0,0.0,0.0,1.078924709990714e-12,0.0,3.4611504077911377,120.00566864013672
726,114.1036369534698,22.349283802582374,7.529092311859131,0.0,1.3757395830177321e-12,0.0,0.0,0.0,4.098021507263184,1707.7484130859375
727,114.17569951415985,22.371921861454624,9.282555626932698e-12,1.8906028771402063e-20,0.0,0.0,1.2261911104538559e-11,0.0,4.993231773376465,85.20743560791016
728,114.0220761414559,22.449148690296067,0.0,0.0,0.0,0.0,0.0,0.0,3.9625136852264404,88.45226287841797
729,114.17496161029608,22.36996222802655,9.607522243049171e-12,3.130784034729004,0.0,0.0,1.666814256062743e-11,0.0,5.443643093109131,68.16388702392578
730,114.09787942131226,22.350473131595905,0.0,0.0,1.5908432340547285e-12,0.0,0.0,0.0,3.7338309288024902,1160.3135986328125
731,114.18844030216188,22.393441188137,1.6441685252860383e-12,1.2688281415124125e-12,212.8990478515625,0.0,2.9306721979760475e-12,0.0,3.4033148288726807,39.16837692260742
732,114.25423478202184,22.32640741696296,28.701047897338867,18.83416748046875,0.0,0.0,6.344808603495587e-37,0.0,4.908440589904785,1185.6553955078125
733,113.96443986211202,22.396453764011547,1.1537919925030948e-10,0.0,0.0,0.0,0.0,0.0,3.8168556690216064,55.153167724609375
734,113.96477984898046,22.377174147074548,81.0911865234375,48.46812438964844,0.0,0.0,9.992749214172363,0.0,4.560085773468018,347.0216064453125
735,113.9662411747797,22.399761269279605,0.0,0.0,1.0612138251486769e-10,0.0,0.0,0.0,3.948557138442993,61.664188385009766
736,114.23007095035912,22.4167586153376,0.0,1.8424865799726575e-11,2.8483788661048948e-09,0.0,17.261276245117188,0.0,5.997971534729004,1132.2764892578125
737,113.97123283426204,22.406396050833525,0.0,0.0,0.0,0.0,0.0,0.0,3.4722890853881836,74.09664916992188
738,114.09999954517797,22.36132886969032,3.194248468160743e-12,0.0,2.1251049457279384e-22,0.0,0.0,0.0,5.392000198364258,1560.140380859375
739,114.13272284863054,22.50101534167446,28.056812286376953,25.17616081237793,0.0,0.0,0.0,0.0,3.2807137966156006,48.887474060058594
740,114.02193050766556,22.4490672767566,0.0,0.0,0.0,0.0,0.0,0.0,3.97458553314209,88.34881591796875
741,114.18723457049148,22.37251754659121,46.85645294189453,27.556623458862305,7.2996110916137695,0.0,69.861083984375,0.0,3.935377836227417,68.88370513916016
742,114.17655379536444,22.453069857155096,35.39272689819336,81.69422149658203,0.0,0.0,140.3103485107422,0.0,3.2756597995758057,968.5111083984375
743,113.96282975840604,22.407857107938376,0.0,0.0,0.0,0.0,0.0,0.0,6.600566387176514,54.204383850097656
744,114.19803469427929,22.39229333997066,3.2578253746032715,3.334307763225297e-08,336.03790283203125,0.0,3.3092677903523438e-12,0.0,6.857745170593262,258.0344543457031
745,113.99964439917356,22.433800988140653,0.0,0.0,0.0,0.0,0.0,0.0,5.789934158325195,101.88520050048828
746,114.1714821396548,22.460790795920964,159.51419067382812,150.95803833007812,4.725668745209077e-10,18.335357666015625,58.57764434814453,3.246976852416992,3.214559316635132,51.730918884277344
747,114.1631758842826,22.453231827020847,81.28144836425781,16.928592681884766,3.6805050373077393,0.0,2.324620485305786,0.0,3.6454100608825684,82.48709106445312
748,114.17760256660512,22.36639517361067,0.0,1.3151782614351237e-11,0.0,0.0,0.0,0.0,4.551299571990967,76.05416107177734
749,114.17810744397728,22.366151345779297,0.0,1.4419644298047096e-11,0.0,0.0,0.0,0.0,4.644322872161865,72.13330841064453
750,114.22243315984846,22.40574375258807,0.0,0.0,215.9842071533203,0.0,0.0,0.0,5.200850009918213,544.6138916015625
751,114.2292766776034,22.422538382590474,7.540670871734619,34.813270568847656,0.0,0.0,2.28053322753885e-11,0.0,3.9878957271575928,2419.310302734375
752,114.131121430029,22.49447689012582,49.65443801879883,34.34846496582031,0.0,0.0,29.995351791381836,0.0,5.559581279754639,54.88581466674805
753,114.22998557710436,22.42212274897228,7.543145179748535,26.097869873046875,0.0,0.0,5.537092919588593e-12,0.0,3.926483631134033,2028.27587890625
754,114.17607773518156,22.455462923391387,94.4574966430664,87.08154296875,0.0,5.936362078989843e-12,198.3850860595703,0.0,3.914285659790039,953.610107421875
755,114.16528491152276,22.4433797698368,75.09811401367188,109.04346466064453,8.049443244934082,113.3508071899414,219.50791931152344,0.06643659621477127,3.6398892402648926,91.74540710449219
756,113.99787513806196,22.45755807724837,4.678929552831557e-12,0.0,0.0,0.0,0.0,0.0,4.425703048706055,82.01628875732422
757,114.14136341661644,22.49810968971044,0.5517484545707703,3.2078411650073024e-13,0.0,96.52819061279297,37.036285400390625,1.9937286760681674e-35,3.9146430492401123,102.03850555419922
758,114.25339549014905,22.318090646008628,0.0,0.0,0.0,0.0,0.0,0.0,5.099999904632568,29.61111068725586
759,114.17665094418706,22.455769960139943,98.13247680664062,93.34500122070312,0.0,7.69525762556178e-12,190.3312225341797,0.0,4.076666831970215,778.3740234375
760,114.00677416351452,22.457883766220405,3.768892316291517e-12,0.0,0.0,0.0,0.0,0.0,3.7401092052459717,46.00815200805664
761,114.16955936750556,22.442531156204303,216.1510772705078,295.1546325683594,636.9195556640625,0.0,291.933837890625,829.59619140625,4.956389427185059,62.98897933959961
762,113.96614943770454,22.38974636264409,0.0,1.9077600610373224e-10,0.0,0.0,1.1297442842339578e-10,0.0,5.174882411956787,189.76231384277344
763,114.14029220699484,22.283463171980703,0.0,0.0,0.0,0.0,0.0,0.0,3.3080031871795654,143.53053283691406
764,114.14029220699484,22.283463171980703,0.0,0.0,0.0,0.0,0.0,0.0,3.3080031871795654,143.53053283691406
765,114.14029220699484,22.283463171980703,0.0,0.0,0.0,0.0,0.0,0.0,3.3080031871795654,143.53053283691406
766,114.18622207106849,22.33228647363297,0.0,0.0,22.092708587646484,0.0,5.4217711505123436e-30,0.0,2.8696186542510986,77.22273254394531
767,113.96806165837016,22.40329453988566,0.0,0.0,9.701930231420519e-11,0.0,0.0,0.0,3.6769790649414062,67.97064208984375
768,114.17885452463456,22.32955046682856,0.0,0.0,0.0,0.0,0.0,0.0,1.9430969953536987,122.72750091552734
769,114.16328542208782,22.32543196659605,7.620067119598389,0.0,0.0,0.0,0.0,0.0,2.370441436767578,342.28759765625
770,114.15351859302494,22.280232642197035,7.541447162628174,9.736833572387695,2.5732353747809356e-11,8.05762586175101e-32,7.765595436096191,0.0,3.213500738143921,162.4362030029297
771,114.22679832060996,22.41831290342506,0.0,1.5568775923405914e-13,1.3208904803274635e-10,0.0,85.11378479003906,0.0,3.9023337364196777,2162.033935546875
772,114.22893080085804,22.27604477009706,3.9484171140968805e-12,0.0,1.2079690546451527e-11,0.0,0.0,0.0,3.6992480754852295,66.22410583496094
773,114.02885700140573,22.43099483834957,0.0,0.0,1.1404184888097468e-11,0.0,0.0,0.0,4.723484992980957,110.46630859375
774,114.17284673367116,22.30705521674009,52.17843246459961,23.066326141357422,4.447146262354096e-10,4.7491163779334045e-11,80.46237182617188,0.0,3.073608636856079,132.30523681640625
775,114.15351891778845,22.278272993721952,15.121018409729004,3.1423757076263428,2.5743974660374924e-11,0.0,7.773261547088623,0.0,3.9057116508483887,103.55845642089844
776,114.2105762688433,22.330982829105714,59.14094161987305,45.938289642333984,48.99659729003906,0.0,3.2421365858681384e-07,0.0,3.509528636932373,305.1387634277344
777,114.20076493835242,22.287023587235847,3.045845043195272e-12,1.837318708633462e-12,4.919050783360437e-18,0.0,0.0,0.0,3.617177963256836,69.07962036132812
778,114.2334855170138,22.261937373609715,2.7383171685019247e-12,0.0,1.9454362166354544e-12,0.0,0.0,0.0,3.2017993927001953,58.91651916503906
779,114.19039421582885,22.313610917245096,4.175299862796411e-12,2.7460553362473883e-12,0.0,0.0,0.0,0.0,2.7670979499816895,608.7634887695312
780,114.17190520986289,22.31069452514827,88.79885864257812,15.960601806640625,5.094253907600432e-10,0.0,38.78972625732422,0.0,3.156444549560547,102.24370574951172
781,114.15930957486978,22.450341710374456,11.010160446166992,33.11402130126953,0.601131021976471,0.0,46.731727600097656,0.0,3.3019168376922607,93.55046081542969
782,114.18712087789577,22.27864459655397,0.0,0.0,0.0,0.0,0.0,0.0,2.838120222091675,132.92416381835938
783,114.1795533911012,22.32883704049241,0.0,0.0,0.0,0.0,0.0,0.0,2.0986175537109375,123.16696166992188
784,114.1795533911012,22.32883704049241,0.0,0.0,0.0,0.0,0.0,0.0,2.0986175537109375,123.16696166992188
785,114.1876969130045,22.32452910947256,11.32629680633545,9.407793998718262,0.0,0.0,0.0,0.0,3.1753554344177246,120.01732635498047
786,114.17829097958452,22.27593572388013,0.0,0.0,0.0,0.0,0.0,0.0,3.1845688819885254,123.4205322265625
787,114.17584546239634,22.32872869335411,0.0,0.0,0.0,0.0,0.0,0.0,1.883891224861145,113.59475708007812
788,114.22702472372892,22.31835381014537,0.0,0.0,1.829412489551263e-11,0.0,0.0,0.0,3.506863832473755,100.35797882080078
789,114.13821519020394,22.285178511310743,0.0,4.589430398216354e-12,0.0,0.0,0.0,0.0,2.823685884475708,170.74185180664062
790,114.13821519020394,22.285178511310743,0.0,4.589430398216354e-12,0.0,0.0,0.0,0.0,2.823685884475708,170.74185180664062
791,114.17861171926026,22.31863248726419,3.108070135116577,3.384489533783521e-34,0.0,0.0,0.0,0.0,2.6032888889312744,106.87088775634766
792,114.18926117070475,22.341903831114784,0.0,0.0,16.94194221496582,0.0,0.0,0.0,2.4415273666381836,74.80606842041016
793,114.17143105873754,22.27393083792304,0.0,1.7397833174115362e-10,14.750421524047852,0.0,0.0,0.0,3.5635147094726562,82.28788757324219
794,114.1500055004538,22.282914198639773,5.15697185475561e-13,4.116298061684464e-15,2.9261766620880536e-11,57.348663330078125,14.106749534606934,0.0,3.016141414642334,154.75538635253906
795,114.2013679143924,22.23908877295936,1.4535463978282426e-11,1.843342319063357e-12,0.0,0.0,0.0,0.0,7.343283653259277,22.0838680267334
796,114.22330008973285,22.237602951548872,0.0,3.6543905922170605e-12,0.0,0.0,0.0,0.0,4.609112739562988,19.245372772216797
797,114.16845851135383,22.33237683524788,5.002590008906793e-10,3.374366064345935e-10,7.415522362830274e-11,0.0,1.7027809717795606e-10,0.0,3.3140971660614014,105.13673400878906
798,114.1771849711788,22.32715737417524,0.0,0.0,0.0,0.0,0.0,0.0,2.590909004211426,116.69794464111328
799,114.1771849711788,22.32715737417524,0.0,0.0,0.0,0.0,0.0,0.0,2.590909004211426,116.69794464111328
800,114.1771849711788,22.32715737417524,0.0,0.0,0.0,0.0,0.0,0.0,2.590909004211426,116.69794464111328
801,114.22216149954188,22.31658524608789,0.0,3.666531054463684e-12,5.964874461072478e-31,0.0,0.0,0.0,2.6323659420013428,122.78389739990234
802,114.1500055004538,22.282914198639773,5.15697185475561e-13,4.116298061684464e-15,2.9261766620880536e-11,57.348663330078125,14.106749534606934,0.0,3.016141414642334,154.75538635253906
803,114.1500055004538,22.282914198639773,5.15697185475561e-13,4.116298061684464e-15,2.9261766620880536e-11,57.348663330078125,14.106749534606934,0.0,3.016141414642334,154.75538635253906
804,114.18129063554184,22.3212603385108,11.313979148864746,6.26156759262085,0.0,0.0,0.0,0.0,3.556243658065796,113.64128875732422
805,114.18690738521056,22.27831950691583,0.0,0.0,0.0,0.0,0.0,0.0,2.754683256149292,134.0414581298828
806,114.1553874116693,22.242204797151803,6.140705890826659e-13,0.0,0.0,0.0,6.40465077594854e-05,0.0,2.8940937519073486,353.1781311035156
807,114.16048724858702,22.265486448561447,4.468416522213081e-12,0.0,59.14383316040039,0.0,0.0,0.0,4.745357990264893,23.66928482055664
808,114.16048724858702,22.265486448561447,4.468416522213081e-12,0.0,59.14383316040039,0.0,0.0,0.0,4.745357990264893,23.66928482055664
809,114.13668900621914,22.260696064639543,33.856903076171875,60.78694152832031,0.0,0.0,23.183029174804688,0.0,3.671875,56.022064208984375
810,114.13668900621914,22.260696064639543,33.856903076171875,60.78694152832031,0.0,0.0,23.183029174804688,0.0,3.671875,56.022064208984375
811,114.19967816152466,22.287276601487868,0.0,1.589497739158674e-12,1.9895235492977948e-29,0.0,0.0,0.0,3.5853378772735596,86.94036865234375
812,114.13901637596558,22.33686986684592,0.0,0.0,1.0737897326862367e-07,0.0,0.0,0.0,3.808670997619629,117.44883728027344
813,114.18690738521056,22.27831950691583,0.0,0.0,0.0,0.0,0.0,0.0,2.754683256149292,134.0414581298828
814,114.1771073290524,22.332187409091947,0.0,0.0,1.9622500239263596e-12,0.0,0.0,0.0,1.351906180381775,127.8068618774414
815,114.1771073290524,22.332187409091947,0.0,0.0,1.9622500239263596e-12,0.0,0.0,0.0,1.351906180381775,127.8068618774414
816,114.10831641346384,22.34889753568509,4.806216985134932e-15,0.0,21.947582244873047,0.0,0.0,0.0,4.230499744415283,1703.3306884765625
817,114.14067663352904,22.335587904223285,0.0,0.0,0.0,0.0,0.0,0.0,3.6418802738189697,107.14933013916016
818,114.19129180880796,22.26478223516073,0.0,0.0,2.8895913439797027e-12,0.0,0.0,0.0,3.4617486000061035,59.15556335449219
819,114.19129180880796,22.26478223516073,0.0,0.0,2.8895913439797027e-12,0.0,0.0,0.0,3.4617486000061035,59.15556335449219
820,114.1917474358763,22.261233145826417,0.0,0.0,1.830856126427971e-11,0.0,0.0,0.0,6.0638298988342285,23.37286949157715
821,114.23623351873964,22.267472181637693,0.0,0.0,0.0,0.0,0.0,0.0,2.7366693019866943,106.01416015625
822,114.23140048407669,22.314243475750946,5.653494165869244e-12,0.0,0.0,0.0,0.0,0.0,3.169076681137085,88.19226837158203
823,114.2081221204628,22.33844257778,29.607315063476562,19.367416381835938,5.548594472770674e-08,0.0,0.0,0.0,3.387500047683716,62.292198181152344
824,114.13781554674732,22.25665963395048,21.026758193969727,45.13466262817383,0.0,0.0,48.5395622253418,0.0,4.137302398681641,51.05884552001953
825,114.2312644515072,22.313846175169733,5.669780183542583e-12,0.0,0.0,0.0,0.0,0.0,3.293785333633423,88.97000885009766
826,114.2350951131855,22.30651199568305,0.0,4.031895531417945e-13,0.0,0.0,0.0,0.0,3.8846848011016846,75.58065795898438
827,114.17790331264456,22.33501397691459,0.0,0.0,2.1257754671127893e-12,0.0,0.0,0.0,2.6575074195861816,118.05867767333984
828,114.17790331264456,22.33501397691459,0.0,0.0,2.1257754671127893e-12,0.0,0.0,0.0,2.6575074195861816,118.05867767333984
829,114.17790331264456,22.33501397691459,0.0,0.0,2.1257754671127893e-12,0.0,0.0,0.0,2.6575074195861816,118.05867767333984
830,114.17790331264456,22.33501397691459,0.0,0.0,2.1257754671127893e-12,0.0,0.0,0.0,2.6575074195861816,118.05867767333984
831,114.21960843993764,22.28326297247133,0.0,1.4627773452957626e-05,0.0,0.0,0.0,0.0,3.9348957538604736,157.42300415039062
832,114.1817668700881,22.33933052002089,0.0,0.0,2.927790117551038e-13,0.0,0.0,0.0,3.6275346279144287,94.1124496459961
833,114.1817668700881,22.33933052002089,0.0,0.0,2.927790117551038e-13,0.0,0.0,0.0,3.6275346279144287,94.1124496459961
834,114.139553255849,22.2524427213398,5.5853919579684774e-12,21.972787857055664,0.0,0.0,118.15894317626953,0.0,4.67686653137207,140.2749481201172
835,114.139553255849,22.2524427213398,5.5853919579684774e-12,21.972787857055664,0.0,0.0,118.15894317626953,0.0,4.67686653137207,140.2749481201172
836,114.2067504789254,22.32477956909551,4.195319434074918e-06,3.1318116188049316,15.915345191955566,0.0,30.87705421447754,0.0,2.7297959327697754,979.4240112304688
837,114.2067504789254,22.32477956909551,4.195319434074918e-06,3.1318116188049316,15.915345191955566,0.0,30.87705421447754,0.0,2.7297959327697754,979.4240112304688
838,114.2067504789254,22.32477956909551,4.195319434074918e-06,3.1318116188049316,15.915345191955566,0.0,30.87705421447754,0.0,2.7297959327697754,979.4240112304688
839,114.17723352418584,22.33429153375869,0.0,0.0,2.363618415573976e-12,0.0,0.0,0.0,2.281337022781372,121.9617691040039
840,114.17723352418584,22.33429153375869,0.0,0.0,2.363618415573976e-12,0.0,0.0,0.0,2.281337022781372,121.9617691040039
841,114.1578623497034,22.44800266022796,0.0,0.10645829141139984,0.0,0.0,54.08512496948242,0.0,3.94124174118042,57.1115837097168
842,114.1578623497034,22.44800266022796,0.0,0.10645829141139984,0.0,0.0,54.08512496948242,0.0,3.94124174118042,57.1115837097168
843,114.19789297887084,22.28932679565476,0.0,3.712202799929093e-13,2.657998642222168e-27,0.0,0.0,0.0,3.1543378829956055,162.1256561279297
844,114.19789297887084,22.28932679565476,0.0,3.712202799929093e-13,2.657998642222168e-27,0.0,0.0,0.0,3.1543378829956055,162.1256561279297
845,114.19789297887084,22.28932679565476,0.0,3.712202799929093e-13,2.657998642222168e-27,0.0,0.0,0.0,3.1543378829956055,162.1256561279297
846,114.197930918767,22.283493003302585,0.0,4.091560532222538e-13,0.0,0.0,0.0,0.0,5.42307710647583,33.60749816894531
847,114.197930918767,22.283493003302585,0.0,4.091560532222538e-13,0.0,0.0,0.0,0.0,5.42307710647583,33.60749816894531
848,114.1578623497034,22.44800266022796,0.0,0.10645829141139984,0.0,0.0,54.08512496948242,0.0,3.94124174118042,57.1115837097168
849,114.1578623497034,22.44800266022796,0.0,0.10645829141139984,0.0,0.0,54.08512496948242,0.0,3.94124174118042,57.1115837097168
850,114.21541730408424,22.286045457325628,14.918342590332031,0.0001308070932282135,0.0,0.0,0.0,0.0,2.6782288551330566,144.33721923828125
851,114.19003584718658,22.32144950451135,3.0205417245237004e-16,0.011319476179778576,11.04874324798584,0.0,0.0,0.0,3.120974063873291,136.0724639892578
852,114.197930918767,22.283493003302585,0.0,4.091560532222538e-13,0.0,0.0,0.0,0.0,5.42307710647583,33.60749816894531
853,114.197930918767,22.283493003302585,0.0,4.091560532222538e-13,0.0,0.0,0.0,0.0,5.42307710647583,33.60749816894531
854,114.19003584718658,22.32144950451135,3.0205417245237004e-16,0.011319476179778576,11.04874324798584,0.0,0.0,0.0,3.120974063873291,136.0724639892578
855,114.1994262066422,22.28940786508193,0.0,1.466798362458055e-12,3.678377389907837,0.0,0.0,0.0,2.950718641281128,146.11614990234375
856,114.16294099275544,22.274851459621274,0.0,4.853928131827445e-13,1.648613630293504e-40,0.0,0.0,0.0,4.322013854980469,55.54484176635742
857,114.16294099275544,22.274851459621274,0.0,4.853928131827445e-13,1.648613630293504e-40,0.0,0.0,0.0,4.322013854980469,55.54484176635742
858,114.19003584718658,22.32144950451135,3.0205417245237004e-16,0.011319476179778576,11.04874324798584,0.0,0.0,0.0,3.120974063873291,136.0724639892578
859,114.2207447275049,22.28640532868276,15.081341743469238,15.653921127319336,0.0,0.0,0.0,0.0,5.024150848388672,713.6253662109375
860,114.2207447275049,22.28640532868276,15.081341743469238,15.653921127319336,0.0,0.0,0.0,0.0,5.024150848388672,713.6253662109375
861,114.21544498403053,22.280834775493915,0.0,1.875784150229265e-08,0.0,0.0,0.0,0.0,3.360419511795044,64.57437133789062
862,114.21544498403053,22.280834775493915,0.0,1.875784150229265e-08,0.0,0.0,0.0,0.0,3.360419511795044,64.57437133789062
863,114.21827006105904,22.285638375760595,11.614409446716309,8.228392601013184,0.0,0.0,0.0,0.0,3.1360855102539062,145.5936279296875
864,114.2207447275049,22.28640532868276,15.081341743469238,15.653921127319336,0.0,0.0,0.0,0.0,5.024150848388672,713.6253662109375
865,114.23749932193888,22.27789307564341,3.799591541290283,0.0,0.0,0.0,0.0,0.0,6.836148738861084,1523.6829833984375
866,114.21827006105904,22.285638375760595,11.614409446716309,8.228392601013184,0.0,0.0,0.0,0.0,3.1360855102539062,145.5936279296875
867,114.14087087251043,22.33520866328044,0.0,0.0,0.0,0.0,0.0,0.0,4.019608020782471,95.09547424316406
868,114.2161836103148,22.285033842723585,7.574481010437012,0.001292732427828014,0.0,0.0,0.0,0.0,2.6467552185058594,141.99717712402344
869,114.2161836103148,22.285033842723585,7.574481010437012,0.001292732427828014,0.0,0.0,0.0,0.0,2.6467552185058594,141.99717712402344
870,114.21012939816788,22.28853908184709,15.106115341186523,21.93721580505371,14.847297668457031,0.0,5.940690994262695,0.0,3.5691609382629395,167.05023193359375
871,114.21012939816788,22.28853908184709,15.106115341186523,21.93721580505371,14.847297668457031,0.0,5.940690994262695,0.0,3.5691609382629395,167.05023193359375
872,114.21012939816788,22.28853908184709,15.106115341186523,21.93721580505371,14.847297668457031,0.0,5.940690994262695,0.0,3.5691609382629395,167.05023193359375
873,114.23749932193888,22.27789307564341,3.799591541290283,0.0,0.0,0.0,0.0,0.0,6.836148738861084,1523.6829833984375
874,114.1565806866391,22.241536679796315,5.57714681728716e-13,0.0,0.0,0.0,4.442003015414642e-11,0.0,3.9056832790374756,236.78282165527344
875,114.1565806866391,22.241536679796315,5.57714681728716e-13,0.0,0.0,0.0,4.442003015414642e-11,0.0,3.9056832790374756,236.78282165527344
876,114.12615496399772,22.28142748263261,0.0,0.0,0.0,0.0,0.0,0.0,2.9595091342926025,82.2668685913086
877,114.12615496399772,22.28142748263261,0.0,0.0,0.0,0.0,0.0,0.0,2.9595091342926025,82.2668685913086
878,114.12615496399772,22.28142748263261,0.0,0.0,0.0,0.0,0.0,0.0,2.9595091342926025,82.2668685913086
879,114.1565806866391,22.241536679796315,5.57714681728716e-13,0.0,0.0,0.0,4.442003015414642e-11,0.0,3.9056832790374756,236.78282165527344
880,114.19854799630292,22.2579361879302,0.0,8.402364633057491e-13,0.0,0.0,0.0,0.0,5.530555725097656,15.389206886291504
881,114.17226363476814,22.33140168445117,0.0,2.6433794389491005e-11,4.924458063548798e-10,0.0,0.0,0.0,2.465204954147339,133.08499145507812
882,114.19854799630292,22.2579361879302,0.0,8.402364633057491e-13,0.0,0.0,0.0,0.0,5.530555725097656,15.389206886291504
883,114.16721232149273,22.244743546918407,31.939943313598633,18.799531936645508,0.0,0.0,1.9609469603665275e-10,0.0,5.529770851135254,55.67701721191406
884,114.16721232149273,22.244743546918407,31.939943313598633,18.799531936645508,0.0,0.0,1.9609469603665275e-10,0.0,5.529770851135254,55.67701721191406
885,114.16812416095397,22.24534865361841,18.253541946411133,10.893035888671875,3.1187635807228276e-11,0.0,1.8752996377990883e-10,0.0,5.547579288482666,44.80205535888672
886,114.16765841630584,22.24693802691589,5.192424774169922,2.801463783175251e-10,0.0,0.0,1.9483029078948277e-10,0.0,3.3689217567443848,90.34943389892578
887,114.16765841630584,22.24693802691589,5.192424774169922,2.801463783175251e-10,0.0,0.0,1.9483029078948277e-10,0.0,3.3689217567443848,90.34943389892578
888,114.16721232149273,22.244743546918407,31.939943313598633,18.799531936645508,0.0,0.0,1.9609469603665275e-10,0.0,5.529770851135254,55.67701721191406
889,114.16765841630584,22.24693802691589,5.192424774169922,2.801463783175251e-10,0.0,0.0,1.9483029078948277e-10,0.0,3.3689217567443848,90.34943389892578
890,114.1384671798543,22.25069954971437,0.0,0.0008233753032982349,0.0,0.0,36.31435775756836,0.0,4.0082221031188965,253.81173706054688
891,114.1384671798543,22.25069954971437,0.0,0.0008233753032982349,0.0,0.0,36.31435775756836,0.0,4.0082221031188965,253.81173706054688
892,114.1384671798543,22.25069954971437,0.0,0.0008233753032982349,0.0,0.0,36.31435775756836,0.0,4.0082221031188965,253.81173706054688
893,114.22880610503356,22.306189030844376,3.63979115944324e-12,0.0,2.1869657039642334,0.0,1.2320508111993145e-12,0.0,3.8456521034240723,62.0527229309082
894,114.16765841630584,22.24693802691589,5.192424774169922,2.801463783175251e-10,0.0,0.0,1.9483029078948277e-10,0.0,3.3689217567443848,90.34943389892578
895,114.16373199085518,22.324628280962788,11.355700492858887,0.0,0.0,0.0,4.1295726603898797e-13,0.0,2.300855875015259,335.3417053222656
896,114.16373199085518,22.324628280962788,11.355700492858887,0.0,0.0,0.0,4.1295726603898797e-13,0.0,2.300855875015259,335.3417053222656
897,114.22880610503356,22.306189030844376,3.63979115944324e-12,0.0,2.1869657039642334,0.0,1.2320508111993145e-12,0.0,3.8456521034240723,62.0527229309082
898,114.16373199085518,22.324628280962788,11.355700492858887,0.0,0.0,0.0,4.1295726603898797e-13,0.0,2.300855875015259,335.3417053222656
899,114.2396440047689,22.278560527243627,7.54537296295166,0.0,1.0263140773976616e-14,0.0,0.0,0.0,4.502793312072754,2763.52392578125
900,114.19175197246533,22.30398417193744,11.30359172821045,21.944324493408203,1.940319953319669e-11,436.8860168457031,4.860354740204853e-12,0.0,2.1735942363739014,2004.564208984375
901,114.19175197246533,22.30398417193744,11.30359172821045,21.944324493408203,1.940319953319669e-11,436.8860168457031,4.860354740204853e-12,0.0,2.1735942363739014,2004.564208984375
902,114.17113912634592,22.294881897009024,3.6966018676757812,31.512338638305664,5.155892934816109e-10,0.0,36.941322326660156,0.0,2.938032627105713,280.7490234375
903,114.2396440047689,22.278560527243627,7.54537296295166,0.0,1.0263140773976616e-14,0.0,0.0,0.0,4.502793312072754,2763.52392578125
904,114.17113912634592,22.294881897009024,3.6966018676757812,31.512338638305664,5.155892934816109e-10,0.0,36.941322326660156,0.0,2.938032627105713,280.7490234375
905,114.14920037867384,22.281568499044848,0.0,0.0,1.883487289744412e-11,0.004508796148002148,1.4016999366761596e-12,0.0,3.8662846088409424,114.58427429199219
906,114.1633582715817,22.274282564196863,0.0,4.13461842888041e-12,4.221514215615408e-28,0.0,0.0,0.0,4.836363792419434,49.20289993286133
907,114.22965869664532,22.276505097546337,5.042924411391425e-12,0.0,9.693418810685639e-12,0.0,0.0,0.0,3.777777671813965,78.9161376953125
908,114.14639473365357,22.243052246543154,6.20445209965903e-13,0.0,0.0,0.0,0.0,0.0,2.4543378353118896,260.6451416015625
909,114.17113912634592,22.294881897009024,3.6966018676757812,31.512338638305664,5.155892934816109e-10,0.0,36.941322326660156,0.0,2.938032627105713,280.7490234375
910,114.14639473365357,22.243052246543154,6.20445209965903e-13,0.0,0.0,0.0,0.0,0.0,2.4543378353118896,260.6451416015625
911,114.26086019540584,22.31957699656736,0.0,0.0,5.631074491245502e-13,0.0,8.751058913058143e-31,0.0,4.551233291625977,563.4370727539062
912,114.1500131152668,22.24294451538053,6.207875468018653e-13,0.0,2.4573763163227014e-11,0.0,0.0,0.0,3.7045161724090576,207.0134735107422
913,114.14087087251043,22.33520866328044,0.0,0.0,0.0,0.0,0.0,0.0,4.019608020782471,95.09547424316406
914,114.14639473365357,22.243052246543154,6.20445209965903e-13,0.0,0.0,0.0,0.0,0.0,2.4543378353118896,260.6451416015625
915,114.14088058188568,22.335199634859183,0.0,0.0,0.0,0.0,0.0,0.0,4.033134937286377,94.7384262084961
916,114.22282102990012,22.285528782616947,7.545623302459717,11.729287147521973,0.0,0.0,0.0,0.0,5.158030986785889,1509.5811767578125
917,114.22282102990012,22.285528782616947,7.545623302459717,11.729287147521973,0.0,0.0,0.0,0.0,5.158030986785889,1509.5811767578125
918,114.22282102990012,22.285528782616947,7.545623302459717,11.729287147521973,0.0,0.0,0.0,0.0,5.158030986785889,1509.5811767578125
919,114.19883326569855,22.34492805408369,3.7753541469573975,4.335598945617676,14.760773658752441,0.0,0.0,0.0,2.9594478607177734,122.98973083496094
920,114.14088058188568,22.335199634859183,0.0,0.0,0.0,0.0,0.0,0.0,4.033134937286377,94.7384262084961
921,114.14088058188568,22.335199634859183,0.0,0.0,0.0,0.0,0.0,0.0,4.033134937286377,94.7384262084961
922,114.20180440845976,22.34816056516489,2.1547735817861735e-11,0.000992930494248867,1.7215512153616108e-40,0.0,0.001609434955753386,0.0,2.8940396308898926,94.86589050292969
923,114.20180440845976,22.34816056516489,2.1547735817861735e-11,0.000992930494248867,1.7215512153616108e-40,0.0,0.001609434955753386,0.0,2.8940396308898926,94.86589050292969
924,114.22746635857456,22.30494323074897,2.634397962362339e-13,0.0,17.797929763793945,0.0,2.8149481443723312e-12,0.0,3.1893763542175293,60.55771255493164
925,114.19883326569855,22.34492805408369,3.7753541469573975,4.335598945617676,14.760773658752441,0.0,0.0,0.0,2.9594478607177734,122.98973083496094
926,114.17613666841348,22.32719349541999,0.0,0.0,0.0,0.0,0.0,0.0,2.4734811782836914,108.65792083740234
927,114.17793243840096,22.335600964211864,0.0,0.0,1.7198373801485811e-12,0.0,0.0,0.0,2.908143997192383,116.58218383789062
928,114.17793243840096,22.335600964211864,0.0,0.0,1.7198373801485811e-12,0.0,0.0,0.0,2.908143997192383,116.58218383789062
929,114.17793243840096,22.335600964211864,0.0,0.0,1.7198373801485811e-12,0.0,0.0,0.0,2.908143997192383,116.58218383789062
930,114.22746635857456,22.30494323074897,2.634397962362339e-13,0.0,17.797929763793945,0.0,2.8149481443723312e-12,0.0,3.1893763542175293,60.55771255493164
931,114.17793243840096,22.335600964211864,0.0,0.0,1.7198373801485811e-12,0.0,0.0,0.0,2.908143997192383,116.58218383789062
932,114.17793243840096,22.335600964211864,0.0,0.0,1.7198373801485811e-12,0.0,0.0,0.0,2.908143997192383,116.58218383789062
933,114.1489486514016,22.32764262820645,0.0,0.0,1.4105200514535898e-11,5.657982762863334e-11,0.0,0.0,5.757644176483154,228.34230041503906
934,114.23297358792072,22.26764492345584,4.04440673659745e-12,0.0,2.101093604656157e-12,0.0,0.0,0.0,4.387238502502441,60.12446975708008
935,114.01954041060344,22.44064860437512,1.80136040497025e-14,0.0,0.0,0.0,0.0,0.0,2.9435582160949707,75.47081756591797
936,114.19175197246533,22.30398417193744,11.30359172821045,21.944324493408203,1.940319953319669e-11,436.8860168457031,4.860354740204853e-12,0.0,2.1735942363739014,2004.564208984375
937,114.19883326569855,22.34492805408369,3.7753541469573975,4.335598945617676,14.760773658752441,0.0,0.0,0.0,2.9594478607177734,122.98973083496094
938,114.005718898766,22.462759071056244,15.066518783569336,2.1557916855732134e-13,0.0,0.0,0.0,0.0,4.31658935546875,78.83109283447266
939,113.99889650121166,22.4337459831877,0.0,0.0,0.0,0.0,0.0,0.0,5.503030300140381,105.03821563720703
940,113.9783176938087,22.396146299840044,1.5314814694189494e-10,0.0,5.666741381693541e-12,0.0,0.0,0.0,3.73828125,82.97174072265625
941,114.140812932514,22.37180045999457,6.944035346734267e-10,3.969009196552308e-15,1.7693865036333412e-12,0.0,0.0,0.0,2.924485206604004,73.10588073730469
942,114.127911096124,22.365457637120592,0.0,0.0,0.0,0.0,4.4873975954366763e-13,0.0,3.4668948650360107,85.93739318847656
943,114.02417093204296,22.4435969709381,0.0,0.0,0.0,0.0,0.0,0.0,2.7263987064361572,134.92970275878906
944,114.00308763880678,22.453563301429305,2.782850772736767e-12,1.5428611079698618e-12,44.136878967285156,0.0,0.0,0.0,4.114481449127197,58.900634765625
945,114.13795007647876,22.36648984141055,0.0,0.0,3.6793034076690674,0.0,0.0,0.0,2.6024208068847656,158.55877685546875
946,114.12716490677995,22.36146590992671,0.0,0.0,18.490428924560547,0.0,4.525953688162745e-15,0.0,3.210348606109619,96.27022552490234
947,114.1245631535038,22.36086004434041,0.0,0.0,12.309707641601562,0.0,0.0,0.0,3.127659559249878,90.0007095336914
948,114.1276339171162,22.35296830567287,0.0,0.0,3.8152596950531006,0.0,1.271872689632969e-13,0.0,4.7076921463012695,52.247074127197266
949,114.12376711115392,22.36064305229728,0.0,0.0,10.286861419677734,0.0,0.0,0.0,3.1280410289764404,89.12120056152344
950,114.19425664994046,22.38861837134678,6.163871876196936e-05,4.88368286782892e-12,165.46188354492188,5.3880923487673014e-24,8.147352150572607e-13,0.0,4.2591094970703125,2283.365966796875
951,114.19308121012337,22.384852767064054,18.8869571685791,6.241384983062744,46.5860595703125,4.788371495195248e-24,5.166991834393286e-12,0.0,3.9378468990325928,690.5980834960938
952,114.19332397695476,22.384888864587207,18.135061264038086,7.477491855621338,55.737823486328125,5.015704247570481e-24,4.528264482134281e-12,0.0,3.8235995769500732,732.9614868164062
953,114.19444123516418,22.389259518065188,8.057026548158319e-07,5.564174988814674e-12,139.40721130371094,5.305261953719095e-24,5.369382781277021e-13,0.0,4.447075366973877,2099.77197265625
954,113.96943997209527,22.40380201959796,0.0,0.0,5.5485824268508566e-11,0.0,0.0,0.0,3.6458659172058105,78.66642761230469
955,113.9686537907557,22.40348494309004,0.0,0.0,8.472310353280221e-11,0.0,0.0,0.0,3.7228715419769287,72.27185821533203
956,114.1948876270246,22.386893473164893,21.888662338256836,10.10566520690918,28.62095832824707,5.293073658302978e-24,0.0,0.0,3.5737297534942627,1967.0667724609375
957,114.13459615919824,22.380522448465747,18.327966690063477,44.170989990234375,11.063300132751465,670.2568359375,53.37775421142578,900.1568603515625,4.69239616394043,49.76541519165039
958,114.17122976654711,22.4548939097482,126.00382995605469,137.22296142578125,4.730527081164837e-10,121.28101348876953,236.18838500976562,0.8851830959320068,3.6014304161071777,357.7470703125
959,114.11041229906174,22.37157410597093,0.32057031989097595,9.383110046386719,17.001300811767578,0.0,7.742097854614258,0.0,3.797947883605957,1953.8905029296875
960,114.12918979428385,22.345464376369776,0.0,0.0,3.6865546703338623,0.0,1.5976333754205707e-12,0.0,3.640181541442871,55.07406234741211
961,114.12811064202448,22.37794692561732,15.076398849487305,30.675613403320312,0.0,9.31711392065937e-12,2.5814994239481415e-11,0.0,4.661986827850342,58.5
962,114.13063402247244,22.352228683732218,0.0,0.0,22.919273376464844,0.0,1.8991130282947077e-12,0.0,3.255319118499756,35.093772888183594
963,114.12709031707334,22.35278752853033,0.0,0.0,3.9036457538604736,0.0,2.662325773657463e-15,0.0,4.9416375160217285,104.21540069580078
964,114.1538765885698,22.46412148113564,0.0,0.0,3.234424533760105e-11,0.25110873579978943,91.23342895507812,0.0,5.2274370193481445,96.3855972290039
965,114.1538765885698,22.46412148113564,0.0,0.0,3.234424533760105e-11,0.25110873579978943,91.23342895507812,0.0,5.2274370193481445,96.3855972290039
966,114.1538765885698,22.46412148113564,0.0,0.0,3.234424533760105e-11,0.25110873579978943,91.23342895507812,0.0,5.2274370193481445,96.3855972290039
967,114.15372113829748,22.464085337201585,0.0,0.0,3.2053748544313976e-11,0.25052309036254883,90.34671783447266,0.0,5.2345452308654785,94.7122573852539
968,114.12585850937371,22.37632073682781,7.088261213539226e-07,21.772369384765625,0.0,5.833154055265299e-13,17.351608276367188,0.0,5.2920355796813965,58.65876007080078
969,113.96571366586215,22.38894208240273,2.831428384159377e-16,1.5725568069946405e-10,0.0,0.0,1.0970436364887703e-10,0.0,5.3337249755859375,145.5546875
970,114.14075508451695,22.37021107282117,0.0,0.0,1.8569770287441e-12,0.0,0.0,0.0,2.3930211067199707,94.92134094238281
971,114.01252516465624,22.301264726267632,0.0,3.6237511472428374e-13,0.0,0.0,0.07050987333059311,0.0,6.988066673278809,97.43798828125
972,114.01252516465624,22.301264726267632,0.0,3.6237511472428374e-13,0.0,0.0,0.07050987333059311,0.0,6.988066673278809,97.43798828125
973,114.01713284798971,22.29452347429024,7.540670871734619,6.271606922149658,0.0,0.0,0.0,0.0,5.5,55.24937057495117
974,114.01713284798971,22.29452347429024,7.540670871734619,6.271606922149658,0.0,0.0,0.0,0.0,5.5,55.24937057495117
975,114.03493279387808,22.44543996774447,1.2216387569510129e-13,0.0,0.0,0.0,1.0850277924398521e-12,0.0,4.55374813079834,97.30332946777344
976,114.03493279387808,22.44543996774447,1.2216387569510129e-13,0.0,0.0,0.0,1.0850277924398521e-12,0.0,4.55374813079834,97.30332946777344
977,114.03493279387808,22.44543996774447,1.2216387569510129e-13,0.0,0.0,0.0,1.0850277924398521e-12,0.0,4.55374813079834,97.30332946777344
978,114.129339984017,22.50334422005735,2.49641793471294e-27,1.4293750211225031e-11,0.0,0.0,0.0,0.0,2.9815611839294434,112.4677734375
979,114.129339984017,22.50334422005735,2.49641793471294e-27,1.4293750211225031e-11,0.0,0.0,0.0,0.0,2.9815611839294434,112.4677734375
980,114.129339984017,22.50334422005735,2.49641793471294e-27,1.4293750211225031e-11,0.0,0.0,0.0,0.0,2.9815611839294434,112.4677734375
981,114.1730562843414,22.45388255314452,118.0649642944336,120.69955444335938,3.7758832172052337e-10,2.588331824269453e-26,156.0535430908203,1.401298464324817e-45,3.85644268989563,771.291015625
982,114.1730562843414,22.45388255314452,118.0649642944336,120.69955444335938,3.7758832172052337e-10,2.588331824269453e-26,156.0535430908203,1.401298464324817e-45,3.85644268989563,771.291015625
983,114.1730562843414,22.45388255314452,118.0649642944336,120.69955444335938,3.7758832172052337e-10,2.588331824269453e-26,156.0535430908203,1.401298464324817e-45,3.85644268989563,771.291015625
984,113.97985298740394,22.40238822991912,0.0,0.0,1.279830547096239e-10,0.0,0.0,0.0,2.4902913570404053,78.3789291381836
985,114.10443069778032,22.35376331379289,0.9766964912414551,0.0,3.6865546703338623,0.0,0.0,0.0,3.082362174987793,2408.770751953125
986,114.10443069778032,22.35376331379289,0.9766964912414551,0.0,3.6865546703338623,0.0,0.0,0.0,3.082362174987793,2408.770751953125
987,114.10443069778032,22.35376331379289,0.9766964912414551,0.0,3.6865546703338623,0.0,0.0,0.0,3.082362174987793,2408.770751953125
988,113.97985298740394,22.40238822991912,0.0,0.0,1.279830547096239e-10,0.0,0.0,0.0,2.4902913570404053,78.3789291381836
989,113.97985298740394,22.40238822991912,0.0,0.0,1.279830547096239e-10,0.0,0.0,0.0,2.4902913570404053,78.3789291381836
990,114.20465623876557,22.38540205225757,8.398562227618367e-12,6.7928067684630555e-12,78.06805419921875,0.0,2.935531808953562e-12,0.0,3.758751153945923,2554.82080078125
991,114.20465623876557,22.38540205225757,8.398562227618367e-12,6.7928067684630555e-12,78.06805419921875,0.0,2.935531808953562e-12,0.0,3.758751153945923,2554.82080078125
992,114.20465623876557,22.38540205225757,8.398562227618367e-12,6.7928067684630555e-12,78.06805419921875,0.0,2.935531808953562e-12,0.0,3.758751153945923,2554.82080078125
993,114.00269685365808,22.47085610616644,0.0,0.0,0.0,0.0,0.0,0.0,5.0598626136779785,67.09662628173828
994,114.00269685365808,22.47085610616644,0.0,0.0,0.0,0.0,0.0,0.0,5.0598626136779785,67.09662628173828
995,114.1308732683714,22.362776434081724,0.0,0.0,7.788725633872673e-05,0.0,1.8978876629993646e-12,0.0,3.155118227005005,100.15158081054688
996,114.25373616041142,22.319851449726062,0.0,0.0,0.0,0.0,8.650415939115419e-10,0.0,5.5394287109375,71.04708099365234
997,114.25373616041142,22.319851449726062,0.0,0.0,0.0,0.0,8.650415939115419e-10,0.0,5.5394287109375,71.04708099365234
998,114.25373616041142,22.319851449726062,0.0,0.0,0.0,0.0,8.650415939115419e-10,0.0,5.5394287109375,71.04708099365234
999,114.1308732683714,22.362776434081724,0.0,0.0,7.788725633872673e-05,0.0,1.8978876629993646e-12,0.0,3.155118227005005,100.15158081054688
1000,114.1308732683714,22.362776434081724,0.0,0.0,7.788725633872673e-05,0.0,1.8978876629993646e-12,0.0,3.155118227005005,100.15158081054688
1001,114.23191813625569,22.421246145294937,5.231386184692383,9.301803588867188,1.1629288677872385e-11,0.0,4.402512642637246e-12,0.0,3.706986427307129,1753.5216064453125
1002,114.23191813625569,22.421246145294937,5.231386184692383,9.301803588867188,1.1629288677872385e-11,0.0,4.402512642637246e-12,0.0,3.706986427307129,1753.5216064453125
1003,114.22251801935651,22.54611255223502,0.0,0.0,0.0,0.0,0.0,0.0,4.276315689086914,448.8545227050781
1004,114.22251801935651,22.54611255223502,0.0,0.0,0.0,0.0,0.0,0.0,4.276315689086914,448.8545227050781
1005,114.26884246998522,22.36999027030801,0.8214339017868042,2.0857551097869873,0.0,3685.150146484375,15.515888214111328,0.0,4.846153736114502,8.30101490020752
1006,114.26884246998522,22.36999027030801,0.8214339017868042,2.0857551097869873,0.0,3685.150146484375,15.515888214111328,0.0,4.846153736114502,8.30101490020752
1007,114.23191813625569,22.421246145294937,5.231386184692383,9.301803588867188,1.1629288677872385e-11,0.0,4.402512642637246e-12,0.0,3.706986427307129,1753.5216064453125
1008,114.10031432732984,22.371596738359543,4.11906576555654e-12,0.0,4.497161270600602e-21,0.0,0.0,0.0,5.434042453765869,1149.5264892578125
1009,114.17640834591144,22.361870871942266,0.0,3.721912968795982e-12,0.0,0.0,0.0,0.0,5.957486152648926,38.753902435302734
1010,114.17640834591144,22.361870871942266,0.0,3.721912968795982e-12,0.0,0.0,0.0,0.0,5.957486152648926,38.753902435302734
1011,114.10031432732984,22.371596738359543,4.11906576555654e-12,0.0,4.497161270600602e-21,0.0,0.0,0.0,5.434042453765869,1149.5264892578125
1012,114.10083880122144,22.37130800849435,5.0222478086003886e-12,0.0,6.254596285337755e-10,0.0,0.0,0.0,5.360869407653809,1309.471435546875
1013,114.10083880122144,22.37130800849435,5.0222478086003886e-12,0.0,6.254596285337755e-10,0.0,0.0,0.0,5.360869407653809,1309.471435546875
1014,113.97406204888816,22.38421176244586,1.0490127863582721e-11,1.3265252611638356e-11,0.0,0.0,9.57903461412668e-13,0.0,3.7617156505584717,495.01446533203125
1015,113.97406204888816,22.38421176244586,1.0490127863582721e-11,1.3265252611638356e-11,0.0,0.0,9.57903461412668e-13,0.0,3.7617156505584717,495.01446533203125
1016,114.10083880122144,22.37130800849435,5.0222478086003886e-12,0.0,6.254596285337755e-10,0.0,0.0,0.0,5.360869407653809,1309.471435546875
1017,114.10832383033602,22.35358439646549,3.97166774432446e-24,0.0,1.4698037925642282e-11,0.0,0.0,0.0,4.075387954711914,2494.875244140625
1018,114.10832383033602,22.35358439646549,3.97166774432446e-24,0.0,1.4698037925642282e-11,0.0,0.0,0.0,4.075387954711914,2494.875244140625
1019,114.24741536539928,22.43103817995124,1.020651878985701e-12,5.236926625684646e-08,0.0,0.0,30.970727920532227,0.0,5.385372638702393,45.21277618408203
1020,113.97406204888816,22.38421176244586,1.0490127863582721e-11,1.3265252611638356e-11,0.0,0.0,9.57903461412668e-13,0.0,3.7617156505584717,495.01446533203125
1021,114.06079898818756,22.36843060943356,1.405280175537614e-14,0.0,58.32143783569336,0.0,1.4185519078835362e-11,0.0,5.762237548828125,385.3438720703125
1022,114.23822356596388,22.42505473333048,8.032943725585938,12.603504180908203,35.66990661621094,0.0,5.255774225455325e-28,0.0,4.303057670593262,316.6874084472656
1023,114.23822356596388,22.42505473333048,8.032943725585938,12.603504180908203,35.66990661621094,0.0,5.255774225455325e-28,0.0,4.303057670593262,316.6874084472656
1024,114.14139183540034,22.50099942158538,43.71828842163086,0.0013632670743390918,0.0,57.16082000732422,49.12842559814453,0.0,4.356188774108887,85.42807006835938
1025,114.14139183540034,22.50099942158538,43.71828842163086,0.0013632670743390918,0.0,57.16082000732422,49.12842559814453,0.0,4.356188774108887,85.42807006835938
1026,114.14139183540034,22.50099942158538,43.71828842163086,0.0013632670743390918,0.0,57.16082000732422,49.12842559814453,0.0,4.356188774108887,85.42807006835938
1027,114.06079898818756,22.36843060943356,1.405280175537614e-14,0.0,58.32143783569336,0.0,1.4185519078835362e-11,0.0,5.762237548828125,385.3438720703125
1028,114.06079898818756,22.36843060943356,1.405280175537614e-14,0.0,58.32143783569336,0.0,1.4185519078835362e-11,0.0,5.762237548828125,385.3438720703125
1029,114.00269685365808,22.47085610616644,0.0,0.0,0.0,0.0,0.0,0.0,5.0598626136779785,67.09662628173828
1030,114.22161734252649,22.31459866597851,0.0,3.48369705478746e-12,7.520481586456299,0.0,0.0,0.0,2.931764602661133,137.20269775390625
1031,114.02695648591984,22.445947493559554,0.0,0.0,6.307448053438636e-12,0.0,0.0,0.0,2.5307180881500244,151.34063720703125
1032,114.02695648591984,22.445947493559554,0.0,0.0,6.307448053438636e-12,0.0,0.0,0.0,2.5307180881500244,151.34063720703125
1033,114.02695648591984,22.445947493559554,0.0,0.0,6.307448053438636e-12,0.0,0.0,0.0,2.5307180881500244,151.34063720703125
1034,114.12439283045566,22.271032657156383,3.203428018392275e-36,0.0,0.0,0.0,0.0,0.0,3.8731777667999268,686.5563354492188
1035,114.12439283045566,22.271032657156383,3.203428018392275e-36,0.0,0.0,0.0,0.0,0.0,3.8731777667999268,686.5563354492188
1036,114.21290721018916,22.336102664545027,78.14913177490234,19.033105850219727,11.032185554504395,0.0,0.0,0.0,4.1785197257995605,43.76551818847656
1037,114.24878672009652,22.321054790039188,0.0,0.0,0.0,0.0,0.0,0.0,5.50144100189209,38.97941970825195
1038,114.24878672009652,22.321054790039188,0.0,0.0,0.0,0.0,0.0,0.0,5.50144100189209,38.97941970825195
1039,114.12918286320269,22.365846329715588,0.0,0.0,0.0,0.0,1.5845608245662612e-12,0.0,3.0336363315582275,87.01519775390625
1040,114.12918286320269,22.365846329715588,0.0,0.0,0.0,0.0,1.5845608245662612e-12,0.0,3.0336363315582275,87.01519775390625
1041,114.21290721018916,22.336102664545027,78.14913177490234,19.033105850219727,11.032185554504395,0.0,0.0,0.0,4.1785197257995605,43.76551818847656
1042,114.181145463143,22.33488749495335,0.0,0.0,2.1883432566038863e-12,0.0,0.0,0.0,3.2956926822662354,103.53043365478516
1043,114.181145463143,22.33488749495335,0.0,0.0,2.1883432566038863e-12,0.0,0.0,0.0,3.2956926822662354,103.53043365478516
1044,114.1681862732339,22.33961031228079,5.144897285980221e-10,3.2692273888024204e-10,9.979260084946873e-09,0.0,1.7705768795561738e-10,0.0,3.422246217727661,62.56682205200195
1045,114.17679670187626,22.363433157028297,0.0,1.5118977250705434e-11,0.0,0.0,0.0,0.0,5.5354838371276855,57.595340728759766
1046,114.17679670187626,22.363433157028297,0.0,1.5118977250705434e-11,0.0,0.0,0.0,0.0,5.5354838371276855,57.595340728759766
1047,114.15902317598896,22.33443504507265,0.0,0.0,0.0,0.0,0.0,0.0,2.89487624168396,149.6007843017578
1048,114.1633330643345,22.33467928695133,0.0,0.0,0.0,0.0,0.0,0.0,3.2910890579223633,114.32733154296875
1049,114.1633330643345,22.33467928695133,0.0,0.0,0.0,0.0,0.0,0.0,3.2910890579223633,114.32733154296875
1050,114.1681862732339,22.33961031228079,5.144897285980221e-10,3.2692273888024204e-10,9.979260084946873e-09,0.0,1.7705768795561738e-10,0.0,3.422246217727661,62.56682205200195
1051,114.22355485499313,22.33289408993064,1.5974904775742371e-12,5.764786564776969e-11,0.0,0.0,4.5809466246368724e-14,0.0,4.2971086502075195,56.51970291137695
1052,114.22355485499313,22.33289408993064,1.5974904775742371e-12,5.764786564776969e-11,0.0,0.0,4.5809466246368724e-14,0.0,4.2971086502075195,56.51970291137695
1053,114.17291030126404,22.462876867740388,147.1834259033203,79.00261688232422,3.945994919707374e-10,0.0,0.0,0.0,4.233766078948975,38.18394088745117
1054,114.17291030126404,22.462876867740388,147.1834259033203,79.00261688232422,3.945994919707374e-10,0.0,0.0,0.0,4.233766078948975,38.18394088745117
1055,114.23217553784794,22.26140501647445,5.1859805512421975e-12,0.0,2.1924829573388704e-12,0.0,0.0,0.0,3.4587554931640625,35.777069091796875
1056,114.02280432100336,22.440751086056423,0.0,0.0,0.0,0.0,0.0,0.0,3.100656509399414,111.75618743896484
1057,114.02280432100336,22.440751086056423,0.0,0.0,0.0,0.0,0.0,0.0,3.100656509399414,111.75618743896484
1058,114.12945234660206,22.3441550216128,0.0,0.0,9.086891077458858e-05,0.0,1.7014268683182565e-12,0.0,4.497155666351318,74.89634704589844
1059,114.12945234660206,22.3441550216128,0.0,0.0,9.086891077458858e-05,0.0,1.7014268683182565e-12,0.0,4.497155666351318,74.89634704589844
1060,114.23217553784794,22.26140501647445,5.1859805512421975e-12,0.0,2.1924829573388704e-12,0.0,0.0,0.0,3.4587554931640625,35.777069091796875
1061,114.13174859210002,22.26737745281829,22.564769744873047,12.485918045043945,0.0,0.0,0.0,0.0,4.296296119689941,45.30774688720703
1062,114.13174859210002,22.26737745281829,22.564769744873047,12.485918045043945,0.0,0.0,0.0,0.0,4.296296119689941,45.30774688720703
1063,114.13308192222377,22.50264994007395,21.155242919921875,20.88657569885254,0.0,0.0,0.0,0.0,3.2751123905181885,71.31612396240234
1064,114.13308192222377,22.50264994007395,21.155242919921875,20.88657569885254,0.0,0.0,0.0,0.0,3.2751123905181885,71.31612396240234
1065,114.17288132068208,22.45698902138329,86.47779083251953,88.0149154663086,3.9845490795720195e-10,400.1257019042969,348.5706787109375,918.9164428710938,4.009427070617676,251.9495391845703
1066,114.17288132068208,22.45698902138329,86.47779083251953,88.0149154663086,3.9845490795720195e-10,400.1257019042969,348.5706787109375,918.9164428710938,4.009427070617676,251.9495391845703
1067,114.19500154168864,22.29181959796752,11.322147369384766,25.120492935180664,6.845604638705538e-11,7.54924582394947e-24,5.838994026184082,0.0,4.391923904418945,199.473388671875
1068,114.17217189598183,22.46271430023555,165.01173400878906,102.41295623779297,4.5359735412198177e-10,0.0,0.0,0.0,4.248833656311035,35.87668228149414
1069,114.17217189598183,22.46271430023555,165.01173400878906,102.41295623779297,4.5359735412198177e-10,0.0,0.0,0.0,4.248833656311035,35.87668228149414
1070,114.19096513962988,22.392962370095503,1.6331277693029667e-12,1.24555303137458e-12,95.90251922607422,0.0,7.929202433532012e-12,0.0,4.257143020629883,36.289764404296875
1071,114.19096513962988,22.392962370095503,1.6331277693029667e-12,1.24555303137458e-12,95.90251922607422,0.0,7.929202433532012e-12,0.0,4.257143020629883,36.289764404296875
1072,114.19500154168864,22.29181959796752,11.322147369384766,25.120492935180664,6.845604638705538e-11,7.54924582394947e-24,5.838994026184082,0.0,4.391923904418945,199.473388671875
1073,114.1727839812882,22.46331935590839,130.64273071289062,58.26587677001953,4.0832548453551e-10,0.0,0.0,0.0,5.11604118347168,31.349876403808594
1074,114.1727839812882,22.46331935590839,130.64273071289062,58.26587677001953,4.0832548453551e-10,0.0,0.0,0.0,5.11604118347168,31.349876403808594
1075,114.251340122746,22.322381132961542,0.0,5.692541165010223e-13,0.0,0.0,0.0,0.0,5.1165313720703125,471.18182373046875
1076,114.251340122746,22.322381132961542,0.0,5.692541165010223e-13,0.0,0.0,0.0,0.0,5.1165313720703125,471.18182373046875
1077,114.10354026040936,22.34854325325601,3.710341691970825,0.0,0.9260175228118896,0.0,0.0,0.0,5.108267784118652,1464.7237548828125
1078,114.10354026040936,22.34854325325601,3.710341691970825,0.0,0.9260175228118896,0.0,0.0,0.0,5.108267784118652,1464.7237548828125
1079,113.99492896968776,22.45936989447267,0.0,0.0,0.0,0.0,0.0,0.0,6.2314605712890625,71.62972259521484
1080,114.1556633515506,22.34238154514389,0.0,0.0,0.0,0.0,0.0,0.0,4.081632614135742,69.78254699707031
1081,114.1556633515506,22.34238154514389,0.0,0.0,0.0,0.0,0.0,0.0,4.081632614135742,69.78254699707031
1082,114.244409597036,22.321715906477408,1.2892952764437249e-12,0.0,0.0,0.0,1.0410524250786465e-19,0.0,5.451271057128906,17.20818519592285
1083,114.23860514073684,22.29921396466668,9.56087097513103e-13,1.7140043290445074e-32,0.0,0.0,0.0,0.0,3.1734914779663086,103.10682678222656
1084,114.23860514073684,22.29921396466668,9.56087097513103e-13,1.7140043290445074e-32,0.0,0.0,0.0,0.0,3.1734914779663086,103.10682678222656
1085,113.99492896968776,22.45936989447267,0.0,0.0,0.0,0.0,0.0,0.0,6.2314605712890625,71.62972259521484
1086,114.04821753087568,22.48240356553023,0.0,0.0,0.0,0.0,0.0,0.0,6.186732292175293,88.46954345703125
1087,114.04821753087568,22.48240356553023,0.0,0.0,0.0,0.0,0.0,0.0,6.186732292175293,88.46954345703125
1088,114.13445044340077,22.25212539767803,19.366487503051758,30.15414810180664,0.0,0.0,31.239091873168945,0.0,4.0789794921875,88.88688659667969
1089,114.13445044340077,22.25212539767803,19.366487503051758,30.15414810180664,0.0,0.0,31.239091873168945,0.0,4.0789794921875,88.88688659667969
1090,114.244409597036,22.321715906477408,1.2892952764437249e-12,0.0,0.0,0.0,1.0410524250786465e-19,0.0,5.451271057128906,17.20818519592285
1091,114.17694226727906,22.276089251360805,0.0,0.0,0.0,0.0,0.0,0.0,2.996084690093994,135.98973083496094
1092,114.17694226727906,22.276089251360805,0.0,0.0,0.0,0.0,0.0,0.0,2.996084690093994,135.98973083496094
1093,114.20024092493476,22.345153620929505,3.783987522125244,9.36312198638916,3.6829257011413574,0.0,0.0,0.0,3.1122448444366455,106.54722595214844
1094,114.1716131297446,22.33542027240877,0.0,1.5928360019845655e-10,3.638892412185669,0.0,0.0,0.0,3.3689892292022705,92.99787902832031
1095,114.1716131297446,22.33542027240877,0.0,1.5928360019845655e-10,3.638892412185669,0.0,0.0,0.0,3.3689892292022705,92.99787902832031
1096,113.96477458722836,22.387053485035903,67.65571594238281,7.3389214705343875e-09,0.0,0.0,3.5689041999464877e-11,0.0,5.348925590515137,94.80304718017578
1097,114.00677850367391,22.454325787919025,1.157357360170863e-06,0.0,5.557072271962504e-13,0.0,0.0,0.0,4.2195539474487305,59.69396209716797
1098,114.00677850367391,22.454325787919025,1.157357360170863e-06,0.0,5.557072271962504e-13,0.0,0.0,0.0,4.2195539474487305,59.69396209716797
1099,114.20024092493476,22.345153620929505,3.783987522125244,9.36312198638916,3.6829257011413574,0.0,0.0,0.0,3.1122448444366455,106.54722595214844
1100,114.0178501353098,22.440628887900488,1.7347402811104806e-12,0.0,0.0,0.0,0.0,0.0,3.9284064769744873,66.78392028808594
1101,114.0178501353098,22.440628887900488,1.7347402811104806e-12,0.0,0.0,0.0,0.0,0.0,3.9284064769744873,66.78392028808594
1102,114.1924111321312,22.384374215313947,34.55337142944336,0.010549522936344147,17.534072875976562,3.952416382793447e-24,6.39776122704494e-12,0.0,4.231527328491211,383.0519104003906
1103,114.1924111321312,22.384374215313947,34.55337142944336,0.010549522936344147,17.534072875976562,3.952416382793447e-24,6.39776122704494e-12,0.0,4.231527328491211,383.0519104003906
1104,113.96477458722836,22.387053485035903,67.65571594238281,7.3389214705343875e-09,0.0,0.0,3.5689041999464877e-11,0.0,5.348925590515137,94.80304718017578
1105,114.13941267322788,22.488248052085325,2.6001532524300153e-11,0.0,0.0,0.0,0.0,0.0,3.809401750564575,48.551673889160156
1106,114.13941267322788,22.488248052085325,2.6001532524300153e-11,0.0,0.0,0.0,0.0,0.0,3.809401750564575,48.551673889160156
1107,113.96536731535024,22.386801407709783,86.6553955078125,4.259768009185791,0.0,0.0,1.738552010688288e-11,0.0,5.3751373291015625,125.71540069580078
1108,114.18307660410991,22.32230782819056,13.53266429901123,3.785452365875244,0.0,0.0,0.0,0.0,3.7743191719055176,94.53211212158203
1109,114.18307660410991,22.32230782819056,13.53266429901123,3.785452365875244,0.0,0.0,0.0,0.0,3.7743191719055176,94.53211212158203
1110,113.9720578592491,22.406731224949603,0.0,0.0,0.0,0.0,0.0,0.0,3.8637874126434326,72.03571319580078
1111,114.22223927027365,22.28694675520949,13.737763404846191,9.395156860351562,0.0,0.0,0.0,0.0,5.311389923095703,1270.1800537109375
1112,113.96536731535024,22.386801407709783,86.6553955078125,4.259768009185791,0.0,0.0,1.738552010688288e-11,0.0,5.3751373291015625,125.71540069580078
1113,114.13174859210002,22.26737745281829,22.564769744873047,12.485918045043945,0.0,0.0,0.0,0.0,4.296296119689941,45.30774688720703
1114,114.23054378245394,22.30742565776162,5.621355377710691e-12,0.0,1.1131630556562855e-12,0.0,0.0,0.0,4.453629016876221,62.79872512817383
1115,114.23054378245394,22.30742565776162,5.621355377710691e-12,0.0,1.1131630556562855e-12,0.0,0.0,0.0,4.453629016876221,62.79872512817383
1116,113.9720578592491,22.406731224949603,0.0,0.0,0.0,0.0,0.0,0.0,3.8637874126434326,72.03571319580078
1117,114.04544605926708,22.443353805653203,45.33323287963867,5.288342475891113,0.0,2.2605039368128743e-11,0.0,0.0,5.419689178466797,49.78604507446289
1118,114.17248739001636,22.315282087360764,9.640300750732422,7.6221232414245605,4.757307880964845e-10,0.0,0.0,0.0,2.6191303730010986,129.42018127441406
1119,114.17467866616884,22.45865065651304,116.72647094726562,111.64530944824219,0.0,154.42437744140625,119.513671875,919.5191650390625,3.4606947898864746,74.09893798828125
1120,114.17467866616884,22.45865065651304,116.72647094726562,111.64530944824219,0.0,154.42437744140625,119.513671875,919.5191650390625,3.4606947898864746,74.09893798828125
1121,114.1910586346376,22.261603464625285,0.0,0.0,7.567115337114849e-13,0.0,0.0,0.0,5.4453125,26.70465850830078
1122,114.1910586346376,22.261603464625285,0.0,0.0,7.567115337114849e-13,0.0,0.0,0.0,5.4453125,26.70465850830078
1123,114.17248739001636,22.315282087360764,9.640300750732422,7.6221232414245605,4.757307880964845e-10,0.0,0.0,0.0,2.6191303730010986,129.42018127441406
1124,114.12319930781808,22.271294156172186,1.0553540068047014e-34,0.0,0.0,0.0,0.0,0.0,4.7245612144470215,648.1819458007812
1125,114.15318807801049,22.341469115368497,0.0,0.0,2.8934949922176934e-11,7.941361457319829e-11,0.0,0.0,3.83552622795105,83.71186065673828
1126,114.15318807801049,22.341469115368497,0.0,0.0,2.8934949922176934e-11,7.941361457319829e-11,0.0,0.0,3.83552622795105,83.71186065673828
1127,113.97374297632048,22.41001140582448,0.0,0.0,0.0,0.0,0.0,0.0,4.947544574737549,80.36576080322266
1128,113.97374297632048,22.41001140582448,0.0,0.0,0.0,0.0,0.0,0.0,4.947544574737549,80.36576080322266
1129,114.12456080550815,22.49683182845472,1.9281866869109483e-42,1.793210545331103e-11,0.0,0.0,0.0,0.0,4.940647602081299,53.72932815551758
1130,114.23642833893248,22.26929630111636,0.0,0.0,0.0,0.0,0.0,0.0,3.838677406311035,72.5184555053711
1131,114.1820769489562,22.32445714405055,4.441514492034912,0.0195422675460577,0.0,0.0,0.0,0.0,4.550387382507324,100.82292938232422
1132,114.1820769489562,22.32445714405055,4.441514492034912,0.0195422675460577,0.0,0.0,0.0,0.0,4.550387382507324,100.82292938232422
1133,114.13381133265597,22.343379609177543,0.0,0.0,13.516544342041016,0.0,2.2694990147158894e-13,0.0,4.581613540649414,57.001060485839844
1134,114.13381133265597,22.343379609177543,0.0,0.0,13.516544342041016,0.0,2.2694990147158894e-13,0.0,4.581613540649414,57.001060485839844
1135,114.12456080550815,22.49683182845472,1.9281866869109483e-42,1.793210545331103e-11,0.0,0.0,0.0,0.0,4.940647602081299,53.72932815551758
1136,114.17399189133052,22.30933095374529,90.10948944091797,20.946147918701172,2.0525417476768837e-10,1.0404876613079317e-11,4.964845180511475,0.0,4.771850109100342,92.07686614990234
1137,114.23642833893248,22.26929630111636,0.0,0.0,0.0,0.0,0.0,0.0,3.838677406311035,72.5184555053711
1138,114.2012857264535,22.379939129988315,22.616514205932617,55.16158676147461,58.33842849731445,0.0,4.526899254758687e-12,0.0,6.690635681152344,217.58949279785156
1139,114.2012857264535,22.379939129988315,22.616514205932617,55.16158676147461,58.33842849731445,0.0,4.526899254758687e-12,0.0,6.690635681152344,217.58949279785156
1140,114.13390896184696,22.34157352170024,0.0,0.0,29.88448715209961,0.0,1.2545854925685024e-13,0.0,4.042505741119385,65.28627014160156
1141,114.13390896184696,22.34157352170024,0.0,0.0,29.88448715209961,0.0,1.2545854925685024e-13,0.0,4.042505741119385,65.28627014160156
1142,113.97621408594271,22.407079594108044,0.0,0.0,0.0,0.0,0.0,0.0,5.004549503326416,70.1653060913086
1143,114.17399189133052,22.30933095374529,90.10948944091797,20.946147918701172,2.0525417476768837e-10,1.0404876613079317e-11,4.964845180511475,0.0,4.771850109100342,92.07686614990234
1144,114.13127228122168,22.2701406983459,6.449433435223861e-12,0.0,0.0,0.0,0.0,0.0,3.8104476928710938,54.25957489013672
1145,114.13127228122168,22.2701406983459,6.449433435223861e-12,0.0,0.0,0.0,0.0,0.0,3.8104476928710938,54.25957489013672
1146,114.26956594909352,22.31881368185661,0.0,0.0,2.218715391532483e-13,0.0,0.0,0.0,4.88095235824585,680.6759643554688
1147,114.26956594909352,22.31881368185661,0.0,0.0,2.218715391532483e-13,0.0,0.0,0.0,4.88095235824585,680.6759643554688
1148,113.97621408594271,22.407079594108044,0.0,0.0,0.0,0.0,0.0,0.0,5.004549503326416,70.1653060913086
1149,114.22698768154709,22.323338707603625,0.0,0.0,1.825204223870891e-11,0.0,8.128425233247527e-13,0.0,3.538987636566162,69.67713165283203
1150,114.11946228645584,22.369961101463986,0.0,0.0,0.0,0.0,0.0,0.0,2.664804458618164,128.19540405273438
1151,114.11946228645584,22.369961101463986,0.0,0.0,0.0,0.0,0.0,0.0,2.664804458618164,128.19540405273438
1152,114.22148683117828,22.33146784154484,0.0,3.752696070558059e-12,0.0,0.0,4.86221002696241e-12,0.0,3.9515788555145264,35.8729248046875
1153,114.19372250230154,22.388157871598704,5.0459816880454866e-11,1.797218840762782e-12,212.51170349121094,5.210581290152659e-24,2.8804296187817657e-12,0.0,3.809840440750122,2168.640625
1154,114.16748417366726,22.241284812716174,28.347749710083008,29.5775146484375,0.0,0.0,12.49240493774414,0.0,6.539999961853027,30.24614143371582
1155,114.1253014767682,22.35963212671965,0.0,0.0,13.705540657043457,0.0,0.0,0.0,3.0525059700012207,92.07926177978516
1156,114.1253014767682,22.35963212671965,0.0,0.0,13.705540657043457,0.0,0.0,0.0,3.0525059700012207,92.07926177978516
1157,114.22148683117828,22.33146784154484,0.0,3.752696070558059e-12,0.0,0.0,4.86221002696241e-12,0.0,3.9515788555145264,35.8729248046875
1158,114.24362538466232,22.26463368622988,7.5440778732299805,0.0,5.071445108480177e-13,0.0,0.0,0.0,3.628099203109741,109.27998352050781
1159,114.2153599011845,22.218125818904177,0.0,0.0,0.0,0.0,0.0,0.0,3.9329984188079834,73.02784729003906
1160,114.1668826205177,22.24294642215834,26.470487594604492,23.562471389770508,0.0,0.0,2.7076239585876465,0.0,5.458333492279053,55.6483039855957
1161,114.1668826205177,22.24294642215834,26.470487594604492,23.562471389770508,0.0,0.0,2.7076239585876465,0.0,5.458333492279053,55.6483039855957
1162,114.2163142627076,22.33557809689757,30.162687301635742,5.247462272644043,7.370686054229736,0.0,0.0,0.0,3.997084617614746,66.2295150756836
1163,114.16950653506696,22.338463494628247,3.5926778219064204e-10,3.4037142548903887e-10,3.92963162010318e-10,0.0,1.1500350671767023e-10,0.0,3.5953757762908936,73.72588348388672
1164,113.96695739695627,22.40137865293749,0.0,0.0,1.3703174706058974e-10,0.0,0.0,0.0,3.9464285373687744,64.76892852783203
1165,114.1730855877652,22.44803082344617,139.53350830078125,115.28770446777344,3.751708665955533e-10,0.0,204.3540496826172,918.9163208007812,3.653017282485962,1156.7642822265625
1166,114.10611775193672,22.377342793989097,18.47270393371582,54.3648681640625,0.0013395155547186732,7.152117006276049e-12,23.954439163208008,0.0,3.662393093109131,149.87721252441406
1167,113.97923002521924,22.38964547624849,0.0,1.9808761575479394e-10,6.693313871902751e-12,0.0,1.1223963425344152e-10,0.0,3.142066478729248,158.50848388671875
1168,114.17845699476402,22.367821992850427,1.183231681037289e-12,1.1606221626131452e-12,0.0,0.0,6.258405252368426e-12,0.0,4.5948662757873535,76.38166046142578
1169,114.20386941975303,22.38402954642804,1.0864086540107731e-11,7.847125726989645e-12,89.3765640258789,0.0,3.14774270017415e-12,0.0,4.426767826080322,2090.840576171875
1170,113.9744524674052,22.389540233623315,8.079412139316844e-12,1.9604483314505927e-10,0.0,0.0,1.1234908142698785e-10,0.0,3.0942623615264893,1137.4437255859375
1171,114.21151694569622,22.32742458100589,0.0,3.1007885932922363,11.318102836608887,0.0,11.161151885986328,0.0,4.169461727142334,470.8641052246094
1172,114.14216203266368,22.49125579145029,0.0,0.0,0.0,0.0,0.0,0.0,4.410394191741943,59.04627227783203
1173,114.02646610695408,22.441242181600327,0.0,0.0,3.197246070327231e-12,0.0,0.0,0.0,2.867231607437134,142.7774200439453
1174,114.2392364791957,22.300432855769685,1.0918926353353786e-12,1.1239745713396704e-21,0.0,0.0,0.0,0.0,3.272409677505493,86.97591400146484
1175,114.23459030928568,22.42388211140221,14.862900733947754,15.669351577758789,0.38112446665763855,0.0,7.747768402099609,0.0,4.009293556213379,563.6331787109375
1176,114.26608228877768,22.320016704883106,0.0,0.0,1.2479318793612304e-12,0.0,0.0,0.0,4.934633255004883,1445.1065673828125
1177,113.97721969567664,22.403387381279856,0.0,0.0,9.123408972744329e-11,0.0,0.0,0.0,2.9909160137176514,77.83174133300781
1178,114.1880352957001,22.30775926596513,8.055868689618368e-40,0.0,0.0,4.1402947043023275e-11,9.763120216790822e-13,0.0,2.483524799346924,1007.1585693359375
1179,114.13532331764335,22.25295644424658,33.73161315917969,28.223888397216797,0.0,0.0,62.18601989746094,0.0,3.807385206222534,83.11812591552734
1180,114.14550266242088,22.501605309852668,0.0,4.091182254084558e-12,0.0,0.0,23.087804794311523,0.0,4.417895793914795,68.01708984375
1181,114.14550266242088,22.501605309852668,0.0,4.091182254084558e-12,0.0,0.0,23.087804794311523,0.0,4.417895793914795,68.01708984375
1182,114.10302150437448,22.35658020897393,5.734260722506379e-12,0.0,3.6841323375701904,0.0,0.0,0.0,3.7279651165008545,1797.5433349609375
1183,114.12886359848603,22.362522995863376,0.0,0.0,7.706883907318115,0.0,1.42355734405325e-12,0.0,3.2523276805877686,92.48269653320312
1184,114.23367164021914,22.31435106277988,2.1502073125484467e-12,1.8872513415316844e-13,0.0,0.0,0.0,0.0,3.3472378253936768,64.91179656982422
1185,114.17831096754244,22.331112763447138,0.0,0.0,6.503276107731881e-13,0.0,0.0,0.0,1.5345317125320435,126.98336029052734
1186,114.17831096754244,22.331112763447138,0.0,0.0,6.503276107731881e-13,0.0,0.0,0.0,1.5345317125320435,126.98336029052734
1187,114.17831096754244,22.331112763447138,0.0,0.0,6.503276107731881e-13,0.0,0.0,0.0,1.5345317125320435,126.98336029052734
1188,114.17831096754244,22.331112763447138,0.0,0.0,6.503276107731881e-13,0.0,0.0,0.0,1.5345317125320435,126.98336029052734
1189,114.1973724411804,22.379325598196218,112.63661193847656,85.56597900390625,75.83790588378906,0.0,2.675537092225455e-12,0.0,4.902204990386963,71.8821029663086
1190,114.03063973641471,22.44464145864756,0.0,0.0,9.559492086808064e-12,0.0,0.0,0.0,2.832092046737671,154.21856689453125
1191,114.03063973641471,22.44464145864756,0.0,0.0,9.559492086808064e-12,0.0,0.0,0.0,2.832092046737671,154.21856689453125
1192,114.03063973641471,22.44464145864756,0.0,0.0,9.559492086808064e-12,0.0,0.0,0.0,2.832092046737671,154.21856689453125
1193,114.10736485461544,22.34924932208367,6.270328998565674,0.0,12.861760139465332,0.0,0.0,0.0,4.1425042152404785,1716.15869140625
1194,114.17519510187796,22.330218734335894,0.0,0.0,0.0,0.0,0.0,0.0,1.3513189554214478,129.34666442871094
1195,113.97803228232826,22.412463991345835,0.0,0.0,0.0,0.0,0.0,0.0,4.521810531616211,105.23483276367188
1196,114.22161734252649,22.31459866597851,0.0,3.48369705478746e-12,7.520481586456299,0.0,0.0,0.0,2.931764602661133,137.20269775390625
1197,114.22161734252649,22.31459866597851,0.0,3.48369705478746e-12,7.520481586456299,0.0,0.0,0.0,2.931764602661133,137.20269775390625
1198,114.26703183447592,22.31746052314412,0.0,0.0,5.481019826371336e-13,0.0,0.0,0.0,4.537003517150879,2063.7060546875
1199,113.96757513962456,22.403917012402943,0.0,0.0,4.7241828504684946e-11,0.0,0.0,0.0,3.8384459018707275,61.58781814575195
1200,114.15757868590325,22.250043697397555,22.703468322753906,11.113780975341797,0.0,0.0,0.0,0.0,3.5313868522644043,84.65923309326172
1201,114.15757868590325,22.250043697397555,22.703468322753906,11.113780975341797,0.0,0.0,0.0,0.0,3.5313868522644043,84.65923309326172
1202,114.15757868590325,22.250043697397555,22.703468322753906,11.113780975341797,0.0,0.0,0.0,0.0,3.5313868522644043,84.65923309326172
1203,114.22047193385367,22.2828924866834,0.0,1.7696391019228486e-09,0.0,0.0,0.0,0.0,4.107810020446777,252.95042419433594
1204,114.22047193385367,22.2828924866834,0.0,1.7696391019228486e-09,0.0,0.0,0.0,0.0,4.107810020446777,252.95042419433594
1205,114.22047193385367,22.2828924866834,0.0,1.7696391019228486e-09,0.0,0.0,0.0,0.0,4.107810020446777,252.95042419433594
1206,114.2137790235444,22.21834292253577,0.0,0.0,0.0,0.0,5.679360047243147e-20,0.0,3.4693593978881836,78.46965789794922
1207,114.17535044632032,22.32671486908537,0.0,0.0,0.0,0.0,0.0,0.0,2.676501512527466,110.48461151123047
1208,114.1512370198971,22.340656067628903,0.0,0.0,3.453569721867389e-11,1.021135190293343e-10,0.0,0.0,3.867567539215088,94.594970703125
1209,114.2137790235444,22.21834292253577,0.0,0.0,0.0,0.0,5.679360047243147e-20,0.0,3.4693593978881836,78.46965789794922
1210,114.19556389345765,22.28818922205704,6.462713475485771e-09,3.3763577938079834,6.301897198524031e-11,7.149664109627871e-24,0.0,0.0,3.4480578899383545,142.0923309326172
1211,114.19556389345765,22.28818922205704,6.462713475485771e-09,3.3763577938079834,6.301897198524031e-11,7.149664109627871e-24,0.0,0.0,3.4480578899383545,142.0923309326172
1212,114.1780003192917,22.32735604322908,0.0,0.0,0.0,0.0,0.0,0.0,2.494208574295044,120.85830688476562
1213,114.1780003192917,22.32735604322908,0.0,0.0,0.0,0.0,0.0,0.0,2.494208574295044,120.85830688476562
1214,114.1950595692844,22.290302446353408,11.322147369384766,26.560094833374023,6.687471409971835e-11,7.536866229763837e-24,0.016935676336288452,0.0,3.94538950920105,173.47344970703125
1215,114.15581302231962,22.25036858287784,15.145977020263672,15.947029113769531,0.0,0.0,0.0,0.0,2.9581151008605957,121.159423828125
1216,114.2063646644372,22.336365875672755,40.89493179321289,9.459630012512207,22.090686798095703,0.0,0.0,0.0,4.8525800704956055,99.73632049560547
1217,114.2063646644372,22.336365875672755,40.89493179321289,9.459630012512207,22.090686798095703,0.0,0.0,0.0,4.8525800704956055,99.73632049560547
1218,114.2063646644372,22.336365875672755,40.89493179321289,9.459630012512207,22.090686798095703,0.0,0.0,0.0,4.8525800704956055,99.73632049560547
1219,114.2641299617248,22.31773302907822,0.0,0.0,2.1044990836799338e-12,0.0,0.0,0.0,4.320554733276367,1683.59326171875
1220,114.09939303663326,22.369573461122435,1.1204049840674024e-12,0.0,14.736529350280762,0.0,0.0,0.0,4.775000095367432,1128.57177734375
1221,114.1950595692844,22.290302446353408,11.322147369384766,26.560094833374023,6.687471409971835e-11,7.536866229763837e-24,0.016935676336288452,0.0,3.94538950920105,173.47344970703125
1222,114.1720988686174,22.32400563044064,0.0,5.39497196916372e-11,5.003435998851558e-10,0.0,0.0,0.0,3.4010839462280273,111.16731262207031
1223,114.1907675994254,22.2618473176315,0.0,0.0,0.0,0.0,0.0,0.0,5.431579113006592,31.308319091796875
1224,114.22555836898844,22.31615079232983,0.0,5.297483372107559e-13,1.4286447025391169e-11,0.0,0.0,0.0,2.6458797454833984,126.07841491699219
1225,114.1375648168358,22.286009173302165,0.0,7.007155272686916e-12,0.0,0.0,0.0,0.0,2.6200902462005615,192.83892822265625
1226,114.16807996497148,22.332033653204736,5.198006469697702e-10,3.2671643168669107e-10,1.849245583052106e-11,0.0,1.8216210484478523e-10,0.0,3.3644068241119385,108.83132934570312
1227,114.16807996497148,22.332033653204736,5.198006469697702e-10,3.2671643168669107e-10,1.849245583052106e-11,0.0,1.8216210484478523e-10,0.0,3.3644068241119385,108.83132934570312
1228,114.22555836898844,22.31615079232983,0.0,5.297483372107559e-13,1.4286447025391169e-11,0.0,0.0,0.0,2.6458797454833984,126.07841491699219
1229,114.22555836898844,22.31615079232983,0.0,5.297483372107559e-13,1.4286447025391169e-11,0.0,0.0,0.0,2.6458797454833984,126.07841491699219
1230,114.22085093155007,22.315664486330075,0.0,2.962907913808821e-12,6.775810809740129e-21,0.0,0.0,0.0,2.9445865154266357,127.99363708496094
1231,114.20910433933916,22.21936438669773,0.0,0.0,0.0,0.0,0.9813764691352844,0.0,4.345758438110352,97.81324768066406
1232,114.22085093155007,22.315664486330075,0.0,2.962907913808821e-12,6.775810809740129e-21,0.0,0.0,0.0,2.9445865154266357,127.99363708496094
1233,114.22085093155007,22.315664486330075,0.0,2.962907913808821e-12,6.775810809740129e-21,0.0,0.0,0.0,2.9445865154266357,127.99363708496094
1234,114.1472879357155,22.285767406757675,0.0,0.0,0.0,0.0,1.2585151020275132e-12,0.0,2.7017672061920166,166.0086212158203
1235,114.1472879357155,22.285767406757675,0.0,0.0,0.0,0.0,1.2585151020275132e-12,0.0,2.7017672061920166,166.0086212158203
1236,114.1472879357155,22.285767406757675,0.0,0.0,0.0,0.0,1.2585151020275132e-12,0.0,2.7017672061920166,166.0086212158203
1237,114.15424654796256,22.278923302553256,10.879107475280762,9.380029678344727,1.3071132717867862e-11,0.0,7.760493278503418,0.0,3.218724012374878,113.7283935546875
1238,114.15424654796256,22.278923302553256,10.879107475280762,9.380029678344727,1.3071132717867862e-11,0.0,7.760493278503418,0.0,3.218724012374878,113.7283935546875
1239,114.2081710686176,22.340284804897376,21.94449234008789,26.476287841796875,3.00075096232431e-31,0.0,0.0,0.0,3.8830935955047607,77.42609405517578
1240,114.16944021104892,22.3075698419814,143.61929321289062,92.73021697998047,3.8481076658491986e-10,4.543125944889148e-11,152.63467407226562,0.0,1.9262458086013794,153.38357543945312
1241,114.16944021104892,22.3075698419814,143.61929321289062,92.73021697998047,3.8481076658491986e-10,4.543125944889148e-11,152.63467407226562,0.0,1.9262458086013794,153.38357543945312
1242,114.2006781930972,22.29049136114625,1.8971762095337796e-12,1.8279286504579995e-12,3.685343027114868,0.0,3.9491420387744586e-15,0.0,2.792114734649658,158.1657257080078
1243,114.2006781930972,22.29049136114625,1.8971762095337796e-12,1.8279286504579995e-12,3.685343027114868,0.0,3.9491420387744586e-15,0.0,2.792114734649658,158.1657257080078
1244,114.19712415276766,22.341117377527134,3.7745654582977295,0.0027365458663553,9.80268669128418,2.7523027633733172e-24,0.0,0.0,2.880671262741089,74.80934143066406
1245,114.19712415276766,22.341117377527134,3.7745654582977295,0.0027365458663553,9.80268669128418,2.7523027633733172e-24,0.0,0.0,2.880671262741089,74.80934143066406
1246,114.19712415276766,22.341117377527134,3.7745654582977295,0.0027365458663553,9.80268669128418,2.7523027633733172e-24,0.0,0.0,2.880671262741089,74.80934143066406
1247,114.13968047236482,22.285034363119216,0.0,0.0,0.0,0.0,0.0,0.0,3.0073776245117188,167.6920623779297
1248,114.13968047236482,22.285034363119216,0.0,0.0,0.0,0.0,0.0,0.0,3.0073776245117188,167.6920623779297
1249,114.17618515060757,22.33812952768552,0.0,0.0,7.565129280090332,0.0,0.0,0.0,2.797772169113159,102.40325164794922
1250,114.17618515060757,22.33812952768552,0.0,0.0,7.565129280090332,0.0,0.0,0.0,2.797772169113159,102.40325164794922
1251,114.17794216773824,22.338409472946804,0.0,0.0,2.1381027698516846,0.0,0.0,0.0,3.3763537406921387,109.49131774902344
1252,114.17794216773824,22.338409472946804,0.0,0.0,2.1381027698516846,0.0,0.0,0.0,3.3763537406921387,109.49131774902344
1253,114.2090817316709,22.33231062863957,60.021785736083984,35.80366134643555,39.29072570800781,0.0,7.194973241329838e-13,0.0,4.341739177703857,232.42691040039062
1254,114.2090817316709,22.33231062863957,60.021785736083984,35.80366134643555,39.29072570800781,0.0,7.194973241329838e-13,0.0,4.341739177703857,232.42691040039062
1255,114.23106680207673,22.27953892758142,5.675327395537888e-12,0.0,2.0200546964332933e-12,0.0,1.3524678951978378e-34,0.0,3.3822269439697266,120.99681091308594
1256,114.23106680207673,22.27953892758142,5.675327395537888e-12,0.0,2.0200546964332933e-12,0.0,1.3524678951978378e-34,0.0,3.3822269439697266,120.99681091308594
1257,114.17777711576824,22.334237348029657,0.0,0.0,2.3797257567292895e-12,0.0,0.0,0.0,2.3559322357177734,125.3980941772461
1258,114.17777711576824,22.334237348029657,0.0,0.0,2.3797257567292895e-12,0.0,0.0,0.0,2.3559322357177734,125.3980941772461
1259,114.17707820667682,22.33115792292302,0.0,0.0,7.06545878661341e-13,0.0,0.0,0.0,1.476523518562317,129.6201934814453
1260,114.17707820667682,22.33115792292302,0.0,0.0,7.06545878661341e-13,0.0,0.0,0.0,1.476523518562317,129.6201934814453
1261,114.18619218706964,22.320844722317936,1.0677521228790283,2.1929450035095215,0.0,0.0,0.0,0.0,2.745260715484619,118.95939636230469
1262,114.23106680207673,22.27953892758142,5.675327395537888e-12,0.0,2.0200546964332933e-12,0.0,1.3524678951978378e-34,0.0,3.3822269439697266,120.99681091308594
1263,114.21017888386304,22.33347535123076,82.4250717163086,29.7998104095459,15.801777839660645,0.0,0.0,0.0,4.063088417053223,73.56636810302734
1264,114.21017888386304,22.33347535123076,82.4250717163086,29.7998104095459,15.801777839660645,0.0,0.0,0.0,4.063088417053223,73.56636810302734
1265,114.17399138650042,22.33429150937682,0.0,0.0,9.584849976818077e-06,0.0,0.0,0.0,2.8315584659576416,130.47164916992188
1266,114.17399138650042,22.33429150937682,0.0,0.0,9.584849976818077e-06,0.0,0.0,0.0,2.8315584659576416,130.47164916992188
1267,114.17399138650042,22.33429150937682,0.0,0.0,9.584849976818077e-06,0.0,0.0,0.0,2.8315584659576416,130.47164916992188
1268,114.21017888386304,22.33347535123076,82.4250717163086,29.7998104095459,15.801777839660645,0.0,0.0,0.0,4.063088417053223,73.56636810302734
1269,114.18706684403335,22.33607023466202,0.0,0.0,167.10333251953125,0.0,0.0,0.0,3.6888656616210938,66.37933349609375
1270,114.18706684403335,22.33607023466202,0.0,0.0,167.10333251953125,0.0,0.0,0.0,3.6888656616210938,66.37933349609375
1271,114.18706684403335,22.33607023466202,0.0,0.0,167.10333251953125,0.0,0.0,0.0,3.6888656616210938,66.37933349609375
1272,114.16541049208308,22.333153278958484,3.761049527373217e-10,2.689681593767701e-12,0.0,0.0,1.4116445512524223e-10,0.0,3.107816696166992,148.27838134765625
1273,114.16541049208308,22.333153278958484,3.761049527373217e-10,2.689681593767701e-12,0.0,0.0,1.4116445512524223e-10,0.0,3.107816696166992,148.27838134765625
1274,114.22755644319211,22.312528909924545,3.293512110171676e-13,0.0,1.8476175450699017e-11,0.0,0.0,0.0,2.8181817531585693,154.61097717285156
1275,114.16536178912028,22.33521224727583,3.6630465327647244e-10,0.0,0.0,0.0,1.3838236112562186e-10,0.0,3.661224603652954,98.60920715332031
1276,114.14102590882302,22.336292366598936,0.0,0.0,0.0,0.0,0.0,0.0,3.9617137908935547,119.00709533691406
1277,114.14102590882302,22.336292366598936,0.0,0.0,0.0,0.0,0.0,0.0,3.9617137908935547,119.00709533691406
1278,114.16541049208308,22.333153278958484,3.761049527373217e-10,2.689681593767701e-12,0.0,0.0,1.4116445512524223e-10,0.0,3.107816696166992,148.27838134765625
1279,114.23801596248396,22.305643982112773,7.393080288589648e-13,3.492617707632345e-13,0.0,0.0,0.0,0.0,4.380761623382568,58.812564849853516
1280,114.18513155166598,22.275601384359067,0.0,0.0,0.0,0.0,0.0,0.0,3.374316930770874,94.19723510742188
1281,114.18513155166598,22.275601384359067,0.0,0.0,0.0,0.0,0.0,0.0,3.374316930770874,94.19723510742188
1282,114.18513155166598,22.275601384359067,0.0,0.0,0.0,0.0,0.0,0.0,3.374316930770874,94.19723510742188
1283,114.17745678222336,22.333632300834616,0.0,0.0,2.4270991032943057e-12,0.0,0.0,0.0,1.7517039775848389,126.61746215820312
1284,114.14102590882302,22.336292366598936,0.0,0.0,0.0,0.0,0.0,0.0,3.9617137908935547,119.00709533691406
1285,114.20026119334236,22.292116934415727,0.0,1.7626418987587433e-12,3.691408395767212,0.0,15.778779029846191,0.0,3.497645139694214,201.95143127441406
1286,114.17745678222336,22.333632300834616,0.0,0.0,2.4270991032943057e-12,0.0,0.0,0.0,1.7517039775848389,126.61746215820312
1287,114.17745678222336,22.333632300834616,0.0,0.0,2.4270991032943057e-12,0.0,0.0,0.0,1.7517039775848389,126.61746215820312
1288,114.16061654790484,22.322126525951223,6.614293011418149e-17,0.0,0.0,0.0,0.0,0.0,2.8915481567382812,1458.7904052734375
1289,114.16061654790484,22.322126525951223,6.614293011418149e-17,0.0,0.0,0.0,0.0,0.0,2.8915481567382812,1458.7904052734375
1290,114.18578477706616,22.32468274637132,11.3257417678833,6.257458686828613,0.0,0.0,0.0,0.0,3.922257661819458,112.62416076660156
1291,114.18593897146276,22.307623938127907,0.0,0.0,0.0,4.4752798689096096e-11,1.1624622705402876e-12,0.0,2.2491228580474854,1211.6728515625
1292,114.16061654790484,22.322126525951223,6.614293011418149e-17,0.0,0.0,0.0,0.0,0.0,2.8915481567382812,1458.7904052734375
1293,114.23390379415966,22.264628361999613,1.189515283148146e-12,0.0,1.7261120918016237e-12,0.0,0.0,0.0,2.867021322250366,101.01449584960938
1294,114.23390379415966,22.264628361999613,1.189515283148146e-12,0.0,1.7261120918016237e-12,0.0,0.0,0.0,2.867021322250366,101.01449584960938
1295,114.13916177498588,22.33764652999759,0.0,0.0,2.50539493560791,0.0,0.0,0.0,4.087912082672119,118.80056762695312
1296,114.18578477706616,22.32468274637132,11.3257417678833,6.257458686828613,0.0,0.0,0.0,0.0,3.922257661819458,112.62416076660156
1297,114.18578477706616,22.32468274637132,11.3257417678833,6.257458686828613,0.0,0.0,0.0,0.0,3.922257661819458,112.62416076660156
1298,114.23390379415966,22.264628361999613,1.189515283148146e-12,0.0,1.7261120918016237e-12,0.0,0.0,0.0,2.867021322250366,101.01449584960938
1299,114.2224013012577,22.280893477216903,0.0,3.811401715070328e-12,0.0,0.0,0.0,0.0,3.289177417755127,212.22991943359375
1300,114.13916177498588,22.33764652999759,0.0,0.0,2.50539493560791,0.0,0.0,0.0,4.087912082672119,118.80056762695312
1301,114.13916177498588,22.33764652999759,0.0,0.0,2.50539493560791,0.0,0.0,0.0,4.087912082672119,118.80056762695312
1302,114.22257205506682,22.280818474925493,0.0,3.812255632701378e-12,0.0,0.0,0.0,0.0,3.3437771797180176,234.5321807861328
1303,114.22257205506682,22.280818474925493,0.0,3.812255632701378e-12,0.0,0.0,0.0,0.0,3.3437771797180176,234.5321807861328
1304,114.2224013012577,22.280893477216903,0.0,3.811401715070328e-12,0.0,0.0,0.0,0.0,3.289177417755127,212.22991943359375
1305,114.2224013012577,22.280893477216903,0.0,3.811401715070328e-12,0.0,0.0,0.0,0.0,3.289177417755127,212.22991943359375
1306,114.22230777363582,22.31870739484948,0.0,3.688000859564111e-12,0.0,0.0,0.0,0.0,2.751068353652954,95.9628677368164
1307,114.22230777363582,22.31870739484948,0.0,3.688000859564111e-12,0.0,0.0,0.0,0.0,2.751068353652954,95.9628677368164
1308,114.22612520001002,22.3272492157602,0.0,1.401298464324817e-45,1.6367296407082677e-11,0.0,0.3571760356426239,0.0,3.39155912399292,75.09490203857422
1309,114.22612520001002,22.3272492157602,0.0,1.401298464324817e-45,1.6367296407082677e-11,0.0,0.3571760356426239,0.0,3.39155912399292,75.09490203857422
1310,114.22612520001002,22.3272492157602,0.0,1.401298464324817e-45,1.6367296407082677e-11,0.0,0.3571760356426239,0.0,3.39155912399292,75.09490203857422
1311,114.17538923288178,22.33054383714048,0.0,0.0,0.0,0.0,0.0,0.0,1.33217191696167,133.40658569335938
1312,114.14087087251043,22.33520866328044,0.0,0.0,0.0,0.0,0.0,0.0,4.019608020782471,95.09547424316406
1313,114.12701813602372,22.28262882395462,0.0,0.0,0.0,0.0,0.0,0.0,2.503833532333374,124.73657989501953
1314,114.18633800874488,22.324249246608154,10.819228172302246,6.278056621551514,0.0,0.0,0.0,0.0,3.5076253414154053,115.025390625
1315,114.18633800874488,22.324249246608154,10.819228172302246,6.278056621551514,0.0,0.0,0.0,0.0,3.5076253414154053,115.025390625
1316,114.16739997467992,22.33963736013444,5.354717780292617e-10,2.78486844695891e-10,6.079156492057161e-31,0.0,1.8616291841411226e-10,0.0,3.4785714149475098,60.47983169555664
1317,114.16739997467992,22.33963736013444,5.354717780292617e-10,2.78486844695891e-10,6.079156492057161e-31,0.0,1.8616291841411226e-10,0.0,3.4785714149475098,60.47983169555664
1318,114.18088293850516,22.31984254608436,11.738032341003418,3.1514549255371094,0.0,0.0,0.0,0.0,2.9291939735412598,108.9061050415039
1319,114.18088293850516,22.31984254608436,11.738032341003418,3.1514549255371094,0.0,0.0,0.0,0.0,2.9291939735412598,108.9061050415039
1320,114.18088293850516,22.31984254608436,11.738032341003418,3.1514549255371094,0.0,0.0,0.0,0.0,2.9291939735412598,108.9061050415039
1321,114.1862411661573,22.32753638600145,7.524019718170166,5.756394574332399e-14,4.668453402700834e-05,0.0,0.0,0.0,2.7204861640930176,140.42250061035156
1322,114.1862411661573,22.32753638600145,7.524019718170166,5.756394574332399e-14,4.668453402700834e-05,0.0,0.0,0.0,2.7204861640930176,140.42250061035156
1323,114.21226358396817,22.324399173163204,0.0,0.0,1.9492096696097906e-31,0.0,1.6387474909317352e-33,0.0,3.713108539581299,482.70166015625
1324,114.21226358396817,22.324399173163204,0.0,0.0,1.9492096696097906e-31,0.0,1.6387474909317352e-33,0.0,3.713108539581299,482.70166015625
1325,114.21226358396817,22.324399173163204,0.0,0.0,1.9492096696097906e-31,0.0,1.6387474909317352e-33,0.0,3.713108539581299,482.70166015625
1326,114.1912937124328,22.2832950564244,0.0,0.0,2.9307634877989708e-12,1.219591455028423e-22,0.0,0.0,2.74595046043396,102.98595428466797
1327,114.1912937124328,22.2832950564244,0.0,0.0,2.9307634877989708e-12,1.219591455028423e-22,0.0,0.0,2.74595046043396,102.98595428466797
1328,114.15600459942344,22.33239377454068,0.0,0.0,0.0,0.0,0.0,0.0,3.4012606143951416,188.4537811279297
1329,114.15600459942344,22.33239377454068,0.0,0.0,0.0,0.0,0.0,0.0,3.4012606143951416,188.4537811279297
1330,114.15600459942344,22.33239377454068,0.0,0.0,0.0,0.0,0.0,0.0,3.4012606143951416,188.4537811279297
1331,114.15701420417392,22.33175272995799,0.0,0.0,0.0,0.0,0.0,0.0,3.4887585639953613,185.27333068847656
1332,114.15701420417392,22.33175272995799,0.0,0.0,0.0,0.0,0.0,0.0,3.4887585639953613,185.27333068847656
1333,114.15701420417392,22.33175272995799,0.0,0.0,0.0,0.0,0.0,0.0,3.4887585639953613,185.27333068847656
1334,114.20982858001923,22.32984512981008,45.3626708984375,76.44697570800781,89.41195678710938,0.0,4.142120240552272e-12,0.0,3.629310369491577,1142.921142578125
1335,114.20982858001923,22.32984512981008,45.3626708984375,76.44697570800781,89.41195678710938,0.0,4.142120240552272e-12,0.0,3.629310369491577,1142.921142578125
1336,114.20982858001923,22.32984512981008,45.3626708984375,76.44697570800781,89.41195678710938,0.0,4.142120240552272e-12,0.0,3.629310369491577,1142.921142578125
1337,114.21384825050528,22.33401638928756,71.87210083007812,36.25373840332031,3.701864719390869,0.0,0.0,0.0,3.7510547637939453,92.2593765258789
1338,114.21384825050528,22.33401638928756,71.87210083007812,36.25373840332031,3.701864719390869,0.0,0.0,0.0,3.7510547637939453,92.2593765258789
1339,114.21384825050528,22.33401638928756,71.87210083007812,36.25373840332031,3.701864719390869,0.0,0.0,0.0,3.7510547637939453,92.2593765258789
1340,114.1511768761592,22.24471471591217,3.928612264062631e-13,0.0,2.9162720849296164e-11,0.0,0.3634254038333893,0.0,3.2526798248291016,327.880859375
1341,114.1511768761592,22.24471471591217,3.928612264062631e-13,0.0,2.9162720849296164e-11,0.0,0.3634254038333893,0.0,3.2526798248291016,327.880859375
1342,114.1511768761592,22.24471471591217,3.928612264062631e-13,0.0,2.9162720849296164e-11,0.0,0.3634254038333893,0.0,3.2526798248291016,327.880859375
1343,114.1791933808984,22.277443830422115,0.0,0.0,0.0,0.0,0.0,0.0,2.5862534046173096,161.81260681152344
1344,114.1791933808984,22.277443830422115,0.0,0.0,0.0,0.0,0.0,0.0,2.5862534046173096,161.81260681152344
1345,114.1791933808984,22.277443830422115,0.0,0.0,0.0,0.0,0.0,0.0,2.5862534046173096,161.81260681152344
1346,114.25332141904728,22.306838557496963,0.0,0.0,0.0,0.0,0.0,0.0,5.1364827156066895,1838.0628662109375
1347,114.25332141904728,22.306838557496963,0.0,0.0,0.0,0.0,0.0,0.0,5.1364827156066895,1838.0628662109375
1348,114.25332141904728,22.306838557496963,0.0,0.0,0.0,0.0,0.0,0.0,5.1364827156066895,1838.0628662109375
1349,114.19786422127996,22.291692823434488,3.0546997148995947e-35,6.931020259857178,2.6002646013483822e-14,0.0,31.093042373657227,0.0,3.8176000118255615,208.93910217285156
1350,114.19786422127996,22.291692823434488,3.0546997148995947e-35,6.931020259857178,2.6002646013483822e-14,0.0,31.093042373657227,0.0,3.8176000118255615,208.93910217285156
1351,114.19786422127996,22.291692823434488,3.0546997148995947e-35,6.931020259857178,2.6002646013483822e-14,0.0,31.093042373657227,0.0,3.8176000118255615,208.93910217285156
1352,114.18991935617515,22.321259871521928,1.0957270577948868e-25,8.92766456672689e-06,11.070579528808594,0.0,0.0,0.0,2.9801430702209473,137.74822998046875
1353,114.18991935617515,22.321259871521928,1.0957270577948868e-25,8.92766456672689e-06,11.070579528808594,0.0,0.0,0.0,2.9801430702209473,137.74822998046875
1354,114.18991935617515,22.321259871521928,1.0957270577948868e-25,8.92766456672689e-06,11.070579528808594,0.0,0.0,0.0,2.9801430702209473,137.74822998046875
1355,114.19799771610045,22.34039482012944,3.777125358581543,3.120853900909424,11.822348594665527,0.0,0.0,0.0,2.805760145187378,76.11119079589844
1356,114.19799771610045,22.34039482012944,3.777125358581543,3.120853900909424,11.822348594665527,0.0,0.0,0.0,2.805760145187378,76.11119079589844
1357,114.19799771610045,22.34039482012944,3.777125358581543,3.120853900909424,11.822348594665527,0.0,0.0,0.0,2.805760145187378,76.11119079589844
1358,114.1769034882148,22.338165651253053,0.0,0.0,3.9419186115264893,0.0,0.0,0.0,3.094871759414673,105.73507690429688
1359,114.17615602750884,22.33840044477232,0.0,0.0,7.536057949066162,0.0,0.0,0.0,2.806087017059326,99.83433532714844
1360,114.17690348821012,22.338156620679428,0.0,0.0,3.9432108402252197,0.0,0.0,0.0,3.1005966663360596,105.8351058959961
1361,114.17690348821012,22.338156620679428,0.0,0.0,3.9432108402252197,0.0,0.0,0.0,3.1005966663360596,105.8351058959961
1362,114.17690348821012,22.338156620679428,0.0,0.0,3.9432108402252197,0.0,0.0,0.0,3.1005966663360596,105.8351058959961
1363,114.17690348821012,22.338156620679428,0.0,0.0,3.9432108402252197,0.0,0.0,0.0,3.1005966663360596,105.8351058959961
1364,114.19705807650784,22.2867712338791,0.0,1.569678831359056e-10,3.087046590577458e-11,3.197770938829812e-24,0.0,0.0,3.962371826171875,104.79815673828125
1365,114.19705807650784,22.2867712338791,0.0,1.569678831359056e-10,3.087046590577458e-11,3.197770938829812e-24,0.0,0.0,3.962371826171875,104.79815673828125
1366,114.19705807650784,22.2867712338791,0.0,1.569678831359056e-10,3.087046590577458e-11,3.197770938829812e-24,0.0,0.0,3.962371826171875,104.79815673828125
1367,114.1888423720372,22.325847494486403,15.045821189880371,6.263623237609863,0.0,0.0,0.0,0.0,3.143730878829956,106.9405517578125
1368,114.17148786430988,22.311082827906137,71.46758270263672,17.32625389099121,5.185937235197002e-10,0.0,38.75154113769531,0.0,2.8796610832214355,106.8792953491211
1369,114.17148786430988,22.311082827906137,71.46758270263672,17.32625389099121,5.185937235197002e-10,0.0,38.75154113769531,0.0,2.8796610832214355,106.8792953491211
1370,114.220357822238,22.32173317829813,0.0,2.3717065637807178e-12,0.0,0.0,0.0,0.0,3.805084705352783,77.70350646972656
1371,114.220357822238,22.32173317829813,0.0,2.3717065637807178e-12,0.0,0.0,0.0,0.0,3.805084705352783,77.70350646972656
1372,114.220357822238,22.32173317829813,0.0,2.3717065637807178e-12,0.0,0.0,0.0,0.0,3.805084705352783,77.70350646972656
1373,114.20764441013807,22.329096021409374,32.15114212036133,66.17536163330078,111.84080505371094,0.0,5.938060806953693e-12,0.0,3.2688465118408203,2101.231689453125
1374,114.20764441013807,22.329096021409374,32.15114212036133,66.17536163330078,111.84080505371094,0.0,5.938060806953693e-12,0.0,3.2688465118408203,2101.231689453125
1375,114.20764441013807,22.329096021409374,32.15114212036133,66.17536163330078,111.84080505371094,0.0,5.938060806953693e-12,0.0,3.2688465118408203,2101.231689453125
1376,114.15959534567006,22.338860088666,0.0,0.0,0.0,0.0,0.0,0.0,3.2958643436431885,106.18426513671875
1377,114.15959534567006,22.338860088666,0.0,0.0,0.0,0.0,0.0,0.0,3.2958643436431885,106.18426513671875
1378,114.15959534567006,22.338860088666,0.0,0.0,0.0,0.0,0.0,0.0,3.2958643436431885,106.18426513671875
1379,114.1811646936396,22.32894537242615,0.0,0.0,2.978988113819966e-29,0.0,0.0,0.0,2.4766557216644287,128.6763153076172
1380,114.19465891556544,22.344738925343098,0.0,0.0,20.89572525024414,7.636950590531037e-24,0.0,0.0,3.0792741775512695,99.35997009277344
1381,114.19465891556544,22.344738925343098,0.0,0.0,20.89572525024414,7.636950590531037e-24,0.0,0.0,3.0792741775512695,99.35997009277344
1382,114.19465891556544,22.344738925343098,0.0,0.0,20.89572525024414,7.636950590531037e-24,0.0,0.0,3.0792741775512695,99.35997009277344
1383,114.18418059706276,22.27433714008653,0.0,0.0,0.0,0.0,0.0,0.0,3.923676013946533,75.08663177490234
1384,114.18418059706276,22.27433714008653,0.0,0.0,0.0,0.0,0.0,0.0,3.923676013946533,75.08663177490234
1385,114.18742360129816,22.30419221640237,3.9745261669158936,28.23284912109375,0.0,1.5249218554558297e-11,4.979505089514058e-12,0.0,3.327232837677002,2113.866455078125
1386,114.18742360129816,22.30419221640237,3.9745261669158936,28.23284912109375,0.0,1.5249218554558297e-11,4.979505089514058e-12,0.0,3.327232837677002,2113.866455078125
1387,114.18742360129816,22.30419221640237,3.9745261669158936,28.23284912109375,0.0,1.5249218554558297e-11,4.979505089514058e-12,0.0,3.327232837677002,2113.866455078125
1388,114.2396815219706,22.2756616780257,7.572943687438965,0.0,1.2219553101040607e-14,0.0,0.0,0.0,5.201716899871826,1521.205322265625
1389,114.2396815219706,22.2756616780257,7.572943687438965,0.0,1.2219553101040607e-14,0.0,0.0,0.0,5.201716899871826,1521.205322265625
1390,114.2396815219706,22.2756616780257,7.572943687438965,0.0,1.2219553101040607e-14,0.0,0.0,0.0,5.201716899871826,1521.205322265625
1391,114.21523244116162,22.28423937493632,15.078691482543945,22.114381790161133,0.0,0.0,0.0,0.0,2.455676555633545,144.49929809570312
1392,114.21523244116162,22.28423937493632,15.078691482543945,22.114381790161133,0.0,0.0,0.0,0.0,2.455676555633545,144.49929809570312
1393,114.21523244116162,22.28423937493632,15.078691482543945,22.114381790161133,0.0,0.0,0.0,0.0,2.455676555633545,144.49929809570312
1394,114.19454256437584,22.34585872822346,0.0,0.0,0.039004091173410416,7.662056088839696e-24,0.0,0.0,3.3956573009490967,83.25875854492188
1395,114.19454256437584,22.34585872822346,0.0,0.0,0.039004091173410416,7.662056088839696e-24,0.0,0.0,3.3956573009490967,83.25875854492188
1396,114.19454256437584,22.34585872822346,0.0,0.0,0.039004091173410416,7.662056088839696e-24,0.0,0.0,3.3956573009490967,83.25875854492188
1397,114.1674215892423,22.30682922762292,191.69041442871094,182.8895721435547,0.0,626.9403076171875,194.8658905029297,0.0,2.5728518962860107,119.9804916381836
1398,114.1674215892423,22.30682922762292,191.69041442871094,182.8895721435547,0.0,626.9403076171875,194.8658905029297,0.0,2.5728518962860107,119.9804916381836
1399,114.1674215892423,22.30682922762292,191.69041442871094,182.8895721435547,0.0,626.9403076171875,194.8658905029297,0.0,2.5728518962860107,119.9804916381836
1400,114.15710418009364,22.24395696608804,3.772810697555542,1.2573041658647108e-33,0.0,0.0,15.530655860900879,0.0,2.569248914718628,300.2994384765625
1401,114.15710418009364,22.24395696608804,3.772810697555542,1.2573041658647108e-33,0.0,0.0,15.530655860900879,0.0,2.569248914718628,300.2994384765625
1402,114.15710418009364,22.24395696608804,3.772810697555542,1.2573041658647108e-33,0.0,0.0,15.530655860900879,0.0,2.569248914718628,300.2994384765625
1403,114.2363387212462,22.263868913478056,0.0,0.0,0.0,0.0,0.0,0.0,2.122807025909424,117.60403442382812
1404,114.2363387212462,22.263868913478056,0.0,0.0,0.0,0.0,0.0,0.0,2.122807025909424,117.60403442382812
1405,114.2363387212462,22.263868913478056,0.0,0.0,0.0,0.0,0.0,0.0,2.122807025909424,117.60403442382812
1406,114.23333981302724,22.26150395289352,3.1050745741972863e-12,0.0,2.0051944046167725e-12,0.0,0.0,0.0,3.4167795181274414,52.61886215209961
1407,114.23333981302724,22.26150395289352,3.1050745741972863e-12,0.0,2.0051944046167725e-12,0.0,0.0,0.0,3.4167795181274414,52.61886215209961
1408,114.23333981302724,22.26150395289352,3.1050745741972863e-12,0.0,2.0051944046167725e-12,0.0,0.0,0.0,3.4167795181274414,52.61886215209961
1409,114.18876470459078,22.32565785788909,15.029574394226074,6.255407810211182,0.0,0.0,0.0,0.0,3.16304349899292,108.21942901611328
1410,114.18876470459078,22.32565785788909,15.029574394226074,6.255407810211182,0.0,0.0,0.0,0.0,3.16304349899292,108.21942901611328
1411,114.24065821274776,22.26837356798633,3.7877278327941895,0.0,1.8676226743504637e-13,0.0,0.0,0.0,4.18820858001709,1214.5975341796875
1412,114.24065821274776,22.26837356798633,3.7877278327941895,0.0,1.8676226743504637e-13,0.0,0.0,0.0,4.18820858001709,1214.5975341796875
1413,114.24065821274776,22.26837356798633,3.7877278327941895,0.0,1.8676226743504637e-13,0.0,0.0,0.0,4.18820858001709,1214.5975341796875
1414,114.15840305794462,22.3258288309594,0.0,0.0,0.0,0.0,0.0,0.0,2.6578736305236816,493.1009521484375
1415,114.15840305794462,22.3258288309594,0.0,0.0,0.0,0.0,0.0,0.0,2.6578736305236816,493.1009521484375
1416,114.1916690461518,22.34576871124703,0.0,0.0,1.4701443187825625e-11,2.598600907384829e-24,0.0,0.0,3.229262590408325,60.350833892822266
1417,114.1916690461518,22.34576871124703,0.0,0.0,1.4701443187825625e-11,2.598600907384829e-24,0.0,0.0,3.229262590408325,60.350833892822266
1418,114.1916690461518,22.34576871124703,0.0,0.0,1.4701443187825625e-11,2.598600907384829e-24,0.0,0.0,3.229262590408325,60.350833892822266
1419,114.15840305794462,22.3258288309594,0.0,0.0,0.0,0.0,0.0,0.0,2.6578736305236816,493.1009521484375
1420,114.19132281727116,22.283240870022183,0.0,0.0,3.0392559129122088e-12,1.219591455028423e-22,0.0,0.0,2.7582037448883057,102.36103057861328
1421,114.19559006547652,22.33882379727972,7.558023452758789,9.394164085388184,65.71233367919922,6.996236185588721e-24,0.0,0.0,2.781970739364624,98.16654968261719
1422,114.19559006547652,22.33882379727972,7.558023452758789,9.394164085388184,65.71233367919922,6.996236185588721e-24,0.0,0.0,2.781970739364624,98.16654968261719
1423,114.19132281727116,22.283240870022183,0.0,0.0,3.0392559129122088e-12,1.219591455028423e-22,0.0,0.0,2.7582037448883057,102.36103057861328
1424,114.19132281727116,22.283240870022183,0.0,0.0,3.0392559129122088e-12,1.219591455028423e-22,0.0,0.0,2.7582037448883057,102.36103057861328
1425,114.21724322662824,22.32545458696428,0.0,0.0,0.0,0.0,0.0,0.0,3.713235378265381,85.50212860107422
1426,114.21724322662824,22.32545458696428,0.0,0.0,0.0,0.0,0.0,0.0,3.713235378265381,85.50212860107422
1427,114.19710916543728,22.237274192489764,0.0,0.0,2.8951190403359028e-11,0.0,0.0,0.0,5.915058135986328,57.748077392578125
1428,114.23830208675706,22.29415693471081,8.617083283903038e-13,0.0,36.27429962158203,0.0,0.0,0.0,2.857142925262451,132.55999755859375
1429,114.23830208675706,22.29415693471081,8.617083283903038e-13,0.0,36.27429962158203,0.0,0.0,0.0,2.857142925262451,132.55999755859375
1430,114.18920256781324,22.33784910893813,0.0,0.0,124.4198989868164,0.0,0.0,0.0,2.924448251724243,66.38668823242188
1431,114.18920256781324,22.33784910893813,0.0,0.0,124.4198989868164,0.0,0.0,0.0,2.924448251724243,66.38668823242188
1432,114.21724322662824,22.32545458696428,0.0,0.0,0.0,0.0,0.0,0.0,3.713235378265381,85.50212860107422
1433,114.19177455187724,22.333758041193267,0.0,0.0,64.2764892578125,3.341481477023224e-24,0.0,0.0,2.776763439178467,68.3642807006836
1434,114.23830208675706,22.29415693471081,8.617083283903038e-13,0.0,36.27429962158203,0.0,0.0,0.0,2.857142925262451,132.55999755859375
1435,114.19177455187724,22.333758041193267,0.0,0.0,64.2764892578125,3.341481477023224e-24,0.0,0.0,2.776763439178467,68.3642807006836
1436,114.19177455187724,22.333758041193267,0.0,0.0,64.2764892578125,3.341481477023224e-24,0.0,0.0,2.776763439178467,68.3642807006836
1437,114.19710916543728,22.237274192489764,0.0,0.0,2.8951190403359028e-11,0.0,0.0,0.0,5.915058135986328,57.748077392578125
1438,114.22898405595356,22.31496671864961,4.066399994506753e-12,0.0,1.5496017663485517e-11,0.0,0.0,0.0,2.8202357292175293,126.48817443847656
1439,114.22898405595356,22.31496671864961,4.066399994506753e-12,0.0,1.5496017663485517e-11,0.0,0.0,0.0,2.8202357292175293,126.48817443847656
1440,114.22898405595356,22.31496671864961,4.066399994506753e-12,0.0,1.5496017663485517e-11,0.0,0.0,0.0,2.8202357292175293,126.48817443847656
1441,114.21325286557818,22.28403212661389,11.680109977722168,37.654693603515625,0.0,0.0,0.0,0.0,2.847262144088745,117.60042572021484
1442,114.23828880929888,22.308172448325124,8.566495494737036e-13,3.1206322790612584e-13,0.0,0.0,0.0,0.0,3.2134528160095215,78.02195739746094
1443,114.23828880929888,22.308172448325124,8.566495494737036e-13,3.1206322790612584e-13,0.0,0.0,0.0,0.0,3.2134528160095215,78.02195739746094
1444,114.18940465390028,22.31814435732044,0.0,0.0,2.832507371902466,0.0,0.0,0.0,2.761026382446289,178.30938720703125
1445,114.18940465390028,22.31814435732044,0.0,0.0,2.832507371902466,0.0,0.0,0.0,2.761026382446289,178.30938720703125
1446,114.18940465390028,22.31814435732044,0.0,0.0,2.832507371902466,0.0,0.0,0.0,2.761026382446289,178.30938720703125
1447,114.21325286557818,22.28403212661389,11.680109977722168,37.654693603515625,0.0,0.0,0.0,0.0,2.847262144088745,117.60042572021484
1448,114.1603636643513,22.326587611247128,5.5356158554786816e-05,0.0,0.0,0.0,0.0,0.0,2.4540700912475586,473.4580078125
1449,114.1603636643513,22.326587611247128,5.5356158554786816e-05,0.0,0.0,0.0,0.0,0.0,2.4540700912475586,473.4580078125
1450,114.18815814214412,22.266561522790266,0.0,0.0,3.389269659197225e-13,0.0,0.0,0.0,3.7098591327667236,98.49574279785156
1451,114.23828880929888,22.308172448325124,8.566495494737036e-13,3.1206322790612584e-13,0.0,0.0,0.0,0.0,3.2134528160095215,78.02195739746094
1452,114.1993962038456,22.344241653628927,7.548976421356201,9.58816146850586,14.760473251342773,0.0,0.0,0.0,3.1022257804870605,111.84186553955078
1453,114.1993962038456,22.344241653628927,7.548976421356201,9.58816146850586,14.760473251342773,0.0,0.0,0.0,3.1022257804870605,111.84186553955078
1454,114.1603636643513,22.326587611247128,5.5356158554786816e-05,0.0,0.0,0.0,0.0,0.0,2.4540700912475586,473.4580078125
1455,114.23220317929326,22.3069645389229,5.15773274784026e-12,0.0,0.0,0.0,0.0,0.0,4.218623638153076,48.543846130371094
1456,114.23220317929326,22.3069645389229,5.15773274784026e-12,0.0,0.0,0.0,0.0,0.0,4.218623638153076,48.543846130371094
1457,114.18627140717372,22.344197797208192,0.0,0.0,7.361014366149902,0.0,0.0,0.0,3.3732943534851074,41.4267463684082
1458,114.18015524786608,22.330787635173923,0.0,0.0,2.687124340313568e-13,0.0,0.0,0.0,1.8528015613555908,136.49273681640625
1459,114.18015524786608,22.330787635173923,0.0,0.0,2.687124340313568e-13,0.0,0.0,0.0,1.8528015613555908,136.49273681640625
1460,114.18015524786608,22.330787635173923,0.0,0.0,2.687124340313568e-13,0.0,0.0,0.0,1.8528015613555908,136.49273681640625
1461,114.23220317929326,22.3069645389229,5.15773274784026e-12,0.0,0.0,0.0,0.0,0.0,4.218623638153076,48.543846130371094
1462,114.23331348334642,22.26842144138552,3.151533504650028e-12,0.0,2.0091142291511765e-12,0.0,0.0,0.0,4.158498287200928,61.20071029663086
1463,114.18627140717372,22.344197797208192,0.0,0.0,7.361014366149902,0.0,0.0,0.0,3.3732943534851074,41.4267463684082
1464,114.23331348334642,22.26842144138552,3.151533504650028e-12,0.0,2.0091142291511765e-12,0.0,0.0,0.0,4.158498287200928,61.20071029663086
1465,114.23331348334642,22.26842144138552,3.151533504650028e-12,0.0,2.0091142291511765e-12,0.0,0.0,0.0,4.158498287200928,61.20071029663086
1466,114.18603820747668,22.34091971418788,0.0,0.0,15.146930694580078,0.0,0.0,0.0,2.833616256713867,87.49327850341797
1467,114.23906272753112,22.30253705481329,1.0631798176216622e-12,8.238806907751375e-14,0.0,0.0,0.0,0.0,4.672131061553955,68.72196960449219
1468,114.23906272753112,22.30253705481329,1.0631798176216622e-12,8.238806907751375e-14,0.0,0.0,0.0,0.0,4.672131061553955,68.72196960449219
1469,114.18603820747668,22.34091971418788,0.0,0.0,15.146930694580078,0.0,0.0,0.0,2.833616256713867,87.49327850341797
1470,114.18603820747668,22.34091971418788,0.0,0.0,15.146930694580078,0.0,0.0,0.0,2.833616256713867,87.49327850341797
1471,114.15903316716977,22.332195462668427,0.0,0.0,0.0,0.0,0.0,0.0,3.014401435852051,161.73486328125
1472,114.15903316716977,22.332195462668427,0.0,0.0,0.0,0.0,0.0,0.0,3.014401435852051,161.73486328125
1473,114.23906272753112,22.30253705481329,1.0631798176216622e-12,8.238806907751375e-14,0.0,0.0,0.0,0.0,4.672131061553955,68.72196960449219
1474,114.15282010764304,22.27935656856538,4.0344696044921875,9.34004020690918,3.1462495803102897e-11,0.0,7.775820732116699,0.0,4.097731113433838,135.28717041015625
1475,114.15903316716977,22.332195462668427,0.0,0.0,0.0,0.0,0.0,0.0,3.014401435852051,161.73486328125
1476,114.1500131152668,22.24294451538053,6.207875468018653e-13,0.0,2.4573763163227014e-11,0.0,0.0,0.0,3.7045161724090576,207.0134735107422
1477,114.25206452459948,22.26134283983951,0.0,0.0,0.0,0.0,0.0,0.0,3.882783889770508,57.68672180175781
1478,114.25206452459948,22.26134283983951,0.0,0.0,0.0,0.0,0.0,0.0,3.882783889770508,57.68672180175781
1479,114.15282010764304,22.27935656856538,4.0344696044921875,9.34004020690918,3.1462495803102897e-11,0.0,7.775820732116699,0.0,4.097731113433838,135.28717041015625
1480,114.18649223549686,22.30864436469383,1.115390549019657e-12,0.0,0.0,3.215636784625886e-11,0.0,0.0,2.323615074157715,647.88525390625
1481,114.18649223549686,22.30864436469383,1.115390549019657e-12,0.0,0.0,3.215636784625886e-11,0.0,0.0,2.323615074157715,647.88525390625
1482,114.18649223549686,22.30864436469383,1.115390549019657e-12,0.0,0.0,3.215636784625886e-11,0.0,0.0,2.323615074157715,647.88525390625
1483,114.22194546671906,22.278557378831053,0.0,3.7258247702343095e-12,0.0,0.0,0.0,0.0,4.023054599761963,66.57147979736328
1484,114.2067770266248,22.22155026195464,9.049960433826776e-12,0.0,0.0,0.0,0.0,0.0,3.932800054550171,46.46112823486328
1485,114.2067770266248,22.22155026195464,9.049960433826776e-12,0.0,0.0,0.0,0.0,0.0,3.932800054550171,46.46112823486328
1486,114.2067770266248,22.22155026195464,9.049960433826776e-12,0.0,0.0,0.0,0.0,0.0,3.932800054550171,46.46112823486328
1487,114.22194546671906,22.278557378831053,0.0,3.7258247702343095e-12,0.0,0.0,0.0,0.0,4.023054599761963,66.57147979736328
1488,114.22194546671906,22.278557378831053,0.0,3.7258247702343095e-12,0.0,0.0,0.0,0.0,4.023054599761963,66.57147979736328
1489,114.1876297639411,22.33486010086973,0.0,0.0,174.64581298828125,0.0,0.0,0.0,3.2808055877685547,63.07360076904297
1490,113.98986257202672,22.26640014394884,0.0,0.0,0.0,0.0,0.0,0.0,2.4968152046203613,34.38491439819336
1491,114.18514123379374,22.27524918877962,0.0,0.0,0.0,0.0,0.0,0.0,3.563798189163208,87.5542984008789
1492,114.13824222570192,22.2573641274526,23.728782653808594,47.73431396484375,0.0,0.0,31.021474838256836,0.0,4.104945659637451,57.671504974365234
1493,114.17706840510591,22.27557450458468,0.0,0.0,0.0,0.0,0.0,0.0,3.2489659786224365,119.24592590332031
1494,114.17121598258726,22.314351896583663,56.672122955322266,15.689976692199707,5.127855917663737e-10,0.0,0.0,0.0,2.475961446762085,147.5021209716797
1495,114.15879764842852,22.27648559879007,4.3183531125707674e-15,3.285788829192491e-30,0.0,0.0,0.0,0.0,3.900418519973755,89.76663970947266
1496,114.17322503824217,22.31464996348084,1.9561374187469482,0.12678995728492737,3.949019444782209e-10,0.0,0.0,0.0,2.9713408946990967,104.4786605834961
1497,113.977965474931,22.38432497381813,8.323716607465392e-13,0.0,5.231874829203509e-12,0.0,0.0,0.0,4.49529504776001,237.59864807128906
1498,114.23042947507592,22.31306982181691,5.6089421301974696e-12,0.0,2.1825644590245386e-12,0.0,0.0,0.0,3.092378854751587,103.71746826171875
1499,113.99997336653406,22.450155451651405,0.0,8.747756750741853e-13,7.663153171539307,0.0,0.0,0.0,5.753829479217529,63.669490814208984
1500,114.20229703271065,22.387903894621264,5.7863665248181206e-11,4.64639134459266e-12,115.20673370361328,0.0,3.655781406763925e-12,0.0,5.056902885437012,1831.1490478515625
1501,114.12612384331965,22.3675792638894,0.0,0.0,3.6865549087524414,0.0,0.0,0.0,3.5863094329833984,74.4435806274414
1502,114.12612384331965,22.3675792638894,0.0,0.0,3.6865549087524414,0.0,0.0,0.0,3.5863094329833984,74.4435806274414
1503,114.12612384331965,22.3675792638894,0.0,0.0,3.6865549087524414,0.0,0.0,0.0,3.5863094329833984,74.4435806274414
1504,114.20746127046417,22.290499253319645,7.555540084838867,27.98476791381836,8.63761043548584,0.0,7.760493278503418,0.0,3.5753846168518066,110.75029754638672
1505,114.12612384658992,22.36757023335219,0.0,0.0,3.6865549087524414,0.0,0.0,0.0,3.5918972492218018,74.42816925048828
1506,114.17320545558556,22.321287451120693,0.0,0.0,3.9927730566269304e-10,0.0,0.0,0.0,3.308419942855835,99.91666412353516
1507,114.17320545558556,22.321287451120693,0.0,0.0,3.9927730566269304e-10,0.0,0.0,0.0,3.308419942855835,99.91666412353516
1508,114.1767675997104,22.308536285219283,27.645751953125,26.187345504760742,0.0,3.442461246616624e-11,15.500558853149414,0.0,4.520670413970947,78.6237564086914
1509,114.19346413942732,22.33861632627683,4.5158257484436035,7.943150194478221e-06,39.09724044799805,7.171957318809417e-24,0.0,0.0,2.6252660751342773,79.89631652832031
1510,114.22261556291468,22.280336226719832,0.0,3.80673140579213e-12,0.0,0.0,0.0,0.0,3.393531084060669,171.48989868164062
1511,114.17194408662246,22.30910513985132,77.6930160522461,44.817832946777344,5.055492136030182e-10,1.9510082785445526e-11,63.62027359008789,0.0,3.1039302349090576,123.35954284667969
1512,114.15367454734309,22.33484074502822,0.0,0.0,2.387579890739122e-11,6.133919761008855e-11,0.0,0.0,3.704864978790283,263.348876953125
1513,114.17720435891069,22.31767525346053,7.236186981201172,2.6120202889501343e-08,0.0,0.0,0.0,0.0,2.6236345767974854,112.65592956542969
1514,114.17267220674375,22.3014742946292,68.37564849853516,153.7771759033203,4.6428685895882893e-10,0.0,19.289644241333008,0.0,2.9369935989379883,146.222412109375
1515,114.1679543873142,22.322370919686577,5.251106771630987e-10,3.168648121665285e-10,7.701024713757665e-12,0.0,2.0302008685302297e-10,0.0,2.239513635635376,179.6212921142578
1516,114.0215259900846,22.445915268735085,0.0,0.0,0.0,0.0,0.0,0.0,3.4536454677581787,123.97096252441406
1517,114.15811855461764,22.27560954968861,1.5201608027926028e-10,5.180835809836731e-29,0.0,0.0,0.0,0.0,4.102928161621094,85.5510482788086
1518,114.18474325909288,22.27249486197059,0.0,0.0,0.0,0.0,0.0,0.0,3.9482200145721436,66.96630859375
1519,114.16798421430052,22.311127827690125,111.36294555664062,84.13124084472656,8.871198046989104e-12,0.0,89.35336303710938,0.0,2.9812207221984863,133.93150329589844
1520,114.19940287562872,22.3856466945066,45.17800521850586,34.93379211425781,63.77313995361328,0.0,3.701722522259088e-12,0.0,6.967629909515381,523.5242309570312
1521,114.2071490827662,22.327759588434944,18.146678924560547,50.056941986083984,98.37177276611328,0.0,0.2990364730358124,0.0,3.43009877204895,1899.2945556640625
1522,114.16076082086384,22.248752656989456,34.05588912963867,9.398530960083008,0.0,0.0,0.0,0.0,3.845930337905884,45.70583724975586
1523,114.1701475659208,22.33112166298772,1.7717850797627221e-10,3.213175003846658e-10,4.685897780909443e-10,0.0,4.128988470575301e-11,0.0,3.066359519958496,86.24008178710938
1524,114.15408780251998,22.24048879133665,3.2446926547489985e-13,0.0,1.3261248002494064e-11,0.0,0.0,0.0,3.677830934524536,226.80276489257812
1525,114.18974680321992,22.344685208019943,0.0,0.0,0.00010906373063335195,0.0,0.0,0.0,2.8898377418518066,63.8024787902832
1526,114.0498267611366,22.47595713550418,0.0,0.0,0.0,0.0,0.0,0.0,6.433082580566406,80.79630279541016
1527,114.1900856710732,22.335139866499745,0.0,0.0,171.1511688232422,0.0,0.0,0.0,2.807142972946167,57.72846221923828
1528,114.21127453259804,22.288872976090644,15.096197128295898,21.951522827148438,16.395137786865234,0.0,4.545057572617158e-22,0.0,4.857016086578369,173.3519744873047
1529,114.21433886046788,22.28103370879984,1.8439173953123956e-36,5.590306758880615,0.0,0.0,0.0,0.0,3.814249277114868,67.92176818847656
1530,114.19016740525572,22.275871968040715,0.0,0.0,0.0,0.0,0.0,0.0,3.8754208087921143,59.47275161743164
1531,114.19016740525572,22.275871968040715,0.0,0.0,0.0,0.0,0.0,0.0,3.8754208087921143,59.47275161743164
1532,113.97638056624024,22.243039900383337,0.0,0.0,0.0,0.0,0.0,0.0,3.2928993701934814,40.35456466674805
1533,113.97784035283954,22.39719324752601,7.259586595059764e-12,0.0,4.004171560295644e-12,0.0,0.0,0.0,3.336538553237915,102.8216552734375
1534,114.19729877783548,22.34036781821545,5.297022819519043,0.0004265069728717208,17.9925594329834,9.48716566523516e-25,0.0,0.0,2.90779709815979,77.31353759765625
1535,113.99956771524003,22.46356516556827,0.0,0.0,0.0,0.0,0.0,0.0,5.212749004364014,120.23585510253906
1536,114.22539754947712,22.328224738378044,0.0,9.283063684070725e-13,1.258578744695038e-11,0.0,0.08385136723518372,0.0,3.66782808303833,59.62868118286133
1537,114.14715242967672,22.284132837709784,0.0,0.0,0.0,0.0,1.2144059629431991e-12,0.0,3.076277732849121,140.95156860351562
1538,114.24219038867544,22.266630043601708,7.305098056793213,0.0,4.780791647979177e-13,0.0,0.0,0.0,3.4872093200683594,1093.4344482421875
1539,114.10646690239032,22.37815569340522,34.00858688354492,92.01721954345703,6.16749983147852e-27,9.776645638892578e-12,45.30270004272461,0.0,3.795966863632202,98.07559204101562
1540,114.18113526153068,22.318767898827968,15.106115341186523,6.2780561447143555,0.0,0.0,1.4849301344099786e-08,0.0,2.9040632247924805,86.06824493408203
1541,114.0282236830394,22.20360439430393,0.0,0.0,0.0,0.0,0.0,0.0,4.548828125,160.72410583496094
1542,114.1886107467478,22.34166908490061,0.0,0.0,10.874150276184082,0.0,0.0,0.0,2.4420289993286133,74.39659881591797
1543,114.13596438487993,22.283696936800222,3.9972010076883e-12,9.231762056194359e-12,0.0,0.0,0.0,0.0,3.560936212539673,101.52500915527344
1544,114.12928671576611,22.34592496355096,0.0,0.0,3.730955123901367,0.0,1.6216209148059435e-12,0.0,3.163545608520508,55.06498718261719
1545,114.21229520020349,22.334278623318752,71.68339538574219,45.47949981689453,3.676884651184082,0.0,0.0,0.0,4.27740478515625,76.14482879638672
1546,114.02636599233556,22.443996370891355,0.0,0.0,2.535867783121093e-12,0.0,0.0,0.0,2.1182713508605957,163.3104705810547
1547,113.9784225556048,22.383837888975147,0.0,0.0,5.992749699257338e-12,0.0,0.0,0.0,4.639223098754883,211.883056640625
1548,114.03323919401004,22.44859009075514,3.771595001220703,0.0,0.0,0.0,8.813637753651848e-13,0.0,5.044205665588379,123.84693908691406
1549,114.15458604899202,22.340891356884327,0.0,0.0,2.9248558870015318e-12,0.0,0.0,0.0,3.425788402557373,110.0555191040039
1550,114.19402700547175,22.337333926067668,7.548098564147949,9.691064834594727,36.01236343383789,7.53187905112103e-24,0.0,0.0,2.653956890106201,97.4886703491211
1551,114.2146041594719,22.32942868046413,2.6707812139648013e-07,3.8230910301208496,2.7632264965743447e-12,0.0,31.041973114013672,0.0,3.376098394393921,98.85623168945312
1552,114.17340962971318,22.30708232140753,56.22565841674805,18.83851432800293,3.64597269042477e-10,4.7838087657847694e-11,60.46788024902344,0.0,3.5647969245910645,123.09833526611328
1553,114.17895158738553,22.329288578670624,0.0,0.0,0.0,0.0,0.0,0.0,2.003748893737793,122.26836395263672
1554,114.1652549950344,22.335410912367955,3.399402426218501e-10,0.0,0.0,0.0,1.3155437850187468e-10,0.0,3.7859392166137695,93.27079772949219
1555,114.13753479562703,22.49660975569036,34.41256332397461,21.908300399780273,0.0,114.35908508300781,0.0018923073075711727,1837.2303466796875,3.729323387145996,96.30758666992188
1556,114.17412726272596,22.335420333862025,0.0,0.0,3.6877665519714355,0.0,0.0,0.0,3.0600359439849854,119.09680938720703
1557,114.16406200361637,22.324655399056603,11.311007499694824,0.0,0.0,0.0,1.1143829782567227e-11,0.0,2.320939302444458,255.6903533935547
1558,114.1270531611484,22.511488934574288,0.0,2.2801757010304513e-11,1.2611686178923354e-44,0.0,0.0,0.0,4.372377395629883,85.6650161743164
1559,114.1878808275939,22.31810834594752,0.0,0.0,7.314777983775545e-43,0.0,0.0,0.0,2.8343605995178223,165.96356201171875
1560,114.18531869386312,22.32172073785801,7.67743444442749,6.257948398590088,0.0,0.0,0.0,0.0,3.2954838275909424,102.30074310302734
1561,114.18567779844544,22.32136852556986,4.439215660095215,3.838076591491699,0.0,0.0,0.0,0.0,2.886507034301758,106.61563110351562
1562,114.19473953659484,22.29185574959244,11.34449291229248,25.128767013549805,6.843818567414672e-11,7.689510026063197e-24,25.31779670715332,0.0,4.527027130126953,197.42770385742188
1563,114.25001936595812,22.26510052514063,0.0,0.0,0.0,0.0,0.0,0.0,3.652390480041504,327.9169921875
1564,114.1534610738005,22.33435306322755,0.0,0.0,2.6490013307900462e-11,6.9454310358541e-11,0.0,0.0,3.622967481613159,351.73504638671875
1565,114.13805919148336,22.25265007718169,3.790593385696411,14.401273727416992,0.0,0.0,93.0512466430664,0.0,3.39980149269104,142.03187561035156
1566,114.18629826555832,22.310640139889795,6.895440381876616e-12,0.0,0.0,0.0,0.0,0.0,2.6306090354919434,128.14149475097656
1567,114.19278209245512,22.3163108491044,0.0,6.39600297638182e-13,7.352352142333984,6.3703878644052945e-24,0.0,0.0,2.548344373703003,207.14857482910156
1568,114.18725091708257,22.3311937104872,0.0,0.0,12.241387367248535,0.0,9.425534354748355e-13,0.0,2.2879528999328613,104.57714080810547
1569,114.25001936595812,22.26510052514063,0.0,0.0,0.0,0.0,0.0,0.0,3.652390480041504,327.9169921875
1570,114.15665527902132,22.33017233397338,0.0,0.0,0.0,0.0,0.0,0.0,3.1730258464813232,544.5137939453125
1571,114.20700617326996,22.34025793431673,21.798147201538086,14.342597007751465,0.0,0.0,0.0,0.0,3.7023978233337402,71.44090270996094
1572,114.15820053339664,22.242692800411547,7.283232844201848e-05,0.0,0.0,0.0,7.7579450607299805,0.0,2.963350772857666,249.4050750732422
1573,114.17925233993918,22.320384414262666,1.7765589291229844e-05,4.770158490430276e-09,0.0,0.0,0.0,0.0,3.1494696140289307,114.72080993652344
1574,114.17944646842234,22.32079981853097,0.006931332405656576,2.4318298486036838e-08,0.0,0.0,0.0,0.0,3.3167154788970947,114.82701110839844
1575,114.1879973168266,22.31834313345464,0.0,0.0,1.8946595377062094e-30,0.0,0.0,0.0,2.83984375,165.7904052734375
1576,114.22449097048734,22.31683743482856,0.0,2.7287089688493582e-12,3.5246699222474254e-12,0.0,0.0,0.0,2.556734800338745,121.83675384521484
1577,114.06104042655504,22.44033151501674,0.0,0.0,0.0,0.0,0.0,0.0,5.569400787353516,45.15731430053711
1578,114.11147762629436,22.50183891879384,0.0,0.0,8.694549258076584e-15,0.0,0.0,0.0,5.932773113250732,74.2567367553711
1579,114.14106800804234,22.28534171614292,0.0,0.0,0.0,0.0,0.0,0.0,2.6613006591796875,173.05198669433594
1580,114.14106800804234,22.28534171614292,0.0,0.0,0.0,0.0,0.0,0.0,2.6613006591796875,173.05198669433594
1581,114.14106800804234,22.28534171614292,0.0,0.0,0.0,0.0,0.0,0.0,2.6613006591796875,173.05198669433594
1582,114.14106800804234,22.28534171614292,0.0,0.0,0.0,0.0,0.0,0.0,2.6613006591796875,173.05198669433594
1583,114.17586487817329,22.32835843951428,0.0,0.0,0.0,0.0,0.0,0.0,1.9530612230300903,111.5400390625
1584,114.13674332475236,22.34236893776056,0.0,0.0,23.533906936645508,0.0,0.0,0.0,4.309692859649658,95.88389587402344
1585,114.22750788640646,22.31244764970642,2.963846887100302e-13,0.0,1.838651453311968e-11,0.0,0.0,0.0,2.826352596282959,155.80226135253906
1586,114.16215977212276,22.322650447208776,7.562995910644531,0.0,0.0,0.0,0.0,0.0,2.0449204444885254,1125.2440185546875
1587,114.19658180410936,22.350129948459767,0.0,0.0,4.911688070152742e-11,5.080184554671889e-24,0.0,0.0,5.069014072418213,42.259246826171875
1588,114.20662668626998,22.33603169642996,37.69834899902344,9.303251266479492,24.854196548461914,0.0,0.0,0.0,5.113526344299316,106.54246520996094
1589,114.15002479890668,22.28348313175569,3.5096207981995996e-17,5.172333203518065e-06,2.9323231343081346e-11,57.348663330078125,15.520875930786133,0.0,2.905003547668457,157.00424194335938
1590,114.19392261964204,22.27725330432509,0.0,0.0,6.637380922658309e-11,0.0,0.0,0.0,4.355437755584717,84.51803588867188
1591,114.17550588027062,22.312898061605534,36.03120040893555,43.3425178527832,0.0,0.0,0.49353915452957153,0.0,3.5790622234344482,59.361934661865234
1592,114.02928302006217,22.210721546676066,0.0,0.0,0.0,0.0,0.0,0.0,3.858123540878296,352.0559387207031
1593,114.18231007834405,22.329008551841312,0.0,0.0,0.8259498476982117,0.0,0.0,0.0,2.3823869228363037,125.5233383178711
1594,114.18177617052866,22.327789440106777,0.0,0.0,2.852085068627697e-35,0.0,0.0,0.0,2.9655990600585938,123.76518249511719
1595,114.16830507664211,22.30150121581369,18.90127182006836,181.3567352294922,5.333946825891722e-11,0.0,150.43096923828125,0.0,4.107334613800049,83.6136245727539
1596,114.16830507664211,22.30150121581369,18.90127182006836,181.3567352294922,5.333946825891722e-11,0.0,150.43096923828125,0.0,4.107334613800049,83.6136245727539
1597,114.1812034759668,22.32752756959403,0.0,0.0,0.0,0.0,0.0,0.0,3.0491018295288086,117.20734405517578
1598,114.17931047626254,22.314731259969328,9.704833030700684,15.657698631286621,0.0,0.0,4.717538359955142e-09,0.0,3.185112714767456,101.92353820800781
1599,114.19452164029283,22.33390225385876,4.205164432525635,9.515908241271973,7.689635276794434,7.546759334376213e-24,0.0,0.0,3.1797308921813965,116.12955474853516
1600,114.22324006429793,22.320287484361728,0.0,3.5964636217050705e-12,0.0,0.0,0.0,0.0,3.692307710647583,69.02935791015625
1601,114.21761043967656,22.319846499003724,0.0,0.0,0.0,0.0,0.0,0.0,3.524076223373413,105.27999877929688
1602,114.18028137195398,22.32819585514141,0.0,0.0,0.0,0.0,0.0,0.0,2.475247621536255,122.99433135986328
1603,114.18134080957162,22.372364298932823,8.345627140748935e-12,0.34084364771842957,0.0,0.0,1.0242327819209862e-11,0.0,5.622153282165527,63.13789367675781
1604,114.17341868256494,22.33392124462654,0.0,0.0,3.6429359528966643e-10,0.0,0.0,0.0,2.6384615898132324,131.5340118408203
1605,114.17267220674375,22.3014742946292,68.37564849853516,153.7771759033203,4.6428685895882893e-10,0.0,19.289644241333008,0.0,2.9369935989379883,146.222412109375
1606,114.19054456178206,22.262958107490075,0.0,0.0,0.0,0.0,0.0,0.0,4.509040355682373,52.38798522949219
1607,114.19053490104749,22.263382549168423,0.0,0.0,0.0,0.0,0.0,0.0,4.171612739562988,59.64603805541992
1608,114.17878644298946,22.319869676714603,2.2264065591137694e-11,2.934666381517291e-23,0.0,0.0,0.0,0.0,2.9863014221191406,111.51750946044922
1609,114.19475450491252,22.333098506779866,7.558022975921631,14.865387916564941,10.8912353515625,7.536833097605817e-24,0.0,0.0,3.453479290008545,114.83186340332031
1610,114.18518928463354,22.267446706702813,0.0,0.0,5.52357801424791e-13,0.0,0.0,0.0,3.5832414627075195,123.95645904541016
1611,114.2026581134541,22.29217978501769,3.1175183962117714e-11,1.5312474595588488e-12,3.676884889602661,0.0,23.31211280822754,0.0,4.221260070800781,187.33090209960938
1612,114.11367234590053,22.225712945536884,0.0,0.0,5.144414083092796e-13,0.0,0.0,0.0,2.4331209659576416,147.6097869873047
1613,114.19182117159748,22.315832319091363,0.0,1.5336719524569609e-12,3.6883559226989746,3.4767332569451766e-24,0.0,0.0,2.14595890045166,398.3013610839844
1614,114.08674051671876,22.431597389518764,0.0,0.0,0.0,0.0,0.0,0.0,7.497368335723877,59.91827392578125
1615,114.210557613077,22.33413450501371,47.561546325683594,23.39270782470703,6.228539943695068,0.0,0.0,0.0,4.0378618240356445,78.60934448242188
1616,114.17591347984671,22.317837802035307,0.12230432778596878,3.184186683044425e-22,0.0,0.0,0.0,0.0,2.6089015007019043,123.48954772949219
1617,114.1925023591152,22.331834459034603,5.3429112397222e-22,3.4072536917683505e-25,14.725147247314453,5.77006550439301e-24,4.293090622581319e-12,0.0,2.7536232471466064,90.92528533935547
1618,114.18569777560842,22.33030880587881,1.1210387714598537e-44,0.0,4.589496612548828,0.0,7.865768970863107e-17,0.0,2.07586932182312,110.49947357177734
1619,114.24519712925458,22.26461497105982,5.907282343287079e-07,0.0,3.5597065117624893e-13,0.0,0.0,0.0,3.748704671859741,102.20713806152344
1620,114.18802229169586,22.26633576588289,0.0,0.0,2.6929587032542557e-13,0.0,0.0,0.0,3.6652719974517822,98.77081298828125
1621,114.13440186605796,22.25236018234622,25.18662452697754,39.77696228027344,0.0,0.0,34.261783599853516,0.0,4.101775169372559,87.66316986083984
1622,114.1872130325317,22.343926822594657,0.0,0.0,7.351382732391357,0.0,0.0,0.0,3.0791168212890625,56.405731201171875
1623,114.14081614195744,22.28367099359605,0.0,0.0,0.0,0.0,0.0,0.0,3.0951650142669678,146.7893829345703
1624,114.17591347984671,22.317837802035307,0.12230432778596878,3.184186683044425e-22,0.0,0.0,0.0,0.0,2.6089015007019043,123.48954772949219
1625,114.17591347984671,22.317837802035307,0.12230432778596878,3.184186683044425e-22,0.0,0.0,0.0,0.0,2.6089015007019043,123.48954772949219
1626,114.20464660776976,22.287917000729166,5.5688082617466605e-11,1.84548502781684e-13,11.037893295288086,0.0,0.009760148823261261,0.0,4.039745807647705,66.40013885498047
1627,114.15578409408327,22.249194591893488,15.438138961791992,9.410888671875,0.0,0.0,7.874592142497741e-16,0.0,3.047105073928833,165.44102478027344
1628,114.13527474679498,22.25317316782303,34.031497955322266,28.19346809387207,0.0,0.0,61.880306243896484,0.0,3.82139253616333,80.76313781738281
1629,114.14081614195744,22.28367099359605,0.0,0.0,0.0,0.0,0.0,0.0,3.0951650142669678,146.7893829345703
1630,114.15179073862612,22.284016221059023,13.982399940490723,5.8522443771362305,3.46065780199023e-11,57.38637924194336,15.556761741638184,0.0,2.522968292236328,179.82040405273438
1631,114.13875654926996,22.25686756235308,20.758710861206055,69.06195831298828,0.0,0.0,42.72706604003906,0.0,3.8392856121063232,51.24069595336914
1632,114.19139297344408,22.304778898327864,11.314717292785645,21.97323226928711,3.63984710427534e-12,0.20050105452537537,5.169775198210491e-12,0.0,2.263662576675415,2057.76025390625
1633,114.21730902509086,22.318013364046774,0.0,0.0,0.0,0.0,0.0,0.0,3.244933843612671,110.24744415283203
1634,114.2199691330256,22.320288387622984,0.0,1.5593066117827736e-12,0.0,0.0,0.0,0.0,4.015483856201172,99.15863800048828
1635,114.16076986042516,22.33947428825734,0.0,0.0,0.0,0.0,0.0,0.0,3.955223798751831,61.12393569946289
1636,114.19446379582573,22.33706296189344,7.543145656585693,12.560068130493164,36.792972564697266,7.664575710570972e-24,0.0,0.0,2.614440441131592,103.51824188232422
1637,114.186900005202,22.310739440289368,7.008170085920362e-12,0.0,0.0,0.0,0.0,0.0,2.6904947757720947,138.22213745117188
1638,114.12413663845338,22.28150811587723,0.0,0.0,0.0,0.0,0.0,0.0,4.004862308502197,47.85726547241211
1639,114.17377917871548,22.272296352082662,0.0,0.0,1.1999297142028809,0.0,0.0,0.0,4.377873420715332,64.67292022705078
1640,114.14664748551716,22.285812442107385,0.0,0.0,0.0,0.0,1.0249620163022e-12,0.0,2.613772392272949,162.0615234375
1641,114.19554454835396,22.288658816972827,0.1068289652466774,7.337181091308594,6.312009248610195e-11,7.154365720622988e-24,0.0,0.0,3.194096565246582,149.83291625976562
1642,114.1583436853988,22.33443496898126,0.0,0.0,0.0,0.0,0.0,0.0,3.1365718841552734,140.5162811279297
1643,114.14886027094931,22.284033803942897,0.0,3.433181237595802e-43,1.1776904972060631e-11,49.6051139831543,6.525518756461679e-07,0.0,2.9466090202331543,145.73541259765625
1644,114.15347979046862,22.28016942216103,7.5112786293029785,9.454050064086914,2.6346681780697878e-11,5.510375888609176e-34,7.778380393981934,0.0,3.2271292209625244,160.89088439941406
1645,114.15347979046862,22.28016942216103,7.5112786293029785,9.454050064086914,2.6346681780697878e-11,5.510375888609176e-34,7.778380393981934,0.0,3.2271292209625244,160.89088439941406
1646,114.22963899227892,22.27571040764336,5.017941791252145e-12,0.0,9.81026804930396e-12,0.0,0.0,0.0,4.004981517791748,56.70697021484375
1647,114.28661022867658,22.30728000510575,0.0,0.0,0.0,0.0,0.0,0.0,8.154109954833984,37.15941619873047
1648,114.28661022867658,22.30728000510575,0.0,0.0,0.0,0.0,0.0,0.0,8.154109954833984,37.15941619873047
1649,114.23685934474614,22.30161676278884,0.0,1.8451245305944886e-13,0.0,0.0,0.0,0.0,4.936063766479492,75.52816009521484
1650,114.23693412255084,22.317609931228883,3.132971583986316e-14,4.2823486727169846e-13,0.0,0.0,0.0,0.0,3.9489712715148926,72.4033203125
1651,114.16499357762636,22.327427859933525,3.78025484085083,0.0,0.0,0.0,1.2546741423591357e-10,0.0,2.5691564083099365,178.15428161621094
1652,114.21554223832132,22.281638478888443,5.005371659684565e-13,1.6609513759613037,0.0,0.0,0.0,0.0,2.9713261127471924,78.75919342041016
1653,114.16506223514077,22.318939110256864,0.0006125772488303483,5.358864393900653e-11,0.0,0.0,1.3094851591954892e-10,0.0,2.609673023223877,415.1365966796875
1654,114.23113560684082,22.28182365516064,5.7268937855847746e-12,4.553987503051758,2.035221166943324e-12,0.0,3.3032569701199523e-15,0.0,3.711904764175415,168.50869750976562
1655,114.13733215477498,22.28520539077148,0.0,7.61010785638172e-12,0.0,0.0,0.0,0.0,2.8569552898406982,162.29672241210938
1656,114.1677692905859,22.332891541217684,5.305332839711241e-10,3.0731206468459504e-10,0.0,0.0,1.8387352751503272e-10,0.0,3.3597185611724854,117.72071075439453
1657,114.20602469079394,22.33529129879216,33.0985107421875,0.01160210371017456,28.286291122436523,0.0,0.0,0.0,5.4731950759887695,112.44550323486328
1658,114.20198826163995,22.34482825865248,3.7715721130371094,9.380034446716309,3.010667141479552e-14,0.0,0.0,0.0,3.420229434967041,81.9741439819336
1659,114.12205379132736,22.272847044634613,0.0,0.0,0.0,0.0,0.0,0.0,5.576449871063232,495.027587890625
1660,114.16900530284796,22.27480671170761,5.195127661394849e-10,3.251094948808486e-10,22.07578468322754,0.0,1.6313833617331852e-10,0.0,4.156004428863525,78.21048736572266
1661,114.14786075277088,22.33135400675956,0.0,0.0,0.0,1.5632144016730631e-12,0.0,0.0,5.230701923370361,1961.7952880859375
1662,114.2229569603547,22.315329768873045,0.0,3.652731762893158e-12,8.591817855834961,0.0,0.0,0.0,2.696556568145752,131.47171020507812
1663,114.1375648168358,22.286009173302165,0.0,7.007155272686916e-12,0.0,0.0,0.0,0.0,2.6200902462005615,192.83892822265625
1664,114.22646810436711,22.281310403168952,0.0,8.186257857572791e-32,1.3048569169615831e-11,0.0,23.266191482543945,0.0,4.480220794677734,2118.378662109375
1665,114.17615619702474,22.303099856900264,40.349212646484375,49.88193130493164,0.0,0.0013767379568889737,7.755397796630859,0.0,3.3690476417541504,115.63333129882812
1666,114.17615619702474,22.303099856900264,40.349212646484375,49.88193130493164,0.0,0.0013767379568889737,7.755397796630859,0.0,3.3690476417541504,115.63333129882812
1667,114.14440646155457,22.283563382689824,0.0,0.0,0.0,0.0,0.0,0.0,3.22294545173645,137.0852813720703
1668,114.1889308101412,22.33837290272661,0.0,0.0,80.30086517333984,0.0,0.0,0.0,2.865302562713623,67.62981414794922
1669,114.17738850956955,22.25239281012356,0.08133967965841293,0.0,29.048561096191406,0.0,0.0,0.0,5.955621242523193,41.622642517089844
1670,114.1388945227788,22.28488066064523,0.0,1.3527073341665363e-12,0.0,0.0,0.0,0.0,2.954172372817993,163.53054809570312
1671,114.1874119704732,22.278617485921103,0.0,0.0,0.0,0.0,0.0,0.0,2.9368889331817627,128.2633514404297
1672,114.15655147311192,22.242313314621043,6.157231300339683e-13,0.0,0.0,0.0,0.0030293697491288185,0.0,3.0412890911102295,302.5658264160156
1673,114.17501072532374,22.32628139747172,0.0,0.0,0.0,0.0,0.0,0.0,2.98738169670105,108.79150390625
1674,114.21485395189195,22.28404982075338,15.116046905517578,24.959999084472656,0.0,0.0,0.0,0.0,2.4629921913146973,143.5503692626953
1675,114.1805917318982,22.318849187704203,14.954340934753418,6.154369354248047,0.0,0.0,2.5854682928323626e-19,0.0,2.790217399597168,94.46202850341797
1676,114.26958917381432,22.38324665159262,3.7703359127044678,9.291376113891602,3.275859444817897e-11,0.0,0.0,0.0,3.631760597229004,141.46682739257812
1677,114.14202417303444,22.53728358906552,0.0,0.0,0.0,0.0,0.0,0.0,7.21854305267334,5.522791862487793
1678,114.16216953586128,22.322099582047613,7.237490177154541,0.0,0.0,0.0,0.0,0.0,1.9549860954284668,1097.7579345703125
1679,113.86167441634672,22.25436296777452,0.0,0.0,0.0,0.0,0.0,0.0,3.1083521842956543,59.419010162353516
1680,114.17233246402152,22.30388545923253,77.17035675048828,59.05805587768555,4.870239211918204e-10,5.6366916342809326e-12,98.23685455322266,0.0,2.689138650894165,155.7163543701172
1681,114.2230327945271,22.280309016615888,0.0,3.746080702582422e-12,0.0,0.0,0.0,0.0,3.450000047683716,251.25973510742188
1682,114.17016699492316,22.33079656285144,1.7273150965113615e-10,3.1957708701568777e-10,4.698641475897603e-10,0.0,4.010832985179569e-11,0.0,3.0508954524993896,81.29193115234375
1683,114.21771710042538,22.31948524843529,0.0,0.0,0.0,0.0,0.0,0.0,3.4868571758270264,105.64434814453125
1684,114.23834272912526,22.276149845199203,2.4275834560394287,0.0,0.0,0.0,0.0,0.0,6.426395893096924,1506.955322265625
1685,114.12558696591208,22.3754085676342,1.9849590063095093,24.947189331054688,0.0,0.0,27.393081665039062,0.0,5.521108150482178,58.58333206176758
1686,114.16773071019276,22.329080633668777,5.33198429852888e-10,3.0437966036522823e-10,0.0,0.0,1.9924742411525642e-10,0.0,3.043179512023926,95.74027252197266
1687,114.16773071019276,22.329080633668777,5.33198429852888e-10,3.0437966036522823e-10,0.0,0.0,1.9924742411525642e-10,0.0,3.043179512023926,95.74027252197266
1688,114.16773071019276,22.329080633668777,5.33198429852888e-10,3.0437966036522823e-10,0.0,0.0,1.9924742411525642e-10,0.0,3.043179512023926,95.74027252197266
1689,114.16773071019276,22.329080633668777,5.33198429852888e-10,3.0437966036522823e-10,0.0,0.0,1.9924742411525642e-10,0.0,3.043179512023926,95.74027252197266
1690,114.07710526811552,22.49838073080453,0.0,0.0,0.0,0.0,0.0,0.0,5.526241302490234,74.97608184814453
1691,114.16856652801724,22.311299439867582,95.97533416748047,72.98385620117188,1.1041421249524674e-10,0.0,85.32292175292969,0.0,2.7407894134521484,131.4768524169922
1692,114.17599138720942,22.27411153830877,0.0,0.0,0.0,0.0,0.0,0.0,3.6641294956207275,96.6648941040039
1693,114.16886739415268,22.311326546726665,91.205810546875,68.18749237060547,2.4238064333381715e-10,0.0,81.79132080078125,0.0,2.6827175617218018,134.5040740966797
1694,114.19388183654613,22.34094617033989,3.606274619388767e-18,0.0,50.906803131103516,7.524460603168331e-24,0.0,0.0,2.7532050609588623,97.76953125
1695,114.1716820036344,22.310224926792625,84.19597625732422,29.712421417236328,5.128803493015255e-10,0.0,38.89189910888672,0.0,2.9764602184295654,109.27700805664062
1696,114.1526562143399,22.329584799005087,0.0,0.0,3.240070017840324e-11,9.240410520083842e-11,0.0,0.0,4.502508163452148,1294.82421875
1697,114.02384021139464,22.443984966446564,0.0,0.0,0.0,0.0,0.0,0.0,2.6794424057006836,133.40382385253906
1698,114.13150746873002,22.50272174782184,11.446236610412598,9.404701232910156,0.0,0.0,0.0,0.0,2.7567386627197266,81.83539581298828
1699,114.2269515781961,22.27656013954724,0.0,0.0,1.3606640987540164e-11,0.0,0.0,0.0,4.08695650100708,72.73090362548828
1700,114.17267220674375,22.3014742946292,68.37564849853516,153.7771759033203,4.6428685895882893e-10,0.0,19.289644241333008,0.0,2.9369935989379883,146.222412109375
1701,114.24170063112965,22.298634797357824,1.5133697246760835e-12,0.0,0.0,0.0,0.0,0.0,3.7723214626312256,63.42019271850586
1702,114.24170063112965,22.298634797357824,1.5133697246760835e-12,0.0,0.0,0.0,0.0,0.0,3.7723214626312256,63.42019271850586
1703,114.24170063112965,22.298634797357824,1.5133697246760835e-12,0.0,0.0,0.0,0.0,0.0,3.7723214626312256,63.42019271850586
1704,114.11095678737406,22.369975924191905,5.324934164434305e-44,4.1081083423932796e-08,0.2531766891479492,0.0,7.750308990478516,0.0,4.266411781311035,2695.89599609375
1705,114.11095678737406,22.369975924191905,5.324934164434305e-44,4.1081083423932796e-08,0.2531766891479492,0.0,7.750308990478516,0.0,4.266411781311035,2695.89599609375
1706,114.1342801214113,22.49350247232245,32.1954231262207,18.748950958251953,0.0,0.0,23.275005340576172,0.0,5.101655006408691,61.788116455078125
1707,114.27637760847064,22.384479797456315,0.0,9.013086885252883e-25,6.8196633236372595e-12,0.0,0.0,0.0,4.529761791229248,181.9459228515625
1708,114.1342801214113,22.49350247232245,32.1954231262207,18.748950958251953,0.0,0.0,23.275005340576172,0.0,5.101655006408691,61.788116455078125
1709,114.22824840373433,22.4261147813498,36.498512268066406,41.996761322021484,0.0,0.0,38.84910202026367,0.0,3.162703275680542,2458.661376953125
1710,114.2259048666117,22.280037254830777,0.0,1.0873817308815897e-13,1.1652396929295872e-11,0.0,23.266197204589844,0.0,4.203287124633789,1530.36181640625
1711,114.2259048666117,22.280037254830777,0.0,1.0873817308815897e-13,1.1652396929295872e-11,0.0,23.266197204589844,0.0,4.203287124633789,1530.36181640625
1712,114.2259048666117,22.280037254830777,0.0,1.0873817308815897e-13,1.1652396929295872e-11,0.0,23.266197204589844,0.0,4.203287124633789,1530.36181640625
1713,114.16685782254532,22.31909275074124,0.0023373053409159184,2.0740564821153384e-10,0.0,0.0,2.0699847391725257e-10,0.0,2.4375407695770264,194.00425720214844
1714,114.00610413420668,22.45760311588904,4.560488705424026e-12,2.876852131083324e-13,0.0,0.0,0.0,0.0,3.2506887912750244,47.39278030395508
1715,114.26043338010705,22.31999262422472,0.0,0.0,1.501539371355845e-13,0.0,7.831846282613242e-12,0.0,4.357933521270752,547.0997924804688
1716,114.02088609122364,22.44477681762476,0.0,0.0,0.0,0.0,0.0,0.0,3.4124882221221924,109.10014343261719
1717,114.25543728846394,22.324456232601023,15.121012687683105,18.044769287109375,0.0,0.0,31.072593688964844,0.0,4.487654209136963,1560.20556640625
1718,114.26757400629324,22.315365123761584,0.0,0.0,7.424123842818611e-14,0.0,0.0,0.0,4.270466327667236,1238.361328125
1719,114.00498925448652,22.44776780870417,0.0,1.554273745298096e-12,0.0,0.0,0.0,0.0,5.926315784454346,100.81514739990234
1720,114.14139675296612,22.481692423775684,0.0,0.0,0.0,0.0,0.0,0.0,3.416382312774658,28.63954734802246
1721,114.16685782254532,22.31909275074124,0.0023373053409159184,2.0740564821153384e-10,0.0,0.0,2.0699847391725257e-10,0.0,2.4375407695770264,194.00425720214844
1722,114.19572892747242,22.288703948749284,0.023635057732462883,6.042474746704102,6.105577848858346e-11,6.907525621352997e-24,0.0,0.0,3.184115409851074,152.05198669433594
1723,114.23095327417712,22.312293016323675,5.672807709689032e-12,0.0,0.0,0.0,0.0,0.0,3.4363021850585938,92.6817855834961
1724,114.23095327417712,22.312293016323675,5.672807709689032e-12,0.0,0.0,0.0,0.0,0.0,3.4363021850585938,92.6817855834961
1725,114.17251614179646,22.32716634772881,0.0,1.2670295368444329e-11,4.743599402168286e-10,0.0,0.0,0.0,2.3695013523101807,72.5641098022461
1726,114.23095327417712,22.312293016323675,5.672807709689032e-12,0.0,0.0,0.0,0.0,0.0,3.4363021850585938,92.6817855834961
1727,114.21574627854702,22.21239122707557,0.13986222445964813,0.0,0.0,0.0,0.0,0.0,5.918103218078613,45.6545295715332
1728,114.1080274955234,22.38369207404324,72.2198715209961,83.8630142211914,2.8793294429779053,0.0,41.45226287841797,0.0,7.695512771606445,18.81232261657715
1729,113.86494592555955,22.253393977436424,0.0,0.0,0.0,0.0,0.0,0.0,2.9177896976470947,69.0255126953125
1730,114.2058132036171,22.3922108586889,9.851962128049063e-12,5.4738613815275006e-12,22.123258590698242,0.0,1.9287650903504483e-12,0.0,4.070743560791016,1055.7486572265625
1731,113.86494592555955,22.253393977436424,0.0,0.0,0.0,0.0,0.0,0.0,2.9177896976470947,69.0255126953125
1732,113.86494592555955,22.253393977436424,0.0,0.0,0.0,0.0,0.0,0.0,2.9177896976470947,69.0255126953125
1733,114.16193520470227,22.335130693339885,0.0,0.0,0.0,0.0,0.0,0.0,3.2127459049224854,113.42705535888672
1734,114.0542386987376,22.48642678293679,0.0,0.0,0.0,0.0,0.0,0.0,2.161764621734619,70.16120910644531
1735,114.16193520470227,22.335130693339885,0.0,0.0,0.0,0.0,0.0,0.0,3.2127459049224854,113.42705535888672
1736,114.16193520470227,22.335130693339885,0.0,0.0,0.0,0.0,0.0,0.0,3.2127459049224854,113.42705535888672
1737,114.0542386987376,22.48642678293679,0.0,0.0,0.0,0.0,0.0,0.0,2.161764621734619,70.16120910644531
1738,114.14253164601668,22.37133124555924,3.439286947250366,0.0,0.0,0.0,0.0,0.0,2.60819673538208,37.960567474365234
1739,114.14253164601668,22.37133124555924,3.439286947250366,0.0,0.0,0.0,0.0,0.0,2.60819673538208,37.960567474365234
1740,114.14253164601668,22.37133124555924,3.439286947250366,0.0,0.0,0.0,0.0,0.0,2.60819673538208,37.960567474365234
1741,114.17881496048496,22.27739868229023,0.0,0.0,0.0,0.0,0.0,0.0,2.5863454341888428,163.73143005371094
1742,114.17881496048496,22.27739868229023,0.0,0.0,0.0,0.0,0.0,0.0,2.5863454341888428,163.73143005371094
1743,114.00374069534668,22.45966856158858,0.0,1.5035279878755636e-12,0.0,0.0,0.0,0.0,4.09324312210083,67.41905975341797
1744,114.24055083570644,22.26693773710423,1.0025099515914917,0.0,1.777339533144337e-13,0.0,0.0,0.0,3.3496358394622803,1079.3978271484375
1745,114.2545831732264,22.32452888916168,15.100936889648438,18.815587997436523,0.0,0.0,31.082469940185547,0.0,4.365470886230469,1695.6845703125
1746,114.00344834929516,22.46037261950053,0.0,1.401912115041315e-12,0.0,0.0,0.0,0.0,4.292619228363037,72.28551483154297
1747,114.23015046863352,22.421517652616,7.548097133636475,17.746721267700195,8.83374710186624e-12,0.0,0.028362056240439415,0.0,4.003787994384766,1969.8614501953125
1748,113.9712244621881,22.398882697772702,0.0,0.0,4.469462647205269e-11,0.0,0.0,0.0,2.9361493587493896,133.8056640625
1749,114.12720977272468,22.508400593048936,0.0,2.954856845316378e-11,0.0,0.0,0.0,0.0,3.748399019241333,99.51946258544922
1750,114.25943326883376,22.31932487332393,0.0,0.0,0.0,0.0,0.0,0.0,4.4053802490234375,473.5337219238281
1751,114.25632970108217,22.32345340266236,2.113550578997092e-07,3.115274667739868,0.0,0.0,31.05217742919922,0.0,4.030303001403809,1391.70458984375
1752,114.19686327562567,22.3496874164408,0.0,0.0,3.9185488187598594e-11,4.04903212216039e-24,0.0,0.0,4.569333553314209,52.474334716796875
1753,114.19828998781767,22.34724898202373,0.04313316196203232,5.99092464526052e-09,3.682922124862671,0.0,0.0,0.0,3.3253817558288574,101.8065185546875
1754,114.23711390404256,22.306827329189524,7.643299377744703e-14,4.2203895001154124e-13,0.0,0.0,0.0,0.0,3.55188250541687,78.90928649902344
1755,114.23698786158852,22.30711635533918,4.873511465805329e-14,4.2472703956283886e-13,0.0,0.0,0.0,0.0,3.375337600708008,84.72621154785156
1756,114.23980909822176,22.30053197124092,1.1456295981315812e-12,1.6841974657275005e-32,0.0,0.0,0.0,0.0,3.3804879188537598,81.30701446533203
1757,113.93198637073256,22.228611379118497,0.0,0.0,0.0,0.0,0.0,0.0,4.590090274810791,29.040632247924805
1758,113.97840680463725,22.243891265929022,0.0,0.0,0.0,0.0,0.0,0.0,2.701594591140747,54.14712142944336
1759,114.26361394983758,22.315141526546423,0.0,0.0,2.100026316037562e-12,0.0,0.0,0.0,4.032573223114014,881.0481567382812
1760,114.12432088287996,22.359658903303764,0.0,0.0,11.939181327819824,0.0,0.0,0.0,3.1150121688842773,91.68601989746094
1761,114.14232847987007,22.48624395257552,0.0,0.0,0.0,0.0,0.0,0.0,4.174703121185303,78.39540100097656
1762,114.1082359911962,22.35453256714724,0.0,0.0,1.4062018910410146e-11,0.0,0.0,0.0,3.9443743228912354,2263.763916015625
1763,114.1082359911962,22.35453256714724,0.0,0.0,1.4062018910410146e-11,0.0,0.0,0.0,3.9443743228912354,2263.763916015625
1764,114.14082134245392,22.3390827682483,0.0,0.0,6.146887053102093e-20,0.0,0.0,0.0,4.291194438934326,71.71781158447266
1765,114.14232847987007,22.48624395257552,0.0,0.0,0.0,0.0,0.0,0.0,4.174703121185303,78.39540100097656
1766,114.14232847987007,22.48624395257552,0.0,0.0,0.0,0.0,0.0,0.0,4.174703121185303,78.39540100097656
1767,114.1082359911962,22.35453256714724,0.0,0.0,1.4062018910410146e-11,0.0,0.0,0.0,3.9443743228912354,2263.763916015625
1768,114.17048735057556,22.3300741291344,7.911377802871655e-11,3.010605931219601e-10,4.917586893249393e-10,0.0,9.938320999491879e-12,0.0,2.899590253829956,72.7487564086914
1769,114.03749121311569,22.20737839136191,0.0,0.0,0.0,0.0,0.0,0.0,4.401459693908691,14.243778228759766
1770,114.03749121311569,22.20737839136191,0.0,0.0,0.0,0.0,0.0,0.0,4.401459693908691,14.243778228759766
1771,114.13965721965708,22.372820649012738,1.0229398173313964e-26,12.501324653625488,2.7839371433135973e-12,2.4826349864781605e-09,2.33683168301968e-12,0.0,3.390563488006592,61.112525939941406
1772,114.14082187504803,22.48772460963976,1.7453197903843226e-13,0.0,0.0,0.0,0.0,0.0,4.337282657623291,69.80268859863281
1773,114.13965721965708,22.372820649012738,1.0229398173313964e-26,12.501324653625488,2.7839371433135973e-12,2.4826349864781605e-09,2.33683168301968e-12,0.0,3.390563488006592,61.112525939941406
1774,114.13965721965708,22.372820649012738,1.0229398173313964e-26,12.501324653625488,2.7839371433135973e-12,2.4826349864781605e-09,2.33683168301968e-12,0.0,3.390563488006592,61.112525939941406
1775,114.2043057863516,22.331444572966312,38.694435119628906,9.414444923400879,44.195068359375,0.0,5.640388330008239e-12,0.0,4.678434371948242,743.2086791992188
1776,114.26693312435872,22.3148868597624,0.0,0.0,6.093285598307574e-13,0.0,0.0,0.0,3.739393949508667,1162.349609375
1777,114.26693312435872,22.3148868597624,0.0,0.0,6.093285598307574e-13,0.0,0.0,0.0,3.739393949508667,1162.349609375
1778,114.14082187504803,22.48772460963976,1.7453197903843226e-13,0.0,0.0,0.0,0.0,0.0,4.337282657623291,69.80268859863281
1779,114.14082187504803,22.48772460963976,1.7453197903843226e-13,0.0,0.0,0.0,0.0,0.0,4.337282657623291,69.80268859863281
1780,114.2375622910506,22.311342463187213,4.124399118673322e-13,3.9324991288509914e-13,0.0,0.0,0.0,0.0,3.0840163230895996,56.422176361083984
1781,113.99734362024302,22.432705764589446,0.0,0.0,0.0,0.0,0.0,0.0,5.320303916931152,108.85108184814453
1782,113.99734362024302,22.432705764589446,0.0,0.0,0.0,0.0,0.0,0.0,5.320303916931152,108.85108184814453
1783,114.23170052151865,22.31210312264039,5.512957711867328e-12,0.0,0.0,0.0,0.0,0.0,3.585972785949707,81.16171264648438
1784,114.17749559861184,22.33122113581852,0.0,0.0,7.816336553695402e-13,0.0,0.0,0.0,1.4453202486038208,127.81409454345703
1785,114.17749559861184,22.33122113581852,0.0,0.0,7.816336553695402e-13,0.0,0.0,0.0,1.4453202486038208,127.81409454345703
1786,113.99734362024302,22.432705764589446,0.0,0.0,0.0,0.0,0.0,0.0,5.320303916931152,108.85108184814453
1787,114.23170052151865,22.31210312264039,5.512957711867328e-12,0.0,0.0,0.0,0.0,0.0,3.585972785949707,81.16171264648438
1788,114.23170052151865,22.31210312264039,5.512957711867328e-12,0.0,0.0,0.0,0.0,0.0,3.585972785949707,81.16171264648438
1789,114.2259935101708,22.422160134831863,3.87608878327228e-07,33.330299377441406,0.0,0.0,30.980907440185547,0.0,4.236910820007324,3231.049072265625
1790,113.94831752992036,22.29622921998784,0.0,0.0,0.0,0.0,0.0,0.0,5.499300479888916,801.32177734375
1791,114.2259935101708,22.422160134831863,3.87608878327228e-07,33.330299377441406,0.0,0.0,30.980907440185547,0.0,4.236910820007324,3231.049072265625
1792,114.19093668169764,22.303198581651667,15.05225658416748,41.383174896240234,0.0,516.3075561523438,3.917918506984863e-12,0.0,2.722222328186035,1730.52294921875
1793,113.97379514109784,22.40084555692826,0.0,0.0,1.3374114316011543e-10,0.0,0.0,0.0,3.0470941066741943,76.48710632324219
1794,114.19150928004936,22.30331592880843,11.31850528717041,23.022140502929688,4.797082436142075e-12,515.7989501953125,4.098331916890796e-12,0.0,2.3079800605773926,1772.4173583984375
1795,113.95035022348196,22.29344162341838,0.0,0.0,0.0,0.0,0.0,0.0,5.167238235473633,1126.12841796875
1796,114.1003146975056,22.370919448723644,4.1259756028422245e-12,0.0,0.01874059997498989,0.0,0.0,0.0,5.192957878112793,1263.9248046875
1797,113.94385677155502,22.288429495251844,0.0,0.0,0.0,0.0,0.0,0.0,5.593419551849365,2373.588134765625
1798,114.12897166512356,22.358811473359008,0.0,0.0,34.362552642822266,0.0,1.479007888383066e-12,0.0,3.1487088203430176,118.08892059326172
1799,114.25751733937288,22.312616108081432,0.0,0.0,0.0,0.0,0.0,0.0,5.247716903686523,1115.6158447265625
1800,113.94386646033767,22.288438539731768,0.0,0.0,0.0,0.0,0.0,0.0,5.5953216552734375,2371.375244140625
1801,113.9436145973356,22.28817629140702,0.0,0.0,0.0,0.0,0.0,0.0,5.59221076965332,2338.609130859375
1802,113.95035022348196,22.29344162341838,0.0,0.0,0.0,0.0,0.0,0.0,5.167238235473633,1126.12841796875
1803,114.24001702854116,22.26654059706833,1.5075145959854126,0.0,9.856720474543668e-14,0.0,0.0,0.0,3.0161452293395996,1014.8152465820312
1804,114.25918139617644,22.320146784925704,0.0,0.0,0.0,0.0,7.077787245179934e-10,0.0,3.5601894855499268,722.059814453125
1805,114.2585307307478,22.31952400354217,0.0,0.0,0.0,0.0,7.889581735214515e-36,0.0,4.239760875701904,508.6836242675781
1806,114.2647196718614,22.31398501520476,0.0,0.0,2.0366614211092537e-12,0.0,0.0,0.0,4.27009916305542,740.8969116210938
1807,114.1132024231132,22.36392636253509,5.481504573162654e-12,9.867146162634288e-12,5.425783086709934e-12,0.0,0.0,0.0,4.496605396270752,466.86798095703125
1808,114.2043254335958,22.33263660616742,20.31905746459961,2.567363739013672,61.3554801940918,0.0,3.3843270525434066e-13,0.0,5.07994270324707,415.37884521484375
1809,114.22577068814076,22.42381277979288,34.88553237915039,62.528018951416016,0.0,0.0,35.26353454589844,0.0,3.370370388031006,3783.163818359375
1810,114.22577068814076,22.42381277979288,34.88553237915039,62.528018951416016,0.0,0.0,35.26353454589844,0.0,3.370370388031006,3783.163818359375
1811,114.22577068814076,22.42381277979288,34.88553237915039,62.528018951416016,0.0,0.0,35.26353454589844,0.0,3.370370388031006,3783.163818359375
1812,114.153872980176,22.24914917991336,15.096197128295898,18.80794906616211,1.735203820907305e-11,0.0,15.560652732849121,0.0,3.133481740951538,154.84815979003906
1813,114.153872980176,22.24914917991336,15.096197128295898,18.80794906616211,1.735203820907305e-11,0.0,15.560652732849121,0.0,3.133481740951538,154.84815979003906
1814,114.19538870168633,22.430826773533425,1.402509752779224e-08,26.750389099121094,188.1711883544922,5.0189930086843474e-24,86.54157257080078,0.0,6.893557548522949,29.23259925842285
1815,114.23101520175004,22.32186542565982,5.714510895732383e-12,0.0,0.0,0.0,6.575021560192851e-13,0.0,3.216432809829712,65.03739929199219
1816,114.23101520175004,22.32186542565982,5.714510895732383e-12,0.0,0.0,0.0,6.575021560192851e-13,0.0,3.216432809829712,65.03739929199219
1817,114.23101520175004,22.32186542565982,5.714510895732383e-12,0.0,0.0,0.0,6.575021560192851e-13,0.0,3.216432809829712,65.03739929199219
1818,114.20160000890554,22.40003197925549,1.38822365061686e-11,2.0612378991147207e-12,0.0,0.0,0.019974499940872192,0.0,6.2207255363464355,164.2841339111328
1819,114.20160000890554,22.40003197925549,1.38822365061686e-11,2.0612378991147207e-12,0.0,0.0,0.019974499940872192,0.0,6.2207255363464355,164.2841339111328
1820,114.15605559104084,22.250106724607345,15.124589920043945,10.728026390075684,0.0,0.0,0.0,0.0,2.9352428913116455,131.51292419433594
1821,114.15605559104084,22.250106724607345,15.124589920043945,10.728026390075684,0.0,0.0,0.0,0.0,2.9352428913116455,131.51292419433594
1822,114.15605559104084,22.250106724607345,15.124589920043945,10.728026390075684,0.0,0.0,0.0,0.0,2.9352428913116455,131.51292419433594
1823,114.22876342176409,22.32198356024134,3.496433828228951e-12,0.0,1.6246873638103843e-11,0.0,8.170979626416497e-13,0.0,2.75085711479187,82.97062683105469
1824,114.22876342176409,22.32198356024134,3.496433828228951e-12,0.0,1.6246873638103843e-11,0.0,8.170979626416497e-13,0.0,2.75085711479187,82.97062683105469
1825,113.97207462366876,22.408546367524625,0.0,0.0,0.0,0.0,0.0,0.0,4.479879379272461,81.58012390136719
1826,114.23892319197309,22.42565950765893,7.530733585357666,0.021805794909596443,30.81525230407715,0.0,3.54503854385884e-14,0.0,4.165250301361084,285.342529296875
1827,114.23691928057548,22.30560826962369,2.085220288539774e-14,4.303882012064719e-13,0.0,0.0,0.0,0.0,4.441984176635742,63.12623596191406
1828,114.22876342176409,22.32198356024134,3.496433828228951e-12,0.0,1.6246873638103843e-11,0.0,8.170979626416497e-13,0.0,2.75085711479187,82.97062683105469
1829,114.1990277821576,22.347212760356484,3.6405446529388428,1.3506108522415161,3.691408395767212,0.0,0.0,0.0,3.3841962814331055,101.55059814453125
1830,114.1990277821576,22.347212760356484,3.6405446529388428,1.3506108522415161,3.691408395767212,0.0,0.0,0.0,3.3841962814331055,101.55059814453125
1831,114.1990277821576,22.347212760356484,3.6405446529388428,1.3506108522415161,3.691408395767212,0.0,0.0,0.0,3.3841962814331055,101.55059814453125
1832,114.23691928057548,22.30560826962369,2.085220288539774e-14,4.303882012064719e-13,0.0,0.0,0.0,0.0,4.441984176635742,63.12623596191406
1833,113.94237130001794,22.2889059768173,0.0,0.0,0.0,0.0,0.0,0.0,5.23098087310791,2648.828369140625
1834,113.94237130001794,22.2889059768173,0.0,0.0,0.0,0.0,0.0,0.0,5.23098087310791,2648.828369140625
1835,113.94237130001794,22.2889059768173,0.0,0.0,0.0,0.0,0.0,0.0,5.23098087310791,2648.828369140625
1836,114.2298110171312,22.32021322564902,5.20338199611059e-12,0.0,9.937682621252719e-12,0.0,1.9462277384314774e-13,0.0,3.2231969833374023,89.18123626708984
1837,114.2298110171312,22.32021322564902,5.20338199611059e-12,0.0,9.937682621252719e-12,0.0,1.9462277384314774e-13,0.0,3.2231969833374023,89.18123626708984
1838,114.19968830764805,22.349596736827475,0.0,1.423993518587241e-12,1.877739942195255e-42,0.0,3.3843178925963e-07,0.0,3.631901741027832,83.39286804199219
1839,114.19968830764805,22.349596736827475,0.0,1.423993518587241e-12,1.877739942195255e-42,0.0,3.3843178925963e-07,0.0,3.631901741027832,83.39286804199219
1840,114.19968830764805,22.349596736827475,0.0,1.423993518587241e-12,1.877739942195255e-42,0.0,3.3843178925963e-07,0.0,3.631901741027832,83.39286804199219
1841,113.97680490454032,22.414991002739185,0.0,0.0,0.0,0.0,0.0,0.0,5.699890613555908,90.85065460205078
1842,114.26397299773208,22.315041997492155,0.0,0.0,2.1084000430965366e-12,0.0,0.0,0.0,3.9623568058013916,972.812744140625
1843,114.25619256768134,22.321250007040224,0.0,0.0,0.0,0.0,31.031780242919922,0.0,4.400343418121338,680.7492065429688
1844,114.25619256768134,22.321250007040224,0.0,0.0,0.0,0.0,31.031780242919922,0.0,4.400343418121338,680.7492065429688
1845,114.22652505353976,22.305160256430664,0.0,0.0,18.472936630249023,0.0,3.636893954397924e-12,0.0,3.850111961364746,57.33285140991211
1846,114.22652505353976,22.305160256430664,0.0,0.0,18.472936630249023,0.0,3.636893954397924e-12,0.0,3.850111961364746,57.33285140991211
1847,114.26397299773208,22.315041997492155,0.0,0.0,2.1084000430965366e-12,0.0,0.0,0.0,3.9623568058013916,972.812744140625
1848,114.26397299773208,22.315041997492155,0.0,0.0,2.1084000430965366e-12,0.0,0.0,0.0,3.9623568058013916,972.812744140625
1849,114.0080633378442,22.452331414634447,31.25198745727539,0.0,6.003772240643912e-13,0.0,0.0,0.0,4.610287666320801,68.02165222167969
1850,114.0080633378442,22.452331414634447,31.25198745727539,0.0,6.003772240643912e-13,0.0,0.0,0.0,4.610287666320801,68.02165222167969
1851,114.0080633378442,22.452331414634447,31.25198745727539,0.0,6.003772240643912e-13,0.0,0.0,0.0,4.610287666320801,68.02165222167969
1852,113.9423519677718,22.28886079602629,0.0,0.0,0.0,0.0,0.0,0.0,5.279411792755127,2648.11181640625
1853,113.9423519677718,22.28886079602629,0.0,0.0,0.0,0.0,0.0,0.0,5.279411792755127,2648.11181640625
1854,113.9423519677718,22.28886079602629,0.0,0.0,0.0,0.0,0.0,0.0,5.279411792755127,2648.11181640625
1855,114.02885700140573,22.43099483834957,0.0,0.0,1.1404184888097468e-11,0.0,0.0,0.0,4.723484992980957,110.46630859375
1856,114.02885700140573,22.43099483834957,0.0,0.0,1.1404184888097468e-11,0.0,0.0,0.0,4.723484992980957,110.46630859375
1857,114.22484729079216,22.421943748036327,0.00015470149810425937,22.009326934814453,0.0,0.0,33.470855712890625,0.0,4.298701286315918,3907.843994140625
1858,114.22484729079216,22.421943748036327,0.00015470149810425937,22.009326934814453,0.0,0.0,33.470855712890625,0.0,4.298701286315918,3907.843994140625
1859,114.22484729079216,22.421943748036327,0.00015470149810425937,22.009326934814453,0.0,0.0,33.470855712890625,0.0,4.298701286315918,3907.843994140625
1860,114.13785975062244,22.481429725419066,4.1795386596099604e-11,0.0,0.0,0.0,0.0,0.0,3.476430892944336,36.168975830078125
1861,114.16032935858648,22.45285228220623,129.25643920898438,37.5245246887207,3.685342788696289,0.0,6.358989940516424e-13,0.0,3.501098871231079,80.45030212402344
1862,114.2336871902692,22.424397168815435,7.610466480255127,9.38941764831543,1.50640960751465e-13,0.0,7.745226860046387,0.0,3.9298532009124756,873.0255126953125
1863,114.2336871902692,22.424397168815435,7.610466480255127,9.38941764831543,1.50640960751465e-13,0.0,7.745226860046387,0.0,3.9298532009124756,873.0255126953125
1864,114.2336871902692,22.424397168815435,7.610466480255127,9.38941764831543,1.50640960751465e-13,0.0,7.745226860046387,0.0,3.9298532009124756,873.0255126953125
1865,114.00787466812424,22.45569956241877,2.4571714401245117,0.0,1.6012436873397845e-13,0.0,0.0,0.0,5.031732559204102,44.71190643310547
1866,114.17392088739668,22.456700069405937,98.00786590576172,90.45616149902344,1.9794926808813784e-10,321.498779296875,240.47885131835938,920.7269287109375,4.5807929039001465,458.8207092285156
1867,114.26095176821497,22.310419928089647,0.0,0.0,6.159485898757366e-13,0.0,0.0,0.0,3.619277000427246,2358.734375
1868,114.2509409144337,22.26479306524111,0.0,0.0,0.0,0.0,0.0,0.0,3.7300217151641846,313.7195739746094
1869,114.2568278173539,22.311857879561547,0.0,0.0,0.0,0.0,0.0,0.0,5.221354007720947,1232.342529296875
1870,114.2571526899897,22.3198859155746,0.0,0.0,0.0,0.0,0.09138055890798569,0.0,4.308876991271973,446.0998840332031
1871,114.26112618783046,22.309959277035464,0.0,0.0,7.056022433005182e-13,0.0,0.0,0.0,3.7932584285736084,2512.55224609375
1872,114.26845068847028,22.37962606274389,20.769725799560547,13.509387016296387,3.679297685623169,0.0,0.0,0.0,2.837575674057007,135.78359985351562
1873,114.26845068847028,22.37962606274389,20.769725799560547,13.509387016296387,3.679297685623169,0.0,0.0,0.0,2.837575674057007,135.78359985351562
1874,114.26845068847028,22.37962606274389,20.769725799560547,13.509387016296387,3.679297685623169,0.0,0.0,0.0,2.837575674057007,135.78359985351562
1875,114.26010874275278,22.312678012296363,0.0,0.0,0.0,0.0,0.0,0.0,4.162140369415283,1247.0548095703125
1876,114.26010874275278,22.312678012296363,0.0,0.0,0.0,0.0,0.0,0.0,4.162140369415283,1247.0548095703125
1877,114.26010874275278,22.312678012296363,0.0,0.0,0.0,0.0,0.0,0.0,4.162140369415283,1247.0548095703125
1878,114.11266918270312,22.3622735629476,0.019202325493097305,9.445746268488264e-12,1.3174853569219991e-11,0.0,0.0,0.0,3.8477365970611572,93.0615234375
1879,114.11266918270312,22.3622735629476,0.019202325493097305,9.445746268488264e-12,1.3174853569219991e-11,0.0,0.0,0.0,3.8477365970611572,93.0615234375
1880,114.17820420490769,22.332331892793405,0.0,0.0,2.046827334359347e-12,0.0,0.0,0.0,1.3278846740722656,130.70843505859375
1881,114.17820420490769,22.332331892793405,0.0,0.0,2.046827334359347e-12,0.0,0.0,0.0,1.3278846740722656,130.70843505859375
1882,114.17820420490769,22.332331892793405,0.0,0.0,2.046827334359347e-12,0.0,0.0,0.0,1.3278846740722656,130.70843505859375
1883,114.13060021585748,22.366415664758414,0.0,0.0,0.0,0.0,1.894934296281514e-12,0.0,3.169585943222046,95.9610366821289
1884,114.13060021585748,22.366415664758414,0.0,0.0,0.0,0.0,1.894934296281514e-12,0.0,3.169585943222046,95.9610366821289
1885,114.13060021585748,22.366415664758414,0.0,0.0,0.0,0.0,1.894934296281514e-12,0.0,3.169585943222046,95.9610366821289
1886,114.15930957486978,22.450341710374456,11.010160446166992,33.11402130126953,0.601131021976471,0.0,46.731727600097656,0.0,3.3019168376922607,93.55046081542969
1887,114.02407172768528,22.204738419824736,0.0,0.0,0.0,0.0,0.0,0.0,6.3373494148254395,146.58758544921875
1888,114.03203843661991,22.444841388849174,0.0,0.0,2.9716420296699297e-12,0.0,2.311446932294625e-13,0.0,3.2664334774017334,133.93377685546875
1889,114.02407172768528,22.204738419824736,0.0,0.0,0.0,0.0,0.0,0.0,6.3373494148254395,146.58758544921875
1890,114.02407172768528,22.204738419824736,0.0,0.0,0.0,0.0,0.0,0.0,6.3373494148254395,146.58758544921875
1891,114.26474117531448,22.317326322345533,0.0,0.0,2.0253499398437125e-12,0.0,0.0,0.0,4.232558250427246,2010.46923828125
1892,113.99779355275476,22.43786264153426,0.0,0.0,0.0,0.0,0.0,0.0,5.176854133605957,66.17259979248047
1893,113.9608134887825,22.373935986862666,1.3223674599771584e-08,3.591644763946533,0.0,0.0,33.163150787353516,0.0,4.239795684814453,233.63583374023438
1894,114.20641402882856,22.34029416579427,26.66421890258789,15.649892807006836,0.0,0.0,0.0,0.0,4.304715633392334,64.76432800292969
1895,114.18004843667512,22.329180193605712,0.0,0.0,0.0,0.0,0.0,0.0,2.2134387493133545,126.63414764404297
1896,114.17840804741576,22.332187401655062,0.0,0.0,1.951590148166482e-12,0.0,0.0,0.0,1.3259402513504028,131.6559295654297
1897,114.12578518970552,22.364364285209625,0.0,0.0,1.4672964811325073,0.0,0.0,0.0,3.727797031402588,60.24539566040039
1898,114.12578518970552,22.364364285209625,0.0,0.0,1.4672964811325073,0.0,0.0,0.0,3.727797031402588,60.24539566040039
1899,114.12578518970552,22.364364285209625,0.0,0.0,1.4672964811325073,0.0,0.0,0.0,3.727797031402588,60.24539566040039
1900,114.15046735139028,22.25201138572068,5.38585901260376,40.474342346191406,2.707184129646656e-11,0.0,24.569530487060547,0.0,5.053811550140381,53.483882904052734
1901,114.15046735139028,22.25201138572068,5.38585901260376,40.474342346191406,2.707184129646656e-11,0.0,24.569530487060547,0.0,5.053811550140381,53.483882904052734
1902,114.15046735139028,22.25201138572068,5.38585901260376,40.474342346191406,2.707184129646656e-11,0.0,24.569530487060547,0.0,5.053811550140381,53.483882904052734
1903,114.23619213378406,22.30733338300319,0.0,4.359068715795861e-13,0.0,0.0,0.0,0.0,3.373913049697876,90.8916015625
1904,114.23619213378406,22.30733338300319,0.0,4.359068715795861e-13,0.0,0.0,0.0,0.0,3.373913049697876,90.8916015625
1905,114.25950716694736,22.31295826853945,0.0,0.0,0.0,0.0,0.0,0.0,4.480551242828369,1110.03076171875
1906,114.19540635750438,22.34434149645105,0.0,0.0,21.632110595703125,7.263507782303936e-24,0.0,0.0,2.936300277709961,110.00141906738281
1907,114.25950716694736,22.31295826853945,0.0,0.0,0.0,0.0,0.0,0.0,4.480551242828369,1110.03076171875
1908,114.25950716694736,22.31295826853945,0.0,0.0,0.0,0.0,0.0,0.0,4.480551242828369,1110.03076171875
1909,114.19595978233438,22.344973571681912,1.401298464324817e-45,0.0,14.737929344177246,6.505607695460586e-24,0.0,0.0,3.0764212608337402,116.8691635131836
1910,114.19540635750438,22.34434149645105,0.0,0.0,21.632110595703125,7.263507782303936e-24,0.0,0.0,2.936300277709961,110.00141906738281
1911,114.19629466189754,22.37964179987252,128.4019775390625,81.1749496459961,145.61599731445312,4.0255173618671096e-24,9.91212428975985e-13,0.0,4.098455429077148,84.59674835205078
1912,114.19629466189754,22.37964179987252,128.4019775390625,81.1749496459961,145.61599731445312,4.0255173618671096e-24,9.91212428975985e-13,0.0,4.098455429077148,84.59674835205078
1913,114.27042398858032,22.382830767094543,3.7678639888763428,9.737787246704102,3.525320660391351e-11,0.0,0.0,0.0,3.3582394123077393,177.23573303222656
1914,114.2570981552279,22.309383362096828,0.0,0.0,0.0,0.0,0.0,0.0,4.043607711791992,2480.4931640625
1915,114.25750523173524,22.3084349471361,0.0,0.0,0.0,0.0,0.0,0.0,3.8803787231445312,2402.863037109375
1916,114.00270669728178,22.447422206428666,0.0,2.1203551067716653e-12,0.0,0.0,0.0,0.0,5.27437162399292,116.22643280029297
1917,114.13863702930178,22.48179112797364,3.7310307621218897e-11,0.0,0.0,0.0,0.0,0.0,3.727513313293457,46.01308822631836
1918,114.17753497132522,22.44024661,93.08497619628906,81.56596374511719,896.042724609375,0.0,108.75231170654297,1843.876220703125,3.24456524848938,36.975738525390625
1919,114.00160960474108,22.446879193887582,0.0,1.853793594325248e-12,0.0,0.0,0.0,0.0,5.88722562789917,105.81083679199219
1920,114.00109418717288,22.447303063361662,0.0,1.5615804005789102e-12,0.0,0.0,0.0,0.0,5.78147029876709,93.43013763427734
1921,113.9992805630374,22.460169417726696,0.0,0.0,0.0,0.0,0.0,0.0,4.733394622802734,86.8311538696289
1922,114.16533429865548,22.315308829855493,30.19239044189453,53.604713439941406,0.0,0.0,31.001237869262695,0.0,3.033430337905884,1995.5186767578125
1923,114.2353627140924,22.319859123493217,0.0,4.1842487048977806e-13,0.0,0.0,0.0,0.0,4.197049617767334,66.9783706665039
1924,114.22810563460747,22.328088445619933,1.2100048610644287e-12,3.007591724395752,1.691131609748986e-11,0.0,128.5443878173828,0.0,3.280942916870117,74.88668823242188
1925,114.23232412322452,22.31830693011928,5.030199781014266e-12,0.0,0.0,0.0,0.0,0.0,3.3323891162872314,72.21696472167969
1926,114.2244407067219,22.28308101456481,5.3082134767959796e-20,7.806368350982666,1.9166450111046673e-12,0.0,1.939622961799614e-05,0.0,4.032913684844971,2111.968017578125
1927,113.94534808548823,22.290291927061663,0.0,0.0,0.0,0.0,0.0,0.0,5.35449743270874,1918.7725830078125
1928,114.14214120068,22.496854634195632,0.0,5.140867657786596e-13,0.0,57.16077423095703,1.615223826467923e-26,0.0,3.483630895614624,121.83922576904297
1929,114.18680301243468,22.31159735361829,7.399730134194371e-12,1.062505769131028e-12,0.0,0.0,0.0,0.0,2.8138256072998047,122.85643768310547
1930,114.24219929819036,22.26492324717807,7.560509204864502,0.0,4.808856221213964e-13,0.0,0.0,0.0,3.4291188716888428,486.11541748046875
1931,114.1511173709425,22.25183990713512,0.03603529557585716,22.425270080566406,2.9045793548121424e-11,0.0,4.46828031539917,0.0,5.424444675445557,51.78361129760742
1932,114.2617474530122,22.310166656720064,0.0,0.0,1.1199534138625622e-12,0.0,0.0,0.0,4.3255815505981445,2045.537841796875
1933,114.2617474530122,22.310166656720064,0.0,0.0,1.1199534138625622e-12,0.0,0.0,0.0,4.3255815505981445,2045.537841796875
1934,114.25973830237706,22.309914839409327,0.0,0.0,0.0,0.0,0.0,0.0,3.0277998447418213,2712.249755859375
1935,113.94831752992036,22.29622921998784,0.0,0.0,0.0,0.0,0.0,0.0,5.499300479888916,801.32177734375
1936,114.20284180450258,22.34085467399465,14.529735565185547,12.499884605407715,0.0,0.0,0.0,0.0,4.938045501708984,37.746463775634766
1937,114.20284180450258,22.34085467399465,14.529735565185547,12.499884605407715,0.0,0.0,0.0,0.0,4.938045501708984,37.746463775634766
1938,113.99828049437248,22.459662611307085,0.0,0.0,0.0,0.0,0.0,0.0,4.477582931518555,97.7697982788086
1939,113.9733455940409,22.38275695526776,1.21575585581013e-05,1.4603081410768937e-07,0.0,0.0,1.4865926415211228e-12,0.0,3.5280001163482666,291.9966125488281
1940,114.25852441447084,22.308669232635363,0.0,0.0,0.0,0.0,0.0,0.0,3.3297343254089355,2542.3134765625
1941,114.26114671003106,22.311810538800145,0.0,0.0,7.133798217949516e-13,0.0,0.0,0.0,3.6730434894561768,1497.8155517578125
1942,114.26114671003106,22.311810538800145,0.0,0.0,7.133798217949516e-13,0.0,0.0,0.0,3.6730434894561768,1497.8155517578125
1943,114.26114671003106,22.311810538800145,0.0,0.0,7.133798217949516e-13,0.0,0.0,0.0,3.6730434894561768,1497.8155517578125
1944,114.25997090886696,22.309372884416494,0.0,0.0,0.0,0.0,0.0,0.0,3.235870361328125,2805.529052734375
1945,114.20412123621334,22.38067014925604,26.43283462524414,25.86532211303711,73.7954330444336,0.0,3.110970248770828e-12,0.0,5.156879425048828,851.0
1946,114.03338708168528,22.44648613178311,1.5935710280245985e-06,0.0,0.0,0.0,9.2154224789337e-13,0.0,4.322449207305908,124.0400161743164
1947,114.2570502324609,22.3104399658831,0.0,0.0,0.0,0.0,0.0,0.0,4.311279773712158,1795.9014892578125
1948,114.03338708168528,22.44648613178311,1.5935710280245985e-06,0.0,0.0,0.0,9.2154224789337e-13,0.0,4.322449207305908,124.0400161743164
1949,114.2570502324609,22.3104399658831,0.0,0.0,0.0,0.0,0.0,0.0,4.311279773712158,1795.9014892578125
1950,114.2570502324609,22.3104399658831,0.0,0.0,0.0,0.0,0.0,0.0,4.311279773712158,1795.9014892578125
1951,113.9724622077928,22.38258426257392,3.7718558311462402,3.5320165157318115,0.0,0.0,1.5470957848151556e-12,0.0,3.4351203441619873,276.1416931152344
1952,113.94831752992036,22.29622921998784,0.0,0.0,0.0,0.0,0.0,0.0,5.499300479888916,801.32177734375
1953,114.13400419077622,22.379366385613263,24.948823928833008,44.19688034057617,14.552821159362793,1101.0611572265625,26.121492385864258,920.9363403320312,4.780673027038574,61.83769607543945
1954,114.22926696448556,22.42253838574293,7.538199424743652,34.800209045410156,0.0,0.0,2.276998034567157e-11,0.0,3.9878957271575928,2423.530517578125
1955,114.2571526899897,22.3198859155746,0.0,0.0,0.0,0.0,0.09138055890798569,0.0,4.308876991271973,446.0998840332031
1956,114.16516946549638,22.313340147306143,27.62688636779785,66.60505676269531,0.0,0.0,38.72615051269531,0.0,4.198054313659668,1755.7410888671875
1957,114.16516946549638,22.313340147306143,27.62688636779785,66.60505676269531,0.0,0.0,38.72615051269531,0.0,4.198054313659668,1755.7410888671875
1958,114.17648610045956,22.32810558565524,0.0,0.0,0.0,0.0,0.0,0.0,2.2281880378723145,107.57209014892578
1959,114.17648610045956,22.32810558565524,0.0,0.0,0.0,0.0,0.0,0.0,2.2281880378723145,107.57209014892578
1960,114.23690774870214,22.30133679593081,1.0432949704077422e-14,1.594150294626298e-13,0.0,0.0,0.0,0.0,4.549352169036865,77.82290649414062
1961,114.23690774870214,22.30133679593081,1.0432949704077422e-14,1.594150294626298e-13,0.0,0.0,0.0,0.0,4.549352169036865,77.82290649414062
1962,114.26773134869792,22.33351650360932,3.7723498344421387,0.8626582622528076,2.8716990527755115e-06,0.0,0.0,0.0,6.408866882324219,237.95350646972656
1963,114.26773134869792,22.33351650360932,3.7723498344421387,0.8626582622528076,2.8716990527755115e-06,0.0,0.0,0.0,6.408866882324219,237.95350646972656
1964,114.18591047622536,22.317214439219395,5.469107279144418e-18,1.5259432792663574,0.0,0.0,1.9628148065220508e-11,0.0,3.4604105949401855,107.25361633300781
1965,114.18591047622536,22.317214439219395,5.469107279144418e-18,1.5259432792663574,0.0,0.0,1.9628148065220508e-11,0.0,3.4604105949401855,107.25361633300781
1966,114.10422639216004,22.354594032960165,4.464736740039665e-12,0.0,3.691408395767212,0.0,0.0,0.0,3.257119655609131,2761.095947265625
1967,114.10422639216004,22.354594032960165,4.464736740039665e-12,0.0,3.691408395767212,0.0,0.0,0.0,3.257119655609131,2761.095947265625
1968,114.10799159084034,22.35797310246037,3.769099235534668,0.0,7.3513593673706055,0.0,0.0,0.0,4.287009239196777,1117.29052734375
1969,114.10799159084034,22.35797310246037,3.769099235534668,0.0,7.3513593673706055,0.0,0.0,0.0,4.287009239196777,1117.29052734375
1970,114.16228542471382,22.3277437100288,3.7802534103393555,0.0,0.0,0.0,0.0,0.0,2.3966362476348877,173.6628875732422
1971,114.16228542471382,22.3277437100288,3.7802534103393555,0.0,0.0,0.0,0.0,0.0,2.3966362476348877,173.6628875732422
1972,114.16228542471382,22.3277437100288,3.7802534103393555,0.0,0.0,0.0,0.0,0.0,2.3966362476348877,173.6628875732422
1973,114.15485841951843,22.33730625695382,0.0,0.0,1.1703300004453632e-12,0.0,0.0,0.0,3.3396048545837402,122.56526184082031
1974,114.15485841951843,22.33730625695382,0.0,0.0,1.1703300004453632e-12,0.0,0.0,0.0,3.3396048545837402,122.56526184082031
1975,114.00301662576167,22.44818109586832,0.0,2.1462089917767546e-12,0.0,0.0,0.0,0.0,5.135593414306641,118.67221069335938
1976,114.00301662576167,22.44818109586832,0.0,2.1462089917767546e-12,0.0,0.0,0.0,0.0,5.135593414306641,118.67221069335938
1977,114.00301662576167,22.44818109586832,0.0,2.1462089917767546e-12,0.0,0.0,0.0,0.0,5.135593414306641,118.67221069335938
1978,114.15485841951843,22.33730625695382,0.0,0.0,1.1703300004453632e-12,0.0,0.0,0.0,3.3396048545837402,122.56526184082031
1979,114.17845699476402,22.367821992850427,1.183231681037289e-12,1.1606221626131452e-12,0.0,0.0,6.258405252368426e-12,0.0,4.5948662757873535,76.38166046142578
1980,114.2567387057821,22.30876042818404,0.0,0.0,0.0,0.0,0.0,0.0,4.100478649139404,2400.509765625
1981,114.2567387057821,22.30876042818404,0.0,0.0,0.0,0.0,0.0,0.0,4.100478649139404,2400.509765625
1982,114.2298021142014,22.424985470155587,7.565484523773193,15.952696800231934,0.0,0.0,31.01097869873047,0.0,3.32427978515625,2349.358154296875
1983,114.2298021142014,22.424985470155587,7.565484523773193,15.952696800231934,0.0,0.0,31.01097869873047,0.0,3.32427978515625,2349.358154296875
1984,114.2298021142014,22.424985470155587,7.565484523773193,15.952696800231934,0.0,0.0,31.01097869873047,0.0,3.32427978515625,2349.358154296875
1985,114.2567387057821,22.30876042818404,0.0,0.0,0.0,0.0,0.0,0.0,4.100478649139404,2400.509765625
1986,114.03063893191452,22.445409044743144,0.0,0.0,9.618281865408917e-12,0.0,0.0,0.0,3.0501902103424072,152.6137237548828
1987,114.16475182154645,22.316889142157663,30.22216033935547,36.3956413269043,0.0,0.0,23.358009338378906,0.0,3.0755116939544678,1344.211669921875
1988,114.16475182154645,22.316889142157663,30.22216033935547,36.3956413269043,0.0,0.0,23.358009338378906,0.0,3.0755116939544678,1344.211669921875
1989,114.19793594128753,22.38140254675736,81.0997085571289,36.57010269165039,328.908935546875,0.0,3.229304844365455e-12,0.0,3.996978759765625,55.30265426635742
1990,114.13118052440296,22.28380402979832,5.990785558601663e-12,0.0,0.0,0.0,0.0,0.0,3.0158286094665527,116.75144958496094
1991,114.01667103344204,22.30805084096908,10.201148986816406,6.278055667877197,0.0,0.0,177.53909301757812,0.0,5.5518293380737305,62.828590393066406
1992,114.01667103344204,22.30805084096908,10.201148986816406,6.278055667877197,0.0,0.0,177.53909301757812,0.0,5.5518293380737305,62.828590393066406
1993,114.01668073858764,22.308050850551258,10.204504013061523,6.286332607269287,0.0,0.0,178.06704711914062,0.0,5.544342517852783,62.8221321105957
1994,114.26649665870508,22.31533863126208,0.0,0.0,7.965288584960151e-13,0.0,0.0,0.0,3.6920955181121826,1427.8001708984375
1995,114.26649665870508,22.31533863126208,0.0,0.0,7.965288584960151e-13,0.0,0.0,0.0,3.6920955181121826,1427.8001708984375
1996,114.26649665870508,22.31533863126208,0.0,0.0,7.965288584960151e-13,0.0,0.0,0.0,3.6920955181121826,1427.8001708984375
1997,114.10532959125943,22.36156610548472,0.008511494845151901,0.0,22.753551483154297,0.0,0.0,0.0,4.621319770812988,2335.354248046875
1998,114.09539241868154,22.353442951612266,0.0,0.0,7.333888406508074e-14,0.0,0.0,0.0,4.823529243469238,470.9798583984375
1999,114.09539241868154,22.353442951612266,0.0,0.0,7.333888406508074e-14,0.0,0.0,0.0,4.823529243469238,470.9798583984375
2000,114.09539241868154,22.353442951612266,0.0,0.0,7.333888406508074e-14,0.0,0.0,0.0,4.823529243469238,470.9798583984375
2001,114.14768616507142,22.283934260473927,0.0,0.0,0.0,6.891043950460214e-23,1.345119762102831e-12,0.0,3.022590398788452,138.83009338378906
2002,114.10532959125943,22.36156610548472,0.008511494845151901,0.0,22.753551483154297,0.0,0.0,0.0,4.621319770812988,2335.354248046875
2003,114.00526496497004,22.460555169701934,1.7329637304921262e-31,9.026096927169935e-13,0.0,0.0,0.0,0.0,3.6542820930480957,77.24849700927734
2004,113.97518852992232,22.397632455225896,0.0,0.0,0.0,0.0,0.0,0.0,3.221705436706543,121.81581115722656
2005,113.99630674211836,22.460798245980644,0.0,0.0,0.0,0.0,0.0,0.0,5.801130771636963,100.25371551513672
2006,113.99630674211836,22.460798245980644,0.0,0.0,0.0,0.0,0.0,0.0,5.801130771636963,100.25371551513672
2007,113.99630674211836,22.460798245980644,0.0,0.0,0.0,0.0,0.0,0.0,5.801130771636963,100.25371551513672
2008,113.97518852992232,22.397632455225896,0.0,0.0,0.0,0.0,0.0,0.0,3.221705436706543,121.81581115722656
2009,113.97518852992232,22.397632455225896,0.0,0.0,0.0,0.0,0.0,0.0,3.221705436706543,121.81581115722656
2010,114.14788822037184,22.24510248289067,2.376859559866107e-13,0.0,0.0,0.0,0.0,0.0,3.046464681625366,293.1734924316406
2011,114.14788822037184,22.24510248289067,2.376859559866107e-13,0.0,0.0,0.0,0.0,0.0,3.046464681625366,293.1734924316406
2012,114.14788822037184,22.24510248289067,2.376859559866107e-13,0.0,0.0,0.0,0.0,0.0,3.046464681625366,293.1734924316406
2013,113.99634507882848,22.46120465706696,0.0,0.0,0.0,0.0,0.0,0.0,5.736462116241455,100.98059844970703
2014,113.99634507882848,22.46120465706696,0.0,0.0,0.0,0.0,0.0,0.0,5.736462116241455,100.98059844970703
2015,114.14870332353144,22.2439376686572,5.519288910453557e-13,0.0,5.8975853714504645e-12,0.0,0.0,0.0,3.142670154571533,265.4598083496094
2016,113.99634507882848,22.46120465706696,0.0,0.0,0.0,0.0,0.0,0.0,5.736462116241455,100.98059844970703
2017,114.2319465616164,22.320772410382467,5.3651909304175405e-12,0.0,0.0,0.0,3.139491365987922e-14,0.0,3.386491537094116,68.49522399902344
2018,114.23284871334646,22.31948975730668,4.290112969734805e-12,6.3223017756676176e-15,0.0,0.0,0.0,0.0,3.6122262477874756,78.50973510742188
2019,113.9370668890209,22.2811229032682,0.0,0.0,0.0,0.0,0.0,0.0,5.370873928070068,116.30078125
2020,114.22483605697536,22.41751881575199,0.0,2.3368943499052497e-12,1.2411696670433514e-10,0.0,52.69562911987305,0.0,4.147212505340576,1925.0693359375
2021,114.25005770963564,22.26420647349704,0.0,0.0,0.0,0.0,0.0,0.0,3.5435993671417236,299.7406311035156
2022,114.00000495506563,22.46354758463079,0.0,3.843903277275795e-14,0.0,0.0,0.0,0.0,5.155063152313232,120.21734619140625
2023,114.00129024469322,22.46133653927586,0.0,9.723042683484895e-13,0.0,0.0,0.0,0.0,4.823684215545654,100.84721374511719
2024,114.10459477582695,22.355632710883896,3.6239370879154187e-12,0.0,3.681713819503784,0.0,0.0,0.0,3.4639718532562256,2789.643310546875
2025,114.19369113677132,22.28884866329436,3.7846105098724365,15.619002342224121,6.48705186789833e-11,7.5393385198408e-24,0.059120386838912964,0.0,3.947094440460205,145.7890625
2026,113.9985080663305,22.464042608997666,0.0,0.0,0.0,0.0,0.0,0.0,5.1023688316345215,115.97493743896484
2027,114.13495070321773,22.49338525284397,21.701108932495117,18.784706115722656,0.0,0.0,23.289134979248047,1.2724288123357276e-28,4.8542160987854,63.09730911254883
2028,114.00056802214232,22.463909416957943,0.0,9.312766080212323e-14,0.0,0.0,0.0,0.0,4.915470600128174,109.44483947753906
2029,114.2278209331572,22.42588915499088,37.78535461425781,45.281185150146484,0.0,0.0,18.172590255737305,0.0,3.269662857055664,2764.068359375
2030,114.22030665820444,22.40708085183828,0.0,0.0,45.910560607910156,0.0,0.0,0.0,5.469045162200928,933.9134521484375
2031,114.22170698840128,22.321777963422065,0.0,3.513342611630166e-12,0.0,0.0,0.0,0.0,4.0506134033203125,74.77659606933594
2032,114.19233466341616,22.30757829983029,3.78025484085083,2.7518828161869476e-38,4.7918911894040406e-11,2.6965566932157792e-11,1.1969081325016728e-12,0.0,2.5441370010375977,1815.3402099609375
2033,113.93712424646796,22.28162870038154,0.0,0.0,0.0,0.0,0.0,0.0,4.969409465789795,114.71549987792969
2034,114.2264214024605,22.423613910904105,26.257123947143555,62.74878692626953,0.0,0.0,32.64954376220703,0.0,3.4738292694091797,3419.416748046875
2035,113.99806617908769,22.46768137091542,0.0,0.0,0.0,0.0,0.0,0.0,5.231025695800781,70.35540008544922
2036,114.20310557620935,22.349767799208568,3.024681546892616e-11,1.1778162161135697e-06,0.0,0.0,7.770709991455078,0.0,3.484138011932373,64.7778549194336
2037,114.16409214210964,22.313421341679348,2.754399538040161,50.111656188964844,0.0,0.0,38.751548767089844,0.0,5.0494465827941895,1795.3360595703125
2038,114.19233466341616,22.30757829983029,3.78025484085083,2.7518828161869476e-38,4.7918911894040406e-11,2.6965566932157792e-11,1.1969081325016728e-12,0.0,2.5441370010375977,1815.3402099609375
2039,114.19233466341616,22.30757829983029,3.78025484085083,2.7518828161869476e-38,4.7918911894040406e-11,2.6965566932157792e-11,1.1969081325016728e-12,0.0,2.5441370010375977,1815.3402099609375
2040,114.17623373145682,22.32767211684034,0.0,0.0,0.0,0.0,0.0,0.0,2.391627788543701,106.56101989746094
2041,114.17623373145682,22.32767211684034,0.0,0.0,0.0,0.0,0.0,0.0,2.391627788543701,106.56101989746094
2042,114.17623373145682,22.32767211684034,0.0,0.0,0.0,0.0,0.0,0.0,2.391627788543701,106.56101989746094
2043,114.19909908997016,22.368308118795287,0.33629247546195984,40.68926239013672,25.44439125061035,0.0,74.41362762451172,0.0,5.900301933288574,3.619166374206543
2044,114.17699088585738,22.36665706108307,0.0,1.1234375409119313e-11,0.0,0.0,0.0,0.0,4.35083532333374,77.235107421875
2045,114.18314421865522,22.315002073995583,0.019486814737319946,2.1221392154693604,0.0,0.0,7.773262023925781,0.0,4.214929103851318,65.94098663330078
2046,114.18314421865522,22.315002073995583,0.019486814737319946,2.1221392154693604,0.0,0.0,7.773262023925781,0.0,4.214929103851318,65.94098663330078
2047,114.18314421865522,22.315002073995583,0.019486814737319946,2.1221392154693604,0.0,0.0,7.773262023925781,0.0,4.214929103851318,65.94098663330078
2048,114.164798277805,22.45386408738034,117.57367706298828,7.351043224334717,6.178170225846352e-15,0.0,8.556050312691355e-11,1.286757368084174e-25,3.59375,154.9590301513672
2049,114.23509619061278,22.262279968820405,0.0,0.0,4.571530870869922e-13,0.0,0.0,0.0,2.383157968521118,89.02790832519531
2050,114.23509619061278,22.262279968820405,0.0,0.0,4.571530870869922e-13,0.0,0.0,0.0,2.383157968521118,89.02790832519531
2051,114.23509619061278,22.262279968820405,0.0,0.0,4.571530870869922e-13,0.0,0.0,0.0,2.383157968521118,89.02790832519531
2052,114.164798277805,22.45386408738034,117.57367706298828,7.351043224334717,6.178170225846352e-15,0.0,8.556050312691355e-11,1.286757368084174e-25,3.59375,154.9590301513672
2053,114.164798277805,22.45386408738034,117.57367706298828,7.351043224334717,6.178170225846352e-15,0.0,8.556050312691355e-11,1.286757368084174e-25,3.59375,154.9590301513672
2054,114.18268893120484,22.336052390896302,0.0,0.0,1.0219057587981806e-12,0.0,0.0,0.0,4.581765651702881,63.635623931884766
2055,114.18268893120484,22.336052390896302,0.0,0.0,1.0219057587981806e-12,0.0,0.0,0.0,4.581765651702881,63.635623931884766
2056,114.14783167314188,22.28415102171298,0.0,0.0,0.0,7.346336293678518e-19,1.3741370237865813e-12,0.0,2.9245004653930664,142.3268585205078
2057,114.18268893120484,22.336052390896302,0.0,0.0,1.0219057587981806e-12,0.0,0.0,0.0,4.581765651702881,63.635623931884766
2058,114.14498127426948,22.486677958277607,0.0,0.0,0.0,0.0,0.0,0.0,6.405864238739014,46.9090576171875
2059,114.14498127426948,22.486677958277607,0.0,0.0,0.0,0.0,0.0,0.0,6.405864238739014,46.9090576171875
2060,114.14498127426948,22.486677958277607,0.0,0.0,0.0,0.0,0.0,0.0,6.405864238739014,46.9090576171875
2061,114.16773996091874,22.336115455771736,5.334734320960877e-10,3.049547836475597e-10,0.0,0.0,1.835653712367602e-10,0.0,3.8421568870544434,102.22293090820312
2062,114.16773996091874,22.336115455771736,5.334734320960877e-10,3.049547836475597e-10,0.0,0.0,1.835653712367602e-10,0.0,3.8421568870544434,102.22293090820312
2063,114.16773996091874,22.336115455771736,5.334734320960877e-10,3.049547836475597e-10,0.0,0.0,1.835653712367602e-10,0.0,3.8421568870544434,102.22293090820312
2064,114.13835344410752,22.48824780264219,3.4719747910028076e-11,0.0,0.0,0.0,0.0,0.0,3.8841779232025146,36.754676818847656
2065,113.93545348548668,22.28267377209081,0.0,0.0,0.0,0.0,0.0,0.0,3.3243696689605713,106.44715118408203
2066,113.93545348548668,22.28267377209081,0.0,0.0,0.0,0.0,0.0,0.0,3.3243696689605713,106.44715118408203
2067,114.1637815114696,22.313990244820022,7.459496974945068,47.327476501464844,0.0,0.0,36.87392807006836,0.0,5.188806056976318,1936.2901611328125
2068,114.2220558752314,22.410322319090543,0.0,0.0,15.966165542602539,0.0,0.0,0.0,5.185972213745117,952.1755981445312
2069,113.99982926542184,22.46417952011984,0.0,0.0,0.0,0.0,0.0,0.0,5.103658676147461,108.56267547607422
2070,114.24946592970616,22.264306076329667,0.0,0.0,0.0,0.0,0.0,0.0,3.458801507949829,301.4693908691406
2071,114.26096768935976,22.30459518218522,0.0,0.0,6.314061686690797e-13,0.0,0.0,0.0,4.521991729736328,2211.951171875
2072,114.1384716096343,22.48261285615567,3.584611427132067e-11,0.0,0.0,0.0,0.0,0.0,3.767813205718994,47.238853454589844
2073,114.1384716096343,22.48261285615567,3.584611427132067e-11,0.0,0.0,0.0,0.0,0.0,3.767813205718994,47.238853454589844
2074,114.1384716096343,22.48261285615567,3.584611427132067e-11,0.0,0.0,0.0,0.0,0.0,3.767813205718994,47.238853454589844
2075,114.1518687883678,22.281641176255672,7.5406718254089355,7.994478225708008,3.493730652004423e-11,57.3298225402832,7.3152384757995605,0.0,3.435537099838257,173.4284210205078
2076,114.1518687883678,22.281641176255672,7.5406718254089355,7.994478225708008,3.493730652004423e-11,57.3298225402832,7.3152384757995605,0.0,3.435537099838257,173.4284210205078
2077,114.1518687883678,22.281641176255672,7.5406718254089355,7.994478225708008,3.493730652004423e-11,57.3298225402832,7.3152384757995605,0.0,3.435537099838257,173.4284210205078
2078,113.9504932980381,22.294986050654817,0.0,0.0,0.0,0.0,0.0,0.0,5.344066143035889,1166.929931640625
2079,114.1451042252974,22.501487836776903,0.0,8.971560473691742e-13,0.0,0.0,8.689190864562988,0.0,4.357824325561523,77.06988525390625
2080,114.1451042252974,22.501487836776903,0.0,8.971560473691742e-13,0.0,0.0,8.689190864562988,0.0,4.357824325561523,77.06988525390625
2081,114.1451042252974,22.501487836776903,0.0,8.971560473691742e-13,0.0,0.0,8.689190864562988,0.0,4.357824325561523,77.06988525390625
2082,114.25472897294824,22.30740681561633,0.0,0.0,0.0,0.0,0.0,0.0,5.348973751068115,2575.716064453125
2083,114.16427373774914,22.452906820194745,159.13888549804688,37.571956634521484,2.5976529121398926,0.0,22.505821228027344,0.0,3.727745294570923,101.10701751708984
2084,114.16427373774914,22.452906820194745,159.13888549804688,37.571956634521484,2.5976529121398926,0.0,22.505821228027344,0.0,3.727745294570923,101.10701751708984
2085,114.16427373774914,22.452906820194745,159.13888549804688,37.571956634521484,2.5976529121398926,0.0,22.505821228027344,0.0,3.727745294570923,101.10701751708984
2086,114.18320242886932,22.314478296940884,1.7607489077864358e-10,5.941816425547586e-07,0.0,0.0,7.773261547088623,0.0,4.029487133026123,60.72753143310547
2087,114.18320242886932,22.314478296940884,1.7607489077864358e-10,5.941816425547586e-07,0.0,0.0,7.773261547088623,0.0,4.029487133026123,60.72753143310547
2088,114.18320242886932,22.314478296940884,1.7607489077864358e-10,5.941816425547586e-07,0.0,0.0,7.773261547088623,0.0,4.029487133026123,60.72753143310547
2089,114.26619504696316,22.31418288196432,0.0,0.0,1.0893223172450672e-12,0.0,0.0,0.0,4.2338786125183105,921.4174194335938
2090,114.26619504696316,22.31418288196432,0.0,0.0,1.0893223172450672e-12,0.0,0.0,0.0,4.2338786125183105,921.4174194335938
2091,114.26619504696316,22.31418288196432,0.0,0.0,1.0893223172450672e-12,0.0,0.0,0.0,4.2338786125183105,921.4174194335938
2092,114.21572564668264,22.38321438368388,2.0947900893072644e-26,0.0,14.736529350280762,0.0,0.0,0.0,3.633835554122925,60.046974182128906
2093,114.21572564668264,22.38321438368388,2.0947900893072644e-26,0.0,14.736529350280762,0.0,0.0,0.0,3.633835554122925,60.046974182128906
2094,113.99870695624008,22.460466788849484,0.0,0.0,0.0,0.0,0.0,0.0,4.736405372619629,99.49415588378906
2095,113.99870695624008,22.460466788849484,0.0,0.0,0.0,0.0,0.0,0.0,4.736405372619629,99.49415588378906
2096,113.99870695624008,22.460466788849484,0.0,0.0,0.0,0.0,0.0,0.0,4.736405372619629,99.49415588378906
2097,114.21572564668264,22.38321438368388,2.0947900893072644e-26,0.0,14.736529350280762,0.0,0.0,0.0,3.633835554122925,60.046974182128906
2098,114.17675788435945,22.328277167114663,0.0,0.0,0.0,0.0,0.0,0.0,2.205004930496216,109.7025146484375
2099,114.17675788435945,22.328277167114663,0.0,0.0,0.0,0.0,0.0,0.0,2.205004930496216,109.7025146484375
2100,114.19369113677132,22.28884866329436,3.7846105098724365,15.619002342224121,6.48705186789833e-11,7.5393385198408e-24,0.059120386838912964,0.0,3.947094440460205,145.7890625
2101,114.00573330400714,22.4589392238564,6.149678748006149e-13,4.1821423711271843e-13,0.0,0.0,0.0,0.0,3.0863723754882812,57.44899368286133
2102,114.19369113677132,22.28884866329436,3.7846105098724365,15.619002342224121,6.48705186789833e-11,7.5393385198408e-24,0.059120386838912964,0.0,3.947094440460205,145.7890625
2103,114.00573330400714,22.4589392238564,6.149678748006149e-13,4.1821423711271843e-13,0.0,0.0,0.0,0.0,3.0863723754882812,57.44899368286133
2104,114.00573330400714,22.4589392238564,6.149678748006149e-13,4.1821423711271843e-13,0.0,0.0,0.0,0.0,3.0863723754882812,57.44899368286133
2105,114.19135806364106,22.342553857642432,0.0,0.0,30.0863094329834,0.0,0.0,0.0,2.3908772468566895,83.96428680419922
2106,114.19135806364106,22.342553857642432,0.0,0.0,30.0863094329834,0.0,0.0,0.0,2.3908772468566895,83.96428680419922
2107,114.19135806364106,22.342553857642432,0.0,0.0,30.0863094329834,0.0,0.0,0.0,2.3908772468566895,83.96428680419922
2108,114.20016267531784,22.341622680369223,11.193339347839355,6.276121139526367,6.2750363809900395e-18,0.0,0.0,0.0,3.537572145462036,60.39787673950195
2109,114.1391854610026,22.28551287252503,0.0,0.0,0.0,0.0,0.0,0.0,2.8840677738189697,175.7837677001953
2110,114.2535741906189,22.30764216172416,0.0,0.0,0.0,0.0,0.0,0.0,5.121457576751709,1995.186279296875
2111,114.1920916342623,22.30389383422377,11.311007499694824,21.915483474731445,3.910446272348267e-11,446.540283203125,4.76427187631745e-12,0.0,2.218662977218628,1964.3509521484375
2112,114.19940287562872,22.3856466945066,45.17800521850586,34.93379211425781,63.77313995361328,0.0,3.701722522259088e-12,0.0,6.967629909515381,523.5242309570312
2113,114.1920916342623,22.30389383422377,11.311007499694824,21.915483474731445,3.910446272348267e-11,446.540283203125,4.76427187631745e-12,0.0,2.218662977218628,1964.3509521484375
2114,114.27468850575946,22.385221330026766,1.029978424286621e-35,2.5053278895903475e-11,1.995008325206271e-12,0.0,0.0,0.0,5.111111164093018,142.7231903076172
2115,114.2131461106361,22.32150918927513,0.0,0.0,0.0,0.0,0.0,0.0,3.251810073852539,386.37127685546875
2116,114.27468850575946,22.385221330026766,1.029978424286621e-35,2.5053278895903475e-11,1.995008325206271e-12,0.0,0.0,0.0,5.111111164093018,142.7231903076172
2117,114.27468850575946,22.385221330026766,1.029978424286621e-35,2.5053278895903475e-11,1.995008325206271e-12,0.0,0.0,0.0,5.111111164093018,142.7231903076172
2118,114.15584110388318,22.32222531454921,0.0,0.0,0.0,0.0,0.0,0.0,5.019144058227539,900.7254638671875
2119,113.96655701864046,22.409297841472497,0.0,0.0,0.0,0.0,0.0,0.0,5.138734817504883,67.27352905273438
2120,113.96655701864046,22.409297841472497,0.0,0.0,0.0,0.0,0.0,0.0,5.138734817504883,67.27352905273438
2121,113.96655701864046,22.409297841472497,0.0,0.0,0.0,0.0,0.0,0.0,5.138734817504883,67.27352905273438
2122,113.97479235068644,22.40297799517241,0.0,0.0,1.1117673448524101e-10,0.0,0.0,0.0,3.3745551109313965,60.72627639770508
2123,113.97725400096654,22.39976620787752,0.0,0.0,1.078593117598281e-10,0.0,0.0,0.0,2.7170355319976807,93.28970336914062
2124,114.14224147745944,22.48441076099772,0.0,0.0,0.0,0.0,0.0,0.0,3.634129762649536,69.9957504272461
2125,113.97479235068644,22.40297799517241,0.0,0.0,1.1117673448524101e-10,0.0,0.0,0.0,3.3745551109313965,60.72627639770508
2126,114.0006852193098,22.471115803045578,0.0,0.0,0.0,0.0,0.0,0.0,5.299906253814697,76.8651123046875
2127,114.00281650115176,22.460633821040155,0.0,1.3318612705759403e-12,0.0,0.0,0.0,0.0,4.5159687995910645,79.1025161743164
2128,114.17861194591671,22.33648595461716,0.0,0.0,4.984232427826529e-13,0.0,0.0,0.0,3.611222505569458,113.67984771728516
2129,113.96652487846164,22.41129352892474,0.0,0.0,0.0,0.0,0.0,0.0,5.192307472229004,33.750797271728516
2130,114.19125706785589,22.3044267166534,11.333308219909668,22.194692611694336,2.7179673442456753e-12,34.007225036621094,5.082473504558482e-12,0.0,2.178055763244629,2020.0943603515625
2131,114.2335173276035,22.3167713164605,2.664536343302548e-12,1.2809776839522308e-13,0.0,0.0,0.0,0.0,3.3586387634277344,78.75511932373047
2132,114.03183812733744,22.44128321736268,0.0,0.0,4.545834628860712e-12,0.0,1.337479253868054e-13,0.0,2.7410576343536377,137.36814880371094
2133,114.23958974011676,22.265673820328217,5.733626842498779,0.0,7.065181857661635e-15,0.0,0.0,0.0,2.761904716491699,830.9259033203125
2134,114.1385506560297,22.371583207848285,0.0,0.0018457559635862708,3.0475593836704062e-12,8.763422284919188e-28,7.173397986726116e-10,0.0,2.920121431350708,99.08267974853516
2135,114.1385506560297,22.371583207848285,0.0,0.0018457559635862708,3.0475593836704062e-12,8.763422284919188e-28,7.173397986726116e-10,0.0,2.920121431350708,99.08267974853516
2136,114.00057970252205,22.462356200330014,0.0,4.1639378034995234e-13,0.0,0.0,0.0,0.0,4.954792022705078,118.5123519897461
2137,114.00057970252205,22.462356200330014,0.0,4.1639378034995234e-13,0.0,0.0,0.0,0.0,4.954792022705078,118.5123519897461
2138,114.1385506560297,22.371583207848285,0.0,0.0018457559635862708,3.0475593836704062e-12,8.763422284919188e-28,7.173397986726116e-10,0.0,2.920121431350708,99.08267974853516
2139,114.22190001878172,22.40889554482322,0.0,0.0,67.48777770996094,0.0,0.0,0.0,4.657921314239502,1378.2596435546875
2140,114.22190001878172,22.40889554482322,0.0,0.0,67.48777770996094,0.0,0.0,0.0,4.657921314239502,1378.2596435546875
2141,114.00057970252205,22.462356200330014,0.0,4.1639378034995234e-13,0.0,0.0,0.0,0.0,4.954792022705078,118.5123519897461
2142,114.22190001878172,22.40889554482322,0.0,0.0,67.48777770996094,0.0,0.0,0.0,4.657921314239502,1378.2596435546875
2143,114.25287485278596,22.306594941174044,0.0,0.0,0.0,0.0,0.0,0.0,4.917771816253662,1633.899169921875
2144,114.1391854610026,22.28551287252503,0.0,0.0,0.0,0.0,0.0,0.0,2.8840677738189697,175.7837677001953
2145,114.25300101876732,22.306594881979844,0.0,0.0,0.0,0.0,0.0,0.0,5.008650302886963,1656.1558837890625
2146,114.01667103344204,22.30805084096908,10.201148986816406,6.278055667877197,0.0,0.0,177.53909301757812,0.0,5.5518293380737305,62.828590393066406
2147,114.25287485278596,22.306594941174044,0.0,0.0,0.0,0.0,0.0,0.0,4.917771816253662,1633.899169921875
2148,114.0050806889172,22.46029309180167,0.0,1.0298073158110377e-12,0.0,0.0,0.0,0.0,3.5994961261749268,73.419677734375
2149,114.0050806889172,22.46029309180167,0.0,1.0298073158110377e-12,0.0,0.0,0.0,0.0,3.5994961261749268,73.419677734375
2150,113.99974309023489,22.470825798667285,0.0,0.0,0.0,0.0,0.0,0.0,5.64954137802124,74.57289123535156
2151,114.00057970252205,22.462356200330014,0.0,4.1639378034995234e-13,0.0,0.0,0.0,0.0,4.954792022705078,118.5123519897461
2152,114.0050806889172,22.46029309180167,0.0,1.0298073158110377e-12,0.0,0.0,0.0,0.0,3.5994961261749268,73.419677734375
2153,114.00057970252205,22.462356200330014,0.0,4.1639378034995234e-13,0.0,0.0,0.0,0.0,4.954792022705078,118.5123519897461
2154,114.00057970252205,22.462356200330014,0.0,4.1639378034995234e-13,0.0,0.0,0.0,0.0,4.954792022705078,118.5123519897461
2155,114.16765841630584,22.24693802691589,5.192424774169922,2.801463783175251e-10,0.0,0.0,1.9483029078948277e-10,0.0,3.3689217567443848,90.34943389892578
2156,114.16765841630584,22.24693802691589,5.192424774169922,2.801463783175251e-10,0.0,0.0,1.9483029078948277e-10,0.0,3.3689217567443848,90.34943389892578
2157,113.98266440184314,22.412957267479587,0.0,0.0,0.0,0.0,0.0,0.0,4.923224449157715,76.41867065429688
2158,113.98266440184314,22.412957267479587,0.0,0.0,0.0,0.0,0.0,0.0,4.923224449157715,76.41867065429688
2159,113.98266440184314,22.412957267479587,0.0,0.0,0.0,0.0,0.0,0.0,4.923224449157715,76.41867065429688
2160,114.00057970252205,22.462356200330014,0.0,4.1639378034995234e-13,0.0,0.0,0.0,0.0,4.954792022705078,118.5123519897461
2161,114.00057970252205,22.462356200330014,0.0,4.1639378034995234e-13,0.0,0.0,0.0,0.0,4.954792022705078,118.5123519897461
2162,113.99779355275476,22.43786264153426,0.0,0.0,0.0,0.0,0.0,0.0,5.176854133605957,66.17259979248047
2163,113.99660096939256,22.466180694309184,0.0,0.0,0.0,0.0,0.0,0.0,5.119883060455322,60.699363708496094
2164,114.1953551938964,22.471102574893383,153.19992065429688,69.32073211669922,0.0,3.235551707586895e-18,15.55649471282959,0.0,5.265469074249268,37.868900299072266
2165,114.1953551938964,22.471102574893383,153.19992065429688,69.32073211669922,0.0,3.235551707586895e-18,15.55649471282959,0.0,5.265469074249268,37.868900299072266
2166,114.1953551938964,22.471102574893383,153.19992065429688,69.32073211669922,0.0,3.235551707586895e-18,15.55649471282959,0.0,5.265469074249268,37.868900299072266
2167,114.1780391465352,22.32749150172768,0.0,0.0,0.0,0.0,0.0,0.0,2.489990472793579,119.81866455078125
2168,114.20785775646893,22.32819292237373,9.448124885559082,57.88011932373047,103.08844757080078,0.0,3.262722384533845e-05,0.0,3.1103835105895996,1976.052734375
2169,114.20389098670576,22.344882135403445,3.702263148830376e-11,7.269011497497559,0.0,0.0,0.0,0.0,3.9895832538604736,64.69306945800781
2170,114.1517629890959,22.33076766953588,0.0,0.0,3.495539621645172e-11,1.0180618154054244e-10,0.0,0.0,4.195652008056641,1524.8365478515625
2171,114.1517629890959,22.33076766953588,0.0,0.0,3.495539621645172e-11,1.0180618154054244e-10,0.0,0.0,4.195652008056641,1524.8365478515625
2172,114.13339254458305,22.28503280252498,9.973114348249545e-12,4.833624819844395e-12,0.0,0.0,0.0,0.0,2.9562594890594482,109.50938415527344
2173,114.13339254458305,22.28503280252498,9.973114348249545e-12,4.833624819844395e-12,0.0,0.0,0.0,0.0,2.9562594890594482,109.50938415527344
2174,114.13339254458305,22.28503280252498,9.973114348249545e-12,4.833624819844395e-12,0.0,0.0,0.0,0.0,2.9562594890594482,109.50938415527344
2175,114.22888394712066,22.2805330119966,3.845877609431891e-12,0.0,1.2144709717054614e-11,0.0,23.28913116455078,0.0,4.369598865509033,1222.0753173828125
2176,114.22888394712066,22.2805330119966,3.845877609431891e-12,0.0,1.2144709717054614e-11,0.0,23.28913116455078,0.0,4.369598865509033,1222.0753173828125
2177,114.22888394712066,22.2805330119966,3.845877609431891e-12,0.0,1.2144709717054614e-11,0.0,23.28913116455078,0.0,4.369598865509033,1222.0753173828125
2178,114.26096768935976,22.30459518218522,0.0,0.0,6.314061686690797e-13,0.0,0.0,0.0,4.521991729736328,2211.951171875
2179,113.93536941157832,22.280777225743226,0.0,0.0,0.0,0.0,0.0,0.0,5.3038129806518555,111.00431060791016
2180,113.93536941157832,22.280777225743226,0.0,0.0,0.0,0.0,0.0,0.0,5.3038129806518555,111.00431060791016
2181,113.93536941157832,22.280777225743226,0.0,0.0,0.0,0.0,0.0,0.0,5.3038129806518555,111.00431060791016
2182,114.14028004113705,22.36744762157097,0.0,0.0,2.521129138788325e-12,0.0,0.0,0.0,2.680738687515259,108.53630828857422
2183,114.14028004113705,22.36744762157097,0.0,0.0,2.521129138788325e-12,0.0,0.0,0.0,2.680738687515259,108.53630828857422
2184,114.1786119696527,22.33835528353082,0.0,0.0,2.133328962372616e-07,0.0,0.0,0.0,3.757805109024048,108.84789276123047
2185,114.14028004113705,22.36744762157097,0.0,0.0,2.521129138788325e-12,0.0,0.0,0.0,2.680738687515259,108.53630828857422
2186,114.16468268202958,22.442530862667155,71.3545150756836,109.73017120361328,101.68146514892578,338.56689453125,230.17381286621094,299.0064697265625,4.47169828414917,57.2171745300293
2187,114.202775393185,22.3491808659978,2.897146411662277e-11,2.3054375249131898e-12,0.0,0.0,7.752852439880371,0.0,3.1616051197052,75.24407196044922
2188,114.19449024200614,22.469657803665623,150.58694458007812,136.3837127685547,0.0,57.15803909301758,85.09713745117188,0.0,6.390519142150879,47.514041900634766
2189,114.2251480088148,22.42082387899885,2.497791741235683e-15,11.148743629455566,5.070599495837769e-11,0.0,46.42758560180664,0.0,4.18203592300415,3382.55859375
2190,114.2251480088148,22.42082387899885,2.497791741235683e-15,11.148743629455566,5.070599495837769e-11,0.0,46.42758560180664,0.0,4.18203592300415,3382.55859375
2191,114.202775393185,22.3491808659978,2.897146411662277e-11,2.3054375249131898e-12,0.0,0.0,7.752852439880371,0.0,3.1616051197052,75.24407196044922
2192,114.202775393185,22.3491808659978,2.897146411662277e-11,2.3054375249131898e-12,0.0,0.0,7.752852439880371,0.0,3.1616051197052,75.24407196044922
2193,114.16955936750556,22.442531156204303,216.1510772705078,295.1546325683594,636.9195556640625,0.0,291.933837890625,829.59619140625,4.956389427185059,62.98897933959961
2194,114.0270359493128,22.444322089553648,0.0,0.0,6.855677484041145e-12,0.0,0.0,0.0,2.1734235286712646,167.98231506347656
2195,114.0270359493128,22.444322089553648,0.0,0.0,6.855677484041145e-12,0.0,0.0,0.0,2.1734235286712646,167.98231506347656
2196,114.13756847963246,22.342323986998647,0.0,0.0,21.83155632019043,0.0,0.0,0.0,4.384615421295166,84.38549041748047
2197,114.13756847963246,22.342323986998647,0.0,0.0,21.83155632019043,0.0,0.0,0.0,4.384615421295166,84.38549041748047
2198,114.13756847963246,22.342323986998647,0.0,0.0,21.83155632019043,0.0,0.0,0.0,4.384615421295166,84.38549041748047
2199,114.2538261729526,22.30700086954709,0.0,0.0,0.0,0.0,0.0,0.0,5.214847087860107,2069.778076171875
2200,114.2538261729526,22.30700086954709,0.0,0.0,0.0,0.0,0.0,0.0,5.214847087860107,2069.778076171875
2201,114.2538261729526,22.30700086954709,0.0,0.0,0.0,0.0,0.0,0.0,5.214847087860107,2069.778076171875
2202,114.00144083086926,22.449759714640507,0.0,2.0392051762463392e-12,3.671851396560669,0.0,0.0,0.0,5.464818954467773,92.7987289428711
2203,113.93535003616346,22.28075913577055,0.0,0.0,0.0,0.0,0.0,0.0,5.282716274261475,110.65499877929688
2204,113.93535003616346,22.28075913577055,0.0,0.0,0.0,0.0,0.0,0.0,5.282716274261475,110.65499877929688
2205,113.93535003616346,22.28075913577055,0.0,0.0,0.0,0.0,0.0,0.0,5.282716274261475,110.65499877929688
2206,114.00144083086926,22.449759714640507,0.0,2.0392051762463392e-12,3.671851396560669,0.0,0.0,0.0,5.464818954467773,92.7987289428711
2207,114.00144083086926,22.449759714640507,0.0,2.0392051762463392e-12,3.671851396560669,0.0,0.0,0.0,5.464818954467773,92.7987289428711
2208,114.09526408670465,22.35709122832761,0.0,0.0,0.0,0.0,0.0,0.0,5.463158130645752,741.8450927734375
2209,114.20785786630871,22.32868960445071,18.872196197509766,63.80786895751953,109.5198745727539,0.0,5.555299709830708e-12,0.0,3.073028326034546,2044.515380859375
2210,114.12812310485648,22.37003618394473,0.0,0.0,3.676884889602661,0.0,7.08348093722555e-13,0.0,2.878136157989502,67.86517333984375
2211,114.10659506451036,22.35494726906895,1.4794673768199412e-37,0.0,1.653542399406433,0.0,0.0,0.0,3.551912546157837,1939.7371826171875
2212,114.1703556671323,22.448780264307047,176.22557067871094,198.20675659179688,4.443768408801674e-10,0.0,229.13600158691406,920.1227416992188,3.9240331649780273,1039.7904052734375
2213,114.00507472360128,22.46513338277248,15.121018409729004,5.8512688580469795e-22,0.0,0.0,0.0,0.0,4.59097957611084,93.7369155883789
2214,114.20515299541086,22.344899980822102,3.1730172634124756,3.129772186279297,0.0,0.0,0.0,0.0,4.706089019775391,51.782257080078125
2215,114.20447338825828,22.34456596727681,3.433059947433037e-10,5.956317901611328,0.0,0.0,0.0,0.0,4.505037784576416,53.711151123046875
2216,114.20432802414004,22.345848332269423,3.120256136801558e-11,3.237149238586426,0.0,0.0,8.929365033645629e-35,0.0,3.682302713394165,73.0748291015625
2217,114.14917078361498,22.33331387132284,0.0,0.0,1.8429799353292253e-11,6.71365671389701e-11,0.0,0.0,3.432382822036743,2295.20947265625
2218,114.19602008212158,22.43075445601749,7.924463494256295e-13,46.18457794189453,129.9777069091797,4.482610191622941e-24,102.81697845458984,0.0,6.9690141677856445,30.541696548461914
2219,114.25016640577564,22.305196444566025,0.0,0.0,0.0,0.0,0.0,0.0,3.448589563369751,219.26583862304688
2220,114.25016640577564,22.305196444566025,0.0,0.0,0.0,0.0,0.0,0.0,3.448589563369751,219.26583862304688
2221,114.17183702085688,22.317765482983564,1.4747926531675281e-21,1.0980839848517832e-10,5.083107823544708e-10,0.0,0.0,0.0,2.0450387001037598,165.28919982910156
2222,114.22600232536416,22.28125636110077,0.0,6.033086356882489e-14,1.1938755539731005e-11,0.0,23.29678726196289,0.0,4.15092658996582,2117.66748046875
2223,114.25128357940932,22.30727297457313,0.0,0.0,0.0,0.0,0.0,0.0,4.085188865661621,1165.522705078125
2224,114.25128357940932,22.30727297457313,0.0,0.0,0.0,0.0,0.0,0.0,4.085188865661621,1165.522705078125
2225,113.9961477312532,22.4635433104688,0.0,0.0,0.0,0.0,0.0,0.0,5.786956310272217,85.01454162597656
2226,114.22709891149432,22.28156306684002,0.0,5.015893367165389e-18,1.37577458106386e-11,0.0,23.243301391601562,0.0,4.691295623779297,2197.97021484375
2227,114.22709891149432,22.28156306684002,0.0,5.015893367165389e-18,1.37577458106386e-11,0.0,23.243301391601562,0.0,4.691295623779297,2197.97021484375
2228,114.22709891149432,22.28156306684002,0.0,5.015893367165389e-18,1.37577458106386e-11,0.0,23.243301391601562,0.0,4.691295623779297,2197.97021484375
2229,114.23814721053242,22.31728437569457,7.994556080505311e-13,3.340171563816219e-13,0.0,0.0,0.0,0.0,4.012356758117676,51.360992431640625
2230,114.23814721053242,22.31728437569457,7.994556080505311e-13,3.340171563816219e-13,0.0,0.0,0.0,0.0,4.012356758117676,51.360992431640625
2231,114.23814721053242,22.31728437569457,7.994556080505311e-13,3.340171563816219e-13,0.0,0.0,0.0,0.0,4.012356758117676,51.360992431640625
2232,113.99903410149788,22.470581197958428,0.0,0.0,0.0,0.0,0.0,0.0,5.673489093780518,66.10350799560547
2233,114.15323366808867,22.243405579179072,5.988320733382735e-13,0.0,2.4109794022342257e-11,0.0,0.0008681690669618547,0.0,2.8734490871429443,335.17083740234375
2234,113.99903410149788,22.470581197958428,0.0,0.0,0.0,0.0,0.0,0.0,5.673489093780518,66.10350799560547
2235,113.99903410149788,22.470581197958428,0.0,0.0,0.0,0.0,0.0,0.0,5.673489093780518,66.10350799560547
2236,114.14839194544224,22.344574859633973,0.0,0.0,5.580658764964275e-12,1.2834439240549944e-11,0.0,0.0,6.8412699699401855,23.39458656311035
2237,114.14839194544224,22.344574859633973,0.0,0.0,5.580658764964275e-12,1.2834439240549944e-11,0.0,0.0,6.8412699699401855,23.39458656311035
2238,114.19459219106926,22.277731856410696,0.0,0.0,6.77243955360396e-11,0.0,0.0,0.0,4.843982219696045,63.65658187866211
2239,113.98263527719963,22.412948202031675,0.0,0.0,0.0,0.0,0.0,0.0,4.8940839767456055,76.64450073242188
2240,113.98263527719963,22.412948202031675,0.0,0.0,0.0,0.0,0.0,0.0,4.8940839767456055,76.64450073242188
2241,113.98263527719963,22.412948202031675,0.0,0.0,0.0,0.0,0.0,0.0,4.8940839767456055,76.64450073242188
2242,114.20516988425148,22.38039905322631,11.31747055053711,31.052202224731445,75.19929504394531,0.0,2.6177870635080147e-12,0.0,5.092660427093506,902.2813720703125
2243,114.20516988425148,22.38039905322631,11.31747055053711,31.052202224731445,75.19929504394531,0.0,2.6177870635080147e-12,0.0,5.092660427093506,902.2813720703125
2244,113.99851053605757,22.469704671609893,0.0,0.0,0.0,0.0,0.0,0.0,5.404761791229248,70.95836639404297
2245,113.99851053605757,22.469704671609893,0.0,0.0,0.0,0.0,0.0,0.0,5.404761791229248,70.95836639404297
2246,113.99851053605757,22.469704671609893,0.0,0.0,0.0,0.0,0.0,0.0,5.404761791229248,70.95836639404297
2247,113.9979000292074,22.4684397400308,0.0,0.0,0.0,0.0,0.0,0.0,5.124663829803467,63.868980407714844
2248,113.9979000292074,22.4684397400308,0.0,0.0,0.0,0.0,0.0,0.0,5.124663829803467,63.868980407714844
2249,113.9979000292074,22.4684397400308,0.0,0.0,0.0,0.0,0.0,0.0,5.124663829803467,63.868980407714844
2250,114.19788716308416,22.379894455257595,85.06546020507812,79.62515258789062,140.46441650390625,0.0,3.221169208103558e-12,0.0,4.885386943817139,64.80424499511719
2251,114.18120352043756,22.32895440196724,0.0,0.0,2.6533729436817387e-27,0.0,0.0,0.0,2.466304302215576,128.68325805664062
2252,114.18120352043756,22.32895440196724,0.0,0.0,2.6533729436817387e-27,0.0,0.0,0.0,2.466304302215576,128.68325805664062
2253,114.19788716308416,22.379894455257595,85.06546020507812,79.62515258789062,140.46441650390625,0.0,3.221169208103558e-12,0.0,4.885386943817139,64.80424499511719
2254,114.19788716308416,22.379894455257595,85.06546020507812,79.62515258789062,140.46441650390625,0.0,3.221169208103558e-12,0.0,4.885386943817139,64.80424499511719
2255,113.94463953838736,22.290390251311983,0.0,0.0,0.0,0.0,0.0,0.0,5.3741865158081055,2282.673828125
2256,114.12409590538562,22.49266866422232,6.941652774810791,3.075617551803589,0.0,0.0,0.0,0.0,5.396732807159424,50.04653549194336
2257,114.19671947958072,22.43083564567057,1.1720478103674492e-12,73.33715057373047,54.368255615234375,3.2969216827156833e-24,92.52205657958984,0.0,6.075425624847412,32.131038665771484
2258,114.00626067784702,22.46464699939867,15.061582565307617,5.070929815181741e-32,0.0,0.0,0.0,0.0,4.64393949508667,82.74353790283203
2259,113.99986357617256,22.46776462657055,0.0,0.0,0.0,0.0,0.0,0.0,4.780152797698975,103.87017822265625
2260,113.99986357617256,22.46776462657055,0.0,0.0,0.0,0.0,0.0,0.0,4.780152797698975,103.87017822265625
2261,113.99986357617256,22.46776462657055,0.0,0.0,0.0,0.0,0.0,0.0,4.780152797698975,103.87017822265625
2262,114.15156062148868,22.26860991100175,0.00028753592050634325,2.1495864075404825e-06,3.5758354610671006e-11,0.0,16.852556228637695,0.0,6.044925212860107,36.529640197753906
2263,114.15156062148868,22.26860991100175,0.00028753592050634325,2.1495864075404825e-06,3.5758354610671006e-11,0.0,16.852556228637695,0.0,6.044925212860107,36.529640197753906
2264,114.26096768935976,22.30459518218522,0.0,0.0,6.314061686690797e-13,0.0,0.0,0.0,4.521991729736328,2211.951171875
2265,114.23232412322452,22.31830693011928,5.030199781014266e-12,0.0,0.0,0.0,0.0,0.0,3.3323891162872314,72.21696472167969
2266,114.23232412322452,22.31830693011928,5.030199781014266e-12,0.0,0.0,0.0,0.0,0.0,3.3323891162872314,72.21696472167969
2267,114.096264354822,22.35659504906424,0.0,0.0,0.0,0.0,0.0,0.0,4.421823978424072,929.067626953125
2268,114.096264354822,22.35659504906424,0.0,0.0,0.0,0.0,0.0,0.0,4.421823978424072,929.067626953125
2269,114.096264354822,22.35659504906424,0.0,0.0,0.0,0.0,0.0,0.0,4.421823978424072,929.067626953125
2270,114.18746987507537,22.274463386857445,0.0,0.0,0.0,0.0,0.0,0.0,4.093985080718994,57.946136474609375
2271,114.16931327443866,22.321946550594863,3.99292182651223e-10,3.4491129397018483e-10,3.618509381020374e-10,0.0,1.4775725087901037e-10,0.0,2.2951698303222656,170.26380920410156
2272,114.16931327443866,22.321946550594863,3.99292182651223e-10,3.4491129397018483e-10,3.618509381020374e-10,0.0,1.4775725087901037e-10,0.0,2.2951698303222656,170.26380920410156
2273,114.16931327443866,22.321946550594863,3.99292182651223e-10,3.4491129397018483e-10,3.618509381020374e-10,0.0,1.4775725087901037e-10,0.0,2.2951698303222656,170.26380920410156
2274,114.13807486732016,22.33655357432181,0.0,0.0,3.7932273698970675e-05,0.0,0.0,0.0,3.7483930587768555,97.21501922607422
2275,114.13807486732016,22.33655357432181,0.0,0.0,3.7932273698970675e-05,0.0,0.0,0.0,3.7483930587768555,97.21501922607422
2276,114.16608205397124,22.30985439760809,156.5945281982422,140.68280029296875,0.0,125.65642547607422,54.37711715698242,0.0,4.0455780029296875,107.66631317138672
2277,114.16608205397124,22.30985439760809,156.5945281982422,140.68280029296875,0.0,125.65642547607422,54.37711715698242,0.0,4.0455780029296875,107.66631317138672
2278,114.16608205397124,22.30985439760809,156.5945281982422,140.68280029296875,0.0,125.65642547607422,54.37711715698242,0.0,4.0455780029296875,107.66631317138672
2279,114.1580782659592,22.503882923574707,7.83222770690918,0.8220040798187256,0.0,0.0,12.278481483459473,0.0,5.589285850524902,31.2098331451416
2280,114.1580782659592,22.503882923574707,7.83222770690918,0.8220040798187256,0.0,0.0,12.278481483459473,0.0,5.589285850524902,31.2098331451416
2281,114.1580782659592,22.503882923574707,7.83222770690918,0.8220040798187256,0.0,0.0,12.278481483459473,0.0,5.589285850524902,31.2098331451416
2282,113.97680490454032,22.414991002739185,0.0,0.0,0.0,0.0,0.0,0.0,5.699890613555908,90.85065460205078
2283,114.23987421076572,22.29424663777484,1.1556406873114433e-12,0.0,11.128280639648438,0.0,0.0,0.0,3.5853919982910156,83.08661651611328
2284,114.23987421076572,22.29424663777484,1.1556406873114433e-12,0.0,11.128280639648438,0.0,0.0,0.0,3.5853919982910156,83.08661651611328
2285,114.23987421076572,22.29424663777484,1.1556406873114433e-12,0.0,11.128280639648438,0.0,0.0,0.0,3.5853919982910156,83.08661651611328
2286,114.148558138229,22.24231212142483,6.168758537837549e-13,0.0,2.7498255408819894e-12,0.0,0.0,0.0,3.3240058422088623,212.2884063720703
2287,114.2353627140924,22.319859123493217,0.0,4.1842487048977806e-13,0.0,0.0,0.0,0.0,4.197049617767334,66.9783706665039
2288,114.2353627140924,22.319859123493217,0.0,4.1842487048977806e-13,0.0,0.0,0.0,0.0,4.197049617767334,66.9783706665039
2289,114.148558138229,22.24231212142483,6.168758537837549e-13,0.0,2.7498255408819894e-12,0.0,0.0,0.0,3.3240058422088623,212.2884063720703
2290,114.14706685625454,22.284994344347723,0.0,0.0,0.0,0.0,1.188880591196373e-12,0.0,2.801544427871704,151.48104858398438
2291,114.14706685625454,22.284994344347723,0.0,0.0,0.0,0.0,1.188880591196373e-12,0.0,2.801544427871704,151.48104858398438
2292,114.16646854436978,22.33318044180184,5.05004038586776e-10,1.338613248025311e-10,0.0,0.0,1.7955902043009786e-10,0.0,3.123048782348633,141.7231903076172
2293,114.19798732897456,22.400158919287662,1.2616035820200988e-11,6.886279307199983e-12,0.0,0.0,6.162685028954229e-09,0.0,2.5300352573394775,53.55748748779297
2294,114.17067247461056,22.31419835665725,56.901649475097656,15.653284072875977,5.017910531535108e-10,0.0,1.7903298201588091e-12,0.0,2.2627511024475098,161.4464569091797
2295,114.17067247461056,22.31419835665725,56.901649475097656,15.653284072875977,5.017910531535108e-10,0.0,1.7903298201588091e-12,0.0,2.2627511024475098,161.4464569091797
2296,114.15525795804214,22.327273336688343,0.0,0.0,0.0,0.0,0.0,0.0,4.307291507720947,782.3262329101562
2297,114.15525795804214,22.327273336688343,0.0,0.0,0.0,0.0,0.0,0.0,4.307291507720947,782.3262329101562
2298,114.15525795804214,22.327273336688343,0.0,0.0,0.0,0.0,0.0,0.0,4.307291507720947,782.3262329101562
2299,114.1786119696527,22.33835528353082,0.0,0.0,2.133328962372616e-07,0.0,0.0,0.0,3.757805109024048,108.84789276123047
2300,114.27175112365232,22.32079914619076,0.0,0.0,6.902618667620208e-13,0.0,0.0,0.0,5.32562255859375,81.6621322631836
2301,114.14165451142136,22.49991583218004,33.299503326416016,3.6851097310717556e-25,0.0,57.217044830322266,38.90172576904297,0.0,4.0314178466796875,105.4145736694336
2302,114.20399830728542,22.347645470031523,3.142082427576298e-11,2.9324448108673096,0.0,0.0,7.77070426940918,0.0,2.8316152095794678,79.07463836669922
2303,114.20399830728542,22.347645470031523,3.142082427576298e-11,2.9324448108673096,0.0,0.0,7.77070426940918,0.0,2.8316152095794678,79.07463836669922
2304,114.20399830728542,22.347645470031523,3.142082427576298e-11,2.9324448108673096,0.0,0.0,7.77070426940918,0.0,2.8316152095794678,79.07463836669922
2305,113.99608118381492,22.46241443566741,0.0,0.0,0.0,0.0,0.0,0.0,5.926180362701416,94.68672943115234
2306,113.99608118381492,22.46241443566741,0.0,0.0,0.0,0.0,0.0,0.0,5.926180362701416,94.68672943115234
2307,113.99608118381492,22.46241443566741,0.0,0.0,0.0,0.0,0.0,0.0,5.926180362701416,94.68672943115234
2308,114.2749800123161,22.3161825940905,0.0,0.0,2.4465683385460624e-13,0.0,0.0,0.0,4.237442970275879,20.497678756713867
2309,114.2749800123161,22.3161825940905,0.0,0.0,2.4465683385460624e-13,0.0,0.0,0.0,4.237442970275879,20.497678756713867
2310,114.1403579930529,22.3663820354063,0.0,0.0,2.4594767182861688e-06,0.0,0.0,0.0,3.0997095108032227,91.17582702636719
2311,114.1403579930529,22.3663820354063,0.0,0.0,2.4594767182861688e-06,0.0,0.0,0.0,3.0997095108032227,91.17582702636719
2312,114.1403579930529,22.3663820354063,0.0,0.0,2.4594767182861688e-06,0.0,0.0,0.0,3.0997095108032227,91.17582702636719
2313,114.00107796753883,22.46787431918288,0.0,0.0,0.0,0.0,0.0,0.0,5.04245662689209,89.42357635498047
2314,113.9314097638542,22.27563288904935,0.0,0.0,0.0,0.0,0.0,0.0,3.596302032470703,48.52590560913086
2315,114.18168878406988,22.326994751217587,9.121821017147149e-39,0.0,0.0,0.0,0.0,0.0,3.486945152282715,115.18435668945312
2316,114.18168878406988,22.326994751217587,9.121821017147149e-39,0.0,0.0,0.0,0.0,0.0,3.486945152282715,115.18435668945312
2317,114.21349858446314,22.333194686225607,71.79246520996094,49.770938873291016,3.6877665519714355,0.0,8.677417577067023e-23,0.0,3.5536398887634277,91.38135528564453
2318,114.21349858446314,22.333194686225607,71.79246520996094,49.770938873291016,3.6877665519714355,0.0,8.677417577067023e-23,0.0,3.5536398887634277,91.38135528564453
2319,114.17464201333893,22.31775651449748,5.954918573111974e-28,5.885453550164232e-44,4.794077027719945e-12,0.0,0.0,0.0,2.6205673217773438,130.82418823242188
2320,114.21349858446314,22.333194686225607,71.79246520996094,49.770938873291016,3.6877665519714355,0.0,8.677417577067023e-23,0.0,3.5536398887634277,91.38135528564453
2321,114.21173060149978,22.32787606435849,0.0,2.92153000831604,7.800820827484131,0.0,30.680057525634766,0.0,4.1560282707214355,400.5199890136719
2322,114.00163139535,22.468190985219664,0.0,0.0,0.0,0.0,0.0,0.0,5.384980201721191,80.80665588378906
2323,114.20615925293926,22.328897624110784,54.07890319824219,58.17898178100586,91.34758758544922,0.0,7.081873282244189e-12,0.0,3.6831443309783936,2200.032470703125
2324,114.2370380093588,22.310900159244,6.251557838022823e-14,4.245980466093674e-13,0.0,0.0,0.0,0.0,3.0589354038238525,72.49185943603516
2325,114.20201597524807,22.336980688960548,30.137685775756836,15.615781784057617,18.376861572265625,0.0,0.0,0.0,4.232195854187012,77.71115112304688
2326,114.00401442124397,22.37194699288019,0.0,0.0,0.0,0.0,0.0,0.0,5.2276787757873535,43.1719970703125
2327,114.1241052229914,22.493725223849385,3.766629457473755,0.37089771032333374,0.0,0.0,0.0,0.0,5.236363410949707,54.923648834228516
2328,114.05952220426975,22.35104590794589,0.0,0.0,133.75320434570312,0.0,1.4582174443639184e-12,0.0,2.6471354961395264,658.7855834960938
2329,114.15256870435913,22.33045172180192,0.0,0.0,3.281979549241143e-11,9.366613734629325e-11,0.0,0.0,4.0202765464782715,1384.7598876953125
2330,114.21750348529272,22.319196323183068,0.0,0.0,0.0,0.0,0.0,0.0,3.286756992340088,105.12840270996094
2331,114.21750348529272,22.319196323183068,0.0,0.0,0.0,0.0,0.0,0.0,3.286756992340088,105.12840270996094
2332,114.21750348529272,22.319196323183068,0.0,0.0,0.0,0.0,0.0,0.0,3.286756992340088,105.12840270996094
2333,114.13198532217817,22.285664564020323,8.619037775159377e-12,0.0,0.0,0.0,0.0,0.0,3.104477643966675,135.50845336914062
2334,114.13198532217817,22.285664564020323,8.619037775159377e-12,0.0,0.0,0.0,0.0,0.0,3.104477643966675,135.50845336914062
2335,114.20500604995468,22.289921738056066,3.256053066058584e-11,4.173935276366678e-19,1.7420315742492676,0.0,7.76292085647583,0.0,3.544776201248169,122.18895721435547
2336,114.13198532217817,22.285664564020323,8.619037775159377e-12,0.0,0.0,0.0,0.0,0.0,3.104477643966675,135.50845336914062
2337,114.22195308295946,22.33247913722173,9.596629046981775e-13,3.9403341700605665e-12,0.0,0.0,3.6314338038370697e-13,0.0,4.1325554847717285,40.37831115722656
2338,114.22195308295946,22.33247913722173,9.596629046981775e-13,3.9403341700605665e-12,0.0,0.0,3.6314338038370697e-13,0.0,4.1325554847717285,40.37831115722656
2339,114.13775309680705,22.341700922463023,0.0,0.0,38.73513412475586,0.0,0.0,0.0,4.308070659637451,84.6398696899414
2340,114.13775309680705,22.341700922463023,0.0,0.0,38.73513412475586,0.0,0.0,0.0,4.308070659637451,84.6398696899414
2341,114.13775309680705,22.341700922463023,0.0,0.0,38.73513412475586,0.0,0.0,0.0,4.308070659637451,84.6398696899414
2342,114.20489685882238,22.326233825115644,31.66063117980957,9.420184135437012,22.156030654907227,0.0,15.531131744384766,0.0,3.6275975704193115,1118.917724609375
2343,114.03063893191452,22.445409044743144,0.0,0.0,9.618281865408917e-12,0.0,0.0,0.0,3.0501902103424072,152.6137237548828
2344,114.16468268202958,22.442530862667155,71.3545150756836,109.73017120361328,101.68146514892578,338.56689453125,230.17381286621094,299.0064697265625,4.47169828414917,57.2171745300293
2345,114.16154688208388,22.335500910816776,0.0,0.0,0.0,0.0,0.0,0.0,3.259429693222046,109.37261199951172
2346,114.24946861399836,22.30706609359805,0.0,0.0,0.0,0.0,0.0,0.0,3.25547456741333,80.7583236694336
2347,113.94266582894504,22.292681180733258,0.0,0.0,0.0,0.0,0.0,0.0,5.027749061584473,894.6416625976562
2348,114.12898794362108,22.282593293798627,0.0,0.0,0.0,0.0,0.0,0.0,2.427509307861328,150.51173400878906
2349,114.12898794362108,22.282593293798627,0.0,0.0,0.0,0.0,0.0,0.0,2.427509307861328,150.51173400878906
2350,114.12898794362108,22.282593293798627,0.0,0.0,0.0,0.0,0.0,0.0,2.427509307861328,150.51173400878906
2351,114.06120963217656,22.35321445204485,1.5967846348548947e-13,0.0,22.65462875366211,0.0,1.6545037909154736e-11,0.0,3.85740065574646,1055.48828125
2352,114.06120963217656,22.35321445204485,1.5967846348548947e-13,0.0,22.65462875366211,0.0,1.6545037909154736e-11,0.0,3.85740065574646,1055.48828125
2353,114.06120963217656,22.35321445204485,1.5967846348548947e-13,0.0,22.65462875366211,0.0,1.6545037909154736e-11,0.0,3.85740065574646,1055.48828125
2354,114.21275835391522,22.323414730140176,0.0,0.0,0.0,0.0,0.0,0.0,3.485804319381714,417.73443603515625
2355,114.21275835391522,22.323414730140176,0.0,0.0,0.0,0.0,0.0,0.0,3.485804319381714,417.73443603515625
2356,114.2487980499175,22.305287363441288,0.0,0.0,0.0,0.0,0.0,0.0,3.341075897216797,62.75556182861328
2357,114.19039421582885,22.313610917245096,4.175299862796411e-12,2.7460553362473883e-12,0.0,0.0,0.0,0.0,2.7670979499816895,608.7634887695312
2358,114.22228260743783,22.33090772440433,0.0,4.532478125457429e-12,0.0,0.0,6.842612414181826e-12,0.0,3.949115037918091,40.963592529296875
2359,114.24981675435168,22.304672827134933,0.0,0.0,0.0,0.0,0.0,0.0,3.4895832538604736,98.19964599609375
2360,114.22330174265548,22.33068167090733,0.0,5.1391607983064524e-12,0.0,0.0,7.21954874355335e-12,0.0,3.8863868713378906,59.6029052734375
2361,113.94447851291692,22.28800594939808,0.0,0.0,0.0,0.0,0.0,0.0,5.793152809143066,2063.37255859375
2362,114.12994530727696,22.26330411832845,49.0893669128418,86.317138671875,0.0,0.0,4.351369958799367e-12,0.0,5.057692527770996,104.91571807861328
2363,114.12994530727696,22.26330411832845,49.0893669128418,86.317138671875,0.0,0.0,4.351369958799367e-12,0.0,5.057692527770996,104.91571807861328
2364,114.14550266242088,22.501605309852668,0.0,4.091182254084558e-12,0.0,0.0,23.087804794311523,0.0,4.417895793914795,68.01708984375
2365,114.19054456178206,22.262958107490075,0.0,0.0,0.0,0.0,0.0,0.0,4.509040355682373,52.38798522949219
2366,114.238752293416,22.302808091879747,9.909479920661157e-13,1.5431267917122293e-13,0.0,0.0,0.0,0.0,4.8280181884765625,67.5864028930664
2367,114.23569975191414,22.26714727260141,0.0,0.0,8.497268508397479e-14,0.0,0.0,0.0,2.8219852447509766,109.44621276855469
2368,114.20547341515643,22.34521599427338,5.362612247467041,3.1387851238250732,0.0,0.0,0.0,0.0,4.867058753967285,51.21026611328125
2369,114.20547341515643,22.34521599427338,5.362612247467041,3.1387851238250732,0.0,0.0,0.0,0.0,4.867058753967285,51.21026611328125
2370,114.14530734836936,22.33365632783591,0.0,0.0,0.0,0.0,0.0,0.0,5.6822509765625,1239.7783203125
2371,113.93528950584076,22.282104601865605,0.0,0.0,0.0,0.0,0.0,0.0,3.795379638671875,116.38023376464844
2372,113.93528950584076,22.282104601865605,0.0,0.0,0.0,0.0,0.0,0.0,3.795379638671875,116.38023376464844
2373,113.93528950584076,22.282104601865605,0.0,0.0,0.0,0.0,0.0,0.0,3.795379638671875,116.38023376464844
2374,114.00032259893813,22.435201448310167,0.0,7.633972121980082e-13,0.0,0.0,0.0,0.0,6.236926555633545,78.3999252319336
2375,114.00032259893813,22.435201448310167,0.0,7.633972121980082e-13,0.0,0.0,0.0,0.0,6.236926555633545,78.3999252319336
2376,114.00194182807176,22.46857962923988,0.0,0.0,0.0,0.0,0.0,0.0,5.450736999511719,77.68942260742188
2377,114.00194182807176,22.46857962923988,0.0,0.0,0.0,0.0,0.0,0.0,5.450736999511719,77.68942260742188
2378,114.00194182807176,22.46857962923988,0.0,0.0,0.0,0.0,0.0,0.0,5.450736999511719,77.68942260742188
2379,114.24337348661382,22.26539236426272,6.189493179321289,0.0,5.128963660033792e-13,0.0,0.0,0.0,3.471153736114502,381.23675537109375
2380,114.15421787200418,22.336511478278723,0.0,0.0,1.389681859170766e-11,2.304970450617283e-11,0.0,0.0,3.6138415336608887,117.89322662353516
2381,114.0062331217676,22.46334659202293,15.111078262329102,5.092519203504569e-15,0.0,0.0,0.0,0.0,4.3635735511779785,72.70735931396484
2382,114.14745319222295,22.3307579150807,0.0,0.0,0.0,0.0,0.0,0.0,5.628378391265869,1515.8238525390625
2383,114.24876842158234,22.30428497933353,0.0,0.0,0.0,0.0,0.0,0.0,3.5930521488189697,53.72685241699219
2384,114.13763027111764,22.36434952589436,0.0,0.0,7.370686054229736,0.0,0.0,0.0,3.4712135791778564,108.24406433105469
2385,114.03844256390512,22.4426526100302,15.116048812866211,6.907528400421143,0.0,0.0,5.923122252680978e-15,0.0,6.96811580657959,52.060455322265625
2386,114.14530734836936,22.33365632783591,0.0,0.0,0.0,0.0,0.0,0.0,5.6822509765625,1239.7783203125
2387,114.25126352785708,22.306062882918106,0.0,0.0,0.0,0.0,0.0,0.0,3.7544326782226562,981.2348022460938
2388,114.25126352785708,22.306062882918106,0.0,0.0,0.0,0.0,0.0,0.0,3.7544326782226562,981.2348022460938
2389,114.25126352785708,22.306062882918106,0.0,0.0,0.0,0.0,0.0,0.0,3.7544326782226562,981.2348022460938
2390,114.1605968619052,22.324492538509013,0.29714199900627136,0.0,0.0,0.0,0.0,0.0,2.3073203563690186,976.0308227539062
2391,114.15902317598896,22.33443504507265,0.0,0.0,0.0,0.0,0.0,0.0,2.89487624168396,149.6007843017578
2392,114.1605968619052,22.324492538509013,0.29714199900627136,0.0,0.0,0.0,0.0,0.0,2.3073203563690186,976.0308227539062
2393,113.94456920880576,22.29184407273409,0.0,0.0,0.0,0.0,0.0,0.0,4.6845703125,1510.3343505859375
2394,113.94456920880576,22.29184407273409,0.0,0.0,0.0,0.0,0.0,0.0,4.6845703125,1510.3343505859375
2395,114.20436544012531,22.289154244713824,3.469163845082335e-11,3.5317788190519783e-13,11.04595947265625,0.0,0.12500715255737305,0.0,3.625,105.97171020507812
2396,114.20436544012531,22.289154244713824,3.469163845082335e-11,3.5317788190519783e-13,11.04595947265625,0.0,0.12500715255737305,0.0,3.625,105.97171020507812
2397,113.93527009923066,22.28210457299325,0.0,0.0,0.0,0.0,0.0,0.0,3.8186357021331787,116.45166778564453
2398,113.93527009923066,22.28210457299325,0.0,0.0,0.0,0.0,0.0,0.0,3.8186357021331787,116.45166778564453
2399,113.93527009923066,22.28210457299325,0.0,0.0,0.0,0.0,0.0,0.0,3.8186357021331787,116.45166778564453
2400,113.9349023834628,22.28151703794842,0.0,0.0,0.0,0.0,0.0,0.0,4.473344326019287,111.60211181640625
2401,113.9349023834628,22.28151703794842,0.0,0.0,0.0,0.0,0.0,0.0,4.473344326019287,111.60211181640625
2402,113.9349023834628,22.28151703794842,0.0,0.0,0.0,0.0,0.0,0.0,4.473344326019287,111.60211181640625
2403,113.99446770049522,22.37364328201837,0.0,0.0,0.0,0.0,0.0,0.0,5.00649356842041,47.73361587524414
2404,113.99446770049522,22.37364328201837,0.0,0.0,0.0,0.0,0.0,0.0,5.00649356842041,47.73361587524414
2405,113.99446770049522,22.37364328201837,0.0,0.0,0.0,0.0,0.0,0.0,5.00649356842041,47.73361587524414
2406,114.26184155984792,22.305299113694627,0.0,0.0,1.2763685507816147e-12,0.0,0.0,0.0,4.867891311645508,2331.809326171875
2407,114.2296299435891,22.27745332398785,5.017493798914474e-12,0.0,9.949843032819317e-12,0.0,0.0,0.0,3.870108127593994,98.34228515625
2408,114.00304568032163,22.44825337052133,0.0,2.149201606613249e-12,0.0,0.0,0.0,0.0,5.155818462371826,118.19258117675781
2409,114.22641711975912,22.329299068925387,0.0,5.451213836669922,1.522682153975996e-11,0.0,55.468441009521484,0.0,2.8611111640930176,73.7164077758789
2410,114.22641711975912,22.329299068925387,0.0,5.451213836669922,1.522682153975996e-11,0.0,55.468441009521484,0.0,2.8611111640930176,73.7164077758789
2411,114.22641711975912,22.329299068925387,0.0,5.451213836669922,1.522682153975996e-11,0.0,55.468441009521484,0.0,2.8611111640930176,73.7164077758789
2412,114.18894496345204,22.277398242321176,0.0,0.0,0.0,0.0,0.0,0.0,3.367628574371338,100.70504760742188
2413,114.1590030088741,22.340359099467264,0.0,0.0,0.0,0.0,0.0,0.0,3.573735237121582,85.06254577636719
2414,114.25286428450954,22.322922260455545,0.0,15.058406829833984,0.0,0.0,5.035642623901367,0.0,4.55372953414917,713.4068603515625
2415,114.20307267046218,22.381401795258693,21.8542537689209,13.502775192260742,59.71455001831055,0.0,3.1399047858288176e-12,0.0,5.199999809265137,962.1854248046875
2416,114.16154688208388,22.335500910816776,0.0,0.0,0.0,0.0,0.0,0.0,3.259429693222046,109.37261199951172
2417,114.15057845413092,22.33242910874769,0.0,0.0,3.286715691275255e-11,9.964341851631531e-11,0.0,0.0,3.4807121753692627,2150.003173828125
2418,114.186853108604,22.333568778112657,0.0,0.0,105.07610321044922,0.0,0.0,0.0,3.2337024211883545,71.11040496826172
2419,114.16727604898465,22.306296413211143,179.3708038330078,182.8849334716797,0.0,867.6575317382812,209.1560516357422,0.0,2.631913423538208,121.47610473632812
2420,114.16727604898465,22.306296413211143,179.3708038330078,182.8849334716797,0.0,867.6575317382812,209.1560516357422,0.0,2.631913423538208,121.47610473632812
2421,114.21324942967324,22.38295307484689,34.03076934814453,0.0,13.110721588134766,0.0,0.0,0.0,5.292324066162109,55.1988639831543
2422,114.2517484518606,22.32363619613416,0.0,20.131345748901367,0.0,0.0,4.388651550821207e-38,0.0,4.206937789916992,564.8980712890625
2423,114.18680301243468,22.31159735361829,7.399730134194371e-12,1.062505769131028e-12,0.0,0.0,0.0,0.0,2.8138256072998047,122.85643768310547
2424,114.1700118988004,22.326434784250235,2.124978110140674e-10,3.2715294362439806e-10,4.5503778522970606e-10,0.0,6.962708187785438e-11,0.0,2.6544418334960938,102.3915786743164
2425,114.1146692705832,22.36216597675281,6.668490412642392e-12,9.305844289597687e-12,0.0,0.0,0.0,0.0,4.842563152313232,68.58760070800781
2426,114.02384021139464,22.443984966446564,0.0,0.0,0.0,0.0,0.0,0.0,2.6794424057006836,133.40382385253906
2427,114.1700118988004,22.326434784250235,2.124978110140674e-10,3.2715294362439806e-10,4.5503778522970606e-10,0.0,6.962708187785438e-11,0.0,2.6544418334960938,102.3915786743164
2428,114.238752293416,22.302808091879747,9.909479920661157e-13,1.5431267917122293e-13,0.0,0.0,0.0,0.0,4.8280181884765625,67.5864028930664
2429,114.23569975191414,22.26714727260141,0.0,0.0,8.497268508397479e-14,0.0,0.0,0.0,2.8219852447509766,109.44621276855469
2430,114.238752293416,22.302808091879747,9.909479920661157e-13,1.5431267917122293e-13,0.0,0.0,0.0,0.0,4.8280181884765625,67.5864028930664
2431,114.2163142627076,22.33557809689757,30.162687301635742,5.247462272644043,7.370686054229736,0.0,0.0,0.0,3.997084617614746,66.2295150756836
2432,114.12471731024432,22.50307662003165,0.0,1.964860218972575e-11,0.0,0.0,0.0,0.0,4.106081962585449,66.92927551269531
2433,114.2499631184263,22.30618990285329,0.0,0.0,0.0,0.0,0.0,0.0,3.4838709831237793,245.88043212890625
2434,114.22382647578974,22.419144599345817,0.0,7.114511627141627e-17,1.2627546230881137e-10,0.0,24.346452713012695,0.0,4.233072757720947,2729.656982421875
2435,114.12471731024432,22.50307662003165,0.0,1.964860218972575e-11,0.0,0.0,0.0,0.0,4.106081962585449,66.92927551269531
2436,114.2499631184263,22.30618990285329,0.0,0.0,0.0,0.0,0.0,0.0,3.4838709831237793,245.88043212890625
2437,114.2499631184263,22.30618990285329,0.0,0.0,0.0,0.0,0.0,0.0,3.4838709831237793,245.88043212890625
2438,114.22382647578974,22.419144599345817,0.0,7.114511627141627e-17,1.2627546230881137e-10,0.0,24.346452713012695,0.0,4.233072757720947,2729.656982421875
2439,114.20360658641845,22.329819185334674,60.484092712402344,21.915006637573242,40.5367431640625,0.0,8.74222482599718e-12,0.0,3.8898370265960693,1007.8442993164062
2440,114.20026119334236,22.292116934415727,0.0,1.7626418987587433e-12,3.691408395767212,0.0,15.778779029846191,0.0,3.497645139694214,201.95143127441406
2441,113.99230574118286,22.267775591420325,0.0,0.0,0.0,0.0,0.0,0.0,2.2203023433685303,38.53662872314453
2442,114.19672078285656,22.371721971813745,109.37635040283203,28.976247787475586,43.676265716552734,4.211943337571655e-24,138.95855712890625,0.0,3.5072848796844482,47.171268463134766
2443,114.19672078285656,22.371721971813745,109.37635040283203,28.976247787475586,43.676265716552734,4.211943337571655e-24,138.95855712890625,0.0,3.5072848796844482,47.171268463134766
2444,114.26310890569324,22.314572868705863,0.0,0.0,2.026697169463243e-12,0.0,0.0,0.0,4.032258033752441,507.947265625
2445,114.26310890569324,22.314572868705863,0.0,0.0,2.026697169463243e-12,0.0,0.0,0.0,4.032258033752441,507.947265625
2446,114.23569975191414,22.26714727260141,0.0,0.0,8.497268508397479e-14,0.0,0.0,0.0,2.8219852447509766,109.44621276855469
2447,114.12682290331756,22.36760657299296,0.0,0.0,3.6805055141448975,0.0,0.0,0.0,3.6808722019195557,72.61009216308594
2448,114.12682290331756,22.36760657299296,0.0,0.0,3.6805055141448975,0.0,0.0,0.0,3.6808722019195557,72.61009216308594
2449,114.12682290331756,22.36760657299296,0.0,0.0,3.6805055141448975,0.0,0.0,0.0,3.6808722019195557,72.61009216308594
2450,113.99230574118286,22.267775591420325,0.0,0.0,0.0,0.0,0.0,0.0,2.2203023433685303,38.53662872314453
2451,114.15879213707812,22.243767517842183,3.770254373550415,1.016419847593708e-11,0.0,0.0,7.7528581619262695,0.0,2.9657320976257324,178.11021423339844
2452,114.15879213707812,22.243767517842183,3.770254373550415,1.016419847593708e-11,0.0,0.0,7.7528581619262695,0.0,2.9657320976257324,178.11021423339844
2453,114.1665237965257,22.241555675130392,19.946870803833008,24.51485824584961,0.0,0.0,13.694857597351074,0.0,4.9050445556640625,42.28063201904297
2454,114.1665237965257,22.241555675130392,19.946870803833008,24.51485824584961,0.0,0.0,13.694857597351074,0.0,4.9050445556640625,42.28063201904297
2455,114.15879213707812,22.243767517842183,3.770254373550415,1.016419847593708e-11,0.0,0.0,7.7528581619262695,0.0,2.9657320976257324,178.11021423339844
2456,114.23531564151806,22.300055030750148,0.0,5.013849917385495e-14,0.0,0.0,0.0,0.0,4.514018535614014,75.40232849121094
2457,114.17311669563053,22.37430588392496,1.1789759435647945e-13,3.078500509262085,3.994619635072638e-10,0.0,57.81745147705078,0.0,4.106719493865967,60.72431945800781
2458,114.23432572149795,22.29993798659145,1.8838705281073315e-13,1.9067521406191876e-14,1.159591967433621e-37,0.0,0.0,0.0,5.5,76.25020599365234
2459,114.17455572227996,22.252067691170136,0.11135831475257874,0.0,0.466132789850235,0.0,0.0,0.0,5.693758964538574,27.198223114013672
2460,114.00622429026473,22.46262415024017,15.096197128295898,7.137738615220143e-14,0.0,0.0,0.0,0.0,4.206827163696289,70.86824798583984
2461,114.0322964084816,22.449013679430937,0.15699148178100586,0.0,1.8157824419398616e-12,0.0,4.317044226438693e-13,0.0,4.878378391265869,119.308837890625
2462,114.15777261547828,22.25073908187392,20.886138916015625,19.897422790527344,0.0,0.0,0.0,0.0,3.8673300743103027,67.02413177490234
2463,114.18596860002282,22.31550765297257,0.0,2.956954559679703e-12,0.0,0.0,7.365714554907754e-05,0.0,3.672607898712158,92.39745330810547
2464,114.18043671479217,22.32965880635016,0.0,0.0,0.0,0.0,0.0,0.0,2.2038538455963135,128.656982421875
2465,114.10240428799244,22.348804621396507,0.000322975916787982,0.0,9.42172622680664,0.0,0.0,0.0,4.826353549957275,1494.7705078125
2466,113.99603259285438,22.46242341162064,0.0,0.0,0.0,0.0,0.0,0.0,5.94854211807251,93.46411895751953
2467,113.99603259285438,22.46242341162064,0.0,0.0,0.0,0.0,0.0,0.0,5.94854211807251,93.46411895751953
2468,113.99603259285438,22.46242341162064,0.0,0.0,0.0,0.0,0.0,0.0,5.94854211807251,93.46411895751953
2469,114.13612159059863,22.37732603310108,33.922035217285156,48.58690643310547,17.147619247436523,2680.181640625,69.8507308959961,921.3322143554688,4.302646636962891,63.0528564453125
2470,114.13612159059863,22.37732603310108,33.922035217285156,48.58690643310547,17.147619247436523,2680.181640625,69.8507308959961,921.3322143554688,4.302646636962891,63.0528564453125
2471,114.13612159059863,22.37732603310108,33.922035217285156,48.58690643310547,17.147619247436523,2680.181640625,69.8507308959961,921.3322143554688,4.302646636962891,63.0528564453125
2472,114.19672078285656,22.371721971813745,109.37635040283203,28.976247787475586,43.676265716552734,4.211943337571655e-24,138.95855712890625,0.0,3.5072848796844482,47.171268463134766
2473,114.00219271730616,22.45445634643241,5.150887962684925e-12,1.458498144306375e-12,44.01273727416992,0.0,0.0,0.0,3.4261839389801025,44.2355842590332
2474,114.00219271730616,22.45445634643241,5.150887962684925e-12,1.458498144306375e-12,44.01273727416992,0.0,0.0,0.0,3.4261839389801025,44.2355842590332
2475,113.9949959306496,22.460173676015213,0.0,0.0,0.0,0.0,0.0,0.0,6.221550941467285,67.19632720947266
2476,114.15527837936855,22.32070810132853,0.0,0.0,0.0,0.0,0.0,0.0,5.30094051361084,1784.96337890625
2477,114.15527837936855,22.32070810132853,0.0,0.0,0.0,0.0,0.0,0.0,5.30094051361084,1784.96337890625
2478,114.15527837936855,22.32070810132853,0.0,0.0,0.0,0.0,0.0,0.0,5.30094051361084,1784.96337890625
2479,114.1302450084403,22.35428753873645,0.0,0.0,25.764163970947266,0.0,1.874741247659406e-12,0.0,3.1361002922058105,57.70927810668945
2480,113.97892896031571,22.40338948275793,0.0,0.0,9.085558694277296e-11,0.0,0.0,0.0,2.779644250869751,77.10883331298828
2481,113.97892896031571,22.40338948275793,0.0,0.0,9.085558694277296e-11,0.0,0.0,0.0,2.779644250869751,77.10883331298828
2482,113.97892896031571,22.40338948275793,0.0,0.0,9.085558694277296e-11,0.0,0.0,0.0,2.779644250869751,77.10883331298828
2483,114.2226759084029,22.28685632618788,7.560999393463135,9.386188507080078,0.0,0.0,0.0,0.0,5.480088710784912,1451.0218505859375
2484,114.00219271730616,22.45445634643241,5.150887962684925e-12,1.458498144306375e-12,44.01273727416992,0.0,0.0,0.0,3.4261839389801025,44.2355842590332
2485,114.20071560474231,22.33928368201071,11.614194869995117,18.790836334228516,12.893295288085938,0.0,0.0,0.0,4.1239728927612305,72.76885223388672
2486,113.97287649569716,22.411446156483898,0.0,0.0,0.0,0.0,0.0,0.0,5.85101318359375,70.42320251464844
2487,114.1293857565387,22.282674686226507,0.0,0.0,0.0,0.0,0.0,0.0,2.560180902481079,148.1758575439453
2488,114.1293857565387,22.282674686226507,0.0,0.0,0.0,0.0,0.0,0.0,2.560180902481079,148.1758575439453
2489,114.06257524787294,22.44038679118768,0.0,0.0,0.0,0.0,0.0,0.0,5.3129658699035645,77.75940704345703
2490,113.97148602128772,22.40593581942169,0.0,0.0,0.0,0.0,0.0,0.0,3.615569829940796,74.0736312866211
2491,114.11885082576704,22.369391959859765,0.0,0.0,0.0,0.0,0.0,0.0,2.3818564414978027,136.7053985595703
2492,113.97645583496478,22.3874837790813,6.2972886454015775e-12,1.8467146215006558e-11,5.043678148741737e-13,0.0,6.982889960704952e-11,0.0,3.7085347175598145,928.6982421875
2493,114.16432481402668,22.31635630454732,30.221818923950195,41.6661491394043,0.0,0.0,27.863515853881836,0.0,3.2171051502227783,1813.3675537109375
2494,114.19291520483348,22.37678852389302,59.351905822753906,33.60625457763672,128.81768798828125,4.6643010297438974e-24,25.162277221679688,0.0,4.210197925567627,99.01944732666016
2495,114.16458605414203,22.32570298767603,7.5582170486450195,0.0,0.0,0.0,6.362974036555613e-11,0.0,2.4342970848083496,164.54664611816406
2496,114.1352767688584,22.37750642890073,28.402084350585938,50.01045608520508,13.262892723083496,2603.956298828125,50.60747146606445,919.82080078125,4.29698371887207,67.37005615234375
2497,113.9789119574916,22.38109322098917,16.081615447998047,1.6751489965827204e-05,6.493007086855185e-12,0.0,0.0,0.0,4.6656975746154785,101.91615295410156
2498,114.12309443753458,22.367849202636418,0.0,0.0,9.92384178868774e-24,0.0,0.0,0.0,3.4991166591644287,102.64849853515625
2499,114.16806251819172,22.45547171693892,72.76871490478516,45.43510437011719,1.506759994551743e-11,3.339114540423793e-10,118.62371063232422,878.3755493164062,3.34820818901062,213.9088592529297
2500,114.18630828183082,22.31524574610707,0.0,3.1633964111404955e-12,0.0,0.0,4.416562347640167e-15,0.0,3.4841628074645996,102.73297882080078
2501,114.26867099011064,22.31573476043199,0.0,0.0,0.0,0.0,0.0,0.0,4.866520881652832,978.2161254882812
2502,114.19439248162652,22.387670152284706,0.11277532577514648,2.736019041549298e-06,143.37991333007812,5.3739685831202244e-24,6.430596615099315e-13,0.0,3.7933409214019775,2227.60888671875
2503,114.206083423126,22.2910594062954,0.000979235745035112,18.943117141723633,7.357576370239258,0.0,9.067357063293457,0.0,4.264418601989746,135.6690216064453
2504,114.16890475417976,22.337208216533813,4.566594602462004e-10,3.4259622916366084e-10,2.5754123833543474e-10,0.0,1.5340924364171116e-10,0.0,3.832929849624634,81.88034057617188
2505,114.13227504125156,22.50336311953112,14.892121315002441,9.395430564880371,0.0,0.0,0.0,0.0,3.078693389892578,82.17680358886719
2506,114.10922822366412,22.3705531655447,3.7678349018096924,6.433321952819824,11.034080505371094,0.0,7.7579450607299805,0.0,4.692182540893555,2680.98291015625
2507,114.13638089259918,22.25252323887102,4.756285190582275,24.99582862854004,0.0,0.0,62.264976501464844,0.0,3.3018500804901123,107.15863800048828
2508,114.1868782758162,22.278319508720266,0.0,0.0,0.0,0.0,0.0,0.0,2.736654758453369,134.3776092529297
2509,114.00269477246424,22.449192156017347,0.0,2.201488774264404e-12,3.210879562232094e-09,0.0,0.0,0.0,4.869614601135254,112.5929183959961
2510,114.20360658641845,22.329819185334674,60.484092712402344,21.915006637573242,40.5367431640625,0.0,8.74222482599718e-12,0.0,3.8898370265960693,1007.8442993164062
2511,114.17043296643152,22.45792810859575,113.72454071044922,98.72527313232422,4.5100378986973055e-10,401.3088073730469,248.4027557373047,921.0294799804688,3.0890743732452393,90.269775390625
2512,113.96208588670017,22.405282442698606,0.0,0.0,0.0,0.0,0.0,0.0,6.594520568847656,52.431907653808594
2513,114.1343971045137,22.492301460051365,23.21837615966797,21.945295333862305,0.0,0.0,23.44011688232422,4.982764720916748,4.902953624725342,52.12743377685547
2514,114.22173289714854,22.281374996303665,0.0,3.649514718206959e-12,0.0,0.0,0.0,0.0,3.3589301109313965,178.24514770507812
2515,114.25584355015586,22.321963593811454,0.0,2.4195882385343037e-14,0.0,0.0,31.082820892333984,0.0,4.57354211807251,837.8474731445312
2516,114.1146941938736,22.37163902033616,6.7210174058141e-12,9.274385946722585e-12,0.0,0.0,0.0,0.0,2.841799736022949,252.49452209472656
2517,113.97034505960224,22.40252085305931,0.0,0.0,1.248570830059137e-10,0.0,0.0,0.0,3.3727192878723145,103.94371795654297
2518,114.16758654087651,22.30736204297683,169.2163848876953,168.9217071533203,0.0,422.7616882324219,169.52963256835938,0.0,2.5582706928253174,126.14881896972656
2519,114.125598993399,22.501365418569087,0.0,2.7192531212860693e-11,0.0,0.0,0.0,0.0,4.98358678817749,81.414306640625
2520,114.13835854629006,22.36400653997758,0.0,0.0,7.37076997756958,0.0,0.0,0.0,3.703336238861084,91.16242218017578
2521,113.96531409238226,22.396310422505405,1.2973615237665825e-10,0.0,0.0,0.0,0.0,0.0,3.738922119140625,71.8129653930664
2522,113.97345434611805,22.388103135974976,7.873274081304782e-12,8.395427408824929e-11,0.0,0.0,9.452381932728571e-11,0.0,3.738698959350586,1605.4378662109375
2523,114.14187173848674,22.36995846284869,2.8992865226880465e-42,0.0,8.552953131976335e-14,0.0,0.0,0.0,2.4535274505615234,57.988670349121094
2524,114.09849770135416,22.355909823266728,0.0,0.0,0.0,0.0,0.0,0.0,4.2272725105285645,773.814208984375
2525,114.16910212890178,22.27850024882476,5.1084542151969e-10,3.2580940723114793e-10,3.2157940199617485e-10,0.0,1.5767412375744527e-10,0.0,3.8206944465637207,117.50604248046875
2526,114.16910212890178,22.27850024882476,5.1084542151969e-10,3.2580940723114793e-10,3.2157940199617485e-10,0.0,1.5767412375744527e-10,0.0,3.8206944465637207,117.50604248046875
2527,114.21124369254676,22.321428328914497,0.0,0.0,0.0,0.0,0.0,0.0,3.177215099334717,779.4895629882812
2528,114.00090551637705,22.45054477838854,0.0,1.7490631339101004e-12,8.52320671081543,0.0,0.0,0.0,5.613138675689697,73.78356170654297
2529,114.14352303099297,22.285306115843,0.0,0.0,0.0,0.0,0.0,0.0,2.392955780029297,160.86309814453125
2530,114.16910212890178,22.27850024882476,5.1084542151969e-10,3.2580940723114793e-10,3.2157940199617485e-10,0.0,1.5767412375744527e-10,0.0,3.8206944465637207,117.50604248046875
2531,114.15870718852736,22.450748013995124,30.44071388244629,30.871896743774414,0.003305925754830241,0.0,39.97096252441406,0.0,3.5496182441711426,85.04569244384766
2532,114.26743022201214,22.318155656357977,0.0,0.0,2.3878677355738953e-13,0.0,0.0,0.0,4.768129825592041,1738.6898193359375
2533,114.2535647311254,22.32584783947274,22.62936782836914,18.77853775024414,0.0,0.0,2.6263927836838124e-27,0.0,4.609223365783691,1352.779296875
2534,114.19259098602905,22.3430955765015,0.0,0.0,31.904800415039062,6.006911130424303e-24,0.0,0.0,2.5833914279937744,90.30071258544922
2535,114.19259098602905,22.3430955765015,0.0,0.0,31.904800415039062,6.006911130424303e-24,0.0,0.0,2.5833914279937744,90.30071258544922
2536,114.19259098602905,22.3430955765015,0.0,0.0,31.904800415039062,6.006911130424303e-24,0.0,0.0,2.5833914279937744,90.30071258544922
2537,114.22216091635256,22.31477912690353,0.0,3.6647104621756466e-12,13.714178085327148,0.0,0.0,0.0,2.9039173126220703,131.84645080566406
2538,114.2535647311254,22.32584783947274,22.62936782836914,18.77853775024414,0.0,0.0,2.6263927836838124e-27,0.0,4.609223365783691,1352.779296875
2539,114.2535647311254,22.32584783947274,22.62936782836914,18.77853775024414,0.0,0.0,2.6263927836838124e-27,0.0,4.609223365783691,1352.779296875
2540,114.23227498028074,22.316753684810315,5.043901928070138e-12,0.0,0.0,0.0,0.0,0.0,3.051844358444214,80.79597473144531
2541,114.1412970050199,22.491779366284256,0.0,0.0,0.0,0.0,0.0,0.0,4.274343013763428,72.0403823852539
2542,114.18706734567648,22.34294249998344,0.0,0.0,11.041495323181152,0.0,0.0,0.0,2.645048141479492,63.517520904541016
2543,113.96306399611792,22.375338700819142,74.2955551147461,81.26704406738281,0.0,0.0,36.450103759765625,0.0,4.13095235824585,428.19866943359375
2544,114.22269653857263,22.320323761392967,0.0,3.694222878991571e-12,0.0,0.0,0.0,0.0,3.6600985527038574,76.97981262207031
2545,114.20244545387446,22.34991239390387,2.7084424980561295e-11,2.3759386385407977e-12,0.0,0.0,10.043169975280762,0.0,3.3374083042144775,71.50088500976562
2546,114.16594523936855,22.44674817529496,19.004413604736328,150.2590789794922,0.0,114.3965835571289,329.6819152832031,0.0,3.1132898330688477,1906.27197265625
2547,114.1792230703356,22.31149830596797,7.399042316336146e-12,13.016868591308594,0.0,0.0,7.77070426940918,922.2413940429688,3.4891304969787598,64.48553466796875
2548,114.10258553927616,22.373160077905624,5.8794857003829915e-12,0.0,1.8342996898011855e-42,0.0,23.273834228515625,0.0,6.5608391761779785,945.6529541015625
2549,114.14968516292888,22.28355532039621,1.350931672891551e-29,1.9845617391187759e-13,2.6320730317497265e-11,57.19829177856445,14.537447929382324,0.0,2.9765050411224365,152.54342651367188
2550,114.19512932925586,22.378756944111903,143.4574737548828,83.77892303466797,110.22318267822266,5.198242716734097e-24,15.87092113494873,0.0,4.294002056121826,86.98130798339844
2551,114.18080675238068,22.37140707609001,9.987185557724931e-12,4.840846690515321e-13,0.0,0.0,1.493788252815431e-11,0.0,5.24018669128418,72.28292846679688
2552,114.18491814351682,22.276585735158232,0.0,0.0,0.0,0.0,0.0,0.0,2.8428900241851807,116.32353973388672
2553,114.1759417668698,22.44808504730176,14.460593223571777,67.81538391113281,0.0,0.0,135.10781860351562,3.0828566215145976e-44,4.255140781402588,1348.20654296875
2554,114.1759417668698,22.44808504730176,14.460593223571777,67.81538391113281,0.0,0.0,135.10781860351562,3.0828566215145976e-44,4.255140781402588,1348.20654296875
2555,114.1759417668698,22.44808504730176,14.460593223571777,67.81538391113281,0.0,0.0,135.10781860351562,3.0828566215145976e-44,4.255140781402588,1348.20654296875
2556,114.14939185071152,22.24510274357549,2.3823185178045714e-13,0.0,1.8741877841343957e-11,0.0,1.0300110502412267e-19,0.0,3.3762214183807373,312.1033020019531
2557,114.13803077893436,22.250139544645645,0.0,1.1662511234522555e-12,0.0,0.0,46.46294403076172,0.0,3.845579147338867,277.16357421875
2558,114.19042233257112,22.303279901073,14.977193832397461,50.248931884765625,0.0,416.6621398925781,4.069245374688224e-12,0.0,2.953221559524536,1786.9586181640625
2559,114.22977054120648,22.31583340105525,5.191119669539779e-12,0.0,1.0300918971972717e-11,0.0,0.0,0.0,3.058373212814331,101.72309112548828
2560,114.24096230798978,22.296928304690525,1.13165119636216e-12,0.0,1.169514680411654e-12,0.0,0.0,0.0,3.8416666984558105,99.4488525390625
2561,114.1347425075279,22.3782106719624,17.534250259399414,56.292503356933594,14.711288452148438,2367.175537109375,46.502784729003906,919.8206787109375,4.2126946449279785,67.94092559814453
2562,114.18147501583071,22.3201856927678,14.24036979675293,6.239889621734619,0.0,0.0,0.0,0.0,2.9711110591888428,107.3841781616211
2563,114.2138776099632,22.334919440231744,66.60862731933594,33.371124267578125,7.365845203399658,0.0,0.0,0.0,4.046204566955566,79.70868682861328
2564,114.16361596980168,22.319796905299448,0.014327259734272957,0.0,0.0,0.0,0.0,0.0,2.405097246170044,583.2135620117188
2565,114.20922730329517,22.33217514091713,61.127262115478516,37.15179443359375,42.34636688232422,0.0,1.044925214063741e-12,0.0,4.187013149261475,245.39031982421875
2566,114.18147501583071,22.3201856927678,14.24036979675293,6.239889621734619,0.0,0.0,0.0,0.0,2.9711110591888428,107.3841781616211
2567,114.214317505009,22.382709006797764,22.471546173095703,0.0,14.74167251586914,0.0,0.0,0.0,4.299459457397461,66.99681091308594
2568,114.2391616010858,22.26287448306357,3.9260263442993164,0.0,0.0,0.0,0.0,0.0,2.351716995239258,73.69515991210938
2569,114.2391616010858,22.26287448306357,3.9260263442993164,0.0,0.0,0.0,0.0,0.0,2.351716995239258,73.69515991210938
2570,114.18870069431952,22.372129132699573,24.316062927246094,34.41731643676758,3.6817142963409424,0.0,46.639564514160156,0.0,4.605086803436279,55.97515106201172
2571,114.11778319648488,22.368425306548705,9.533562090810466e-13,0.0,0.0,0.0,0.0,0.0,2.444603204727173,153.49061584472656
2572,114.23064517642938,22.419810728032203,6.320192170629309e-18,6.265681266784668,1.1074311606629195e-10,0.0,31.01580810546875,0.0,4.71875,1636.3438720703125
2573,114.18598756613665,22.30868051639795,1.208056007659386e-12,0.0,0.0,3.154949912431704e-11,0.0,0.0,2.3002145290374756,665.770263671875
2574,114.18598756613665,22.30868051639795,1.208056007659386e-12,0.0,0.0,3.154949912431704e-11,0.0,0.0,2.3002145290374756,665.770263671875
2575,114.18598756613665,22.30868051639795,1.208056007659386e-12,0.0,0.0,3.154949912431704e-11,0.0,0.0,2.3002145290374756,665.770263671875
2576,114.2291065619699,22.27902482427616,4.284735326959277e-12,0.0,1.1730603467763334e-11,0.0,0.6670231223106384,0.0,4.178210735321045,403.1673278808594
2577,114.17701031945624,22.37864058143601,55.16862106323242,84.080810546875,21.25152015686035,0.0,149.23399353027344,0.0,4.6485981941223145,76.73583221435547
2578,114.20005693253071,22.347898938840164,0.10065247863531113,0.19578030705451965,2.6071617603302,0.0,0.0,0.0,3.1062090396881104,91.94943237304688
2579,113.97171772586294,22.387017285905184,25.275768280029297,6.6640885518221005e-12,0.0,0.0,3.419106317514853e-11,0.0,4.377952575683594,1156.7933349609375
2580,114.25301118428185,22.30744375386651,0.0,0.0,0.0,0.0,0.0,0.0,4.859496116638184,1752.838134765625
2581,114.1270763110094,22.36488845860419,0.0,0.0,7.526586152424153e-36,0.0,2.1291619437994276e-15,0.0,3.5338690280914307,69.4141616821289
2582,114.22723330571264,22.33160161505277,0.004259812645614147,49.26923751831055,1.424983048226025e-11,0.0,86.91581726074219,0.0,3.8683385848999023,69.60852813720703
2583,114.20330915565847,22.34823257068576,3.0932811867501186e-11,4.884868758381344e-07,0.0,0.0,7.750308990478516,0.0,2.858201026916504,80.6288070678711
2584,114.23913316861028,22.3081901874132,1.0717775408494723e-12,1.0253371773589343e-13,0.0,0.0,0.0,0.0,3.5095949172973633,60.1489372253418
2585,114.23941227324784,22.30292523655608,1.1116358484761224e-12,1.1802286883531247e-14,0.0,0.0,0.0,0.0,4.869297027587891,57.87859344482422
2586,114.16182863475127,22.33318910928196,0.0,0.0,0.0,0.0,0.0,0.0,2.6614108085632324,164.71640014648438
2587,114.20163845266993,22.342958985275807,7.532199859619141,12.53524398803711,4.203895392974451e-45,0.0,0.0,0.0,4.453854560852051,68.2304458618164
2588,114.19261602145176,22.30676551798636,3.7781894207000732,6.838591559699125e-08,5.5046051050666733e-11,2.630842592388216e-11,3.4512824455962265e-12,0.0,2.4605634212493896,1890.0330810546875
2589,113.99879190219744,22.454813846627623,5.615665484709487e-12,0.0,18.21291732788086,0.0,0.0,0.0,4.29773473739624,61.25821304321289
2590,114.02426251630544,22.44868118966222,0.0,0.0,0.0,0.0,0.0,0.0,3.3144288063049316,113.68376159667969
2591,114.00070589441496,22.462446642191907,0.0,4.683687248804858e-13,0.0,0.0,0.0,0.0,5.020779132843018,118.04519653320312
2592,114.19099342697244,22.28847866537359,2.61754697091028e-20,1.8768707513809204,0.0,0.0,0.003859593067318201,0.0,5.160079002380371,137.66741943359375
2593,114.12274792916278,22.360010576835705,0.0,0.0,3.805002450942993,0.0,0.0,0.0,3.183551788330078,90.21125030517578
2594,114.17498964548368,22.45269959852135,33.92621994018555,82.91563415527344,0.0,0.0,85.3446273803711,0.0,3.6837856769561768,918.4122924804688
2595,114.23941227324784,22.30292523655608,1.1116358484761224e-12,1.1802286883531247e-14,0.0,0.0,0.0,0.0,4.869297027587891,57.87859344482422
2596,114.22771311894029,22.42323422926915,5.857550144195557,47.559078216552734,0.0,0.0,23.228063583374023,0.0,3.358490467071533,3091.6630859375
2597,113.9492654846396,22.29213067309972,0.0,0.0,0.0,0.0,0.0,0.0,5.1561431884765625,1087.4322509765625
2598,113.9492654846396,22.29213067309972,0.0,0.0,0.0,0.0,0.0,0.0,5.1561431884765625,1087.4322509765625
2599,114.2226759084029,22.28685632618788,7.560999393463135,9.386188507080078,0.0,0.0,0.0,0.0,5.480088710784912,1451.0218505859375
2600,113.96484316280495,22.405873061583144,0.0,0.0,0.0,0.0,0.0,0.0,5.595714092254639,70.3074722290039
2601,114.18978559988108,22.34431495169653,0.0,0.0,0.00031162603409029543,0.0,0.0,0.0,2.6880064010620117,69.04426574707031
2602,114.15617220521877,22.24874310806927,22.70363426208496,7.371266841888428,0.0,0.0,3.3966203296981103e-15,0.0,3.051506280899048,171.62994384765625
2603,114.2276909727337,22.2819963528655,4.032786745603728e-13,0.0011172716040164232,1.3744587933073316e-11,0.0,23.25855827331543,0.0,4.542372703552246,2388.226806640625
2604,114.20223089206613,22.29084331996905,2.790868057489515e-11,1.6946173197335268e-12,3.6805050373077393,0.0,22.910133361816406,0.0,3.1594202518463135,163.1726837158203
2605,113.9492654846396,22.29213067309972,0.0,0.0,0.0,0.0,0.0,0.0,5.1561431884765625,1087.4322509765625
2606,114.16605245277545,22.44221489397881,48.77246856689453,175.12950134277344,146.3457794189453,15.26212215423584,313.20001220703125,919.217529296875,4.267516136169434,68.00565338134766
2607,114.18798934252852,22.34011587075621,0.0,0.0,27.483646392822266,0.0,0.0,0.0,2.6632330417633057,86.66761016845703
2608,114.16335536210188,22.30464353336779,45.20663833618164,103.83341979980469,0.0,4084.19970703125,112.77230834960938,0.0,5.073474407196045,1991.909423828125
2609,114.00446168454576,22.4501693380323,0.0,1.7338834361335653e-12,1.9353235028313814e-23,0.0,0.0,0.0,5.016198635101318,98.02118682861328
2610,113.97598644151805,22.39653173123805,1.0651212550838451e-10,0.0,0.0,0.0,0.0,0.0,3.4356815814971924,133.22140502929688
2611,113.97692456922071,22.412814812512863,0.0,0.0,0.0,0.0,0.0,0.0,4.636450290679932,113.87178039550781
2612,114.19393658226544,22.391788116472444,1.92248248570559e-11,3.761674999269715e-12,358.2793884277344,5.307007702902349e-24,1.9813703629190105e-12,0.0,4.686725616455078,385.2447814941406
2613,114.19393658226544,22.391788116472444,1.92248248570559e-11,3.761674999269715e-12,358.2793884277344,5.307007702902349e-24,1.9813703629190105e-12,0.0,4.686725616455078,385.2447814941406
2614,114.18798934252852,22.34011587075621,0.0,0.0,27.483646392822266,0.0,0.0,0.0,2.6632330417633057,86.66761016845703
2615,114.20028890462125,22.34181230409663,10.231911659240723,6.47821569442749,1.1724100660301991e-16,0.0,0.0,0.0,3.6462786197662354,60.11893844604492
2616,114.20071560474231,22.33928368201071,11.614194869995117,18.790836334228516,12.893295288085938,0.0,0.0,0.0,4.1239728927612305,72.76885223388672
2617,114.20071560474231,22.33928368201071,11.614194869995117,18.790836334228516,12.893295288085938,0.0,0.0,0.0,4.1239728927612305,72.76885223388672
2618,114.13329549748131,22.28506889905254,1.0023881030774007e-11,4.104710061431094e-12,0.0,0.0,0.0,0.0,2.951625108718872,110.66278076171875
2619,114.19417307149511,22.34103644513288,4.174305842527754e-15,0.0,42.129024505615234,7.651994167993602e-24,0.0,0.0,2.772955894470215,96.17037963867188
2620,114.18644166946974,22.27882525098025,0.0,0.0,0.0,0.0,0.0,0.0,2.5926849842071533,145.6848602294922
2621,114.1546629,22.2846487828858,15.090710639953613,6.280123233795166,1.5800000197074837e-12,0.0444268174469471,15.536299705505371,0.0,3.109365224838257,208.623779296875
2622,114.17188507470006,22.331257184042244,0.0,9.736394329662446e-11,5.073558240198395e-10,0.0,0.0,0.0,2.47686505317688,123.8932113647461
2623,114.23345961750074,22.31807174211953,2.8208978122140627e-12,9.985313628464026e-14,0.0,0.0,0.0,0.0,3.6814751625061035,69.46524810791016
2624,114.18614502430349,22.341443481156592,0.0,0.0,5.105567932128906,0.0,0.0,0.0,2.6526224613189697,86.42857360839844
2625,114.19579341596364,22.33510317683934,3.9057815074920654,18.784704208374023,29.353036880493164,6.750356918901289e-24,0.0,0.0,2.8991785049438477,131.28460693359375
2626,114.26764659362917,22.307544587425703,0.0,0.0,1.74044823285412e-14,0.0,0.0,0.0,3.4644548892974854,196.1329345703125
2627,114.15886714897955,22.34001592276276,0.0,0.0,0.0,0.0,0.0,0.0,3.46195650100708,96.86890411376953
2628,114.15886714897955,22.34001592276276,0.0,0.0,0.0,0.0,0.0,0.0,3.46195650100708,96.86890411376953
2629,114.214051821465,22.33297782623757,69.53463745117188,40.276023864746094,3.6865549087524414,0.0,1.101226423418089e-12,0.0,3.6005666255950928,98.63751983642578
2630,114.18623145962574,22.327536386564663,7.5438127517700195,5.761673283659688e-14,4.671522765420377e-05,0.0,0.0,0.0,2.728931427001953,140.30532836914062
2631,114.17478689064724,22.366485467923333,0.0,0.00041388068348169327,0.0,0.0,0.0,0.0,5.05337381362915,67.36665344238281
2632,114.2280465315712,22.325722451363365,1.0606216425956827e-12,0.0,1.8014437164204367e-11,0.0,30.7044620513916,0.0,3.1632015705108643,82.65228271484375
2633,114.1069767450701,22.34882471901122,4.482211112976074,0.0,7.434011459350586,0.0,0.0,0.0,4.44529914855957,1492.1947021484375
2634,114.00326578417707,22.4509356419335,0.0,2.040768812619498e-12,3.8366024494171143,0.0,0.0,0.0,4.570974349975586,95.32780456542969
2635,114.15522723912568,22.33765849892632,0.0,0.0,0.0,0.0,0.0,0.0,3.102846622467041,130.62960815429688
2636,114.1871533103938,22.32386991199618,7.543146133422852,9.3132905960083,0.0,0.0,0.0,0.0,3.2036848068237305,122.47818756103516
2637,114.20980916876226,22.32985416434265,45.35462188720703,76.24826049804688,89.70628356933594,0.0,4.202848138956661e-12,0.0,3.6166348457336426,1151.5684814453125
2638,114.23282803049416,22.26759078980806,4.326048200220534e-12,0.0,2.1247129489837535e-12,0.0,0.0,0.0,4.461366176605225,57.144325256347656
2639,114.23282803049416,22.26759078980806,4.326048200220534e-12,0.0,2.1247129489837535e-12,0.0,0.0,0.0,4.461366176605225,57.144325256347656
2640,114.19433971957402,22.27619667481816,0.0,0.0,6.745738689861724e-11,0.0,0.0,0.0,4.961367130279541,78.0421371459961
2641,114.12611172908008,22.34740501265004,0.0,0.0,3.6840567588806152,0.0,0.0,0.0,5.303321838378906,79.80842590332031
2642,114.12611172908008,22.34740501265004,0.0,0.0,3.6840567588806152,0.0,0.0,0.0,5.303321838378906,79.80842590332031
2643,114.14739437898456,22.287185235002173,0.0,0.0,0.0,0.0,5.948360808361031e-07,0.0,2.5586986541748047,170.97396850585938
2644,114.23857916289312,22.30634815596197,9.52929792366608e-13,2.591002499358064e-13,0.0,0.0,0.0,0.0,4.2622599601745605,60.93515396118164
2645,114.12750260543096,22.367462292949803,0.0,0.0,3.6901938915252686,0.0,8.4240625000849e-14,0.0,3.4693069458007812,76.00882720947266
2646,114.12750260543096,22.367462292949803,0.0,0.0,3.6901938915252686,0.0,8.4240625000849e-14,0.0,3.4693069458007812,76.00882720947266
2647,114.12750260543096,22.367462292949803,0.0,0.0,3.6901938915252686,0.0,8.4240625000849e-14,0.0,3.4693069458007812,76.00882720947266
2648,114.15544961917838,22.279727192215216,3.7777695655822754,9.38926887512207,0.0,0.0,7.757944583892822,0.0,2.8943028450012207,124.1773452758789
2649,114.15544961917838,22.279727192215216,3.7777695655822754,9.38926887512207,0.0,0.0,7.757944583892822,0.0,2.8943028450012207,124.1773452758789
2650,114.0068975150211,22.460304046088563,0.0,0.0,0.0,0.0,0.0,0.0,3.4510059356689453,55.484764099121094
2651,114.02100164785664,22.44568900265836,0.0,0.0,0.0,0.0,0.0,0.0,3.7905027866363525,117.38235473632812
2652,114.15777137683747,22.33145481161313,0.0,0.0,0.0,0.0,0.0,0.0,3.244080066680908,194.56915283203125
2653,113.97287649569716,22.411446156483898,0.0,0.0,0.0,0.0,0.0,0.0,5.85101318359375,70.42320251464844
2654,114.221712357803,22.27782596172968,0.0,3.666944786012705e-12,0.0,0.0,0.0,0.0,4.717504501342773,41.44337844848633
2655,114.19584804938826,22.38003919616165,128.3372039794922,74.90335845947266,164.95626831054688,4.6500474964779115e-24,3.5831109807720266e-14,0.0,4.150724411010742,79.88880920410156
2656,114.19584804938826,22.38003919616165,128.3372039794922,74.90335845947266,164.95626831054688,4.6500474964779115e-24,3.5831109807720266e-14,0.0,4.150724411010742,79.88880920410156
2657,114.19584804938826,22.38003919616165,128.3372039794922,74.90335845947266,164.95626831054688,4.6500474964779115e-24,3.5831109807720266e-14,0.0,4.150724411010742,79.88880920410156
2658,114.10564408881233,22.35406185989529,0.017987936735153198,0.0,3.6816906929016113,0.0,0.0,0.0,3.449402332305908,2466.458984375
2659,114.10564408881233,22.35406185989529,0.017987936735153198,0.0,3.6816906929016113,0.0,0.0,0.0,3.449402332305908,2466.458984375
2660,114.32182902936457,22.400077229227083,0.0,0.0,0.0,0.0,0.0,0.0,3.6827585697174072,5.200356960296631
2661,114.32182902936457,22.400077229227083,0.0,0.0,0.0,0.0,0.0,0.0,3.6827585697174072,5.200356960296631
2662,114.23553290583406,22.262577823203184,0.0,0.0,2.514075373664243e-13,0.0,0.0,0.0,2.3310744762420654,98.90851593017578
2663,114.10564408881233,22.35406185989529,0.017987936735153198,0.0,3.6816906929016113,0.0,0.0,0.0,3.449402332305908,2466.458984375
2664,114.22587660741804,22.421175848189947,1.0094901395927072e-14,14.039952278137207,2.051418930559823e-11,0.0,75.74987030029297,0.0,4.102564334869385,2907.501953125
2665,114.23378591709144,22.308950723836475,1.5893431319288776e-12,2.2633754408456913e-13,0.0,0.0,0.0,0.0,3.650197744369507,84.992919921875
2666,114.10312016225576,22.35359114212629,6.569217703145114e-07,0.0,3.6841320991516113,0.0,0.0,0.0,2.9438652992248535,2133.46728515625
2667,114.14424119454918,22.2848908525484,0.0,0.0,0.0,0.0,0.0,0.0,2.588575601577759,154.3934326171875
2668,114.18913298735391,22.31926417195653,0.0,0.0,10.732169151306152,0.0,0.0,0.0,2.7472527027130127,156.45220947265625
2669,114.2501963131774,22.30671357257452,0.0,0.0,0.0,0.0,0.0,0.0,3.703740119934082,390.7815856933594
2670,114.138531244281,22.37155611165069,0.0,0.0018337966175749898,3.046816488341819e-12,8.760548797442162e-28,4.323284841234454e-09,0.0,2.910372495651245,100.35658264160156
2671,114.13651349569602,22.365152969870813,0.0,0.0,7.3561811447143555,0.0,0.0,0.0,2.779135227203369,130.33474731445312
2672,114.18754687118404,22.26623646076696,0.0,0.0,2.2268696760717466e-13,0.0,0.0,0.0,3.7816264629364014,102.1690902709961
2673,114.18754687118404,22.26623646076696,0.0,0.0,2.2268696760717466e-13,0.0,0.0,0.0,3.7816264629364014,102.1690902709961
2674,114.0311446235353,22.444903797678265,0.0,0.0,8.102568962997658e-12,0.0,0.0,0.0,3.1391427516937256,144.31175231933594
2675,114.252863602969,22.303741275316685,0.0,0.0,0.0,0.0,0.0,0.0,5.289389133453369,436.04571533203125
2676,114.24185680358266,22.42605569430527,2.902419515664334e-13,0.0,0.3130943775177002,0.0,1.3526543166803018e-12,0.0,4.717021465301514,67.74893951416016
2677,114.16962449263453,22.30983653243958,109.9683837890625,64.52865600585938,4.0956110725076655e-10,8.507528449080981e-13,77.7070541381836,0.0,2.257596731185913,132.11685180664062
2678,114.17250683864393,22.31407198752512,38.064876556396484,15.679657936096191,4.7511472534012e-10,0.0,0.0,0.0,3.0236918926239014,107.94232177734375
2679,114.1814948283144,22.33223249512572,0.0,0.0,1.98271368941072e-12,0.0,0.0,0.0,1.7614679336547852,110.86532592773438
2680,114.1814948283144,22.33223249512572,0.0,0.0,1.98271368941072e-12,0.0,0.0,0.0,1.7614679336547852,110.86532592773438
2681,114.1814948283144,22.33223249512572,0.0,0.0,1.98271368941072e-12,0.0,0.0,0.0,1.7614679336547852,110.86532592773438
2682,114.18248422690164,22.31483954756104,2.7738335132598877,0.07220514118671417,0.0,0.0,7.778380393981934,0.0,4.023838043212891,69.5197982788086
2683,114.18248422690164,22.31483954756104,2.7738335132598877,0.07220514118671417,0.0,0.0,7.778380393981934,0.0,4.023838043212891,69.5197982788086
2684,113.9615872217406,22.375914694342008,42.61577224731445,33.83962631225586,0.0,0.0,108.11945343017578,0.0,4.3321123123168945,271.7035827636719
2685,114.15761758895312,22.32034717168051,0.0,0.0,0.0,0.0,0.0,0.0,5.549331188201904,1961.3585205078125
2686,114.11446543545952,22.36204850130049,6.659394390096107e-12,9.577979034891548e-12,0.0,0.0,0.0,0.0,4.790960311889648,72.73463439941406
2687,114.11446543545952,22.36204850130049,6.659394390096107e-12,9.577979034891548e-12,0.0,0.0,0.0,0.0,4.790960311889648,72.73463439941406
2688,114.11446543545952,22.36204850130049,6.659394390096107e-12,9.577979034891548e-12,0.0,0.0,0.0,0.0,4.790960311889648,72.73463439941406
2689,114.23828185763398,22.42508180258984,7.754377841949463,12.522893905639648,35.09379959106445,0.0,5.159533877369322e-32,0.0,4.329758644104004,312.7443542480469
2690,114.16206451186528,22.305519390198707,60.39592742919922,70.40562438964844,0.0,4614.68408203125,23.308029174804688,0.0,6.022671699523926,2049.961669921875
2691,114.16692527151432,22.326073401559206,0.00011066014121752232,2.2060051008132575e-10,0.0,0.0,2.0695047064922534e-10,0.0,2.6710076332092285,166.26602172851562
2692,114.17820416415115,22.32816879429669,0.0,0.0,0.0,0.0,0.0,0.0,2.2541744709014893,118.02644348144531
2693,114.17820416415115,22.32816879429669,0.0,0.0,0.0,0.0,0.0,0.0,2.2541744709014893,118.02644348144531
2694,114.17820416415115,22.32816879429669,0.0,0.0,0.0,0.0,0.0,0.0,2.2541744709014893,118.02644348144531
2695,114.16451656436809,22.453520909208475,119.2269058227539,15.865543365478516,9.507033973932266e-05,0.0,0.0025385753251612186,2.246026469254501e-36,3.747978448867798,119.51964569091797
2696,114.23828185763398,22.42508180258984,7.754377841949463,12.522893905639648,35.09379959106445,0.0,5.159533877369322e-32,0.0,4.329758644104004,312.7443542480469
2697,114.23828185763398,22.42508180258984,7.754377841949463,12.522893905639648,35.09379959106445,0.0,5.159533877369322e-32,0.0,4.329758644104004,312.7443542480469
2698,114.18585988193831,22.435749191852263,83.95989990234375,115.02869415283203,545.2015991210938,5.279146194458008,53.995853424072266,0.0,3.559523820877075,27.128232955932617
2699,114.18585988193831,22.435749191852263,83.95989990234375,115.02869415283203,545.2015991210938,5.279146194458008,53.995853424072266,0.0,3.559523820877075,27.128232955932617
2700,114.18585988193831,22.435749191852263,83.95989990234375,115.02869415283203,545.2015991210938,5.279146194458008,53.995853424072266,0.0,3.559523820877075,27.128232955932617
2701,114.14277556492291,22.485927983408747,0.0,0.0,0.0,0.0,0.0,0.0,4.420156002044678,74.50690460205078
2702,114.16451656436809,22.453520909208475,119.2269058227539,15.865543365478516,9.507033973932266e-05,0.0,0.0025385753251612186,2.246026469254501e-36,3.747978448867798,119.51964569091797
2703,114.16451656436809,22.453520909208475,119.2269058227539,15.865543365478516,9.507033973932266e-05,0.0,0.0025385753251612186,2.246026469254501e-36,3.747978448867798,119.51964569091797
2704,114.1720651176996,22.459887770462355,117.56018829345703,152.5911865234375,4.589026103563043e-10,397.6065673828125,151.34603881835938,918.9163208007812,3.283616781234741,53.502830505371094
2705,114.1720651176996,22.459887770462355,117.56018829345703,152.5911865234375,4.589026103563043e-10,397.6065673828125,151.34603881835938,918.9163208007812,3.283616781234741,53.502830505371094
2706,114.15686834351456,22.333567858492085,0.0,0.0,0.0,0.0,0.0,0.0,3.5103652477264404,136.68081665039062
2707,114.14448368234056,22.28533340197631,0.0,0.0,0.0,0.0,0.0,0.0,2.5084033012390137,157.7177734375
2708,114.22904918460198,22.307408084580967,4.197073244505134e-12,0.0,1.511715058688523e-11,0.0,3.054710889620338e-13,0.0,4.1801886558532715,68.77632141113281
2709,114.18846370507327,22.32443875037447,14.232751846313477,9.352651596069336,0.0,0.0,0.0,0.0,3.1325621604919434,117.87606048583984
2710,114.2603025627352,22.312190260491107,0.0,0.0,3.1691090588347945e-14,0.0,0.0,0.0,3.548717975616455,1466.6563720703125
2711,114.18628818066344,22.30500504155232,0.29037001729011536,13.949322700500488,0.0,3.682728774712096e-11,5.161844909840063e-12,0.0,3.3171615600585938,2263.502197265625
2712,114.06184853909164,22.367284481461507,5.427233098695416e-13,0.0,73.86894226074219,0.0,1.8828312173257977e-11,0.0,6.199999809265137,488.2180480957031
2713,114.16697380366564,22.32607340451745,1.5369643051599269e-06,2.2670373911459762e-10,0.0,0.0,2.0698642799743538e-10,0.0,2.671025514602661,165.8139190673828
2714,114.17699088588786,22.36668415270897,0.0,1.0979740554251105e-11,0.0,0.0,2.4609454014543064e-13,0.0,4.3412041664123535,77.1404800415039
2715,114.17699088588786,22.36668415270897,0.0,1.0979740554251105e-11,0.0,0.0,2.4609454014543064e-13,0.0,4.3412041664123535,77.1404800415039
2716,113.96215237151772,22.374624085556945,60.32621765136719,78.34111785888672,0.0,0.0,48.2156867980957,0.0,4.165707588195801,314.04364013671875
2717,114.19063416157836,22.38483493326748,30.19663429260254,0.8349464535713196,18.887432098388672,0.0,7.077675251432325e-12,0.0,4.346083641052246,128.4328155517578
2718,114.22007444431216,22.315565358687497,0.0,1.750512495374279e-12,7.146622168056567e-44,0.0,0.0,0.0,3.1356239318847656,125.9342269897461
2719,113.9986945926163,22.47013833397532,0.0,0.0,0.0,0.0,0.0,0.0,5.538767337799072,68.72055053710938
2720,114.18015405094783,22.280234281167964,0.0,0.0,0.0,0.0,0.0,0.0,3.4515490531921387,159.884521484375
2721,114.170167020232,22.330263758512142,1.7267487439909246e-10,3.1922883780843847e-10,4.688044397127555e-10,0.0,4.0198257916790325e-11,0.0,3.1754562854766846,72.47967529296875
2722,114.22880862656773,22.417644013628664,0.0,0.0012958603911101818,5.472206794365775e-06,0.0,61.92121505737305,0.0,4.735459804534912,1572.991455078125
2723,114.22880862656773,22.417644013628664,0.0,0.0012958603911101818,5.472206794365775e-06,0.0,61.92121505737305,0.0,4.735459804534912,1572.991455078125
2724,114.13144209934126,22.285104513998647,7.145197628011246e-12,0.0,0.0,0.0,0.0,0.0,2.9798851013183594,132.70779418945312
2725,114.15898387219082,22.33817369892977,0.0,0.0,0.0,0.0,0.0,0.0,2.6823530197143555,130.45785522460938
2726,114.22956564244504,22.312961737820512,4.9383314278117485e-12,0.0,1.2147325680056387e-11,0.0,0.0,0.0,2.721703052520752,121.976318359375
2727,114.16793521647908,22.31856000831964,0.9874067306518555,4.877325210372874e-10,5.904430590286669e-12,0.0,2.0466138506147757e-10,0.0,2.312260627746582,166.68751525878906
2728,114.1681880431954,22.310874981775367,110.11359405517578,89.24815368652344,3.967382672387387e-11,0.0,85.3840560913086,0.0,2.9613847732543945,132.35704040527344
2729,114.2569422321618,22.308263644761475,0.0,0.0,0.0,0.0,0.0,0.0,3.9876761436462402,2400.879150390625
2730,114.2142155981896,22.21879435804631,0.0,0.0,0.0,0.0,0.0,0.0,3.4575538635253906,81.07952880859375
2731,114.2142155981896,22.21879435804631,0.0,0.0,0.0,0.0,0.0,0.0,3.4575538635253906,81.07952880859375
2732,114.19392035052162,22.338354392186407,7.548079013824463,4.5482378005981445,53.511474609375,7.538316156107633e-24,0.0,0.0,2.6084165573120117,85.15357208251953
2733,114.1867648892301,22.321467799117222,0.00023359824263025075,1.181203842163086,0.0,0.0,0.0,0.0,2.547257900238037,128.95799255371094
2734,114.153868741291,22.3345156718926,0.0,0.0,2.1417015730329503e-11,4.9232336957194534e-11,0.0,0.0,3.6391751766204834,271.9582214355469
2735,114.13048449124548,22.364040599309163,0.0,0.0,9.00475765972302e-33,0.0,1.8930545065548587e-12,0.0,3.0056772232055664,95.92182159423828
2736,114.1359466342308,22.37793103436213,36.62697982788086,53.262184143066406,25.470563888549805,2616.845703125,47.99462127685547,921.029541015625,4.0390706062316895,67.86546325683594
2737,114.1359466342308,22.37793103436213,36.62697982788086,53.262184143066406,25.470563888549805,2616.845703125,47.99462127685547,921.029541015625,4.0390706062316895,67.86546325683594
2738,114.1359466342308,22.37793103436213,36.62697982788086,53.262184143066406,25.470563888549805,2616.845703125,47.99462127685547,921.029541015625,4.0390706062316895,67.86546325683594
2739,114.14981743589703,22.25163199094442,2.243558168411255,37.05010986328125,2.3109450117408947e-11,0.0,40.172786712646484,0.0,4.091489315032959,66.74609375
2740,113.96090088979304,22.37392707301824,5.863792580385052e-07,5.191711902618408,0.0,0.0,32.900115966796875,0.0,4.231065273284912,242.54930114746094
2741,113.96090088979304,22.37392707301824,5.863792580385052e-07,5.191711902618408,0.0,0.0,32.900115966796875,0.0,4.231065273284912,242.54930114746094
2742,113.96090088979304,22.37392707301824,5.863792580385052e-07,5.191711902618408,0.0,0.0,32.900115966796875,0.0,4.231065273284912,242.54930114746094
2743,114.1898999465034,22.32128696486452,2.1102346731176417e-24,0.0001311242231167853,11.070574760437012,0.0,0.0,0.0,3.015031576156616,137.42149353027344
2744,114.1898999465034,22.32128696486452,2.1102346731176417e-24,0.0001311242231167853,11.070574760437012,0.0,0.0,0.0,3.015031576156616,137.42149353027344
2745,114.1898999465034,22.32128696486452,2.1102346731176417e-24,0.0001311242231167853,11.070574760437012,0.0,0.0,0.0,3.015031576156616,137.42149353027344
2746,114.17934932818171,22.31636579774193,15.080011367797852,9.171958923339844,0.0,0.0,4.695630195783451e-05,0.0,2.898951292037964,97.53363800048828
2747,114.17934932818171,22.31636579774193,15.080011367797852,9.171958923339844,0.0,0.0,4.695630195783451e-05,0.0,2.898951292037964,97.53363800048828
2748,114.10809779649706,22.35917421020294,7.023154258728027,0.0,11.071059226989746,0.0,0.0,0.0,4.391120433807373,1428.3985595703125
2749,114.02995331228428,22.20966556173492,0.0,0.0,0.0,0.0,0.0,0.0,3.80257511138916,343.8354187011719
2750,114.02995331228428,22.20966556173492,0.0,0.0,0.0,0.0,0.0,0.0,3.80257511138916,343.8354187011719
2751,113.96380129202892,22.40764166047967,0.0,0.0,0.0,0.0,0.0,0.0,6.887966632843018,70.19192504882812
2752,113.96380129202892,22.40764166047967,0.0,0.0,0.0,0.0,0.0,0.0,6.887966632843018,70.19192504882812
2753,114.10948284913988,22.34582763493257,3.767864227294922,0.0,76.80075073242188,0.0,0.0,0.0,4.807491302490234,1009.688232421875
2754,114.10948284913988,22.34582763493257,3.767864227294922,0.0,76.80075073242188,0.0,0.0,0.0,4.807491302490234,1009.688232421875
2755,114.03028753837395,22.20534919000584,0.0,0.0,0.0,0.0,0.0,0.0,3.428795099258423,231.49258422851562
2756,114.03028753837395,22.20534919000584,0.0,0.0,0.0,0.0,0.0,0.0,3.428795099258423,231.49258422851562
2757,114.1556106352008,22.24148237204128,5.540665040486281e-13,0.0,0.0,0.0,3.681468352696226e-29,0.0,3.500619649887085,252.1570281982422
2758,114.1556106352008,22.24148237204128,5.540665040486281e-13,0.0,0.0,0.0,3.681468352696226e-29,0.0,3.500619649887085,252.1570281982422
2759,114.26086019540584,22.31957699656736,0.0,0.0,5.631074491245502e-13,0.0,8.751058913058143e-31,0.0,4.551233291625977,563.4370727539062
2760,113.98440669911952,22.41374229168779,0.0,0.0,0.0,0.0,0.0,0.0,5.473684310913086,80.23052215576172
2761,113.98440669911952,22.41374229168779,0.0,0.0,0.0,0.0,0.0,0.0,5.473684310913086,80.23052215576172
2762,114.16840293140764,22.449294909718528,82.16889953613281,200.2816925048828,5.923014162467766e-11,4.206019088570656e-09,281.1662292480469,1.024520061615377e-14,3.5020053386688232,1689.7188720703125
2763,113.99859007895262,22.46069241990657,0.0,0.0,0.0,0.0,0.0,0.0,4.781948089599609,103.44895935058594
2764,114.23988532424708,22.275751905408995,7.572960376739502,0.0,5.5100878964793945e-14,0.0,0.0,0.0,5.036262035369873,1610.8597412109375
2765,114.15018757236824,22.243766335747434,5.706359321698551e-13,0.0,2.5714048945690848e-11,0.0,0.0,0.0,3.665369749069214,253.8484649658203
2766,114.19581869837448,22.37841370461708,137.83409118652344,90.8405532836914,102.54666137695312,4.671214606717254e-24,13.051920890808105,0.0,4.08474588394165,90.36908721923828
2767,114.15534878527578,22.2410488650018,4.867348386318471e-13,0.0,0.0,0.0,0.0,0.0,4.018131256103516,235.61154174804688
2768,114.2090744352976,22.34279512582488,30.678762435913086,46.14769744873047,0.0,0.0,5.2812471174081124e-18,845.5425415039062,4.858209133148193,61.14812088012695
2769,114.23988532424708,22.275751905408995,7.572960376739502,0.0,5.5100878964793945e-14,0.0,0.0,0.0,5.036262035369873,1610.8597412109375
2770,114.1035878800336,22.35030423313118,7.5580244064331055,0.0,1.5816644868826835e-12,0.0,0.0,0.0,3.37835693359375,1866.6939697265625
2771,114.1035878800336,22.35030423313118,7.5580244064331055,0.0,1.5816644868826835e-12,0.0,0.0,0.0,3.37835693359375,1866.6939697265625
2772,113.96619479424488,22.38542082453868,109.26806640625,68.85517883300781,0.0,0.0,0.0,0.0,4.7589640617370605,182.46694946289062
2773,114.1933010951613,22.27273804682345,0.0,0.0,6.149342840489069e-11,0.0,0.0,0.0,5.077049255371094,54.94645309448242
2774,114.1933010951613,22.27273804682345,0.0,0.0,6.149342840489069e-11,0.0,0.0,0.0,5.077049255371094,54.94645309448242
2775,113.96596915067778,22.37406018308314,85.61988067626953,107.38750457763672,0.0,0.0,7.789997100830078,0.0,3.3946869373321533,1047.8134765625
2776,114.1035878800336,22.35030423313118,7.5580244064331055,0.0,1.5816644868826835e-12,0.0,0.0,0.0,3.37835693359375,1866.6939697265625
2777,114.12972617504994,22.28029069793278,0.0,0.0,0.0,0.0,0.0,0.0,3.5091092586517334,83.43145751953125
2778,114.24054388418244,22.294426988607952,1.1561059184636568e-12,0.0,6.979937553405762,0.0,0.0,0.0,4.168578147888184,68.88842010498047
2779,114.18378782018011,22.376030608922942,4.456649558078187e-28,14.28926944732666,1.4970087615275712e-13,0.0,23.759998321533203,0.0,5.11862850189209,75.84893798828125
2780,114.15306802787174,22.53346576051193,0.0,0.0,0.0,0.0,0.0,0.0,7.08474588394165,20.739736557006836
2781,114.24849578220903,22.321533540039944,0.0,0.0,0.0,0.0,0.0,0.0,5.296043872833252,44.995059967041016
2782,114.2234626458798,22.31830972071632,0.0,3.504090680811478e-12,0.0,0.0,0.0,0.0,2.7708332538604736,98.6502456665039
2783,113.99805480585056,22.46897270504587,0.0,0.0,0.0,0.0,0.0,0.0,5.217185974121094,65.71013641357422
2784,113.99805480585056,22.46897270504587,0.0,0.0,0.0,0.0,0.0,0.0,5.217185974121094,65.71013641357422
2785,114.19355122624908,22.33627739859106,2.0334668159484863,11.432074546813965,29.65681266784668,7.290266733069938e-24,0.0,0.0,2.6897568702697754,93.2723388671875
2786,114.14002631636156,22.48284800936932,1.714151910692241e-11,0.0,0.0,0.0,0.0,0.0,3.861243963241577,57.6644287109375
2787,114.23845941772548,22.29886182615364,9.121078458490528e-13,6.346997319592985e-37,0.0,0.0,0.0,0.0,3.1563785076141357,106.48223114013672
2788,114.2334256149494,22.305952689167004,2.897764710477202e-12,7.607612185610985e-14,0.0,0.0,0.0,0.0,4.383254528045654,37.647308349609375
2789,114.2334256149494,22.305952689167004,2.897764710477202e-12,7.607612185610985e-14,0.0,0.0,0.0,0.0,4.383254528045654,37.647308349609375
2790,114.2334256149494,22.305952689167004,2.897764710477202e-12,7.607612185610985e-14,0.0,0.0,0.0,0.0,4.383254528045654,37.647308349609375
2791,114.16367846909972,22.274246467859385,0.0,4.361100890137859e-12,8.132860958445049e-16,0.0,0.0,0.0,4.880407333374023,45.66159439086914
2792,114.01653021864448,22.29537175614974,7.570465564727783,0.004054107237607241,0.0,0.0,0.0,0.0,5.755775451660156,73.34648132324219
2793,114.01653021864448,22.29537175614974,7.570465564727783,0.004054107237607241,0.0,0.0,0.0,0.0,5.755775451660156,73.34648132324219
2794,114.21962881725575,22.28645077988754,11.340035438537598,11.237037658691406,0.0,0.0,0.0,0.0,5.136016845703125,261.465576171875
2795,114.21962881725575,22.28645077988754,11.340035438537598,11.237037658691406,0.0,0.0,0.0,0.0,5.136016845703125,261.465576171875
2796,114.17875758518416,22.33881584109701,0.0,0.0,0.012637651525437832,0.0,0.0,0.0,3.735092878341675,108.18418884277344
2797,114.17556387048388,22.33980921054486,0.0,0.0,13.005094528198242,0.0,0.0,0.0,3.062857151031494,81.27958679199219
2798,114.16367846909972,22.274246467859385,0.0,4.361100890137859e-12,8.132860958445049e-16,0.0,0.0,0.0,4.880407333374023,45.66159439086914
2799,114.21962881725575,22.28645077988754,11.340035438537598,11.237037658691406,0.0,0.0,0.0,0.0,5.136016845703125,261.465576171875
2800,114.19058721869348,22.302295550383583,11.333366394042969,49.25731658935547,0.0,515.9622192382812,1.7615890300290427e-12,0.0,3.1950395107269287,1563.8818359375
2801,114.19058721869348,22.302295550383583,11.333366394042969,49.25731658935547,0.0,515.9622192382812,1.7615890300290427e-12,0.0,3.1950395107269287,1563.8818359375
2802,114.19058721869348,22.302295550383583,11.333366394042969,49.25731658935547,0.0,515.9622192382812,1.7615890300290427e-12,0.0,3.1950395107269287,1563.8818359375
2803,114.17556387048388,22.33980921054486,0.0,0.0,13.005094528198242,0.0,0.0,0.0,3.062857151031494,81.27958679199219
2804,114.17556387048388,22.33980921054486,0.0,0.0,13.005094528198242,0.0,0.0,0.0,3.062857151031494,81.27958679199219
2805,114.2370373093742,22.263949931946524,6.263884539097625e-14,0.0,0.0,0.0,0.0,0.0,2.0733559131622314,109.65935516357422
2806,114.2370373093742,22.263949931946524,6.263884539097625e-14,0.0,0.0,0.0,0.0,0.0,2.0733559131622314,109.65935516357422
2807,114.2390597455039,22.31770846593493,1.0575813228635988e-12,1.2864707942591286e-13,0.0,0.0,0.0,0.0,4.506958484649658,44.6275749206543
2808,113.9671970252264,22.39182834438681,9.353092605968172e-11,1.7865223189694746e-10,0.0,0.0,5.7612178916421897e-11,0.0,3.818281888961792,217.2322235107422
2809,114.2370373093742,22.263949931946524,6.263884539097625e-14,0.0,0.0,0.0,0.0,0.0,2.0733559131622314,109.65935516357422
2810,114.099479668163,22.3709371128493,1.4246428472683426e-12,0.0,0.0006133393035270274,0.0,0.0,0.0,4.9452409744262695,1026.6043701171875
2811,114.099479668163,22.3709371128493,1.4246428472683426e-12,0.0,0.0006133393035270274,0.0,0.0,0.0,4.9452409744262695,1026.6043701171875
2812,113.9671970252264,22.39182834438681,9.353092605968172e-11,1.7865223189694746e-10,0.0,0.0,5.7612178916421897e-11,0.0,3.818281888961792,217.2322235107422
2813,113.9671970252264,22.39182834438681,9.353092605968172e-11,1.7865223189694746e-10,0.0,0.0,5.7612178916421897e-11,0.0,3.818281888961792,217.2322235107422
2814,114.099479668163,22.3709371128493,1.4246428472683426e-12,0.0,0.0006133393035270274,0.0,0.0,0.0,4.9452409744262695,1026.6043701171875
2815,114.18943963642216,22.383354025064893,106.23147583007812,33.70608139038086,11.0270414352417,0.0,5.8177811526616274e-12,0.0,4.385161876678467,363.7900695800781
2816,114.18943963642216,22.383354025064893,106.23147583007812,33.70608139038086,11.0270414352417,0.0,5.8177811526616274e-12,0.0,4.385161876678467,363.7900695800781
2817,114.18943963642216,22.383354025064893,106.23147583007812,33.70608139038086,11.0270414352417,0.0,5.8177811526616274e-12,0.0,4.385161876678467,363.7900695800781
2818,114.17901948591336,22.326209148214843,0.0,0.0,0.0,0.0,0.0,0.0,2.987755060195923,116.66455078125
2819,114.17901948591336,22.326209148214843,0.0,0.0,0.0,0.0,0.0,0.0,2.987755060195923,116.66455078125
2820,114.17901948591336,22.326209148214843,0.0,0.0,0.0,0.0,0.0,0.0,2.987755060195923,116.66455078125
2821,114.02459499174311,22.4466948093382,0.0,0.0,0.0,0.0,0.0,0.0,2.8974359035491943,127.97772216796875
2822,114.1500152021793,22.28292323087639,5.15866429434686e-13,4.1122411973835895e-15,2.934944648425031e-11,57.25458908081055,14.540886878967285,0.0,3.0053517818450928,154.86375427246094
2823,114.1500152021793,22.28292323087639,5.15866429434686e-13,4.1122411973835895e-15,2.934944648425031e-11,57.25458908081055,14.540886878967285,0.0,3.0053517818450928,154.86375427246094
2824,114.14215255559247,22.49028953635161,0.0,0.0,0.0,0.0,0.0,0.0,5.096564292907715,50.224308013916016
2825,114.14215255559247,22.49028953635161,0.0,0.0,0.0,0.0,0.0,0.0,5.096564292907715,50.224308013916016
2826,114.14215255559247,22.49028953635161,0.0,0.0,0.0,0.0,0.0,0.0,5.096564292907715,50.224308013916016
2827,114.1415897784633,22.486903012440084,0.0,0.0,0.0,0.0,0.0,0.0,4.394002914428711,77.50655364990234
2828,114.19265280774854,22.37476571066508,66.44436645507812,65.53986358642578,120.60482025146484,4.109770073127429e-24,32.497501373291016,0.0,4.985751152038574,73.70513153076172
2829,114.10305689997143,22.363109308351348,1.8754831216938328e-06,0.0,9.812614440917969,0.0,0.0,0.0,4.51039981842041,3868.903076171875
2830,114.1500152021793,22.28292323087639,5.15866429434686e-13,4.1122411973835895e-15,2.934944648425031e-11,57.25458908081055,14.540886878967285,0.0,3.0053517818450928,154.86375427246094
2831,113.97722494389151,22.39971198921587,0.0,0.0,1.0420456858506455e-10,0.0,0.0,0.0,2.7097396850585938,93.61231231689453
2832,114.1415897784633,22.486903012440084,0.0,0.0,0.0,0.0,0.0,0.0,4.394002914428711,77.50655364990234
2833,114.21514424560804,22.28106964327475,2.357787129170216e-37,0.0959620401263237,0.0,0.0,0.0,0.0,3.5318596363067627,69.8244400024414
2834,114.02933007602294,22.44292448475538,0.0,0.0,1.1031929710025867e-11,0.0,0.0,0.0,2.3247456550598145,169.87185668945312
2835,114.1287671551034,22.501673428320053,7.473119157510845e-29,1.7575335631292432e-10,0.0,0.0,0.0,0.0,3.4755866527557373,91.90870666503906
2836,114.02206278420232,22.44367623744446,0.0,0.0,0.0,0.0,0.0,0.0,2.7634990215301514,124.76424407958984
2837,114.21514424560804,22.28106964327475,2.357787129170216e-37,0.0959620401263237,0.0,0.0,0.0,0.0,3.5318596363067627,69.8244400024414
2838,114.21514424560804,22.28106964327475,2.357787129170216e-37,0.0959620401263237,0.0,0.0,0.0,0.0,3.5318596363067627,69.8244400024414
2839,114.2312713316422,22.281507537529297,5.634435626400425e-12,0.0625305101275444,2.074154216435975e-12,0.0,3.978621363877366e-22,0.0,3.714780569076538,140.53179931640625
2840,113.93531134738264,22.280686833595084,0.0,0.0,0.0,0.0,0.0,0.0,5.335373401641846,109.09600067138672
2841,114.14391874557498,22.50067486368798,6.453677455788468e-31,0.0,0.0,2.7133851290273014e-06,8.407790785948902e-45,0.0,3.9472856521606445,111.89575958251953
2842,114.1254603004284,22.376600557273072,0.004622158594429493,21.708223342895508,0.0,2.1424301135247736e-12,25.94087028503418,0.0,5.129779815673828,64.94161224365234
2843,114.1254603004284,22.376600557273072,0.004622158594429493,21.708223342895508,0.0,2.1424301135247736e-12,25.94087028503418,0.0,5.129779815673828,64.94161224365234
2844,114.12291675891544,22.375407699996483,3.7715725898742676,12.70796012878418,0.0,0.0,22.58934211730957,0.0,4.964319229125977,82.70667266845703
2845,114.12815164676502,22.51091132620348,0.0,2.440983006002373e-11,1.053720555255211e-09,0.0,0.0,0.0,4.433884143829346,76.80928802490234
2846,114.1715266858853,22.311082829180062,71.4461898803711,17.534561157226562,5.16892251223311e-10,0.0,38.738834381103516,0.0,2.8839590549468994,106.23912048339844
2847,114.15746137383668,22.32700269738848,0.0,0.0,0.0,0.0,0.0,0.0,2.8922698497772217,470.47686767578125
2848,114.1617186895804,22.452364774271057,135.21163940429688,50.736934661865234,3.6744751930236816,0.0,6.118609428405762,0.0,3.494880437850952,96.3652114868164
2849,114.25758414042248,22.31063837409699,0.0,0.0,0.0,0.0,0.0,0.0,4.064550399780273,1788.9830322265625
2850,114.13054386476516,22.36065416211532,0.0,0.0,14.712367057800293,0.0,1.8955447021046234e-12,0.0,3.3316240310668945,114.41026306152344
2851,114.22961575225808,22.31716997959428,5.029619082330683e-12,0.0,1.1728658842746764e-11,0.0,0.0,0.0,3.3351352214813232,99.47348022460938
2852,114.16545900691555,22.333397108000064,3.851587104808374e-10,5.370536047127894e-12,0.0,0.0,1.429959206600273e-10,0.0,3.1901729106903076,142.3887481689453
2853,114.18742426075968,22.312933843367748,6.2547332764506525e-12,3.035973599255226e-12,0.0,0.0,0.0,0.0,2.8979592323303223,160.18711853027344
2854,114.15684390795384,22.50437944642876,15.081343650817871,9.25146770477295,0.0,0.0,23.29678726196289,0.0,6.2469353675842285,51.17061233520508
2855,114.15684390795384,22.50437944642876,15.081343650817871,9.25146770477295,0.0,0.0,23.29678726196289,0.0,6.2469353675842285,51.17061233520508
2856,114.15684390795384,22.50437944642876,15.081343650817871,9.25146770477295,0.0,0.0,23.29678726196289,0.0,6.2469353675842285,51.17061233520508
2857,114.16091778175225,22.31910130720753,0.0,3.641929913717617e-29,0.0,0.0,0.0,0.0,4.108582496643066,1422.0643310546875
2858,113.99596457018716,22.462432365774724,0.0,0.0,0.0,0.0,0.0,0.0,5.960379123687744,92.07186126708984
2859,114.17928134402784,22.31385529219966,7.565482139587402,15.654326438903809,0.0,0.0,3.9844729174826456e-19,1.4930152822940722e-25,3.1979591846466064,98.14653778076172
2860,114.17928134402784,22.31385529219966,7.565482139587402,15.654326438903809,0.0,0.0,3.9844729174826456e-19,1.4930152822940722e-25,3.1979591846466064,98.14653778076172
2861,113.94256527026684,22.28896947089009,0.0,0.0,0.0,0.0,0.0,0.0,5.229127883911133,2650.327392578125
2862,114.19081873552088,22.28825291480608,2.1407537180930426e-35,0.08254536241292953,0.0,0.0,7.715375005545866e-09,0.0,5.153470039367676,138.6313934326172
2863,114.19081873552088,22.28825291480608,2.1407537180930426e-35,0.08254536241292953,0.0,0.0,7.715375005545866e-09,0.0,5.153470039367676,138.6313934326172
2864,114.19081873552088,22.28825291480608,2.1407537180930426e-35,0.08254536241292953,0.0,0.0,7.715375005545866e-09,0.0,5.153470039367676,138.6313934326172
2865,114.19081873552088,22.28825291480608,2.1407537180930426e-35,0.08254536241292953,0.0,0.0,7.715375005545866e-09,0.0,5.153470039367676,138.6313934326172
2866,114.17928134402784,22.31385529219966,7.565482139587402,15.654326438903809,0.0,0.0,3.9844729174826456e-19,1.4930152822940722e-25,3.1979591846466064,98.14653778076172
2867,114.22698768154709,22.323338707603625,0.0,0.0,1.825204223870891e-11,0.0,8.128425233247527e-13,0.0,3.538987636566162,69.67713165283203
2868,114.1648198347336,22.31604027104152,30.162687301635742,55.961002349853516,0.0,0.0,30.990846633911133,0.0,3.2385714054107666,2022.751708984375
2869,114.20092079855866,22.29052744782017,5.003989844015733e-12,1.8563412525901546e-12,3.6889796257019043,0.0,4.289852029160102e-09,0.0,2.7829182147979736,158.6590576171875
2870,114.20092079855866,22.29052744782017,5.003989844015733e-12,1.8563412525901546e-12,3.6889796257019043,0.0,4.289852029160102e-09,0.0,2.7829182147979736,158.6590576171875
2871,114.20092079855866,22.29052744782017,5.003989844015733e-12,1.8563412525901546e-12,3.6889796257019043,0.0,4.289852029160102e-09,0.0,2.7829182147979736,158.6590576171875
2872,114.19081873552088,22.28825291480608,2.1407537180930426e-35,0.08254536241292953,0.0,0.0,7.715375005545866e-09,0.0,5.153470039367676,138.6313934326172
2873,113.98028291305836,22.386711853378507,0.0,0.0,6.668036348772555e-12,0.0,1.000197581008111e-11,0.0,4.491453170776367,168.62460327148438
2874,114.17308543025264,22.453882553825142,116.16329956054688,119.83562469482422,3.75047409795215e-10,2.5840588790576376e-26,161.6648406982422,1.401298464324817e-45,3.8385744094848633,780.293701171875
2875,114.22521005273232,22.403647870030124,0.0,0.0,220.58792114257812,0.0,0.0,0.0,6.987684726715088,40.97628402709961
2876,114.22521005273232,22.403647870030124,0.0,0.0,220.58792114257812,0.0,0.0,0.0,6.987684726715088,40.97628402709961
2877,114.17308543025264,22.453882553825142,116.16329956054688,119.83562469482422,3.75047409795215e-10,2.5840588790576376e-26,161.6648406982422,1.401298464324817e-45,3.8385744094848633,780.293701171875
2878,114.17308543025264,22.453882553825142,116.16329956054688,119.83562469482422,3.75047409795215e-10,2.5840588790576376e-26,161.6648406982422,1.401298464324817e-45,3.8385744094848633,780.293701171875
2879,114.14672477098638,22.332690325485192,0.0,0.0,0.0,0.0,0.0,0.0,5.6015625,2227.224609375
2880,114.14672477098638,22.332690325485192,0.0,0.0,0.0,0.0,0.0,0.0,5.6015625,2227.224609375
2881,114.14672477098638,22.332690325485192,0.0,0.0,0.0,0.0,0.0,0.0,5.6015625,2227.224609375
2882,114.21696959874303,22.285024619644823,7.565484046936035,6.263710975646973,0.0,0.0,0.0,0.0,2.8012325763702393,139.18336486816406
2883,114.21696959874303,22.285024619644823,7.565484046936035,6.263710975646973,0.0,0.0,0.0,0.0,2.8012325763702393,139.18336486816406
2884,114.26168933569068,22.310356329691327,0.0,0.0,1.0489868522423063e-12,0.0,0.0,0.0,4.190821170806885,1982.4595947265625
2885,114.26175460812,22.305949362650857,0.0,0.0,1.1221652947146499e-12,0.0,0.0,0.0,4.8410820960998535,2489.810302734375
2886,114.26175460812,22.305949362650857,0.0,0.0,1.1221652947146499e-12,0.0,0.0,0.0,4.8410820960998535,2489.810302734375
2887,114.26175460812,22.305949362650857,0.0,0.0,1.1221652947146499e-12,0.0,0.0,0.0,4.8410820960998535,2489.810302734375
2888,114.26168933569068,22.310356329691327,0.0,0.0,1.0489868522423063e-12,0.0,0.0,0.0,4.190821170806885,1982.4595947265625
2889,114.26168933569068,22.310356329691327,0.0,0.0,1.0489868522423063e-12,0.0,0.0,0.0,4.190821170806885,1982.4595947265625
2890,114.17715587595008,22.337641877656683,0.0,0.0,0.9040488004684448,0.0,0.0,0.0,3.141533374786377,108.06913757324219
2891,114.17715587595008,22.337641877656683,0.0,0.0,0.9040488004684448,0.0,0.0,0.0,3.141533374786377,108.06913757324219
2892,114.17715587595008,22.337641877656683,0.0,0.0,0.9040488004684448,0.0,0.0,0.0,3.141533374786377,108.06913757324219
2893,114.26232608348283,22.304106819347425,0.0,0.0,1.7010719005269848e-12,0.0,0.0,0.0,4.701931953430176,2259.457763671875
2894,114.20091114719098,22.2908344905308,4.787213160606374e-12,1.8557319309692177e-12,3.685342788696289,0.0,0.00012479264114517719,0.0,2.8834304809570312,166.6280517578125
2895,114.20091114719098,22.2908344905308,4.787213160606374e-12,1.8557319309692177e-12,3.685342788696289,0.0,0.00012479264114517719,0.0,2.8834304809570312,166.6280517578125
2896,114.20091114719098,22.2908344905308,4.787213160606374e-12,1.8557319309692177e-12,3.685342788696289,0.0,0.00012479264114517719,0.0,2.8834304809570312,166.6280517578125
2897,114.26232608348283,22.304106819347425,0.0,0.0,1.7010719005269848e-12,0.0,0.0,0.0,4.701931953430176,2259.457763671875
2898,114.2139514596909,22.283806202554928,15.115832328796387,30.430133819580078,0.0,0.0,0.0,0.0,2.7690987586975098,131.574462890625
2899,114.20995879878797,22.38795669020934,4.9917448646796814e-11,3.741651357237058e-13,7.354187488555908,0.0,0.0,0.0,5.309034824371338,645.7510375976562
2900,114.20995879878797,22.38795669020934,4.9917448646796814e-11,3.741651357237058e-13,7.354187488555908,0.0,0.0,0.0,5.309034824371338,645.7510375976562
2901,114.27113354396312,22.2972657693261,0.0,0.0,7.629861911544189e-13,0.0,0.0,0.0,4.106557369232178,174.83563232421875
2902,114.2270037917528,22.31410040605111,0.0,0.0,1.6230629062974344e-09,0.0,0.0,0.0,2.9218077659606934,141.05453491210938
2903,114.17720440708244,22.335754487322266,0.0,0.0,1.5536619300121624e-12,0.0,0.0,0.0,2.763507604598999,112.17959594726562
2904,114.22513736516902,22.41813279880852,0.0,3.3351128204750025e-15,1.3079970440088573e-10,0.0,54.3241081237793,0.0,4.177520275115967,2110.51123046875
2905,114.22513736516902,22.41813279880852,0.0,3.3351128204750025e-15,1.3079970440088573e-10,0.0,54.3241081237793,0.0,4.177520275115967,2110.51123046875
2906,114.18277323934,22.263843582156337,0.0,0.0,0.0,0.0,0.0,0.0,8.073394775390625,37.69826126098633
2907,114.18277323934,22.263843582156337,0.0,0.0,0.0,0.0,0.0,0.0,8.073394775390625,37.69826126098633
2908,114.18277323934,22.263843582156337,0.0,0.0,0.0,0.0,0.0,0.0,8.073394775390625,37.69826126098633
2909,114.14863519595998,22.24504843007682,2.575100506094219e-13,0.0,3.6307710310490293e-12,0.0,3.573496512809393e-35,0.0,3.1542553901672363,317.42181396484375
2910,114.05068867973388,22.44693404105238,0.0,0.0,0.0,0.0,0.0,0.0,7.134440898895264,23.048128128051758
2911,114.1283085487362,22.3672548341696,0.0,0.0,1.9449745416641235,0.0,9.257897183242991e-13,0.0,2.977295160293579,78.37535095214844
2912,114.0044264859294,22.462920242322244,14.675867080688477,5.804992988037161e-13,0.0,0.0,0.0,0.0,4.083693981170654,95.5348892211914
2913,114.19242922837871,22.2851823536284,0.0,1.5716288066422966e-14,4.755111235321685e-11,1.2799678394881631e-22,0.0,0.0,2.85487699508667,125.59158325195312
2914,114.20180440845976,22.34816056516489,2.1547735817861735e-11,0.000992930494248867,1.7215512153616108e-40,0.0,0.001609434955753386,0.0,2.8940396308898926,94.86589050292969
2915,114.17559189998065,22.462669210769924,129.3649444580078,35.103572845458984,0.0,0.0,0.0,0.0,3.9339773654937744,27.649234771728516
2916,113.97811390667832,22.40287374660827,0.0,0.0,1.1435940389104005e-10,0.0,0.0,0.0,2.6745407581329346,81.79137420654297
2917,114.11502803054644,22.36323171810752,6.720531249559958e-12,8.707949292197092e-12,0.0,0.0,0.0,0.0,4.934030532836914,87.78758239746094
2918,114.13954920970818,22.48642394170753,2.4400289080905857e-11,0.0,0.0,0.0,0.0,0.0,3.7531306743621826,64.15487670898438
2919,114.13954920970818,22.48642394170753,2.4400289080905857e-11,0.0,0.0,0.0,0.0,0.0,3.7531306743621826,64.15487670898438
2920,114.0165836356124,22.308095907557867,10.155163764953613,6.265664100646973,0.0,0.0,175.4879913330078,0.0,5.553892135620117,61.27237319946289
2921,114.13954920970818,22.48642394170753,2.4400289080905857e-11,0.0,0.0,0.0,0.0,0.0,3.7531306743621826,64.15487670898438
2922,114.26254899863471,22.303619049058323,0.0,0.0,1.8272707565797353e-12,0.0,0.0,0.0,4.689084053039551,2038.4949951171875
2923,114.01402628109084,22.303948323601645,2.3490445699714257e-12,0.0,0.0,0.0,0.007413927931338549,0.0,4.046798229217529,97.42522430419922
2924,114.17407990525577,22.27524937837172,0.0,0.0,1.7988820155689922e-10,0.0,0.0,0.0,3.129122734069824,132.00070190429688
2925,114.21023037980842,22.38662011769169,1.1199046030807569e-11,3.7475320698206194e-13,8.549592018127441,0.0,0.0,0.0,5.929347991943359,328.9114990234375
2926,114.21651309916948,22.28349855506863,7.555540084838867,0.002457038965076208,0.0,0.0,0.0,0.0,2.9643192291259766,109.69178771972656
2927,114.21651309916948,22.28349855506863,7.555540084838867,0.002457038965076208,0.0,0.0,0.0,0.0,2.9643192291259766,109.69178771972656
2928,114.21651309916948,22.28349855506863,7.555540084838867,0.002457038965076208,0.0,0.0,0.0,0.0,2.9643192291259766,109.69178771972656
2929,114.10567959261292,22.360618052676468,3.9440792853895346e-09,0.0,7.5730390548706055,0.0,0.0,0.0,4.597779750823975,1952.5584716796875
2930,114.16521620113056,22.33499550306185,3.2665317672986305e-10,0.0,0.0,0.0,1.2876279209539376e-10,0.0,3.6292684078216553,102.04425048828125
2931,114.18746445333706,22.33102211557169,0.0,0.0,9.749266624450684,0.0,1.446189197042147e-12,0.0,2.119771957397461,110.2706069946289
2932,114.13690568585714,22.35173367,0.0,0.0,27.70708656311035,0.0,0.0,0.0,2.872727155685425,17.28078269958496
2933,114.13690568585714,22.35173367,0.0,0.0,27.70708656311035,0.0,0.0,0.0,2.872727155685425,17.28078269958496
2934,114.26254899863471,22.303619049058323,0.0,0.0,1.8272707565797353e-12,0.0,0.0,0.0,4.689084053039551,2038.4949951171875
2935,114.1907675994254,22.2618473176315,0.0,0.0,0.0,0.0,0.0,0.0,5.431579113006592,31.308319091796875
2936,114.02453635801126,22.447010819055425,0.0,0.0,0.0,0.0,0.0,0.0,2.9557056427001953,125.35474395751953
2937,114.02453635801126,22.447010819055425,0.0,0.0,0.0,0.0,0.0,0.0,2.9557056427001953,125.35474395751953
2938,114.02453635801126,22.447010819055425,0.0,0.0,0.0,0.0,0.0,0.0,2.9557056427001953,125.35474395751953
2939,114.18593899313578,22.30795807059654,0.0,0.0,0.0,4.24190751968645e-11,5.553069397541688e-13,0.0,2.261715888977051,1039.2099609375
2940,113.93209957784713,22.27511015623676,0.0,0.0,0.0,0.0,0.0,0.0,3.9275567531585693,50.72808074951172
2941,114.05068867973388,22.44693404105238,0.0,0.0,0.0,0.0,0.0,0.0,7.134440898895264,23.048128128051758
2942,114.18819146178474,22.318677251996228,0.0,0.0,1.9468808770667758e-15,0.0,0.0,0.0,2.8092663288116455,163.08541870117188
2943,114.18555158933948,22.320889911005324,7.767988204956055,3.142540216445923,0.0,0.0,0.0,0.0,2.8834354877471924,107.14619445800781
2944,114.1417953448216,22.28708478630354,0.0,0.0,0.0,0.0,0.0,0.0,3.3968160152435303,168.9394989013672
2945,114.16206451186528,22.305519390198707,60.39592742919922,70.40562438964844,0.0,4614.68408203125,23.308029174804688,0.0,6.022671699523926,2049.961669921875
2946,114.16206451186528,22.305519390198707,60.39592742919922,70.40562438964844,0.0,4614.68408203125,23.308029174804688,0.0,6.022671699523926,2049.961669921875
2947,114.1417953448216,22.28708478630354,0.0,0.0,0.0,0.0,0.0,0.0,3.3968160152435303,168.9394989013672
2948,114.03063893191452,22.445409044743144,0.0,0.0,9.618281865408917e-12,0.0,0.0,0.0,3.0501902103424072,152.6137237548828
2949,114.05068867973388,22.44693404105238,0.0,0.0,0.0,0.0,0.0,0.0,7.134440898895264,23.048128128051758
2950,114.05068867973388,22.44693404105238,0.0,0.0,0.0,0.0,0.0,0.0,7.134440898895264,23.048128128051758
2951,114.18480425618178,22.32149499917581,15.09487247467041,4.325619697570801,0.0,0.0,0.0,0.0,3.2281482219696045,96.48673248291016
2952,114.1417953448216,22.28708478630354,0.0,0.0,0.0,0.0,0.0,0.0,3.3968160152435303,168.9394989013672
2953,114.18277323934,22.263843582156337,0.0,0.0,0.0,0.0,0.0,0.0,8.073394775390625,37.69826126098633
2954,114.14673405545396,22.334658993128507,0.0,0.0,0.0,0.0,0.0,0.0,4.431192874908447,1652.6702880859375
2955,114.14673405545396,22.334658993128507,0.0,0.0,0.0,0.0,0.0,0.0,4.431192874908447,1652.6702880859375
2956,114.18277323934,22.263843582156337,0.0,0.0,0.0,0.0,0.0,0.0,8.073394775390625,37.69826126098633
2957,114.22590551487238,22.42051661440804,0.0,12.37460994720459,7.067143398264975e-11,0.0,68.76715850830078,0.0,3.9874346256256104,2934.953125
2958,114.18277323934,22.263843582156337,0.0,0.0,0.0,0.0,0.0,0.0,8.073394775390625,37.69826126098633
2959,114.01985450053078,22.43777723128268,0.0,0.0,0.0,0.0,0.0,0.0,4.948948860168457,64.95335388183594
2960,114.2374730766997,22.262026240643788,2.9332919014753156e-13,0.0,0.0,0.0,0.0,0.0,2.410959005355835,71.41397857666016
2961,114.2493889456363,22.2655342791241,0.0,0.0,0.0,0.0,0.0,0.0,3.5148110389709473,350.19671630859375
2962,113.9687203231499,22.410980305155267,0.0,0.0,0.0,0.0,0.0,0.0,5.036190509796143,53.49858474731445
2963,113.9687203231499,22.410980305155267,0.0,0.0,0.0,0.0,0.0,0.0,5.036190509796143,53.49858474731445
2964,113.96932848878104,22.37420901324027,23.42290687561035,64.70651245117188,0.0,0.0,25.81467628479004,0.0,3.2814910411834717,836.0433349609375
2965,113.96932848878104,22.37420901324027,23.42290687561035,64.70651245117188,0.0,0.0,25.81467628479004,0.0,3.2814910411834717,836.0433349609375
2966,113.96932848878104,22.37420901324027,23.42290687561035,64.70651245117188,0.0,0.0,25.81467628479004,0.0,3.2814910411834717,836.0433349609375
2967,114.20894582530156,22.289830700023177,8.151659965515137,34.47235870361328,18.18344497680664,0.0,7.763044357299805,0.0,3.4763996601104736,184.48471069335938
2968,113.9687203231499,22.410980305155267,0.0,0.0,0.0,0.0,0.0,0.0,5.036190509796143,53.49858474731445
2969,114.18272473018732,22.26387970654884,0.0,0.0,0.0,0.0,0.0,0.0,8.07902717590332,37.5562629699707
2970,114.2493889456363,22.2655342791241,0.0,0.0,0.0,0.0,0.0,0.0,3.5148110389709473,350.19671630859375
2971,114.18272473018732,22.26387970654884,0.0,0.0,0.0,0.0,0.0,0.0,8.07902717590332,37.5562629699707
2972,114.1536062235718,22.278408465821,15.081341743469238,3.6502175331115723,2.470543040977713e-11,0.0,7.763043403625488,0.0,3.8656582832336426,106.81245422363281
2973,114.12471731024432,22.50307662003165,0.0,1.964860218972575e-11,0.0,0.0,0.0,0.0,4.106081962585449,66.92927551269531
2974,114.20894582530156,22.289830700023177,8.151659965515137,34.47235870361328,18.18344497680664,0.0,7.763044357299805,0.0,3.4763996601104736,184.48471069335938
2975,114.13910718266916,22.287933062966776,0.0,2.720187898715143e-13,0.0,0.0,0.0,0.0,3.941056966781616,315.5506591796875
2976,114.1463569710328,22.283067075650465,0.0,0.0,0.0,0.0,8.230816744315972e-13,0.0,3.7070116996765137,114.43692779541016
2977,114.18974680321992,22.344685208019943,0.0,0.0,0.00010906373063335195,0.0,0.0,0.0,2.8898377418518066,63.8024787902832
2978,114.1788545205962,22.32927051874457,0.0,0.0,0.0,0.0,0.0,0.0,2.0112464427948,121.79773712158203
2979,114.16778156473256,22.44325350281891,125.07936096191406,249.97430419921875,121.13117980957031,1.1217261027514111e-35,321.77423095703125,418.2413635253906,4.067190170288086,179.7727508544922
2980,114.16778156473256,22.44325350281891,125.07936096191406,249.97430419921875,121.13117980957031,1.1217261027514111e-35,321.77423095703125,418.2413635253906,4.067190170288086,179.7727508544922
2981,114.17919378925173,22.301709126610096,7.856107711791992,77.22512817382812,0.0,171.59487915039062,38.72014617919922,0.0,4.2339677810668945,224.09886169433594
2982,114.2157284096958,22.3232153717829,0.0,0.0,0.0,0.0,0.0,0.0,2.9697494506835938,116.1913833618164
2983,114.13327557838116,22.28672149892206,9.996952918256419e-12,3.9536516421856405e-12,0.0,0.0,0.0,0.0,3.2042553424835205,150.6773681640625
2984,114.13910718266916,22.287933062966776,0.0,2.720187898715143e-13,0.0,0.0,0.0,0.0,3.941056966781616,315.5506591796875
2985,114.15900537058252,22.32177416375984,0.0,0.0,0.0,0.0,0.0,0.0,4.285928249359131,1578.9501953125
2986,114.15900537058252,22.32177416375984,0.0,0.0,0.0,0.0,0.0,0.0,4.285928249359131,1578.9501953125
2987,114.15900537058252,22.32177416375984,0.0,0.0,0.0,0.0,0.0,0.0,4.285928249359131,1578.9501953125
2988,114.2157284096958,22.3232153717829,0.0,0.0,0.0,0.0,0.0,0.0,2.9697494506835938,116.1913833618164
2989,114.19225421573734,22.28201261782409,0.0,0.0,4.26713490930819e-11,1.2318731989073727e-22,0.0,0.0,2.995758295059204,87.00814819335938
2990,114.2157284096958,22.3232153717829,0.0,0.0,0.0,0.0,0.0,0.0,2.9697494506835938,116.1913833618164
2991,114.19225421573734,22.28201261782409,0.0,0.0,4.26713490930819e-11,1.2318731989073727e-22,0.0,0.0,2.995758295059204,87.00814819335938
2992,114.17135974910973,22.36094966410976,0.0,1.9388990413204965e-10,5.002023795164234e-10,0.0,0.0,0.0,5.926315784454346,50.73988723754883
2993,114.0777791578366,22.425361122149265,0.0,0.0,0.0,0.0,0.0,0.0,6.830663681030273,93.94297790527344
2994,113.94814096593704,22.29142470783304,0.0,0.0,0.0,0.0,0.0,0.0,4.888307094573975,1127.6964111328125
2995,114.25005709883928,22.263032489105576,0.0,0.0,0.0,0.0,0.0,0.0,2.981632709503174,256.16815185546875
2996,114.17135974910973,22.36094966410976,0.0,1.9388990413204965e-10,5.002023795164234e-10,0.0,0.0,0.0,5.926315784454346,50.73988723754883
2997,114.17135974910973,22.36094966410976,0.0,1.9388990413204965e-10,5.002023795164234e-10,0.0,0.0,0.0,5.926315784454346,50.73988723754883
2998,114.17603990535598,22.273407148236632,0.0,0.0,0.0,0.0,0.0,0.0,3.8240344524383545,72.67387390136719
2999,114.18614444556673,22.33272897652568,0.0,0.0,23.886167526245117,0.0,4.764414778704378e-44,0.0,2.994805097579956,69.48588562011719
3000,114.18619292457154,22.331898160365235,0.0,0.0,19.369735717773438,0.0,2.7307899348422613e-24,0.0,2.746666669845581,82.92745971679688
3001,114.18619292457154,22.331898160365235,0.0,0.0,19.369735717773438,0.0,2.7307899348422613e-24,0.0,2.746666669845581,82.92745971679688
3002,114.1263306860167,22.49366272396156,12.508112907409668,3.830425262451172,0.0,0.0,0.0,0.0,4.752178192138672,63.411033630371094
3003,114.1263306860167,22.49366272396156,12.508112907409668,3.830425262451172,0.0,0.0,0.0,0.0,4.752178192138672,63.411033630371094
3004,113.96524997863796,22.37449270786871,110.1482925415039,115.38668823242188,0.0,0.0,38.34916305541992,0.0,3.5100865364074707,865.7228393554688
3005,114.19156776028905,22.30570903537316,11.31843090057373,8.499834060668945,6.846835164803222e-12,3.260126543724873e-11,4.890748396546574e-12,0.0,2.391634941101074,1908.78173828125
3006,114.19156776028905,22.30570903537316,11.31843090057373,8.499834060668945,6.846835164803222e-12,3.260126543724873e-11,4.890748396546574e-12,0.0,2.391634941101074,1908.78173828125
3007,114.1225205403287,22.37054914136613,0.0,5.661290186642631e-11,5.3571640291137757e-42,0.0,1.9292556402152037e-26,0.0,3.0884718894958496,104.73912811279297
3008,114.1458028924029,22.33144393166404,0.0,0.0,0.0,0.0,0.0,0.0,7.043405532836914,1383.740478515625
3009,114.0604600017447,22.367418947070128,0.0,0.0,75.01556396484375,0.0,1.0730432167815884e-11,0.0,5.624284267425537,627.8283081054688
3010,114.21397307351948,22.328850869030127,4.0767026595321144e-15,2.6930489540100098,3.158640666731105e-12,0.0,31.072599411010742,0.0,3.7233848571777344,168.34466552734375
3011,114.10257582480236,22.37316910397752,5.884394534139137e-12,0.0,1.4993893568275543e-42,0.0,23.25855827331543,0.0,6.565642356872559,945.7555541992188
3012,114.00254221347384,22.462430575734057,1.2582378985825926e-05,8.157943721595617e-13,0.0,0.0,0.0,0.0,5.01175594329834,105.52745056152344
3013,114.10257582480236,22.37316910397752,5.884394534139137e-12,0.0,1.4993893568275543e-42,0.0,23.25855827331543,0.0,6.565642356872559,945.7555541992188
3014,114.10257582480236,22.37316910397752,5.884394534139137e-12,0.0,1.4993893568275543e-42,0.0,23.25855827331543,0.0,6.565642356872559,945.7555541992188
3015,114.00254221347384,22.462430575734057,1.2582378985825926e-05,8.157943721595617e-13,0.0,0.0,0.0,0.0,5.01175594329834,105.52745056152344
3016,114.00254221347384,22.462430575734057,1.2582378985825926e-05,8.157943721595617e-13,0.0,0.0,0.0,0.0,5.01175594329834,105.52745056152344
3017,114.27108372277976,22.324249218096,0.0,0.0,6.315834899343897e-13,0.0,0.0,0.0,5.459090709686279,38.31117630004883
3018,114.14056113811635,22.36927185361241,0.0,0.0,2.114505402370237e-12,0.0,0.0,0.0,2.3394737243652344,105.55500793457031
3019,114.27108372277976,22.324249218096,0.0,0.0,6.315834899343897e-13,0.0,0.0,0.0,5.459090709686279,38.31117630004883
3020,114.22676254576064,22.31801975913121,0.0,0.0,1.7955305645078745e-11,0.0,0.0,0.0,3.3711133003234863,105.14442443847656
3021,114.17222058511588,22.45940916175196,96.21483612060547,137.97393798828125,4.497312799944808e-10,401.30877685546875,178.29074096679688,921.0294799804688,3.1222708225250244,58.06388854980469
3022,114.19999796555452,22.284729918197627,0.0,1.7049977965935548e-12,0.0,0.0,0.0,0.0,3.8205883502960205,51.6676139831543
3023,114.19999796555452,22.284729918197627,0.0,1.7049977965935548e-12,0.0,0.0,0.0,0.0,3.8205883502960205,51.6676139831543
3024,114.22676254576064,22.31801975913121,0.0,0.0,1.7955305645078745e-11,0.0,0.0,0.0,3.3711133003234863,105.14442443847656
3025,114.1489486514016,22.32764262820645,0.0,0.0,1.4105200514535898e-11,5.657982762863334e-11,0.0,0.0,5.757644176483154,228.34230041503906
3026,114.20843586475826,22.39525364971925,0.0,3.2902155934662336e-13,86.6876220703125,0.0,0.0,0.0,6.418181896209717,305.91827392578125
3027,114.20843586475826,22.39525364971925,0.0,3.2902155934662336e-13,86.6876220703125,0.0,0.0,0.0,6.418181896209717,305.91827392578125
3028,114.20843586475826,22.39525364971925,0.0,3.2902155934662336e-13,86.6876220703125,0.0,0.0,0.0,6.418181896209717,305.91827392578125
3029,114.1990124897104,22.373256864959817,34.38872146606445,24.673131942749023,78.42151641845703,0.0,131.7455596923828,0.0,4.709141254425049,54.2127571105957
3030,114.1990124897104,22.373256864959817,34.38872146606445,24.673131942749023,78.42151641845703,0.0,131.7455596923828,0.0,4.709141254425049,54.2127571105957
3031,114.1990124897104,22.373256864959817,34.38872146606445,24.673131942749023,78.42151641845703,0.0,131.7455596923828,0.0,4.709141254425049,54.2127571105957
3032,114.1909862536823,22.313592805445072,4.234319058576963e-12,2.3837143196814292e-12,7.2727390298458e-43,0.0,0.0,0.0,2.6559019088745117,702.30322265625
3033,114.1909862536823,22.313592805445072,4.234319058576963e-12,2.3837143196814292e-12,7.2727390298458e-43,0.0,0.0,0.0,2.6559019088745117,702.30322265625
3034,114.25751733937288,22.312616108081432,0.0,0.0,0.0,0.0,0.0,0.0,5.247716903686523,1115.6158447265625
3035,114.17263117886024,22.375245047468404,0.1692797988653183,6.253721714019775,4.445980250622483e-10,0.0,69.50386810302734,0.0,4.564102649688721,64.38543701171875
3036,114.17263117886024,22.375245047468404,0.1692797988653183,6.253721714019775,4.445980250622483e-10,0.0,69.50386810302734,0.0,4.564102649688721,64.38543701171875
3037,114.17263117886024,22.375245047468404,0.1692797988653183,6.253721714019775,4.445980250622483e-10,0.0,69.50386810302734,0.0,4.564102649688721,64.38543701171875
3038,113.97811390667832,22.40287374660827,0.0,0.0,1.1435940389104005e-10,0.0,0.0,0.0,2.6745407581329346,81.79137420654297
3039,114.1489486514016,22.32764262820645,0.0,0.0,1.4105200514535898e-11,5.657982762863334e-11,0.0,0.0,5.757644176483154,228.34230041503906
3040,114.2161836103148,22.285033842723585,7.574481010437012,0.001292732427828014,0.0,0.0,0.0,0.0,2.6467552185058594,141.99717712402344
3041,114.2154966844385,22.32765847574318,0.0,0.0,1.5693458902191204e-12,0.0,30.72038459777832,0.0,3.339539051055908,98.8766860961914
3042,114.2154966844385,22.32765847574318,0.0,0.0,1.5693458902191204e-12,0.0,30.72038459777832,0.0,3.339539051055908,98.8766860961914
3043,114.16079132581196,22.321539554891856,3.082009317319169e-16,0.0,0.0,0.0,0.0,0.0,3.0669455528259277,1413.0091552734375
3044,114.16079132581196,22.321539554891856,3.082009317319169e-16,0.0,0.0,0.0,0.0,0.0,3.0669455528259277,1413.0091552734375
3045,114.15881108940424,22.2472804528814,36.70718002319336,9.841033935546875,0.0,0.0,4.37946228760977e-13,0.0,3.5622687339782715,63.52883529663086
3046,114.15881108940424,22.2472804528814,36.70718002319336,9.841033935546875,0.0,0.0,4.37946228760977e-13,0.0,3.5622687339782715,63.52883529663086
3047,114.24817434339698,22.261940617845152,0.0,0.0,0.0,0.0,0.0,0.0,3.3346993923187256,90.66690063476562
3048,114.24817434339698,22.261940617845152,0.0,0.0,0.0,0.0,0.0,0.0,3.3346993923187256,90.66690063476562
3049,114.24817434339698,22.261940617845152,0.0,0.0,0.0,0.0,0.0,0.0,3.3346993923187256,90.66690063476562
3050,113.94224844971411,22.29274379198019,0.0,0.0,0.0,0.0,0.0,0.0,5.29938268661499,823.4423828125
3051,113.94224844971411,22.29274379198019,0.0,0.0,0.0,0.0,0.0,0.0,5.29938268661499,823.4423828125
3052,114.1238426628962,22.494176657576627,3.4503726959228516,1.6768508359632506e-08,1.8216880036222622e-44,0.0,0.0,0.0,5.435821056365967,53.637489318847656
3053,114.1076596069565,22.34213336671556,2.4690654658625008e-14,0.0,20.01782989501953,0.0,0.0,0.0,5.5507073402404785,747.958740234375
3054,114.1076596069565,22.34213336671556,2.4690654658625008e-14,0.0,20.01782989501953,0.0,0.0,0.0,5.5507073402404785,747.958740234375
3055,114.2154966844385,22.32765847574318,0.0,0.0,1.5693458902191204e-12,0.0,30.72038459777832,0.0,3.339539051055908,98.8766860961914
3056,114.1076596069565,22.34213336671556,2.4690654658625008e-14,0.0,20.01782989501953,0.0,0.0,0.0,5.5507073402404785,747.958740234375
3057,114.184589959435,22.30770528374472,0.0,0.0,0.0,4.458549154873204e-11,1.049831228894238e-12,0.0,2.29965877532959,977.682373046875
3058,114.184589959435,22.30770528374472,0.0,0.0,0.0,4.458549154873204e-11,1.049831228894238e-12,0.0,2.29965877532959,977.682373046875
3059,114.17822361827596,22.33229577030724,0.0,0.0,2.0149908217664825e-12,0.0,0.0,0.0,1.3259615898132324,130.75009155273438
3060,114.17822361827596,22.33229577030724,0.0,0.0,2.0149908217664825e-12,0.0,0.0,0.0,1.3259615898132324,130.75009155273438
3061,114.24344108074128,22.428150118048123,1.9038969619605828e-14,1.6140592280691063e-13,0.0,0.0,1.2621092322293026e-12,0.0,5.496139049530029,63.414512634277344
3062,114.24344108074128,22.428150118048123,1.9038969619605828e-14,1.6140592280691063e-13,0.0,0.0,1.2621092322293026e-12,0.0,5.496139049530029,63.414512634277344
3063,114.22810563460747,22.328088445619933,1.2100048610644287e-12,3.007591724395752,1.691131609748986e-11,0.0,128.5443878173828,0.0,3.280942916870117,74.88668823242188
3064,114.16383377642416,22.273578212653216,2.7332535106755484e-12,8.201897494508614e-12,0.012515682727098465,0.0,4.296202282816353e-12,0.0,5.118768215179443,35.910865783691406
3065,114.25193101305123,22.356417067343195,0.0,0.0,0.0,0.0,0.0,0.0,5.320000171661377,82.01335144042969
3066,114.25193101305123,22.356417067343195,0.0,0.0,0.0,0.0,0.0,0.0,5.320000171661377,82.01335144042969
3067,114.21062594768408,22.536344654281766,30.457971572875977,12.646111488342285,0.0,0.0,3.90283494411392e-09,0.0,7.173553943634033,46.02064514160156
3068,114.25005709883928,22.263032489105576,0.0,0.0,0.0,0.0,0.0,0.0,2.981632709503174,256.16815185546875
3069,114.22810530458594,22.327185387431378,1.2096081514895163e-12,7.775355012618057e-12,1.7752537287418768e-11,0.0,98.99847412109375,0.0,3.2519919872283936,85.31411743164062
3070,114.22810530458594,22.327185387431378,1.2096081514895163e-12,7.775355012618057e-12,1.7752537287418768e-11,0.0,98.99847412109375,0.0,3.2519919872283936,85.31411743164062
3071,114.22810530458594,22.327185387431378,1.2096081514895163e-12,7.775355012618057e-12,1.7752537287418768e-11,0.0,98.99847412109375,0.0,3.2519919872283936,85.31411743164062
3072,114.15102446351658,22.282363495080933,7.488630294799805,7.986206583154853e-06,3.416007754442063e-11,57.27338409423828,15.509698867797852,0.0,3.1685214042663574,167.83740234375
3073,114.15102446351658,22.282363495080933,7.488630294799805,7.986206583154853e-06,3.416007754442063e-11,57.27338409423828,15.509698867797852,0.0,3.1685214042663574,167.83740234375
3074,114.19360329452311,22.284595245437306,0.0,3.681496131828261e-26,6.430476290342213e-11,1.281574843815407e-22,0.0,0.0,2.8049001693725586,105.72759246826172
3075,114.19360329452311,22.284595245437306,0.0,3.681496131828261e-26,6.430476290342213e-11,1.281574843815407e-22,0.0,0.0,2.8049001693725586,105.72759246826172
3076,114.00067295838709,22.26475962215704,0.0,0.0,4.667197075862439e-13,0.0,0.0,0.0,3.987220525741577,49.260704040527344
3077,114.26446182651232,22.30517129096528,0.0,0.0,2.0702504380937237e-12,0.0,0.0,0.0,5.111999988555908,1720.8956298828125
3078,114.17996937020403,22.26596586449182,0.0,0.0,3.678090810775757,0.0,0.0,0.0,7.435855388641357,44.4741325378418
3079,113.95860209237593,22.23495265194168,0.0,0.0,0.0,0.0,0.0,0.0,6.212418079376221,19.942276000976562
3080,114.17996937020403,22.26596586449182,0.0,0.0,3.678090810775757,0.0,0.0,0.0,7.435855388641357,44.4741325378418
3081,114.13862042721304,22.257969271118355,26.0578556060791,63.2596549987793,0.0,0.0,23.307926177978516,0.0,3.907228946685791,57.71534729003906
3082,114.19103135397802,22.37558763948525,84.97457885742188,66.74689483642578,36.21466827392578,0.0,41.31911087036133,0.0,4.508735656738281,64.47119140625
3083,114.10476710759453,22.37920248596769,56.61224365234375,96.88348388671875,0.0,1.0960780026658679e-11,47.822418212890625,0.0,4.130044937133789,53.25212860107422
3084,114.13862042721304,22.257969271118355,26.0578556060791,63.2596549987793,0.0,0.0,23.307926177978516,0.0,3.907228946685791,57.71534729003906
3085,113.96477458722836,22.387053485035903,67.65571594238281,7.3389214705343875e-09,0.0,0.0,3.5689041999464877e-11,0.0,5.348925590515137,94.80304718017578
3086,113.96477458722836,22.387053485035903,67.65571594238281,7.3389214705343875e-09,0.0,0.0,3.5689041999464877e-11,0.0,5.348925590515137,94.80304718017578
3087,114.26446182651232,22.30517129096528,0.0,0.0,2.0702504380937237e-12,0.0,0.0,0.0,5.111999988555908,1720.8956298828125
3088,114.0197776309877,22.43702763014051,0.0,0.0,0.0,0.0,0.0,0.0,5.847635746002197,66.2967300415039
3089,114.0197776309877,22.43702763014051,0.0,0.0,0.0,0.0,0.0,0.0,5.847635746002197,66.2967300415039
3090,114.18630957804788,22.334435746320565,0.0,0.0,101.65294647216797,0.0,0.0,0.0,3.5852129459381104,58.50212097167969
3091,114.15817861461522,22.33482326488321,0.0,0.0,0.0,0.0,0.0,0.0,3.1577465534210205,140.1693878173828
3092,114.20516146939504,22.290698344839896,3.1726017646338533e-11,0.012640462256968021,3.6865546703338623,0.0,18.432676315307617,0.0,3.5960679054260254,132.76641845703125
3093,114.19334112859784,22.283150370931978,0.0,0.0,6.21091580943478e-11,1.259469572855921e-22,0.0,0.0,2.9884331226348877,84.22615051269531
3094,114.1914128409464,22.30918583328776,2.9680155902434002e-12,0.0,3.914269949834015e-12,1.3104341396730224e-11,0.0,0.0,2.710259199142456,1582.1409912109375
3095,114.1676531740467,22.32729257354797,5.33102173516653e-10,2.997774806168252e-10,0.0,0.0,2.074556637587932e-10,0.0,2.706310749053955,129.59286499023438
3096,114.18798842083164,22.32852963947733,7.372410237849181e-08,0.0,7.561581704751755e-14,0.0,2.6611584030139523e-12,0.0,2.42924165725708,154.73321533203125
3097,114.18798842083164,22.32852963947733,7.372410237849181e-08,0.0,7.561581704751755e-14,0.0,2.6611584030139523e-12,0.0,2.42924165725708,154.73321533203125
3098,114.14456112265786,22.28615520477417,0.0,0.0,0.0,0.0,0.0,0.0,2.558441638946533,165.81396484375
3099,114.1914128409464,22.30918583328776,2.9680155902434002e-12,0.0,3.914269949834015e-12,1.3104341396730224e-11,0.0,0.0,2.710259199142456,1582.1409912109375
3100,114.1914128409464,22.30918583328776,2.9680155902434002e-12,0.0,3.914269949834015e-12,1.3104341396730224e-11,0.0,0.0,2.710259199142456,1582.1409912109375
3101,114.14456112265786,22.28615520477417,0.0,0.0,0.0,0.0,0.0,0.0,2.558441638946533,165.81396484375
3102,114.12701813602372,22.28262882395462,0.0,0.0,0.0,0.0,0.0,0.0,2.503833532333374,124.73657989501953
3103,113.9737740002984,22.38196281102629,1.1051862550126579e-11,1.3448879163102667e-11,0.0,0.0,1.6466099317380412e-12,0.0,3.7199230194091797,300.29461669921875
3104,113.95410165976116,22.296002467069687,0.0,0.0,0.0,0.0,0.0,0.0,4.935240745544434,603.5972900390625
3105,113.95410165976116,22.296002467069687,0.0,0.0,0.0,0.0,0.0,0.0,4.935240745544434,603.5972900390625
3106,113.95410165976116,22.296002467069687,0.0,0.0,0.0,0.0,0.0,0.0,4.935240745544434,603.5972900390625
3107,114.19334112859784,22.283150370931978,0.0,0.0,6.21091580943478e-11,1.259469572855921e-22,0.0,0.0,2.9884331226348877,84.22615051269531
3108,114.19985362333226,22.292126023373257,0.0,1.644352514394709e-12,3.691399574279785,0.0,31.006916046142578,0.0,3.6714744567871094,207.5220947265625
3109,114.19989029099052,22.3970973176109,1.695556715863855e-11,0.0,0.0,0.0,3.597136043892446e-12,0.0,5.627906799316406,114.35021209716797
3110,114.19989029099052,22.3970973176109,1.695556715863855e-11,0.0,0.0,0.0,3.597136043892446e-12,0.0,5.627906799316406,114.35021209716797
3111,114.2515652394058,22.307670191558657,0.0,0.0,0.0,0.0,0.0,0.0,4.213701248168945,1271.0548095703125
3112,114.2515652394058,22.307670191558657,0.0,0.0,0.0,0.0,0.0,0.0,4.213701248168945,1271.0548095703125
3113,114.17698113920297,22.331483023966392,0.0,0.0,1.1387927276521048e-12,0.0,0.0,0.0,1.4577465057373047,130.41842651367188
3114,114.17698113920297,22.331483023966392,0.0,0.0,1.1387927276521048e-12,0.0,0.0,0.0,1.4577465057373047,130.41842651367188
3115,114.22810563460747,22.328088445619933,1.2100048610644287e-12,3.007591724395752,1.691131609748986e-11,0.0,128.5443878173828,0.0,3.280942916870117,74.88668823242188
3116,114.20652721419144,22.46190792765858,1.4689891664199095e-11,22.245681762695312,0.0,57.38637924194336,246.73463439941406,0.0,4.915417671203613,49.21112823486328
3117,114.1676531740467,22.32729257354797,5.33102173516653e-10,2.997774806168252e-10,0.0,0.0,2.074556637587932e-10,0.0,2.706310749053955,129.59286499023438
3118,114.14218871697508,22.50117117238284,24.6072940826416,2.2171836171506684e-14,0.0,57.16082000732422,1.036922812461853,0.0,3.9037952423095703,85.55059814453125
3119,114.14218871697508,22.50117117238284,24.6072940826416,2.2171836171506684e-14,0.0,57.16082000732422,1.036922812461853,0.0,3.9037952423095703,85.55059814453125
3120,114.1881718120864,22.31573327881061,0.0,2.7671077235114083e-12,0.0,0.0,0.0,0.0,2.6719367504119873,201.0845184326172
3121,114.1881718120864,22.31573327881061,0.0,2.7671077235114083e-12,0.0,0.0,0.0,0.0,2.6719367504119873,201.0845184326172
3122,114.14218871697508,22.50117117238284,24.6072940826416,2.2171836171506684e-14,0.0,57.16082000732422,1.036922812461853,0.0,3.9037952423095703,85.55059814453125
3123,114.29456223171444,22.392360247008867,5.216432320820363e-12,0.0,0.0,0.0,0.0,0.0,9.0,23.853872299194336
3124,114.1264598277293,22.351261169767888,0.0,0.0,13.32076644897461,0.0,0.0,0.0,5.281138896942139,126.02265167236328
3125,114.1264598277293,22.351261169767888,0.0,0.0,13.32076644897461,0.0,0.0,0.0,5.281138896942139,126.02265167236328
3126,114.26446182651232,22.30517129096528,0.0,0.0,2.0702504380937237e-12,0.0,0.0,0.0,5.111999988555908,1720.8956298828125
3127,114.21328427419064,22.33027785736017,3.8573036193847656,22.7927188873291,3.573012328714209e-12,0.0,31.041973114013672,0.0,3.735783100128174,149.0797882080078
3128,114.21328427419064,22.33027785736017,3.8573036193847656,22.7927188873291,3.573012328714209e-12,0.0,31.041973114013672,0.0,3.735783100128174,149.0797882080078
3129,113.97725400096654,22.39976620787752,0.0,0.0,1.078593117598281e-10,0.0,0.0,0.0,2.7170355319976807,93.28970336914062
3130,114.16735415280614,22.44282904680255,70.09867858886719,230.2947998046875,124.09066772460938,0.0,353.15557861328125,921.6348876953125,4.146821975708008,124.70038604736328
3131,114.208058988188,22.31648020802972,0.0,0.0,0.0002044497086899355,0.0,0.0,0.0,4.870852947235107,283.5183410644531
3132,114.16735415280614,22.44282904680255,70.09867858886719,230.2947998046875,124.09066772460938,0.0,353.15557861328125,921.6348876953125,4.146821975708008,124.70038604736328
3133,114.11030250644669,22.37785930864976,44.90877914428711,30.022165298461914,1.189654653899197e-06,9.045967967746815e-12,147.6768035888672,0.0,3.9079999923706055,61.96773147583008
3134,114.11030250644669,22.37785930864976,44.90877914428711,30.022165298461914,1.189654653899197e-06,9.045967967746815e-12,147.6768035888672,0.0,3.9079999923706055,61.96773147583008
3135,114.10514934126022,22.35332113647158,5.48510217666626,0.0,3.5052342414855957,0.0,0.0,0.0,3.202876567840576,2313.761474609375
3136,114.10514934126022,22.35332113647158,5.48510217666626,0.0,3.5052342414855957,0.0,0.0,0.0,3.202876567840576,2313.761474609375
3137,114.16954603395004,22.325567827627367,3.545587157205432e-10,3.405671855638559e-10,3.9954106689776836e-10,0.0,1.2578639518867618e-10,0.0,2.4818115234375,133.33876037597656
3138,114.16954603395004,22.325567827627367,3.545587157205432e-10,3.405671855638559e-10,3.9954106689776836e-10,0.0,1.2578639518867618e-10,0.0,2.4818115234375,133.33876037597656
3139,114.16954603395004,22.325567827627367,3.545587157205432e-10,3.405671855638559e-10,3.9954106689776836e-10,0.0,1.2578639518867618e-10,0.0,2.4818115234375,133.33876037597656
3140,114.15754390280075,22.50265472749592,2.3794517093836008e-15,3.5171217093305015e-33,0.0,0.0,9.768776893615723,0.0,5.066805839538574,21.328617095947266
3141,114.15754390280075,22.50265472749592,2.3794517093836008e-15,3.5171217093305015e-33,0.0,0.0,9.768776893615723,0.0,5.066805839538574,21.328617095947266
3142,114.1917035713094,22.3051491251698,11.34449291229248,21.900630950927734,1.5464423144817552e-11,5.1423190598143265e-05,5.1372820927819696e-12,0.0,2.2844221591949463,2072.34228515625
3143,114.1917035713094,22.3051491251698,11.34449291229248,21.900630950927734,1.5464423144817552e-11,5.1423190598143265e-05,5.1372820927819696e-12,0.0,2.2844221591949463,2072.34228515625
3144,114.13327557838116,22.28672149892206,9.996952918256419e-12,3.9536516421856405e-12,0.0,0.0,0.0,0.0,3.2042553424835205,150.6773681640625
3145,113.9737740002984,22.38196281102629,1.1051862550126579e-11,1.3448879163102667e-11,0.0,0.0,1.6466099317380412e-12,0.0,3.7199230194091797,300.29461669921875
3146,114.27175112365232,22.32079914619076,0.0,0.0,6.902618667620208e-13,0.0,0.0,0.0,5.32562255859375,81.6621322631836
3147,114.10452313415648,22.362766809336243,1.1451127546191486e-10,0.0,17.85317039489746,0.0,0.0,0.0,4.400000095367432,3350.4736328125
3148,114.15754390280075,22.50265472749592,2.3794517093836008e-15,3.5171217093305015e-33,0.0,0.0,9.768776893615723,0.0,5.066805839538574,21.328617095947266
3149,114.23122021356777,22.32491769553096,5.705771358860412e-12,0.0,0.0,0.0,5.455347537994385,0.0,3.6702637672424316,30.712358474731445
3150,114.1146692705832,22.36216597675281,6.668490412642392e-12,9.305844289597687e-12,0.0,0.0,0.0,0.0,4.842563152313232,68.58760070800781
3151,114.17129324961736,22.323933360211274,0.0,2.06199723962186e-10,5.193178109763608e-10,0.0,0.0,0.0,2.9670329093933105,126.0
3152,114.1261544876067,22.49715743183152,3.221171430718012e-14,0.015950564295053482,0.0,0.0,0.0,0.0,5.300715923309326,66.84542083740234
3153,113.99601081571848,22.37420490461601,0.0,0.0,0.0,0.0,3.954972674770178e-14,0.0,4.959731578826904,33.91788101196289
3154,114.208058988188,22.31648020802972,0.0,0.0,0.0002044497086899355,0.0,0.0,0.0,4.870852947235107,283.5183410644531
3155,114.133867813641,22.285710226255635,9.89778918547568e-12,6.918719503562487e-12,0.0,0.0,0.0,0.0,2.96117901802063,125.2862319946289
3156,114.13452791645256,22.2848615203456,9.249844813707941e-12,8.38011951498352e-12,0.0,0.0,0.0,0.0,2.979529857635498,114.15763092041016
3157,114.1674996658631,22.445890379659875,30.18149185180664,195.44044494628906,3.672388939065414e-37,114.65966033935547,327.9070129394531,3.831771897722517e-38,3.448075532913208,1463.4034423828125
3158,114.17694231134536,22.3306793022444,0.0,0.0,1.2801425772288738e-13,0.0,0.0,0.0,1.516649842262268,127.48371124267578
3159,114.17694231134536,22.3306793022444,0.0,0.0,1.2801425772288738e-13,0.0,0.0,0.0,1.516649842262268,127.48371124267578
3160,114.133867813641,22.285710226255635,9.89778918547568e-12,6.918719503562487e-12,0.0,0.0,0.0,0.0,2.96117901802063,125.2862319946289
3161,114.133867813641,22.285710226255635,9.89778918547568e-12,6.918719503562487e-12,0.0,0.0,0.0,0.0,2.96117901802063,125.2862319946289
3162,114.01653509956203,22.308104890182875,8.642830848693848,6.252994537353516,0.0,0.0,173.318115234375,0.0,5.567251682281494,60.798980712890625
3163,114.01653509956203,22.308104890182875,8.642830848693848,6.252994537353516,0.0,0.0,173.318115234375,0.0,5.567251682281494,60.798980712890625
3164,114.18591047622536,22.317214439219395,5.469107279144418e-18,1.5259432792663574,0.0,0.0,1.9628148065220508e-11,0.0,3.4604105949401855,107.25361633300781
3165,114.1590030088741,22.340359099467264,0.0,0.0,0.0,0.0,0.0,0.0,3.573735237121582,85.06254577636719
3166,114.18099001982972,22.330480576114976,0.0,0.0,3.684000148904756e-24,0.0,0.0,0.0,1.8941417932510376,125.34204864501953
3167,114.14459264809906,22.48634375592514,0.0,0.0,0.0,0.0,0.0,0.0,5.961251735687256,52.897525787353516
3168,114.1994262066422,22.28940786508193,0.0,1.466798362458055e-12,3.678377389907837,0.0,0.0,0.0,2.950718641281128,146.11614990234375
3169,114.14081614195744,22.28367099359605,0.0,0.0,0.0,0.0,0.0,0.0,3.0951650142669678,146.7893829345703
3170,114.18913906275148,22.27783169847383,0.0,0.0,0.0,0.0,0.0,0.0,3.322580575942993,107.08678436279297
3171,114.16771208259664,22.316988672196143,37.97627639770508,11.231712341308594,0.0,0.0,2.0701389213950705e-10,0.0,2.369818687438965,313.8753967285156
3172,114.23760603649372,22.27784788255023,3.983259916305542,0.0,0.0,0.0,0.0,0.0,6.669367790222168,1575.911376953125
3173,114.13327557838116,22.28672149892206,9.996952918256419e-12,3.9536516421856405e-12,0.0,0.0,0.0,0.0,3.2042553424835205,150.6773681640625
3174,114.1966239767286,22.37377191510327,62.441246032714844,40.63430404663086,103.11768341064453,3.5033442962914496e-24,161.36856079101562,0.0,4.70328426361084,59.257686614990234
3175,114.1966239767286,22.37377191510327,62.441246032714844,40.63430404663086,103.11768341064453,3.5033442962914496e-24,161.36856079101562,0.0,4.70328426361084,59.257686614990234
3176,114.18585136345428,22.30355113803232,7.616199016571045,31.01311683654785,0.0,1.6925887774688064e-12,4.43791964982454e-12,0.0,4.449265003204346,1691.4027099609375
3177,114.18585136345428,22.30355113803232,7.616199016571045,31.01311683654785,0.0,1.6925887774688064e-12,4.43791964982454e-12,0.0,4.449265003204346,1691.4027099609375
3178,114.1562880500048,22.31906466439077,0.0,0.0,0.0,0.0,0.0,0.0,4.974472999572754,2126.830322265625
3179,114.14715613462496,22.28496907492136,0.0,0.0,0.0,0.0,1.220769362333951e-12,0.0,2.81341552734375,151.59652709960938
3180,114.1342608648906,22.492915491295754,32.73994445800781,21.9444637298584,0.0,0.0,23.428813934326172,6.617457076522838e-16,5.091128826141357,55.479644775390625
3181,114.1342608648906,22.492915491295754,32.73994445800781,21.9444637298584,0.0,0.0,23.428813934326172,6.617457076522838e-16,5.091128826141357,55.479644775390625
3182,114.1342608648906,22.492915491295754,32.73994445800781,21.9444637298584,0.0,0.0,23.428813934326172,6.617457076522838e-16,5.091128826141357,55.479644775390625
3183,114.19358388201373,22.284550094277765,0.0,1.809092200604769e-30,6.38497102412039e-11,1.2806948536984148e-22,0.0,0.0,2.7929792404174805,105.65629577636719
3184,114.14225147758424,22.48327293146297,0.0,0.0,0.0,0.0,0.0,0.0,3.807201862335205,54.0177116394043
3185,114.14715613462496,22.28496907492136,0.0,0.0,0.0,0.0,1.220769362333951e-12,0.0,2.81341552734375,151.59652709960938
3186,113.98008774903606,22.387388902157024,0.0,4.059519213839291e-12,6.783293978601668e-12,0.0,6.48508122202962e-11,0.0,4.131845951080322,171.39268493652344
3187,113.98008774903606,22.387388902157024,0.0,4.059519213839291e-12,6.783293978601668e-12,0.0,6.48508122202962e-11,0.0,4.131845951080322,171.39268493652344
3188,113.98008774903606,22.387388902157024,0.0,4.059519213839291e-12,6.783293978601668e-12,0.0,6.48508122202962e-11,0.0,4.131845951080322,171.39268493652344
3189,114.17954438198808,22.364887052037385,0.0,1.7253563161512275e-11,0.0,0.0,0.0,0.0,5.646203517913818,40.27398681640625
3190,114.14165451142136,22.49991583218004,33.299503326416016,3.6851097310717556e-25,0.0,57.217044830322266,38.90172576904297,0.0,4.0314178466796875,105.4145736694336
3191,114.14165451142136,22.49991583218004,33.299503326416016,3.6851097310717556e-25,0.0,57.217044830322266,38.90172576904297,0.0,4.0314178466796875,105.4145736694336
3192,113.99678125317024,22.265649387298627,0.0,0.0,0.0,0.0,0.0,0.0,4.0973334312438965,100.88964080810547
3193,114.1966239767286,22.37377191510327,62.441246032714844,40.63430404663086,103.11768341064453,3.5033442962914496e-24,161.36856079101562,0.0,4.70328426361084,59.257686614990234
3194,114.1524600000495,22.28564183667313,7.560509204864502,3.1349005699157715,3.3230539847606266e-11,57.310997009277344,15.520987510681152,0.0,2.4470198154449463,175.5867919921875
3195,114.1524600000495,22.28564183667313,7.560509204864502,3.1349005699157715,3.3230539847606266e-11,57.310997009277344,15.520987510681152,0.0,2.4470198154449463,175.5867919921875
3196,114.1524600000495,22.28564183667313,7.560509204864502,3.1349005699157715,3.3230539847606266e-11,57.310997009277344,15.520987510681152,0.0,2.4470198154449463,175.5867919921875
3197,114.21870192274024,22.334629287143773,2.47255666462054e-12,1.6256559900312828e-13,2.6495094883149074e-36,0.0,0.0,0.0,4.45331335067749,48.55461120605469
3198,114.21870192274024,22.334629287143773,2.47255666462054e-12,1.6256559900312828e-13,2.6495094883149074e-36,0.0,0.0,0.0,4.45331335067749,48.55461120605469
3199,114.21870192274024,22.334629287143773,2.47255666462054e-12,1.6256559900312828e-13,2.6495094883149074e-36,0.0,0.0,0.0,4.45331335067749,48.55461120605469
3200,114.0612980966328,22.49277133242524,0.0,0.0,0.0,0.0,0.0,0.0,6.586374759674072,39.949893951416016
3201,114.05157849915068,22.45132352507423,0.0,0.0,0.0,0.0,0.0,0.0,4.615594863891602,29.092105865478516
3202,114.15532498720326,22.33325159079099,0.0,0.0,0.0,0.0,0.0,0.0,3.406345844268799,211.30905151367188
3203,114.1734492833334,22.27242277460941,0.0,0.0,0.02059825137257576,0.0,0.0,0.0,4.280160903930664,65.17269134521484
3204,114.1734492833334,22.27242277460941,0.0,0.0,0.02059825137257576,0.0,0.0,0.0,4.280160903930664,65.17269134521484
3205,114.1492678526116,22.283862291619787,3.534769771065494e-39,1.7136145398494686e-24,2.0052612348386845e-11,57.367515563964844,0.6481981873512268,0.0,2.990000009536743,149.74354553222656
3206,114.17464201333893,22.31775651449748,5.954918573111974e-28,5.885453550164232e-44,4.794077027719945e-12,0.0,0.0,0.0,2.6205673217773438,130.82418823242188
3207,114.25006679621016,22.263023454082344,0.0,0.0,0.0,0.0,0.0,0.0,2.9775052070617676,253.24937438964844
3208,114.25006679621016,22.263023454082344,0.0,0.0,0.0,0.0,0.0,0.0,2.9775052070617676,253.24937438964844
3209,114.25006679621016,22.263023454082344,0.0,0.0,0.0,0.0,0.0,0.0,2.9775052070617676,253.24937438964844
3210,114.02392577165996,22.44569179905404,0.0,0.0,0.0,0.0,0.0,0.0,2.892238140106201,137.48904418945312
3211,114.22342502579298,22.280970850104723,0.0,3.6184547112100285e-12,0.0,0.0,4.172734915321035e-22,0.0,3.532102108001709,670.8865356445312
3212,114.01640893262196,22.30810476545568,6.1824469566345215,6.255718231201172,0.0,0.0,171.4464874267578,0.0,5.555873870849609,60.18425750732422
3213,114.20163506011627,22.43336349699481,27.56251335144043,70.09990692138672,3.6841328144073486,0.0,15.541402816772461,0.0,6.102040767669678,642.79052734375
3214,114.20163506011627,22.43336349699481,27.56251335144043,70.09990692138672,3.6841328144073486,0.0,15.541402816772461,0.0,6.102040767669678,642.79052734375
3215,114.20360658641845,22.329819185334674,60.484092712402344,21.915006637573242,40.5367431640625,0.0,8.74222482599718e-12,0.0,3.8898370265960693,1007.8442993164062
3216,114.19654455607906,22.2923070715796,2.847111701965332,15.651461601257324,4.938248768238118e-11,5.324124406823835e-24,31.093050003051758,0.0,4.520418643951416,206.31756591796875
3217,114.01640893262196,22.30810476545568,6.1824469566345215,6.255718231201172,0.0,0.0,171.4464874267578,0.0,5.555873870849609,60.18425750732422
3218,114.01640893262196,22.30810476545568,6.1824469566345215,6.255718231201172,0.0,0.0,171.4464874267578,0.0,5.555873870849609,60.18425750732422
3219,114.19654455607906,22.2923070715796,2.847111701965332,15.651461601257324,4.938248768238118e-11,5.324124406823835e-24,31.093050003051758,0.0,4.520418643951416,206.31756591796875
3220,114.05157849915068,22.45132352507423,0.0,0.0,0.0,0.0,0.0,0.0,4.615594863891602,29.092105865478516
3221,114.2736540486682,22.377789837272857,45.781044006347656,4.544737815856934,1.744416107873556e-13,1.747743620633094e-30,0.0,0.0,3.5039165019989014,183.93629455566406
3222,114.16852820970404,22.30278357450036,71.47913360595703,160.9518280029297,9.381612847692011e-11,1.6284172760465762e-38,211.2918243408203,0.0,3.6114108562469482,110.4583511352539
3223,114.16852820970404,22.30278357450036,71.47913360595703,160.9518280029297,9.381612847692011e-11,1.6284172760465762e-38,211.2918243408203,0.0,3.6114108562469482,110.4583511352539
3224,114.26310968266556,22.315837151188443,0.0,0.0,2.0253657691954308e-12,0.0,0.0,0.0,4.544538974761963,1034.8939208984375
3225,113.9863858378028,22.41892179338137,0.0,0.0,0.0,0.0,0.0,0.0,5.993127346038818,120.2416763305664
3226,113.9863858378028,22.41892179338137,0.0,0.0,0.0,0.0,0.0,0.0,5.993127346038818,120.2416763305664
3227,113.9863858378028,22.41892179338137,0.0,0.0,0.0,0.0,0.0,0.0,5.993127346038818,120.2416763305664
3228,114.02274662183632,22.44901387538991,0.0,0.0,0.0,0.0,0.0,0.0,3.7690114974975586,97.08283233642578
3229,114.00809186037836,22.452846178271635,35.51729202270508,0.0,6.270899598204149e-13,0.0,0.0,0.0,4.598138809204102,66.16313934326172
3230,114.00809186037836,22.452846178271635,35.51729202270508,0.0,6.270899598204149e-13,0.0,0.0,0.0,4.598138809204102,66.16313934326172
3231,114.00809186037836,22.452846178271635,35.51729202270508,0.0,6.270899598204149e-13,0.0,0.0,0.0,4.598138809204102,66.16313934326172
3232,114.13118052440296,22.28380402979832,5.990785558601663e-12,0.0,0.0,0.0,0.0,0.0,3.0158286094665527,116.75144958496094
3233,114.13118052440296,22.28380402979832,5.990785558601663e-12,0.0,0.0,0.0,0.0,0.0,3.0158286094665527,116.75144958496094
3234,114.17527276514296,22.329360829723456,0.0,0.0,0.0,0.0,0.0,0.0,1.5404789447784424,119.77958679199219
3235,114.2736540486682,22.377789837272857,45.781044006347656,4.544737815856934,1.744416107873556e-13,1.747743620633094e-30,0.0,0.0,3.5039165019989014,183.93629455566406
3236,114.18935612126738,22.31810823869372,0.0,0.0,1.8163723945617676,0.0,0.0,0.0,2.736884593963623,178.71624755859375
3237,113.99138630008102,22.376231533339865,0.0,0.0,0.0,0.0,1.1982540115695883e-07,0.0,6.924460411071777,50.58963394165039
3238,113.99138630008102,22.376231533339865,0.0,0.0,0.0,0.0,1.1982540115695883e-07,0.0,6.924460411071777,50.58963394165039
3239,113.99138630008102,22.376231533339865,0.0,0.0,0.0,0.0,1.1982540115695883e-07,0.0,6.924460411071777,50.58963394165039
3240,114.18935612126738,22.31810823869372,0.0,0.0,1.8163723945617676,0.0,0.0,0.0,2.736884593963623,178.71624755859375
3241,114.11800635996497,22.36878660925528,4.645935329158912e-13,0.0,0.0,0.0,0.0,0.0,2.4476535320281982,149.20614624023438
3242,114.11800635996497,22.36878660925528,4.645935329158912e-13,0.0,0.0,0.0,0.0,0.0,2.4476535320281982,149.20614624023438
3243,114.20397617977426,22.33363905926473,21.102365493774414,5.065064036594014e-13,68.00432586669922,0.0,0.0,0.0,5.127674102783203,207.34738159179688
3244,114.1920334684167,22.30448082941136,11.32214641571045,21.980430603027344,3.642653539914775e-11,225.5310516357422,5.082502127495836e-12,0.0,2.256603717803955,2155.2939453125
3245,114.1920334684167,22.30448082941136,11.32214641571045,21.980430603027344,3.642653539914775e-11,225.5310516357422,5.082502127495836e-12,0.0,2.256603717803955,2155.2939453125
3246,114.18651599600526,22.37164162919281,0.0005684848292730749,6.467086315155029,3.5894439220428467,0.0,46.662322998046875,0.0,3.7297980785369873,70.15711212158203
3247,114.18723457049148,22.37251754659121,46.85645294189453,27.556623458862305,7.2996110916137695,0.0,69.861083984375,0.0,3.935377836227417,68.88370513916016
3248,114.15909123812132,22.3335410253262,0.0,0.0,0.0,0.0,0.0,0.0,2.8873114585876465,149.1281280517578
3249,114.18935612126738,22.31810823869372,0.0,0.0,1.8163723945617676,0.0,0.0,0.0,2.736884593963623,178.71624755859375
3250,114.23623351873964,22.267472181637693,0.0,0.0,0.0,0.0,0.0,0.0,2.7366693019866943,106.01416015625
3251,114.1646239339412,22.44779561315619,37.51892852783203,115.37493896484375,0.0,114.35910034179688,245.314697265625,0.0,3.0818121433258057,1708.509033203125
3252,114.19964740256756,22.396456185985823,1.6781874501159422e-11,1.0586590198230494e-12,0.0,0.0,3.658228667907659e-12,0.0,5.610869407653809,142.60057067871094
3253,114.19964740256756,22.396456185985823,1.6781874501159422e-11,1.0586590198230494e-12,0.0,0.0,3.658228667907659e-12,0.0,5.610869407653809,142.60057067871094
3254,114.25938838324277,22.32551987729685,0.00021450269559863955,6.2636237144470215,0.0,0.0,46.57821273803711,0.0,4.210979461669922,555.2088012695312
3255,114.02267568944433,22.442873115375416,0.0,0.0,0.0,0.0,0.0,0.0,2.744312047958374,119.96246337890625
3256,114.01636993662454,22.30825824676014,8.542798042297363,6.233163833618164,0.0,0.0,170.79415893554688,0.0,5.6914286613464355,56.842323303222656
3257,114.01636993662454,22.30825824676014,8.542798042297363,6.233163833618164,0.0,0.0,170.79415893554688,0.0,5.6914286613464355,56.842323303222656
3258,114.21807984488716,22.33181190646282,2.883654957614584e-13,0.0,7.496118798578382e-20,0.0,3.975731636268742e-12,0.0,3.7039239406585693,43.531517028808594
3259,114.26762553691349,22.32000681745429,0.0,0.0,2.0926545273112357e-14,0.0,0.0,0.0,5.06841516494751,1070.6446533203125
3260,114.26762553691349,22.32000681745429,0.0,0.0,2.0926545273112357e-14,0.0,0.0,0.0,5.06841516494751,1070.6446533203125
3261,114.26762553691349,22.32000681745429,0.0,0.0,2.0926545273112357e-14,0.0,0.0,0.0,5.06841516494751,1070.6446533203125
3262,114.15928449801892,22.34056683332315,0.0,0.0,0.0,0.0,0.0,0.0,3.8075640201568604,74.0326156616211
3263,114.00373209580384,22.37255173503949,0.0,0.0,0.0,0.0,0.0,0.0,5.068410396575928,48.23295593261719
3264,114.00373209580384,22.37255173503949,0.0,0.0,0.0,0.0,0.0,0.0,5.068410396575928,48.23295593261719
3265,114.00373209580384,22.37255173503949,0.0,0.0,0.0,0.0,0.0,0.0,5.068410396575928,48.23295593261719
3266,114.1700318786074,22.31473113646236,56.74113464355469,20.994823455810547,4.5807119208873814e-10,0.0,6.320725193242893e-11,0.0,2.1525168418884277,177.5256805419922
3267,114.2444716223502,22.43002802723216,8.486933486713533e-13,3.9725847936732117e-13,0.0,0.0,0.0009605407831259072,0.0,5.697247505187988,57.46928787231445
3268,114.25005709883928,22.263032489105576,0.0,0.0,0.0,0.0,0.0,0.0,2.981632709503174,256.16815185546875
3269,114.1700318786074,22.31473113646236,56.74113464355469,20.994823455810547,4.5807119208873814e-10,0.0,6.320725193242893e-11,0.0,2.1525168418884277,177.5256805419922
3270,114.13060221902832,22.36034714020568,0.0,0.0,14.811716079711914,0.0,1.894668233068386e-12,0.0,3.3719892501831055,115.15171813964844
3271,114.1342801214113,22.49350247232245,32.1954231262207,18.748950958251953,0.0,0.0,23.275005340576172,0.0,5.101655006408691,61.788116455078125
3272,114.15442111874576,22.27946516504352,3.772963523864746,9.383110046386719,8.565634312951431e-12,0.0,7.760493278503418,0.0,3.128124952316284,129.11758422851562
3273,114.15442111874576,22.27946516504352,3.772963523864746,9.383110046386719,8.565634312951431e-12,0.0,7.760493278503418,0.0,3.128124952316284,129.11758422851562
3274,114.09939303663326,22.369573461122435,1.1204049840674024e-12,0.0,14.736529350280762,0.0,0.0,0.0,4.775000095367432,1128.57177734375
3275,114.15527837936855,22.32070810132853,0.0,0.0,0.0,0.0,0.0,0.0,5.30094051361084,1784.96337890625
3276,114.15527837936855,22.32070810132853,0.0,0.0,0.0,0.0,0.0,0.0,5.30094051361084,1784.96337890625
3277,114.20910433933916,22.21936438669773,0.0,0.0,0.0,0.0,0.9813764691352844,0.0,4.345758438110352,97.81324768066406
3278,114.18771662761682,22.32842129094663,6.659059727098793e-05,0.0,2.764371176411373e-09,0.0,2.1645372126621876e-12,0.0,2.4071428775787354,154.76385498046875
3279,114.1917035713094,22.3051491251698,11.34449291229248,21.900630950927734,1.5464423144817552e-11,5.1423190598143265e-05,5.1372820927819696e-12,0.0,2.2844221591949463,2072.34228515625
3280,114.18637059090642,22.375145485189496,75.43340301513672,33.74872589111328,7.351358890533447,0.0,23.273866653442383,0.0,4.709864616394043,53.370094299316406
3281,114.18637059090642,22.375145485189496,75.43340301513672,33.74872589111328,7.351358890533447,0.0,23.273866653442383,0.0,4.709864616394043,53.370094299316406
3282,114.18637059090642,22.375145485189496,75.43340301513672,33.74872589111328,7.351358890533447,0.0,23.273866653442383,0.0,4.709864616394043,53.370094299316406
3283,114.2368657195445,22.29382333952445,0.0,0.0,37.772972106933594,0.0,0.0,0.0,2.5607287883758545,155.2194061279297
3284,114.2368657195445,22.29382333952445,0.0,0.0,37.772972106933594,0.0,0.0,0.0,2.5607287883758545,155.2194061279297
3285,114.21328427419064,22.33027785736017,3.8573036193847656,22.7927188873291,3.573012328714209e-12,0.0,31.041973114013672,0.0,3.735783100128174,149.0797882080078
3286,113.9749137225794,22.386181472466824,9.480063435651775e-12,1.2636286114697803e-11,0.0,0.0,8.749518985847957e-14,0.0,4.130509853363037,1138.7198486328125
3287,114.2710836075372,22.32407763712801,0.0,0.0,6.310661086576796e-13,0.0,0.0,0.0,5.186936855316162,38.572731018066406
3288,114.15014139156206,22.28268845517731,5.528312807534519e-10,9.931735930520039e-17,3.03079818186891e-11,57.38637924194336,13.917635917663574,0.0,3.1344211101531982,156.2855682373047
3289,114.18621094323204,22.31102846093236,7.234051465493385e-12,1.9826840364813025e-13,0.0,0.0,0.0,0.0,2.716205596923828,111.82890319824219
3290,114.18621094323204,22.31102846093236,7.234051465493385e-12,1.9826840364813025e-13,0.0,0.0,0.0,0.0,2.716205596923828,111.82890319824219
3291,114.13060221902832,22.36034714020568,0.0,0.0,14.811716079711914,0.0,1.894668233068386e-12,0.0,3.3719892501831055,115.15171813964844
3292,114.20016267531784,22.341622680369223,11.193339347839355,6.276121139526367,6.2750363809900395e-18,0.0,0.0,0.0,3.537572145462036,60.39787673950195
3293,114.20016267531784,22.341622680369223,11.193339347839355,6.276121139526367,6.2750363809900395e-18,0.0,0.0,0.0,3.537572145462036,60.39787673950195
3294,114.17894172855026,22.31917431900332,0.987214207649231,4.272620797896883e-16,0.0,0.0,0.0,0.0,2.7514123916625977,107.28445434570312
3295,114.17894172855026,22.31917431900332,0.987214207649231,4.272620797896883e-16,0.0,0.0,0.0,0.0,2.7514123916625977,107.28445434570312
3296,114.2296299435891,22.27745332398785,5.017493798914474e-12,0.0,9.949843032819317e-12,0.0,0.0,0.0,3.870108127593994,98.34228515625
3297,114.23467554884276,22.301057658181115,0.0,1.0702011922058413e-13,0.0,0.0,0.0,0.0,6.211872100830078,52.50920104980469
3298,114.23467554884276,22.301057658181115,0.0,1.0702011922058413e-13,0.0,0.0,0.0,0.0,6.211872100830078,52.50920104980469
3299,114.23467554884276,22.301057658181115,0.0,1.0702011922058413e-13,0.0,0.0,0.0,0.0,6.211872100830078,52.50920104980469
3300,114.15547271765004,22.319281293307803,0.0,0.0,0.0,0.0,0.0,0.0,4.384036064147949,1935.0723876953125
3301,114.15547271765004,22.319281293307803,0.0,0.0,0.0,0.0,0.0,0.0,4.384036064147949,1935.0723876953125
3302,114.17434112990496,22.317864877312854,0.0,0.0,8.122942596333615e-11,0.0,0.0,0.0,2.5808637142181396,132.4353485107422
3303,114.23857587225535,22.298861781879754,9.469504173853505e-13,6.343512234260271e-37,0.0,0.0,0.0,0.0,3.154958724975586,106.60282897949219
3304,114.23857587225535,22.298861781879754,9.469504173853505e-13,6.343512234260271e-37,0.0,0.0,0.0,0.0,3.154958724975586,106.60282897949219
3305,114.23857587225535,22.298861781879754,9.469504173853505e-13,6.343512234260271e-37,0.0,0.0,0.0,0.0,3.154958724975586,106.60282897949219
3306,114.11291242111112,22.36114484126345,0.002129337517544627,9.685484185506521e-12,1.0468044833733536e-11,0.0,0.0,0.0,3.6479482650756836,108.0193099975586
3307,114.11291242111112,22.36114484126345,0.002129337517544627,9.685484185506521e-12,1.0468044833733536e-11,0.0,0.0,0.0,3.6479482650756836,108.0193099975586
3308,114.03706173975108,22.44401501640344,11.299895286560059,4.214938640594482,0.0,0.0,7.089172456530013e-13,0.0,5.714181423187256,74.76920318603516
3309,114.03706173975108,22.44401501640344,11.299895286560059,4.214938640594482,0.0,0.0,7.089172456530013e-13,0.0,5.714181423187256,74.76920318603516
3310,114.2296299435891,22.27745332398785,5.017493798914474e-12,0.0,9.949843032819317e-12,0.0,0.0,0.0,3.870108127593994,98.34228515625
3311,113.97811390667832,22.40287374660827,0.0,0.0,1.1435940389104005e-10,0.0,0.0,0.0,2.6745407581329346,81.79137420654297
3312,114.149594437164,22.250954653553386,4.318285728999172e-09,15.04544734954834,2.1120225360271583e-11,0.0,61.683616638183594,0.0,3.5250000953674316,75.03544616699219
3313,114.165659893706,22.248491177817545,13.801905632019043,1.156341841124231e-05,0.0,0.0,1.6050162587877281e-10,0.0,2.797454833984375,86.83428192138672
3314,114.165659893706,22.248491177817545,13.801905632019043,1.156341841124231e-05,0.0,0.0,1.6050162587877281e-10,0.0,2.797454833984375,86.83428192138672
3315,114.12903731831878,22.50737168225078,0.0,1.9293915423657104e-11,0.0,0.0,0.0,0.0,3.6008620262145996,91.94477844238281
3316,114.12903731831878,22.50737168225078,0.0,1.9293915423657104e-11,0.0,0.0,0.0,0.0,3.6008620262145996,91.94477844238281
3317,114.12903731831878,22.50737168225078,0.0,1.9293915423657104e-11,0.0,0.0,0.0,0.0,3.6008620262145996,91.94477844238281
3318,114.19372250230154,22.388157871598704,5.0459816880454866e-11,1.797218840762782e-12,212.51170349121094,5.210581290152659e-24,2.8804296187817657e-12,0.0,3.809840440750122,2168.640625
3319,114.14723034874918,22.282751165030707,0.0,0.0,0.0,0.0,1.2418285800716578e-12,0.0,3.912097454071045,115.28929901123047
3320,114.09915919860836,22.371036295208288,4.0674240234586656e-13,0.0,0.00015782231639605016,0.0,0.0,0.0,5.021656036376953,933.7513427734375
3321,114.09915919860836,22.371036295208288,4.0674240234586656e-13,0.0,0.00015782231639605016,0.0,0.0,0.0,5.021656036376953,933.7513427734375
3322,114.17831095801418,22.330209705250503,0.0,0.0,0.0,0.0,0.0,0.0,1.805942416191101,124.11571502685547
3323,114.1669633222844,22.337090712464377,5.28806165522866e-10,2.2629674523155785e-10,0.0,0.0,1.8560772363507283e-10,0.0,3.672008514404297,91.015869140625
3324,114.1590030088741,22.340359099467264,0.0,0.0,0.0,0.0,0.0,0.0,3.573735237121582,85.06254577636719
3325,114.1669633222844,22.337090712464377,5.28806165522866e-10,2.2629674523155785e-10,0.0,0.0,1.8560772363507283e-10,0.0,3.672008514404297,91.015869140625
3326,114.1669633222844,22.337090712464377,5.28806165522866e-10,2.2629674523155785e-10,0.0,0.0,1.8560772363507283e-10,0.0,3.672008514404297,91.015869140625
3327,114.0165836356124,22.308095907557867,10.155163764953613,6.265664100646973,0.0,0.0,175.4879913330078,0.0,5.553892135620117,61.27237319946289
3328,114.0165836356124,22.308095907557867,10.155163764953613,6.265664100646973,0.0,0.0,175.4879913330078,0.0,5.553892135620117,61.27237319946289
3329,114.17434112990496,22.317864877312854,0.0,0.0,8.122942596333615e-11,0.0,0.0,0.0,2.5808637142181396,132.4353485107422
3330,114.09939303663326,22.369573461122435,1.1204049840674024e-12,0.0,14.736529350280762,0.0,0.0,0.0,4.775000095367432,1128.57177734375
3331,114.1817668700881,22.33933052002089,0.0,0.0,2.927790117551038e-13,0.0,0.0,0.0,3.6275346279144287,94.1124496459961
3332,114.15547271765004,22.319281293307803,0.0,0.0,0.0,0.0,0.0,0.0,4.384036064147949,1935.0723876953125
3333,114.1817668700881,22.33933052002089,0.0,0.0,2.927790117551038e-13,0.0,0.0,0.0,3.6275346279144287,94.1124496459961
3334,114.14489841646648,22.33910168419242,0.0,0.0,0.0,0.0,0.0,0.0,3.9966254234313965,77.8697509765625
3335,114.17959298346004,22.36772264152252,7.858993946070758e-13,2.4815488205987e-12,0.0,0.0,5.1025013207695036e-12,0.0,4.802867412567139,69.82548522949219
3336,114.2617474530122,22.310166656720064,0.0,0.0,1.1199534138625622e-12,0.0,0.0,0.0,4.3255815505981445,2045.537841796875
3337,114.15746137383668,22.32700269738848,0.0,0.0,0.0,0.0,0.0,0.0,2.8922698497772217,470.47686767578125
3338,114.25758414042248,22.31063837409699,0.0,0.0,0.0,0.0,0.0,0.0,4.064550399780273,1788.9830322265625
3339,114.2031705009822,22.333630161632755,11.869399070739746,1.093888868375359e-12,63.97578048706055,0.0,0.0,0.0,4.459627151489258,174.28013610839844
3340,114.2031705009822,22.333630161632755,11.869399070739746,1.093888868375359e-12,63.97578048706055,0.0,0.0,0.0,4.459627151489258,174.28013610839844
3341,114.2031705009822,22.333630161632755,11.869399070739746,1.093888868375359e-12,63.97578048706055,0.0,0.0,0.0,4.459627151489258,174.28013610839844
3342,114.1928661924351,22.287828285855547,7.713728322755742e-09,8.608736991882324,5.567800734351813e-11,6.647399526717274e-24,2.0706482694264628e-19,0.0,3.7684123516082764,142.0286102294922
3343,114.26178366312384,22.30585001080831,0.0,0.0,1.1714514991725822e-12,0.0,0.0,0.0,4.879281044006348,2428.2431640625
3344,114.26178366312384,22.30585001080831,0.0,0.0,1.1714514991725822e-12,0.0,0.0,0.0,4.879281044006348,2428.2431640625
3345,114.26178366312384,22.30585001080831,0.0,0.0,1.1714514991725822e-12,0.0,0.0,0.0,4.879281044006348,2428.2431640625
3346,114.27113354396312,22.2972657693261,0.0,0.0,7.629861911544189e-13,0.0,0.0,0.0,4.106557369232178,174.83563232421875
3347,114.03345515925132,22.44641394880807,3.3036269542208174e-07,0.0,0.0,0.0,9.36795671417634e-13,0.0,4.306334972381592,123.0885238647461
3348,114.03345515925132,22.44641394880807,3.3036269542208174e-07,0.0,0.0,0.0,9.36795671417634e-13,0.0,4.306334972381592,123.0885238647461
3349,114.13649708528028,22.28715580144019,1.749274119652866e-12,8.857746133794642e-12,0.0,0.0,0.0,0.0,3.072157859802246,316.8079528808594
3350,114.13649708528028,22.28715580144019,1.749274119652866e-12,8.857746133794642e-12,0.0,0.0,0.0,0.0,3.072157859802246,316.8079528808594
3351,114.00304568032163,22.44825337052133,0.0,2.149201606613249e-12,0.0,0.0,0.0,0.0,5.155818462371826,118.19258117675781
3352,114.00304568032163,22.44825337052133,0.0,2.149201606613249e-12,0.0,0.0,0.0,0.0,5.155818462371826,118.19258117675781
3353,114.14672441821412,22.33433389057731,0.0,0.0,0.0,0.0,0.0,0.0,4.562939643859863,1850.4261474609375
3354,114.14672441821412,22.33433389057731,0.0,0.0,0.0,0.0,0.0,0.0,4.562939643859863,1850.4261474609375
3355,114.20606409686904,22.43102386490601,112.49687194824219,209.12179565429688,3.895412367237866e-14,0.0,27.0169620513916,0.0,6.239305019378662,260.5091857910156
3356,114.20606409686904,22.43102386490601,112.49687194824219,209.12179565429688,3.895412367237866e-14,0.0,27.0169620513916,0.0,6.239305019378662,260.5091857910156
3357,114.11380522514546,22.362057276170027,6.260825625298283e-12,9.986781367155029e-12,0.0,0.0,0.0,0.0,4.278350353240967,83.53897857666016
3358,114.11380522514546,22.362057276170027,6.260825625298283e-12,9.986781367155029e-12,0.0,0.0,0.0,0.0,4.278350353240967,83.53897857666016
3359,114.1928661924351,22.287828285855547,7.713728322755742e-09,8.608736991882324,5.567800734351813e-11,6.647399526717274e-24,2.0706482694264628e-19,0.0,3.7684123516082764,142.0286102294922
3360,114.14489841646648,22.33910168419242,0.0,0.0,0.0,0.0,0.0,0.0,3.9966254234313965,77.8697509765625
3361,114.15887748069748,22.33513941400292,0.0,0.0,0.0,0.0,0.0,0.0,2.8592529296875,149.92955017089844
3362,114.15887748069748,22.33513941400292,0.0,0.0,0.0,0.0,0.0,0.0,2.8592529296875,149.92955017089844
3363,114.1562880500048,22.31906466439077,0.0,0.0,0.0,0.0,0.0,0.0,4.974472999572754,2126.830322265625
3364,114.1755440876482,22.37982357555557,78.48516082763672,93.68883514404297,44.238765716552734,0.0,82.67692565917969,0.0,5.051020622253418,48.65888214111328
3365,114.19207020973305,22.374675461237068,87.36683654785156,68.83232116699219,62.71016311645508,3.0767515901446304e-24,17.74260902404785,0.0,4.982051372528076,69.59872436523438
3366,114.15323366808867,22.243405579179072,5.988320733382735e-13,0.0,2.4109794022342257e-11,0.0,0.0008681690669618547,0.0,2.8734490871429443,335.17083740234375
3367,114.00190717399346,22.263117381979608,0.0,0.0,14.501598358154297,0.0,0.0,0.0,3.2820513248443604,31.501169204711914
3368,114.00190717399346,22.263117381979608,0.0,0.0,14.501598358154297,0.0,0.0,0.0,3.2820513248443604,31.501169204711914
3369,114.00190717399346,22.263117381979608,0.0,0.0,14.501598358154297,0.0,0.0,0.0,3.2820513248443604,31.501169204711914
3370,114.1562880500048,22.31906466439077,0.0,0.0,0.0,0.0,0.0,0.0,4.974472999572754,2126.830322265625
3371,114.18081666416336,22.378514105122083,25.589128494262695,62.551177978515625,35.840003967285156,0.0,79.53221893310547,0.0,4.923241138458252,76.75604248046875
3372,113.97857212666813,22.38107474393904,2.061941623687744,6.21901550981567e-14,6.148022195506808e-12,0.0,0.0,0.0,4.184848308563232,111.20455932617188
3373,113.9740981293476,22.386117238990515,9.525233032880998e-12,1.3063284828862542e-11,0.0,0.0,3.532986078171041e-13,0.0,4.244560718536377,1230.3363037109375
3374,113.97803228232826,22.412463991345835,0.0,0.0,0.0,0.0,0.0,0.0,4.521810531616211,105.23483276367188
3375,114.17394220635572,22.36558240077492,0.0,1.630962899457078e-11,2.0606631678798948e-10,0.0,0.0,0.0,4.893665313720703,59.88189697265625
3376,114.12447283669762,22.368716585965664,0.0,0.0,3.6889803409576416,0.0,0.0,0.0,3.3941547870635986,92.94973754882812
3377,114.13475385348116,22.50161189078788,39.50146484375,33.15255355834961,0.0,0.0,2.1693212298209456e-37,0.0,3.7980921268463135,61.00212097167969
3378,114.14164903831804,22.48312831450575,0.0,0.0,0.0,0.0,0.0,0.0,3.6832685470581055,53.8874397277832
3379,114.10404090985992,22.356562609331668,4.7698238588023134e-12,0.0,3.6869122982025146,0.0,0.0,0.0,3.7018072605133057,2052.417236328125
3380,113.96475953974765,22.37776110197772,71.58941650390625,40.291465759277344,0.0,0.0,15.42010498046875,0.0,4.595789432525635,269.5867004394531
3381,114.23760603649372,22.27784788255023,3.983259916305542,0.0,0.0,0.0,0.0,0.0,6.669367790222168,1575.911376953125
3382,114.22735948699751,22.30461816217162,1.093752977185565e-13,0.0,18.43257713317871,0.0,2.899628670852139e-12,0.0,3.2764127254486084,58.32929992675781
3383,114.01713284798971,22.29452347429024,7.540670871734619,6.271606922149658,0.0,0.0,0.0,0.0,5.5,55.24937057495117
3384,114.22223927027365,22.28694675520949,13.737763404846191,9.395156860351562,0.0,0.0,0.0,0.0,5.311389923095703,1270.1800537109375
3385,114.13174859210002,22.26737745281829,22.564769744873047,12.485918045043945,0.0,0.0,0.0,0.0,4.296296119689941,45.30774688720703
3386,114.12319930781808,22.271294156172186,1.0553540068047014e-34,0.0,0.0,0.0,0.0,0.0,4.7245612144470215,648.1819458007812
3387,114.22706530882095,22.32327546945384,0.0,0.0,1.8270935112085773e-11,0.0,8.369096431495859e-13,0.0,3.4953019618988037,69.84286499023438
3388,114.1973724411804,22.379325598196218,112.63661193847656,85.56597900390625,75.83790588378906,0.0,2.675537092225455e-12,0.0,4.902204990386963,71.8821029663086
3389,114.17535044632032,22.32671486908537,0.0,0.0,0.0,0.0,0.0,0.0,2.676501512527466,110.48461151123047
3390,114.2090817275184,22.332292567481907,59.71864318847656,36.3767204284668,39.814701080322266,0.0,7.704600304102305e-13,0.0,4.332462787628174,236.74319458007812
3391,114.22755644319211,22.312528909924545,3.293512110171676e-13,0.0,1.8476175450699017e-11,0.0,0.0,0.0,2.8181817531585693,154.61097717285156
3392,114.23801596248396,22.305643982112773,7.393080288589648e-13,3.492617707632345e-13,0.0,0.0,0.0,0.0,4.380761623382568,58.812564849853516
3393,114.20026119334236,22.292116934415727,0.0,1.7626418987587433e-12,3.691408395767212,0.0,15.778779029846191,0.0,3.497645139694214,201.95143127441406
3394,114.22257205506682,22.280818474925493,0.0,3.812255632701378e-12,0.0,0.0,0.0,0.0,3.3437771797180176,234.5321807861328
3395,114.22230777363582,22.31870739484948,0.0,3.688000859564111e-12,0.0,0.0,0.0,0.0,2.751068353652954,95.9628677368164
3396,114.18633800874488,22.324249246608154,10.819228172302246,6.278056621551514,0.0,0.0,0.0,0.0,3.5076253414154053,115.025390625
3397,114.1912937124328,22.2832950564244,0.0,0.0,2.9307634877989708e-12,1.219591455028423e-22,0.0,0.0,2.74595046043396,102.98595428466797
3398,114.19559006547652,22.33882379727972,7.558023452758789,9.394164085388184,65.71233367919922,6.996236185588721e-24,0.0,0.0,2.781970739364624,98.16654968261719
3399,114.1597116471193,22.34038626760613,0.0,0.0,0.0,0.0,0.0,0.0,3.8704545497894287,69.19752502441406
3400,114.23801596248396,22.305643982112773,7.393080288589648e-13,3.492617707632345e-13,0.0,0.0,0.0,0.0,4.380761623382568,58.812564849853516
3401,114.221357742474,22.3223289256888,0.0,3.3509623027783153e-12,0.0,0.0,0.0,0.0,4.025423526763916,64.77604675292969
3402,113.99613581391776,22.46524101240609,0.0,0.0,0.0,0.0,0.0,0.0,5.479411602020264,62.184425354003906
3403,114.13807486732016,22.33655357432181,0.0,0.0,3.7932273698970675e-05,0.0,0.0,0.0,3.7483930587768555,97.21501922607422
3404,114.18168878406988,22.326994751217587,9.121821017147149e-39,0.0,0.0,0.0,0.0,0.0,3.486945152282715,115.18435668945312
3405,114.19370884132422,22.274661532318227,0.0,0.0,6.487208686900559e-11,0.0,0.0,0.0,5.1926469802856445,70.78268432617188
3406,114.12502836314484,22.493933222437025,3.7777695655822754,3.1225786209106445,0.0,0.0,0.0,0.0,4.778597831726074,65.55709075927734
3407,114.17311669563053,22.37430588392496,1.1789759435647945e-13,3.078500509262085,3.994619635072638e-10,0.0,57.81745147705078,0.0,4.106719493865967,60.72431945800781
3408,113.9694292687413,22.40447025970145,0.0,0.0,1.0830150144747197e-11,0.0,0.0,0.0,3.477794885635376,83.50775909423828
3409,114.164992898639,22.33547410746839,2.663022302673568e-10,0.0,0.0,0.0,1.0971436953388647e-10,0.0,3.8909287452697754,88.88932037353516
3410,114.26977288526165,22.382063548555447,3.7740488052368164,9.376958847045898,0.00016726365720387548,0.0,0.0,0.0,3.213658571243286,190.77247619628906
3411,114.18147501553187,22.32017666217421,14.249000549316406,6.233017444610596,0.0,0.0,0.0,0.0,2.9677419662475586,107.32035064697266
3412,114.228905211594,22.31173378965156,3.887559111431793e-12,0.0,1.57492751479138e-11,0.0,0.0,0.0,3.2040038108825684,131.3341522216797
3413,114.2481080575265,22.265155558921307,0.0,0.0,0.0,0.0,0.0,0.0,3.3858184814453125,342.6849670410156
3414,114.22525853980548,22.40344015404095,0.0,0.0,212.01148986816406,0.0,0.0,0.0,6.868983745574951,38.096946716308594
3415,114.1860465302172,22.31984233479924,2.1935503482818604,0.00018520878802519292,0.0,0.0,0.0,0.0,2.5723471641540527,123.63007354736328
3416,114.01401657623,22.30394831386236,2.3531658392694776e-12,0.0,0.0,0.0,0.004773974884301424,0.0,4.046798229217529,97.23001861572266
3417,114.21023037765266,22.38661108717332,1.1086625541223416e-11,3.7323025529542586e-13,9.590764045715332,0.0,0.0,0.0,5.929347991943359,328.810302734375
3418,114.2376059920647,22.30018964818546,4.728153090403919e-13,4.088726969844747e-14,0.0,0.0,0.0,0.0,3.1547884941101074,85.75080108642578
3419,113.995312044131,22.37395126831278,0.0,0.0,0.0,0.0,0.0,0.0,4.890756130218506,37.42269515991211
3420,114.13910718266916,22.287933062966776,0.0,2.720187898715143e-13,0.0,0.0,0.0,0.0,3.941056966781616,315.5506591796875
3421,114.1734492833334,22.27242277460941,0.0,0.0,0.02059825137257576,0.0,0.0,0.0,4.280160903930664,65.17269134521484
3422,114.2103368160687,22.38503072421627,1.2040554771133483e-35,3.717676665647429e-13,29.47305679321289,0.0,0.0,0.0,6.628507137298584,409.4100646972656
3423,114.19459219106926,22.277731856410696,0.0,0.0,6.77243955360396e-11,0.0,0.0,0.0,4.843982219696045,63.65658187866211
3424,113.9504932980381,22.294986050654817,0.0,0.0,0.0,0.0,0.0,0.0,5.344066143035889,1166.929931640625
3425,114.2515652394058,22.307670191558657,0.0,0.0,0.0,0.0,0.0,0.0,4.213701248168945,1271.0548095703125
3426,114.10616642947748,22.377089960553345,10.929969787597656,49.93067932128906,0.9784690141677856,5.548693882834188e-12,30.144515991210938,0.0,3.661290407180786,157.04737854003906
3427,114.2103368160687,22.38503072421627,1.2040554771133483e-35,3.717676665647429e-13,29.47305679321289,0.0,0.0,0.0,6.628507137298584,409.4100646972656
3428,114.17927163749984,22.31380110874222,7.545612812042236,15.676474571228027,0.0,0.0,1.5559398016659234e-17,1.7859698875955166e-23,3.1975433826446533,97.24371337890625
3429,114.2444716223502,22.43002802723216,8.486933486713533e-13,3.9725847936732117e-13,0.0,0.0,0.0009605407831259072,0.0,5.697247505187988,57.46928787231445
3430,114.17927163749984,22.31380110874222,7.545612812042236,15.676474571228027,0.0,0.0,1.5559398016659234e-17,1.7859698875955166e-23,3.1975433826446533,97.24371337890625
3431,114.12922186514758,22.279522946809287,0.0,0.0,0.0,0.0,0.0,0.0,3.7559139728546143,58.593040466308594
3432,114.12922186514758,22.279522946809287,0.0,0.0,0.0,0.0,0.0,0.0,3.7559139728546143,58.593040466308594
3433,114.13393556554855,22.28627917383093,9.803690845244795e-12,7.139290027213807e-12,0.0,0.0,0.0,0.0,3.03043794631958,149.5536346435547
3434,114.13393556554855,22.28627917383093,9.803690845244795e-12,7.139290027213807e-12,0.0,0.0,0.0,0.0,3.03043794631958,149.5536346435547
3435,114.22965869664532,22.276505097546337,5.042924411391425e-12,0.0,9.693418810685639e-12,0.0,0.0,0.0,3.777777671813965,78.9161376953125
3436,114.00219271730616,22.45445634643241,5.150887962684925e-12,1.458498144306375e-12,44.01273727416992,0.0,0.0,0.0,3.4261839389801025,44.2355842590332
3437,114.2103368160687,22.38503072421627,1.2040554771133483e-35,3.717676665647429e-13,29.47305679321289,0.0,0.0,0.0,6.628507137298584,409.4100646972656
3438,114.16826556726532,22.31282559607726,98.1545639038086,59.166603088378906,4.927403277066311e-11,0.0,0.0017886314308270812,0.0,2.586484909057617,259.24273681640625
3439,114.16826556726532,22.31282559607726,98.1545639038086,59.166603088378906,4.927403277066311e-11,0.0,0.0017886314308270812,0.0,2.586484909057617,259.24273681640625
3440,114.17798091750716,22.32872869226869,0.0,0.0,0.0,0.0,0.0,0.0,2.105769157409668,117.29548645019531
3441,114.17798091750716,22.32872869226869,0.0,0.0,0.0,0.0,0.0,0.0,2.105769157409668,117.29548645019531
3442,114.1263306860167,22.49366272396156,12.508112907409668,3.830425262451172,0.0,0.0,0.0,0.0,4.752178192138672,63.411033630371094
3443,114.12403697712556,22.494303146921688,3.7588882446289062,7.906511427790974e-07,0.0,0.0,0.0,0.0,5.3955078125,57.311927795410156
3444,114.2515652394058,22.307670191558657,0.0,0.0,0.0,0.0,0.0,0.0,4.213701248168945,1271.0548095703125
3445,114.2515652394058,22.307670191558657,0.0,0.0,0.0,0.0,0.0,0.0,4.213701248168945,1271.0548095703125
3446,114.26310968266556,22.315837151188443,0.0,0.0,2.0253657691954308e-12,0.0,0.0,0.0,4.544538974761963,1034.8939208984375
3447,114.18480425618178,22.32149499917581,15.09487247467041,4.325619697570801,0.0,0.0,0.0,0.0,3.2281482219696045,96.48673248291016
3448,114.18480425618178,22.32149499917581,15.09487247467041,4.325619697570801,0.0,0.0,0.0,0.0,3.2281482219696045,96.48673248291016
3449,114.1924111321312,22.384374215313947,34.55337142944336,0.010549522936344147,17.534072875976562,3.952416382793447e-24,6.39776122704494e-12,0.0,4.231527328491211,383.0519104003906
3450,114.1924111321312,22.384374215313947,34.55337142944336,0.010549522936344147,17.534072875976562,3.952416382793447e-24,6.39776122704494e-12,0.0,4.231527328491211,383.0519104003906
3451,114.16862648185958,22.447497861517768,104.62847137451172,218.43882751464844,1.4726332653314245e-10,59.56500244140625,294.00970458984375,82.08148956298828,3.577092409133911,1831.460693359375
3452,113.98024006952818,22.40337302154608,0.0,0.0,9.20226186917894e-11,0.0,0.0,0.0,2.610755443572998,71.17463684082031
3453,113.98024006952818,22.40337302154608,0.0,0.0,9.20226186917894e-11,0.0,0.0,0.0,2.610755443572998,71.17463684082031
3454,114.19231489766372,22.30435437423868,11.318431854248047,21.9876708984375,4.6902145361960024e-11,322.8202819824219,5.0727421395391215e-12,0.0,2.2535817623138428,2133.048583984375
3455,114.19231489766372,22.30435437423868,11.318431854248047,21.9876708984375,4.6902145361960024e-11,322.8202819824219,5.0727421395391215e-12,0.0,2.2535817623138428,2133.048583984375
3456,114.19231489766372,22.30435437423868,11.318431854248047,21.9876708984375,4.6902145361960024e-11,322.8202819824219,5.0727421395391215e-12,0.0,2.2535817623138428,2133.048583984375
3457,114.14202579217472,22.49201431579883,0.0,0.0,0.0,0.0,0.0,0.0,4.131161212921143,72.18268585205078
3458,114.10873398768344,22.36860236302392,1.7020929590216838e-06,7.528306363190156e-22,7.1908979415893555,0.0,7.750308036804199,0.0,5.821695804595947,3172.5439453125
3459,114.10873398768344,22.36860236302392,1.7020929590216838e-06,7.528306363190156e-22,7.1908979415893555,0.0,7.750308036804199,0.0,5.821695804595947,3172.5439453125
3460,114.16824535653082,22.325901895693026,5.118938051218436e-10,3.277269566837049e-10,4.7075940368124236e-11,0.0,1.9743270907035537e-10,0.0,2.554670572280884,149.2401885986328
3461,114.27385118856174,22.29785115682398,0.0,0.0,9.578944489821092e-14,0.0,0.0,0.0,5.143415927886963,111.06737518310547
3462,114.149594437164,22.250954653553386,4.318285728999172e-09,15.04544734954834,2.1120225360271583e-11,0.0,61.683616638183594,0.0,3.5250000953674316,75.03544616699219
3463,114.16807996497148,22.332033653204736,5.198006469697702e-10,3.2671643168669107e-10,1.849245583052106e-11,0.0,1.8216210484478523e-10,0.0,3.3644068241119385,108.83132934570312
3464,114.10686238128142,22.34455321520607,0.0629192665219307,0.0,3.681713342666626,0.0,0.0,0.0,5.272631645202637,661.1576538085938
3465,114.10686238128142,22.34455321520607,0.0629192665219307,0.0,3.681713342666626,0.0,0.0,0.0,5.272631645202637,661.1576538085938
3466,114.10686238128142,22.34455321520607,0.0629192665219307,0.0,3.681713342666626,0.0,0.0,0.0,5.272631645202637,661.1576538085938
3467,114.17140462603383,22.455336407461733,114.33126068115234,120.081298828125,4.726897206985825e-10,287.9654846191406,260.785888671875,86.10002899169922,3.6406044960021973,333.7487487792969
3468,114.17232232321771,22.31746748751945,1.0331913012025517e-19,1.9856803701312487e-11,4.88545204291313e-10,0.0,0.0,0.0,2.200443744659424,159.8740234375
3469,114.20531649888471,22.28954239754417,3.086604236091084e-11,1.220799313418966e-13,7.296310901641846,0.0,7.757944583892822,0.0,3.5816917419433594,109.81188201904297
3470,114.2137790235444,22.21834292253577,0.0,0.0,0.0,0.0,5.679360047243147e-20,0.0,3.4693593978881836,78.46965789794922
3471,114.23659554089028,22.320246989149386,0.0,4.398491119939063e-13,0.0,0.0,0.0,0.0,4.994834899902344,47.836936950683594
3472,114.23659554089028,22.320246989149386,0.0,4.398491119939063e-13,0.0,0.0,0.0,0.0,4.994834899902344,47.836936950683594
3473,114.23659554089028,22.320246989149386,0.0,4.398491119939063e-13,0.0,0.0,0.0,0.0,4.994834899902344,47.836936950683594
3474,114.19985362333226,22.292126023373257,0.0,1.644352514394709e-12,3.691399574279785,0.0,31.006916046142578,0.0,3.6714744567871094,207.5220947265625
3475,114.19674471502285,22.33515724619476,3.831483840942383,18.766220092773438,30.08139991760254,4.451699860343214e-24,0.0,0.0,3.094074010848999,152.8373565673828
3476,114.1905592634771,22.31415273938364,2.0404236026477784e-12,2.6886143051491063e-12,2.22091418525982e-23,0.0,0.0,0.0,2.593480348587036,508.2560729980469
3477,114.1905592634771,22.31415273938364,2.0404236026477784e-12,2.6886143051491063e-12,2.22091418525982e-23,0.0,0.0,0.0,2.593480348587036,508.2560729980469
3478,114.13211502736664,22.36587425788964,0.0,0.0,8.187513285539469e-32,0.0,1.6709419221536126e-12,0.0,2.7411587238311768,113.76598358154297
3479,114.1652549950344,22.335410912367955,3.399402426218501e-10,0.0,0.0,0.0,1.3155437850187468e-10,0.0,3.7859392166137695,93.27079772949219
3480,114.13668900621914,22.260696064639543,33.856903076171875,60.78694152832031,0.0,0.0,23.183029174804688,0.0,3.671875,56.022064208984375
3481,114.25764819601132,22.30389248264927,0.0,0.0,0.0,0.0,0.0,0.0,4.9830780029296875,447.1792297363281
3482,114.25764819601132,22.30389248264927,0.0,0.0,0.0,0.0,0.0,0.0,4.9830780029296875,447.1792297363281
3483,114.25764819601132,22.30389248264927,0.0,0.0,0.0,0.0,0.0,0.0,4.9830780029296875,447.1792297363281
3484,114.15587817138768,22.33399217066417,0.0,0.0,0.0,0.0,0.0,0.0,3.6621761322021484,158.17999267578125
3485,114.15571660224656,22.50386457040357,1.757947325706482,0.00013619931996800005,0.0,0.0,24.009479522705078,7.12229941690623e-10,5.843283653259277,49.20623779296875
3486,114.26931603575056,22.38135943000619,3.7622807025909424,9.377185821533203,3.686697006225586,0.0,0.0,0.0,3.11011004447937,187.15753173828125
3487,114.26931603575056,22.38135943000619,3.7622807025909424,9.377185821533203,3.686697006225586,0.0,0.0,0.0,3.11011004447937,187.15753173828125
3488,114.03499420399444,22.44236967357129,2.0671141101047397e-06,0.0,0.0,0.0,1.0764444891009362e-12,0.0,3.567251443862915,109.776123046875
3489,114.03499420399444,22.44236967357129,2.0671141101047397e-06,0.0,0.0,0.0,1.0764444891009362e-12,0.0,3.567251443862915,109.776123046875
3490,114.23681862888056,22.31989471373884,0.0,4.3155821798090965e-13,0.0,0.0,0.0,0.0,4.994053363800049,54.40304946899414
3491,114.16934241166342,22.32159435886508,3.9346423341690695e-10,3.4491129397018483e-10,3.68246350079815e-10,0.0,1.448595271513753e-10,0.0,2.18268084526062,170.68812561035156
3492,114.16934241166342,22.32159435886508,3.9346423341690695e-10,3.4491129397018483e-10,3.68246350079815e-10,0.0,1.448595271513753e-10,0.0,2.18268084526062,170.68812561035156
3493,114.19249918956076,22.303442264783275,11.307235717773438,21.922683715820312,5.198597108346803e-11,514.0913696289062,4.297876724651539e-12,0.0,2.33695650100708,1827.9571533203125
3494,114.19249918956076,22.303442264783275,11.307235717773438,21.922683715820312,5.198597108346803e-11,514.0913696289062,4.297876724651539e-12,0.0,2.33695650100708,1827.9571533203125
3495,114.13471183002784,22.28637871400297,8.963487070634546e-12,8.613307116156488e-12,0.0,0.0,0.0,0.0,3.0342466831207275,186.06021118164062
3496,114.15552215583476,22.50432509459182,7.919658184051514,0.7148648500442505,0.0,0.0,30.464372634887695,0.05070964992046356,5.877408027648926,56.358055114746094
3497,114.17453589688697,22.278048884417583,0.0,0.0,2.127396349360655e-11,0.0,0.0,0.0,3.0690088272094727,153.35177612304688
3498,114.15250114405248,22.32822115773374,0.0,0.0,3.3149573364088525e-11,9.404534095924788e-11,0.0,0.0,5.289383411407471,1219.6876220703125
3499,114.15250114405248,22.32822115773374,0.0,0.0,3.3149573364088525e-11,9.404534095924788e-11,0.0,0.0,5.289383411407471,1219.6876220703125
3500,114.15250114405248,22.32822115773374,0.0,0.0,3.3149573364088525e-11,9.404534095924788e-11,0.0,0.0,5.289383411407471,1219.6876220703125
3501,114.19015972951856,22.39934700836211,1.377912757852262e-12,0.0,172.83506774902344,0.0,7.49794063642506e-12,0.0,3.0118343830108643,100.16264343261719
3502,114.19015972951856,22.39934700836211,1.377912757852262e-12,0.0,172.83506774902344,0.0,7.49794063642506e-12,0.0,3.0118343830108643,100.16264343261719
3503,114.19015972951856,22.39934700836211,1.377912757852262e-12,0.0,172.83506774902344,0.0,7.49794063642506e-12,0.0,3.0118343830108643,100.16264343261719
3504,113.9322515257127,22.277006807477743,0.0,0.0,0.0,0.0,0.0,0.0,4.501231670379639,56.25595474243164
3505,113.9322515257127,22.277006807477743,0.0,0.0,0.0,0.0,0.0,0.0,4.501231670379639,56.25595474243164
3506,114.10884562752392,22.3786353281557,37.827476501464844,52.92682647705078,1.6601976737806723e-11,1.0588190046956214e-11,102.5220947265625,0.0,4.525876522064209,51.98157501220703
3507,114.10884562752392,22.3786353281557,37.827476501464844,52.92682647705078,1.6601976737806723e-11,1.0588190046956214e-11,102.5220947265625,0.0,4.525876522064209,51.98157501220703
3508,114.10884562752392,22.3786353281557,37.827476501464844,52.92682647705078,1.6601976737806723e-11,1.0588190046956214e-11,102.5220947265625,0.0,4.525876522064209,51.98157501220703
3509,114.25826808376335,22.30177901070973,0.0,0.0,0.0,0.0,0.0,0.0,4.705036163330078,574.0497436523438
3510,114.25826808376335,22.30177901070973,0.0,0.0,0.0,0.0,0.0,0.0,4.705036163330078,574.0497436523438
3511,114.25826808376335,22.30177901070973,0.0,0.0,0.0,0.0,0.0,0.0,4.705036163330078,574.0497436523438
3512,114.1552552110866,22.28196676439636,7.560509204864502,9.39543628692627,0.0,5.057214579678268e-29,1.3584199835549012e-15,0.0,2.449655055999756,190.40170288085938
3513,114.1552552110866,22.28196676439636,7.560509204864502,9.39543628692627,0.0,5.057214579678268e-29,1.3584199835549012e-15,0.0,2.449655055999756,190.40170288085938
3514,114.01653509956203,22.308104890182875,8.642830848693848,6.252994537353516,0.0,0.0,173.318115234375,0.0,5.567251682281494,60.798980712890625
3515,114.26315985030789,22.30271566460649,0.0,0.0,2.0293328649445552e-12,0.0,0.0,0.0,4.809057712554932,1342.05859375
3516,114.26315985030789,22.30271566460649,0.0,0.0,2.0293328649445552e-12,0.0,0.0,0.0,4.809057712554932,1342.05859375
3517,114.2705976854477,22.294096334886085,0.0,0.0,2.683832973568445e-12,0.0,0.0,0.0,4.292461395263672,77.79560089111328
3518,113.933347740399,22.27713488297399,0.0,0.0,0.0,0.0,0.0,0.0,5.061104774475098,64.16902160644531
3519,113.933347740399,22.27713488297399,0.0,0.0,0.0,0.0,0.0,0.0,5.061104774475098,64.16902160644531
3520,113.933347740399,22.27713488297399,0.0,0.0,0.0,0.0,0.0,0.0,5.061104774475098,64.16902160644531
3521,114.1570226929599,22.340376930599657,0.0,0.0,0.0,0.0,0.0,0.0,3.55047607421875,123.48249053955078
3522,114.1570226929599,22.340376930599657,0.0,0.0,0.0,0.0,0.0,0.0,3.55047607421875,123.48249053955078
3523,114.1570226929599,22.340376930599657,0.0,0.0,0.0,0.0,0.0,0.0,3.55047607421875,123.48249053955078
3524,114.2705976854477,22.294096334886085,0.0,0.0,2.683832973568445e-12,0.0,0.0,0.0,4.292461395263672,77.79560089111328
3525,114.15234500027049,22.333025403484257,0.0,0.0,3.364630796198753e-11,9.692116553772223e-11,0.0,0.0,3.2169811725616455,1265.1856689453125
3526,114.15234500027049,22.333025403484257,0.0,0.0,3.364630796198753e-11,9.692116553772223e-11,0.0,0.0,3.2169811725616455,1265.1856689453125
3527,114.05511483388447,22.47353203459537,0.0,0.0,0.0,0.0,0.0,0.0,6.89793586730957,76.26471710205078
3528,114.05511483388447,22.47353203459537,0.0,0.0,0.0,0.0,0.0,0.0,6.89793586730957,76.26471710205078
3529,114.05511483388447,22.47353203459537,0.0,0.0,0.0,0.0,0.0,0.0,6.89793586730957,76.26471710205078
3530,114.1613238677999,22.33325227582112,0.0,0.0,0.0,0.0,0.0,0.0,2.6253061294555664,164.1922149658203
3531,114.1613238677999,22.33325227582112,0.0,0.0,0.0,0.0,0.0,0.0,2.6253061294555664,164.1922149658203
3532,114.25853022732451,22.301977552282377,0.0,0.0,0.0,0.0,0.0,0.0,4.715789318084717,583.3348999023438
3533,114.25853022732451,22.301977552282377,0.0,0.0,0.0,0.0,0.0,0.0,4.715789318084717,583.3348999023438
3534,114.25853022732451,22.301977552282377,0.0,0.0,0.0,0.0,0.0,0.0,4.715789318084717,583.3348999023438
3535,114.26771446691976,22.29244537251328,0.0,0.0,6.115514278411865,0.0,0.0,0.0,6.4516730308532715,14.556715965270996
3536,114.16536178912028,22.33521224727583,3.6630465327647244e-10,0.0,0.0,0.0,1.3838236112562186e-10,0.0,3.661224603652954,98.60920715332031
3537,114.17424405963266,22.31849701749965,0.0,0.0,1.2504491886389246e-10,0.0,0.0,0.0,2.4979355335235596,134.39157104492188
3538,114.17424405963266,22.31849701749965,0.0,0.0,1.2504491886389246e-10,0.0,0.0,0.0,2.4979355335235596,134.39157104492188
3539,114.17424405963266,22.31849701749965,0.0,0.0,1.2504491886389246e-10,0.0,0.0,0.0,2.4979355335235596,134.39157104492188
3540,114.16214894333982,22.333378780770992,0.0,0.0,0.0,0.0,0.0,0.0,2.737288236618042,160.76898193359375
3541,114.15680360662368,22.4467472995016,7.207240446810426e-13,1.2292408098899844e-14,1.1549441958358386e-11,0.0,7.583529949188232,0.0,5.918956279754639,37.51261901855469
3542,114.2215573395967,22.30904486288032,0.0,3.4596839282308167e-12,14.760775566101074,0.0,0.0,0.0,4.3487348556518555,240.0017547607422
3543,114.2215573395967,22.30904486288032,0.0,3.4596839282308167e-12,14.760775566101074,0.0,0.0,0.0,4.3487348556518555,240.0017547607422
3544,114.2569004872605,22.30313428250036,0.0,0.0,0.0,0.0,0.0,0.0,5.33510160446167,401.8193664550781
3545,114.2569004872605,22.30313428250036,0.0,0.0,0.0,0.0,0.0,0.0,5.33510160446167,401.8193664550781
3546,114.22838371411122,22.424281551917733,7.546694278717041,47.27568817138672,0.0,0.0,27.90138816833496,0.0,3.444962739944458,3005.5986328125
3547,114.22838371411122,22.424281551917733,7.546694278717041,47.27568817138672,0.0,0.0,27.90138816833496,0.0,3.444962739944458,3005.5986328125
3548,113.97725400096654,22.39976620787752,0.0,0.0,1.078593117598281e-10,0.0,0.0,0.0,2.7170355319976807,93.28970336914062
3549,114.18720191453389,22.324854243082967,8.980002403259277,9.3492431640625,0.0,0.0,0.0,0.0,3.353691816329956,118.33817291259766
3550,114.1614024557419,22.324772565415973,7.5403923988342285,0.0,0.0,0.0,0.0,0.0,2.22001314163208,819.4558715820312
3551,114.1614024557419,22.324772565415973,7.5403923988342285,0.0,0.0,0.0,0.0,0.0,2.22001314163208,819.4558715820312
3552,114.1614024557419,22.324772565415973,7.5403923988342285,0.0,0.0,0.0,0.0,0.0,2.22001314163208,819.4558715820312
3553,114.12874599719076,22.280723881120984,0.0,0.0,0.0,0.0,0.0,0.0,2.8800833225250244,103.39596557617188
3554,114.12874599719076,22.280723881120984,0.0,0.0,0.0,0.0,0.0,0.0,2.8800833225250244,103.39596557617188
3555,114.13471183002784,22.28637871400297,8.963487070634546e-12,8.613307116156488e-12,0.0,0.0,0.0,0.0,3.0342466831207275,186.06021118164062
3556,113.97193317041749,22.3990371153233,0.0,0.0,5.653989429421635e-11,0.0,0.0,0.0,3.352595567703247,128.44873046875
3557,113.97193317041749,22.3990371153233,0.0,0.0,5.653989429421635e-11,0.0,0.0,0.0,3.352595567703247,128.44873046875
3558,114.27249914456088,22.29326440857973,0.0,0.0,2.3435160062534877e-12,0.0,0.0,0.0,5.2540130615234375,71.14450073242188
3559,114.27249914456088,22.29326440857973,0.0,0.0,2.3435160062534877e-12,0.0,0.0,0.0,5.2540130615234375,71.14450073242188
3560,114.15851804247345,22.337261559004684,0.0,0.0,0.0,0.0,0.0,0.0,2.7420718669891357,141.03506469726562
3561,114.26771446691976,22.29244537251328,0.0,0.0,6.115514278411865,0.0,0.0,0.0,6.4516730308532715,14.556715965270996
3562,114.264645955671,22.304746753044675,0.0,0.0,2.043410145952107e-12,0.0,0.0,0.0,5.170486927032471,1414.4072265625
3563,114.264645955671,22.304746753044675,0.0,0.0,2.043410145952107e-12,0.0,0.0,0.0,5.170486927032471,1414.4072265625
3564,114.264645955671,22.304746753044675,0.0,0.0,2.043410145952107e-12,0.0,0.0,0.0,5.170486927032471,1414.4072265625
