school_id,school_lon,school_lat,ratio_Enclosure_degree_r300,ratio_Greening_degree_r300,ratio_Openness_r300,ratio_Pedestrian_density_r300,ratio_Protection_r300,ratio_Street_furniture_r300,ratio_Surveillance_and_lighting_r300,ratio_Traffic_flow_r300,svi_count_r300
0,114.17678698896958,22.37514576618141,48.5068585514243,9.996381772109887,12.499718759574142,0.5349044550478069,0.5760105606777216,1.3362778557671444,0.08959676705154718,3.293695262834138,255
1,114.17678698896958,22.37514576618141,48.5068585514243,9.996381772109887,12.499718759574142,0.5349044550478069,0.5760105606777216,1.3362778557671444,0.08959676705154718,3.293695262834138,255
2,113.98163749920586,22.411086726575,27.930077043159923,17.982758668364667,20.535397151159863,0.15001145620194692,0.22597388615683903,0.8542159247019935,0.09461836840109851,1.9017605554489865,126
3,114.06602323770548,22.44114775207405,23.192778461055667,19.153577987461873,30.19725895363446,0.09220114581661137,0.12037198837489298,0.8438040676726599,0.10746559595952838,2.7215761681125588,73
4,113.9794347782843,22.39593996654689,35.186984005584016,17.732676850061985,15.40022244736484,0.23854747754798084,0.30461054414374644,0.9784816062613709,0.11106865591110159,3.816478764085465,73
5,113.99898856295827,22.430106818238063,24.859786134228926,23.20670437712207,25.998767015803217,0.15659734669616956,0.0813544551028481,0.866094017833597,0.0624950425031316,2.3880387157327516,79
6,114.17147298971294,22.446089230616288,21.58125573856907,23.993787029144233,22.46195241780829,0.19123199520362527,0.18842233776372705,0.8615342910680394,0.10578367445203994,4.139529693373628,177
7,114.2237635596016,22.549534691886738,20.336206754048664,35.40457089742024,20.68984111150106,0.06623268127441406,0.01857280731201172,1.3868848482767742,0.09824037551879883,0.8958677450815836,16
8,114.17597138947195,22.370892381948103,44.48413172075825,7.576707614365444,18.800920671032323,0.20676418017315606,0.17435996763167844,0.8766416324082242,0.10141024025537634,1.5484036681472613,155
9,114.1440264038863,22.49747812642968,33.21171429558718,12.627293891513467,20.985722296016732,0.26202513180237863,0.39399841806732916,0.9808253586497092,0.06001986998463005,5.166483416999739,194
10,114.13102150059336,22.50282094460618,29.69397195701391,23.93303881577455,12.509572049959111,0.9756298013072195,0.46703802431867425,1.386457974793481,0.08620981310234695,3.506412532160191,244
11,114.11447052354504,22.372424590584007,49.72476081468574,5.8289551616308115,12.353810267661933,1.2102785395152533,0.7978140418209246,1.2534300486246748,0.06978096653572956,5.270104384540918,268
12,114.11619093216088,22.36826216818497,46.86958729719915,8.091150946309922,9.848299347052054,1.199616771452233,0.7622236631163697,1.6614172638965254,0.08147637717196253,6.404302367309228,238
13,114.13503906086925,22.490405243586626,23.54973645100106,31.224440898832313,14.946058795790465,0.227447232790906,0.06367522891205137,0.7766235779614338,0.07882574603895937,1.2077177318409331,101
14,114.10422639216004,22.354594032960165,32.55487853645259,17.871768250424637,15.28979142506917,0.31858183379866123,0.3030785128601596,0.9275220398210052,0.08293543106470352,2.212601237826877,156
15,114.12103874583512,22.361111723428923,35.9733548080712,13.43621634002915,14.779968787554214,0.12477693103608632,0.25267063226914943,0.793899689103129,0.052605057718759785,3.5645740671564163,133
16,114.12702484954124,22.345779794896853,32.88978475148605,8.491882623410692,21.209213246150508,0.16807614922189582,0.1717815880014115,0.6567460816113554,0.07029674968131785,3.3986521702186736,119
17,114.16694550890575,22.451760139402435,32.86391611153123,20.21479364168846,14.043181898903711,0.8681825325313935,0.31121908608129467,1.3177794925237105,0.10249170206360898,4.147483400032345,236
18,114.14267470027517,22.50095454679629,32.245781359154634,14.66884416587344,18.751769476615536,0.28713026296779903,0.47718701737650326,1.085478536198648,0.06483753075760403,5.036717854189068,178
19,114.0392901881898,22.28195509525632,,,,,,,,,0
20,114.11914221643664,22.36913017845032,48.434912363688156,9.556184132893879,8.229408772786458,0.9657886505126954,0.5054316202799479,1.8169672648111983,0.11437060038248698,5.947163518269856,250
21,114.11480031499994,22.373183281942666,49.550189867697135,5.737979555390571,12.865240847478148,1.1881416612635545,0.622211779401602,1.2367755337491062,0.0648579310849716,5.012043317159017,244
22,114.12851310730544,22.36533139036268,34.661268965106146,16.7670609423676,13.406383359915,0.20872395357981652,0.05958771037164135,0.8308859257683202,0.04908006139262071,3.408974799040322,107
23,114.1281042264864,22.368482925972987,39.678698778152466,11.900814090456281,13.026328597749982,0.2880672613779704,0.12698684419904435,0.8950338477180119,0.05987485249837239,3.7436706679207936,112
24,114.13038689753492,22.365557702351893,36.94473113456781,15.664107144023962,11.797066616605958,0.33319825963672356,0.11919258284742815,0.6780573341388191,0.031799817607350594,4.019798269527092,137
25,114.13965771605014,22.37095132845076,42.03321127744995,13.444805145263674,9.968605672777684,0.5607679380592725,0.6799373220890126,0.9491036687900553,0.06961777418781397,4.210778049261575,141
26,114.14187254343835,22.36673456068288,38.56014258472632,13.14223844108852,13.025344686305269,0.3015680516019781,0.22035963991855054,0.756285714764967,0.06032362051889406,1.9123043574339957,94
27,114.1234335886885,22.369619300062777,39.90938344232717,12.807570699273352,13.022729813882767,0.4040325469101257,0.4935041791693098,1.0946048290980848,0.0625539709020544,4.1859482767914775,234
28,114.1387180197097,22.36313066225869,37.700367294979415,17.131416885941118,11.598201070971763,0.3307181978065156,0.3789015490599353,0.92517037182946,0.05783569130431923,2.855392417522392,99
29,114.1394848111201,22.36395262046737,40.826438180532655,16.14725888686807,10.529837768741341,0.33521506399918766,0.3415326459692159,0.8758390350808426,0.05345067482111286,3.0584142842424025,109
30,114.16801457144128,22.44551112956474,35.71324138521398,19.046531683244044,14.208171802496759,0.6268199884666585,0.5702162688633181,1.2519181149560703,0.07328567264964744,4.567875652193274,212
31,113.97506632219869,22.39483285760559,48.86262239503466,7.983916915809485,11.476312590039466,1.1195538786160386,0.5562753388375947,1.6401143770244169,0.09923283390433993,4.496411121252811,242
32,114.13206703568626,22.36414038062428,43.38156464812043,11.176666036828772,10.67068133003268,0.3428353891744242,0.20318464799360794,0.7979630391835134,0.04184111888274486,5.243642815263756,154
33,113.96719332237326,22.38652383978912,30.783543941214212,17.09161410800559,20.735634087944486,0.1687525559386475,0.261773308404058,0.7893319896085086,0.08037347587750113,1.4950320017423562,139
34,114.12615566381793,22.36013810694285,42.11999562374622,10.412074815290085,13.40827683446207,0.7344597400365482,0.4505348722463055,1.0952473979009199,0.07080657049246275,5.483928928530313,123
35,114.12615566381793,22.36013810694285,42.11999562374622,10.412074815290085,13.40827683446207,0.7344597400365482,0.4505348722463055,1.0952473979009199,0.07080657049246275,5.483928928530313,123
36,114.1264168584138,22.3627570465562,34.45995064819751,13.939905166625977,16.45318212963286,0.2762019228773052,0.09696726896324936,0.8523026291204958,0.04932766868954613,3.5329698705348833,98
37,114.19073134194414,22.385593488730585,35.03029159784851,13.386459691945872,18.709703739857513,0.6625962737422662,0.24846352186779047,1.5506624908788624,0.0763961399428263,3.801236803366301,149
38,114.12760744702338,22.51068540129112,19.042522085588534,26.590173796745344,18.71716343076889,0.0790396652652719,0.052545838436837924,1.112872193762138,0.06461816992463365,5.514106642728471,59
39,114.13387841933596,22.377867284838658,23.23903257741868,24.31411443266479,17.193604715215336,0.31472392052224596,0.04338678323997641,0.9648413028357163,0.06056251765796974,3.381483209957867,53
40,114.13418856196728,22.37976377744235,23.685685089368857,26.296521037942746,16.144975428842795,0.12352899157045258,0.27239030926539426,0.931788094436066,0.06984235868172303,2.6685642290718947,79
41,114.12308763237088,22.360281606338457,36.678931698109366,13.260650034970457,16.431932929176956,0.18366567743649273,0.1310600424712559,0.7539827118879593,0.05219057670929147,2.427673039946166,106
42,114.12308763237088,22.360281606338457,36.678931698109366,13.260650034970457,16.431932929176956,0.18366567743649273,0.1310600424712559,0.7539827118879593,0.05219057670929147,2.427673039946166,106
43,114.191712130992,22.38581013399825,31.959899910935416,14.738928734719215,20.119708937567633,0.5740822972478093,0.21469399735734268,1.4147047523979668,0.07283816466460356,3.473569680978586,148
44,114.12295048295935,22.363469342867813,37.69772710765989,15.90531701255443,13.548114051955574,0.15431099895080785,0.03807108889343918,0.7316657719219029,0.038401285807291664,3.2272660176813814,93
45,113.9694292687413,22.40447025970145,29.527025841493202,14.745567202301368,19.11620944405029,0.2690707810506458,0.3133684196728188,0.7356144437853923,0.08352544217035009,3.214861935950499,149
46,113.97189059149956,22.401583651781404,34.749833532531845,13.755106042932582,16.091078130866695,0.7582378555647701,0.17613473182422562,1.4069018961050312,0.10714404797427869,4.068114770152581,189
47,114.10755953736448,22.34819283030293,33.08368771454024,16.77052466595759,15.45968159951799,0.23045383515905166,0.1042647439925397,0.8381473562105106,0.1187796149748922,2.166795470024067,122
48,114.19379019722724,22.38584605161577,28.31162145315123,15.905972683068477,20.225017589642654,0.6275423958938642,0.2810170827818311,0.9109047818775018,0.08394225569795971,3.2182543730932816,121
49,114.19727684409987,22.38962040520335,21.27127529175813,16.566052449964626,26.436135788594395,0.1566592655234429,0.14855250839359505,0.8985937134293486,0.08520988065020768,3.118168486708124,121
50,114.12975995953502,22.35318567088845,26.497727038174272,18.37335543075518,19.636712522588226,0.24235825932603275,0.10454552805321848,0.7241134969597189,0.05148917521506634,2.3811247953322536,117
51,113.97227848394476,22.38869766462697,27.69282583206419,21.753872008550736,18.869230860755557,0.47229774414546905,0.017711094447544644,1.156140130663675,0.09620681641593813,2.105870701017834,84
52,114.02005074448456,22.44467667373351,23.127146242222107,17.04107719362924,22.734251241574345,0.2716713024738648,0.1260454170548596,0.888097697290881,0.06552765652594437,2.879967817401521,174
53,114.16692588020716,22.454550545877225,32.34075634978538,21.648542123247488,12.005775067233301,0.8152055370715237,0.2327683914539426,1.2015274698420089,0.08812349896098293,3.378949128380117,215
54,113.97721203952597,22.38834260953021,40.60997496480527,16.92315149998319,10.926338900690494,0.6343090015908946,0.5364803300387618,1.3575901155886443,0.08340141047602115,3.2700718313023662,184
55,114.17408756787488,22.379651977363785,19.207535912008847,25.906454348096656,15.221055348714195,0.27517954508463544,0.10842117608762256,0.9130156273935354,0.11423522350834867,2.2752746881223196,85
56,113.97760321926177,22.38641056928904,40.33171847896022,14.319030923864716,13.708572259685337,0.56465477484718,0.6097381813680831,1.1837161360704394,0.07304441208807413,3.901318415699389,149
57,114.19490788141908,22.393341259074248,24.509830050998264,20.51968129475911,21.29333199395074,0.24766964382595488,0.18032243516710067,0.8393304612901477,0.04415596856011284,2.2026888529459634,75
58,113.97704971783196,22.386409886629565,40.808330112033424,14.349477344089083,13.976282331678604,0.4820016225179036,0.5540981292724608,1.1392508612738717,0.07787640889485677,3.660276201036242,150
59,114.1221985406915,22.374612772504168,30.080498101418478,17.774518749170138,23.654842167569885,0.22848509905631081,0.08262207633570622,0.875372008273476,0.10116267622562876,2.9101729393005376,152
60,114.12820432048372,22.49925311475747,29.529345865214705,20.114355995541526,17.984430606548603,0.33615447662688874,0.1803083734197931,0.7586512373480604,0.0639489282181848,3.410930423946171,182
61,114.17778705248044,22.36795745629253,35.72898899112736,11.826471093896629,18.878290674707912,0.3540594656546195,0.29955511694555886,0.7287707056727137,0.08642036277610618,2.1049089975901194,111
62,113.96373262320186,22.37622457035609,23.963295658932456,25.351492966277686,15.721985056430478,0.2339717205063703,0.45475537263894383,0.6938717033289656,0.06760464438909217,3.3080491335583133,79
63,114.11194437396202,22.501297284245965,23.348607573398322,25.5092650420906,23.599970987600873,0.10195000227107558,0.31842298285905707,0.9172964465710545,0.08619071901306626,2.1755418112111644,86
64,114.17560175306356,22.44721812167804,22.71413159516692,21.725930367998306,21.373919036490783,0.13655602078740095,0.12423041408047354,0.9051915814296356,0.09909378238982218,2.4259822744045763,163
65,114.1190527036348,22.374286580783707,43.32754224296507,8.204778035481771,21.60476785365159,0.7543844905326037,0.42791715482386145,0.8654464551103791,0.09458394554572375,3.2954334243526304,164
66,114.1924101078913,22.375172108172496,31.37565071200147,18.220426221933874,16.811073366016025,0.3533602742010674,0.4268693335262346,0.8410359606330777,0.06246684510030865,2.253517103783879,81
67,113.96356612593902,22.39627200474828,22.13974380493164,35.89487965901692,13.872163136800133,0.11427815755208334,0.0167236328125,0.5730463663736979,0.017824808756510414,2.571512858072917,25
68,113.97402515438516,22.389566789808057,38.94033867825744,17.039848399418656,13.704745487500261,0.787062286048807,0.18520252678983953,1.2864815291538034,0.10665975591187837,2.2278880560269925,124
69,114.18118539896096,22.370549165320323,28.091844149998256,13.921071688334148,20.678884415399462,0.33772059849330355,0.4020459311349051,0.9710034869966053,0.07374445597330728,2.781817799522763,140
70,114.04953835985036,22.472561475509018,19.33131085501777,14.930079380671181,36.93774541219076,0.1162952846950955,0.13222297032674155,1.3594216770595977,0.11921193864610459,1.6621503565046523,48
71,113.96412022065914,22.37674884849484,21.584301728468674,25.70579561412844,17.05364854926737,0.13228033342932025,0.49879123003054887,0.7476431691748464,0.0705706767546825,2.5485046908386755,78
72,113.97725881490936,22.38958887311125,40.15775595333977,17.020246499182843,11.398246935552747,0.8016802600978576,0.43573035407312133,1.3131316994473698,0.07310405219953085,2.612154590305184,194
73,114.10401556190357,22.34929300378754,25.966881962951472,27.35607854302427,14.162871993590738,0.3646241541592131,0.23753977267541618,1.0937384727216584,0.045140287215093215,2.6651376504393007,107
74,113.96285615625423,22.37791211436654,13.309291998545328,27.92341709136963,20.657390356063843,0.07434553570217557,0.7687807083129883,0.5959312121073405,0.05941258536444769,1.150255070792304,48
75,113.96145193745429,22.375490081519704,18.459593454996742,25.050459469065945,20.15466764861462,0.3707197600719976,0.23197174072265625,0.9309405906527649,0.18045762005974264,3.366567200305415,85
76,114.13499627319418,22.503427062072507,16.44708656129383,30.45212844061473,22.228153546651203,0.1056338113451761,0.038478488013857885,0.49072295900375124,0.023481959388369604,2.6187457735576323,84
77,114.17314389484558,22.447362571361555,21.416025782910342,20.272222606615088,23.521764981792344,0.19838362361279485,0.22226530930091595,0.8684052361382378,0.10434786478678386,3.695895205969098,174
78,114.09872403191382,22.350464510557124,23.36560477558365,24.318935932257233,16.97274436298599,0.29385232517861914,0.19761272984692171,0.8730827233730218,0.07099127158140525,4.129509233001969,78
79,113.96683707404311,22.397432185058747,41.17726159474206,15.118253193204364,10.82245569380503,0.3260327899266803,0.3297960190545945,1.2568864368257069,0.07145896790519593,5.024494292244079,105
80,114.16848992827998,22.456609575359945,27.39784022739956,22.263389587402347,13.897181374686102,0.18169421241396952,0.03439222063337054,0.6967066810244607,0.05224046253022694,3.308972494942801,175
81,113.97879956731543,22.391893538264583,34.27594267291787,19.986583803906854,12.870220843656563,0.5126522205494068,0.19555174274209103,1.2031606980312017,0.05272052906177662,2.7198725570867093,135
82,114.18207861036592,22.3688513975846,26.74082948101891,19.388589594099262,18.087839749124313,0.4067891173892551,0.7111191749572754,0.7733785443835788,0.0767423046959771,3.3621172110239663,96
83,114.18016592718044,22.37167800664873,34.666454113595854,8.749192710814437,20.363169763146377,0.41129879835175304,0.1993667788621856,0.940988315799372,0.08143525782639419,2.2230780221582425,164
84,113.97162353416812,22.385030461222424,34.13350087764069,12.049884746080934,23.05869155042754,0.19538108445215102,0.06562630961260457,0.7848987429160771,0.07126975873010992,2.6636414014761214,127
85,114.19597374189176,22.37609284016333,26.53311311809066,17.99178964951459,19.109701642803117,0.41711906981624036,0.35293055515663296,0.8812976039313024,0.058432809667649604,2.6885447159312132,102
86,114.16937444962906,22.44892470911789,34.819162064704344,17.752453900765683,15.016281746121734,0.6026157434435858,0.44943893693966674,1.4201240891367393,0.06755946967284512,4.738729147728882,253
87,114.20361708647094,22.384752030132475,32.847928231762296,13.280088414428056,15.60398353043423,0.316583982077978,0.11073081724105342,0.6678501764933269,0.06441403460758989,3.8210361234603387,124
88,114.17620405012794,22.452266146441847,16.700222255947352,28.784195438877596,19.265187466824738,0.3110100915124108,0.15086268519496057,0.9662021029818882,0.10988218290311796,3.0348892326469534,111
89,113.98006385996769,22.40436615796468,28.108601865515244,20.133416842570348,16.514574461630314,0.4825409183108349,0.5312005327162842,1.3309509704949936,0.10326914379378685,2.733322582413665,113
90,114.13845811215312,22.496321005608333,21.25588985675937,24.24558764892005,21.098740223987562,0.2176195243154893,0.10417078582333847,0.9090231058183411,0.06717628156635123,3.55267882906775,142
91,113.96853406715609,22.373015967873,39.2575593864393,12.200197483758506,15.145958894453708,0.34454543635530294,0.04787804945459906,0.7829609157154396,0.1343631144589598,2.385805237968013,106
92,114.22834151756686,22.415214962940468,25.258808035068412,17.448108410709118,25.435318013347644,0.15195917200159142,0.19782232859778026,1.4163859937556837,0.11087649713748347,2.2910789207175926,63
93,114.17962226591438,22.37547987186532,43.30404168259573,10.398913785160666,15.447486709870725,0.4951958816488891,0.5610409325099422,1.3295322733640056,0.07899380469507025,3.811967465304589,258
94,114.25357477833208,22.326470944836977,18.808217189483003,20.901232932690327,22.074367426618746,0.1784916165508801,0.020645238176176816,0.8067477101515114,0.12620209641597444,2.502015673158541,79
95,114.1742140501819,22.36626872665289,33.11433023022067,11.304938665000341,19.95107973775556,0.2102669849190661,0.0063127087008568545,0.7411431240779097,0.05557460169638357,1.745373715636551,124
96,114.10270253698394,22.353907020774304,30.684455121449712,19.089413146606738,14.932528159601226,0.2695465545288379,0.18718728630376946,0.9183988868475531,0.09438631345899842,2.4537742852592923,139
97,114.23058582853648,22.417029359400747,19.760082386158132,25.2994261847602,22.066081718162252,0.1295449998643663,0.06606207953559028,0.6401076140227141,0.07458792792426215,2.4865736784758394,90
98,113.96644373096804,22.37485548378798,35.50392150878907,15.021603220985048,16.21170929500035,0.3234116236368815,0.10593686785016741,0.8950801122756232,0.10270890735444568,2.8266613824026923,140
99,114.13245938058074,22.50435651299429,19.68178270069976,31.562920792462073,14.170844805295063,0.46520886355883456,0.19921320214119131,0.9072665210183898,0.06217129154292415,2.9775693536349084,146
100,114.0250968781446,22.449711444878865,30.21630043308484,18.381463447117913,16.937209699796217,0.27656968870119414,0.13030979731311537,0.9955534651943537,0.07615524884228293,3.190597116130672,146
101,114.17746703213476,22.45385550493363,13.515099051858291,28.050721097154682,22.74403442330912,0.22245459005135257,0.006808066854671556,0.8624501779776853,0.11490088741795546,2.326086264889257,98
102,113.962229234928,22.40679974901909,28.951403915241205,29.994176023749894,7.185601675382225,1.6549089903472574,0.2486936507686492,1.4681816101074219,0.12231437108849967,3.2870856664514028,31
103,114.02359863804828,22.451651570706733,21.678785880406696,22.59067257245382,19.50987736384074,0.18289407094319662,0.11066913604736328,1.0751394430796304,0.10557969411214194,3.3160924911499023,80
104,114.1420561512813,22.487192086767653,30.251375639121715,25.94013272618955,10.613721328766557,0.32888404674569033,0.5896630706475068,0.9696605502949657,0.06851750161262622,2.8356632084446693,163
105,114.02477710111104,22.448961618511653,33.30097452799479,16.603357526991104,16.26113997565375,0.37527868482801646,0.18910344441731772,1.0972186194525824,0.0885838402642144,3.3800178103976783,150
106,114.10169796158767,22.362512667705293,41.197609901428216,13.645956251356337,12.848147418763903,0.33209588792588973,0.3071659141116672,1.0055783722135756,0.08237858613332112,2.254748344421387,96
107,114.1018537687884,22.36164580797904,41.65285702409415,13.931100395904194,12.312648214142898,0.2947533267667924,0.2817575958953507,0.993329903175091,0.06918496099011652,2.745140009912951,116
108,114.21484178064648,22.38240184669776,22.514625465345084,22.52469212753968,16.61122759932992,0.20662883542618662,0.11688088471034788,0.961741861307396,0.06810254270925462,2.9325899088157796,106
109,113.96143711310997,22.40403537697714,23.49250255486904,34.526335887419876,9.02550526154347,1.369146200326773,0.07617657001201923,1.3888261257073817,0.24082477276141828,0.8119925474509214,13
110,114.17247627137964,22.36078714813332,27.61565336944364,18.11928174174424,18.85326737207724,0.19182786873891844,0.23379630230842752,1.1908639407326989,0.11612709532392788,2.25396122492797,47
111,114.16339959197636,22.450567863979494,33.65929416878514,15.662117862196826,16.148441430752868,0.39692467482632426,0.35742401445984207,1.1702350838474493,0.06892277450157851,4.702086549587351,252
112,114.22239418252444,22.40534642171541,22.32607735527886,23.160892724990845,21.214135487874348,0.60323609246148,0.1217345396677653,1.4182408650716145,0.07132920953962539,1.8014632993274267,96
113,114.23171354881592,22.419683941981493,23.172893778483072,22.505568186442055,16.739758555094397,0.2338422139485677,0.1029052734375,0.9007102966308592,0.06905619303385417,3.0226135253906254,125
114,114.22340285558322,22.54658187624329,15.046501159667969,40.941782792409256,24.617958068847656,0.12922286987304688,0.03714561462402344,0.5781888961791992,0.011157989501953125,0.808250904083252,8
115,114.25637038414536,22.326731484053365,27.006992697715763,26.2719237142139,12.769344449043276,0.4041453202565511,0.07839401563008626,1.1884798606236775,0.12602342499627006,2.2149483362833657,96
116,114.10272040128402,22.35684195731913,25.971581436104795,20.622241619935973,18.475954311410177,0.15686271116905606,0.19482222619335265,0.9242097127068903,0.12254780510446871,2.920510596835736,97
117,114.13229549097068,22.50020248892272,16.07835952844997,30.8708672245119,19.389209100755593,0.26768255143964803,0.050467510905867465,0.8055625886791395,0.07363982119802702,2.4608967667919095,177
118,114.21463726354472,22.38018038559873,20.860592524210613,25.02830530467786,16.720578126740037,0.1951079619558234,0.1621547498201069,0.8289675963552374,0.05763957374974301,2.6001992978547745,76
119,113.97032951752009,22.406467143005308,29.44231816192172,14.79798383380643,19.065346409432333,0.19291621535571654,0.1383672306193641,0.7121064769687937,0.050306082958012664,2.8350773142344914,134
120,114.1312567915986,22.49659004118552,16.077633405986585,27.64024583916915,21.853227782667727,0.1104746366802015,0.026523188540810032,0.7870958562482867,0.07131643462599369,2.6445402178847996,190
121,114.03372293298412,22.441077199033646,37.331659453255796,9.719413613516187,16.811969923594642,0.5244436718168712,0.43320012471032526,1.573423733786931,0.07653728364005921,4.909555684952509,168
122,113.9662702536847,22.40624517540756,27.371753909723544,20.170474117041277,17.366533098505116,0.5229047966520314,0.4368479658917683,1.0740533430724934,0.11388706320992652,3.5146883832729925,123
123,113.96659167087334,22.40563152289404,26.661711246693503,20.00527288399491,18.34882447699539,0.4670549173648952,0.42446681431361605,0.9609591059324121,0.10981225833839395,3.159053652894263,119
124,114.02056035612146,22.4407037774503,22.472286981249614,16.964378432622034,24.222850799560547,0.20627369956364708,0.006035396030970982,1.1136535614255876,0.09796089596218534,2.5876317705426897,84
125,114.13999688240445,22.48391359108569,28.910040782496836,24.760781151074518,10.365748915832707,0.2834019675531883,0.2601553540711009,0.593995902151872,0.05325760680965692,2.961634714669044,109
126,114.26024919689588,22.32038103433225,27.618191623429297,24.38181926241412,13.797237685702356,0.2584100738773501,0.19631114432482216,0.6266064114040798,0.06084261224844914,1.3023981233922446,123
127,114.2058132036171,22.3922108586889,27.893932584732298,9.28331284295945,21.150575970846507,0.2702213469005767,0.10073525565011161,0.930837903703962,0.05473939199296256,4.897965930757069,105
128,114.14116328464426,22.48268571759161,24.097046575050474,26.89948300702856,12.220123419338774,0.2840584571208429,0.2045780146887543,0.7408509560681265,0.061767181489810294,3.4334535627919234,109
129,114.26651891451756,22.319790699291502,27.779520882500545,22.187256481912403,14.96310598320431,0.3445446491241455,0.2735137939453125,1.2688583797878688,0.043192174699571394,2.6382214493221707,96
130,114.23493889900804,22.421272178647563,26.507932850808803,24.138963222503662,14.69487782680627,0.18587256922866358,0.1108429648659446,0.6421623807964904,0.048060128183075874,1.0631994767622515,88
131,114.19793877387326,22.400176986641075,24.394993050388553,21.854998068834735,17.330850369085077,0.21527103646091683,0.00454130626860119,0.8823485601515997,0.06550481079747436,3.33303068050001,63
132,114.16695595352007,22.4414654237848,18.752725919087727,29.850560710543682,15.777920541309175,0.17831779661632718,0.1372030803135463,0.7884107884906587,0.08541856493268694,2.6506443818410235,112
133,114.13110754660994,22.50714652377912,20.216984584413726,30.28763655958505,18.02882846744581,0.28422947587638064,0.0547491270920326,0.9180469074468502,0.07918620931691137,2.292289953122194,116
134,114.17519361919024,22.45659172210646,22.90545689939248,25.933655343874534,16.213426927123407,0.3764480051368174,0.19048488501346472,0.9028945306334833,0.08692356071086844,2.796686056888465,132
135,114.00631240165242,22.45413565734232,24.150339308239165,11.845835049947102,25.130460375831245,0.2268520991007487,0.04255839756556919,0.7391452789306641,0.10156563350132533,3.4735727310180664,140
136,114.00443409130638,22.44891408019357,32.8116719188586,9.815160042601205,22.804165147041363,0.25942051996950244,0.27947034992155484,0.8508541544929878,0.08129708753908917,2.478977630698616,122
137,114.00478037427428,22.45171387963774,29.474100558395556,10.567370131442877,19.992281898619634,0.48627680391411127,0.20308851384792198,0.8018357413155693,0.08263577139026183,4.048520259035418,147
138,114.17176402928216,22.457169598932712,21.124734707221304,25.70773141826698,16.736226262684593,0.218041547520194,0.019749624286583084,0.9047079942897407,0.07438050534672841,3.029188662469982,167
139,114.16643137450453,22.44145636036364,18.44612203242217,30.556696853871017,16.050164050647606,0.17903879148150803,0.14465751997921444,0.7581212105007347,0.08355411914510465,2.36422308358942,109
140,114.0974676963342,22.35750772847099,23.164401411199247,19.658994999061637,20.462293040995696,0.487099212854087,0.35658077317841197,0.9602631030439517,0.06491927062573076,2.334437078359176,49
141,114.14145362205078,22.37236952499909,38.252554806795985,13.771003954338303,13.045074578487514,0.31880118630149146,0.20886161110617898,0.9403696927157316,0.05830706972064394,2.852636973063151,55
142,114.24078770938674,22.42469251967433,26.477369477477254,22.333349557868537,20.04399923332633,0.2634153084412909,0.26297750352304194,0.8361747999231522,0.06926653254384231,3.000355169239929,79
143,113.99890003845722,22.453820620507194,20.944808568709934,17.178267454489685,23.96025193043244,0.2617747967059796,0.07780515230618991,0.5798491453513122,0.10413194314027444,1.9547389103816104,65
144,114.0123030040966,22.300370472953,,,,,,,,,0
145,113.9966897873488,22.457601910256702,25.305794329049597,10.761268263361064,22.61223046176405,0.2760829695736069,0.12968132294804216,0.8664399265764228,0.07466197492607148,1.6799084153998807,83
146,114.18446190835492,22.273018652916964,38.42109744831667,17.830802895928503,11.460866766460871,0.347826575155312,0.026666242524055438,0.9487292187362067,0.08945465087890625,5.571599195232499,59
147,114.1755638835442,22.338364318928445,33.85276118914287,15.705591241518656,18.327404459317524,0.5860704183578492,0.05706906318664551,1.1190841595331829,0.1013803482055664,3.8176923990249634,160
148,114.16674998864104,22.333966119890665,42.53826325939548,8.578713529853411,14.586765535416141,0.6316027077295446,0.3728608162172379,1.0297654264716694,0.06448704709288895,4.886175176148774,155
149,114.18854140233724,22.324998641265505,39.523501915506806,8.195732450327856,17.747092168323277,0.3661357136842835,0.4077458145594833,1.1562489046908841,0.05690461338156522,4.661732066189101,202
150,114.18746987439216,22.27445435621328,34.645187671367935,19.384999397473457,14.823570251464844,0.33785013052133406,0.027413001427283652,0.9937501565004005,0.06945292154947917,3.298936012463692,65
151,114.1381958425482,22.284961771566,55.17099358351472,7.641924831206921,10.779176303996376,0.7154645018316619,0.637937580570455,1.4517328632411672,0.04792569288566931,3.8040502747493004,201
152,114.1381958425482,22.284961771566,55.17099358351472,7.641924831206921,10.779176303996376,0.7154645018316619,0.637937580570455,1.4517328632411672,0.04792569288566931,3.8040502747493004,201
153,114.1381958425482,22.284961771566,55.17099358351472,7.641924831206921,10.779176303996376,0.7154645018316619,0.637937580570455,1.4517328632411672,0.04792569288566931,3.8040502747493004,201
154,114.18919720985988,22.27701893637394,42.262329199375245,17.401241755985712,9.853230767594628,0.6739058416762275,0.17849937741295163,0.998063298649999,0.05097467026788315,4.579100575480428,143
155,114.18919720985988,22.27701893637394,42.262329199375245,17.401241755985712,9.853230767594628,0.6739058416762275,0.17849937741295163,0.998063298649999,0.05097467026788315,4.579100575480428,143
156,114.18672667172352,22.33007395118312,43.93145620486157,7.402308512542208,15.49814191915221,0.6374229819087659,0.7276060891016727,1.4083560577220162,0.0557322960115422,5.811152754530395,118
157,114.16444058485207,22.32426711312079,52.986650533609456,3.4891125205513487,9.761142619562037,0.6144871522774507,0.6282908655268884,1.141087658755429,0.05054962940705129,5.756853010270978,286
158,114.16444058485207,22.32426711312079,52.986650533609456,3.4891125205513487,9.761142619562037,0.6144871522774507,0.6282908655268884,1.141087658755429,0.05054962940705129,5.756853010270978,286
159,114.19433971957402,22.27619667481816,41.45331723349435,13.753337330288357,17.946496085515097,0.1987934112548828,0.12222925821940105,0.7600894049992637,0.02386834886338976,3.3275112273201106,84
160,114.19433971957402,22.27619667481816,41.45331723349435,13.753337330288357,17.946496085515097,0.1987934112548828,0.12222925821940105,0.7600894049992637,0.02386834886338976,3.3275112273201106,84
161,114.19677524132588,22.34503668730465,39.25737336253002,12.562431162925222,12.689686939744295,0.46970920147408596,0.530291961465449,1.2842745437494276,0.06283260070698546,5.297241338733054,199
162,114.16759488145938,22.32810532289901,48.9417782125547,7.4109245640362875,10.31709493592728,0.975934479587762,0.6251512571822765,1.3265086698901747,0.043218080387559046,6.052802514660265,172
163,114.16759488145938,22.32810532289901,48.9417782125547,7.4109245640362875,10.31709493592728,0.975934479587762,0.6251512571822765,1.3265086698901747,0.043218080387559046,6.052802514660265,172
164,114.18469742818696,22.32041133326973,44.51960712009006,9.508184221055773,11.793996175130209,0.34677802191840273,0.34628550211588544,0.8288086785210503,0.03626844618055556,5.275353749593099,75
165,114.20076493835242,22.287023587235847,27.226307595423023,28.98281230482944,13.594818115234375,0.2746796423150587,0.02485763194949128,0.7691010024196417,0.055014809896779614,2.4576264758442723,86
166,114.20076493835242,22.287023587235847,27.226307595423023,28.98281230482944,13.594818115234375,0.2746796423150587,0.02485763194949128,0.7691010024196417,0.055014809896779614,2.4576264758442723,86
167,114.19433971957402,22.27619667481816,41.45331723349435,13.753337330288357,17.946496085515097,0.1987934112548828,0.12222925821940105,0.7600894049992637,0.02386834886338976,3.3275112273201106,84
168,114.20076493835242,22.287023587235847,27.226307595423023,28.98281230482944,13.594818115234375,0.2746796423150587,0.02485763194949128,0.7691010024196417,0.055014809896779614,2.4576264758442723,86
169,114.20076493835242,22.287023587235847,27.226307595423023,28.98281230482944,13.594818115234375,0.2746796423150587,0.02485763194949128,0.7691010024196417,0.055014809896779614,2.4576264758442723,86
170,114.20076493835242,22.287023587235847,27.226307595423023,28.98281230482944,13.594818115234375,0.2746796423150587,0.02485763194949128,0.7691010024196417,0.055014809896779614,2.4576264758442723,86
171,114.17220541928324,22.330634083370235,38.85325829188028,14.900857342614069,13.909352885352241,0.29120100869072807,0.24709807501898873,0.7679843902587891,0.10936948988172744,2.8128735224405927,120
172,114.19506085536072,22.37489188481825,28.741343816121415,18.995087941487633,18.610387166341148,0.28925323486328125,0.38240623474121094,0.8262491226196289,0.05458895365397136,2.6957604090372724,100
173,114.21937159482012,22.33425885911489,22.141788119361514,18.621818098441636,28.42163812546503,0.10889295547727555,0.01205565437437996,0.6205922081356956,0.06009157372530175,1.2418313001198742,63
174,114.20076493835242,22.287023587235847,27.226307595423023,28.98281230482944,13.594818115234375,0.2746796423150587,0.02485763194949128,0.7691010024196417,0.055014809896779614,2.4576264758442723,86
175,114.18567779787612,22.32135949497765,47.64358867298473,8.574116735747365,10.43468677636349,0.5604891343550249,0.376041874741063,0.9084999200069541,0.039572282270951706,5.120690085671165,110
176,114.18567779787612,22.32135949497765,47.64358867298473,8.574116735747365,10.43468677636349,0.5604891343550249,0.376041874741063,0.9084999200069541,0.039572282270951706,5.120690085671165,110
177,114.14462956121749,22.28391562177092,51.26420752946721,17.02970312547314,6.611877855404404,0.3982728765916455,0.3110212873118793,1.3307076091914214,0.03579073174055233,2.860649611598761,215
178,114.14462956121749,22.28391562177092,51.26420752946721,17.02970312547314,6.611877855404404,0.3982728765916455,0.3110212873118793,1.3307076091914214,0.03579073174055233,2.860649611598761,215
179,113.96988315658604,22.37338794881307,35.795182727632074,12.499437786283949,17.898975553966707,0.2652508871895926,0.046626499720982144,0.6853158133370537,0.10894593738374256,2.376838411603655,70
180,114.1876341391614,22.26555012530318,49.027543840787466,10.499438306242684,11.665087883625555,0.2080150335936007,0.09762125277737958,0.8430294305177275,0.0521003653150086,4.582804058669904,109
181,114.12986192122692,22.28058874821946,37.597824433590276,17.516181815383778,16.788907336373615,0.39070922764617827,0.18537798498430821,0.89281332119238,0.04788803578781606,3.1508065356827872,117
182,114.17452451593464,22.380157693717027,18.848980224884308,27.62172673199628,14.941957834604624,0.16545261348689996,0.12554306167740006,0.862098384547878,0.09820182044226844,1.8916185911711274,74
183,114.21082832330204,22.289568428442543,44.3513064514416,6.156508927575198,18.224882929580016,0.5213271646879504,0.23704904680232086,1.0767818746826685,0.06849260949988535,4.233800340248603,159
184,114.17306967857849,22.31724174165512,49.142356621202566,7.086127303367437,9.014507042345151,0.8413497791733853,0.27188700298930324,1.5081514683804769,0.05463592765867248,5.695726705151935,172
185,114.17175124329036,22.27417467565226,53.348283467205796,12.123767258120612,5.928176512963341,1.6093674781508311,0.7872238285703643,1.5871656870169821,0.020944775633550995,5.213001118370551,201
186,114.17175124329036,22.27417467565226,53.348283467205796,12.123767258120612,5.928176512963341,1.6093674781508311,0.7872238285703643,1.5871656870169821,0.020944775633550995,5.213001118370551,201
187,114.17175124329036,22.27417467565226,53.348283467205796,12.123767258120612,5.928176512963341,1.6093674781508311,0.7872238285703643,1.5871656870169821,0.020944775633550995,5.213001118370551,201
188,114.1876341391614,22.26555012530318,49.027543840787466,10.499438306242684,11.665087883625555,0.2080150335936007,0.09762125277737958,0.8430294305177275,0.0521003653150086,4.582804058669904,109
189,114.19901760823272,22.282851683380294,21.71580820907781,21.30201010056484,27.693660170943648,0.18778200502748843,0.08852923357928241,0.8992913328571085,0.048623261628327544,2.60565486955054,27
190,114.21879415828624,22.31846451621207,38.23072479830848,14.523861474461027,12.522529893451265,0.26637746228112114,0.08047488000657822,0.8078568511539036,0.1036206881205241,3.308306468857659,96
191,114.16653667573308,22.330688005951767,47.53481982246279,4.048285597846622,11.918405691782633,0.9654866324530706,0.6839144797552199,1.2226765117948015,0.0286056881859189,5.361471478901213,168
192,114.172322759125,22.303885458963247,49.79535314113704,8.563455340778358,8.29865236460052,0.8985908381933999,0.3292703727264088,1.4887697208001747,0.0583166908279956,5.796785532317546,161
193,114.172322759125,22.303885458963247,49.79535314113704,8.563455340778358,8.29865236460052,0.8985908381933999,0.3292703727264088,1.4887697208001747,0.0583166908279956,5.796785532317546,161
194,114.18369559885195,22.277299212148723,55.7794871064007,6.757238552655059,6.568792830465609,0.926053100431026,0.4119366356967468,1.4986072094912457,0.08312812714810704,5.40113158637497,197
195,114.17902925447734,22.330173574769805,28.935111387995363,13.112028136508155,23.602839705294933,0.2234407963643547,0.10425189069209208,0.9976086119052413,0.10841214323165155,5.019085037192618,131
196,114.17372959971544,22.3206191981308,47.18762797168177,10.19455347305689,11.455473451532868,0.6387891524877304,0.4741274189745258,1.3470049801035826,0.06760491265190972,5.319744501358423,195
197,114.17372959971544,22.3206191981308,47.18762797168177,10.19455347305689,11.455473451532868,0.6387891524877304,0.4741274189745258,1.3470049801035826,0.06760491265190972,5.319744501358423,195
198,114.17372959971544,22.3206191981308,47.18762797168177,10.19455347305689,11.455473451532868,0.6387891524877304,0.4741274189745258,1.3470049801035826,0.06760491265190972,5.319744501358423,195
199,114.17267142420938,22.32789782920521,27.20713749110142,17.963792973218304,20.281461911780813,0.2889071669533988,0.23916428705613563,0.8936751297329816,0.08818962120935554,4.445417647792542,107
200,114.17267142420938,22.32789782920521,27.20713749110142,17.963792973218304,20.281461911780813,0.2889071669533988,0.23916428705613563,0.8936751297329816,0.08818962120935554,4.445417647792542,107
201,114.17267142420938,22.32789782920521,27.20713749110142,17.963792973218304,20.281461911780813,0.2889071669533988,0.23916428705613563,0.8936751297329816,0.08818962120935554,4.445417647792542,107
202,114.18369559885195,22.277299212148723,55.7794871064007,6.757238552655059,6.568792830465609,0.926053100431026,0.4119366356967468,1.4986072094912457,0.08312812714810704,5.40113158637497,197
203,114.16019703849668,22.34021473731938,27.944625507701527,16.497997643570304,21.40942101526742,0.24550884259670272,0.10900593767262469,0.6138994236185092,0.06219915267995712,3.963428715664128,99
204,114.17067180100554,22.329550362443403,35.09831363652028,16.349764583873103,15.04937288712482,0.3506582610461177,0.2373085540979087,0.8471488952636718,0.13287667514515572,3.164526881003867,98
205,114.18794924378535,22.324104654683147,41.09097060209475,8.688382332369407,14.522331940708202,0.43830970306080563,0.26938870826863354,1.3115300401644185,0.04388086544060559,4.955811431442482,161
206,114.171351561699,22.32202790761021,55.67314276915853,3.9041334765378837,8.802857065257369,1.4736383693781046,0.7877905315068835,1.580899352846338,0.07927873097846234,5.764862028870859,281
207,114.17209923384866,22.31316891606445,45.08734221099526,13.056536848827076,9.111636787332513,0.7418220273910031,0.37721654420257894,1.1796705184444305,0.05907120243195565,5.825117582915932,155
208,114.17966949274545,22.310161769377792,29.918333824644698,15.557048337679381,21.163324599570416,0.18485420984579315,0.07795509717143173,0.9314144756777066,0.07702036106840092,2.725478097902122,94
209,114.16056628139565,22.33709922720418,37.743126878551415,10.386376754910339,13.393721393510408,0.582267490087771,0.44442391863056263,0.8371596242867263,0.04352050669053022,5.76402369667502,136
210,114.1755348420693,22.329667871860643,29.75528580801827,14.897930811321926,20.914043320549858,0.25297952076745417,0.07597454010494172,0.8923753859504819,0.08798780895414807,5.346793977041093,84
211,114.1755348420693,22.329667871860643,29.75528580801827,14.897930811321926,20.914043320549858,0.25297952076745417,0.07597454010494172,0.8923753859504819,0.08798780895414807,5.346793977041093,84
212,114.1755348420693,22.329667871860643,29.75528580801827,14.897930811321926,20.914043320549858,0.25297952076745417,0.07597454010494172,0.8923753859504819,0.08798780895414807,5.346793977041093,84
213,114.17902925447734,22.330173574769805,28.935111387995363,13.112028136508155,23.602839705294933,0.2234407963643547,0.10425189069209208,0.9976086119052413,0.10841214323165155,5.019085037192618,131
214,114.17902925447734,22.330173574769805,28.935111387995363,13.112028136508155,23.602839705294933,0.2234407963643547,0.10425189069209208,0.9976086119052413,0.10841214323165155,5.019085037192618,131
215,114.1915457740359,22.28110961996576,44.68985647704471,11.816004220130631,10.889353680966506,0.6578641546701713,0.4291161178158686,1.2636312797888,0.07161176817531807,5.989665099439732,201
216,114.23618537633983,22.268348172121293,33.75002629048116,15.412718397719008,21.69729324432465,0.27943803025437547,0.26758726652678066,0.5246448803234387,0.06345284951699746,2.4624775837849566,111
217,114.0301665732439,22.20976509165199,,,,,,,,,0
218,114.19710097635677,22.382215400735745,33.825666673721805,13.83132473114998,15.509770249807707,0.29716440426406043,0.6093132880426222,1.2144891164636098,0.10003351396129977,3.709834621798607,124
219,114.06715198919136,22.438755454096068,19.02641778463846,16.053833105625248,31.750930883945564,0.12491771153041295,0.37586715195205184,1.0723348065610334,0.08663345169235064,3.9947300166874133,91
220,114.05998350884924,22.36830359542545,32.50809707094692,13.61079814186233,23.752456583002562,0.17051936050469732,0.2716317399001036,0.9121084725984961,0.06930785367138496,3.56470196905102,93
221,114.12675279264764,22.50890615292932,21.48630014106409,24.606662010079,19.43010168882152,0.2803897383201181,0.18066292378439833,1.3514748853237475,0.08750602380553288,3.868140984530472,134
222,114.12675279264764,22.50890615292932,21.48630014106409,24.606662010079,19.43010168882152,0.2803897383201181,0.18066292378439833,1.3514748853237475,0.08750602380553288,3.868140984530472,134
223,114.16509998355684,22.44755182628541,43.46671056265782,12.521576399754995,14.652038945092096,0.7883510204276654,1.0713669988844128,1.6544494966063839,0.049377691866171476,6.2259387488317,264
224,114.16509998355684,22.44755182628541,43.46671056265782,12.521576399754995,14.652038945092096,0.7883510204276654,1.0713669988844128,1.6544494966063839,0.049377691866171476,6.2259387488317,264
225,114.16509998355684,22.44755182628541,43.46671056265782,12.521576399754995,14.652038945092096,0.7883510204276654,1.0713669988844128,1.6544494966063839,0.049377691866171476,6.2259387488317,264
226,114.16509998355684,22.44755182628541,43.46671056265782,12.521576399754995,14.652038945092096,0.7883510204276654,1.0713669988844128,1.6544494966063839,0.049377691866171476,6.2259387488317,264
227,114.16509998355684,22.44755182628541,43.46671056265782,12.521576399754995,14.652038945092096,0.7883510204276654,1.0713669988844128,1.6544494966063839,0.049377691866171476,6.2259387488317,264
228,114.12675279264764,22.50890615292932,21.48630014106409,24.606662010079,19.43010168882152,0.2803897383201181,0.18066292378439833,1.3514748853237475,0.08750602380553288,3.868140984530472,134
229,114.15894963003151,22.45414348878593,21.578526396288648,25.6898974567526,21.634615121511466,0.12447602638212438,0.10872852953174446,0.9645729628293324,0.07801055908203125,2.5222104309983395,158
230,114.18274885687111,22.375913253322604,34.686240131244695,14.236408043961497,19.69598819318178,0.4193943508422177,0.5794637550087045,1.0506403380336025,0.07088943959160623,3.655508473433183,181
231,114.18274885687111,22.375913253322604,34.686240131244695,14.236408043961497,19.69598819318178,0.4193943508422177,0.5794637550087045,1.0506403380336025,0.07088943959160623,3.655508473433183,181
232,114.16661555705032,22.44680240185664,43.30736366478173,12.391885735353448,13.531138200403946,0.810779414428554,1.0239526265069478,1.634515175641427,0.057809846895235086,5.779939698129701,259
233,114.16661555705032,22.44680240185664,43.30736366478173,12.391885735353448,13.531138200403946,0.810779414428554,1.0239526265069478,1.634515175641427,0.057809846895235086,5.779939698129701,259
234,114.16509998355684,22.44755182628541,43.46671056265782,12.521576399754995,14.652038945092096,0.7883510204276654,1.0713669988844128,1.6544494966063839,0.049377691866171476,6.2259387488317,264
235,114.18080695409996,22.378514105360782,35.21862665812174,13.313004688550066,20.257239803191155,0.14502227947276125,0.7299017137096774,1.0128901081700479,0.07331889162781417,4.099417040424961,155
236,114.00394475184925,22.451812321214828,30.55635209329083,10.982275138379435,18.58717833108049,0.576084674535405,0.16926556098751905,0.8002270851031875,0.09125551880213625,3.5979415666120165,123
237,114.02925943855593,22.205447599061017,,,,,,,,,0
238,114.02925943855593,22.205447599061017,,,,,,,,,0
239,114.02925943855593,22.205447599061017,,,,,,,,,0
240,114.11529252126616,22.22489177318176,,,,,,,,,0
241,114.11529252126616,22.22489177318176,,,,,,,,,0
242,114.02470169659172,22.446839396814,41.96361818431337,11.133425029707542,14.577556686636841,0.7753085207056116,0.6757940775082434,1.5188811737814065,0.10961617952511633,4.448868021552946,216
243,114.02470169659172,22.446839396814,41.96361818431337,11.133425029707542,14.577556686636841,0.7753085207056116,0.6757940775082434,1.5188811737814065,0.10961617952511633,4.448868021552946,216
244,114.02839848261642,22.441984465591336,43.22076905594181,8.319612778471871,14.417924379047594,1.46145247898282,1.0950680525518464,1.9125545877515868,0.05339675264963415,5.8861258863276635,247
245,114.02839848261642,22.441984465591336,43.22076905594181,8.319612778471871,14.417924379047594,1.46145247898282,1.0950680525518464,1.9125545877515868,0.05339675264963415,5.8861258863276635,247
246,114.11529252126616,22.22489177318176,,,,,,,,,0
247,114.13733036549156,22.49782880899877,21.585760140478758,23.124502177226514,22.436602312819403,0.29279211708776337,0.11382138818726503,1.0257548855659657,0.056471860498414,3.676120499919232,133
248,113.96719469590778,22.39208661280489,23.808041924522033,25.844006595157445,18.57131918271383,0.1555845850989932,0.13138736997331893,1.1465640295119515,0.0524486814226423,3.380848396392096,112
249,113.96719469590778,22.39208661280489,23.808041924522033,25.844006595157445,18.57131918271383,0.1555845850989932,0.13138736997331893,1.1465640295119515,0.0524486814226423,3.380848396392096,112
250,113.96719469590778,22.39208661280489,23.808041924522033,25.844006595157445,18.57131918271383,0.1555845850989932,0.13138736997331893,1.1465640295119515,0.0524486814226423,3.380848396392096,112
251,113.9964388083126,22.45634640302801,21.653286616007485,16.082492367974645,22.80948682763111,0.2520911995021776,0.05995322918069774,0.8425159015874754,0.06978648832474633,1.9591490427652996,58
252,114.11500549865605,22.37028455958016,48.48810741978308,6.199034055074057,11.56963199697515,1.3823064424658336,0.9631729895068754,1.6785753670559136,0.08268420414258075,5.796268678480579,248
253,114.23790105733978,22.309220144713706,42.24433979745639,12.912573518052614,12.224116837237515,0.6198155677924722,0.21372326349808,0.8653452167403226,0.07062416292179775,2.2195223361085366,118
254,114.11328509950889,22.37429344923224,49.362173486263195,6.758040062924649,11.842887114125787,0.6624979330292831,0.550441877216312,1.1281490325927734,0.046986891022810694,4.913437789213573,188
255,114.11328509950889,22.37429344923224,49.362173486263195,6.758040062924649,11.842887114125787,0.6624979330292831,0.550441877216312,1.1281490325927734,0.046986891022810694,4.913437789213573,188
256,114.11328509950889,22.37429344923224,49.362173486263195,6.758040062924649,11.842887114125787,0.6624979330292831,0.550441877216312,1.1281490325927734,0.046986891022810694,4.913437789213573,188
257,114.11259631541051,22.372965689391453,47.273073927842766,6.6082118886761965,11.478400300737679,0.7694192340592017,0.7238593425019301,1.3242357248401924,0.0539342210707763,5.083496380696254,226
258,114.11259631541051,22.372965689391453,47.273073927842766,6.6082118886761965,11.478400300737679,0.7694192340592017,0.7238593425019301,1.3242357248401924,0.0539342210707763,5.083496380696254,226
259,114.02984642329332,22.20986414052208,,,,,,,,,0
260,114.11500549865605,22.37028455958016,48.48810741978308,6.199034055074057,11.56963199697515,1.3823064424658336,0.9631729895068754,1.6785753670559136,0.08268420414258075,5.796268678480579,248
261,114.02984642329332,22.20986414052208,,,,,,,,,0
262,114.2707537464969,22.382243592455985,31.622020618335622,16.941070384807414,21.635558841464753,0.6502407520740957,0.6577490041921805,1.5010801091924444,0.07388054787575662,4.17974076829515,185
263,114.2707537464969,22.382243592455985,31.622020618335622,16.941070384807414,21.635558841464753,0.6502407520740957,0.6577490041921805,1.5010801091924444,0.07388054787575662,4.17974076829515,185
264,114.2707537464969,22.382243592455985,31.622020618335622,16.941070384807414,21.635558841464753,0.6502407520740957,0.6577490041921805,1.5010801091924444,0.07388054787575662,4.17974076829515,185
265,114.12247290087686,22.368210216590462,46.77491777950956,10.485168666774056,9.866922090143683,0.4527514742821762,0.462423894823212,1.0861231289368725,0.05936802867351938,4.450134395324077,194
266,114.12247290087686,22.368210216590462,46.77491777950956,10.485168666774056,9.866922090143683,0.4527514742821762,0.462423894823212,1.0861231289368725,0.05936802867351938,4.450134395324077,194
267,114.02984642329332,22.20986414052208,,,,,,,,,0
268,114.10125079770728,22.507017884643915,20.739321390787758,28.315825144449867,27.053888956705734,0.05637359619140625,0.1399993896484375,1.827824910481771,0.10044097900390625,2.0153109232584634,25
269,114.10125079770728,22.507017884643915,20.739321390787758,28.315825144449867,27.053888956705734,0.05637359619140625,0.1399993896484375,1.827824910481771,0.10044097900390625,2.0153109232584634,25
270,114.10125079770728,22.507017884643915,20.739321390787758,28.315825144449867,27.053888956705734,0.05637359619140625,0.1399993896484375,1.827824910481771,0.10044097900390625,2.0153109232584634,25
271,114.14036308331129,22.49558998599897,22.636143825876463,21.9211148388813,21.64510054395378,0.19362694036524186,0.10441576125304823,0.9958037521568106,0.07633694334526282,3.7495998977925744,173
272,114.14036308331129,22.49558998599897,22.636143825876463,21.9211148388813,21.64510054395378,0.19362694036524186,0.10441576125304823,0.9958037521568106,0.07633694334526282,3.7495998977925744,173
273,114.11921012654103,22.36926566067607,48.15050633748372,9.766866048177082,8.353642145792644,0.9578123728434246,0.4759936014811198,1.6923128763834634,0.1143927256266276,5.924163818359375,250
274,114.12247290087686,22.368210216590462,46.77491777950956,10.485168666774056,9.866922090143683,0.4527514742821762,0.462423894823212,1.0861231289368725,0.05936802867351938,4.450134395324077,194
275,114.03966562401692,22.28502582202473,,,,,,,,,0
276,114.03966562401692,22.28502582202473,,,,,,,,,0
277,114.03966562401692,22.28502582202473,,,,,,,,,0
278,114.17527219959888,22.38015770266356,19.847186618381073,26.22204547458225,16.053634643554688,0.1771168178982205,0.1971927218967014,0.819719950358073,0.09814453125,2.5846002366807728,75
279,114.11921012654103,22.36926566067607,48.15050633748372,9.766866048177082,8.353642145792644,0.9578123728434246,0.4759936014811198,1.6923128763834634,0.1143927256266276,5.924163818359375,250
280,114.06935111305803,22.43394370174731,16.332261315707502,20.567557455479413,33.06239226768757,0.07793163431101832,0.01779753586341595,0.9548483223750673,0.12589816389412717,2.075829999200229,29
281,114.06935111305803,22.43394370174731,16.332261315707502,20.567557455479413,33.06239226768757,0.07793163431101832,0.01779753586341595,0.9548483223750673,0.12589816389412717,2.075829999200229,29
282,113.8635681447995,22.25348163331817,30.426225722210962,5.6414190328346105,43.48527740382548,1.151152676756277,0.8330531090310533,1.633121082617802,0.11818783838044174,1.92627636891491,53
283,113.8635681447995,22.25348163331817,30.426225722210962,5.6414190328346105,43.48527740382548,1.151152676756277,0.8330531090310533,1.633121082617802,0.11818783838044174,1.92627636891491,53
284,114.13728051730098,22.36515315909387,49.69783951908281,9.973059389696811,8.241293313619973,0.5631698039306072,0.3146111548363746,1.2249919918033627,0.04663133954668378,4.338590137330525,143
285,114.13728051730098,22.36515315909387,49.69783951908281,9.973059389696811,8.241293313619973,0.5631698039306072,0.3146111548363746,1.2249919918033627,0.04663133954668378,4.338590137330525,143
286,114.0237803980088,22.445375596209963,41.016830057592436,9.757036510883571,15.623481885262532,0.7492639685189851,0.6723729146790395,1.5046093321066298,0.10418811335175451,5.092588327996742,217
287,114.0237803980088,22.445375596209963,41.016830057592436,9.757036510883571,15.623481885262532,0.7492639685189851,0.6723729146790395,1.5046093321066298,0.10418811335175451,5.092588327996742,217
288,113.99230574118286,22.267775591420325,12.467358730457446,30.5185114895856,23.38167384818748,0.30524289166485824,0.11970731947157118,1.6274169639304832,0.0632621623851635,2.530419384991681,36
289,113.99230574118286,22.267775591420325,12.467358730457446,30.5185114895856,23.38167384818748,0.30524289166485824,0.11970731947157118,1.6274169639304832,0.0632621623851635,2.530419384991681,36
290,114.192838508496,22.385385592010977,30.458880546397733,15.729669939007673,20.002522145895135,0.49317892930262663,0.24015096793497415,1.4118051170406485,0.07688168595010475,3.3342636318732626,133
291,114.13728051730098,22.36515315909387,49.69783951908281,9.973059389696811,8.241293313619973,0.5631698039306072,0.3146111548363746,1.2249919918033627,0.04663133954668378,4.338590137330525,143
292,114.11194437396202,22.501297284245965,23.348607573398322,25.5092650420906,23.599970987600873,0.10195000227107558,0.31842298285905707,0.9172964465710545,0.08619071901306626,2.1755418112111644,86
293,114.11194437396202,22.501297284245965,23.348607573398322,25.5092650420906,23.599970987600873,0.10195000227107558,0.31842298285905707,0.9172964465710545,0.08619071901306626,2.1755418112111644,86
294,114.12629656015685,22.34634849475264,33.20235087076823,7.724422709147135,22.20223388671875,0.17863642374674482,0.15554046630859375,0.7550735473632812,0.08017222086588541,3.3455281575520837,125
295,114.12629656015685,22.34634849475264,33.20235087076823,7.724422709147135,22.20223388671875,0.17863642374674482,0.15554046630859375,0.7550735473632812,0.08017222086588541,3.3455281575520837,125
296,114.12629656015685,22.34634849475264,33.20235087076823,7.724422709147135,22.20223388671875,0.17863642374674482,0.15554046630859375,0.7550735473632812,0.08017222086588541,3.3455281575520837,125
297,114.192838508496,22.385385592010977,30.458880546397733,15.729669939007673,20.002522145895135,0.49317892930262663,0.24015096793497415,1.4118051170406485,0.07688168595010475,3.3342636318732626,133
298,114.192838508496,22.385385592010977,30.458880546397733,15.729669939007673,20.002522145895135,0.49317892930262663,0.24015096793497415,1.4118051170406485,0.07688168595010475,3.3342636318732626,133
299,114.1302450084403,22.35428753873645,28.83211544581822,18.48169382287081,17.907724683246915,0.29408464986811234,0.06450168670169891,0.8336026832540199,0.062410162870215356,3.201535643723907,126
300,114.1302450084403,22.35428753873645,28.83211544581822,18.48169382287081,17.907724683246915,0.29408464986811234,0.06450168670169891,0.8336026832540199,0.062410162870215356,3.201535643723907,126
301,114.12127155051694,22.36163557507499,37.42196411298218,12.897925906711155,14.19361626229635,0.12650942091696307,0.2594056168222815,0.8429410980968941,0.054236414632823075,3.5156841846662483,123
302,114.12127155051694,22.36163557507499,37.42196411298218,12.897925906711155,14.19361626229635,0.12650942091696307,0.2594056168222815,0.8429410980968941,0.054236414632823075,3.5156841846662483,123
303,114.12127155051694,22.36163557507499,37.42196411298218,12.897925906711155,14.19361626229635,0.12650942091696307,0.2594056168222815,0.8429410980968941,0.054236414632823075,3.5156841846662483,123
304,114.14120850293708,22.495843026273672,23.54731695992606,19.799507686070033,23.849076588948567,0.18475378127325143,0.12896183558872767,0.9931037539527531,0.06615520658947173,3.974141620454334,175
305,114.14120850293708,22.495843026273672,23.54731695992606,19.799507686070033,23.849076588948567,0.18475378127325143,0.12896183558872767,0.9931037539527531,0.06615520658947173,3.974141620454334,175
306,114.19376123923954,22.38728190727008,29.14152599516369,14.762162227256624,21.12458520242814,0.4622443383481322,0.28730280259076285,1.0957867491479014,0.08479687346129858,3.0213876932608983,119
307,114.19376123923954,22.38728190727008,29.14152599516369,14.762162227256624,21.12458520242814,0.4622443383481322,0.28730280259076285,1.0957867491479014,0.08479687346129858,3.0213876932608983,119
308,113.96898474162064,22.40297966327904,31.3585743071541,14.290489280034627,18.743853531186545,0.37775455959259524,0.33312411535353886,1.0402482653421068,0.09169219032166495,3.671635521782769,168
309,113.96898474162064,22.40297966327904,31.3585743071541,14.290489280034627,18.743853531186545,0.37775455959259524,0.33312411535353886,1.0402482653421068,0.09169219032166495,3.671635521782769,168
310,113.96898474162064,22.40297966327904,31.3585743071541,14.290489280034627,18.743853531186545,0.37775455959259524,0.33312411535353886,1.0402482653421068,0.09169219032166495,3.671635521782769,168
311,114.19376123923954,22.38728190727008,29.14152599516369,14.762162227256624,21.12458520242814,0.4622443383481322,0.28730280259076285,1.0957867491479014,0.08479687346129858,3.0213876932608983,119
312,113.96939445566828,22.41483717287685,25.56973099708557,15.450296799341839,25.042828917503357,0.15991131464640299,0.24103224277496338,0.8530060450236003,0.04816154638926188,3.9106930295626325,64
313,114.03777596500642,22.282459519964124,,,,,,,,,0
314,114.03777596500642,22.282459519964124,,,,,,,,,0
315,113.97857212666813,22.38107474393904,27.144654591878254,14.666638050810779,19.799910463766363,0.34258850907857447,0.1981875889420861,1.0772429384664801,0.10043569019058812,3.546449216769508,113
316,113.96939445566828,22.41483717287685,25.56973099708557,15.450296799341839,25.042828917503357,0.15991131464640299,0.24103224277496338,0.8530060450236003,0.04816154638926188,3.9106930295626325,64
317,113.97347273030012,22.388816566716976,36.473531165893135,19.74619639288519,12.615791137275826,0.5392002485871725,0.10965681567634504,1.376527937007524,0.1065716301043009,2.686357662030512,97
318,113.97347273030012,22.388816566716976,36.473531165893135,19.74619639288519,12.615791137275826,0.5392002485871725,0.10965681567634504,1.376527937007524,0.1065716301043009,2.686357662030512,97
319,113.97347273030012,22.388816566716976,36.473531165893135,19.74619639288519,12.615791137275826,0.5392002485871725,0.10965681567634504,1.376527937007524,0.1065716301043009,2.686357662030512,97
320,114.19672339077935,22.39007199999822,21.380147517053153,17.01271625164428,25.70798957282728,0.15908616488097144,0.17670959722800333,1.0073627930521314,0.08754756281284685,3.278110848098505,122
321,113.97857212666813,22.38107474393904,27.144654591878254,14.666638050810779,19.799910463766363,0.34258850907857447,0.1981875889420861,1.0772429384664801,0.10043569019058812,3.546449216769508,113
322,113.96939445566828,22.41483717287685,25.56973099708557,15.450296799341839,25.042828917503357,0.15991131464640299,0.24103224277496338,0.8530060450236003,0.04816154638926188,3.9106930295626325,64
323,114.19393658226544,22.391788116472444,21.076008125587745,22.60568112502863,20.816199573469753,0.18442648428457756,0.17273161146375868,0.84064683796447,0.0407048213629075,2.0608236760268976,54
324,114.19393658226544,22.391788116472444,21.076008125587745,22.60568112502863,20.816199573469753,0.18442648428457756,0.17273161146375868,0.84064683796447,0.0407048213629075,2.0608236760268976,54
325,114.02186646653465,22.445500196188,35.11716025216239,12.594223779345317,18.421552294776554,0.5708317529587519,0.5112641955178882,1.2436019049750433,0.09211070953853547,4.378313942561073,210
326,114.02186646653465,22.445500196188,35.11716025216239,12.594223779345317,18.421552294776554,0.5708317529587519,0.5112641955178882,1.2436019049750433,0.09211070953853547,4.378313942561073,210
327,114.12782527473732,22.360996522800622,40.130335585515304,11.151948369535289,13.384779593102017,0.6674764150366149,0.4846936180478051,0.9114186566575129,0.058740123471520606,5.97742936366184,133
328,114.19672339077935,22.39007199999822,21.380147517053153,17.01271625164428,25.70798957282728,0.15908616488097144,0.17670959722800333,1.0073627930521314,0.08754756281284685,3.278110848098505,122
329,114.19672339077935,22.39007199999822,21.380147517053153,17.01271625164428,25.70798957282728,0.15908616488097144,0.17670959722800333,1.0073627930521314,0.08754756281284685,3.278110848098505,122
330,114.12521788861424,22.37568839674064,33.88508865513752,26.75141796623309,11.81820610544526,0.37245734041089457,0.13915779664344394,1.3103560483742416,0.1275688512218777,1.9630713970800449,97
331,114.12521788861424,22.37568839674064,33.88508865513752,26.75141796623309,11.81820610544526,0.37245734041089457,0.13915779664344394,1.3103560483742416,0.1275688512218777,1.9630713970800449,97
332,113.97703625399691,22.38903773925592,39.91499526724631,17.51839477932475,10.928005935078826,0.7869295432861777,0.45674835120775414,1.3566575656279674,0.07855132578925314,2.7524928800747976,181
333,113.97703625399691,22.38903773925592,39.91499526724631,17.51839477932475,10.928005935078826,0.7869295432861777,0.45674835120775414,1.3566575656279674,0.07855132578925314,2.7524928800747976,181
334,114.04485038139536,22.47739800334676,4.797204335530599,62.25091086493598,15.433502197265625,0.01220703125,0.01220703125,0.3204345703125,0.0,0.0,3
335,114.12782527473732,22.360996522800622,40.130335585515304,11.151948369535289,13.384779593102017,0.6674764150366149,0.4846936180478051,0.9114186566575129,0.058740123471520606,5.97742936366184,133
336,114.12521788861424,22.37568839674064,33.88508865513752,26.75141796623309,11.81820610544526,0.37245734041089457,0.13915779664344394,1.3103560483742416,0.1275688512218777,1.9630713970800449,97
337,114.04485038139536,22.47739800334676,4.797204335530599,62.25091086493598,15.433502197265625,0.01220703125,0.01220703125,0.3204345703125,0.0,0.0,3
338,114.19288608121738,22.37684270996764,35.652973651885986,15.013791720072428,15.679890712102255,0.42173425356547034,0.7425173123677571,0.8125428358713785,0.05402962366739909,2.152477502822876,80
339,114.19288608121738,22.37684270996764,35.652973651885986,15.013791720072428,15.679890712102255,0.42173425356547034,0.7425173123677571,0.8125428358713785,0.05402962366739909,2.152477502822876,80
340,114.14959856174174,22.3298462010079,30.942133062943846,9.606847197487799,24.127800479257033,0.09837179827543856,0.19489709584990894,0.6607857218549296,0.06250096732609599,3.331332021451923,163
341,114.03203843661991,22.444841388849174,43.529940039161744,8.425059744982216,13.8217887258142,0.7950105641269425,0.8683395902638835,1.8256449764013938,0.06905997671732088,4.934915165267986,246
342,114.04485038139536,22.47739800334676,4.797204335530599,62.25091086493598,15.433502197265625,0.01220703125,0.01220703125,0.3204345703125,0.0,0.0,3
343,113.9740981293476,22.386117238990515,39.80865081151327,11.966125637877223,16.989851231668506,0.3539499114541447,0.18445603987749884,0.8751817778045056,0.08239559098785999,3.233250683429194,136
344,113.9740981293476,22.386117238990515,39.80865081151327,11.966125637877223,16.989851231668506,0.3539499114541447,0.18445603987749884,0.8751817778045056,0.08239559098785999,3.233250683429194,136
345,114.17693263809012,22.37752079587072,39.67127196132876,14.540005146676275,15.117659284211316,0.35527588845687486,0.713057705408621,1.0777781623940281,0.0774047607244189,3.2391507899743845,229
346,114.17693263809012,22.37752079587072,39.67127196132876,14.540005146676275,15.117659284211316,0.35527588845687486,0.713057705408621,1.0777781623940281,0.0774047607244189,3.2391507899743845,229
347,114.14959856174174,22.3298462010079,30.942133062943846,9.606847197487799,24.127800479257033,0.09837179827543856,0.19489709584990894,0.6607857218549296,0.06250096732609599,3.331332021451923,163
348,113.96684854829996,22.40272404991388,25.992447629620138,17.863302262309357,20.895570811658803,0.2673803776404252,0.5900184706886216,0.7669042832780593,0.07890789422264981,3.1362735005495175,101
349,114.03203843661991,22.444841388849174,43.529940039161744,8.425059744982216,13.8217887258142,0.7950105641269425,0.8683395902638835,1.8256449764013938,0.06905997671732088,4.934915165267986,246
350,114.1221691609352,22.375253930186407,30.712524819489257,17.36585391316437,23.36799211548147,0.22672385985148702,0.13629249904466711,0.7817724476689877,0.1016027109634473,3.0015275098275453,138
351,114.1221691609352,22.375253930186407,30.712524819489257,17.36585391316437,23.36799211548147,0.22672385985148702,0.13629249904466711,0.7817724476689877,0.1016027109634473,3.0015275098275453,138
352,114.1221691609352,22.375253930186407,30.712524819489257,17.36585391316437,23.36799211548147,0.22672385985148702,0.13629249904466711,0.7817724476689877,0.1016027109634473,3.0015275098275453,138
353,113.9749137225794,22.386181472466824,41.40293238914176,12.82501024742649,15.617611201386472,0.43363396979902435,0.1778354383494756,0.9670782306967262,0.09002424266240368,3.1709570862931207,146
354,114.17693263809012,22.37752079587072,39.67127196132876,14.540005146676275,15.117659284211316,0.35527588845687486,0.713057705408621,1.0777781623940281,0.0774047607244189,3.2391507899743845,229
355,113.97690283349382,22.387267600702,41.88669980582544,16.351676481142782,12.059465505309024,0.5678290027683064,0.4875903300197335,1.296602489809083,0.08159752394968957,3.269350730766684,177
356,113.97690283349382,22.387267600702,41.88669980582544,16.351676481142782,12.059465505309024,0.5678290027683064,0.4875903300197335,1.296602489809083,0.08159752394968957,3.269350730766684,177
357,113.97690283349382,22.387267600702,41.88669980582544,16.351676481142782,12.059465505309024,0.5678290027683064,0.4875903300197335,1.296602489809083,0.08159752394968957,3.269350730766684,177
358,113.96466661543307,22.3750066819079,32.879226982838816,19.175935282138152,13.872604213133762,0.4218894267769017,0.1770231458875868,0.9264824321731129,0.10170916961544336,3.961835476596659,81
359,113.96466661543307,22.3750066819079,32.879226982838816,19.175935282138152,13.872604213133762,0.4218894267769017,0.1770231458875868,0.9264824321731129,0.10170916961544336,3.961835476596659,81
360,113.9749137225794,22.386181472466824,41.40293238914176,12.82501024742649,15.617611201386472,0.43363396979902435,0.1778354383494756,0.9670782306967262,0.09002424266240368,3.1709570862931207,146
361,114.12526873466936,22.500895732941512,31.742806883825775,18.866114167199616,21.17114930913068,0.4066107929616734,0.17598608265752377,0.821066593778306,0.06751513135605963,3.391265869140625,184
362,114.12526873466936,22.500895732941512,31.742806883825775,18.866114167199616,21.17114930913068,0.4066107929616734,0.17598608265752377,0.821066593778306,0.06751513135605963,3.391265869140625,184
363,114.12526873466936,22.500895732941512,31.742806883825775,18.866114167199616,21.17114930913068,0.4066107929616734,0.17598608265752377,0.821066593778306,0.06751513135605963,3.391265869140625,184
364,113.9648620549052,22.37418516360565,36.39582225254604,17.15835878700564,12.690294356573197,0.5199334560296474,0.1715628655402215,0.9478523617699031,0.1289629674219823,3.7204536326202273,91
365,113.9648620549052,22.37418516360565,36.39582225254604,17.15835878700564,12.690294356573197,0.5199334560296474,0.1715628655402215,0.9478523617699031,0.1289629674219823,3.7204536326202273,91
366,113.96466661543307,22.3750066819079,32.879226982838816,19.175935282138152,13.872604213133762,0.4218894267769017,0.1770231458875868,0.9264824321731129,0.10170916961544336,3.961835476596659,81
367,114.19207020973305,22.374675461237068,29.12313376015764,19.285006639434066,17.513520155495744,0.3095006555076537,0.4008269891506288,0.8188833066118442,0.06621213463263784,2.2771571709857725,82
368,114.19207020973305,22.374675461237068,29.12313376015764,19.285006639434066,17.513520155495744,0.3095006555076537,0.4008269891506288,0.8188833066118442,0.06621213463263784,2.2771571709857725,82
369,114.16859690228635,22.454857674970977,30.762991568529355,22.545812321805403,11.715792356844998,0.6455516971782316,0.22199878160197942,0.9652786066966691,0.06944001797580562,2.8627367442464586,203
370,114.16859690228635,22.454857674970977,30.762991568529355,22.545812321805403,11.715792356844998,0.6455516971782316,0.22199878160197942,0.9652786066966691,0.06944001797580562,2.8627367442464586,203
371,114.16859690228635,22.454857674970977,30.762991568529355,22.545812321805403,11.715792356844998,0.6455516971782316,0.22199878160197942,0.9652786066966691,0.06944001797580562,2.8627367442464586,203
372,113.9648620549052,22.37418516360565,36.39582225254604,17.15835878700564,12.690294356573197,0.5199334560296474,0.1715628655402215,0.9478523617699031,0.1289629674219823,3.7204536326202273,91
373,114.18040863301326,22.37035051251021,32.85442762477423,11.21172812677199,19.184689265425487,0.38644093339161206,0.36840992589150706,0.9773947602959091,0.08266531011109711,2.364911315261677,155
374,114.18040863301326,22.37035051251021,32.85442762477423,11.21172812677199,19.184689265425487,0.38644093339161206,0.36840992589150706,0.9773947602959091,0.08266531011109711,2.364911315261677,155
375,114.18040863301326,22.37035051251021,32.85442762477423,11.21172812677199,19.184689265425487,0.38644093339161206,0.36840992589150706,0.9773947602959091,0.08266531011109711,2.364911315261677,155
376,114.12637700003536,22.49993886252076,34.82433935608527,18.536080254448784,18.170009189181858,0.35967720879448783,0.21242893103397253,0.8587342079239662,0.06620310773753157,2.8409765224264123,165
377,114.17606805712424,22.448708149073408,22.61452532949902,27.27583930605934,16.812736647469656,0.27097009477161227,0.06232942853655134,0.8355787822178432,0.13011693954467773,2.2883838131314236,112
378,114.17606805712424,22.448708149073408,22.61452532949902,27.27583930605934,16.812736647469656,0.27097009477161227,0.06232942853655134,0.8355787822178432,0.13011693954467773,2.2883838131314236,112
379,114.17606805712424,22.448708149073408,22.61452532949902,27.27583930605934,16.812736647469656,0.27097009477161227,0.06232942853655134,0.8355787822178432,0.13011693954467773,2.2883838131314236,112
380,113.96441947932644,22.397085869671024,28.4799778100216,28.17532221476237,12.917110173389165,0.29048534354778255,0.2737709970185251,0.8663543547042691,0.061046715938683715,2.803779370857008,33
381,113.96441947932644,22.397085869671024,28.4799778100216,28.17532221476237,12.917110173389165,0.29048534354778255,0.2737709970185251,0.8663543547042691,0.061046715938683715,2.803779370857008,33
382,114.12637700003536,22.49993886252076,34.82433935608527,18.536080254448784,18.170009189181858,0.35967720879448783,0.21242893103397253,0.8587342079239662,0.06620310773753157,2.8409765224264123,165
383,113.961509529342,22.375923621465887,17.639434698856235,23.17415921375005,20.880150072502367,0.2998939668289338,0.2062624151056463,0.7936068255491932,0.09458137281013257,3.808340881810044,66
384,113.961509529342,22.375923621465887,17.639434698856235,23.17415921375005,20.880150072502367,0.2998939668289338,0.2062624151056463,0.7936068255491932,0.09458137281013257,3.808340881810044,66
385,113.961509529342,22.375923621465887,17.639434698856235,23.17415921375005,20.880150072502367,0.2998939668289338,0.2062624151056463,0.7936068255491932,0.09458137281013257,3.808340881810044,66
386,113.9608134887825,22.373935986862666,17.236510912577312,27.48550891876221,19.54583390553792,0.5152467091878256,0.1240692138671875,1.140040397644043,0.23418394724527997,2.9452931086222325,100
387,113.9608134887825,22.373935986862666,17.236510912577312,27.48550891876221,19.54583390553792,0.5152467091878256,0.1240692138671875,1.140040397644043,0.23418394724527997,2.9452931086222325,100
388,113.96441947932644,22.397085869671024,28.4799778100216,28.17532221476237,12.917110173389165,0.29048534354778255,0.2737709970185251,0.8663543547042691,0.061046715938683715,2.803779370857008,33
389,114.17831132910604,22.36537471735002,25.1026235185228,20.172320615063917,18.96205378008318,0.20822061074746623,0.00903670852248733,0.5596006238782728,0.05837345982457067,2.448169605152027,74
390,114.17831132910604,22.36537471735002,25.1026235185228,20.172320615063917,18.96205378008318,0.20822061074746623,0.00903670852248733,0.5596006238782728,0.05837345982457067,2.448169605152027,74
391,114.17768993850692,22.36458003397173,27.440336153104706,19.532682988550757,17.580123174758185,0.22615209802404626,0.026583981204342532,0.5628676641555059,0.03880504921917276,2.003738271209585,77
392,114.17768993850692,22.36458003397173,27.440336153104706,19.532682988550757,17.580123174758185,0.22615209802404626,0.026583981204342532,0.5628676641555059,0.03880504921917276,2.003738271209585,77
393,114.17831132910604,22.36537471735002,25.1026235185228,20.172320615063917,18.96205378008318,0.20822061074746623,0.00903670852248733,0.5596006238782728,0.05837345982457067,2.448169605152027,74
394,114.29456223171444,22.392360247008867,6.373217166998447,49.09451802571614,14.436660668788814,0.16998877892127404,0.0,0.7424281193659856,0.06303053635817307,0.3518031193659856,13
395,114.20263598338266,22.382891901982653,29.830043751706363,14.371319022229924,17.143446399319558,0.31079917825678344,0.2543074084866431,0.7726997457524784,0.08360421785744288,3.940496752339025,155
396,114.20263598338266,22.382891901982653,29.830043751706363,14.371319022229924,17.143446399319558,0.31079917825678344,0.2543074084866431,0.7726997457524784,0.08360421785744288,3.940496752339025,155
397,113.96684854829996,22.40272404991388,25.992447629620138,17.863302262309357,20.895570811658803,0.2673803776404252,0.5900184706886216,0.7669042832780593,0.07890789422264981,3.1362735005495175,101
398,114.17768993850692,22.36458003397173,27.440336153104706,19.532682988550757,17.580123174758185,0.22615209802404626,0.026583981204342532,0.5628676641555059,0.03880504921917276,2.003738271209585,77
399,114.17699088585738,22.36665706108307,30.05603729732453,12.500841352674696,19.855917673262336,0.30255241999550475,0.013485863095238096,0.6628766135563927,0.06557737077985491,2.4881944202241444,105
400,114.17699088585738,22.36665706108307,30.05603729732453,12.500841352674696,19.855917673262336,0.30255241999550475,0.013485863095238096,0.6628766135563927,0.06557737077985491,2.4881944202241444,105
401,114.14205493251605,22.492068504497304,27.56571961351038,22.762116641863017,16.08101549441651,0.1909084635705249,0.17349973638006982,0.8758664412983201,0.07811381743591164,3.4340015258067615,141
402,114.14205493251605,22.492068504497304,27.56571961351038,22.762116641863017,16.08101549441651,0.1909084635705249,0.17349973638006982,0.8758664412983201,0.07811381743591164,3.4340015258067615,141
403,114.12861295011152,22.357339387436056,44.33205864115958,9.375425945363643,12.541786683808771,0.7035402712107434,0.34274384151540405,1.1928341075185607,0.09773528539441777,5.499467499759219,218
404,114.14205493251605,22.492068504497304,27.56571961351038,22.762116641863017,16.08101549441651,0.1909084635705249,0.17349973638006982,0.8758664412983201,0.07811381743591164,3.4340015258067615,141
405,114.14205493251605,22.492068504497304,27.56571961351038,22.762116641863017,16.08101549441651,0.1909084635705249,0.17349973638006982,0.8758664412983201,0.07811381743591164,3.4340015258067615,141
406,114.14205493251605,22.492068504497304,27.56571961351038,22.762116641863017,16.08101549441651,0.1909084635705249,0.17349973638006982,0.8758664412983201,0.07811381743591164,3.4340015258067615,141
407,114.1230847386144,22.367822107803285,45.362107152861306,12.451053247219178,9.829827634299676,0.4548035986055203,0.418744436124476,1.0586676558827965,0.057120051810411895,3.7980178507362923,164
408,114.11958711001417,22.37338371765347,41.86476907748479,8.671504040903669,20.632260934465883,0.7245626063705181,0.34192035652998554,0.9652907678387298,0.09528070056599228,3.5478707682879675,173
409,114.11958711001417,22.37338371765347,41.86476907748479,8.671504040903669,20.632260934465883,0.7245626063705181,0.34192035652998554,0.9652907678387298,0.09528070056599228,3.5478707682879675,173
410,114.12861295011152,22.357339387436056,44.33205864115958,9.375425945363643,12.541786683808771,0.7035402712107434,0.34274384151540405,1.1928341075185607,0.09773528539441777,5.499467499759219,218
411,114.12861295011152,22.357339387436056,44.33205864115958,9.375425945363643,12.541786683808771,0.7035402712107434,0.34274384151540405,1.1928341075185607,0.09773528539441777,5.499467499759219,218
412,114.1230847386144,22.367822107803285,45.362107152861306,12.451053247219178,9.829827634299676,0.4548035986055203,0.418744436124476,1.0586676558827965,0.057120051810411895,3.7980178507362923,164
413,114.12431603424326,22.50163591706882,27.234267992247283,20.45668358665435,22.773652410310973,0.4196351447713718,0.13156702489028743,0.9575384634512442,0.062290042516135395,3.561541082437146,162
414,114.12431603424326,22.50163591706882,27.234267992247283,20.45668358665435,22.773652410310973,0.4196351447713718,0.13156702489028743,0.9575384634512442,0.062290042516135395,3.561541082437146,162
415,114.10252027640166,22.34976191354108,24.77681967947218,26.153794924418136,14.341205689642164,0.2682417631149292,0.1571430100335015,0.6812496317757502,0.04350576135847304,2.765015098783705,96
416,114.02607705323716,22.44168431013179,38.082991765198095,10.294358024384058,17.52092407624371,1.1398603130319265,0.9206484149954173,1.6980757260455766,0.06208366521909916,4.818746364316461,179
417,114.02607705323716,22.44168431013179,38.082991765198095,10.294358024384058,17.52092407624371,1.1398603130319265,0.9206484149954173,1.6980757260455766,0.06208366521909916,4.818746364316461,179
418,114.12431603424326,22.50163591706882,27.234267992247283,20.45668358665435,22.773652410310973,0.4196351447713718,0.13156702489028743,0.9575384634512442,0.062290042516135395,3.561541082437146,162
419,114.1755440876482,22.37982357555557,20.9359213885139,25.60623206344305,16.14747440113741,0.16357234880036,0.18463882745481006,0.800803315405752,0.09343764361213236,2.8116263595281863,85
420,114.1755440876482,22.37982357555557,20.9359213885139,25.60623206344305,16.14747440113741,0.16357234880036,0.18463882745481006,0.800803315405752,0.09343764361213236,2.8116263595281863,85
421,114.10252027640166,22.34976191354108,24.77681967947218,26.153794924418136,14.341205689642164,0.2682417631149292,0.1571430100335015,0.6812496317757502,0.04350576135847304,2.765015098783705,96
422,114.13718425938298,22.362209178336546,35.257352723015686,20.035425065055723,11.898765109834217,0.31698204222179593,0.4210676465715681,0.8505885563199482,0.06237030029296875,3.816883526151142,84
423,114.13718425938298,22.362209178336546,35.257352723015686,20.035425065055723,11.898765109834217,0.31698204222179593,0.4210676465715681,0.8505885563199482,0.06237030029296875,3.816883526151142,84
424,114.13718425938298,22.362209178336546,35.257352723015686,20.035425065055723,11.898765109834217,0.31698204222179593,0.4210676465715681,0.8505885563199482,0.06237030029296875,3.816883526151142,84
425,113.96602793917448,22.373708070585632,40.12161289249454,14.673167449218017,11.92086165373748,0.37986910020982895,0.11430173306851774,0.8790159368658208,0.1162597724983284,2.74575121767886,111
426,113.96602793917448,22.373708070585632,40.12161289249454,14.673167449218017,11.92086165373748,0.37986910020982895,0.11430173306851774,0.8790159368658208,0.1162597724983284,2.74575121767886,111
427,114.17571826987763,22.45483982069468,22.986254788408374,27.032436024058946,14.804947737491494,0.36298674766463457,0.19009474552038944,0.874898891256313,0.09096511686691129,2.8657713321724327,132
428,114.17571826987763,22.45483982069468,22.986254788408374,27.032436024058946,14.804947737491494,0.36298674766463457,0.19009474552038944,0.874898891256313,0.09096511686691129,2.8657713321724327,132
429,114.17571826987763,22.45483982069468,22.986254788408374,27.032436024058946,14.804947737491494,0.36298674766463457,0.19009474552038944,0.874898891256313,0.09096511686691129,2.8657713321724327,132
430,113.9664633563946,22.40054720857388,32.960575260919576,16.701419701736963,15.509094638324408,0.25645231039783034,0.29865436339646245,1.210512025525954,0.05921281678846266,4.85983466387688,89
431,113.9664633563946,22.40054720857388,32.960575260919576,16.701419701736963,15.509094638324408,0.25645231039783034,0.29865436339646245,1.210512025525954,0.05921281678846266,4.85983466387688,89
432,113.9664633563946,22.40054720857388,32.960575260919576,16.701419701736963,15.509094638324408,0.25645231039783034,0.29865436339646245,1.210512025525954,0.05921281678846266,4.85983466387688,89
433,114.17517428492856,22.44849141151086,21.67475335197344,23.657285674544404,19.389459121325782,0.21584776150621984,0.07241461887832515,0.86683740957381,0.11972737377996945,2.4544713254145685,121
434,114.17517428492856,22.44849141151086,21.67475335197344,23.657285674544404,19.389459121325782,0.21584776150621984,0.07241461887832515,0.86683740957381,0.11972737377996945,2.4544713254145685,121
435,114.17517428492856,22.44849141151086,21.67475335197344,23.657285674544404,19.389459121325782,0.21584776150621984,0.07241461887832515,0.86683740957381,0.11972737377996945,2.4544713254145685,121
436,114.09932674373242,22.34900185025214,23.763065664177272,26.07714009081197,14.856593221680733,0.294340573824369,0.19761272984692171,0.8632036355825571,0.061645263280623995,3.7386054666633277,78
437,114.09932674373242,22.34900185025214,23.763065664177272,26.07714009081197,14.856593221680733,0.294340573824369,0.19761272984692171,0.8632036355825571,0.061645263280623995,3.7386054666633277,78
438,114.09932674373242,22.34900185025214,23.763065664177272,26.07714009081197,14.856593221680733,0.294340573824369,0.19761272984692171,0.8632036355825571,0.061645263280623995,3.7386054666633277,78
439,114.16241161723136,22.32767147662338,48.265879547002214,3.4669306086397724,10.654463713196503,0.8931570430672794,0.6090925418858631,1.3450767497602245,0.039428038615376554,5.876806778012565,261
440,114.13171114552188,22.50400412003416,23.570958817693327,27.988976562045362,13.607318352498599,0.853665136980167,0.40154998750882,0.9934581635828569,0.06289064773190177,3.1629281781017227,179
441,114.13171114552188,22.50400412003416,23.570958817693327,27.988976562045362,13.607318352498599,0.853665136980167,0.40154998750882,0.9934581635828569,0.06289064773190177,3.1629281781017227,179
442,114.17393249700216,22.36559143114437,29.530520498016738,12.364192950872727,20.34263051586387,0.257149154757276,0.09707698115596065,0.839217209521635,0.06043822677047164,1.9163311263661327,108
443,114.17393249700216,22.36559143114437,29.530520498016738,12.364192950872727,20.34263051586387,0.257149154757276,0.09707698115596065,0.839217209521635,0.06043822677047164,1.9163311263661327,108
444,114.16241161723136,22.32767147662338,48.265879547002214,3.4669306086397724,10.654463713196503,0.8931570430672794,0.6090925418858631,1.3450767497602245,0.039428038615376554,5.876806778012565,261
445,114.22804131713735,22.41764425860121,35.11861269024835,18.552882429482278,14.973248951676963,0.2806038096331168,0.14519276826278024,1.0509404583253723,0.07931667825450069,2.621567422065182,92
446,114.22804131713735,22.41764425860121,35.11861269024835,18.552882429482278,14.973248951676963,0.2806038096331168,0.14519276826278024,1.0509404583253723,0.07931667825450069,2.621567422065182,92
447,114.13171114552188,22.50400412003416,23.570958817693327,27.988976562045362,13.607318352498599,0.853665136980167,0.40154998750882,0.9934581635828569,0.06289064773190177,3.1629281781017227,179
448,114.15014139156206,22.28268845517731,56.885431060992055,10.174694614133973,6.975742008375086,0.7703268480866323,0.5738189254981884,1.3758827732171623,0.06141687727414258,3.8478616355121997,253
449,114.02691222162586,22.441937940054,41.86258924444706,8.82063140139055,15.765469230152965,1.4641913880952047,0.9710702789647346,1.850436482893413,0.058379165673750254,5.126484197102475,209
450,114.02691222162586,22.441937940054,41.86258924444706,8.82063140139055,15.765469230152965,1.4641913880952047,0.9710702789647346,1.850436482893413,0.058379165673750254,5.126484197102475,209
451,114.02691222162586,22.441937940054,41.86258924444706,8.82063140139055,15.765469230152965,1.4641913880952047,0.9710702789647346,1.850436482893413,0.058379165673750254,5.126484197102475,209
452,114.22804131713735,22.41764425860121,35.11861269024835,18.552882429482278,14.973248951676963,0.2806038096331168,0.14519276826278024,1.0509404583253723,0.07931667825450069,2.621567422065182,92
453,114.18733232398084,22.3812771548946,44.78427557297695,14.312237633599175,12.256126639283734,0.2646057694046586,0.25409698486328125,1.1823098453474632,0.08141482317889179,3.331653689160759,135
454,114.18733232398084,22.3812771548946,44.78427557297695,14.312237633599175,12.256126639283734,0.2646057694046586,0.25409698486328125,1.1823098453474632,0.08141482317889179,3.331653689160759,135
455,114.12680102110232,22.50992660089105,22.186364067925346,24.334999367042826,19.794335028137823,0.14974741823344118,0.1947884607796717,1.3170743229413273,0.08413077203512995,4.308882626620206,99
456,113.96126890720345,22.406048943745738,27.073224385579426,31.52042419191391,7.669314127119761,1.726145971389044,0.22091638474237352,1.3081005641392298,0.18539125957186262,2.3566003829713855,21
457,114.0777791578366,22.425361122149265,26.527743869357643,17.29739012541594,29.654924604627823,0.12207455105251735,0.13790130615234375,1.3599600615324796,0.11612927472149885,3.1511751810709643,45
458,114.12680102110232,22.50992660089105,22.186364067925346,24.334999367042826,19.794335028137823,0.14974741823344118,0.1947884607796717,1.3170743229413273,0.08413077203512995,4.308882626620206,99
459,114.0242324427298,22.44953002134871,28.968330784398706,19.913086901841815,16.561100893639345,0.3177457207801358,0.1491764247817481,1.0439815137210307,0.07708056661106596,3.2300396520286068,149
460,114.0242324427298,22.44953002134871,28.968330784398706,19.913086901841815,16.561100893639345,0.3177457207801358,0.1491764247817481,1.0439815137210307,0.07708056661106596,3.2300396520286068,149
461,114.18714781582368,22.381096556245936,43.131771087646484,14.586441840654539,13.05010265774197,0.26784402352792247,0.2562544080946181,1.1941281071415655,0.07847185488100406,3.618273087489752,135
462,113.96126890720345,22.406048943745738,27.073224385579426,31.52042419191391,7.669314127119761,1.726145971389044,0.22091638474237352,1.3081005641392298,0.18539125957186262,2.3566003829713855,21
463,113.96126890720345,22.406048943745738,27.073224385579426,31.52042419191391,7.669314127119761,1.726145971389044,0.22091638474237352,1.3081005641392298,0.18539125957186262,2.3566003829713855,21
464,114.0242324427298,22.44953002134871,28.968330784398706,19.913086901841815,16.561100893639345,0.3177457207801358,0.1491764247817481,1.0439815137210307,0.07708056661106596,3.2300396520286068,149
465,114.10314562059024,22.36056273599484,45.76003415243966,13.074957756769088,10.200121743338448,0.4475266592843192,0.3345453171502976,0.9834852672758556,0.06093865349179223,2.9782751628330777,140
466,114.10314562059024,22.36056273599484,45.76003415243966,13.074957756769088,10.200121743338448,0.4475266592843192,0.3345453171502976,0.9834852672758556,0.06093865349179223,2.9782751628330777,140
467,114.10327151263688,22.361176870151954,45.181795081706966,13.548043761590515,10.201019229310932,0.4343536165025499,0.3219797153665562,1.0129360237506904,0.059458944532606334,2.931577268272939,132
468,114.18714781582368,22.381096556245936,43.131771087646484,14.586441840654539,13.05010265774197,0.26784402352792247,0.2562544080946181,1.1941281071415655,0.07847185488100406,3.618273087489752,135
469,114.18714781582368,22.381096556245936,43.131771087646484,14.586441840654539,13.05010265774197,0.26784402352792247,0.2562544080946181,1.1941281071415655,0.07847185488100406,3.618273087489752,135
470,114.10314562059024,22.36056273599484,45.76003415243966,13.074957756769088,10.200121743338448,0.4475266592843192,0.3345453171502976,0.9834852672758556,0.06093865349179223,2.9782751628330777,140
471,114.24807899258,22.322662547076185,32.50902332545479,19.025833940736334,17.32196669647659,0.16013343553036305,0.05642158397729846,0.7822971988991263,0.09201897515190974,2.3694637317012477,69
472,114.24807899258,22.322662547076185,32.50902332545479,19.025833940736334,17.32196669647659,0.16013343553036305,0.05642158397729846,0.7822971988991263,0.09201897515190974,2.3694637317012477,69
473,114.12447283669762,22.368716585965664,37.45956145270022,15.747191037745834,12.887395186231316,0.3187420280912249,0.5339723561310814,1.0196726216516514,0.056994811188508555,3.6567886440740156,173
474,114.10327151263688,22.361176870151954,45.181795081706966,13.548043761590515,10.201019229310932,0.4343536165025499,0.3219797153665562,1.0129360237506904,0.059458944532606334,2.931577268272939,132
475,114.10327151263688,22.361176870151954,45.181795081706966,13.548043761590515,10.201019229310932,0.4343536165025499,0.3219797153665562,1.0129360237506904,0.059458944532606334,2.931577268272939,132
476,114.24807899258,22.322662547076185,32.50902332545479,19.025833940736334,17.32196669647659,0.16013343553036305,0.05642158397729846,0.7822971988991263,0.09201897515190974,2.3694637317012477,69
477,114.1201612144199,22.370340630155084,46.7683611377593,10.162076898800429,9.971056445952385,0.8396155090742213,0.4071412547942131,1.4785050064004877,0.1148804541557066,5.492121558035573,248
478,114.1201612144199,22.370340630155084,46.7683611377593,10.162076898800429,9.971056445952385,0.8396155090742213,0.4071412547942131,1.4785050064004877,0.1148804541557066,5.492121558035573,248
479,114.0227271321055,22.44906803934064,30.791893950453744,19.601753810504533,15.170136657921043,0.36484121202348596,0.2628571278340108,1.5403092444480002,0.07904005480242204,3.6662943728335264,148
480,114.12447283669762,22.368716585965664,37.45956145270022,15.747191037745834,12.887395186231316,0.3187420280912249,0.5339723561310814,1.0196726216516514,0.056994811188508555,3.6567886440740156,173
481,114.1201612144199,22.370340630155084,46.7683611377593,10.162076898800429,9.971056445952385,0.8396155090742213,0.4071412547942131,1.4785050064004877,0.1148804541557066,5.492121558035573,248
482,114.25543839129794,22.326424898936885,30.396062431605998,20.919949281300212,13.255562004468121,0.5042627348122022,0.0272710272606383,1.2504520145713862,0.12802502787705008,2.391039395163245,94
483,114.13472470852469,22.50157576161241,17.056196123443687,27.091513389398248,24.63680876844842,0.12596382582483212,0.038093377735989156,0.7001146468906035,0.03625748899685779,2.512590287473904,121
484,114.0227271321055,22.44906803934064,30.791893950453744,19.601753810504533,15.170136657921043,0.36484121202348596,0.2628571278340108,1.5403092444480002,0.07904005480242204,3.6662943728335264,148
485,114.25543839129794,22.326424898936885,30.396062431605998,20.919949281300212,13.255562004468121,0.5042627348122022,0.0272710272606383,1.2504520145713862,0.12802502787705008,2.391039395163245,94
486,114.25543839129794,22.326424898936885,30.396062431605998,20.919949281300212,13.255562004468121,0.5042627348122022,0.0272710272606383,1.2504520145713862,0.12802502787705008,2.391039395163245,94
487,114.21409378937402,22.381291266253346,20.90308192308525,21.75014449186646,18.708794853373767,0.18542082666986215,0.11821011884496846,0.9256523318976073,0.07450033765320384,2.513715178230122,109
488,114.21409378937402,22.381291266253346,20.90308192308525,21.75014449186646,18.708794853373767,0.18542082666986215,0.11821011884496846,0.9256523318976073,0.07450033765320384,2.513715178230122,109
489,114.13472470852469,22.50157576161241,17.056196123443687,27.091513389398248,24.63680876844842,0.12596382582483212,0.038093377735989156,0.7001146468906035,0.03625748899685779,2.512590287473904,121
490,114.10932541014547,22.37036356491689,40.245815629612885,9.335386949797273,16.34975408170089,0.5717548206694449,0.3637131291254126,1.284733542514713,0.08228037616994122,3.278737650452667,202
491,114.10932541014547,22.37036356491689,40.245815629612885,9.335386949797273,16.34975408170089,0.5717548206694449,0.3637131291254126,1.284733542514713,0.08228037616994122,3.278737650452667,202
492,114.21409378937402,22.381291266253346,20.90308192308525,21.75014449186646,18.708794853373767,0.18542082666986215,0.11821011884496846,0.9256523318976073,0.07450033765320384,2.513715178230122,109
493,114.12678610685526,22.49735629794299,24.826826368059432,19.891838083291116,21.66098257652799,0.13510051526521383,0.0988264729205827,0.50806987255737,0.057957584696604794,3.0611157716067514,133
494,114.12678610685526,22.49735629794299,24.826826368059432,19.891838083291116,21.66098257652799,0.13510051526521383,0.0988264729205827,0.50806987255737,0.057957584696604794,3.0611157716067514,133
495,114.16287491928269,22.451154798558136,31.911693262988212,16.605681033173866,16.37452180720558,0.37227451965500175,0.3118959011781971,1.1472955551357635,0.06780033269204384,4.113891302061475,242
496,114.16287491928269,22.451154798558136,31.911693262988212,16.605681033173866,16.37452180720558,0.37227451965500175,0.3118959011781971,1.1472955551357635,0.06780033269204384,4.113891302061475,242
497,114.16287491928269,22.451154798558136,31.911693262988212,16.605681033173866,16.37452180720558,0.37227451965500175,0.3118959011781971,1.1472955551357635,0.06780033269204384,4.113891302061475,242
498,114.15904711164907,22.45156982255195,25.850077780144154,22.342078567396662,18.03636483266844,0.2731605060838921,0.13264099193239326,1.0633601646333157,0.08274917061447251,2.4621584736709052,141
499,114.15904711164907,22.45156982255195,25.850077780144154,22.342078567396662,18.03636483266844,0.2731605060838921,0.13264099193239326,1.0633601646333157,0.08274917061447251,2.4621584736709052,141
500,113.96992217756495,22.40608734299924,29.92141884817204,14.86058168008294,18.646865047759295,0.20968052143222288,0.2679842738478396,0.6779196116845932,0.061528111847353656,2.7045650661271505,142
501,114.10453285244292,22.362748752594776,41.217542270531396,13.731714608012766,9.478598977056677,0.6783255056482582,0.5850262112087673,1.3894730719967165,0.06750678094688821,3.1399224691344925,69
502,114.14087087251043,22.33520866328044,39.79527390068346,9.629378032163194,19.409871231662777,0.323099386496622,0.1923175457396794,0.6868479681796716,0.05829764194175845,4.162649769600623,122
503,114.10453284778134,22.362757783133592,41.217542270531396,13.731714608012766,9.478598977056677,0.6783255056482582,0.5850262112087673,1.3894730719967165,0.06750678094688821,3.1399224691344925,69
504,113.97075765514364,22.4059168316032,28.839267587437877,14.294707831082771,19.900811781905624,0.21173472695507353,0.12987342798653903,0.7503299086306577,0.054691207241004625,3.0142425931115673,142
505,114.21654045566662,22.38017089921249,22.58025949651545,28.6420083149171,14.747003249791796,0.15766754810944264,0.1508588914747362,0.7121040707542783,0.06878840458857549,3.187320758770038,77
506,113.96992217756495,22.40608734299924,29.92141884817204,14.86058168008294,18.646865047759295,0.20968052143222288,0.2679842738478396,0.6779196116845932,0.061528111847353656,2.7045650661271505,142
507,113.96992217756495,22.40608734299924,29.92141884817204,14.86058168008294,18.646865047759295,0.20968052143222288,0.2679842738478396,0.6779196116845932,0.061528111847353656,2.7045650661271505,142
508,113.97075765514364,22.4059168316032,28.839267587437877,14.294707831082771,19.900811781905624,0.21173472695507353,0.12987342798653903,0.7503299086306577,0.054691207241004625,3.0142425931115673,142
509,113.97075765514364,22.4059168316032,28.839267587437877,14.294707831082771,19.900811781905624,0.21173472695507353,0.12987342798653903,0.7503299086306577,0.054691207241004625,3.0142425931115673,142
510,114.14002570265497,22.485168824551504,27.82524661741395,27.895651554715812,8.541558307150137,0.31312002651933313,0.3601342353267946,0.7382171741430311,0.05803978961447011,2.9102875529855923,115
511,114.26033761500554,22.32216904481273,31.865770286983913,23.825492064158123,11.665116945902506,0.36293241712782115,0.28915352291531027,0.8568135897318522,0.07484038670857747,1.410805384318034,120
512,114.21654045566662,22.38017089921249,22.58025949651545,28.6420083149171,14.747003249791796,0.15766754810944264,0.1508588914747362,0.7121040707542783,0.06878840458857549,3.187320758770038,77
513,114.21654045566662,22.38017089921249,22.58025949651545,28.6420083149171,14.747003249791796,0.15766754810944264,0.1508588914747362,0.7121040707542783,0.06878840458857549,3.187320758770038,77
514,114.14002570265497,22.485168824551504,27.82524661741395,27.895651554715812,8.541558307150137,0.31312002651933313,0.3601342353267946,0.7382171741430311,0.05803978961447011,2.9102875529855923,115
515,114.14002570265497,22.485168824551504,27.82524661741395,27.895651554715812,8.541558307150137,0.31312002651933313,0.3601342353267946,0.7382171741430311,0.05803978961447011,2.9102875529855923,115
516,114.16048724858702,22.265486448561447,25.995545509534004,28.187381711780517,23.68060951558953,0.11420861268654847,0.003961416391225962,0.908973889473157,0.04417223808092949,1.523982153998481,39
517,113.96660886690832,22.40711253964492,30.208586132715624,17.993659821767654,16.933777723362837,0.37158229363658435,0.43659664335704984,0.9856143325724931,0.09864701165093316,3.418136526037146,126
518,114.14225147758424,22.48327293146297,20.624176661173504,28.659247159957886,14.625235001246136,0.21328091621398926,0.1397716999053955,0.8883921305338541,0.06190220514933268,3.335995078086853,160
519,114.16241161723136,22.32767147662338,48.265879547002214,3.4669306086397724,10.654463713196503,0.8931570430672794,0.6090925418858631,1.3450767497602245,0.039428038615376554,5.876806778012565,261
520,114.26033761500554,22.32216904481273,31.865770286983913,23.825492064158123,11.665116945902506,0.36293241712782115,0.28915352291531027,0.8568135897318522,0.07484038670857747,1.410805384318034,120
521,114.26033761500554,22.32216904481273,31.865770286983913,23.825492064158123,11.665116945902506,0.36293241712782115,0.28915352291531027,0.8568135897318522,0.07484038670857747,1.410805384318034,120
522,113.96660886690832,22.40711253964492,30.208586132715624,17.993659821767654,16.933777723362837,0.37158229363658435,0.43659664335704984,0.9856143325724931,0.09864701165093316,3.418136526037146,126
523,113.96660886690832,22.40711253964492,30.208586132715624,17.993659821767654,16.933777723362837,0.37158229363658435,0.43659664335704984,0.9856143325724931,0.09864701165093316,3.418136526037146,126
524,114.26745695521662,22.314462130048227,34.763050079345696,16.77381560119272,12.954480187934744,0.24174166004560146,0.25638446473238763,0.6662154058266802,0.06048470212702166,3.1046200913992545,114
525,114.14225147758424,22.48327293146297,20.624176661173504,28.659247159957886,14.625235001246136,0.21328091621398926,0.1397716999053955,0.8883921305338541,0.06190220514933268,3.335995078086853,160
526,114.26745695521662,22.314462130048227,34.763050079345696,16.77381560119272,12.954480187934744,0.24174166004560146,0.25638446473238763,0.6662154058266802,0.06048470212702166,3.1046200913992545,114
527,114.26745695521662,22.314462130048227,34.763050079345696,16.77381560119272,12.954480187934744,0.24174166004560146,0.25638446473238763,0.6662154058266802,0.06048470212702166,3.1046200913992545,114
528,114.17034556360092,22.45712439587415,23.19647420916641,23.643751646343027,16.174337822094298,0.17336293270713404,0.026036312705592105,0.8748845886765865,0.06117804008617735,3.4881610201116193,190
529,113.96577605028196,22.40551306414128,26.409980883965126,22.618353061186966,16.75362006211892,0.6432001407329853,0.4955255068265475,1.05052758485843,0.12120986596131934,2.8084213917072,104
530,114.1416101826635,22.48307412355345,22.717674630437255,28.551530037566625,12.981514507632173,0.2279862511358101,0.16213972791493367,0.8970594520477368,0.05778488781240632,3.4565564253919128,139
531,114.1416101826635,22.48307412355345,22.717674630437255,28.551530037566625,12.981514507632173,0.2279862511358101,0.16213972791493367,0.8970594520477368,0.05778488781240632,3.4565564253919128,139
532,114.17034556360092,22.45712439587415,23.19647420916641,23.643751646343027,16.174337822094298,0.17336293270713404,0.026036312705592105,0.8748845886765865,0.06117804008617735,3.4881610201116193,190
533,114.17034556360092,22.45712439587415,23.19647420916641,23.643751646343027,16.174337822094298,0.17336293270713404,0.026036312705592105,0.8748845886765865,0.06117804008617735,3.4881610201116193,190
534,113.97056361975235,22.39919792229184,43.3184612756488,10.598037325102709,12.263866512254738,0.6641517288383397,0.08150166478650324,1.6372255347240932,0.056522632467335666,6.46688417456616,145
535,114.20781412635692,22.394260413928645,25.65764463234603,12.656006698346221,23.605152012146625,0.14746361172076353,0.06156606772511276,0.9093622161760364,0.04359471429254591,2.535744303280545,97
536,113.96577605028196,22.40551306414128,26.409980883965126,22.618353061186966,16.75362006211892,0.6432001407329853,0.4955255068265475,1.05052758485843,0.12120986596131934,2.8084213917072,104
537,113.96577605028196,22.40551306414128,26.409980883965126,22.618353061186966,16.75362006211892,0.6432001407329853,0.4955255068265475,1.05052758485843,0.12120986596131934,2.8084213917072,104
538,113.97056361975235,22.39919792229184,43.3184612756488,10.598037325102709,12.263866512254738,0.6641517288383397,0.08150166478650324,1.6372255347240932,0.056522632467335666,6.46688417456616,145
539,113.97056361975235,22.39919792229184,43.3184612756488,10.598037325102709,12.263866512254738,0.6641517288383397,0.08150166478650324,1.6372255347240932,0.056522632467335666,6.46688417456616,145
540,114.23567746967991,22.422174959110528,25.10583854856945,25.432739560566255,15.534279459998723,0.17482742430671813,0.15091668991815477,0.6173493370177253,0.05764658488924541,2.8582448051089333,84
541,114.17124902202347,22.45926464399191,17.688027752770317,29.503015412224663,17.137524286905926,0.13878213034735784,0.029659271240234375,0.8098464541965062,0.06783803304036458,3.0783489015367294,120
542,114.20781412635692,22.394260413928645,25.65764463234603,12.656006698346221,23.605152012146625,0.14746361172076353,0.06156606772511276,0.9093622161760364,0.04359471429254591,2.535744303280545,97
543,114.20781412635692,22.394260413928645,25.65764463234603,12.656006698346221,23.605152012146625,0.14746361172076353,0.06156606772511276,0.9093622161760364,0.04359471429254591,2.535744303280545,97
544,114.23567746967991,22.422174959110528,25.10583854856945,25.432739560566255,15.534279459998723,0.17482742430671813,0.15091668991815477,0.6173493370177253,0.05764658488924541,2.8582448051089333,84
545,114.23567746967991,22.422174959110528,25.10583854856945,25.432739560566255,15.534279459998723,0.17482742430671813,0.15091668991815477,0.6173493370177253,0.05764658488924541,2.8582448051089333,84
546,114.17124902202347,22.45926464399191,17.688027752770317,29.503015412224663,17.137524286905926,0.13878213034735784,0.029659271240234375,0.8098464541965062,0.06783803304036458,3.0783489015367294,120
547,114.17124902202347,22.45926464399191,17.688027752770317,29.503015412224663,17.137524286905926,0.13878213034735784,0.029659271240234375,0.8098464541965062,0.06783803304036458,3.0783489015367294,120
548,114.17043296643152,22.45792810859575,20.513873100280765,26.04847987492879,16.562072634696964,0.15086650848388672,0.02235889434814453,0.8411018053690592,0.06368716557820638,3.415147066116332,160
549,114.17043296643152,22.45792810859575,20.513873100280765,26.04847987492879,16.562072634696964,0.15086650848388672,0.02235889434814453,0.8411018053690592,0.06368716557820638,3.415147066116332,160
550,114.25962877832544,22.32168175676104,34.091338776705555,21.13519850231352,11.495458034046909,0.34509673154443726,0.22839997944078946,0.7784943831594368,0.07050712604570508,1.5903578067483162,133
551,114.25962877832544,22.32168175676104,34.091338776705555,21.13519850231352,11.495458034046909,0.34509673154443726,0.22839997944078946,0.7784943831594368,0.07050712604570508,1.5903578067483162,133
552,114.00389933439104,22.449265694506057,33.20182853274875,9.823100301954481,21.23264736599392,0.3714280658298069,0.2787590026855469,0.7990312576293944,0.07893615298800997,2.4235002199808755,120
553,114.00389933439104,22.449265694506057,33.20182853274875,9.823100301954481,21.23264736599392,0.3714280658298069,0.2787590026855469,0.7990312576293944,0.07893615298800997,2.4235002199808755,120
554,114.00389933439104,22.449265694506057,33.20182853274875,9.823100301954481,21.23264736599392,0.3714280658298069,0.2787590026855469,0.7990312576293944,0.07893615298800997,2.4235002199808755,120
555,114.25962877832544,22.32168175676104,34.091338776705555,21.13519850231352,11.495458034046909,0.34509673154443726,0.22839997944078946,0.7784943831594368,0.07050712604570508,1.5903578067483162,133
556,114.0049370405332,22.45072070057919,31.2930920084969,10.986685362018523,20.21933175175568,0.473143363910946,0.3176689147949219,0.6878355161739829,0.06384823491664532,3.2681045636453265,122
557,114.0049370405332,22.45072070057919,31.2930920084969,10.986685362018523,20.21933175175568,0.473143363910946,0.3176689147949219,0.6878355161739829,0.06384823491664532,3.2681045636453265,122
558,114.10404090985992,22.356562609331668,30.75462977091471,16.194454261234828,19.748388301758535,0.25692241532461985,0.2175768216451009,1.042163372039795,0.11377306211562385,2.395721560432797,112
559,114.10404090985992,22.356562609331668,30.75462977091471,16.194454261234828,19.748388301758535,0.25692241532461985,0.2175768216451009,1.042163372039795,0.11377306211562385,2.395721560432797,112
560,114.0049370405332,22.45072070057919,31.2930920084969,10.986685362018523,20.21933175175568,0.473143363910946,0.3176689147949219,0.6878355161739829,0.06384823491664532,3.2681045636453265,122
561,113.99608851439304,22.456761409855343,20.817610422770183,17.526382870144314,22.809282938639324,0.21878931257459852,0.029144287109375,0.8436171213785807,0.06624115837944879,1.6156970130072699,60
562,114.00326487370756,22.45166710477528,32.146132226083786,11.875589844448113,16.405293520759134,0.558012607050877,0.1422751183603324,0.7796156640146293,0.0887783524257685,3.073795792324091,102
563,114.13218300604844,22.36582912395045,43.80196613870608,11.61247625978636,9.720733261918314,0.40978170504235917,0.3243547589409377,0.9386252951976347,0.03402734258372313,5.580533588514713,157
564,114.13218300604844,22.36582912395045,43.80196613870608,11.61247625978636,9.720733261918314,0.40978170504235917,0.3243547589409377,0.9386252951976347,0.03402734258372313,5.580533588514713,157
565,113.99608851439304,22.456761409855343,20.817610422770183,17.526382870144314,22.809282938639324,0.21878931257459852,0.029144287109375,0.8436171213785807,0.06624115837944879,1.6156970130072699,60
566,113.99608851439304,22.456761409855343,20.817610422770183,17.526382870144314,22.809282938639324,0.21878931257459852,0.029144287109375,0.8436171213785807,0.06624115837944879,1.6156970130072699,60
567,113.99764140858908,22.457991277449967,29.053596335809345,9.121711774804126,20.28515293223648,0.36884760947976536,0.13554233244095726,0.982116830760035,0.07384471966389039,1.6808177319523017,87
568,114.1225999757402,22.36600680785321,43.36801542752031,12.613457527713502,10.96854647576521,0.2871195475260417,0.5516107531561367,1.063655770343283,0.03781203486493244,3.6592407502989843,138
569,114.00326487370756,22.45166710477528,32.146132226083786,11.875589844448113,16.405293520759134,0.558012607050877,0.1422751183603324,0.7796156640146293,0.0887783524257685,3.073795792324091,102
570,113.99764140858908,22.457991277449967,29.053596335809345,9.121711774804126,20.28515293223648,0.36884760947976536,0.13554233244095726,0.982116830760035,0.07384471966389039,1.6808177319523017,87
571,113.99764140858908,22.457991277449967,29.053596335809345,9.121711774804126,20.28515293223648,0.36884760947976536,0.13554233244095726,0.982116830760035,0.07384471966389039,1.6808177319523017,87
572,113.97691691875374,22.38420628515316,33.87611288773385,12.462509817082516,18.96270636694241,0.2644196820770323,0.1845837568911428,0.7938308790180884,0.07815872251871268,2.817952377289592,171
573,114.1225999757402,22.36600680785321,43.36801542752031,12.613457527713502,10.96854647576521,0.2871195475260417,0.5516107531561367,1.063655770343283,0.03781203486493244,3.6592407502989843,138
574,114.1225999757402,22.36600680785321,43.36801542752031,12.613457527713502,10.96854647576521,0.2871195475260417,0.5516107531561367,1.063655770343283,0.03781203486493244,3.6592407502989843,138
575,114.0042154894269,22.45285110894437,27.29013975676116,11.134773116927963,20.61216394464533,0.3983274236455694,0.06074132146062078,0.8657816294077281,0.10074638389610313,4.320900433056347,111
576,114.02318805148076,22.44514927272013,39.67483752271029,9.893150517505966,15.988582773944625,0.7064426278050114,0.7046744936988467,1.411917174390971,0.10159873022821736,5.14724070606952,203
577,113.97691691875374,22.38420628515316,33.87611288773385,12.462509817082516,18.96270636694241,0.2644196820770323,0.1845837568911428,0.7938308790180884,0.07815872251871268,2.817952377289592,171
578,113.97691691875374,22.38420628515316,33.87611288773385,12.462509817082516,18.96270636694241,0.2644196820770323,0.1845837568911428,0.7938308790180884,0.07815872251871268,2.817952377289592,171
579,114.0042154894269,22.45285110894437,27.29013975676116,11.134773116927963,20.61216394464533,0.3983274236455694,0.06074132146062078,0.8657816294077281,0.10074638389610313,4.320900433056347,111
580,113.99908404109216,22.454281374349325,21.11918183623767,16.56567307769275,22.822654182142244,0.3417395503143144,0.0829071295065958,0.7132551057742593,0.08264083028491076,2.0915922571401127,61
581,113.99908404109216,22.454281374349325,21.11918183623767,16.56567307769275,22.822654182142244,0.3417395503143144,0.0829071295065958,0.7132551057742593,0.08264083028491076,2.0915922571401127,61
582,114.02318805148076,22.44514927272013,39.67483752271029,9.893150517505966,15.988582773944625,0.7064426278050114,0.7046744936988467,1.411917174390971,0.10159873022821736,5.14724070606952,203
583,114.1658096340512,22.44166401963321,18.211144691146306,31.432246853232773,16.870047745195407,0.17660474314272984,0.06140551520782767,0.7528055061414404,0.1035177977725526,2.179337782381422,103
584,114.1658096340512,22.44166401963321,18.211144691146306,31.432246853232773,16.870047745195407,0.17660474314272984,0.06140551520782767,0.7528055061414404,0.1035177977725526,2.179337782381422,103
585,114.1658096340512,22.44166401963321,18.211144691146306,31.432246853232773,16.870047745195407,0.17660474314272984,0.06140551520782767,0.7528055061414404,0.1035177977725526,2.179337782381422,103
586,114.24185647557512,22.425351317591,29.2819533549564,19.393634796142578,20.850890343178047,0.18224044584892166,0.3969541737731074,0.7139120863077227,0.07457464513644366,2.3248220273586506,71
587,114.24185647557512,22.425351317591,29.2819533549564,19.393634796142578,20.850890343178047,0.18224044584892166,0.3969541737731074,0.7139120863077227,0.07457464513644366,2.3248220273586506,71
588,113.99908404109216,22.454281374349325,21.11918183623767,16.56567307769275,22.822654182142244,0.3417395503143144,0.0829071295065958,0.7132551057742593,0.08264083028491076,2.0915922571401127,61
589,114.26583801821349,22.31746118283214,39.8077916979491,15.689623505250552,11.109336814784763,0.36268019138422225,0.3624421313292998,1.1320410515730244,0.05999161187269933,2.704085682269027,133
590,114.26583801821349,22.31746118283214,39.8077916979491,15.689623505250552,11.109336814784763,0.36268019138422225,0.3624421313292998,1.1320410515730244,0.05999161187269933,2.704085682269027,133
591,114.24185647557512,22.425351317591,29.2819533549564,19.393634796142578,20.850890343178047,0.18224044584892166,0.3969541737731074,0.7139120863077227,0.07457464513644366,2.3248220273586506,71
592,114.10564210099469,22.377071669669533,40.1680495387824,15.842549375785413,11.490327997725139,0.27336298033248546,0.23599151493042939,1.0837249361575418,0.06525596598938145,2.7214668825923316,129
593,114.10564210099469,22.377071669669533,40.1680495387824,15.842549375785413,11.490327997725139,0.27336298033248546,0.23599151493042939,1.0837249361575418,0.06525596598938145,2.7214668825923316,129
594,114.26474117531448,22.317326322345533,40.88873364339489,16.25613354128353,10.38604258330779,0.3557659993786591,0.3974747483747719,1.1883582511957544,0.0691638955814705,2.816023211699622,137
595,114.20704395034409,22.335372387154177,37.45896230914636,8.664147344653955,21.03346788478707,0.6097264394550743,0.46227544605612986,1.0743224930144595,0.11360202720779145,3.6052464011186602,167
596,114.26635297397485,22.31831880526764,33.8860434715194,17.049475149674848,13.90250427554352,0.37021299805304014,0.33833619320031366,1.1578574325099136,0.06053279144595368,2.95609464549055,132
597,114.26635297397485,22.31831880526764,33.8860434715194,17.049475149674848,13.90250427554352,0.37021299805304014,0.33833619320031366,1.1578574325099136,0.06053279144595368,2.95609464549055,132
598,114.26635297397485,22.31831880526764,33.8860434715194,17.049475149674848,13.90250427554352,0.37021299805304014,0.33833619320031366,1.1578574325099136,0.06053279144595368,2.95609464549055,132
599,114.18119383880332,22.329758124151645,33.108654209211764,11.94051543092416,20.408081540874406,0.18955772998286227,0.18376743092256434,0.8716103298212189,0.09048125323127298,3.9263613083783317,102
600,114.19529802206776,22.332565641581045,37.09793373390481,9.806202076099538,19.932996820520472,0.4399521439163774,0.3225993403682002,1.195181246157046,0.05980767144097222,3.9985543710214118,225
601,114.16897615990976,22.27542079405733,50.23567813566361,15.15328966338059,4.447098253330509,0.6849259709033015,0.4035993554126257,1.1654307559075483,0.02776982683788314,4.523053662530307,174
602,114.1382916584062,22.25398667104387,28.46701661455661,18.667205522820318,18.160225759167453,0.25439366807032676,0.08872280445702176,0.799143111328719,0.06480251785612455,4.059084082461912,137
603,114.16857502510906,22.33184403699001,43.09165346110525,10.8445582945654,14.212513164996126,0.49144261209998885,0.29178104517650016,0.8005998373519181,0.10679358109862282,3.0645087696535698,163
604,114.18311596966116,22.334381718172416,32.0178767045339,12.630296415752833,19.716404543982613,0.24787717395358613,0.17553170522054037,0.7250507672627767,0.06497171190049912,3.3489889568752713,48
605,114.19974598913544,22.286671539716533,27.81826438325824,26.699249672167227,14.486539725101357,0.28067935596812854,0.024292685768821022,0.8298765529285778,0.05017591245246656,2.3973580562707153,88
606,114.19474464922476,22.33193356309364,35.387640501323496,9.802048331812808,21.49633190088105,0.4073335413347211,0.33864640353018777,1.0483535967375104,0.06187137804533305,3.3235829336601395,190
607,114.1765250405746,22.27546613676575,45.870142858385464,12.461637567590785,7.45314031407453,1.1426861159467467,0.7675903430883435,1.7433641037503302,0.059406692087170386,6.058284587522252,207
608,114.19439902741696,22.28492026403607,46.0663137680445,10.33540774614383,13.170083608382786,0.5484319344545021,0.28830503806089747,1.0242914542173727,0.05148814274714543,3.876534241896408,130
609,114.19602940632598,22.286211459714664,36.960744670793126,17.636433395684936,16.453426585477942,0.2657680885464538,0.038330975700827205,0.6428744746189491,0.05369597790287991,2.263385174321193,85
610,114.14462956121749,22.28391562177092,51.26420752946721,17.02970312547314,6.611877855404404,0.3982728765916455,0.3110212873118793,1.3307076091914214,0.03579073174055233,2.860649611598761,215
611,114.21964853382784,22.31930413803551,39.74812683181383,12.321892543811703,12.59772552186577,0.22869110107421872,0.13762232082993237,0.5204717911298002,0.05792361586841185,2.65629279672803,67
612,114.17805868897496,22.34227455658802,32.25738808554427,16.22022821121857,20.04747203752106,0.12201608396043963,0.1477217473903624,0.7930758286591004,0.07146947524126838,2.7646863493932727,119
613,114.1558613845154,22.251334870803227,42.95850305846243,20.202621907898877,9.868293820005476,0.5930308139685428,0.254500995982777,1.4044266758543071,0.03491748463023792,3.413900823304148,88
614,114.1940788367576,22.285146064185213,48.31598130919093,9.518657656882306,11.211147354089384,0.5987089600780313,0.32524525118674597,1.173627976890948,0.0486922778671594,4.032310879201912,139
615,114.15390690657152,22.3385704053934,46.141298796779424,7.256414723950763,10.956914295521816,0.7274873496950134,0.3856389097465101,1.1966250663579896,0.04566177841304809,6.554204733796823,172
616,114.16413046276088,22.31896613174008,49.44038963890649,7.932162070059561,10.217841179879219,0.7554137312972152,0.5596431525977883,1.2585091519284175,0.07797476049658056,5.141354752732468,222
617,114.18263000274048,22.31946320804884,35.14196453672467,14.224103291829426,16.888656616210938,0.251022685657848,0.007081465287642045,0.940900860410748,0.03681529651988636,3.8249645811138735,55
618,114.23865436297196,22.300803333708654,38.49162474656716,12.258618000226143,12.844964785453602,0.2554838473980243,0.28960338005652797,0.9966031098977115,0.05957407829089044,3.9672172986544103,104
619,114.2380321188284,22.298175661212326,39.57574470068818,11.964318572833973,13.60542594745595,0.2632820478049658,0.41427714850312924,1.1294834075435516,0.06090697421822497,4.9748651442989225,124
620,114.19559948755992,22.3366925807693,42.3277693057279,13.681377183406726,10.376366052423412,0.6586560415565421,0.47720215007070377,1.358782771165947,0.09494659003861454,5.655485555666302,218
621,114.15818761934185,22.34010615170708,40.24701182047526,9.138349533081055,14.872646967569988,0.7420352300008137,0.3409919738769531,0.8863897323608398,0.051314036051432296,4.4241838455200195,100
622,114.18310560633088,22.3197070163836,38.01343194369612,14.14785823602786,15.458777307093829,0.3223276686394352,0.09311807566675646,1.091320213230177,0.042382602033943964,3.6392184509628116,58
623,114.19739669978972,22.34614736910687,38.6791363202301,15.396863109660599,11.145903029531803,0.467917004471305,0.47604802769435034,1.2078525135352176,0.04367268560317577,4.614264810110288,159
624,114.23735732535958,22.30866948176192,43.96524429321289,11.970411313997282,11.004025119167942,0.7488206272080784,0.1869975270091237,0.9959858892125126,0.06488097575438884,2.725717237779311,143
625,114.20436718705632,22.34753704099628,38.95665511344243,14.054915357176156,12.7294957059101,0.588366128865955,0.18394741811412824,1.0050616218048392,0.10505972556697513,4.221755092583813,103
626,114.16266418422688,22.32572089229322,50.11669098277817,4.604686134976408,10.825907748776133,0.4724037520877043,0.3921144842680267,1.1337641973237125,0.060353318428965144,5.19315115273771,283
627,114.215245439533,22.33176745015817,29.336722558286006,12.839854798731016,21.067203393503398,0.1667458136208585,0.1798581676322873,0.8038475399925596,0.06686352214225534,1.883264215720468,119
628,114.18518399261316,22.341615114376943,30.947352167385727,16.771566334055432,18.346322235183337,0.30189177290124086,0.11129948630261777,0.7403748545480605,0.07694253874062307,3.3872948357121855,134
629,114.205667796873,22.346317688656704,42.60821207195309,10.382083121766435,13.29508402668838,0.3575071375420753,0.018152277520362366,0.8441573339151152,0.1755822634866052,2.87225364793277,94
630,114.20461944067873,22.346769400065096,42.69692869413467,11.84581234341576,12.733521631785804,0.4931052525838216,0.1346792493547712,0.9213498660496303,0.1435904275803339,3.591291961215792,112
631,114.18341618657314,22.31946317802124,37.61294927352514,13.833818680200823,15.493021255884416,0.2801406077849559,0.10021649874173678,1.263117790222168,0.037298447046524436,4.505562170957908,52
632,114.18540681848393,22.33430936851697,32.69878763730834,15.036677016692911,17.79593967256092,0.290634518577939,0.1889832165776467,1.134114038376581,0.04779789723506591,3.9813638544407026,49
633,114.1727003949882,22.332954955973182,37.400361364201984,15.402262525040976,14.798238480737968,0.29016834820887843,0.20536600157271984,0.757859843645909,0.09921059127925902,1.8675258917401931,172
634,114.22842241877656,22.318479799759498,33.875639464265554,18.91167676577004,11.917698511513331,0.3894852053734563,0.3760122483776462,0.7180252382832187,0.0660111827235068,4.326379940073978,124
635,114.23731070009715,22.267977500436363,32.89587607328919,16.42248575714813,21.54878610852121,0.2178945760617311,0.46266029620992727,0.6447885228299546,0.07146473588614628,2.223434119388975,116
636,114.18523250471198,22.341190675078725,30.879329531281087,16.57959708461055,18.876077069176567,0.3106161400123879,0.11210220831411855,0.7956652729599565,0.09152602266382287,3.37004683635853,144
637,114.1304258838065,22.365106186475227,37.76063124338786,15.426343095068841,11.691756809459013,0.2949983465905283,0.10317353641285616,0.7043202718098959,0.033043412601246554,4.346257097580853,136
638,114.16899203821664,22.33865311258837,31.377680081847707,15.482897115937362,21.741498108451246,0.21097102063767456,0.5496403849716728,0.7481744103397883,0.10141717626693401,4.023251634963016,94
639,114.17296301131768,22.313728836223085,40.84667620204744,17.650707278932845,9.506465139843169,0.7058751015436081,0.30322245189121794,1.1660442465827578,0.05463645571754092,5.62411007427034,112
640,114.16855544522171,22.33466157663544,38.955715694718364,11.317492050802525,15.792958253349354,0.4501486136243234,0.28282614315257354,0.972596336813534,0.0713030497233073,4.560854128503072,153
641,114.20564850373904,22.34691370928376,43.2027701493148,10.113274920117725,13.008766034583907,0.36404683039738583,0.018750704251802884,0.8037434392796331,0.18094031365363153,2.961698469224867,91
642,114.1824165924604,22.32250652527976,31.43174199774714,18.157582550552416,16.283672634917913,0.26949640154445137,0.09630033285310953,0.9161055284758212,0.07908320662998918,4.005192608723152,101
643,114.18061116346432,22.31958066542029,40.0934816777021,12.728300587884313,14.676434966339462,0.2403977273524493,0.17577533064217404,1.1764545550291563,0.05421583679900772,3.2868656618841765,116
644,114.16635859791414,22.2454388563002,39.36585593469364,13.522456847515302,15.084217504127738,0.2725745394467488,0.22804220927130317,0.7164581534788781,0.07131976360307936,3.316131080548788,97
645,114.215553196622,22.21563329797065,18.633450143705538,35.871801919084255,16.49355074254478,0.28431590010480184,0.15058750059546494,1.0256201271119159,0.04406440548780488,2.4707150653125796,41
646,114.235123943553,22.305825659267978,43.07508201865883,12.411615731832864,10.965206795361214,0.3532073992393511,0.16440144785634286,0.8860459138741303,0.05174894710798641,3.286364584258109,143
647,114.18032957698324,22.31504731215991,37.118043253819145,12.671175599098206,13.760210573673248,0.3011725842952728,0.23769885301589966,0.9507243831952414,0.08101935187975566,3.859321773052215,128
648,114.17987331505566,22.3106403877166,31.071858281053405,14.804144655720572,18.65564767787519,0.19372518589434104,0.09036903524220212,0.9975590509421817,0.08463913135314255,2.9207865397135415,89
649,114.233050571243,22.314577044202103,31.906011919954633,20.522206376641346,14.34950807909945,0.4226090072037338,0.22124005602551744,0.662504749380665,0.061042587478439526,3.8142072173940154,77
650,114.13433383134738,22.252775575236083,37.44070935411518,14.833500271751769,18.6520816517525,0.3694151534515173,0.09257128449524342,0.7111776442754836,0.059899180924811335,3.4325664546213988,98
651,114.2304500311661,22.31606797329092,35.12296595815885,21.1952217554642,10.778962151478913,0.311914271554031,0.46047598628674524,1.031991990946107,0.11265749311716544,3.167161833768511,118
652,114.01954041060344,22.44064860437512,23.824049551275714,18.811006183865707,21.635544450977182,0.15849463547332376,0.006417383121538766,1.0716876903163735,0.09610341068058578,2.8028592781678534,79
653,114.25155164903714,22.263844567188904,34.95531993934967,15.747928126529823,13.0578112540627,0.3178589103757873,0.22683993790500848,0.7898483473509166,0.08665129195812137,4.1097658241133965,129
654,114.17975591178102,22.26556851970904,41.397416216772314,21.18135668196768,23.410939270595335,0.06297969218320067,0.0015114838222287737,0.2681696190024322,0.23140457441221993,0.7717036601132568,53
655,114.2273025359356,22.415955790534223,29.414902793036564,15.792125794622633,22.518937455283275,0.14740162425571016,0.16348163286844888,1.10586682955424,0.0966489315032959,1.7656806442472668,96
656,114.1054942328771,22.36236989634369,39.894230736626525,15.473346710205078,9.960161844889322,0.7334950764973958,0.47180260552300346,1.029574924045139,0.07958772447374132,2.996489630805122,75
657,114.13852851429866,22.48769698962874,19.79057866763445,33.224597631716264,10.650356143128638,0.36357212689966933,0.37719284007751863,0.5768922419329874,0.053372725941776444,2.410560184054905,102
658,114.23408505203672,22.42346688936244,37.44487986318383,16.73132108410759,11.642554332392875,0.5256019287825751,0.4132082764531525,1.115233237754571,0.07475597757688711,2.437276347702098,142
659,114.1529758106357,22.27669255280544,40.612298440242164,22.737916034200918,10.591445314711418,0.20145416259765625,0.2467959860096807,0.8657687643299932,0.03196052882982337,2.398466856583305,115
660,114.22522126849768,22.547845587070896,28.224892086452908,33.60931608412001,22.172175513373485,0.0,0.09905497233072917,1.475207010904948,0.029754638671875,1.5776634216308594,3
661,114.19819304329728,22.28435087919464,28.310289671926785,20.513427040793683,21.299686431884766,0.2135271014589252,0.05695689808238636,1.009586218631629,0.06259224631569603,3.1195293773304327,55
662,114.18324818534828,22.253792437723515,15.947771620476384,38.34026490134754,15.70611767385198,0.07501032160616469,0.014042032176050646,0.4540355726220142,0.03843362303985946,1.095727942455774,58
663,114.21695396165096,22.33219147341768,26.591629754929315,14.33420907883417,23.066485268729075,0.1363230508471292,0.20130702427455358,0.6638157556927393,0.059583149259052566,1.8566022600446428,105
664,114.14943311767,22.332049634841795,36.43815003189386,7.569194307514265,19.39028440737257,0.14791077258540136,0.1688373790067785,0.7910993987438725,0.06851719874961702,2.7456737967098466,170
665,114.15282215244662,22.267372903169647,18.394627571105957,31.272876527574326,33.70059331258138,0.15977276696099177,0.010496775309244791,0.2828682793511285,0.020275115966796875,0.7191912333170573,60
666,114.12525741652108,22.26816118826948,26.580514907836914,28.794239044189453,15.524857203165691,0.07422256469726562,0.0104217529296875,0.5381209055582683,0.04141998291015625,1.2221965789794922,50
667,114.22568652066188,22.32183099661217,25.425614767927467,18.975324940875296,17.5519877332982,0.2894835743477674,0.007996908048304116,0.8103863010561564,0.07191944897659426,4.70738100811718,82
668,114.22825970504128,22.3247199888727,28.37395192831243,12.73525605087018,19.66559911511608,0.2897757435172694,0.036713511673445554,0.9665964395319883,0.07321662509564272,4.690925034460743,97
669,114.18182448729532,22.32172088314441,36.15558537003262,16.653813567816044,15.542169957379112,0.27260157017925984,0.1582762774299173,0.8795180351905573,0.04560557845371222,3.4592266955406834,102
670,114.18295039909056,22.32173890573685,33.27364902870328,15.656808217366535,15.837989881926893,0.2532771989410999,0.11442745433134191,0.8716699188830805,0.038739372702205885,4.246947718601601,85
671,114.22801503105649,22.31919334569301,31.22748022987729,21.115543444951378,12.71428040095738,0.3542729786464146,0.3153681755065918,0.779773507799421,0.0753777367728097,4.623788595199585,112
672,114.23276893883444,22.314152703524783,32.11923615757004,20.102236281225693,14.754803562577155,0.4114278983244132,0.22202776624010756,0.6887291416977391,0.05999478426846591,3.957178272726216,77
673,114.22641847961216,22.33314609521056,19.309912604847177,20.814232442570827,24.787815137841232,0.1401339454212408,0.08167124342644352,1.2525180290485252,0.05797462901849855,2.589520640756892,116
674,114.26236285233516,22.3325983074554,21.19718591372172,16.293514437145657,39.19845157199436,0.1069029172261556,0.09791851043701172,0.6600181261698405,0.09374088711208767,0.6820228364732529,48
675,114.2390234828582,22.27964444237767,37.01510826746623,12.258910338083902,20.811712741851807,0.2918187777201334,0.24107297261555988,0.7360076904296875,0.18368244171142578,1.8465709686279297,40
676,114.12564382515984,22.27280306247909,21.99644853839767,27.53458885149767,22.362016149833376,0.19619343644481593,0.006213430630958686,0.7112449171852931,0.014082051939883475,1.674195198015978,59
677,114.25116333985667,22.263420304727035,34.34670740558255,14.97672014338996,13.479394297445975,0.350696297102077,0.21199103324644028,0.8207644185712261,0.09370465432443927,4.309387617213751,124
678,114.1456673771356,22.285992869545264,57.367502114711655,9.532032479773035,5.033170926820982,0.7492796802298449,0.9167503365825661,1.620601885246508,0.05478725566730633,3.9417220162344973,286
679,114.16370283215844,22.32505271624975,51.57967810135161,3.7354991142610205,10.20726519531104,0.5232842877204557,0.5400107325618839,1.1619107555175197,0.055283941818109694,5.4441831445181235,279
680,114.26236285233516,22.3325983074554,21.19718591372172,16.293514437145657,39.19845157199436,0.1069029172261556,0.09791851043701172,0.6600181261698405,0.09374088711208767,0.6820228364732529,48
681,114.16999636069028,22.44579116980656,30.457888297664304,21.56500060195676,16.50926241211135,0.3641235018239439,0.47356225911853383,0.9580865261238368,0.07679053494845393,4.52776124948051,206
682,114.13535354676831,22.380549735989973,24.043565183072477,28.144418441497525,15.069385906597514,0.12925165193574922,0.2750310811910543,0.8466617481128589,0.0694283494004258,2.3794870118837097,74
683,114.11711321225611,22.368515366105072,48.76326898048664,9.128796369179913,8.344889235222476,1.178900400797526,0.7340909420758828,1.8213670829246784,0.11562547464480345,6.191467142653192,232
684,114.11123485187971,22.5014324526924,20.909994702006497,26.90652987753698,24.235521360885265,0.10086325711982194,0.3188532452250636,1.0516950326372487,0.09938469228818436,2.428166441215101,86
685,114.12976510448486,22.366767615137107,37.91033564139899,14.171202863148933,12.094988011055998,0.35406748453776044,0.1615945097925566,0.827172963167552,0.040647108777821496,3.964309326464609,139
686,113.98460650347369,22.42029231408371,27.142414493837215,9.76765121238819,28.24525729469631,0.2216086871382119,0.8424295895341515,1.2890083202417344,0.07397541101428046,3.9914569992949995,92
687,113.97444143731994,22.39716193755952,48.79898349795721,7.249716671518871,12.363782815173664,1.5142104618668908,0.5925922618854714,1.8621094458926037,0.09919675753883203,3.9865378433272554,226
688,114.12603346141351,22.375842173820875,32.962099711100265,28.279324037482944,11.764378911520103,0.39817779418455074,0.1466475337384695,1.3427010501723693,0.13314059460498243,1.5703687706146854,83
689,114.25728267840982,22.3434556513008,17.506280828405313,17.66135886863426,43.29501116717303,0.036549744782624426,0.30179624204282407,0.7606817174840856,0.027965969509548612,1.0556524771231193,45
690,114.12986371430787,22.36224334222755,38.559711270216035,11.28496658511278,14.387997379147908,0.3021767468956427,0.4209064855808165,0.7995382557070353,0.05286805998019086,5.14605084085852,164
691,114.1288726611348,22.36441038205182,34.03117595574795,15.922053519137563,13.887194554690284,0.22273267436231303,0.056902567545572914,0.8721253810784756,0.04811137490123085,3.732125100247201,117
692,113.86637515734554,22.251969883483746,16.807722727457683,12.671053568522137,52.371612548828125,0.09273783365885416,0.0,0.3598136901855469,0.061667124430338546,0.8721555074055991,25
693,114.1408811060792,22.370996757511342,41.04796097058208,11.52743758941565,11.211723573401528,0.41758059119643953,0.6909159385189622,0.8895914093786927,0.0435655524416798,3.651312018642906,119
694,114.19384773154955,22.37984977779627,38.09471130371094,13.47590623078523,15.371144612630209,0.5309189690483941,0.45531025639286743,1.5859780488190827,0.10419280440719039,3.426270308317962,90
695,114.12136956906484,22.35928766682052,37.773297772263035,13.758755693532,15.021732840875181,0.17100440131293404,0.1984480655554569,0.7865881679033992,0.051262884429006866,4.27654343422013,132
696,113.97233920364592,22.387018072774787,32.15444501241048,16.220245997111004,23.344782193501793,0.2121632893880209,0.045749664306640625,0.8203442891438801,0.06972757975260416,2.1210438410441084,100
697,113.97260047989344,22.387641505797472,32.55778977365204,16.44564079515862,21.755214748960555,0.2241810885342685,0.03486286510120739,1.0462136702104048,0.0877946795839252,2.3978126410282017,110
698,114.18651599600526,22.37164162919281,19.373920782288508,21.836224835903494,21.68245268105274,0.18644759904092817,0.012719453270755597,1.0657310485839844,0.06272045534048508,3.760873974852301,67
699,114.1918858391508,22.3757501118351,28.69853008998914,19.60149865025438,17.842607105269412,0.3563355863764045,0.3994759548915906,0.8447250623381539,0.06885028510504447,2.4894517905703197,89
700,114.20432589407278,22.384453904025857,34.71497268492473,11.267725856983718,16.22016579632598,0.3299063530521117,0.12713446133378623,0.626765817835711,0.0648037822926102,4.277651551840962,138
701,113.96535574863998,22.375179163217748,34.63243966574197,17.22255678840609,14.539478637359954,0.32163487249241646,0.19190232832353193,1.1054734170655192,0.09618661342523037,3.554589058453346,91
702,114.10533979608174,22.379609113542617,32.5785583173725,23.48256939453698,11.60492561232876,0.33213655713578344,0.24141392237703566,1.1893102260822423,0.040443850235200265,2.6698600518311695,71
703,113.97790224306748,22.387819692112625,39.17413741042934,17.428792710976094,11.812505361550452,0.6288185971709052,0.5554122203813796,1.3077506494685958,0.06683782203910277,3.483949576046868,194
704,114.03538322235414,22.44193655387747,40.70051342037553,8.70327825523719,16.846242638626283,0.4147053892167184,0.40802019989518695,1.5035295599177654,0.06977108353418661,4.149734551179494,141
705,114.0343153349478,22.44124930140016,38.93631167725646,9.009516568194023,16.900192147354158,0.532021897107426,0.41132074505913285,1.545108503596798,0.07051723018573348,4.482930582293532,157
706,114.17803958259891,22.37811680636315,39.336115870643496,14.378774825052997,16.349497272740656,0.31323952091798507,0.6821402353257989,1.1380448013893525,0.0675904291558705,3.8247718683239604,199
707,113.978095801741,22.388280484453308,37.387445851376185,17.991148965400562,11.992549394306383,0.6724324142723752,0.4250979841801158,1.267982784070467,0.0623288070946409,3.285476952268366,190
708,114.13372167829424,22.35081173763997,17.726709385110876,25.581934636690804,18.41667637680516,0.1049324318214699,0.06304268885140467,0.9178225841586438,0.07893982961121633,1.9002429563991148,99
709,114.12960381326135,22.49915419682733,24.013275683669907,24.762229273450995,18.660762093283918,0.331729066138174,0.15822833872096423,0.7851648245690764,0.08651848995324338,3.0499859502183773,187
710,114.1881294718636,22.39251106734168,20.052123204462948,23.467710462667174,22.174371299097093,0.06965055304058528,0.0,0.5635046016025005,0.07346740550240555,0.7975723783848649,59
711,114.1881294718636,22.39251106734168,20.052123204462948,23.467710462667174,22.174371299097093,0.06965055304058528,0.0,0.5635046016025005,0.07346740550240555,0.7975723783848649,59
712,114.10588439667758,22.37796579803181,39.84301967182378,15.925805870143849,11.259018689736553,0.276367143652905,0.18541812896728516,1.1488925451519845,0.061018165500684715,2.8143880011021403,116
713,114.12348051153629,22.373881727260976,28.867429257438868,20.781240523236356,20.04072521217714,0.28991479293855227,0.12014976837350137,0.9867454224912376,0.08688992674245774,3.1272340370674057,159
714,114.20236441443772,22.38465289693549,28.936830021086195,16.481838339851016,16.92099400929042,0.2748040925888788,0.09401185171944755,0.6724647113255092,0.06772166206723168,3.2541961896987184,112
715,114.16675093790796,22.45546260982853,30.068770909713482,21.268296825459224,13.229384485162134,0.5159972526708341,0.1190056235103284,1.0184758576071642,0.06923962896602077,3.4161278532498747,177
716,113.97799958514544,22.414965385781137,21.732020823160806,14.982775115966797,29.516560109456375,0.1335797627766927,0.23982086181640624,0.8323140462239582,0.10264511108398437,3.1493512471516927,125
717,114.19828541801505,22.380797455587324,32.58961401288472,15.94418930628943,15.680936215415832,0.27333516923208084,0.22936889103480748,0.938388847169422,0.08300013012356228,3.85153747740246,168
718,114.14321122856616,22.492655725979493,26.1849812388167,22.330618410859646,16.767283964055864,0.18795260451654972,0.07536456843090665,1.0069284216360428,0.07793280729062997,4.663668266021015,157
719,113.96487904031576,22.375792612666057,30.178126310690853,20.018919221647494,15.743319542853387,0.20924417963831413,0.14305953141097183,0.9551837767436828,0.07374173118954613,3.289045955671932,91
720,114.12894287100832,22.49940685266778,27.411925587867138,22.693004804788178,17.800770920166855,0.3780392846700662,0.17857207465417607,0.8075838646118583,0.07709948877288714,3.3385126041792508,194
721,114.1016158854021,22.35263321203183,29.178944722310202,20.54699591330222,15.156270505429745,0.25117060801646374,0.14975092432520412,0.8877633928178666,0.07052235417179875,2.634586299861873,111
722,114.17561212100678,22.372689456352816,41.19125110347097,9.31877779766796,18.299072157076704,0.2811253555421907,0.16894805722120332,1.0625709363115512,0.09245290988829079,1.718310030495248,164
723,113.96687841577528,22.40223644397231,26.86916675442964,17.423714531792534,20.45950484431647,0.2618593328139362,0.327755423153148,0.9219671386519289,0.0926600562201606,3.716002258599973,102
724,114.12065514105144,22.37347439723808,35.370700344717584,12.067380565807133,24.128088921857028,0.42295709465666537,0.20437533138719804,0.9304783826956722,0.0708710684122971,3.14028219211321,163
725,114.03483968240133,22.441475524385293,39.40798372462176,8.646441888118137,17.00839789017387,0.5177546238553696,0.4065117398321917,1.59465149404922,0.0714684454139304,3.93373171488444,138
726,114.1036369534698,22.349283802582374,26.152626355489097,27.73547712961833,13.906832377115887,0.3099813461303711,0.21661376953125,0.8463115692138672,0.04265244801839192,2.5981442133585606,100
727,114.17569951415985,22.371921861454624,42.50492360550544,8.782767882007164,18.47363014441694,0.26812709595196965,0.13492231424144238,0.9339281129928911,0.11249534886237054,1.4598901561229904,173
728,114.0220761414559,22.449148690296067,29.16036459503981,19.544055474498283,16.14879880632673,0.30226783146933905,0.24514122614784847,1.5209601669715194,0.08014017942721251,4.020279425161856,126
729,114.17496161029608,22.36996222802655,39.618792149495974,10.603506009303405,19.650945476457185,0.09133706684985192,0.12160905825546364,0.8083555433485243,0.11622173334258834,1.311335844152114,153
730,114.09787942131226,22.350473131595905,22.384457710461746,25.356180729010163,17.328411982609676,0.27435400547125405,0.18276410225110173,0.8590409694573817,0.07552220271183895,4.034233093261719,65
731,114.18844030216188,22.393441188137,21.223831776552984,23.31356552411925,21.652896449250996,0.0759172739472779,0.0,0.5189607728202388,0.061854476448874804,0.6937422842349646,53
732,114.25423478202184,22.32640741696296,26.15075549065779,18.164269359791337,19.007846813846903,0.246065019985328,0.02276379129161005,0.880783652337853,0.16778955137096166,2.0570331149631076,69
733,113.96443986211202,22.396453764011547,26.79791491255801,30.444871462308445,13.554221748286844,0.24153554541432962,0.14008008516751802,1.0150314396263187,0.06665775918553019,2.3254647214188537,39
734,113.96477984898046,22.377174147074548,21.29729463343035,22.562021121644136,20.861748645180153,0.13459523518880206,0.4530731000398335,1.0143280029296875,0.06266936921236807,2.2058286164936267,76
735,113.9662411747797,22.399761269279605,34.61354533831278,14.971200625101726,14.421677589416504,0.28611699740091956,0.3366076946258545,1.213208834330241,0.047845045725504555,5.634595950444539,80
736,114.23007095035912,22.4167586153376,20.707747447921573,24.180501531884378,22.521502330121265,0.14176655964679027,0.04818927810852786,0.592428230377565,0.07198287780026355,2.6245132507569346,83
737,113.97123283426204,22.406396050833525,27.647012443358197,15.442289361631238,20.193688305103837,0.1882546189902485,0.10432828451700256,0.7959446469366839,0.05482659823652627,2.859441093776537,138
738,114.09999954517797,22.36132886969032,34.70233062217976,14.79280515648853,18.154670452249462,0.18650069547338963,0.21163238876167384,0.8988526589112263,0.07428757532346293,2.6386820036789467,87
739,114.13272284863054,22.50101534167446,17.91754040291639,30.51644243845125,19.105555953049077,0.3019677914255034,0.06750308401216336,0.829840481765871,0.056799834336691765,2.52556975294904,164
740,114.02193050766556,22.4490672767566,28.697459904227674,19.401616374338705,16.508767736239697,0.3096492897494258,0.2495592973363681,1.5053691513582164,0.07961328261167672,3.857829376781394,127
741,114.18723457049148,22.37251754659121,20.014590743585682,19.431838583438953,21.851814892275115,0.1422878698254308,0.4132385794998061,1.0127060802270336,0.07601595939473903,3.155985960723661,94
742,114.17655379536444,22.453069857155096,17.544728233700706,28.14574281708533,19.07351704872623,0.23104456626400557,0.14063410398339024,0.9071472980061166,0.11050921528279281,2.8892717441590894,119
743,113.96282975840604,22.407857107938376,29.641330242156986,28.99790902932485,8.194767435391745,1.108108957608541,0.19501447677612305,1.6363710165023804,0.1404384771982829,3.2040387392044067,32
744,114.19803469427929,22.39229333997066,21.633513220425307,19.36564609922212,25.095724237376245,0.22279010421928316,0.10528345217649963,0.9706012133894295,0.07311694923488574,2.8520460786490607,116
745,113.99964439917356,22.433800988140653,24.490413485407547,16.08585668793807,25.95732984249755,0.3695735976487469,0.3545192961997174,1.755429216028669,0.11975083227135051,3.287131622891618,141
746,114.1714821396548,22.460790795920964,17.128389600723512,31.23591854458764,16.12012613387335,0.10323524475097656,0.050158727736700146,0.7119859967912947,0.05288653903537327,2.9071925178406732,84
747,114.1631758842826,22.453231827020847,28.063424599213416,20.933291048986508,15.391897386120212,0.4206243808978775,0.16583217087612356,0.9594061041391024,0.07614576688376806,3.6896008317188556,186
748,114.17760256660512,22.36639517361067,28.727248470479076,14.092815461963292,19.95659463199568,0.3425731580443834,0.017241489740065587,0.6642949924547485,0.07100399629569348,2.607862056528099,81
749,114.17810744397728,22.366151345779297,27.16351615058051,15.207599771433863,20.24341415171422,0.3160001674374401,0.016052421482130028,0.628692802341505,0.07146747632958424,2.767652021970785,87
750,114.22243315984846,22.40574375258807,22.771075782652428,22.595171326572455,21.24399290115702,0.5673815903154392,0.07202926191311439,1.4702648792452024,0.06935496160513376,1.7651545577064687,103
751,114.2292766776034,22.422538382590474,35.76768338063242,16.558533820553098,14.322014526304002,0.46666167043997886,0.5096897575425805,1.4640338178993997,0.10602706214162382,2.9812437653788373,161
752,114.131121430029,22.49447689012582,21.637186322893417,23.98248082115537,21.932968412126815,0.09056863330659412,0.007623944963727679,0.9558405194963727,0.07449467976888022,2.7079432351248607,140
753,114.22998557710436,22.42212274897228,35.09901750783687,16.49803459756567,13.873518748022963,0.4652159811188721,0.35990698862884,1.4461989681150504,0.09689043695194799,3.1221043143119744,177
754,114.17607773518156,22.455462923391387,22.20836240778524,25.210679271233776,17.05692583921725,0.3724350500359106,0.1978904481918093,0.8727772526009374,0.09569263962841539,2.970657903681357,126
755,114.16528491152276,22.4433797698368,23.79305145957253,26.382890614596285,17.226868928080854,0.3016845144406714,0.06470969229033499,0.9844375379157789,0.11442983993376143,2.6410806058633205,132
756,113.99787513806196,22.45755807724837,26.649748947885303,10.83649430010054,20.49417495727539,0.3858592775132921,0.13878544171651205,0.989331801732381,0.07423427369859484,1.800798707538181,96
757,114.14136341661644,22.49810968971044,27.465125970673146,17.165449437532317,20.98792181060645,0.2916279782138563,0.3340584239320892,1.0787071033337852,0.06828064743601725,4.514229544802335,209
758,114.25339549014905,22.318090646008628,16.341664393742878,25.970689952373508,21.963458756605785,0.1648018757502238,0.008463859558105469,0.9251187245051066,0.10076959927876791,2.8115466237068176,64
759,114.17665094418706,22.455769960139943,20.980463189593813,25.52276411972477,18.123600307830984,0.3628887025649938,0.21130674976413533,0.8198797366039902,0.09687579957778844,2.532350141449837,118
760,114.00677416351452,22.457883766220405,22.96968036227756,13.04095488026309,26.047258612550337,0.14265986627021446,0.0329347304355951,0.682315119990596,0.07167078340004501,2.2439968438796054,162
761,114.16955936750556,22.442531156204303,23.96574113200761,24.45636271270232,17.471096753494002,0.1727245729915127,0.14737818362939098,0.782882848215219,0.09571595203557444,3.7389059136383724,137
762,113.96614943770454,22.38974636264409,17.965674321643586,29.59174637747283,20.770068215851737,0.09208087480500979,0.06343161705696937,0.7573178105621841,0.05593063807723546,1.3415632468245604,101
763,114.14029220699484,22.283463171980703,50.37501613299052,14.963341355323792,9.773157238960266,0.5497799317042034,0.46241899331410724,1.5270427862803142,0.041708946228027344,2.826637427012126,160
764,114.14029220699484,22.283463171980703,50.37501613299052,14.963341355323792,9.773157238960266,0.5497799317042034,0.46241899331410724,1.5270427862803142,0.041708946228027344,2.826637427012126,160
765,114.14029220699484,22.283463171980703,50.37501613299052,14.963341355323792,9.773157238960266,0.5497799317042034,0.46241899331410724,1.5270427862803142,0.041708946228027344,2.826637427012126,160
766,114.18622207106849,22.33228647363297,37.71320710159803,11.159221667079297,18.99495908352131,0.4297337061922315,0.2264094464655773,1.3644178148726342,0.03638827185115904,4.614976873979883,71
767,113.96806165837016,22.40329453988566,28.462176155625727,16.344446257541055,19.416060154898126,0.2872400116502193,0.44443607330322266,0.8481209738212719,0.07992564586170932,3.1509652472378913,152
768,114.17885452463456,22.32955046682856,31.364386972754897,13.085564218386255,22.72766912826384,0.2170904718264185,0.08957458264899976,0.9372578726874459,0.10151670436666468,5.213420800488405,132
769,114.16328542208782,22.32543196659605,50.78096336072629,4.0524376405251985,10.524496194478628,0.5043034080986505,0.43206343779692785,1.144355481809324,0.05959132770160298,5.403307429305068,296
770,114.15351859302494,22.280232642197035,57.44371473882492,9.05011300936178,7.861909881257489,0.8371942666401513,0.45047873435818914,1.4321676442320919,0.03441734493058612,4.155873729962512,213
771,114.22679832060996,22.41831290342506,41.50752946442249,14.749901341456994,14.35934814752317,0.22022172516467522,0.23785310633042278,1.184209187825521,0.08285971248851103,1.8174986745796946,85
772,114.22893080085804,22.27604477009706,44.056723268463195,10.612915180347585,12.088722860631341,0.8212993347566891,0.7931989781996783,0.9880078384299685,0.08467672177649271,4.958783359569143,153
773,114.02885700140573,22.43099483834957,25.66105922063192,13.534890810648601,34.707105954488114,0.043430328369140625,0.03924369812011719,1.1619210243225098,0.25189240773518884,3.6907370885213218,40
774,114.17284673367116,22.30705521674009,44.57947431826124,8.919928681616689,13.453873466042914,0.7262631958606197,0.46559315101773135,1.3197036817962045,0.0782323351093367,4.342335345698337,170
775,114.15351891778845,22.278272993721952,42.973734935124725,20.58628129236626,10.37220557530721,0.39052439458442456,0.23374521371090048,1.0385706569209245,0.04228209004257665,2.706901954882073,176
776,114.2105762688433,22.330982829105714,29.260972169068477,13.868870033516181,20.08407380845812,0.23943382698494395,0.03717611501882742,0.9121717275441946,0.08928109933664133,3.7587054140932925,111
777,114.20076493835242,22.287023587235847,27.226307595423023,28.98281230482944,13.594818115234375,0.2746796423150587,0.02485763194949128,0.7691010024196417,0.055014809896779614,2.4576264758442723,86
778,114.2334855170138,22.261937373609715,36.57751315977515,14.217440674944621,16.83667074374067,0.22652013515069236,0.14145083543730946,0.8609186343061245,0.0494747627072218,3.8141994941525343,82
779,114.19039421582885,22.313610917245096,44.891727729001424,6.23010533456584,13.227746201532185,0.4404592150040255,0.5412919527398419,1.348064267301681,0.07146539275579478,7.630359853496987,131
780,114.17190520986289,22.31069452514827,46.096871930656704,11.986093149117544,10.199084349557863,0.6952443021409055,0.3879127772987312,1.290289730044967,0.07627737437579649,5.393827384245311,188
781,114.15930957486978,22.450341710374456,26.432229761491737,21.90773717144079,17.535647802185593,0.4002744691413746,0.04691868497614275,1.147372471658807,0.07581710815429688,3.17470065334387,152
782,114.18712087789577,22.27864459655397,49.70536552737112,10.17386674524601,8.127164626869922,1.1082271467588052,0.5253955744128948,1.2684249022616398,0.06510416666666666,4.891649169237624,223
783,114.1795533911012,22.32883704049241,33.514938808622816,11.933509735834031,21.871942338489347,0.20970571608770464,0.0891317640032087,0.9079149791172573,0.09955814906529016,5.161821047465007,140
784,114.1795533911012,22.32883704049241,33.514938808622816,11.933509735834031,21.871942338489347,0.20970571608770464,0.0891317640032087,0.9079149791172573,0.09955814906529016,5.161821047465007,140
785,114.1876969130045,22.32452910947256,40.892049868901566,8.661589622497559,14.725361665089924,0.43528477350870765,0.26558399200439453,1.3838628927866616,0.04555304845174154,4.958792328834534,160
786,114.17829097958452,22.27593572388013,46.07622242775284,10.86818684382933,10.002601847929114,0.6054259815803764,0.6200549983176864,1.5590721151741946,0.0598676398354752,5.597466914927592,238
787,114.17584546239634,22.32872869335411,30.402145035769962,12.703440021666548,22.30321755832124,0.24823180032432626,0.05796473325210244,0.9042133249638641,0.10161560245245604,5.881690979003906,109
788,114.22702472372892,22.31835381014537,38.00412430160347,15.092028694591303,11.420243635944935,0.5509817737272416,0.38220389135952654,0.8259490988720422,0.045480947384889094,5.942138584180809,116
789,114.13821519020394,22.285178511310743,55.47637567287538,7.19665868495538,10.979846396097326,0.7046818927051574,0.6432776722481581,1.4320322362388052,0.048004708639005335,3.84329493452863,205
790,114.13821519020394,22.285178511310743,55.47637567287538,7.19665868495538,10.979846396097326,0.7046818927051574,0.6432776722481581,1.4320322362388052,0.048004708639005335,3.84329493452863,205
791,114.17861171926026,22.31863248726419,38.30799175812317,13.465020248481819,13.019375328545099,0.367519017812368,0.35414437989930847,1.2575428765099326,0.06352115321803738,4.0032260052792665,148
792,114.18926117070475,22.341903831114784,33.1168192983325,17.094993591308594,17.69908425586471,0.31122874692489544,0.4435367271548412,0.7332285896676486,0.07043041166712026,4.225894792483805,122
793,114.17143105873754,22.27393083792304,52.753070140390264,13.755613852557882,6.315739398287441,1.2398423946432064,0.6483636609851051,1.5768613429427836,0.01937557507112536,4.296575667541151,173
794,114.1500055004538,22.282914198639773,56.85462051967406,10.3965473774844,6.348108975392468,0.7599120469963028,0.5738681817204697,1.414680840834132,0.0665343182641755,4.046829151657392,265
795,114.2013679143924,22.23908877295936,27.856900505985774,31.029540258096468,13.10368598775661,0.20709747963763298,0.24099147066156915,0.5431547232553469,0.01830648868641955,3.0197414100592868,47
796,114.22330008973285,22.237602951548872,15.04623599168731,29.066331599786032,21.057228925751478,0.2021649988686166,0.0005489442406631098,0.5093117070391895,0.04427374863043064,2.1421362714069647,41
797,114.16845851135383,22.33237683524788,42.91671842768572,10.619466892187146,14.189285990120709,0.5353208901225657,0.310956913491954,0.8640621019446333,0.10143483894458714,3.603828126105709,184
798,114.1771849711788,22.32715737417524,36.93501336233957,9.802249272664389,20.78292437962123,0.21792116619291763,0.10690689086914062,0.834275654384068,0.098354248773484,5.683812186831521,140
799,114.1771849711788,22.32715737417524,36.93501336233957,9.802249272664389,20.78292437962123,0.21792116619291763,0.10690689086914062,0.834275654384068,0.098354248773484,5.683812186831521,140
800,114.1771849711788,22.32715737417524,36.93501336233957,9.802249272664389,20.78292437962123,0.21792116619291763,0.10690689086914062,0.834275654384068,0.098354248773484,5.683812186831521,140
801,114.22216149954188,22.31658524608789,50.10945332289176,7.423425372181044,8.642021901837682,0.8287330794204129,1.1186542406759628,1.5696324068774727,0.06323989840370277,5.832194587137746,183
802,114.1500055004538,22.282914198639773,56.85462051967406,10.3965473774844,6.348108975392468,0.7599120469963028,0.5738681817204697,1.414680840834132,0.0665343182641755,4.046829151657392,265
803,114.1500055004538,22.282914198639773,56.85462051967406,10.3965473774844,6.348108975392468,0.7599120469963028,0.5738681817204697,1.414680840834132,0.0665343182641755,4.046829151657392,265
804,114.18129063554184,22.3212603385108,40.815423115962695,14.516350935821107,14.719026228960823,0.2916846288686373,0.2920535432190454,0.8592164816976595,0.04692344772381609,2.820537738105496,119
805,114.18690738521056,22.27831950691583,50.62421310095139,9.749101120748637,7.720115155349544,1.045426763134238,0.4743943979710709,1.2356680116535703,0.055943595038519964,4.924164289309654,216
806,114.1553874116693,22.242204797151803,36.15702991337739,19.466296154091218,11.245683674972497,0.2568927538179304,0.557517019661206,0.9986066695023568,0.07457782439791262,4.4490804351885505,129
807,114.16048724858702,22.265486448561447,25.995545509534004,28.187381711780517,23.68060951558953,0.11420861268654847,0.003961416391225962,0.908973889473157,0.04417223808092949,1.523982153998481,39
808,114.16048724858702,22.265486448561447,25.995545509534004,28.187381711780517,23.68060951558953,0.11420861268654847,0.003961416391225962,0.908973889473157,0.04417223808092949,1.523982153998481,39
809,114.13668900621914,22.260696064639543,50.75855315486088,18.589673062417074,15.070421283255145,0.3274730489223818,0.48776658778452164,1.8091328536407858,0.07009989098657536,0.9612304751883075,158
810,114.13668900621914,22.260696064639543,50.75855315486088,18.589673062417074,15.070421283255145,0.3274730489223818,0.48776658778452164,1.8091328536407858,0.07009989098657536,0.9612304751883075,158
811,114.19967816152466,22.287276601487868,32.868770488257546,25.093020590377858,11.852543408045104,0.3374420709208763,0.04150242481416869,0.9465862632183581,0.042320609478502975,2.59138280133985,103
812,114.13901637596558,22.33686986684592,40.02182725547017,9.818182959072832,17.087322456249293,0.4353354633718297,0.15706076138261435,0.7794496287470278,0.07904052734375,4.945219841556273,115
813,114.18690738521056,22.27831950691583,50.62421310095139,9.749101120748637,7.720115155349544,1.045426763134238,0.4743943979710709,1.2356680116535703,0.055943595038519964,4.924164289309654,216
814,114.1771073290524,22.332187409091947,29.396651585896812,13.485572338104248,22.037596702575684,0.2639092339409722,0.126239988538954,1.015997992621528,0.07208082411024305,4.271657996707492,120
815,114.1771073290524,22.332187409091947,29.396651585896812,13.485572338104248,22.037596702575684,0.2639092339409722,0.126239988538954,1.015997992621528,0.07208082411024305,4.271657996707492,120
816,114.10831641346384,22.34889753568509,35.70939448841831,13.833237172368177,15.838164374941872,0.2746206775942542,0.29853447935634986,0.9194969234609962,0.09258528401080826,2.9886668786070403,133
817,114.14067663352904,22.335587904223285,41.38098025781721,9.729003643529802,17.87110951321184,0.35793525128325154,0.19455954391437458,0.7339721868846042,0.05749000990686338,4.345428056953367,121
818,114.19129180880796,22.26478223516073,32.79655774434407,21.508111556371055,16.33407791455587,0.16027887662251789,0.06564617156982422,0.6883939107259115,0.04067579905192058,2.8089205423990884,80
819,114.19129180880796,22.26478223516073,32.79655774434407,21.508111556371055,16.33407791455587,0.16027887662251789,0.06564617156982422,0.6883939107259115,0.04067579905192058,2.8089205423990884,80
820,114.1917474358763,22.261233145826417,15.512173970540363,26.355845133463546,23.95563379923503,0.0262451171875,0.13210296630859375,0.7072766621907551,0.080963134765625,1.610188802083333,25
821,114.23623351873964,22.267472181637693,37.8373087817476,13.467936479408323,18.944390614827473,0.28529688905516953,0.3957020417424559,0.6807004525764601,0.04974976750730557,2.9797782121420515,131
822,114.23140048407669,22.314243475750946,31.35213511330741,21.32377662355938,13.870190060327925,0.30910249740358386,0.27741704668317524,0.7671333494640532,0.08529935564313616,4.016614338708303,84
823,114.2081221204628,22.33844257778,23.78513688543235,18.705753341736088,19.949956687099963,0.29469034279206674,0.30975111995834903,1.0067912948179436,0.07756168105037338,3.9476356353146964,83
824,114.13781554674732,22.25665963395048,28.53613749955052,20.219482007876845,18.85350323462671,0.1853429069814756,0.20577852116074674,0.8919693702875182,0.05737792613894441,2.83494513164195,86
825,114.2312644515072,22.313846175169733,30.38520263546288,20.505523289182058,14.448008517669551,0.35606117405518584,0.3349374841760706,0.7869135695720405,0.08915873711982382,3.995803942896211,81
826,114.2350951131855,22.30651199568305,44.85387616343313,12.237258803792844,9.878619099076174,0.3688362253692759,0.23524420601981028,0.8651690049604936,0.05037609116855638,2.994647789827157,154
827,114.17790331264456,22.33501397691459,29.30487031273419,12.736735126669172,22.32651904904299,0.31569341389681227,0.10233680121332621,0.8965085164534389,0.07591041729604597,4.633871942972965,139
828,114.17790331264456,22.33501397691459,29.30487031273419,12.736735126669172,22.32651904904299,0.31569341389681227,0.10233680121332621,0.8965085164534389,0.07591041729604597,4.633871942972965,139
829,114.17790331264456,22.33501397691459,29.30487031273419,12.736735126669172,22.32651904904299,0.31569341389681227,0.10233680121332621,0.8965085164534389,0.07591041729604597,4.633871942972965,139
830,114.17790331264456,22.33501397691459,29.30487031273419,12.736735126669172,22.32651904904299,0.31569341389681227,0.10233680121332621,0.8965085164534389,0.07591041729604597,4.633871942972965,139
831,114.21960843993764,22.28326297247133,45.111359169186166,9.311520932900784,11.313894702127886,0.4247146824794988,0.6055623192578454,0.9245286485562823,0.04861780288644913,4.077670229003085,198
832,114.1817668700881,22.33933052002089,30.799347852702397,13.27742200089403,20.69553979463329,0.3600900618460725,0.3911660918107269,1.16958122163236,0.08462382828372025,4.463549314097591,141
833,114.1817668700881,22.33933052002089,30.799347852702397,13.27742200089403,20.69553979463329,0.3600900618460725,0.3911660918107269,1.16958122163236,0.08462382828372025,4.463549314097591,141
834,114.139553255849,22.2524427213398,24.777535079182055,19.889540948729586,19.181826840276305,0.2662796905075295,0.025902623715608017,0.7323019746421041,0.06624581157297328,4.868217827617259,92
835,114.139553255849,22.2524427213398,24.777535079182055,19.889540948729586,19.181826840276305,0.2662796905075295,0.025902623715608017,0.7323019746421041,0.06624581157297328,4.868217827617259,92
836,114.2067504789254,22.32477956909551,41.1475410238344,6.419390033327813,17.991867400052254,0.29108296593262667,0.13362594515259502,1.0404964171887374,0.09740881520172776,5.0568558319270265,171
837,114.2067504789254,22.32477956909551,41.1475410238344,6.419390033327813,17.991867400052254,0.29108296593262667,0.13362594515259502,1.0404964171887374,0.09740881520172776,5.0568558319270265,171
838,114.2067504789254,22.32477956909551,41.1475410238344,6.419390033327813,17.991867400052254,0.29108296593262667,0.13362594515259502,1.0404964171887374,0.09740881520172776,5.0568558319270265,171
839,114.17723352418584,22.33429153375869,29.449069332069076,13.228268466645002,21.401203182381646,0.342686523294225,0.10875782496492628,0.900040434000078,0.07277184249089917,4.835121620428954,142
840,114.17723352418584,22.33429153375869,29.449069332069076,13.228268466645002,21.401203182381646,0.342686523294225,0.10875782496492628,0.900040434000078,0.07277184249089917,4.835121620428954,142
841,114.1578623497034,22.44800266022796,18.652607255192645,28.97208493397418,19.884685914679224,0.4774331089004455,0.09580711763067896,1.0389802925079223,0.04871475648688504,3.1001167603764666,83
842,114.1578623497034,22.44800266022796,18.652607255192645,28.97208493397418,19.884685914679224,0.4774331089004455,0.09580711763067896,1.0389802925079223,0.04871475648688504,3.1001167603764666,83
843,114.19789297887084,22.28932679565476,52.51075258906584,10.397828538472115,6.0342672201910865,1.006816287465224,0.6185523718286992,1.3230114496519354,0.039887280197617433,4.948405745606985,161
844,114.19789297887084,22.28932679565476,52.51075258906584,10.397828538472115,6.0342672201910865,1.006816287465224,0.6185523718286992,1.3230114496519354,0.039887280197617433,4.948405745606985,161
845,114.19789297887084,22.28932679565476,52.51075258906584,10.397828538472115,6.0342672201910865,1.006816287465224,0.6185523718286992,1.3230114496519354,0.039887280197617433,4.948405745606985,161
846,114.197930918767,22.283493003302585,27.257938926101577,20.491307847043302,22.138424460769546,0.17011114891539228,0.06665168924534574,0.8555730183919272,0.07187863613696809,2.8780078211574693,47
847,114.197930918767,22.283493003302585,27.257938926101577,20.491307847043302,22.138424460769546,0.17011114891539228,0.06665168924534574,0.8555730183919272,0.07187863613696809,2.8780078211574693,47
848,114.1578623497034,22.44800266022796,18.652607255192645,28.97208493397418,19.884685914679224,0.4774331089004455,0.09580711763067896,1.0389802925079223,0.04871475648688504,3.1001167603764666,83
849,114.1578623497034,22.44800266022796,18.652607255192645,28.97208493397418,19.884685914679224,0.4774331089004455,0.09580711763067896,1.0389802925079223,0.04871475648688504,3.1001167603764666,83
850,114.21541730408424,22.286045457325628,52.24348590487526,7.261811957067373,6.179176220277539,0.5375505304660927,0.10617119925362724,1.0849764557922779,0.053760470176229674,4.353665170215424,196
851,114.19003584718658,22.32144950451135,49.32891754877,4.00679671819309,12.244863993561212,0.4978773231330555,0.648048799341908,1.2566370165659353,0.07753709128009194,4.744442120858234,217
852,114.197930918767,22.283493003302585,27.257938926101577,20.491307847043302,22.138424460769546,0.17011114891539228,0.06665168924534574,0.8555730183919272,0.07187863613696809,2.8780078211574693,47
853,114.197930918767,22.283493003302585,27.257938926101577,20.491307847043302,22.138424460769546,0.17011114891539228,0.06665168924534574,0.8555730183919272,0.07187863613696809,2.8780078211574693,47
854,114.19003584718658,22.32144950451135,49.32891754877,4.00679671819309,12.244863993561212,0.4978773231330555,0.648048799341908,1.2566370165659353,0.07753709128009194,4.744442120858234,217
855,114.1994262066422,22.28940786508193,53.27540538011692,10.27731585812259,6.073562820236403,1.026032187721946,0.6619701137790432,1.4200679151526776,0.037211463564918154,4.334829173562848,154
856,114.16294099275544,22.274851459621274,30.590742900047776,33.309771985183524,9.610779491471655,0.2222646901636948,0.05019505818684896,0.7136974805667078,0.08576357806170429,1.9620186016883379,108
857,114.16294099275544,22.274851459621274,30.590742900047776,33.309771985183524,9.610779491471655,0.2222646901636948,0.05019505818684896,0.7136974805667078,0.08576357806170429,1.9620186016883379,108
858,114.19003584718658,22.32144950451135,49.32891754877,4.00679671819309,12.244863993561212,0.4978773231330555,0.648048799341908,1.2566370165659353,0.07753709128009194,4.744442120858234,217
859,114.2207447275049,22.28640532868276,37.22573302200021,11.493388181010252,16.509741660358625,0.3152788421254099,0.3361252880601025,0.8129304889228189,0.07681081324447821,4.250606994359791,189
860,114.2207447275049,22.28640532868276,37.22573302200021,11.493388181010252,16.509741660358625,0.3152788421254099,0.3361252880601025,0.8129304889228189,0.07681081324447821,4.250606994359791,189
861,114.21544498403053,22.280834775493915,35.063039567735466,16.414439731174042,11.557713826497396,0.2352116902669271,0.042236328125,0.7394120958116319,0.0730497572157118,2.685821957058377,75
862,114.21544498403053,22.280834775493915,35.063039567735466,16.414439731174042,11.557713826497396,0.2352116902669271,0.042236328125,0.7394120958116319,0.0730497572157118,2.685821957058377,75
863,114.21827006105904,22.285638375760595,46.60070396604993,9.201044290244173,9.618745855733652,0.30341391660729233,0.35441651636240434,1.168186648362348,0.06400144019094454,4.735825337520263,196
864,114.2207447275049,22.28640532868276,37.22573302200021,11.493388181010252,16.509741660358625,0.3152788421254099,0.3361252880601025,0.8129304889228189,0.07681081324447821,4.250606994359791,189
865,114.23749932193888,22.27789307564341,34.31932295875988,11.700289824913288,25.127285376362416,0.2729805036522876,0.19107906297705637,0.6543877481044025,0.05407114138548402,1.6946069125471444,58
866,114.21827006105904,22.285638375760595,46.60070396604993,9.201044290244173,9.618745855733652,0.30341391660729233,0.35441651636240434,1.168186648362348,0.06400144019094454,4.735825337520263,196
867,114.14087087251043,22.33520866328044,39.79527390068346,9.629378032163194,19.409871231662777,0.323099386496622,0.1923175457396794,0.6868479681796716,0.05829764194175845,4.162649769600623,122
868,114.2161836103148,22.285033842723585,49.372213980545695,8.062787575296836,7.122918088050566,0.4847687069732364,0.11265254256748918,1.0731918977038695,0.0574078890356687,4.1689399051981,202
869,114.2161836103148,22.285033842723585,49.372213980545695,8.062787575296836,7.122918088050566,0.4847687069732364,0.11265254256748918,1.0731918977038695,0.0574078890356687,4.1689399051981,202
870,114.21012939816788,22.28853908184709,49.15410397099514,7.315520679249484,12.592793913448558,0.6929664050831515,0.38997963363049076,1.1827819487627815,0.07024232079001035,4.326124752269073,136
871,114.21012939816788,22.28853908184709,49.15410397099514,7.315520679249484,12.592793913448558,0.6929664050831515,0.38997963363049076,1.1827819487627815,0.07024232079001035,4.326124752269073,136
872,114.21012939816788,22.28853908184709,49.15410397099514,7.315520679249484,12.592793913448558,0.6929664050831515,0.38997963363049076,1.1827819487627815,0.07024232079001035,4.326124752269073,136
873,114.23749932193888,22.27789307564341,34.31932295875988,11.700289824913288,25.127285376362416,0.2729805036522876,0.19107906297705637,0.6543877481044025,0.05407114138548402,1.6946069125471444,58
874,114.1565806866391,22.241536679796315,33.4444601614554,20.1544392216313,12.467754925335493,0.2065183164121152,0.40758551062048376,1.0037170158134208,0.05325225738433747,4.826687191341732,111
875,114.1565806866391,22.241536679796315,33.4444601614554,20.1544392216313,12.467754925335493,0.2065183164121152,0.40758551062048376,1.0037170158134208,0.05325225738433747,4.826687191341732,111
876,114.12615496399772,22.28142748263261,44.26114801774945,9.66366684227659,18.143676958586042,0.4152947141413103,0.573051184938665,1.3642224094323945,0.058473285875822366,3.523476583915844,95
877,114.12615496399772,22.28142748263261,44.26114801774945,9.66366684227659,18.143676958586042,0.4152947141413103,0.573051184938665,1.3642224094323945,0.058473285875822366,3.523476583915844,95
878,114.12615496399772,22.28142748263261,44.26114801774945,9.66366684227659,18.143676958586042,0.4152947141413103,0.573051184938665,1.3642224094323945,0.058473285875822366,3.523476583915844,95
879,114.1565806866391,22.241536679796315,33.4444601614554,20.1544392216313,12.467754925335493,0.2065183164121152,0.40758551062048376,1.0037170158134208,0.05325225738433747,4.826687191341732,111
880,114.19854799630292,22.2579361879302,16.34621742444161,43.54923932980269,12.530996860601961,0.32512469169421077,0.004533620981069712,0.5118027711525941,0.1265403551933093,1.8944801428379159,26
881,114.17226363476814,22.33140168445117,39.75765806690493,15.16867401008319,13.363279854145862,0.3025277216631667,0.26754221521822136,0.8747325505230361,0.11003776301716203,2.438958724937343,133
882,114.19854799630292,22.2579361879302,16.34621742444161,43.54923932980269,12.530996860601961,0.32512469169421077,0.004533620981069712,0.5118027711525941,0.1265403551933093,1.8944801428379159,26
883,114.16721232149273,22.244743546918407,33.23439227210151,18.36624057204635,15.752400733806471,0.2750352576926902,0.02826849619547526,0.8186521353545013,0.07770414705629701,3.0893325805664062,72
884,114.16721232149273,22.244743546918407,33.23439227210151,18.36624057204635,15.752400733806471,0.2750352576926902,0.02826849619547526,0.8186521353545013,0.07770414705629701,3.0893325805664062,72
885,114.16812416095397,22.24534865361841,37.02798323197798,16.579905423251066,15.256992012563376,0.24472631589330807,0.014224196925307766,0.8346543167576647,0.0753364177665325,2.6722378200954857,66
886,114.16765841630584,22.24693802691589,47.127521399295695,9.230042837716482,12.094822685757439,0.29398711411269396,0.34623312783408,0.9595804281168051,0.04893527442202979,4.489183314752468,143
887,114.16765841630584,22.24693802691589,47.127521399295695,9.230042837716482,12.094822685757439,0.29398711411269396,0.34623312783408,0.9595804281168051,0.04893527442202979,4.489183314752468,143
888,114.16721232149273,22.244743546918407,33.23439227210151,18.36624057204635,15.752400733806471,0.2750352576926902,0.02826849619547526,0.8186521353545013,0.07770414705629701,3.0893325805664062,72
889,114.16765841630584,22.24693802691589,47.127521399295695,9.230042837716482,12.094822685757439,0.29398711411269396,0.34623312783408,0.9595804281168051,0.04893527442202979,4.489183314752468,143
890,114.1384671798543,22.25069954971437,31.113354682922363,16.178509076436363,17.785298347473145,0.3884843190511067,0.04061126708984375,0.6715189615885417,0.07483482360839845,4.620403925577799,100
891,114.1384671798543,22.25069954971437,31.113354682922363,16.178509076436363,17.785298347473145,0.3884843190511067,0.04061126708984375,0.6715189615885417,0.07483482360839845,4.620403925577799,100
892,114.1384671798543,22.25069954971437,31.113354682922363,16.178509076436363,17.785298347473145,0.3884843190511067,0.04061126708984375,0.6715189615885417,0.07483482360839845,4.620403925577799,100
893,114.22880610503356,22.306189030844376,35.22607775701993,15.747342040573342,14.195669146551602,0.3880826977715976,0.17876832381538724,1.1004000124724016,0.12163106945977695,2.8179420250049536,115
894,114.16765841630584,22.24693802691589,47.127521399295695,9.230042837716482,12.094822685757439,0.29398711411269396,0.34623312783408,0.9595804281168051,0.04893527442202979,4.489183314752468,143
895,114.16373199085518,22.324628280962788,51.901160460076746,3.9844855897600366,9.926496754125596,0.549881090827313,0.518080894807476,1.179180806113258,0.05520190531777368,5.600815206730522,279
896,114.16373199085518,22.324628280962788,51.901160460076746,3.9844855897600366,9.926496754125596,0.549881090827313,0.518080894807476,1.179180806113258,0.05520190531777368,5.600815206730522,279
897,114.22880610503356,22.306189030844376,35.22607775701993,15.747342040573342,14.195669146551602,0.3880826977715976,0.17876832381538724,1.1004000124724016,0.12163106945977695,2.8179420250049536,115
898,114.16373199085518,22.324628280962788,51.901160460076746,3.9844855897600366,9.926496754125596,0.549881090827313,0.518080894807476,1.179180806113258,0.05520190531777368,5.600815206730522,279
899,114.2396440047689,22.278560527243627,37.22328609890408,12.583156691657171,17.509760326809353,0.3216060002644856,0.20250532362196177,0.9162727991739908,0.15229754977756077,1.7405690087212455,60
900,114.19175197246533,22.30398417193744,45.51971811236758,5.107957955562708,13.409149574510977,0.6022563125147965,0.2954535050825639,1.0385175184770064,0.08998813051165955,3.88618295842951,110
901,114.19175197246533,22.30398417193744,45.51971811236758,5.107957955562708,13.409149574510977,0.6022563125147965,0.2954535050825639,1.0385175184770064,0.08998813051165955,3.88618295842951,110
902,114.17113912634592,22.294881897009024,44.63882633284026,6.395620458266315,15.366735501526707,0.8881553086040606,0.3160954240939915,1.6912716366406841,0.1344601672878812,4.140683284891856,221
903,114.2396440047689,22.278560527243627,37.22328609890408,12.583156691657171,17.509760326809353,0.3216060002644856,0.20250532362196177,0.9162727991739908,0.15229754977756077,1.7405690087212455,60
904,114.17113912634592,22.294881897009024,44.63882633284026,6.395620458266315,15.366735501526707,0.8881553086040606,0.3160954240939915,1.6912716366406841,0.1344601672878812,4.140683284891856,221
905,114.14920037867384,22.281568499044848,54.533351095099185,12.535611649005734,8.397475460119415,0.5020656548513074,0.3941582425063581,1.3638269599185817,0.0667519969085039,3.1492785403603007,171
906,114.1633582715817,22.274282564196863,28.442159914502913,35.0354310577991,10.276084226720473,0.22148917703067555,0.03487979664522059,0.6618567074046415,0.0489201265222886,2.0798110961914062,85
907,114.22965869664532,22.276505097546337,44.33721018772499,11.613980648564358,12.286565818038643,0.7419889113482308,0.7246713077320772,1.067975175146963,0.08648853675991881,4.586568346210555,170
908,114.14639473365357,22.243052246543154,38.33871261746276,14.24400011698405,10.037815804575004,0.4563051111557904,0.18567477955537684,0.7420820348403032,0.10056215174057904,4.169264961691463,34
909,114.17113912634592,22.294881897009024,44.63882633284026,6.395620458266315,15.366735501526707,0.8881553086040606,0.3160954240939915,1.6912716366406841,0.1344601672878812,4.140683284891856,221
910,114.14639473365357,22.243052246543154,38.33871261746276,14.24400011698405,10.037815804575004,0.4563051111557904,0.18567477955537684,0.7420820348403032,0.10056215174057904,4.169264961691463,34
911,114.26086019540584,22.31957699656736,22.786940629233413,26.211416520654954,17.19530760639846,0.18855586196437027,0.09982754485775726,0.616303517762258,0.07014419093276515,1.0291006428625449,99
912,114.1500131152668,22.24294451538053,34.73527182633628,16.880660265784474,14.753256261549415,0.26143327706590647,0.0581587203825363,0.8023978082419244,0.04694967558889678,3.643393917918606,99
913,114.14087087251043,22.33520866328044,39.79527390068346,9.629378032163194,19.409871231662777,0.323099386496622,0.1923175457396794,0.6868479681796716,0.05829764194175845,4.162649769600623,122
914,114.14639473365357,22.243052246543154,38.33871261746276,14.24400011698405,10.037815804575004,0.4563051111557904,0.18567477955537684,0.7420820348403032,0.10056215174057904,4.169264961691463,34
915,114.14088058188568,22.335199634859183,39.79527390068346,9.629378032163194,19.409871231662777,0.323099386496622,0.1923175457396794,0.6868479681796716,0.05829764194175845,4.162649769600623,122
916,114.22282102990012,22.285528782616947,38.946658622588835,11.043772845103225,17.34490907040233,0.44640921504119707,0.5460815568656434,0.7649056898440169,0.08497064448010942,4.017297122864992,183
917,114.22282102990012,22.285528782616947,38.946658622588835,11.043772845103225,17.34490907040233,0.44640921504119707,0.5460815568656434,0.7649056898440169,0.08497064448010942,4.017297122864992,183
918,114.22282102990012,22.285528782616947,38.946658622588835,11.043772845103225,17.34490907040233,0.44640921504119707,0.5460815568656434,0.7649056898440169,0.08497064448010942,4.017297122864992,183
919,114.19883326569855,22.34492805408369,41.62082653953915,11.857978820800781,11.173041207449778,0.4518786839076451,0.5703442891438802,1.2093474978492373,0.04311225527808779,5.3668667021251855,175
920,114.14088058188568,22.335199634859183,39.79527390068346,9.629378032163194,19.409871231662777,0.323099386496622,0.1923175457396794,0.6868479681796716,0.05829764194175845,4.162649769600623,122
921,114.14088058188568,22.335199634859183,39.79527390068346,9.629378032163194,19.409871231662777,0.323099386496622,0.1923175457396794,0.6868479681796716,0.05829764194175845,4.162649769600623,122
922,114.20180440845976,22.34816056516489,39.90322455728589,18.120076921251087,8.922927035789398,0.6546387999333952,0.28016606684835804,1.044633202518977,0.06859511066554003,4.198546668880092,141
923,114.20180440845976,22.34816056516489,39.90322455728589,18.120076921251087,8.922927035789398,0.6546387999333952,0.28016606684835804,1.044633202518977,0.06859511066554003,4.198546668880092,141
924,114.22746635857456,22.30494323074897,30.537279296970965,12.539209509795567,20.664441510566373,0.31213070611533883,0.12061281024285082,1.1816390655325644,0.08154035364306948,4.008425706587498,106
925,114.19883326569855,22.34492805408369,41.62082653953915,11.857978820800781,11.173041207449778,0.4518786839076451,0.5703442891438802,1.2093474978492373,0.04311225527808779,5.3668667021251855,175
926,114.17613666841348,22.32719349541999,35.86757470529976,10.472698301851892,20.49343884695788,0.2171919982765865,0.10786394700936391,0.7539424490421376,0.08678887189139146,6.003253567021508,141
927,114.17793243840096,22.335600964211864,30.83768572126116,12.649059944412334,21.265242483610464,0.47876288831369135,0.1165286213362298,0.9680389006391946,0.07621890563272835,4.838986299475845,147
928,114.17793243840096,22.335600964211864,30.83768572126116,12.649059944412334,21.265242483610464,0.47876288831369135,0.1165286213362298,0.9680389006391946,0.07621890563272835,4.838986299475845,147
929,114.17793243840096,22.335600964211864,30.83768572126116,12.649059944412334,21.265242483610464,0.47876288831369135,0.1165286213362298,0.9680389006391946,0.07621890563272835,4.838986299475845,147
930,114.22746635857456,22.30494323074897,30.537279296970965,12.539209509795567,20.664441510566373,0.31213070611533883,0.12061281024285082,1.1816390655325644,0.08154035364306948,4.008425706587498,106
931,114.17793243840096,22.335600964211864,30.83768572126116,12.649059944412334,21.265242483610464,0.47876288831369135,0.1165286213362298,0.9680389006391946,0.07621890563272835,4.838986299475845,147
932,114.17793243840096,22.335600964211864,30.83768572126116,12.649059944412334,21.265242483610464,0.47876288831369135,0.1165286213362298,0.9680389006391946,0.07621890563272835,4.838986299475845,147
933,114.1489486514016,22.32764262820645,36.34120276147835,7.991263875559371,23.912479502944656,0.08976523446854047,0.33693861687320403,0.6270529209882364,0.06081080528054658,3.874472183286002,87
934,114.23297358792072,22.26764492345584,32.55680866730519,15.974637545072115,21.02367009872045,0.33995017027243596,0.1095287616436298,0.5974764701647637,0.03962198893229167,3.533355028201372,65
935,114.01954041060344,22.44064860437512,23.824049551275714,18.811006183865707,21.635544450977182,0.15849463547332376,0.006417383121538766,1.0716876903163735,0.09610341068058578,2.8028592781678534,79
936,114.19175197246533,22.30398417193744,45.51971811236758,5.107957955562708,13.409149574510977,0.6022563125147965,0.2954535050825639,1.0385175184770064,0.08998813051165955,3.88618295842951,110
937,114.19883326569855,22.34492805408369,41.62082653953915,11.857978820800781,11.173041207449778,0.4518786839076451,0.5703442891438802,1.2093474978492373,0.04311225527808779,5.3668667021251855,175
938,114.005718898766,22.462759071056244,28.522278183135228,8.116082053872486,22.84714807918416,0.1628844892207663,0.05682760210179571,0.7719084991151421,0.07637246924253246,1.0967895166197819,134
939,113.99889650121166,22.4337459831877,23.52550919219095,15.874339518431272,26.307495908758234,0.4095829085798453,0.35984468775869205,1.7854814760995488,0.11415965772885625,3.3072052675630346,151
940,113.9783176938087,22.396146299840044,40.875153900474636,12.792698542277021,14.129050059985088,0.5793509944792715,0.42497009359380256,1.2113537839663924,0.09133687583349084,4.800691912251134,124
941,114.140812932514,22.37180045999457,41.09006939512311,12.190352786671031,11.487608967405377,0.42568661949851294,0.5371180447665128,0.9881030429493297,0.05211252154725971,3.6893924077351885,88
942,114.127911096124,22.365457637120592,35.36555206566526,15.897212446781625,13.829329306619208,0.19655963830780568,0.06352073267886513,0.8158807587205318,0.04682908978378563,3.0962780065703805,95
943,114.02417093204296,22.4435969709381,39.629936218261726,10.073887472187643,16.17610026628543,1.0638186346480263,0.9431662576975839,1.5222289186694244,0.09516185019915795,5.198727597247113,182
944,114.00308763880678,22.453563301429305,25.309857578142314,13.268008468844368,20.744661574668072,0.31252820441063417,0.028374854554521278,0.8300402485732492,0.10528496816648658,3.837023728282739,94
945,114.13795007647876,22.36648984141055,54.15343486510955,7.302465954342404,7.007592647999258,0.5805294792931359,0.45189728608002533,1.3132986721691784,0.048215969188793284,5.175271334948841,148
946,114.12716490677995,22.36146590992671,39.106911145723785,11.561152384831358,13.592050258929913,0.599210201165615,0.49889246622721356,0.8716443868783804,0.05273916782476964,5.332187261336889,130
947,114.1245631535038,22.36086004434041,37.23025619983673,13.429040378994413,16.555755668216282,0.28059317006005174,0.22936264673868814,0.8756425645616318,0.05362232526143392,3.203318847550286,96
948,114.1276339171162,22.35296830567287,29.25881619723338,15.469151222980749,20.77933557378421,0.1879542128844831,0.3016801750135122,0.7320693953732024,0.05848062863139988,3.107150095813679,159
949,114.12376711115392,22.36064305229728,36.06395528774069,14.214874357486817,16.958263666942866,0.20004555031105326,0.1765164462002841,0.8115620725484006,0.052166306209885306,2.85005119914559,99
950,114.19425664994046,22.38861837134678,28.41231866633935,15.570334200457337,20.12316385904948,0.5030198848291195,0.19253950852614182,0.903881338489798,0.0708730229527959,3.195513910426325,91
951,114.19308121012337,22.384852767064054,30.451970467200645,15.161868608914887,20.209157650287334,0.5268387916760566,0.24808443509615385,1.2668279501108022,0.09429540389623398,3.5416708237085586,130
952,114.19332397695476,22.384888864587207,30.62627624217472,15.226482622551197,20.16438781065718,0.5583936517888849,0.26954146456127326,1.110653575130074,0.09335446948847495,3.481940592616057,121
953,114.19444123516418,22.389259518065188,28.358964884325804,15.495757127969007,20.016192675529798,0.4985862903380661,0.22699806127655373,0.9402478678842608,0.0601400596818674,3.224811839700192,89
954,113.96943997209527,22.40380201959796,29.976878832745292,15.297305199407763,18.830982331306704,0.27357696205057125,0.3531154509513609,0.8042624688917591,0.08863982333931872,3.0184850385112143,155
955,113.9686537907557,22.40348494309004,29.587068516983944,15.947814476795685,19.049468407264122,0.2652903907319419,0.43651507450984073,0.7946051084078275,0.0810702641805013,3.0823575125800238,156
956,114.1948876270246,22.386893473164893,28.812427331905553,15.706493201428907,21.040313708113363,0.509332272872673,0.2002942680132271,0.8609079291718233,0.09608882488590656,2.8047571087827783,101
957,114.13459615919824,22.380522448465747,22.543472133270683,28.057672770600337,16.055714158707012,0.10951882628001035,0.278856111988085,0.9164161333754726,0.06451759164191816,2.552503646780911,73
958,114.17122976654711,22.4548939097482,28.070780214780992,23.623724126104104,13.227463559329413,0.44526073272350813,0.17239901161510157,1.0147936110868185,0.08126111765999106,3.039222451584849,201
959,114.11041229906174,22.37157410597093,42.182839994077334,9.260922891122323,14.41610195018627,0.667393860993562,0.5591249819155093,1.3178592258029513,0.07338036431206597,4.010839250352648,225
960,114.12918979428385,22.345464376369776,30.622915002520415,13.373729557666964,19.082604874299182,0.1544646846437917,0.20635845591721025,0.632857350469793,0.060183947911926064,2.072784275684542,103
961,114.12811064202448,22.37794692561732,27.95912980261744,21.495564161380905,18.225313390342933,0.16203358721192987,0.031162002711620146,0.9633079701642773,0.05172433205021238,2.9331429490765326,103
962,114.13063402247244,22.352228683732218,23.416705515192845,20.46900425834217,18.734878781198084,0.2430038890619387,0.06213517024599273,0.7572689275631959,0.07360392603380926,2.1902111755020317,116
963,114.12709031707334,22.35278752853033,30.644565869153034,14.368108229908517,20.824190465415395,0.17474918830685499,0.34980308718797637,0.6971039423128453,0.06439491985290031,3.0310605599628238,164
964,114.1538765885698,22.46412148113564,23.832352956136063,15.492916107177734,25.361194032611266,0.15768571333451706,1.9411780617453835,0.8020227605646307,0.13511542117956912,1.774600057890921,11
965,114.1538765885698,22.46412148113564,23.832352956136063,15.492916107177734,25.361194032611266,0.15768571333451706,1.9411780617453835,0.8020227605646307,0.13511542117956912,1.774600057890921,11
966,114.1538765885698,22.46412148113564,23.832352956136063,15.492916107177734,25.361194032611266,0.15768571333451706,1.9411780617453835,0.8020227605646307,0.13511542117956912,1.774600057890921,11
967,114.15372113829748,22.464085337201585,23.392906643095472,16.208866664341517,24.11862327938988,0.12392316545758929,1.7398153032575334,0.6795701526460194,0.1106852576846168,1.7695949191138856,14
968,114.12585850937371,22.37632073682781,31.43314752313826,27.57788532310062,13.1675081120597,0.3573530250125461,0.14060735702514648,1.249739196565416,0.1246717241075304,1.9100748830371435,96
969,113.96571366586215,22.38894208240273,18.277047754644038,29.776040450993914,21.547618977752794,0.08614857991536458,0.08273072295136503,0.8037899003360733,0.05851857391469207,0.9064349499377575,91
970,114.14075508451695,22.37021107282117,40.8516155924774,10.82511385857771,11.583795639627796,0.40836956190026324,0.6608175194781759,0.8567268721723327,0.046381282345684255,3.8207632332032433,138
971,114.01252516465624,22.301264726267632,,,,,,,,,0
972,114.01252516465624,22.301264726267632,,,,,,,,,0
973,114.01713284798971,22.29452347429024,32.09526379903157,13.268073399861652,19.08232053120931,1.1029815673828125,0.6309890747070312,1.6273307800292969,0.08097330729166666,0.1235644022623698,10
974,114.01713284798971,22.29452347429024,32.09526379903157,13.268073399861652,19.08232053120931,1.1029815673828125,0.6309890747070312,1.6273307800292969,0.08097330729166666,0.1235644022623698,10
975,114.03493279387808,22.44543996774447,41.98192832506827,7.023773112880529,18.56196292174349,0.33166190575279103,0.21080306813686708,1.5438345414173753,0.08530542987979078,3.5874335910029886,237
976,114.03493279387808,22.44543996774447,41.98192832506827,7.023773112880529,18.56196292174349,0.33166190575279103,0.21080306813686708,1.5438345414173753,0.08530542987979078,3.5874335910029886,237
977,114.03493279387808,22.44543996774447,41.98192832506827,7.023773112880529,18.56196292174349,0.33166190575279103,0.21080306813686708,1.5438345414173753,0.08530542987979078,3.5874335910029886,237
978,114.129339984017,22.50334422005735,37.260647022977786,16.459533114241655,12.916602930560462,1.201419063775534,0.847936071120819,1.5554417955114486,0.09511266757974106,4.697479423901712,282
979,114.129339984017,22.50334422005735,37.260647022977786,16.459533114241655,12.916602930560462,1.201419063775534,0.847936071120819,1.5554417955114486,0.09511266757974106,4.697479423901712,282
980,114.129339984017,22.50334422005735,37.260647022977786,16.459533114241655,12.916602930560462,1.201419063775534,0.847936071120819,1.5554417955114486,0.09511266757974106,4.697479423901712,282
981,114.1730562843414,22.45388255314452,30.77868565306094,22.818020873316254,12.009403752345666,0.5359442263788506,0.18835934725674716,1.0559522319392511,0.0877414370178114,2.870341418261197,187
982,114.1730562843414,22.45388255314452,30.77868565306094,22.818020873316254,12.009403752345666,0.5359442263788506,0.18835934725674716,1.0559522319392511,0.0877414370178114,2.870341418261197,187
983,114.1730562843414,22.45388255314452,30.77868565306094,22.818020873316254,12.009403752345666,0.5359442263788506,0.18835934725674716,1.0559522319392511,0.0877414370178114,2.870341418261197,187
984,113.97985298740394,22.40238822991912,31.18322202226934,16.239335217813807,16.721885410819468,0.593499811928416,0.46812493031419167,1.256968530770049,0.08668774382023046,3.0278593849322304,127
985,114.10443069778032,22.35376331379289,32.74149730287749,18.805048383515455,14.632064994724315,0.332241131428101,0.25623219223314775,0.9713600421773975,0.08021752953072617,2.4311562607571537,174
986,114.10443069778032,22.35376331379289,32.74149730287749,18.805048383515455,14.632064994724315,0.332241131428101,0.25623219223314775,0.9713600421773975,0.08021752953072617,2.4311562607571537,174
987,114.10443069778032,22.35376331379289,32.74149730287749,18.805048383515455,14.632064994724315,0.332241131428101,0.25623219223314775,0.9713600421773975,0.08021752953072617,2.4311562607571537,174
988,113.97985298740394,22.40238822991912,31.18322202226934,16.239335217813807,16.721885410819468,0.593499811928416,0.46812493031419167,1.256968530770049,0.08668774382023046,3.0278593849322304,127
989,113.97985298740394,22.40238822991912,31.18322202226934,16.239335217813807,16.721885410819468,0.593499811928416,0.46812493031419167,1.256968530770049,0.08668774382023046,3.0278593849322304,127
990,114.20465623876557,22.38540205225757,33.02978822554665,11.51167157052577,17.29162545039736,0.33452329964473326,0.1505779397898707,0.5759848671397944,0.0631902409696031,3.7957772441294004,145
991,114.20465623876557,22.38540205225757,33.02978822554665,11.51167157052577,17.29162545039736,0.33452329964473326,0.1505779397898707,0.5759848671397944,0.0631902409696031,3.7957772441294004,145
992,114.20465623876557,22.38540205225757,33.02978822554665,11.51167157052577,17.29162545039736,0.33452329964473326,0.1505779397898707,0.5759848671397944,0.0631902409696031,3.7957772441294004,145
993,114.00269685365808,22.47085610616644,26.759347012994713,14.288199389422381,23.829562968187368,0.11326393472804945,0.3983226823218075,0.48499637179904515,0.07038862126354327,1.7572092911834092,81
994,114.00269685365808,22.47085610616644,26.759347012994713,14.288199389422381,23.829562968187368,0.11326393472804945,0.3983226823218075,0.48499637179904515,0.07038862126354327,1.7572092911834092,81
995,114.1308732683714,22.362776434081724,40.80393379809809,10.948882383458754,12.879907944623161,0.3164347480325138,0.39977578555836396,0.8570046518363206,0.04587734446806066,4.7848492042691095,170
996,114.25373616041142,22.319851449726062,19.944522356746173,23.932451832575428,18.972863091362846,0.12272921475497159,0.11791075118864426,1.008565498120857,0.10897093750411012,2.3800853125575414,99
997,114.25373616041142,22.319851449726062,19.944522356746173,23.932451832575428,18.972863091362846,0.12272921475497159,0.11791075118864426,1.008565498120857,0.10897093750411012,2.3800853125575414,99
998,114.25373616041142,22.319851449726062,19.944522356746173,23.932451832575428,18.972863091362846,0.12272921475497159,0.11791075118864426,1.008565498120857,0.10897093750411012,2.3800853125575414,99
999,114.1308732683714,22.362776434081724,40.80393379809809,10.948882383458754,12.879907944623161,0.3164347480325138,0.39977578555836396,0.8570046518363206,0.04587734446806066,4.7848492042691095,170
1000,114.1308732683714,22.362776434081724,40.80393379809809,10.948882383458754,12.879907944623161,0.3164347480325138,0.39977578555836396,0.8570046518363206,0.04587734446806066,4.7848492042691095,170
1001,114.23191813625569,22.421246145294937,29.21590459519538,19.841497301479464,13.80513163580411,0.3854493588065179,0.17338766567948935,1.3032095443799299,0.11126845355195122,2.43760767766243,138
1002,114.23191813625569,22.421246145294937,29.21590459519538,19.841497301479464,13.80513163580411,0.3854493588065179,0.17338766567948935,1.3032095443799299,0.11126845355195122,2.43760767766243,138
1003,114.22251801935651,22.54611255223502,11.233633094363745,32.347420851389565,27.692508697509766,0.1484394073486328,0.16431808471679688,0.6813102298312717,0.11514160368177627,0.8209109306335449,24
1004,114.22251801935651,22.54611255223502,11.233633094363745,32.347420851389565,27.692508697509766,0.1484394073486328,0.16431808471679688,0.6813102298312717,0.11514160368177627,0.8209109306335449,24
1005,114.26884246998522,22.36999027030801,20.677606987230703,38.90500791145093,15.91323505748402,0.07124814120205966,3.467906605113637e-05,1.2770103685783618,0.11387449322324811,2.223280704382694,11
1006,114.26884246998522,22.36999027030801,20.677606987230703,38.90500791145093,15.91323505748402,0.07124814120205966,3.467906605113637e-05,1.2770103685783618,0.11387449322324811,2.223280704382694,11
1007,114.23191813625569,22.421246145294937,29.21590459519538,19.841497301479464,13.80513163580411,0.3854493588065179,0.17338766567948935,1.3032095443799299,0.11126845355195122,2.43760767766243,138
1008,114.10031432732984,22.371596738359543,32.06666525419768,17.35015044341216,14.359853933523368,0.13167063395182294,0.21177498069969383,0.5687464464892139,0.04148741026182433,3.2657692024299694,74
1009,114.17640834591144,22.361870871942266,22.792439154017043,29.802855552985655,14.007247679414805,0.13648975662320678,0.027331971285635966,0.5942255432842767,0.037703040050484284,2.005899998179653,57
1010,114.17640834591144,22.361870871942266,22.792439154017043,29.802855552985655,14.007247679414805,0.13648975662320678,0.027331971285635966,0.5942255432842767,0.037703040050484284,2.005899998179653,57
1011,114.10031432732984,22.371596738359543,32.06666525419768,17.35015044341216,14.359853933523368,0.13167063395182294,0.21177498069969383,0.5687464464892139,0.04148741026182433,3.2657692024299694,74
1012,114.10083880122144,22.37130800849435,33.55418470896542,16.435353178956195,14.202741945170922,0.13399690253549515,0.21467600783256635,0.5900796689943637,0.04525641872458262,3.5558378315407397,73
1013,114.10083880122144,22.37130800849435,33.55418470896542,16.435353178956195,14.202741945170922,0.13399690253549515,0.21467600783256635,0.5900796689943637,0.04525641872458262,3.5558378315407397,73
1014,113.97406204888816,22.38421176244586,35.91446422395252,9.905353149810393,20.051485119443953,0.27167477132954126,0.11932942774388697,0.6822943171381434,0.07229099025974027,3.033436944474389,154
1015,113.97406204888816,22.38421176244586,35.91446422395252,9.905353149810393,20.051485119443953,0.27167477132954126,0.11932942774388697,0.6822943171381434,0.07229099025974027,3.033436944474389,154
1016,114.10083880122144,22.37130800849435,33.55418470896542,16.435353178956195,14.202741945170922,0.13399690253549515,0.21467600783256635,0.5900796689943637,0.04525641872458262,3.5558378315407397,73
1017,114.10832383033602,22.35358439646549,33.33179052002334,16.812185780652957,14.531498906025632,0.32834828456985615,0.38531651006680784,1.0210711636647258,0.08742311661859911,3.425030099268643,107
1018,114.10832383033602,22.35358439646549,33.33179052002334,16.812185780652957,14.531498906025632,0.32834828456985615,0.38531651006680784,1.0210711636647258,0.08742311661859911,3.425030099268643,107
1019,114.24741536539928,22.43103817995124,17.34373444005063,19.52561537424723,29.0668855633652,0.08536221688253838,0.03742418791118421,0.6108823575471577,0.0827337566174959,1.473687824450041,76
1020,113.97406204888816,22.38421176244586,35.91446422395252,9.905353149810393,20.051485119443953,0.27167477132954126,0.11932942774388697,0.6822943171381434,0.07229099025974027,3.033436944474389,154
1021,114.06079898818756,22.36843060943356,32.22871190971799,12.719149059719511,23.941664563284984,0.1850475867589315,0.2664354112413194,0.9624544117185804,0.07504820823669434,2.9489003949695167,96
1022,114.23822356596388,22.42505473333048,26.94191124479649,26.211440630551788,14.98795256102826,0.40990807915811495,0.2105335731290828,1.0429853773386466,0.050693986106053586,3.8954131347311423,118
1023,114.23822356596388,22.42505473333048,26.94191124479649,26.211440630551788,14.98795256102826,0.40990807915811495,0.2105335731290828,1.0429853773386466,0.050693986106053586,3.8954131347311423,118
1024,114.14139183540034,22.50099942158538,27.701997129540693,16.45242456804242,20.60300634618391,0.26453879841586997,0.3869012782448217,1.018154411985163,0.06308785656042266,4.907414369415818,152
1025,114.14139183540034,22.50099942158538,27.701997129540693,16.45242456804242,20.60300634618391,0.26453879841586997,0.3869012782448217,1.018154411985163,0.06308785656042266,4.907414369415818,152
1026,114.14139183540034,22.50099942158538,27.701997129540693,16.45242456804242,20.60300634618391,0.26453879841586997,0.3869012782448217,1.018154411985163,0.06308785656042266,4.907414369415818,152
1027,114.06079898818756,22.36843060943356,32.22871190971799,12.719149059719511,23.941664563284984,0.1850475867589315,0.2664354112413194,0.9624544117185804,0.07504820823669434,2.9489003949695167,96
1028,114.06079898818756,22.36843060943356,32.22871190971799,12.719149059719511,23.941664563284984,0.1850475867589315,0.2664354112413194,0.9624544117185804,0.07504820823669434,2.9489003949695167,96
1029,114.00269685365808,22.47085610616644,26.759347012994713,14.288199389422381,23.829562968187368,0.11326393472804945,0.3983226823218075,0.48499637179904515,0.07038862126354327,1.7572092911834092,81
1030,114.22161734252649,22.31459866597851,54.33071332100111,5.19411258208446,6.788739315804593,0.8544504812300376,0.9801977380388484,1.669411373953534,0.07509872784302105,6.1529887707484745,234
1031,114.02695648591984,22.445947493559554,46.268030358839404,8.268170171929885,13.164967381676963,1.2192300308582396,1.0515069591906645,1.8342362633047178,0.09670701137808867,5.335367040116657,215
1032,114.02695648591984,22.445947493559554,46.268030358839404,8.268170171929885,13.164967381676963,1.2192300308582396,1.0515069591906645,1.8342362633047178,0.09670701137808867,5.335367040116657,215
1033,114.02695648591984,22.445947493559554,46.268030358839404,8.268170171929885,13.164967381676963,1.2192300308582396,1.0515069591906645,1.8342362633047178,0.09670701137808867,5.335367040116657,215
1034,114.12439283045566,22.271032657156383,24.959638699963318,28.57287535026892,18.19135561511291,0.24585059626185482,0.010595748673624067,0.6219379937470849,0.01688999916190532,1.975070421968527,67
1035,114.12439283045566,22.271032657156383,24.959638699963318,28.57287535026892,18.19135561511291,0.24585059626185482,0.010595748673624067,0.6219379937470849,0.01688999916190532,1.975070421968527,67
1036,114.21290721018916,22.336102664545027,25.988650740238658,19.733085966946785,23.03076738502547,0.19760801081071822,0.10710599129660088,0.4709840517992165,0.04065218027572185,3.600333587468019,57
1037,114.24878672009652,22.321054790039188,33.03000862533982,17.335805377444704,17.068521396533864,0.12356697976052222,0.04925341219515414,0.7852528546307538,0.11462048367337062,2.939762510694899,74
1038,114.24878672009652,22.321054790039188,33.03000862533982,17.335805377444704,17.068521396533864,0.12356697976052222,0.04925341219515414,0.7852528546307538,0.11462048367337062,2.939762510694899,74
1039,114.12918286320269,22.365846329715588,34.38567932837648,16.279461605301318,13.147533135335951,0.2602803902547868,0.07970215844326332,0.8520121131438376,0.045636703407829576,4.013102692984493,122
1040,114.12918286320269,22.365846329715588,34.38567932837648,16.279461605301318,13.147533135335951,0.2602803902547868,0.07970215844326332,0.8520121131438376,0.045636703407829576,4.013102692984493,122
1041,114.21290721018916,22.336102664545027,25.988650740238658,19.733085966946785,23.03076738502547,0.19760801081071822,0.10710599129660088,0.4709840517992165,0.04065218027572185,3.600333587468019,57
1042,114.181145463143,22.33488749495335,30.17513252968012,13.02125102789827,21.33764444395553,0.27034781699956845,0.1774898795194404,0.9961852731630784,0.07758177528085634,3.533589562704397,86
1043,114.181145463143,22.33488749495335,30.17513252968012,13.02125102789827,21.33764444395553,0.27034781699956845,0.1774898795194404,0.9961852731630784,0.07758177528085634,3.533589562704397,86
1044,114.1681862732339,22.33961031228079,27.092992434711572,17.632422357235317,23.195215141248404,0.1630654125093664,0.12655917953395243,0.6619819305227987,0.09152244471903866,2.962556575079384,106
1045,114.17679670187626,22.363433157028297,27.394438443118574,22.264656519780964,16.238104153985848,0.2395399084918575,0.02804063770869007,0.6159090015986195,0.03608721031990226,2.05543335169962,73
1046,114.17679670187626,22.363433157028297,27.394438443118574,22.264656519780964,16.238104153985848,0.2395399084918575,0.02804063770869007,0.6159090015986195,0.03608721031990226,2.05543335169962,73
1047,114.15902317598896,22.33443504507265,43.21853986983437,3.5364884898495776,14.536192780168948,0.5498370025383592,0.44386278945232127,1.0384351628307453,0.02486166149500466,5.524755407262732,162
1048,114.1633330643345,22.33467928695133,38.82315662545218,10.574819224541175,14.195514284948786,0.550207621614698,0.3618831365880832,0.9901474339301597,0.040998593182630945,5.339165136847697,142
1049,114.1633330643345,22.33467928695133,38.82315662545218,10.574819224541175,14.195514284948786,0.550207621614698,0.3618831365880832,0.9901474339301597,0.040998593182630945,5.339165136847697,142
1050,114.1681862732339,22.33961031228079,27.092992434711572,17.632422357235317,23.195215141248404,0.1630654125093664,0.12655917953395243,0.6619819305227987,0.09152244471903866,2.962556575079384,106
1051,114.22355485499313,22.33289408993064,23.09065659840902,19.403064250946045,22.960473809923446,0.08002349308558873,0.11950390679495675,0.7700903075081961,0.059740883963448656,2.128368616104126,112
1052,114.22355485499313,22.33289408993064,23.09065659840902,19.403064250946045,22.960473809923446,0.08002349308558873,0.11950390679495675,0.7700903075081961,0.059740883963448656,2.128368616104126,112
1053,114.17291030126404,22.462876867740388,17.382047531452585,30.572833067981907,16.032839835958278,0.10386933671667221,0.08807080857297207,0.7279206674995151,0.05226676345716977,3.0667690520590924,47
1054,114.17291030126404,22.462876867740388,17.382047531452585,30.572833067981907,16.032839835958278,0.10386933671667221,0.08807080857297207,0.7279206674995151,0.05226676345716977,3.0667690520590924,47
1055,114.23217553784794,22.26140501647445,36.79764752830964,14.96045159511879,15.862477411989303,0.20376424320408557,0.18778941670402152,0.8457876945453914,0.045653379680029034,3.897101501298081,61
1056,114.02280432100336,22.440751086056423,28.666019987785955,10.425502130354957,24.65695430492533,0.3640561268247407,0.21583787326155038,1.1576405886946053,0.09189803024818158,3.9200462143996666,116
1057,114.02280432100336,22.440751086056423,28.666019987785955,10.425502130354957,24.65695430492533,0.3640561268247407,0.21583787326155038,1.1576405886946053,0.09189803024818158,3.9200462143996666,116
1058,114.12945234660206,22.3441550216128,29.45791942621368,12.949111726548935,21.8180790446163,0.12981813717511745,0.3728642183191636,0.7986380383859273,0.059840881746578846,2.5793941971523306,102
1059,114.12945234660206,22.3441550216128,29.45791942621368,12.949111726548935,21.8180790446163,0.12981813717511745,0.3728642183191636,0.7986380383859273,0.059840881746578846,2.5793941971523306,102
1060,114.23217553784794,22.26140501647445,36.79764752830964,14.96045159511879,15.862477411989303,0.20376424320408557,0.18778941670402152,0.8457876945453914,0.045653379680029034,3.897101501298081,61
1061,114.13174859210002,22.26737745281829,27.18576261732313,22.62959882948134,20.042373233371308,0.2071075439453125,0.09523264567057292,0.5399051242404515,0.053637186686197914,2.9456223381890188,75
1062,114.13174859210002,22.26737745281829,27.18576261732313,22.62959882948134,20.042373233371308,0.2071075439453125,0.09523264567057292,0.5399051242404515,0.053637186686197914,2.9456223381890188,75
1063,114.13308192222377,22.50264994007395,19.635262848228535,29.68144857755271,16.96661590248026,0.3229643708916121,0.10332456199071739,0.8088749711231519,0.04927194246681788,2.863592537500525,155
1064,114.13308192222377,22.50264994007395,19.635262848228535,29.68144857755271,16.96661590248026,0.3229643708916121,0.10332456199071739,0.8088749711231519,0.04927194246681788,2.863592537500525,155
1065,114.17288132068208,22.45698902138329,21.7528813680013,26.646279864841034,16.272072898017033,0.28507020738389754,0.0717760721842448,0.980190700954861,0.08934995863172743,3.1036330329047312,150
1066,114.17288132068208,22.45698902138329,21.7528813680013,26.646279864841034,16.272072898017033,0.28507020738389754,0.0717760721842448,0.980190700954861,0.08934995863172743,3.1036330329047312,150
1067,114.19500154168864,22.29181959796752,54.07832355210276,3.1217430577133642,7.6884822411970655,1.1618339654171104,0.7137341932816939,1.5537377559777463,0.04300854422829368,5.867083506150679,88
1068,114.17217189598183,22.46271430023555,17.35739155092101,31.37144696885261,16.143759437229324,0.10275357011435687,0.07660907247792119,0.7347113844277203,0.04902853482011436,3.042203101558962,46
1069,114.17217189598183,22.46271430023555,17.35739155092101,31.37144696885261,16.143759437229324,0.10275357011435687,0.07660907247792119,0.7347113844277203,0.04902853482011436,3.042203101558962,46
1070,114.19096513962988,22.392962370095503,20.104076515915047,23.81394133608565,18.448746510041065,0.18617597400632677,0.002288818359375,0.5570582854442109,0.04727779290614984,1.3887405395507812,39
1071,114.19096513962988,22.392962370095503,20.104076515915047,23.81394133608565,18.448746510041065,0.18617597400632677,0.002288818359375,0.5570582854442109,0.04727779290614984,1.3887405395507812,39
1072,114.19500154168864,22.29181959796752,54.07832355210276,3.1217430577133642,7.6884822411970655,1.1618339654171104,0.7137341932816939,1.5537377559777463,0.04300854422829368,5.867083506150679,88
1073,114.1727839812882,22.46331935590839,18.695755004882812,29.654310317266553,15.53968792869931,0.10823567708333334,0.10068620954241071,0.7595416477748325,0.04260108584449404,3.4349178132556735,35
1074,114.1727839812882,22.46331935590839,18.695755004882812,29.654310317266553,15.53968792869931,0.10823567708333334,0.10068620954241071,0.7595416477748325,0.04260108584449404,3.4349178132556735,35
1075,114.251340122746,22.322381132961542,28.789630936987606,20.227332566500692,17.190779383781027,0.1110076904296875,0.048755127706645446,0.7986924285260737,0.0882215460632073,2.323915536511582,81
1076,114.251340122746,22.322381132961542,28.789630936987606,20.227332566500692,17.190779383781027,0.1110076904296875,0.048755127706645446,0.7986924285260737,0.0882215460632073,2.323915536511582,81
1077,114.10354026040936,22.34854325325601,19.847727910568725,30.568822224934898,15.485771388223723,0.18724807321208797,0.061144894116545376,0.6837479055744328,0.05412602533488513,2.324880748034612,73
1078,114.10354026040936,22.34854325325601,19.847727910568725,30.568822224934898,15.485771388223723,0.18724807321208797,0.061144894116545376,0.6837479055744328,0.05412602533488513,2.324880748034612,73
1079,113.99492896968776,22.45936989447267,23.72335730658637,13.879589080810547,25.80277930365668,0.26835844251844615,0.1546656290690104,0.7787958780924479,0.06760067409939237,1.1003083123101127,75
1080,114.1556633515506,22.34238154514389,30.167176888423892,15.345541036353918,21.44849165430609,0.2031914093209512,0.2117192970131928,1.253374567571676,0.08518171010527222,3.8521541739409826,106
1081,114.1556633515506,22.34238154514389,30.167176888423892,15.345541036353918,21.44849165430609,0.2031914093209512,0.2117192970131928,1.253374567571676,0.08518171010527222,3.8521541739409826,106
1082,114.244409597036,22.321715906477408,12.587603544577576,33.80641570458046,23.717021942138672,0.2004329974834735,0.14720329871544469,0.6194560955732297,0.053466894687750406,2.1696194624289484,52
1083,114.23860514073684,22.29921396466668,38.13730039094623,13.387301372505767,12.886765128687811,0.2681573232014974,0.40736058999223324,1.0202190332245409,0.06389060215643275,4.416624147292466,114
1084,114.23860514073684,22.29921396466668,38.13730039094623,13.387301372505767,12.886765128687811,0.2681573232014974,0.40736058999223324,1.0202190332245409,0.06389060215643275,4.416624147292466,114
1085,113.99492896968776,22.45936989447267,23.72335730658637,13.879589080810547,25.80277930365668,0.26835844251844615,0.1546656290690104,0.7787958780924479,0.06760067409939237,1.1003083123101127,75
1086,114.04821753087568,22.48240356553023,,,,,,,,,0
1087,114.04821753087568,22.48240356553023,,,,,,,,,0
1088,114.13445044340077,22.25212539767803,36.91256809234619,14.73986593882243,17.64491939544678,0.44808038075764967,0.0881773630777995,0.6867504119873046,0.06360689798990886,3.5640942255655927,100
1089,114.13445044340077,22.25212539767803,36.91256809234619,14.73986593882243,17.64491939544678,0.44808038075764967,0.0881773630777995,0.6867504119873046,0.06360689798990886,3.5640942255655927,100
1090,114.244409597036,22.321715906477408,12.587603544577576,33.80641570458046,23.717021942138672,0.2004329974834735,0.14720329871544469,0.6194560955732297,0.053466894687750406,2.1696194624289484,52
1091,114.17694226727906,22.276089251360805,47.142591637583564,11.450238088675176,6.9854976577876,0.9513030220652873,0.6929415162257885,1.8482408948391449,0.06823620305449549,5.964464049917944,217
1092,114.17694226727906,22.276089251360805,47.142591637583564,11.450238088675176,6.9854976577876,0.9513030220652873,0.6929415162257885,1.8482408948391449,0.06823620305449549,5.964464049917944,217
1093,114.20024092493476,22.345153620929505,41.55200593839816,13.877087492283765,10.069761431314113,0.5396389379733946,0.6308600185363273,1.16544331961531,0.05185623479083301,4.921608048725903,164
1094,114.1716131297446,22.33542027240877,32.8029900126987,17.721772458818226,16.936377154456245,0.31257020102606875,0.2082681655883789,0.8289660347832573,0.06950245963202582,2.0380777782864046,120
1095,114.1716131297446,22.33542027240877,32.8029900126987,17.721772458818226,16.936377154456245,0.31257020102606875,0.2082681655883789,0.8289660347832573,0.06950245963202582,2.0380777782864046,120
1096,113.96477458722836,22.387053485035903,32.79221995814785,19.501185488772464,18.019974911893094,0.18841311022326035,0.2576793636287655,0.875286869816594,0.07803289739935247,1.7626470273679442,111
1097,114.00677850367391,22.454325787919025,24.159271622593305,11.392629618967053,26.84486429174463,0.20134287836390496,0.041718916459517044,0.7209691134366121,0.09922858996269031,2.9958593817579717,143
1098,114.00677850367391,22.454325787919025,24.159271622593305,11.392629618967053,26.84486429174463,0.20134287836390496,0.041718916459517044,0.7209691134366121,0.09922858996269031,2.9958593817579717,143
1099,114.20024092493476,22.345153620929505,41.55200593839816,13.877087492283765,10.069761431314113,0.5396389379733946,0.6308600185363273,1.16544331961531,0.05185623479083301,4.921608048725903,164
1100,114.0178501353098,22.440628887900488,24.532676579659444,17.677830813223856,21.875161455388653,0.1611178381401196,0.04088000247353002,1.1406446758069493,0.06438974748577989,2.9274267062806243,76
1101,114.0178501353098,22.440628887900488,24.532676579659444,17.677830813223856,21.875161455388653,0.1611178381401196,0.04088000247353002,1.1406446758069493,0.06438974748577989,2.9274267062806243,76
1102,114.1924111321312,22.384374215313947,32.650576767168545,14.665869035218892,19.649958819673774,0.6580490815012079,0.22485883612381785,1.392037408393726,0.09855366589730245,3.922029963710852,152
1103,114.1924111321312,22.384374215313947,32.650576767168545,14.665869035218892,19.649958819673774,0.6580490815012079,0.22485883612381785,1.392037408393726,0.09855366589730245,3.922029963710852,152
1104,113.96477458722836,22.387053485035903,32.79221995814785,19.501185488772464,18.019974911893094,0.18841311022326035,0.2576793636287655,0.875286869816594,0.07803289739935247,1.7626470273679442,111
1105,114.13941267322788,22.488248052085325,22.1695504365144,31.546134477780193,11.202703405309606,0.37560262797791283,0.5712803499198253,0.7141148602520978,0.062387725453317895,2.3421358179163048,135
1106,114.13941267322788,22.488248052085325,22.1695504365144,31.546134477780193,11.202703405309606,0.37560262797791283,0.5712803499198253,0.7141148602520978,0.062387725453317895,2.3421358179163048,135
1107,113.96536731535024,22.386801407709783,33.20108123338754,17.919961674006906,17.779979305317394,0.1747947352451915,0.3027638112466166,0.8991847200969387,0.07608719072316887,1.7454920791265534,127
1108,114.18307660410991,22.32230782819056,32.40608313144782,16.59039612654801,16.140315646216983,0.27677445184616817,0.1068827870127919,0.9251468784206516,0.053307250305846494,4.239710084684601,91
1109,114.18307660410991,22.32230782819056,32.40608313144782,16.59039612654801,16.140315646216983,0.27677445184616817,0.1068827870127919,0.9251468784206516,0.053307250305846494,4.239710084684601,91
1110,113.9720578592491,22.406731224949603,24.582733646515877,17.080371354215888,22.83685386821788,0.16014268321375694,0.04739043533161122,0.82885193568404,0.05616218813004033,1.903783634144773,124
1111,114.22223927027365,22.28694675520949,33.71567073102454,12.10384960322417,19.76306777283819,0.29676866161730864,0.20786847255026647,0.8152991302253666,0.09673535053736172,3.732289454733678,129
1112,113.96536731535024,22.386801407709783,33.20108123338754,17.919961674006906,17.779979305317394,0.1747947352451915,0.3027638112466166,0.8991847200969387,0.07608719072316887,1.7454920791265534,127
1113,114.13174859210002,22.26737745281829,27.18576261732313,22.62959882948134,20.042373233371308,0.2071075439453125,0.09523264567057292,0.5399051242404515,0.053637186686197914,2.9456223381890188,75
1114,114.23054378245394,22.30742565776162,42.37341847913019,10.646279433677938,14.379958229503414,0.2511114361642421,0.3259474655677532,0.8568084102937545,0.10776234769273078,2.8108384143347025,145
1115,114.23054378245394,22.30742565776162,42.37341847913019,10.646279433677938,14.379958229503414,0.2511114361642421,0.3259474655677532,0.8568084102937545,0.10776234769273078,2.8108384143347025,145
1116,113.9720578592491,22.406731224949603,24.582733646515877,17.080371354215888,22.83685386821788,0.16014268321375694,0.04739043533161122,0.82885193568404,0.05616218813004033,1.903783634144773,124
1117,114.04544605926708,22.443353805653203,16.195214684329816,22.58873033286327,25.779987923541473,0.1319610064302511,0.11285715435274798,0.8498946232582205,0.05782208039392879,2.85053822531629,67
1118,114.17248739001636,22.315282087360764,46.58127990928856,10.355490607184333,10.444883827690607,0.7999785311587222,0.30116390537571264,1.4828718460357941,0.04013035748455975,5.731254010587125,148
1119,114.17467866616884,22.45865065651304,17.265672867114727,28.536463395143166,19.24426066569793,0.15250841776529947,0.009870529174804688,0.7358969786228278,0.08266583467141175,2.2366080528650527,104
1120,114.17467866616884,22.45865065651304,17.265672867114727,28.536463395143166,19.24426066569793,0.15250841776529947,0.009870529174804688,0.7358969786228278,0.08266583467141175,2.2366080528650527,104
1121,114.1910586346376,22.261603464625285,19.181985633317815,23.2416921807814,23.38545082151428,0.053855245427567824,0.034771409145621365,0.8025746012842933,0.05185918290485707,2.095371068910111,43
1122,114.1910586346376,22.261603464625285,19.181985633317815,23.2416921807814,23.38545082151428,0.053855245427567824,0.034771409145621365,0.8025746012842933,0.05185918290485707,2.095371068910111,43
1123,114.17248739001636,22.315282087360764,46.58127990928856,10.355490607184333,10.444883827690607,0.7999785311587222,0.30116390537571264,1.4828718460357941,0.04013035748455975,5.731254010587125,148
1124,114.12319930781808,22.271294156172186,20.940809983473557,27.94039921882825,22.948892911275227,0.2508383530836839,0.013652214637169471,0.6315634800837591,0.029497880202073317,1.8353969622880986,52
1125,114.15318807801049,22.341469115368497,41.78269296629816,12.4690754121525,15.16980038069592,0.3073420619692898,0.3031032377498442,1.4112687178826402,0.04997742481720753,5.663691626654731,117
1126,114.15318807801049,22.341469115368497,41.78269296629816,12.4690754121525,15.16980038069592,0.3073420619692898,0.3031032377498442,1.4112687178826402,0.04997742481720753,5.663691626654731,117
1127,113.97374297632048,22.41001140582448,29.293040225380345,22.280643279092352,20.754738857871608,0.20919306236400936,0.04950322602924548,0.9119941477189986,0.07321374458179139,2.206216778671532,76
1128,113.97374297632048,22.41001140582448,29.293040225380345,22.280643279092352,20.754738857871608,0.20919306236400936,0.04950322602924548,0.9119941477189986,0.07321374458179139,2.206216778671532,76
1129,114.12456080550815,22.49683182845472,13.673173655634342,26.787728848664656,23.73893986577573,0.11852347332498302,0.0,0.7697567041369451,0.08538895759029666,1.4761955150659534,115
1130,114.23642833893248,22.26929630111636,29.770562665682316,16.933408020235966,24.761799548534636,0.18420422330815742,0.2043115331771526,0.4821709707273659,0.07924695386954232,1.8704407604028148,94
1131,114.1820769489562,22.32445714405055,32.43026986586309,16.7857516128405,16.310350029869415,0.24813480433461235,0.09929690740804757,0.9941722791103486,0.10508309423396016,4.2753787870604025,113
1132,114.1820769489562,22.32445714405055,32.43026986586309,16.7857516128405,16.310350029869415,0.24813480433461235,0.09929690740804757,0.9941722791103486,0.10508309423396016,4.2753787870604025,113
1133,114.13381133265597,22.343379609177543,26.957551638285317,16.683968519553158,19.863635454422386,0.26091551169370997,0.5285189701960638,1.193691522647173,0.06163303668682392,2.7594083394759745,52
1134,114.13381133265597,22.343379609177543,26.957551638285317,16.683968519553158,19.863635454422386,0.26091551169370997,0.5285189701960638,1.193691522647173,0.06163303668682392,2.7594083394759745,52
1135,114.12456080550815,22.49683182845472,13.673173655634342,26.787728848664656,23.73893986577573,0.11852347332498302,0.0,0.7697567041369451,0.08538895759029666,1.4761955150659534,115
1136,114.17399189133052,22.30933095374529,35.62451392885239,19.74317157079303,14.92057023225007,0.4227322876138032,0.4707331379885396,0.9675727319465114,0.09773799351283483,3.7623763715148604,126
1137,114.23642833893248,22.26929630111636,29.770562665682316,16.933408020235966,24.761799548534636,0.18420422330815742,0.2043115331771526,0.4821709707273659,0.07924695386954232,1.8704407604028148,94
1138,114.2012857264535,22.379939129988315,27.033898361727726,15.846590099171694,20.306061883258003,0.22189719045264086,0.4219654278877454,0.9031799104478623,0.08347299363878037,3.7887365390092897,156
1139,114.2012857264535,22.379939129988315,27.033898361727726,15.846590099171694,20.306061883258003,0.22189719045264086,0.4219654278877454,0.9031799104478623,0.08347299363878037,3.7887365390092897,156
1140,114.13390896184696,22.34157352170024,29.05633589800667,14.971495921315707,21.888493244944055,0.2937276378955717,0.3949277541216682,1.0110970416100198,0.05564845465367137,2.4902736439424404,102
1141,114.13390896184696,22.34157352170024,29.05633589800667,14.971495921315707,21.888493244944055,0.2937276378955717,0.3949277541216682,1.0110970416100198,0.05564845465367137,2.4902736439424404,102
1142,113.97621408594271,22.407079594108044,24.871067773728143,17.865902502663666,23.707474513548092,0.21483557564871653,0.13810967196937368,0.9155404333974801,0.11559921820290617,1.4080827643557423,119
1143,114.17399189133052,22.30933095374529,35.62451392885239,19.74317157079303,14.92057023225007,0.4227322876138032,0.4707331379885396,0.9675727319465114,0.09773799351283483,3.7623763715148604,126
1144,114.13127228122168,22.2701406983459,34.15411086309524,17.64170231462336,19.63244879326853,0.4174715807648743,0.197957486522441,0.5388720505902556,0.04745794802295918,3.0604330049891044,98
1145,114.13127228122168,22.2701406983459,34.15411086309524,17.64170231462336,19.63244879326853,0.4174715807648743,0.197957486522441,0.5388720505902556,0.04745794802295918,3.0604330049891044,98
1146,114.26956594909352,22.31881368185661,21.34701566758499,20.409582798777063,22.347383873135435,0.3405686297447853,0.047416313021790744,0.7874286252688739,0.038249196569904005,3.7580134821873084,102
1147,114.26956594909352,22.31881368185661,21.34701566758499,20.409582798777063,22.347383873135435,0.3405686297447853,0.047416313021790744,0.7874286252688739,0.038249196569904005,3.7580134821873084,102
1148,113.97621408594271,22.407079594108044,24.871067773728143,17.865902502663666,23.707474513548092,0.21483557564871653,0.13810967196937368,0.9155404333974801,0.11559921820290617,1.4080827643557423,119
1149,114.22698768154709,22.323338707603625,24.95728402471346,20.113233479943297,17.676069314587753,0.2717806969159915,0.0056043083285108024,0.7068245499222366,0.06395740273558065,4.759576978016291,81
1150,114.11946228645584,22.369961101463986,48.54938942089415,9.487072562399181,8.811910014081741,0.9427612448832606,0.4582347174887715,1.6565842827965533,0.11615122538990015,5.728977604916222,247
1151,114.11946228645584,22.369961101463986,48.54938942089415,9.487072562399181,8.811910014081741,0.9427612448832606,0.4582347174887715,1.6565842827965533,0.11615122538990015,5.728977604916222,247
1152,114.22148683117828,22.33146784154484,21.698902234998354,16.81255851824259,25.304815285803937,0.09613397604821065,0.08077523143021102,0.6368751788057413,0.07355417992241195,2.1923297868971154,97
1153,114.19372250230154,22.388157871598704,30.76382787604081,13.413130107678866,19.940538239060785,0.5040670696057772,0.21507062410053454,1.0175290024071408,0.06305828429104988,3.4268917953758904,95
1154,114.16748417366726,22.241284812716174,24.37080110822405,24.738412584577286,22.63242358253116,0.12861524309430802,0.003749302455357143,0.5938757033575148,0.08083525158110119,2.188690730503627,35
1155,114.1253014767682,22.35963212671965,41.004302483478575,9.641455633343025,14.777342235769027,0.616103941550995,0.3445807304091126,0.9953768198726741,0.07367558758374086,4.299348001261704,131
1156,114.1253014767682,22.35963212671965,41.004302483478575,9.641455633343025,14.777342235769027,0.616103941550995,0.3445807304091126,0.9953768198726741,0.07367558758374086,4.299348001261704,131
1157,114.22148683117828,22.33146784154484,21.698902234998354,16.81255851824259,25.304815285803937,0.09613397604821065,0.08077523143021102,0.6368751788057413,0.07355417992241195,2.1923297868971154,97
1158,114.24362538466232,22.26463368622988,35.14357388504152,10.687686951179813,17.719213749335065,0.25314780754771654,0.16476003135122905,0.6640569950506939,0.04813108986955349,4.305786815116076,82
1159,114.2153599011845,22.218125818904177,25.418191560557194,25.09283012067768,17.672860230638385,0.7586488141700136,0.4843255163918079,1.5987373853513331,0.07863559633353506,3.3372001468855452,71
1160,114.1668826205177,22.24294642215834,39.57511088887199,14.82798779597048,14.075673733904065,0.2104128644766052,0.02553345727138832,1.0916037637679303,0.09819822884648224,3.162159945795445,61
1161,114.1668826205177,22.24294642215834,39.57511088887199,14.82798779597048,14.075673733904065,0.2104128644766052,0.02553345727138832,1.0916037637679303,0.09819822884648224,3.162159945795445,61
1162,114.2163142627076,22.33557809689757,28.574870000431197,19.18779202361605,23.958586697554708,0.20566579714343322,0.15431304476154384,0.708353222899176,0.05273391951375933,1.6711562427122202,67
1163,114.16950653506696,22.338463494628247,30.9508697854148,14.496489034758675,22.065176566441853,0.20682414372762045,0.53722792201572,0.73871910572052,0.09385943412780762,3.9881418148676553,96
1164,113.96695739695627,22.40137865293749,32.12694682772198,16.825578780401322,16.651728191072976,0.2932808891175286,0.2606201171875,1.128632076202877,0.06862882583860366,5.139282771519253,105
1165,114.1730855877652,22.44803082344617,20.605482518546392,20.10012523383851,23.82300593544217,0.22123543320188097,0.22378909360071655,0.8699170090337214,0.10686396540097116,3.9725876664406683,157
1166,114.10611775193672,22.377342793989097,41.480351239442825,14.50603778163592,11.161771416664124,0.26426812012990314,0.23783519864082336,1.0783955454826355,0.06552139918009439,2.7347984413305917,128
1167,113.97923002521924,22.38964547624849,32.882324441686855,20.184258877973022,13.396772368129712,0.6312120528448196,0.4830387247589243,1.3084248546914106,0.05925537703873275,2.7950171268347535,154
1168,114.17845699476402,22.367821992850427,30.40988928352306,13.95499316695469,18.523817436367857,0.4653011272156161,0.506737652946921,0.784864924312417,0.08893386990416284,3.2571998296999465,102
1169,114.20386941975303,22.38402954642804,33.668784127719164,12.371174033713226,15.536553848192888,0.3372505667129001,0.1441015713456748,0.6107606749603712,0.056980427912467914,4.150872760348849,138
1170,113.9744524674052,22.389540233623315,41.25131401501802,16.916146433741826,12.28809452295901,0.8974849729609666,0.30382103788524045,1.2157248972651356,0.10136673623756656,1.9377130016049648,133
1171,114.21151694569622,22.32742458100589,33.34278172137691,11.111706378413183,21.750215221853818,0.265350996279249,0.23057040046243107,0.849905434776755,0.0770255631091548,3.816364793216482,136
1172,114.14216203266368,22.49125579145029,28.691585559892776,25.23094287193508,14.70098614991458,0.26689639366360235,0.164058274195009,1.0198174861439486,0.07813389139964168,2.704542203057082,133
1173,114.02646610695408,22.441242181600327,37.47415361982403,10.63782067009897,18.54474689021255,1.1502433906901965,0.9114709767428312,1.6799162734638562,0.06360104589751273,4.3028280590519765,176
1174,114.2392364791957,22.300432855769685,35.031924090227925,14.711423822351405,13.219781537671706,0.254623596374695,0.12151872789537585,0.8771209029464034,0.05775772415481888,3.6270917714895075,111
1175,114.23459030928568,22.42388211140221,36.19859894387036,19.16740486681326,11.783927908830362,0.4975026967574139,0.4724018157474578,1.198781807136103,0.07098753706397923,2.50801899535856,147
1176,114.26608228877768,22.320016704883106,31.68722969112974,21.634865890849717,14.363728870045055,0.3243641419844194,0.31506798484108667,1.344601313273112,0.08144378662109375,2.3031834400061406,88
1177,113.97721969567664,22.403387381279856,32.026354116656485,18.290379948678186,17.742727588674875,0.48527531117700334,0.4460830262253404,1.385514563022379,0.1198930225336796,2.5992590621862997,179
1178,114.1880352957001,22.30775926596513,51.38497978749902,7.549139190717864,8.691402809616463,0.9176523998530225,0.5810872472897924,1.2690963855209458,0.061743875258584734,4.893064842939721,231
1179,114.13532331764335,22.25295644424658,34.199386001915066,16.732282023276056,17.233656555093745,0.419150629351216,0.07554843861569642,0.6873474326185002,0.06243644222136467,3.6280403855026413,124
1180,114.14550266242088,22.501605309852668,28.793242419207537,14.755897992922934,22.94151682912568,0.19513801292136865,0.21863537070191935,1.3319519419728973,0.07288826836480035,5.061851548559871,135
1181,114.14550266242088,22.501605309852668,28.793242419207537,14.755897992922934,22.94151682912568,0.19513801292136865,0.21863537070191935,1.3319519419728973,0.07288826836480035,5.061851548559871,135
1182,114.10302150437448,22.35658020897393,25.120365873296212,20.35268519787078,18.35085855308154,0.21210190252209388,0.21314959154061391,0.9898101184385042,0.12037770967956977,3.055133887216554,94
1183,114.12886359848603,22.362522995863376,35.71227720414085,12.570251596385035,14.997820580142669,0.2885956599794585,0.40926834632610454,0.7347082817691497,0.05002821999034662,4.269699447456448,145
1184,114.23367164021914,22.31435106277988,30.413550800747345,19.93585427602132,15.582447960263206,0.41619520338754806,0.20585060119628906,0.6863696234566825,0.05286534627278646,3.751200721377418,84
1185,114.17831096754244,22.331112763447138,29.67761505481809,12.060717402810585,23.630348225280606,0.1713994245504532,0.1009593638338784,0.9898508549968709,0.09280902162694808,4.506446779236313,129
1186,114.17831096754244,22.331112763447138,29.67761505481809,12.060717402810585,23.630348225280606,0.1713994245504532,0.1009593638338784,0.9898508549968709,0.09280902162694808,4.506446779236313,129
1187,114.17831096754244,22.331112763447138,29.67761505481809,12.060717402810585,23.630348225280606,0.1713994245504532,0.1009593638338784,0.9898508549968709,0.09280902162694808,4.506446779236313,129
1188,114.17831096754244,22.331112763447138,29.67761505481809,12.060717402810585,23.630348225280606,0.1713994245504532,0.1009593638338784,0.9898508549968709,0.09280902162694808,4.506446779236313,129
1189,114.1973724411804,22.379325598196218,33.48347869984833,15.406196545331907,15.293215657328513,0.37100882757277714,0.32428385137201665,1.0114322215209512,0.08060085031139108,3.938070933024089,182
1190,114.03063973641471,22.44464145864756,45.47397179615178,7.144230937725726,12.821730151953778,1.0540289310353226,1.197248769792617,1.677920000396506,0.0606099474459089,5.6484097111834215,274
1191,114.03063973641471,22.44464145864756,45.47397179615178,7.144230937725726,12.821730151953778,1.0540289310353226,1.197248769792617,1.677920000396506,0.0606099474459089,5.6484097111834215,274
1192,114.03063973641471,22.44464145864756,45.47397179615178,7.144230937725726,12.821730151953778,1.0540289310353226,1.197248769792617,1.677920000396506,0.0606099474459089,5.6484097111834215,274
1193,114.10736485461544,22.34924932208367,36.41539621570883,16.559505462646484,14.430345465603486,0.36164462294208405,0.23383310396377355,1.0677762227515653,0.0797624457372378,3.1878183965813625,146
1194,114.17519510187796,22.330218734335894,32.04342405001323,15.228064060211182,18.688580592473347,0.26106794675191247,0.07410367329915364,0.8309479554494221,0.06851434707641602,3.78770391146342,80
1195,113.97803228232826,22.412463991345835,25.592505337372227,15.774614979901651,25.093343689685728,0.16001979197104146,0.12572731558732161,0.9841545986065402,0.10177457113591391,2.329764028233806,127
1196,114.22161734252649,22.31459866597851,54.33071332100111,5.19411258208446,6.788739315804593,0.8544504812300376,0.9801977380388484,1.669411373953534,0.07509872784302105,6.1529887707484745,234
1197,114.22161734252649,22.31459866597851,54.33071332100111,5.19411258208446,6.788739315804593,0.8544504812300376,0.9801977380388484,1.669411373953534,0.07509872784302105,6.1529887707484745,234
1198,114.26703183447592,22.31746052314412,35.29004763839836,15.484570142320521,13.110461987947163,0.3965879741467927,0.3260562294407895,1.1021391789715989,0.04219829588008106,3.5432901597560806,133
1199,113.96757513962456,22.403917012402943,25.49222973809726,18.382201263870023,20.383255447166555,0.19879714302394702,0.38155928902004077,0.6507829306782156,0.0759099877398947,3.42818992725317,115
1200,114.15757868590325,22.250043697397555,46.56161683978456,11.285740759236244,11.518041051999488,0.5867081459122475,0.28147745614099984,1.3033943946915443,0.043405988802412136,4.215464929137567,99
1201,114.15757868590325,22.250043697397555,46.56161683978456,11.285740759236244,11.518041051999488,0.5867081459122475,0.28147745614099984,1.3033943946915443,0.043405988802412136,4.215464929137567,99
1202,114.15757868590325,22.250043697397555,46.56161683978456,11.285740759236244,11.518041051999488,0.5867081459122475,0.28147745614099984,1.3033943946915443,0.043405988802412136,4.215464929137567,99
1203,114.22047193385367,22.2828924866834,46.137780224835424,9.149923960367836,11.596601132993344,0.5556478147153501,0.7422106707537617,0.9643200061939381,0.04629968713831018,3.885359304922598,225
1204,114.22047193385367,22.2828924866834,46.137780224835424,9.149923960367836,11.596601132993344,0.5556478147153501,0.7422106707537617,0.9643200061939381,0.04629968713831018,3.885359304922598,225
1205,114.22047193385367,22.2828924866834,46.137780224835424,9.149923960367836,11.596601132993344,0.5556478147153501,0.7422106707537617,0.9643200061939381,0.04629968713831018,3.885359304922598,225
1206,114.2137790235444,22.21834292253577,26.262361995298853,22.408134447605125,19.208800190626974,0.8549372355143229,0.4454972366692642,1.479174874045632,0.08006754146280513,3.4899759774256234,99
1207,114.17535044632032,22.32671486908537,35.85000241923536,12.455181382660173,17.11764376387637,0.44373759516963257,0.18070688274850874,0.9659139519063835,0.06883300607360665,6.15656382677562,117
1208,114.1512370198971,22.340656067628903,47.64102503458659,9.401965077718097,15.270520782470703,0.4122645060221354,0.24501749674479167,1.5080357869466148,0.0505340576171875,6.117347208658854,125
1209,114.2137790235444,22.21834292253577,26.262361995298853,22.408134447605125,19.208800190626974,0.8549372355143229,0.4454972366692642,1.479174874045632,0.08006754146280513,3.4899759774256234,99
1210,114.19556389345765,22.28818922205704,49.5892676296613,8.102326045762624,9.670205358374723,0.8497747627578297,0.4431448761727373,1.308678001757489,0.04267197834208575,4.4447663077718635,151
1211,114.19556389345765,22.28818922205704,49.5892676296613,8.102326045762624,9.670205358374723,0.8497747627578297,0.4431448761727373,1.308678001757489,0.04267197834208575,4.4447663077718635,151
1212,114.1780003192917,22.32735604322908,36.75766575093172,9.949966352813098,20.221975114610462,0.19832381856144152,0.11038747774500425,0.9525275284470885,0.09848882281591022,5.78008487381362,147
1213,114.1780003192917,22.32735604322908,36.75766575093172,9.949966352813098,20.221975114610462,0.19832381856144152,0.11038747774500425,0.9525275284470885,0.09848882281591022,5.78008487381362,147
1214,114.1950595692844,22.290302446353408,53.252720438278594,4.824281697013981,8.222405679400648,1.033630551457687,0.5471389626216663,1.3260275477776855,0.042012171824209514,5.13836249673902,141
1215,114.15581302231962,22.25036858287784,47.141752934110336,14.746321802553924,9.845272561778193,0.6619113424549932,0.2954955722974694,1.5496159981990205,0.04103010979251585,4.076180941816689,115
1216,114.2063646644372,22.336365875672755,36.533433740789235,9.469020342586017,19.805517485647492,0.5806057862561159,0.4567244558623343,1.019315623273753,0.11185231834951073,3.570808256515349,165
1217,114.2063646644372,22.336365875672755,36.533433740789235,9.469020342586017,19.805517485647492,0.5806057862561159,0.4567244558623343,1.019315623273753,0.11185231834951073,3.570808256515349,165
1218,114.2063646644372,22.336365875672755,36.533433740789235,9.469020342586017,19.805517485647492,0.5806057862561159,0.4567244558623343,1.019315623273753,0.11185231834951073,3.570808256515349,165
1219,114.2641299617248,22.31773302907822,38.549006612677324,16.814719943474408,12.33709282743602,0.30914536096099626,0.39351757307697954,1.2219013128065526,0.0709600615919682,2.2761036578873943,133
1220,114.09939303663326,22.369573461122435,31.16517762343089,19.166954855124157,15.62492549419403,0.1444836457570394,0.12581050395965576,0.6029347578684489,0.05125304063161214,2.393096188704172,64
1221,114.1950595692844,22.290302446353408,53.252720438278594,4.824281697013981,8.222405679400648,1.033630551457687,0.5471389626216663,1.3260275477776855,0.042012171824209514,5.13836249673902,141
1222,114.1720988686174,22.32400563044064,54.688414062713036,6.475480397542318,10.168276948246449,1.4230433558918418,0.9658076168146849,1.4927366433135296,0.09069575897270057,4.700620594657113,191
1223,114.1907675994254,22.2618473176315,23.1431742898779,22.22423927456725,22.3372203851837,0.055228339301215276,0.004794550876991421,0.7974593467961728,0.04624136133131638,2.2450422149857667,51
1224,114.22555836898844,22.31615079232983,44.23314114590664,11.61530153887408,9.09120012689997,0.954358928554409,0.8358845123657592,1.3693375630421682,0.04960796138545772,6.693179757745416,222
1225,114.1375648168358,22.286009173302165,52.9253644127828,6.043479758715247,13.51118832272668,0.6145619105229148,0.46661807111057063,1.3297574966222674,0.05915215171993591,3.5016538485275324,269
1226,114.16807996497148,22.332033653204736,43.68289522483643,9.464894605604982,13.724021314476953,0.5284017840362605,0.3248267410868439,0.9874180535585184,0.08792385431503942,3.9045658778968653,181
1227,114.16807996497148,22.332033653204736,43.68289522483643,9.464894605604982,13.724021314476953,0.5284017840362605,0.3248267410868439,0.9874180535585184,0.08792385431503942,3.9045658778968653,181
1228,114.22555836898844,22.31615079232983,44.23314114590664,11.61530153887408,9.09120012689997,0.954358928554409,0.8358845123657592,1.3693375630421682,0.04960796138545772,6.693179757745416,222
1229,114.22555836898844,22.31615079232983,44.23314114590664,11.61530153887408,9.09120012689997,0.954358928554409,0.8358845123657592,1.3693375630421682,0.04960796138545772,6.693179757745416,222
1230,114.22085093155007,22.315664486330075,52.64762466502302,5.849532006492076,8.720806730744982,0.673036172356404,0.8536316419431301,1.6556898006624274,0.0888997586866686,5.567504393289532,213
1231,114.20910433933916,22.21936438669773,21.660983120953595,23.401386649520305,21.376680886303937,0.24744360535233112,0.07688645963315612,1.0022746192084417,0.1395675871107313,1.6837610138787165,72
1232,114.22085093155007,22.315664486330075,52.64762466502302,5.849532006492076,8.720806730744982,0.673036172356404,0.8536316419431301,1.6556898006624274,0.0888997586866686,5.567504393289532,213
1233,114.22085093155007,22.315664486330075,52.64762466502302,5.849532006492076,8.720806730744982,0.673036172356404,0.8536316419431301,1.6556898006624274,0.0888997586866686,5.567504393289532,213
1234,114.1472879357155,22.285767406757675,56.073651386502,9.561887130238652,5.181134708047173,0.7237475941643476,0.7307257267904178,1.6019233171716494,0.0765714250618596,3.951054720577332,306
1235,114.1472879357155,22.285767406757675,56.073651386502,9.561887130238652,5.181134708047173,0.7237475941643476,0.7307257267904178,1.6019233171716494,0.0765714250618596,3.951054720577332,306
1236,114.1472879357155,22.285767406757675,56.073651386502,9.561887130238652,5.181134708047173,0.7237475941643476,0.7307257267904178,1.6019233171716494,0.0765714250618596,3.951054720577332,306
1237,114.15424654796256,22.278923302553256,45.78995828183822,18.32903201510046,10.167047602730916,0.5196106866233706,0.3585871431288118,1.186807991515375,0.03789364776874865,3.085053070015652,193
1238,114.15424654796256,22.278923302553256,45.78995828183822,18.32903201510046,10.167047602730916,0.5196106866233706,0.3585871431288118,1.186807991515375,0.03789364776874865,3.085053070015652,193
1239,114.2081710686176,22.340284804897376,25.89840839306514,19.875729084014893,16.762247681617737,0.2854431668917338,0.2179563045501709,0.9907414515813191,0.07830262184143066,3.4099971254666643,64
1240,114.16944021104892,22.3075698419814,49.53144714657197,5.564800359435001,10.338018843009646,1.0375651936073087,0.563642130059711,1.7535695921903274,0.05787132823534604,5.402621845741056,236
1241,114.16944021104892,22.3075698419814,49.53144714657197,5.564800359435001,10.338018843009646,1.0375651936073087,0.563642130059711,1.7535695921903274,0.05787132823534604,5.402621845741056,236
1242,114.2006781930972,22.29049136114625,53.095754802736465,7.479058453160473,9.495858575543785,0.9280191731249168,0.6721636780306823,1.4491190462030918,0.04217685797275641,5.23888155945346,195
1243,114.2006781930972,22.29049136114625,53.095754802736465,7.479058453160473,9.495858575543785,0.9280191731249168,0.6721636780306823,1.4491190462030918,0.04217685797275641,5.23888155945346,195
1244,114.19712415276766,22.341117377527134,32.76526014995312,13.512985502721191,18.27304619402925,0.343417989977792,0.17152633877168347,1.1326481159725137,0.08093200767664213,5.147267176100045,242
1245,114.19712415276766,22.341117377527134,32.76526014995312,13.512985502721191,18.27304619402925,0.343417989977792,0.17152633877168347,1.1326481159725137,0.08093200767664213,5.147267176100045,242
1246,114.19712415276766,22.341117377527134,32.76526014995312,13.512985502721191,18.27304619402925,0.343417989977792,0.17152633877168347,1.1326481159725137,0.08093200767664213,5.147267176100045,242
1247,114.13968047236482,22.285034363119216,59.15225863779786,5.814398271927665,8.612312275542799,0.7471887076773295,0.661469668876834,1.6496215086319257,0.03434390556521532,3.6214694098082347,246
1248,114.13968047236482,22.285034363119216,59.15225863779786,5.814398271927665,8.612312275542799,0.7471887076773295,0.661469668876834,1.6496215086319257,0.03434390556521532,3.6214694098082347,246
1249,114.17618515060757,22.33812952768552,34.864097171359596,13.74564481420992,18.760841742329212,0.5770327030927286,0.19544952217189746,1.0788815231615556,0.09285499309671336,4.063488971227886,174
1250,114.17618515060757,22.33812952768552,34.864097171359596,13.74564481420992,18.760841742329212,0.5770327030927286,0.19544952217189746,1.0788815231615556,0.09285499309671336,4.063488971227886,174
1251,114.17794216773824,22.338409472946804,33.295981089274086,11.444578544766296,21.826849357754572,0.3959829667035272,0.381313772762523,0.9747505187988283,0.07705912870519302,4.929113762051452,170
1252,114.17794216773824,22.338409472946804,33.295981089274086,11.444578544766296,21.826849357754572,0.3959829667035272,0.381313772762523,0.9747505187988283,0.07705912870519302,4.929113762051452,170
1253,114.2090817316709,22.33231062863957,34.48533791915926,12.212338437574214,19.287206341885415,0.16676065057078746,0.2168239537524977,0.8825927910314917,0.09640767639288113,3.7660440808822027,159
1254,114.2090817316709,22.33231062863957,34.48533791915926,12.212338437574214,19.287206341885415,0.16676065057078746,0.2168239537524977,0.8825927910314917,0.09640767639288113,3.7660440808822027,159
1255,114.23106680207673,22.27953892758142,45.948037845954985,10.202212925374942,16.630169480966536,0.621083531066449,0.9675237094108786,1.1679647032651879,0.0308011280069096,4.019562287342229,137
1256,114.23106680207673,22.27953892758142,45.948037845954985,10.202212925374942,16.630169480966536,0.621083531066449,0.9675237094108786,1.1679647032651879,0.0308011280069096,4.019562287342229,137
1257,114.17777711576824,22.334237348029657,28.50555037530724,13.072202286282598,22.453129118767336,0.29938601065373077,0.11191022568854733,0.863775308581366,0.07684334464695143,4.674114927577512,138
1258,114.17777711576824,22.334237348029657,28.50555037530724,13.072202286282598,22.453129118767336,0.29938601065373077,0.11191022568854733,0.863775308581366,0.07684334464695143,4.674114927577512,138
1259,114.17707820667682,22.33115792292302,30.606676737467446,11.661468450573908,22.616150897482168,0.24041880731997284,0.08583953415138133,0.9364327140476393,0.08082071940104167,4.494350267493206,115
1260,114.17707820667682,22.33115792292302,30.606676737467446,11.661468450573908,22.616150897482168,0.24041880731997284,0.08583953415138133,0.9364327140476393,0.08082071940104167,4.494350267493206,115
1261,114.18619218706964,22.320844722317936,49.90031673979308,6.917905419822632,9.327221175196371,0.6046150434954056,0.4185880748883173,0.8996312211199504,0.03631405714081555,5.483711056592988,123
1262,114.23106680207673,22.27953892758142,45.948037845954985,10.202212925374942,16.630169480966536,0.621083531066449,0.9675237094108786,1.1679647032651879,0.0308011280069096,4.019562287342229,137
1263,114.21017888386304,22.33347535123076,36.102583854710126,11.779885531560472,18.457830986475834,0.6025917453852963,0.44320076023606947,1.1258673994508508,0.10305213057287209,4.207335432914838,146
1264,114.21017888386304,22.33347535123076,36.102583854710126,11.779885531560472,18.457830986475834,0.6025917453852963,0.44320076023606947,1.1258673994508508,0.10305213057287209,4.207335432914838,146
1265,114.17399138650042,22.33429150937682,35.77614056021328,16.153206611074175,14.559615475629803,0.3828916707501062,0.10166303485843307,0.7987489091589096,0.0673893777473035,1.9377577671204331,141
1266,114.17399138650042,22.33429150937682,35.77614056021328,16.153206611074175,14.559615475629803,0.3828916707501062,0.10166303485843307,0.7987489091589096,0.0673893777473035,1.9377577671204331,141
1267,114.17399138650042,22.33429150937682,35.77614056021328,16.153206611074175,14.559615475629803,0.3828916707501062,0.10166303485843307,0.7987489091589096,0.0673893777473035,1.9377577671204331,141
1268,114.21017888386304,22.33347535123076,36.102583854710126,11.779885531560472,18.457830986475834,0.6025917453852963,0.44320076023606947,1.1258673994508508,0.10305213057287209,4.207335432914838,146
1269,114.18706684403335,22.33607023466202,36.093598742817726,15.712306665819744,16.752746493317357,0.3758582033852274,0.188674483188363,0.8322238922119141,0.05667560784391655,2.9516552769860556,86
1270,114.18706684403335,22.33607023466202,36.093598742817726,15.712306665819744,16.752746493317357,0.3758582033852274,0.188674483188363,0.8322238922119141,0.05667560784391655,2.9516552769860556,86
1271,114.18706684403335,22.33607023466202,36.093598742817726,15.712306665819744,16.752746493317357,0.3758582033852274,0.188674483188363,0.8322238922119141,0.05667560784391655,2.9516552769860556,86
1272,114.16541049208308,22.333153278958484,43.18461523039894,5.465103446327893,14.394740767890427,0.6980884700458869,0.5772008105179581,1.066253713746563,0.03653782878430362,5.702785711401408,197
1273,114.16541049208308,22.333153278958484,43.18461523039894,5.465103446327893,14.394740767890427,0.6980884700458869,0.5772008105179581,1.066253713746563,0.03653782878430362,5.702785711401408,197
1274,114.22755644319211,22.312528909924545,51.22608892501347,9.278745121426052,8.33979504449027,0.7133705275399345,0.35014530969044516,1.6523996988932292,0.05684012458437965,4.413782604156978,168
1275,114.16536178912028,22.33521224727583,37.28744473623399,10.698753565698121,15.932014332481879,0.562474739492236,0.34187943188112174,0.9021042591303736,0.03627093870248368,5.641499799282397,134
1276,114.14102590882302,22.336292366598936,41.022728271878655,9.784318002311451,17.200765437241984,0.35652190215827884,0.15897874068228157,0.7666595222414002,0.05847576052643532,4.609193481524169,129
1277,114.14102590882302,22.336292366598936,41.022728271878655,9.784318002311451,17.200765437241984,0.35652190215827884,0.15897874068228157,0.7666595222414002,0.05847576052643532,4.609193481524169,129
1278,114.16541049208308,22.333153278958484,43.18461523039894,5.465103446327893,14.394740767890427,0.6980884700458869,0.5772008105179581,1.066253713746563,0.03653782878430362,5.702785711401408,197
1279,114.23801596248396,22.305643982112773,41.412691235935725,15.376966621222671,10.255343685842584,0.32787322998046875,0.011553622708462252,0.6517155335681272,0.04987874046804094,1.9330855643395153,101
1280,114.18513155166598,22.275601384359067,43.418706547130235,13.58066790031664,9.176524480183918,0.3912070303252249,0.04397421172170929,1.0448085900508994,0.04367163687041311,5.516302513353753,110
1281,114.18513155166598,22.275601384359067,43.418706547130235,13.58066790031664,9.176524480183918,0.3912070303252249,0.04397421172170929,1.0448085900508994,0.04367163687041311,5.516302513353753,110
1282,114.18513155166598,22.275601384359067,43.418706547130235,13.58066790031664,9.176524480183918,0.3912070303252249,0.04397421172170929,1.0448085900508994,0.04367163687041311,5.516302513353753,110
1283,114.17745678222336,22.333632300834616,27.93040236165701,14.935024250965801,21.848679639747974,0.26356563095218877,0.07401458488022986,0.9330943924664793,0.07161358499658338,4.288830770277123,121
1284,114.14102590882302,22.336292366598936,41.022728271878655,9.784318002311451,17.200765437241984,0.35652190215827884,0.15897874068228157,0.7666595222414002,0.05847576052643532,4.609193481524169,129
1285,114.20026119334236,22.292116934415727,50.63053051630655,3.7004192670186367,13.4717698097229,0.9347880681355794,0.6344324747721354,1.4067424138387046,0.053142229715983064,6.274789651234945,200
1286,114.17745678222336,22.333632300834616,27.93040236165701,14.935024250965801,21.848679639747974,0.26356563095218877,0.07401458488022986,0.9330943924664793,0.07161358499658338,4.288830770277123,121
1287,114.17745678222336,22.333632300834616,27.93040236165701,14.935024250965801,21.848679639747974,0.26356563095218877,0.07401458488022986,0.9330943924664793,0.07161358499658338,4.288830770277123,121
1288,114.16061654790484,22.322126525951223,51.376098087855745,8.777499607631139,9.133050101143974,0.5183688572474888,0.5718180338541667,1.3572996230352494,0.06910124279203869,4.873757861909412,175
1289,114.16061654790484,22.322126525951223,51.376098087855745,8.777499607631139,9.133050101143974,0.5183688572474888,0.5718180338541667,1.3572996230352494,0.06910124279203869,4.873757861909412,175
1290,114.18578477706616,22.32468274637132,41.77375029568648,10.25421868509321,14.916222842771614,0.3815636705996385,0.2545940342234142,1.090454936620608,0.04935193417677239,4.567162907538722,134
1291,114.18593897146276,22.307623938127907,50.66802899042765,6.266973857526427,9.206498110735858,0.7247720603589658,0.7550504472520616,1.164186442339862,0.039158927069769964,4.561172701694348,288
1292,114.16061654790484,22.322126525951223,51.376098087855745,8.777499607631139,9.133050101143974,0.5183688572474888,0.5718180338541667,1.3572996230352494,0.06910124279203869,4.873757861909412,175
1293,114.23390379415966,22.264628361999613,43.55176102881338,11.505706949171676,11.186111051272723,0.3501262540131613,0.11126948337928921,0.861007403704076,0.040519938749425555,5.114657894458647,102
1294,114.23390379415966,22.264628361999613,43.55176102881338,11.505706949171676,11.186111051272723,0.3501262540131613,0.11126948337928921,0.861007403704076,0.040519938749425555,5.114657894458647,102
1295,114.13916177498588,22.33764652999759,37.67130483540414,10.969299664028544,17.911380200649052,0.40606011589654056,0.13448294404027558,0.7921802054206244,0.0860337730791929,4.5711938139917745,139
1296,114.18578477706616,22.32468274637132,41.77375029568648,10.25421868509321,14.916222842771614,0.3815636705996385,0.2545940342234142,1.090454936620608,0.04935193417677239,4.567162907538722,134
1297,114.18578477706616,22.32468274637132,41.77375029568648,10.25421868509321,14.916222842771614,0.3815636705996385,0.2545940342234142,1.090454936620608,0.04935193417677239,4.567162907538722,134
1298,114.23390379415966,22.264628361999613,43.55176102881338,11.505706949171676,11.186111051272723,0.3501262540131613,0.11126948337928921,0.861007403704076,0.040519938749425555,5.114657894458647,102
1299,114.2224013012577,22.280893477216903,48.107069129617805,5.814189747867421,11.50883063291892,0.6420427306085571,0.6750387208074585,1.0241873651488214,0.05191982301891359,4.090482597677117,195
1300,114.13916177498588,22.33764652999759,37.67130483540414,10.969299664028544,17.911380200649052,0.40606011589654056,0.13448294404027558,0.7921802054206244,0.0860337730791929,4.5711938139917745,139
1301,114.13916177498588,22.33764652999759,37.67130483540414,10.969299664028544,17.911380200649052,0.40606011589654056,0.13448294404027558,0.7921802054206244,0.0860337730791929,4.5711938139917745,139
1302,114.22257205506682,22.280818474925493,47.94313337582361,5.775119788151554,11.64568123809122,0.6352293137688495,0.6485331537003708,1.0271764758577728,0.05130152011625013,4.1463297699134385,191
1303,114.22257205506682,22.280818474925493,47.94313337582361,5.775119788151554,11.64568123809122,0.6352293137688495,0.6485331537003708,1.0271764758577728,0.05130152011625013,4.1463297699134385,191
1304,114.2224013012577,22.280893477216903,48.107069129617805,5.814189747867421,11.50883063291892,0.6420427306085571,0.6750387208074585,1.0241873651488214,0.05191982301891359,4.090482597677117,195
1305,114.2224013012577,22.280893477216903,48.107069129617805,5.814189747867421,11.50883063291892,0.6420427306085571,0.6750387208074585,1.0241873651488214,0.05191982301891359,4.090482597677117,195
1306,114.22230777363582,22.31870739484948,38.44401336617486,12.43410733147585,14.249806879312313,0.3458432725205045,0.18044304601924935,0.8322057035780445,0.0812602616667338,3.426247364057298,97
1307,114.22230777363582,22.31870739484948,38.44401336617486,12.43410733147585,14.249806879312313,0.3458432725205045,0.18044304601924935,0.8322057035780445,0.0812602616667338,3.426247364057298,97
1308,114.22612520001002,22.3272492157602,28.416059922802358,17.450737768365432,16.452428167180496,0.2986597460369731,0.09492164434388627,0.6977938866430476,0.041943187861479526,3.415721701097119,86
1309,114.22612520001002,22.3272492157602,28.416059922802358,17.450737768365432,16.452428167180496,0.2986597460369731,0.09492164434388627,0.6977938866430476,0.041943187861479526,3.415721701097119,86
1310,114.22612520001002,22.3272492157602,28.416059922802358,17.450737768365432,16.452428167180496,0.2986597460369731,0.09492164434388627,0.6977938866430476,0.041943187861479526,3.415721701097119,86
1311,114.17538923288178,22.33054383714048,32.05783778223498,14.445533606284425,19.118756261365167,0.31397077772352433,0.07364850391373323,0.8158237998056228,0.07616825030681275,4.1332730845016545,87
1312,114.14087087251043,22.33520866328044,39.79527390068346,9.629378032163194,19.409871231662777,0.323099386496622,0.1923175457396794,0.6868479681796716,0.05829764194175845,4.162649769600623,122
1313,114.12701813602372,22.28262882395462,43.397962171479136,9.47838152869273,18.67257969527595,0.47853060361355715,0.5569334084031271,1.3641009896488514,0.05950873854470118,3.771965382462841,118
1314,114.18633800874488,22.324249246608154,41.745116121025504,9.12195482561665,13.802505821310065,0.4611681866389448,0.28198765170189644,1.2593630821474138,0.029260368757350472,5.040374109821935,124
1315,114.18633800874488,22.324249246608154,41.745116121025504,9.12195482561665,13.802505821310065,0.4611681866389448,0.28198765170189644,1.2593630821474138,0.029260368757350472,5.040374109821935,124
1316,114.16739997467992,22.33963736013444,25.91229847499302,17.86403712772188,23.10551035971869,0.15980544544401626,0.09312289101736886,0.8224141030084519,0.08353080068315778,2.9352017811366493,112
1317,114.16739997467992,22.33963736013444,25.91229847499302,17.86403712772188,23.10551035971869,0.15980544544401626,0.09312289101736886,0.8224141030084519,0.08353080068315778,2.9352017811366493,112
1318,114.18088293850516,22.31984254608436,40.7592679247444,12.274338580943922,14.899729799341273,0.23869761714228876,0.1643675344961661,1.159131379775059,0.04904005262586805,3.0861651455914534,108
1319,114.18088293850516,22.31984254608436,40.7592679247444,12.274338580943922,14.899729799341273,0.23869761714228876,0.1643675344961661,1.159131379775059,0.04904005262586805,3.0861651455914534,108
1320,114.18088293850516,22.31984254608436,40.7592679247444,12.274338580943922,14.899729799341273,0.23869761714228876,0.1643675344961661,1.159131379775059,0.04904005262586805,3.0861651455914534,108
1321,114.1862411661573,22.32753638600145,46.411302294049946,6.077761332194011,15.105918157668343,0.4709459940592448,0.4617396763392857,0.9391742887951079,0.05332383655366443,5.002573104131789,175
1322,114.1862411661573,22.32753638600145,46.411302294049946,6.077761332194011,15.105918157668343,0.4709459940592448,0.4617396763392857,0.9391742887951079,0.05332383655366443,5.002573104131789,175
1323,114.21226358396817,22.324399173163204,45.319523088859796,9.43426864315765,16.827389302879872,0.5003437851414536,0.16805822199041193,1.3405510873505564,0.0666338988024779,2.8835550944010415,165
1324,114.21226358396817,22.324399173163204,45.319523088859796,9.43426864315765,16.827389302879872,0.5003437851414536,0.16805822199041193,1.3405510873505564,0.0666338988024779,2.8835550944010415,165
1325,114.21226358396817,22.324399173163204,45.319523088859796,9.43426864315765,16.827389302879872,0.5003437851414536,0.16805822199041193,1.3405510873505564,0.0666338988024779,2.8835550944010415,165
1326,114.1912937124328,22.2832950564244,42.38714043069001,15.441177202307658,9.39047808808405,0.6870490917261096,0.32944963366129165,1.2694008684388682,0.10309372931094947,5.067081881414098,207
1327,114.1912937124328,22.2832950564244,42.38714043069001,15.441177202307658,9.39047808808405,0.6870490917261096,0.32944963366129165,1.2694008684388682,0.10309372931094947,5.067081881414098,207
1328,114.15600459942344,22.33239377454068,29.9606163083142,11.646863825751929,21.868971467928123,0.3135436060471086,0.33074250354718315,0.8367514185626392,0.059614351384209015,4.083409200187858,131
1329,114.15600459942344,22.33239377454068,29.9606163083142,11.646863825751929,21.868971467928123,0.3135436060471086,0.33074250354718315,0.8367514185626392,0.059614351384209015,4.083409200187858,131
1330,114.15600459942344,22.33239377454068,29.9606163083142,11.646863825751929,21.868971467928123,0.3135436060471086,0.33074250354718315,0.8367514185626392,0.059614351384209015,4.083409200187858,131
1331,114.15701420417392,22.33175272995799,31.51192628135977,11.597795018237997,20.27961573243449,0.3282510032949521,0.2384585003520167,0.7726178920854277,0.05497525828753331,4.1893126120555,129
1332,114.15701420417392,22.33175272995799,31.51192628135977,11.597795018237997,20.27961573243449,0.3282510032949521,0.2384585003520167,0.7726178920854277,0.05497525828753331,4.1893126120555,129
1333,114.15701420417392,22.33175272995799,31.51192628135977,11.597795018237997,20.27961573243449,0.3282510032949521,0.2384585003520167,0.7726178920854277,0.05497525828753331,4.1893126120555,129
1334,114.20982858001923,22.32984512981008,29.80398593988634,14.411993672076921,19.532062415789838,0.3145358915018258,0.12057168143136161,0.9175312548950502,0.0949859619140625,3.260247988210884,133
1335,114.20982858001923,22.32984512981008,29.80398593988634,14.411993672076921,19.532062415789838,0.3145358915018258,0.12057168143136161,0.9175312548950502,0.0949859619140625,3.260247988210884,133
1336,114.20982858001923,22.32984512981008,29.80398593988634,14.411993672076921,19.532062415789838,0.3145358915018258,0.12057168143136161,0.9175312548950502,0.0949859619140625,3.260247988210884,133
1337,114.21384825050528,22.33401638928756,27.304940130196364,17.253954893623302,22.90155092875163,0.18184543435090506,0.24774588790594362,0.7275023491554012,0.04565856036017923,3.102017383949429,102
1338,114.21384825050528,22.33401638928756,27.304940130196364,17.253954893623302,22.90155092875163,0.18184543435090506,0.24774588790594362,0.7275023491554012,0.04565856036017923,3.102017383949429,102
1339,114.21384825050528,22.33401638928756,27.304940130196364,17.253954893623302,22.90155092875163,0.18184543435090506,0.24774588790594362,0.7275023491554012,0.04565856036017923,3.102017383949429,102
1340,114.1511768761592,22.24471471591217,37.24567155797774,12.346829040141046,15.209966973413396,0.24329318275934533,0.04149811177314082,0.8453960660137708,0.046201295490506326,3.695152781683684,79
1341,114.1511768761592,22.24471471591217,37.24567155797774,12.346829040141046,15.209966973413396,0.24329318275934533,0.04149811177314082,0.8453960660137708,0.046201295490506326,3.695152781683684,79
1342,114.1511768761592,22.24471471591217,37.24567155797774,12.346829040141046,15.209966973413396,0.24329318275934533,0.04149811177314082,0.8453960660137708,0.046201295490506326,3.695152781683684,79
1343,114.1791933808984,22.277443830422115,53.833760378653544,6.068310653954222,7.495948724579393,0.9544087014003108,0.6017634743138364,1.6531867311711896,0.05018646954095851,6.285543832165455,285
1344,114.1791933808984,22.277443830422115,53.833760378653544,6.068310653954222,7.495948724579393,0.9544087014003108,0.6017634743138364,1.6531867311711896,0.05018646954095851,6.285543832165455,285
1345,114.1791933808984,22.277443830422115,53.833760378653544,6.068310653954222,7.495948724579393,0.9544087014003108,0.6017634743138364,1.6531867311711896,0.05018646954095851,6.285543832165455,285
1346,114.25332141904728,22.306838557496963,37.21910927885322,11.060794707267513,16.772820462462725,0.17404945947790657,0.14761278706212197,0.8941781649025539,0.06606604463310652,2.0241661481959845,155
1347,114.25332141904728,22.306838557496963,37.21910927885322,11.060794707267513,16.772820462462725,0.17404945947790657,0.14761278706212197,0.8941781649025539,0.06606604463310652,2.0241661481959845,155
1348,114.25332141904728,22.306838557496963,37.21910927885322,11.060794707267513,16.772820462462725,0.17404945947790657,0.14761278706212197,0.8941781649025539,0.06606604463310652,2.0241661481959845,155
1349,114.19786422127996,22.291692823434488,54.8334807492374,3.5072114137228065,8.702287781104612,1.1167810204323758,0.693242648121123,1.5469288558102725,0.04576029402486394,6.153412793905994,178
1350,114.19786422127996,22.291692823434488,54.8334807492374,3.5072114137228065,8.702287781104612,1.1167810204323758,0.693242648121123,1.5469288558102725,0.04576029402486394,6.153412793905994,178
1351,114.19786422127996,22.291692823434488,54.8334807492374,3.5072114137228065,8.702287781104612,1.1167810204323758,0.693242648121123,1.5469288558102725,0.04576029402486394,6.153412793905994,178
1352,114.18991935617515,22.321259871521928,49.89948406397739,4.028112197590765,11.720524101613838,0.5224548767660265,0.6490294435685297,1.2244725153082259,0.07861692957417617,4.976113785835813,214
1353,114.18991935617515,22.321259871521928,49.89948406397739,4.028112197590765,11.720524101613838,0.5224548767660265,0.6490294435685297,1.2244725153082259,0.07861692957417617,4.976113785835813,214
1354,114.18991935617515,22.321259871521928,49.89948406397739,4.028112197590765,11.720524101613838,0.5224548767660265,0.6490294435685297,1.2244725153082259,0.07861692957417617,4.976113785835813,214
1355,114.19799771610045,22.34039482012944,32.558696446980974,14.529042195371494,18.04035955814989,0.33805533441046615,0.13073667168096684,1.0210338464817452,0.06550868005211176,5.266297991445839,229
1356,114.19799771610045,22.34039482012944,32.558696446980974,14.529042195371494,18.04035955814989,0.33805533441046615,0.13073667168096684,1.0210338464817452,0.06550868005211176,5.266297991445839,229
1357,114.19799771610045,22.34039482012944,32.558696446980974,14.529042195371494,18.04035955814989,0.33805533441046615,0.13073667168096684,1.0210338464817452,0.06550868005211176,5.266297991445839,229
1358,114.1769034882148,22.338165651253053,35.4330469554141,11.639769072861199,19.675194795349235,0.5563682684019291,0.3380194722607149,1.175087301868744,0.0835528808821069,4.259520447231982,179
1359,114.17615602750884,22.33840044477232,34.82341636982999,14.132498585900592,18.588392863902012,0.5828474843224813,0.19772219103436137,1.133237698281458,0.09568458379701127,3.9698931597924045,172
1360,114.17690348821012,22.338156620679428,35.4330469554141,11.639769072861199,19.675194795349235,0.5563682684019291,0.3380194722607149,1.175087301868744,0.0835528808821069,4.259520447231982,179
1361,114.17690348821012,22.338156620679428,35.4330469554141,11.639769072861199,19.675194795349235,0.5563682684019291,0.3380194722607149,1.175087301868744,0.0835528808821069,4.259520447231982,179
1362,114.17690348821012,22.338156620679428,35.4330469554141,11.639769072861199,19.675194795349235,0.5563682684019291,0.3380194722607149,1.175087301868744,0.0835528808821069,4.259520447231982,179
1363,114.17690348821012,22.338156620679428,35.4330469554141,11.639769072861199,19.675194795349235,0.5563682684019291,0.3380194722607149,1.175087301868744,0.0835528808821069,4.259520447231982,179
1364,114.19705807650784,22.2867712338791,38.685896283104306,17.500437522421077,13.38650385538737,0.3087608181700415,0.05562710924213435,0.7695198059082031,0.052946441027582905,3.0279925080383716,98
1365,114.19705807650784,22.2867712338791,38.685896283104306,17.500437522421077,13.38650385538737,0.3087608181700415,0.05562710924213435,0.7695198059082031,0.052946441027582905,3.0279925080383716,98
1366,114.19705807650784,22.2867712338791,38.685896283104306,17.500437522421077,13.38650385538737,0.3087608181700415,0.05562710924213435,0.7695198059082031,0.052946441027582905,3.0279925080383716,98
1367,114.1888423720372,22.325847494486403,39.938121960486896,7.7031855229978206,19.163012357405677,0.32582386040393213,0.47383632188961833,1.1690968348656172,0.06622340944078234,4.838077227274577,216
1368,114.17148786430988,22.311082827906137,46.39089959299462,11.211391188140608,9.597312242556841,0.6689440083299947,0.4160276233640492,1.303031953990969,0.07855211567674947,5.58339371640458,195
1369,114.17148786430988,22.311082827906137,46.39089959299462,11.211391188140608,9.597312242556841,0.6689440083299947,0.4160276233640492,1.303031953990969,0.07855211567674947,5.58339371640458,195
1370,114.220357822238,22.32173317829813,36.13929059770373,14.358378516303167,13.170573446485731,0.2622667948404948,0.2240117390950521,0.5373589197794596,0.060334735446506076,3.2124121983846035,60
1371,114.220357822238,22.32173317829813,36.13929059770373,14.358378516303167,13.170573446485731,0.2622667948404948,0.2240117390950521,0.5373589197794596,0.060334735446506076,3.2124121983846035,60
1372,114.220357822238,22.32173317829813,36.13929059770373,14.358378516303167,13.170573446485731,0.2622667948404948,0.2240117390950521,0.5373589197794596,0.060334735446506076,3.2124121983846035,60
1373,114.20764441013807,22.329096021409374,31.297718657606563,16.868304680858433,18.38124093930583,0.4300973960519166,0.1541326853854597,0.911505097528463,0.1034959945468535,3.43007542213461,121
1374,114.20764441013807,22.329096021409374,31.297718657606563,16.868304680858433,18.38124093930583,0.4300973960519166,0.1541326853854597,0.911505097528463,0.1034959945468535,3.43007542213461,121
1375,114.20764441013807,22.329096021409374,31.297718657606563,16.868304680858433,18.38124093930583,0.4300973960519166,0.1541326853854597,0.911505097528463,0.1034959945468535,3.43007542213461,121
1376,114.15959534567006,22.338860088666,38.27891221610449,11.11744091074954,14.309847483070946,0.6514503109839654,0.45976792612383444,0.7232048178231845,0.04397387145667948,5.118733324030393,124
1377,114.15959534567006,22.338860088666,38.27891221610449,11.11744091074954,14.309847483070946,0.6514503109839654,0.45976792612383444,0.7232048178231845,0.04397387145667948,5.118733324030393,124
1378,114.15959534567006,22.338860088666,38.27891221610449,11.11744091074954,14.309847483070946,0.6514503109839654,0.45976792612383444,0.7232048178231845,0.04397387145667948,5.118733324030393,124
1379,114.1811646936396,22.32894537242615,35.13348731441774,10.516246021657754,19.60042621778405,0.2175234366154325,0.16735906186311142,0.9283505315365999,0.08815323097118433,4.127310600833616,115
1380,114.19465891556544,22.344738925343098,37.12005146548279,14.890072895930363,13.147802841969025,0.6012478445330237,0.40380037747896635,1.385624795897394,0.12928094619359726,4.19868159497905,156
1381,114.19465891556544,22.344738925343098,37.12005146548279,14.890072895930363,13.147802841969025,0.6012478445330237,0.40380037747896635,1.385624795897394,0.12928094619359726,4.19868159497905,156
1382,114.19465891556544,22.344738925343098,37.12005146548279,14.890072895930363,13.147802841969025,0.6012478445330237,0.40380037747896635,1.385624795897394,0.12928094619359726,4.19868159497905,156
1383,114.18418059706276,22.27433714008653,40.7008553472694,17.136620784151383,10.199274993749057,0.31465078897522264,0.059848361545138895,0.9228480610870509,0.06422789200492528,4.897757083321539,69
1384,114.18418059706276,22.27433714008653,40.7008553472694,17.136620784151383,10.199274993749057,0.31465078897522264,0.059848361545138895,0.9228480610870509,0.06422789200492528,4.897757083321539,69
1385,114.18742360129816,22.30419221640237,45.851801613629874,6.212776528913422,11.529897700595317,0.7092916359335688,0.4625410683410989,1.2127577248266188,0.07013762738071594,3.8900660929706814,236
1386,114.18742360129816,22.30419221640237,45.851801613629874,6.212776528913422,11.529897700595317,0.7092916359335688,0.4625410683410989,1.2127577248266188,0.07013762738071594,3.8900660929706814,236
1387,114.18742360129816,22.30419221640237,45.851801613629874,6.212776528913422,11.529897700595317,0.7092916359335688,0.4625410683410989,1.2127577248266188,0.07013762738071594,3.8900660929706814,236
1388,114.2396815219706,22.2756616780257,31.56277087696812,9.78875662151136,23.156085348965824,0.41821630377518504,0.37329489724677906,1.459738246181555,0.1498874865080181,2.3177586103740486,76
1389,114.2396815219706,22.2756616780257,31.56277087696812,9.78875662151136,23.156085348965824,0.41821630377518504,0.37329489724677906,1.459738246181555,0.1498874865080181,2.3177586103740486,76
1390,114.2396815219706,22.2756616780257,31.56277087696812,9.78875662151136,23.156085348965824,0.41821630377518504,0.37329489724677906,1.459738246181555,0.1498874865080181,2.3177586103740486,76
1391,114.21523244116162,22.28423937493632,49.86057651526502,7.8585069646280274,6.612493626024357,0.5799313701649822,0.14428486899724083,1.1417163532667478,0.052974842212818285,4.420708180314859,189
1392,114.21523244116162,22.28423937493632,49.86057651526502,7.8585069646280274,6.612493626024357,0.5799313701649822,0.14428486899724083,1.1417163532667478,0.052974842212818285,4.420708180314859,189
1393,114.21523244116162,22.28423937493632,49.86057651526502,7.8585069646280274,6.612493626024357,0.5799313701649822,0.14428486899724083,1.1417163532667478,0.052974842212818285,4.420708180314859,189
1394,114.19454256437584,22.34585872822346,33.146375133877704,17.031537918817428,13.561464491344632,0.41355604217165987,0.1444510051182338,1.101277271906535,0.055693160919916065,3.8009643554687496,112
1395,114.19454256437584,22.34585872822346,33.146375133877704,17.031537918817428,13.561464491344632,0.41355604217165987,0.1444510051182338,1.101277271906535,0.055693160919916065,3.8009643554687496,112
1396,114.19454256437584,22.34585872822346,33.146375133877704,17.031537918817428,13.561464491344632,0.41355604217165987,0.1444510051182338,1.101277271906535,0.055693160919916065,3.8009643554687496,112
1397,114.1674215892423,22.30682922762292,40.813967053512215,7.737117105357806,16.50736436117603,0.6850241424141454,0.4777859510405084,1.5831005558390145,0.07703676354721394,5.130865689967009,267
1398,114.1674215892423,22.30682922762292,40.813967053512215,7.737117105357806,16.50736436117603,0.6850241424141454,0.4777859510405084,1.5831005558390145,0.07703676354721394,5.130865689967009,267
1399,114.1674215892423,22.30682922762292,40.813967053512215,7.737117105357806,16.50736436117603,0.6850241424141454,0.4777859510405084,1.5831005558390145,0.07703676354721394,5.130865689967009,267
1400,114.15710418009364,22.24395696608804,34.521202908621895,15.282422304153444,14.071173800362482,0.2905233038796319,0.4865851667192247,1.111952132648892,0.07218321164449056,6.1739964617623215,96
1401,114.15710418009364,22.24395696608804,34.521202908621895,15.282422304153444,14.071173800362482,0.2905233038796319,0.4865851667192247,1.111952132648892,0.07218321164449056,6.1739964617623215,96
1402,114.15710418009364,22.24395696608804,34.521202908621895,15.282422304153444,14.071173800362482,0.2905233038796319,0.4865851667192247,1.111952132648892,0.07218321164449056,6.1739964617623215,96
1403,114.2363387212462,22.263868913478056,43.386208852132164,11.41895039876302,13.107642279730902,0.3254570431179471,0.18909708658854166,0.916490978664822,0.05829917060004341,3.956200493706597,150
1404,114.2363387212462,22.263868913478056,43.386208852132164,11.41895039876302,13.107642279730902,0.3254570431179471,0.18909708658854166,0.916490978664822,0.05829917060004341,3.956200493706597,150
1405,114.2363387212462,22.263868913478056,43.386208852132164,11.41895039876302,13.107642279730902,0.3254570431179471,0.18909708658854166,0.916490978664822,0.05829917060004341,3.956200493706597,150
1406,114.23333981302724,22.26150395289352,37.510948269455525,13.515994283888075,16.950923425179937,0.2021824872052228,0.16016430324978298,0.8393945517363371,0.04752918525978371,4.030957045378508,72
1407,114.23333981302724,22.26150395289352,37.510948269455525,13.515994283888075,16.950923425179937,0.2021824872052228,0.16016430324978298,0.8393945517363371,0.04752918525978371,4.030957045378508,72
1408,114.23333981302724,22.26150395289352,37.510948269455525,13.515994283888075,16.950923425179937,0.2021824872052228,0.16016430324978298,0.8393945517363371,0.04752918525978371,4.030957045378508,72
1409,114.18876470459078,22.32565785788909,39.92650335149247,7.661995259366294,19.057230838509494,0.3342192302378573,0.4679956362228985,1.1287294432174328,0.06366685379383176,4.819629728332046,215
1410,114.18876470459078,22.32565785788909,39.92650335149247,7.661995259366294,19.057230838509494,0.3342192302378573,0.4679956362228985,1.1287294432174328,0.06366685379383176,4.819629728332046,215
1411,114.24065821274776,22.26837356798633,29.467991903318577,15.001276706127406,22.38883498712634,0.19381942478477535,0.39509103653278754,0.8068460099240566,0.06791885862959192,2.86072331962856,94
1412,114.24065821274776,22.26837356798633,29.467991903318577,15.001276706127406,22.38883498712634,0.19381942478477535,0.39509103653278754,0.8068460099240566,0.06791885862959192,2.86072331962856,94
1413,114.24065821274776,22.26837356798633,29.467991903318577,15.001276706127406,22.38883498712634,0.19381942478477535,0.39509103653278754,0.8068460099240566,0.06791885862959192,2.86072331962856,94
1414,114.15840305794462,22.3258288309594,33.36057183462814,10.824183423203907,19.51732440145766,0.26055554437903716,0.25379173804483823,0.6307374609693246,0.06110832455881925,3.666180338939475,179
1415,114.15840305794462,22.3258288309594,33.36057183462814,10.824183423203907,19.51732440145766,0.26055554437903716,0.25379173804483823,0.6307374609693246,0.06110832455881925,3.666180338939475,179
1416,114.1916690461518,22.34576871124703,39.34158798336058,14.790345716846081,11.333745394566263,0.3860333169153495,0.17385704572810684,0.9867050851038262,0.06050250326940256,3.339120583940846,86
1417,114.1916690461518,22.34576871124703,39.34158798336058,14.790345716846081,11.333745394566263,0.3860333169153495,0.17385704572810684,0.9867050851038262,0.06050250326940256,3.339120583940846,86
1418,114.1916690461518,22.34576871124703,39.34158798336058,14.790345716846081,11.333745394566263,0.3860333169153495,0.17385704572810684,0.9867050851038262,0.06050250326940256,3.339120583940846,86
1419,114.15840305794462,22.3258288309594,33.36057183462814,10.824183423203907,19.51732440145766,0.26055554437903716,0.25379173804483823,0.6307374609693246,0.06110832455881925,3.666180338939475,179
1420,114.19132281727116,22.283240870022183,42.42464071694588,15.250210600774643,9.455081767698033,0.6660590425205691,0.32944963366129165,1.2702992572876566,0.10309372931094947,5.076153305225711,207
1421,114.19559006547652,22.33882379727972,37.80672812575929,14.129749401524496,13.90103518107291,0.5069858909984145,0.32080478455271255,1.2134224984444308,0.10352248780465012,4.864155010363321,209
1422,114.19559006547652,22.33882379727972,37.80672812575929,14.129749401524496,13.90103518107291,0.5069858909984145,0.32080478455271255,1.2134224984444308,0.10352248780465012,4.864155010363321,209
1423,114.19132281727116,22.283240870022183,42.42464071694588,15.250210600774643,9.455081767698033,0.6660590425205691,0.32944963366129165,1.2702992572876566,0.10309372931094947,5.076153305225711,207
1424,114.19132281727116,22.283240870022183,42.42464071694588,15.250210600774643,9.455081767698033,0.6660590425205691,0.32944963366129165,1.2702992572876566,0.10309372931094947,5.076153305225711,207
1425,114.21724322662824,22.32545458696428,41.1309544245402,10.96960915459527,11.878040101793077,0.40370331870185006,0.18840577867296007,1.4612576696607804,0.07798088921440972,3.3102093802558055,120
1426,114.21724322662824,22.32545458696428,41.1309544245402,10.96960915459527,11.878040101793077,0.40370331870185006,0.18840577867296007,1.4612576696607804,0.07798088921440972,3.3102093802558055,120
1427,114.19710916543728,22.237274192489764,25.843569229209358,26.212339453358467,15.181625866499104,0.4439103798788102,0.15431388479764344,1.3009722766980447,0.08351372890785093,6.345595166982849,61
1428,114.23830208675706,22.29415693471081,37.70817629911801,12.4115515897996,13.842318624193114,0.23363379351713556,0.31282304418892126,1.3628816292955985,0.05173485782930794,6.4003067598363685,153
1429,114.23830208675706,22.29415693471081,37.70817629911801,12.4115515897996,13.842318624193114,0.23363379351713556,0.31282304418892126,1.3628816292955985,0.05173485782930794,6.4003067598363685,153
1430,114.18920256781324,22.33784910893813,31.109674448566388,21.77809299169194,14.731788635253906,0.48082372360436254,0.13970010648897993,0.9923751438213235,0.10652283665933585,2.5237721802419437,123
1431,114.18920256781324,22.33784910893813,31.109674448566388,21.77809299169194,14.731788635253906,0.48082372360436254,0.13970010648897993,0.9923751438213235,0.10652283665933585,2.5237721802419437,123
1432,114.21724322662824,22.32545458696428,41.1309544245402,10.96960915459527,11.878040101793077,0.40370331870185006,0.18840577867296007,1.4612576696607804,0.07798088921440972,3.3102093802558055,120
1433,114.19177455187724,22.333758041193267,27.89086733108911,17.010175753862427,18.139746494782276,0.34096106504782653,0.1529791416266026,0.6522929362761668,0.06455421447753906,4.671534269283979,130
1434,114.23830208675706,22.29415693471081,37.70817629911801,12.4115515897996,13.842318624193114,0.23363379351713556,0.31282304418892126,1.3628816292955985,0.05173485782930794,6.4003067598363685,153
1435,114.19177455187724,22.333758041193267,27.89086733108911,17.010175753862427,18.139746494782276,0.34096106504782653,0.1529791416266026,0.6522929362761668,0.06455421447753906,4.671534269283979,130
1436,114.19177455187724,22.333758041193267,27.89086733108911,17.010175753862427,18.139746494782276,0.34096106504782653,0.1529791416266026,0.6522929362761668,0.06455421447753906,4.671534269283979,130
1437,114.19710916543728,22.237274192489764,25.843569229209358,26.212339453358467,15.181625866499104,0.4439103798788102,0.15431388479764344,1.3009722766980447,0.08351372890785093,6.345595166982849,61
1438,114.22898405595356,22.31496671864961,38.42896800749108,18.431368061140468,9.122849579284837,0.47866383186575406,0.29792945925928965,0.807950743774072,0.05907331194196429,3.3919326397551215,119
1439,114.22898405595356,22.31496671864961,38.42896800749108,18.431368061140468,9.122849579284837,0.47866383186575406,0.29792945925928965,0.807950743774072,0.05907331194196429,3.3919326397551215,119
1440,114.22898405595356,22.31496671864961,38.42896800749108,18.431368061140468,9.122849579284837,0.47866383186575406,0.29792945925928965,0.807950743774072,0.05907331194196429,3.3919326397551215,119
1441,114.21325286557818,22.28403212661389,51.98477341876766,9.867187437972403,4.930225232752358,0.792121693370788,0.18169879913330078,1.2004896877257805,0.06157324566104548,4.0977962617951675,164
1442,114.23828880929888,22.308172448325124,41.92203955486928,12.728773396334544,12.078354143279364,0.6249270335164769,0.113070122549467,0.8618874713267862,0.07170264223282953,1.9174519357651567,107
1443,114.23828880929888,22.308172448325124,41.92203955486928,12.728773396334544,12.078354143279364,0.6249270335164769,0.113070122549467,0.8618874713267862,0.07170264223282953,1.9174519357651567,107
1444,114.18940465390028,22.31814435732044,52.086063395877844,3.3294082706810064,9.832989320456134,0.6043428709024719,0.5468587250451417,1.1964442043902186,0.04313623803293603,5.8331289861956215,234
1445,114.18940465390028,22.31814435732044,52.086063395877844,3.3294082706810064,9.832989320456134,0.6043428709024719,0.5468587250451417,1.1964442043902186,0.04313623803293603,5.8331289861956215,234
1446,114.18940465390028,22.31814435732044,52.086063395877844,3.3294082706810064,9.832989320456134,0.6043428709024719,0.5468587250451417,1.1964442043902186,0.04313623803293603,5.8331289861956215,234
1447,114.21325286557818,22.28403212661389,51.98477341876766,9.867187437972403,4.930225232752358,0.792121693370788,0.18169879913330078,1.2004896877257805,0.06157324566104548,4.0977962617951675,164
1448,114.1603636643513,22.326587611247128,44.31157632174396,7.233065211095385,12.681840788201068,0.5417261255501602,0.4540257373346894,0.9118494716474354,0.05227629490162371,4.933577858357935,217
1449,114.1603636643513,22.326587611247128,44.31157632174396,7.233065211095385,12.681840788201068,0.5417261255501602,0.4540257373346894,0.9118494716474354,0.05227629490162371,4.933577858357935,217
1450,114.18815814214412,22.266561522790266,48.75106756714568,11.767775985016218,10.354967500971652,0.237016294194364,0.21000730580297008,0.8433147408496374,0.0354602419096848,4.56556177687371,116
1451,114.23828880929888,22.308172448325124,41.92203955486928,12.728773396334544,12.078354143279364,0.6249270335164769,0.113070122549467,0.8618874713267862,0.07170264223282953,1.9174519357651567,107
1452,114.1993962038456,22.344241653628927,40.751284961552585,12.08053891972978,11.914789769076561,0.42573093443877935,0.577100672463114,1.189377141553302,0.056006926898808436,5.227163226105446,172
1453,114.1993962038456,22.344241653628927,40.751284961552585,12.08053891972978,11.914789769076561,0.42573093443877935,0.577100672463114,1.189377141553302,0.056006926898808436,5.227163226105446,172
1454,114.1603636643513,22.326587611247128,44.31157632174396,7.233065211095385,12.681840788201068,0.5417261255501602,0.4540257373346894,0.9118494716474354,0.05227629490162371,4.933577858357935,217
1455,114.23220317929326,22.3069645389229,47.63885452633813,8.853996367681594,10.28059518256155,0.23923666298794907,0.22731897782306282,0.7111257436324139,0.05884332721736156,2.7729332852525777,98
1456,114.23220317929326,22.3069645389229,47.63885452633813,8.853996367681594,10.28059518256155,0.23923666298794907,0.22731897782306282,0.7111257436324139,0.05884332721736156,2.7729332852525777,98
1457,114.18627140717372,22.344197797208192,23.641887400885047,24.755840781349807,17.803747249099445,0.1983000797295721,0.1594813364856648,0.5479917586224634,0.044754316221992926,3.4011651884834717,106
1458,114.18015524786608,22.330787635173923,31.770110433641587,12.27623815754898,21.600154701990025,0.19948294447881879,0.15777121973401717,0.898153484625974,0.09196138260625399,4.020656702172666,131
1459,114.18015524786608,22.330787635173923,31.770110433641587,12.27623815754898,21.600154701990025,0.19948294447881879,0.15777121973401717,0.898153484625974,0.09196138260625399,4.020656702172666,131
1460,114.18015524786608,22.330787635173923,31.770110433641587,12.27623815754898,21.600154701990025,0.19948294447881879,0.15777121973401717,0.898153484625974,0.09196138260625399,4.020656702172666,131
1461,114.23220317929326,22.3069645389229,47.63885452633813,8.853996367681594,10.28059518256155,0.23923666298794907,0.22731897782306282,0.7111257436324139,0.05884332721736156,2.7729332852525777,98
1462,114.23331348334642,22.26842144138552,30.485701119458238,16.344986138520415,22.49412183408384,0.27297867668999565,0.10983679029676649,0.6303906440734863,0.05162733572500724,3.1331503832781755,72
1463,114.18627140717372,22.344197797208192,23.641887400885047,24.755840781349807,17.803747249099445,0.1983000797295721,0.1594813364856648,0.5479917586224634,0.044754316221992926,3.4011651884834717,106
1464,114.23331348334642,22.26842144138552,30.485701119458238,16.344986138520415,22.49412183408384,0.27297867668999565,0.10983679029676649,0.6303906440734863,0.05162733572500724,3.1331503832781755,72
1465,114.23331348334642,22.26842144138552,30.485701119458238,16.344986138520415,22.49412183408384,0.27297867668999565,0.10983679029676649,0.6303906440734863,0.05162733572500724,3.1331503832781755,72
1466,114.18603820747668,22.34091971418788,35.05725376847861,15.303746744054525,16.700646727557345,0.3738850211175743,0.1209125426656382,0.8575179150714967,0.08415070132932802,3.6213655978585213,138
1467,114.23906272753112,22.30253705481329,39.77315953347535,9.800544389932908,12.935580757163617,0.21695865642356313,0.0553131103515625,0.6924767058155881,0.05132905853181461,3.80026133714524,113
1468,114.23906272753112,22.30253705481329,39.77315953347535,9.800544389932908,12.935580757163617,0.21695865642356313,0.0553131103515625,0.6924767058155881,0.05132905853181461,3.80026133714524,113
1469,114.18603820747668,22.34091971418788,35.05725376847861,15.303746744054525,16.700646727557345,0.3738850211175743,0.1209125426656382,0.8575179150714967,0.08415070132932802,3.6213655978585213,138
1470,114.18603820747668,22.34091971418788,35.05725376847861,15.303746744054525,16.700646727557345,0.3738850211175743,0.1209125426656382,0.8575179150714967,0.08415070132932802,3.6213655978585213,138
1471,114.15903316716977,22.332195462668427,40.76088669353712,6.1262179493660325,13.948305204114542,0.6975755125954596,0.48533012530555025,1.0115128109547746,0.03049339497260033,5.911577844912289,163
1472,114.15903316716977,22.332195462668427,40.76088669353712,6.1262179493660325,13.948305204114542,0.6975755125954596,0.48533012530555025,1.0115128109547746,0.03049339497260033,5.911577844912289,163
1473,114.23906272753112,22.30253705481329,39.77315953347535,9.800544389932908,12.935580757163617,0.21695865642356313,0.0553131103515625,0.6924767058155881,0.05132905853181461,3.80026133714524,113
1474,114.15282010764304,22.27935656856538,53.41708942995232,12.520931265448446,9.358192882070883,0.5520091442963049,0.40025118380616614,1.1607364072638042,0.03422128278656868,2.9301612839635935,177
1475,114.15903316716977,22.332195462668427,40.76088669353712,6.1262179493660325,13.948305204114542,0.6975755125954596,0.48533012530555025,1.0115128109547746,0.03049339497260033,5.911577844912289,163
1476,114.1500131152668,22.24294451538053,34.73527182633628,16.880660265784474,14.753256261549415,0.26143327706590647,0.0581587203825363,0.8023978082419244,0.04694967558889678,3.643393917918606,99
1477,114.25206452459948,22.26134283983951,29.549392402594815,26.367056961600664,9.462595324144296,0.3447268871550864,0.05259412400265957,0.5899997467690326,0.05916297858488476,2.969877770606508,47
1478,114.25206452459948,22.26134283983951,29.549392402594815,26.367056961600664,9.462595324144296,0.3447268871550864,0.05259412400265957,0.5899997467690326,0.05916297858488476,2.969877770606508,47
1479,114.15282010764304,22.27935656856538,53.41708942995232,12.520931265448446,9.358192882070883,0.5520091442963049,0.40025118380616614,1.1607364072638042,0.03422128278656868,2.9301612839635935,177
1480,114.18649223549686,22.30864436469383,50.54522264398085,6.371336735538552,9.799831817471649,0.739925568947052,0.6484452701403592,1.1911297572478083,0.03754128026598282,4.706829255470489,262
1481,114.18649223549686,22.30864436469383,50.54522264398085,6.371336735538552,9.799831817471649,0.739925568947052,0.6484452701403592,1.1911297572478083,0.03754128026598282,4.706829255470489,262
1482,114.18649223549686,22.30864436469383,50.54522264398085,6.371336735538552,9.799831817471649,0.739925568947052,0.6484452701403592,1.1911297572478083,0.03754128026598282,4.706829255470489,262
1483,114.22194546671906,22.278557378831053,38.202537112765846,13.378085666232638,10.322803497314453,0.33532757229275173,0.165618896484375,0.61357667711046,0.037317911783854164,4.2024137708875875,75
1484,114.2067770266248,22.22155026195464,14.350524990037941,28.40998474208788,22.884889580737582,0.12475923560131556,0.025124385439116378,0.9085479824022314,0.04036892419573905,0.7674348765406114,58
1485,114.2067770266248,22.22155026195464,14.350524990037941,28.40998474208788,22.884889580737582,0.12475923560131556,0.025124385439116378,0.9085479824022314,0.04036892419573905,0.7674348765406114,58
1486,114.2067770266248,22.22155026195464,14.350524990037941,28.40998474208788,22.884889580737582,0.12475923560131556,0.025124385439116378,0.9085479824022314,0.04036892419573905,0.7674348765406114,58
1487,114.22194546671906,22.278557378831053,38.202537112765846,13.378085666232638,10.322803497314453,0.33532757229275173,0.165618896484375,0.61357667711046,0.037317911783854164,4.2024137708875875,75
1488,114.22194546671906,22.278557378831053,38.202537112765846,13.378085666232638,10.322803497314453,0.33532757229275173,0.165618896484375,0.61357667711046,0.037317911783854164,4.2024137708875875,75
1489,114.1876297639411,22.33486010086973,31.59996265536742,17.216583037040603,17.857140554508696,0.30596648023721756,0.13147810815085828,0.9159943307509445,0.04531072338981808,3.9838352113822255,71
1490,113.98986257202672,22.26640014394884,15.934068044026692,35.249623616536454,22.545552571614586,0.06561279296875,0.0031280517578125,1.6000289916992188,0.056427001953125,2.899403889973958,25
1491,114.18514123379374,22.27524918877962,40.57505165321239,15.179453725400178,11.260983563851621,0.33430396646693133,0.023105179054149685,0.9300670761992967,0.06775268609972968,5.398948641790859,92
1492,114.13824222570192,22.2573641274526,44.8422287943696,16.368921122320018,15.475073159590066,0.27632672562558425,0.522881423645889,1.0634468491600448,0.06579483336532897,1.898646286749772,117
1493,114.17706840510591,22.27557450458468,44.50921152332939,12.950941291600227,8.419388542236723,0.8264451019237966,0.6783417841470568,1.7061081485471863,0.06561279296875,5.472339562555827,207
1494,114.17121598258726,22.314351896583663,49.55383107282113,7.003227178601251,8.773853467858356,0.8168970329174098,0.40845629097758857,1.399352412292923,0.05149253900500311,6.1582237050153195,184
1495,114.15879764842852,22.27648559879007,38.18809261252155,22.271224954626064,11.538968942104242,0.36149968157757767,0.19288744245256698,0.9670949244237207,0.053726447807563533,3.717580208411583,182
1496,114.17322503824217,22.31464996348084,42.51337794847385,15.592415614794659,11.135978596184842,0.6950755273142168,0.30155950976956275,1.419527812670636,0.046849507157520585,5.02148700016801,124
1497,113.977965474931,22.38432497381813,33.78273360749595,13.477786993369078,18.292699919806587,0.22969449687207869,0.21947510222084504,0.7484281164968116,0.0736695069533128,3.3212700460711098,156
1498,114.23042947507592,22.31306982181691,36.91316958721177,13.159199002422865,14.305055191748254,0.3066642374932011,0.4556535165521163,0.8665298107807142,0.07035541132029602,3.23541617091698,79
1499,113.99997336653406,22.450155451651405,27.930637238517644,13.010799468509735,21.53140143742637,0.29049373808361234,0.11382148379371279,0.8557885790628101,0.08730994330512154,2.244423457554409,105
1500,114.20229703271065,22.387903894621264,28.143921634054053,10.197492079301314,20.67405185752007,0.2796414798284693,0.07507702535834195,0.6664021284455439,0.06555236732335787,4.358993088903506,121
1501,114.12612384331965,22.3675792638894,39.10918629497563,16.50772007233506,11.895481891223778,0.24753302244600534,0.13548474793040424,0.779931187994254,0.05411445547681336,2.87454150138645,109
1502,114.12612384331965,22.3675792638894,39.10918629497563,16.50772007233506,11.895481891223778,0.24753302244600534,0.13548474793040424,0.779931187994254,0.05411445547681336,2.87454150138645,109
1503,114.12612384331965,22.3675792638894,39.10918629497563,16.50772007233506,11.895481891223778,0.24753302244600534,0.13548474793040424,0.779931187994254,0.05411445547681336,2.87454150138645,109
1504,114.20746127046417,22.290499253319645,49.75850310241966,7.5900684323227186,10.389678729207892,0.6349942140411912,0.26921305740088747,1.2014138071160567,0.04999512120297081,4.87602572692068,152
1505,114.12612384658992,22.36757023335219,39.10918629497563,16.50772007233506,11.895481891223778,0.24753302244600534,0.13548474793040424,0.779931187994254,0.05411445547681336,2.87454150138645,109
1506,114.17320545558556,22.321287451120693,50.91022576663093,9.058123355878587,10.539262483210088,0.9847611496128987,0.5614886988479247,1.4167541490797324,0.07673555223392867,4.8639449876608305,194
1507,114.17320545558556,22.321287451120693,50.91022576663093,9.058123355878587,10.539262483210088,0.9847611496128987,0.5614886988479247,1.4167541490797324,0.07673555223392867,4.8639449876608305,194
1508,114.1767675997104,22.308536285219283,27.774954545462734,20.562821784905626,21.223929357388027,0.21711647686353477,0.2925062601545216,0.8755773921280131,0.0822781813179849,2.6107909053476157,113
1509,114.19346413942732,22.33861632627683,34.09842112876849,22.920011275307427,10.3430522442752,0.5568827552724374,0.3800983535510868,1.1887667565372402,0.10963631741827427,3.144332772082679,179
1510,114.22261556291468,22.280336226719832,47.274837924935724,6.716393257040537,11.98329117338536,0.5617407531163563,0.5648420804413473,0.972659260090686,0.047713708967363315,4.02555268138591,177
1511,114.17194408662246,22.30910513985132,47.5097968564396,9.805011563366154,11.24298140319467,0.6439117892676162,0.29616699813634567,1.4814763506021185,0.08880288047864889,4.47375221326802,171
1512,114.15367454734309,22.33484074502822,36.78699085022121,7.1690399281299895,19.14075401287589,0.5110900767528228,0.14616277096045277,0.8157460938985039,0.06833714580303853,4.381063326721933,137
1513,114.17720435891069,22.31767525346053,38.887765464699605,13.170466911299297,11.842826145147187,0.35445996618998077,0.2069909588184232,1.1434332737475956,0.07537642335580066,4.315773957695058,153
1514,114.17267220674375,22.3014742946292,46.55122017210635,12.905260401951693,9.542356447103888,0.7528457001820051,0.5868559863332433,1.5897634894093127,0.07940128414385973,5.191862358237213,159
1515,114.1679543873142,22.322370919686577,57.304999926318864,2.4061596012550948,7.126177935839788,1.3622772748067498,1.0036526205332856,1.5966875912391976,0.03765718033324638,6.043975864915543,292
1516,114.0215259900846,22.445915268735085,32.441214627997816,13.672976826512537,19.13486347642056,0.4528128453927447,0.3927109592644743,1.2737822717474414,0.08368322091509206,4.053929794666379,215
1517,114.15811855461764,22.27560954968861,38.098665605108415,21.863161224916755,12.888538406555911,0.30542205136463824,0.1784623387348221,0.912779114811296,0.05536826260118599,2.9166508869952468,166
1518,114.18474325909288,22.27249486197059,39.932563569810654,17.08196931415134,11.23171250025431,0.3756130183184588,0.12536755314579714,1.2375085442154494,0.08395777808295356,5.506994547667326,72
1519,114.16798421430052,22.311127827690125,42.71892421523897,5.197264809481036,18.991943150130002,0.43413655835029613,0.46985508185063396,1.371440538709509,0.06787612636045733,4.539973692216619,237
1520,114.19940287562872,22.3856466945066,23.666272721849044,17.758544286092125,21.04365804173925,0.12651134181667018,0.02719002801018792,0.5344803268845016,0.06373551514771608,2.1534756497219876,74
1521,114.2071490827662,22.327759588434944,29.609068928148922,13.995482084201756,20.532297394686363,0.31350090999731284,0.13629734116112627,0.8486088490326132,0.1093068645571169,3.668024715961226,149
1522,114.16076082086384,22.248752656989456,32.12581603124799,13.14746872387796,18.776313954420047,0.258934743119856,0.27466762213059415,0.8069026617356289,0.09093108000578703,4.719894707448199,81
1523,114.1701475659208,22.33112166298772,42.030057421437014,14.07029915738989,13.10814861898069,0.37991272078620064,0.2811683548821343,0.9501324759589301,0.10757931956538447,2.33586761686537,144
1524,114.15408780251998,22.24048879133665,34.72430467605591,22.944064537684124,11.31719708442688,0.14110048611958823,0.2127361297607422,0.914220412572225,0.06406943003336588,3.813086748123169,80
1525,114.18974680321992,22.344685208019943,33.22588530996987,18.987574374167842,13.749948420321434,0.28354577850877194,0.2067465531198602,0.8043064509418076,0.0705666410594357,3.9238176847759045,133
1526,114.0498267611366,22.47595713550418,8.57352066040039,16.057198842366535,43.661590576171875,0.0461273193359375,0.0,0.5665359497070312,0.17434183756510413,0.15404510498046875,25
1527,114.1900856710732,22.335139866499745,23.391548953072387,25.19477625888606,16.130321515529648,0.22621026344170878,0.09295916316485164,0.7809998611809831,0.06751339844983033,3.0533797010428176,99
1528,114.21127453259804,22.288872976090644,45.83568812916114,6.267129550190092,17.15205990293491,0.5475831981474998,0.3116857580668771,1.1051143990122798,0.0752598984436419,3.5070101420084634,159
1529,114.21433886046788,22.28103370879984,38.61239574573658,17.30690797170003,10.92082041281241,0.3359092606438531,0.09176466200086805,0.965500760961462,0.06868927567093461,2.9439992374844017,72
1530,114.19016740525572,22.275871968040715,33.86480981025143,21.976386636927508,13.95218821539395,0.32472472259963764,0.07100312606148097,0.7848490839419158,0.06439098413439766,3.063105845796889,92
1531,114.19016740525572,22.275871968040715,33.86480981025143,21.976386636927508,13.95218821539395,0.32472472259963764,0.07100312606148097,0.7848490839419158,0.06439098413439766,3.063105845796889,92
1532,113.97638056624024,22.243039900383337,18.238258361816406,10.369906107584637,56.943397521972656,0.05040486653645833,0.04415130615234375,0.3404210408528645,0.0631103515625,1.3987757364908853,25
1533,113.97784035283954,22.39719324752601,42.13326643179129,10.530648145589742,14.458665976653228,1.1356798378196922,0.526653324161564,1.2570610991469378,0.09835002658603427,5.292372231010918,148
1534,114.19729877783548,22.34036781821545,33.79488150278727,13.968276977539062,17.702230082617866,0.33828311496310765,0.10993030336168076,1.047330035103692,0.06922324498494466,5.167272355821398,240
1535,113.99956771524003,22.46356516556827,41.852459737232756,8.685759419486635,15.442951520284018,0.4505041099729993,0.3178886004856655,0.7701669420514788,0.08782857940310522,3.1867722670237226,112
1536,114.22539754947712,22.328224738378044,28.95824790846371,18.858537944496103,16.847867830425287,0.24499791733762052,0.10860389006053303,0.7194992498303135,0.0699340874421681,2.6014848803797515,94
1537,114.14715242967672,22.284132837709784,53.43276266556059,13.749977736205325,6.0565134957699795,0.5637008229464185,0.4384780300418394,1.394916406811494,0.04957351775721979,3.385786058797346,279
1538,114.24219038867544,22.266630043601708,34.616296132405594,9.855021794637045,17.872401555379234,0.2717599868774414,0.2012042999267578,0.75206724802653,0.061916987101236984,5.048046112060547,100
1539,114.10646690239032,22.37815569340522,40.751799670132726,15.345958940910569,10.903286789402818,0.2934137980143229,0.19584048878062854,1.2304485205448035,0.06722479155569365,2.9399455677379263,110
1540,114.18113526153068,22.318767898827968,34.99319729981599,15.075197337586204,15.543724283759978,0.2357512344548732,0.2082400851779514,1.2483352496300213,0.071568547943492,3.511208663752049,108
1541,114.0282236830394,22.20360439430393,,,,,,,,,0
1542,114.1886107467478,22.34166908490061,34.4252457140584,15.739520261604289,17.0329579815955,0.2665824683378059,0.15448438442819487,0.7415089180799034,0.08655356843943196,3.9756025402203483,123
1543,114.13596438487993,22.283696936800222,46.01320320076042,13.43946234607474,18.220572482733736,0.5194412800537678,0.3404701784218386,0.9807913453428896,0.05518906599991805,2.664705200906678,143
1544,114.12928671576611,22.34592496355096,30.504289179137256,13.506332310763272,18.37817683364406,0.1721320730267149,0.17827424136075107,0.6765535383513479,0.06686918663256097,1.7232746788949675,88
1545,114.21229520020349,22.334278623318752,33.824471632639565,15.271346496813225,19.473988720864963,0.16243132677945224,0.2787373282692649,0.7119792880433979,0.06891958641283441,4.2645035368023505,88
1546,114.02636599233556,22.443996370891355,49.10926368735885,6.690522281117847,11.450404473813936,1.8200089446211283,1.4600306485606507,2.1318852022334185,0.06997690791577364,5.362759227246309,226
1547,113.9784225556048,22.383837888975147,32.73884760190363,14.161901386905477,18.26752527663697,0.2231567417649918,0.22428503863887703,0.7687359640043077,0.07067009738591162,3.1649023430532517,146
1548,114.03323919401004,22.44859009075514,30.875386902780246,13.058721946947504,23.819163351347953,0.18391782587224786,0.22105881662079782,0.8558102810021604,0.07784496654163707,3.383617401123047,110
1549,114.15458604899202,22.340891356884327,43.24638875325521,8.697042338053384,14.123766581217446,0.46377894083658844,0.3052459716796875,1.3854250590006512,0.051985677083333334,6.475664520263672,125
1550,114.19402700547175,22.337333926067668,36.01854277981652,20.68519708183077,10.516466862625546,0.6255128317409092,0.44588910208808047,1.3184342119428845,0.10988083150651722,4.3472011884053545,192
1551,114.2146041594719,22.32942868046413,32.4650239944458,8.087033695644802,19.7624937693278,0.17589065763685438,0.22857348124186197,0.9584516949123807,0.06925000084771052,2.1892733044094514,120
1552,114.17340962971318,22.30708232140753,42.83858552036515,9.513368568267207,14.781134195595861,0.6740269411998581,0.43610032782497177,1.273042418391829,0.081689290732265,4.355904376171679,166
1553,114.17895158738553,22.329288578670624,32.39346379819124,12.353653838669045,22.63284167229841,0.21935730164753645,0.035107654073964,0.930431384395286,0.1004140734096656,5.186965960811302,138
1554,114.1652549950344,22.335410912367955,36.3132748552548,11.752496996233543,16.350443388826104,0.4446560336697486,0.3204084211780179,0.8858562797628422,0.035901223459551414,5.817495366578461,124
1555,114.13753479562703,22.49660975569036,22.27488717915099,23.1111255692847,21.122354107138552,0.2781561863275222,0.13080455638744212,0.9315245828510801,0.06791479793595678,3.720407368224344,135
1556,114.17412726272596,22.335420333862025,36.16248506488222,14.512556249445135,15.030033997815066,0.5107361379295889,0.023588700727982956,0.9443874551792338,0.07911874790384313,2.392767896555891,165
1557,114.16406200361637,22.324655399056603,51.672696848025275,3.66333139353785,10.027358285311994,0.5976755865688984,0.5526283965713676,1.1550729028109847,0.053231688751571485,5.544023842647157,290
1558,114.1270531611484,22.511488934574288,16.821247686154,25.669559095271683,21.956259611422425,0.10359123270347637,0.07273356119791667,1.3145567878844246,0.07618697232039516,5.400118247541801,63
1559,114.1878808275939,22.31810834594752,54.04459160951833,2.971764781186435,8.759558853225327,0.6287785114142828,0.7092934540452848,1.2290614556712693,0.03998030477495336,5.925744089914199,201
1560,114.18531869386312,22.32172073785801,44.374782160708776,10.795946957772237,11.38096391108998,0.43364641959207095,0.19977502655564697,0.9684448911432634,0.0381369339792352,4.938684095416153,95
1561,114.18567779844544,22.32136852556986,47.64358867298473,8.574116735747365,10.43468677636349,0.5604891343550249,0.376041874741063,0.9084999200069541,0.039572282270951706,5.120690085671165,110
1562,114.19473953659484,22.29185574959244,52.81251347254194,3.315469953748915,8.128035636175246,1.1375389401874845,0.6916674356611948,1.5319105178590804,0.04325821286156064,6.14441160171751,84
1563,114.25001936595812,22.26510052514063,34.86773898404183,13.523838290698844,14.26440181348148,0.3984598505416972,0.24635007717465393,0.8153595380335046,0.11649590477314038,3.746687699217657,149
1564,114.1534610738005,22.33435306322755,39.02022023221631,5.936530142119437,19.11213986285321,0.34401344530510175,0.21726806442458907,0.8991674943403765,0.07643864784405861,4.214670751001927,154
1565,114.13805919148336,22.25265007718169,31.013223716804575,16.4595518026266,17.741490484357957,0.4112589466679203,0.07360991056974944,0.7293239370122687,0.06789001258643898,4.455567909790588,148
1566,114.18629826555832,22.310640139889795,47.77891415136832,8.562670077806638,11.61227255691717,0.5265131408785596,0.3097228062005691,0.9054644608203275,0.040036660653573496,4.303485964551384,216
1567,114.19278209245512,22.3163108491044,41.71620072989628,4.953933584279027,14.302851413858345,0.3251160698375482,0.20974148278948904,1.2533631818047886,0.07510294859436738,7.156893302654399,116
1568,114.18725091708257,22.3311937104872,38.12511600343521,11.584402612373655,17.079216746960658,0.5718492518710551,0.5553310200319452,1.1879991003349002,0.055397163003177964,5.521453706558141,118
1569,114.25001936595812,22.26510052514063,34.86773898404183,13.523838290698844,14.26440181348148,0.3984598505416972,0.24635007717465393,0.8153595380335046,0.11649590477314038,3.746687699217657,149
1570,114.15665527902132,22.33017233397338,34.63203813776623,10.17222164729454,18.62345487711816,0.2715776752493235,0.27365444758750873,0.9013952045689305,0.05842862404480549,4.267169021805349,179
1571,114.20700617326996,22.34025793431673,24.087757017554306,20.39067376919878,20.195626437179442,0.24652132173863853,0.2180332090796494,0.9483321895444295,0.08816990425916221,2.791022479049558,82
1572,114.15820053339664,22.242692800411547,34.865364944725705,16.87195660775168,13.764610959772476,0.24901741429379112,0.3626773231907895,0.9309039199561404,0.04774461712753564,6.384228823477763,95
1573,114.17925233993918,22.320384414262666,42.87418637956892,12.866159206098157,13.186849471698388,0.3013316642176784,0.6041287882234246,1.0262734154489963,0.0398876750938147,3.2674984902328585,161
1574,114.17944646842234,22.32079981853097,42.13429374928854,13.645900929144798,13.389865508596344,0.29723571122058334,0.595425486808418,0.8991510590161282,0.04013194140724854,3.1807062816034795,163
1575,114.1879973168266,22.31834313345464,53.96566342084836,2.90248789338984,8.742921780317257,0.6368030645908453,0.6935320145044571,1.1964664296207266,0.04316085424178686,5.991669679299379,195
1576,114.22449097048734,22.31683743482856,45.2378048040928,9.652788700201572,9.424279856885601,0.9770082000993255,1.0633551768767529,1.4481919443505442,0.051019782693977035,6.574491028092866,195
1577,114.06104042655504,22.44033151501674,16.076421066069265,18.612090634628082,32.952818176556086,0.11586292248936328,0.19048234106789172,1.0517330796505924,0.08244626398937242,2.3054955710827465,71
1578,114.11147762629436,22.50183891879384,22.65916201803419,25.67250794834561,24.709207150671215,0.125962495803833,0.29346346855163574,1.1028905709584553,0.09172625011867948,2.7746081352233887,96
1579,114.14106800804234,22.28534171614292,60.94450876447889,6.888344870673286,5.591049830118816,0.8031249576144748,0.7301719453599719,1.8616720835367842,0.04291428460015191,3.6870652304755316,300
1580,114.14106800804234,22.28534171614292,60.94450876447889,6.888344870673286,5.591049830118816,0.8031249576144748,0.7301719453599719,1.8616720835367842,0.04291428460015191,3.6870652304755316,300
1581,114.14106800804234,22.28534171614292,60.94450876447889,6.888344870673286,5.591049830118816,0.8031249576144748,0.7301719453599719,1.8616720835367842,0.04291428460015191,3.6870652304755316,300
1582,114.14106800804234,22.28534171614292,60.94450876447889,6.888344870673286,5.591049830118816,0.8031249576144748,0.7301719453599719,1.8616720835367842,0.04291428460015191,3.6870652304755316,300
1583,114.17586487817329,22.32835843951428,30.838518280913863,12.585045081981715,22.64352079750835,0.21495100380717844,0.024928217348845108,0.8101853080417799,0.09769881981006567,5.910462918488876,115
1584,114.13674332475236,22.34236893776056,37.56152625776763,12.85499996609158,17.780833774142796,0.3704445993798411,0.08883843055138221,1.05133912502191,0.04676020043527978,2.532876658643413,78
1585,114.22750788640646,22.31244764970642,51.258785762484116,9.214532942998977,8.369407388899063,0.7121591340927851,0.3476702977740575,1.6436826615106492,0.054374195280529204,4.395014899117606,168
1586,114.16215977212276,22.322650447208776,52.60678080974724,8.077919582031654,8.196548917400305,0.5783947743784333,0.5335749282963438,1.3012897118209408,0.07384127843043896,5.498170299118826,201
1587,114.19658180410936,22.350129948459767,27.98374970753988,24.635944896274143,15.120027860005697,0.23615360260009763,0.1165061526828342,0.6165504455566406,0.0489913092719184,3.1572177675035267,60
1588,114.20662668626998,22.33603169642996,37.37702709631653,8.836627879354078,19.69738447597261,0.5541358609649717,0.44782781876580563,1.0117675987052548,0.11506898325073006,3.561794780812052,173
1589,114.15002479890668,22.28348313175569,56.90960900708773,10.179950191307288,6.2429659596442075,0.8069077158361916,0.6200416024415197,1.3860644917593323,0.06854182474843024,3.8953402316528756,287
1590,114.19392261964204,22.27725330432509,48.950049591064456,8.649935404459635,13.618061065673828,0.34887491861979164,0.4750035603841146,1.0700113932291668,0.01640116373697917,5.293317413330078,125
1591,114.17550588027062,22.312898061605534,30.610883558118665,25.93971515918995,11.658884168745159,0.28850223209048886,0.09749071734087603,0.760198427034212,0.08377785439247842,2.3505448579072232,111
1592,114.02928302006217,22.210721546676066,,,,,,,,,0
1593,114.18231007834405,22.329008551841312,38.7067588334231,9.844081917988884,16.758512385522376,0.28527512173472397,0.15549020668894975,0.9440648187067091,0.08714027011517397,3.9242921416292487,97
1594,114.18177617052866,22.327789440106777,39.786603234030984,9.989969080144709,15.443287473736387,0.26579943570223724,0.13756491921164773,0.9577204964377664,0.08352915445963542,4.091650355945934,110
1595,114.16830507664211,22.30150121581369,45.09081737969512,14.50169599184426,13.29564868762929,0.5142632351126722,0.1422133497012559,1.430774760502641,0.11163116783224127,4.308650314166982,124
1596,114.16830507664211,22.30150121581369,45.09081737969512,14.50169599184426,13.29564868762929,0.5142632351126722,0.1422133497012559,1.430774760502641,0.11163116783224127,4.308650314166982,124
1597,114.1812034759668,22.32752756959403,39.47506125913848,10.24004472505062,16.595011894856025,0.23361521029691085,0.11510411533740682,0.9436968998806923,0.083301555855194,4.708056785280188,109
1598,114.17931047626254,22.314731259969328,39.763840260329076,11.852329527890241,12.497045154924747,0.31499067942301434,0.21851680896900316,0.9746783309512668,0.07983048756917317,3.9208659419307006,144
1599,114.19452164029283,22.33390225385876,41.86094120295361,10.771042409569326,14.884012556236604,0.5798969204578336,0.41738889032742804,1.077137250290174,0.05944666236337989,4.827760124848748,198
1600,114.22324006429793,22.320287484361728,37.542764602168916,11.339035341816563,15.679613749186197,0.3663714214037823,0.20853165657289566,0.7665111172583795,0.0895889856482065,2.514024447369319,62
1601,114.21761043967656,22.319846499003724,40.502765851143074,14.477094320150522,11.39017649185963,0.3761673584962502,0.29298495023678506,0.8305824719942534,0.0749826431274414,3.6993696139408994,104
1602,114.18028137195398,22.32819585514141,36.44469789430207,10.056868955200795,19.667720794677734,0.22989932228537166,0.09281354791977826,0.9439833023968864,0.09319829005821077,5.178219898074281,136
1603,114.18134080957162,22.372364298932823,32.163526339408676,10.033545127281776,22.62857901744353,0.3333236009646685,0.10877413627428886,1.1039738777356272,0.07330478766025642,1.7933058127378805,130
1604,114.17341868256494,22.33392124462654,34.877220067110926,16.859804741059893,14.933491234827525,0.3194522376012321,0.14016989505652225,0.7118677852129695,0.06292034881283538,2.071794114931665,132
1605,114.17267220674375,22.3014742946292,46.55122017210635,12.905260401951693,9.542356447103888,0.7528457001820051,0.5868559863332433,1.5897634894093127,0.07940128414385973,5.191862358237213,159
1606,114.19054456178206,22.262958107490075,27.481378760992317,20.37391428853951,20.353278459287157,0.06904508553299249,0.003595913157743566,0.8672223371617934,0.06060413285797717,2.9676329855825383,68
1607,114.19053490104749,22.263382549168423,29.003242890997587,20.55182208019088,18.49720813184378,0.09236661305868003,0.02274570694888931,0.8385727204472185,0.06102673021186307,2.7326288950969895,83
1608,114.17878644298946,22.319869676714603,41.66617156765985,12.601103850290283,13.445161082220418,0.34808114910802096,0.5714835850059564,1.1729563381654995,0.05513590278354943,3.5782359170575515,188
1609,114.19475450491252,22.333098506779866,39.113354645257495,9.847324305047731,18.16269240296471,0.5337317407978655,0.35466258936395395,1.127528390989861,0.058784002753042304,4.409528644917324,211
1610,114.18518928463354,22.267446706702813,53.15243483595707,9.925745911739043,8.212019119584612,0.38772534720505347,0.36871463437623614,1.057736078898112,0.04385815391057654,4.655021152415859,158
1611,114.2026581134541,22.29217978501769,46.75477435331389,5.2751657548644735,16.205154562220326,0.6129484221409184,0.39582648001179827,1.1819769332479797,0.06213270256030541,5.658722670052159,213
1612,114.11367234590053,22.225712945536884,,,,,,,,,0
1613,114.19182117159748,22.315832319091363,43.54255671100565,5.194305275190814,12.873030354983115,0.3831648891211202,0.33642631882251434,1.3094511781604632,0.07367999896124451,6.870770389794657,123
1614,114.08674051671876,22.431597389518764,26.26740038394928,18.265565236409504,30.925244092941284,0.2874453862508138,0.045990943908691406,0.5316873391469319,0.05789796511332194,2.063930034637451,32
1615,114.210557613077,22.33413450501371,39.72537737934529,11.86082022530692,17.5066464421462,0.7509792552274817,0.5914458373681504,1.2028119811156885,0.09636812183369442,4.645358547777021,119
1616,114.17591347984671,22.317837802035307,41.95799008166074,12.942009485533028,10.462038660148163,0.472749390217088,0.2639359815767339,0.9563840941119144,0.04257849778201022,4.7016513026772575,161
1617,114.1925023591152,22.331834459034603,31.3203999011985,12.396497284339752,20.43171434212994,0.28341474385714166,0.2592987835275679,0.8374079436919021,0.06470353924412336,4.36706921912187,151
1618,114.18569777560842,22.33030880587881,42.77801821308752,7.964228216465229,16.444393554468736,0.4654621137940328,0.38872448774221546,1.099811061736076,0.04322434838954694,4.758442089121829,93
1619,114.24519712925458,22.26461497105982,35.15772495140023,10.861255360298415,15.662232548201164,0.22198845740078257,0.09257258201132015,0.6500623664077447,0.05042212350027902,4.957689882135716,98
1620,114.18802229169586,22.26633576588289,48.8841380243716,11.279828721198484,10.707927372144615,0.233369080916695,0.16339343527088995,0.8692398624143738,0.046648771866508155,4.486262556435405,115
1621,114.13440186605796,22.25236018234622,36.865430460511256,14.498366617133517,18.132498083334944,0.41325509351472256,0.08982164238152332,0.6962961883041331,0.06444824017313841,3.4718579585009284,101
1622,114.1872130325317,22.343926822594657,24.751328754157917,23.675205861153056,18.032490973379094,0.20430001224122463,0.15377237015411632,0.6635083537809655,0.04957343349937631,3.657307611460111,119
1623,114.14081614195744,22.28367099359605,54.33156701987313,12.767877051578694,8.23215056504037,0.5958651378126799,0.4644037690793649,1.7168463574382327,0.03747412906819252,3.0368242631206166,199
1624,114.17591347984671,22.317837802035307,41.95799008166074,12.942009485533028,10.462038660148163,0.472749390217088,0.2639359815767339,0.9563840941119144,0.04257849778201022,4.7016513026772575,161
1625,114.17591347984671,22.317837802035307,41.95799008166074,12.942009485533028,10.462038660148163,0.472749390217088,0.2639359815767339,0.9563840941119144,0.04257849778201022,4.7016513026772575,161
1626,114.20464660776976,22.287917000729166,29.017475737092642,29.241935747889848,13.492429760140434,0.13958836945009903,0.000580263809419014,0.5856625910655994,0.05014222552518889,1.4574404613512784,71
1627,114.15578409408327,22.249194591893488,44.7778119980914,13.412061527340166,11.558033885196068,0.7210113717325077,0.5772502667249123,1.6988794258805437,0.07590367859014674,4.030015733506945,159
1628,114.13527474679498,22.25317316782303,34.77563997458296,16.198456635949206,17.7791500649257,0.37226398088778667,0.08217549463461715,0.6596927754363121,0.0651894954212925,3.1016913073801855,114
1629,114.14081614195744,22.28367099359605,54.33156701987313,12.767877051578694,8.23215056504037,0.5958651378126799,0.4644037690793649,1.7168463574382327,0.03747412906819252,3.0368242631206166,199
1630,114.15179073862612,22.284016221059023,61.14976934138561,5.128712302086337,5.13811164787685,1.2703009099768314,0.8734052346590115,1.824873939189868,0.051991891540936974,4.780463404303428,298
1631,114.13875654926996,22.25686756235308,35.57505252314549,19.811209884344365,16.49256949331246,0.3580276638853784,0.27692458208869486,1.029992945053998,0.06928911396101409,2.3846903034285,85
1632,114.19139297344408,22.304778898327864,45.43220868674657,8.863687207621913,11.61922352288359,0.583720463578419,0.29820965182396675,1.2142142429146714,0.11358712309150287,4.840205818094233,155
1633,114.21730902509086,22.318013364046774,45.025858590942136,11.710999211837443,11.57231451707509,0.2924664443464075,0.38146563673112355,0.8399749592266119,0.07675237822950932,4.612662220558924,171
1634,114.2199691330256,22.320288387622984,39.18591667624081,12.842773923686908,12.091933044732787,0.22742608014275048,0.20599926219267004,0.5754414726706112,0.05732611113903569,2.3439178279801913,68
1635,114.16076986042516,22.33947428825734,25.840103828300865,18.351613330302264,20.848127677615757,0.2699620306155102,0.17919702044988084,0.6978242410778326,0.07166646968173442,3.8530155763787737,118
1636,114.19446379582573,22.33706296189344,37.98823138784031,19.031744600350887,10.569674270810612,0.6642801507475412,0.49012050209109953,1.2913628076337114,0.09716021026249869,4.612657705135959,197
1637,114.186900005202,22.310739440289368,50.2831277188596,7.295609666062547,10.538449158539644,0.5818670576399153,0.38982540279537353,1.000255006211656,0.03820768705717436,4.706521220393368,222
1638,114.12413663845338,22.28150811587723,34.48674092527296,12.472099554343302,27.767095930589356,0.14345242026073687,0.10475721515592981,0.9212379247113005,0.04411812037066684,3.4457352643455965,61
1639,114.17377917871548,22.272296352082662,43.59818091284495,22.8527964125945,6.8770735780783845,0.6293201137900739,0.3240245831437095,1.3344286329152126,0.035458166622421114,5.067207743820635,103
1640,114.14664748551716,22.285812442107385,55.856556472954935,9.838883413208855,4.830298048478586,0.7335744522236012,0.8524924516677856,1.5940625358510898,0.06702487115506774,4.0850426311846135,288
1641,114.19554454835396,22.288658816972827,50.62942525796723,7.71068480976841,8.953506904735901,0.9458960148326139,0.4717011200754266,1.3233483883372523,0.03615722321627433,4.751630624135336,152
1642,114.1583436853988,22.33443496898126,41.48504163464929,4.1070891241742,15.72813233758649,0.5394623829768255,0.4647552457630124,1.02691222459842,0.0291744867960612,5.145872760022807,156
1643,114.14886027094931,22.284033803942897,55.20440780656949,10.58077887883262,6.122759842818556,0.7754845954393312,0.6046626032615194,1.4244624546595983,0.06173019236177543,3.864100406499677,294
1644,114.15347979046862,22.28016942216103,57.36253812331561,9.283193543899893,7.8041836642479705,0.8068562293237495,0.42895649754723836,1.3874244689941406,0.03503222798192224,4.084220560946206,215
1645,114.15347979046862,22.28016942216103,57.36253812331561,9.283193543899893,7.8041836642479705,0.8068562293237495,0.42895649754723836,1.3874244689941406,0.03503222798192224,4.084220560946206,215
1646,114.22963899227892,22.27571040764336,42.032164693530135,13.28879913997129,11.046187864626694,0.7085281643059737,0.7952721392522093,1.01585492410295,0.10536120888965377,4.472784917862689,122
1647,114.28661022867658,22.30728000510575,21.00297768910726,29.608084360758465,25.19649028778076,0.054124196370442704,0.0,0.6733258565266926,0.08823076883951822,2.045879364013672,20
1648,114.28661022867658,22.30728000510575,21.00297768910726,29.608084360758465,25.19649028778076,0.054124196370442704,0.0,0.6733258565266926,0.08823076883951822,2.045879364013672,20
1649,114.23685934474614,22.30161676278884,37.297196239590356,9.02656468270208,16.925525665283203,0.22068595428832713,0.20176592490655912,1.0125885192724728,0.06997819712979615,4.114100687223658,139
1650,114.23693412255084,22.317609931228883,30.228025581580134,10.871957043024498,19.822969461676326,0.24802065271092208,0.1639103326271838,0.7229084105003537,0.053947428705811186,3.4460610917859817,127
1651,114.16499357762636,22.327427859933525,49.414522802145626,4.363034612820989,10.007196992308229,0.9600128155197125,0.5324314802120893,1.292954376183441,0.041517320570054944,6.097912002395797,273
1652,114.21554223832132,22.281638478888443,38.688122784649885,15.010717886465567,10.429589306866681,0.23488751164189092,0.09162055121527778,0.9042231241861979,0.06496076230649594,3.1464053966380927,90
1653,114.16506223514077,22.318939110256864,49.034123900551464,7.70294096484874,10.780793166010634,0.9562462380847092,0.697957194826138,1.3524559308897774,0.07647943196806518,5.127254821969277,212
1654,114.23113560684082,22.28182365516064,41.14825875909479,10.762485870727904,24.6724993616969,0.24043733293229752,0.5715121020067919,0.897474546690245,0.029573354635152732,2.9099848177339935,111
1655,114.13733215477498,22.28520539077148,53.32902788418774,7.28463359743531,13.309296111614387,0.6519685711777,0.4883057889882584,1.367114580165573,0.06006447195309645,3.314167156554105,228
1656,114.1677692905859,22.332891541217684,42.45357868613699,9.587535289856753,14.168242768868387,0.5321080014248355,0.2997488948885955,0.9230835699724309,0.06637768594468328,4.176320621199226,179
1657,114.20602469079394,22.33529129879216,36.25804613798093,7.709351411232581,21.43942285806705,0.49023261437049287,0.46294652498685396,0.909673097806099,0.09861710744026378,3.3707146461193385,208
1658,114.20198826163995,22.34482825865248,40.509268667845596,15.962286755047014,10.944840479037753,0.6164924936660272,0.2666687191763459,1.1984462231661366,0.07071030878387721,3.9706005107688345,113
1659,114.12205379132736,22.272847044634613,19.420674761886115,30.096261606276414,23.87270477582824,0.31380203534971995,0.01339462568175118,0.5663805787668289,0.03385723761792453,1.2908713622663006,53
1660,114.16900530284796,22.27480671170761,49.037372786114474,17.919218484224846,4.490634980895709,0.6999371756970043,0.4405975341796875,1.2460249690382694,0.022166883441763863,4.363136784011768,142
1661,114.14786075277088,22.33135400675956,34.97912454175519,9.245991706848145,20.115907342584283,0.07528313645371446,0.28413308633340373,0.6527950097848704,0.060372739224820525,2.491363963565311,148
1662,114.2229569603547,22.315329768873045,52.385038004981155,5.994155009587605,7.6126029756334095,0.98165233929952,1.0887198978000217,1.524545086754693,0.05175643497043185,7.28040470017327,240
1663,114.1375648168358,22.286009173302165,52.9253644127828,6.043479758715247,13.51118832272668,0.6145619105229148,0.46661807111057063,1.3297574966222674,0.05915215171993591,3.5016538485275324,269
1664,114.22646810436711,22.281310403168952,43.766526865765336,7.027227897954182,16.620359963517846,0.38687872692821473,0.20895779617433627,0.7928960691622603,0.07569479748485533,3.03321078540833,164
1665,114.17615619702474,22.303099856900264,40.11675583924486,13.51504325866699,12.474660246584897,0.3471193179278307,0.20369587929595803,1.140784545683525,0.07728366224978452,4.979859831187646,142
1666,114.17615619702474,22.303099856900264,40.11675583924486,13.51504325866699,12.474660246584897,0.3471193179278307,0.20369587929595803,1.140784545683525,0.07728366224978452,4.979859831187646,142
1667,114.14440646155457,22.283563382689824,49.6817996359279,18.292400490524425,6.948263054220084,0.35649372981144833,0.2946362943730803,1.2874313093658187,0.03736447065304487,2.5062019804604034,195
1668,114.1889308101412,22.33837290272661,34.0424622763486,19.16013151954791,14.512524141727157,0.46291351318359375,0.10774717556210014,0.9538643003448727,0.10117433202548291,2.8683387075509303,127
1669,114.17738850956955,22.25239281012356,16.002353891596066,26.161231650962485,21.55678078934953,0.08547069790127042,0.12179194269953547,0.6890039186219912,0.08459520769548846,2.579873746579832,74
1670,114.1388945227788,22.28488066064523,56.496505108144554,6.632286144627465,10.91483169131809,0.6467502978112963,0.6602966123157078,1.3987400465541417,0.049770871798197426,3.8677473862965903,192
1671,114.1874119704732,22.278617485921103,48.999912377559774,10.82490299687241,8.59437711311109,1.0219016219630386,0.5431527802438447,1.1751091119014856,0.06559545343572443,4.876886859084621,220
1672,114.15655147311192,22.242313314621043,35.6436009992633,17.933691832654755,12.051290258727873,0.2552919220506099,0.40763673328218003,0.9806085648692042,0.05499139465485002,5.406615847632998,133
1673,114.17501072532374,22.32628139747172,37.95856801735587,11.52036223424917,16.483764755291766,0.4917751173345315,0.18146685859402356,1.100698305445225,0.06672247451226584,5.939605189304727,119
1674,114.21485395189195,22.28404982075338,49.94942877027723,8.24782798687617,6.096108588907453,0.6295684311125014,0.15501429637273154,1.0959441463152568,0.05192756652832031,4.803877903355493,192
1675,114.1805917318982,22.318849187704203,35.910038120490455,14.513186777918792,15.478795422010185,0.2527546948309444,0.2502630564792097,1.1857573979485458,0.06857627679493801,3.5536474432827023,121
1676,114.26958917381432,22.38324665159262,26.988460078383937,20.39997625832606,24.232219445585002,0.41577262107772056,0.34436794242473556,1.2508021460639105,0.09002613298820727,4.3664282018488105,132
1677,114.14202417303444,22.53728358906552,0.8704503377278646,42.00781716240777,25.671005249023438,0.5008697509765625,0.0,0.28705596923828125,0.23180643717447916,0.3869374593098958,3
1678,114.16216953586128,22.322099582047613,55.24106050148988,7.144933847280648,6.956590831789195,0.5704043461726263,0.5158960717356104,1.3476909735263922,0.06596426678518964,6.510265708988548,195
1679,113.86167441634672,22.25436296777452,36.15735526976547,8.491878199383494,34.25005315765132,1.2185492166658727,1.1366200640918762,2.391042941954078,0.1428642893225197,1.579632797861487,41
1680,114.17233246402152,22.30388545923253,49.79535314113704,8.563455340778358,8.29865236460052,0.8985908381933999,0.3292703727264088,1.4887697208001747,0.0583166908279956,5.796785532317546,161
1681,114.2230327945271,22.280309016615888,46.99036948701255,6.874299823728383,11.894747090135885,0.6215309077857907,0.5194284161950787,1.007354931953626,0.054269285283537,4.009146242060212,195
1682,114.17016699492316,22.33079656285144,41.04687571525573,13.950759172439577,13.703936835130056,0.4059299826622009,0.22088736295700073,0.8980299035708109,0.12251536051432291,2.4444003899892173,128
1683,114.21771710042538,22.31948524843529,41.12829593343472,13.685152071331618,11.166450663808654,0.3540712759035443,0.425836288965441,0.9110873627735571,0.07191754262381737,4.079559746138546,109
1684,114.23834272912526,22.276149845199203,33.258815178504356,11.160152141864483,24.69204927102113,0.3203543638571715,0.2164009289863782,0.7433265294784154,0.08136260203826122,1.5752244606996193,65
1685,114.12558696591208,22.3754085676342,34.36773740328275,27.599145728589853,11.509568001324439,0.3839688423352364,0.13375544286036228,1.3010831979604869,0.12822902246272608,1.6670027931967937,91
1686,114.16773071019276,22.329080633668777,47.18837948561241,7.833724411381263,10.84948828151947,0.7666564671935361,0.6148237266287898,1.3368452884766702,0.03870780894298427,6.1257694993850675,151
1687,114.16773071019276,22.329080633668777,47.18837948561241,7.833724411381263,10.84948828151947,0.7666564671935361,0.6148237266287898,1.3368452884766702,0.03870780894298427,6.1257694993850675,151
1688,114.16773071019276,22.329080633668777,47.18837948561241,7.833724411381263,10.84948828151947,0.7666564671935361,0.6148237266287898,1.3368452884766702,0.03870780894298427,6.1257694993850675,151
1689,114.16773071019276,22.329080633668777,47.18837948561241,7.833724411381263,10.84948828151947,0.7666564671935361,0.6148237266287898,1.3368452884766702,0.03870780894298427,6.1257694993850675,151
1690,114.07710526811552,22.49838073080453,14.727884999821695,27.908776672591873,24.156775456689267,0.22294941019922607,0.15853496080034235,0.9742436784037044,0.08199206005767937,3.9424642641446117,89
1691,114.16856652801724,22.311299439867582,44.99253116587483,4.6655806284102175,16.08583990228239,0.5365742577446831,0.4736198950066137,1.403625932320085,0.06650011375467614,5.302076617245952,252
1692,114.17599138720942,22.27411153830877,43.0533828423311,17.174126131646716,8.099890047787158,0.9688373479862641,0.6385824675452734,1.5701303696583628,0.07474310315216001,5.7813199751216215,163
1693,114.16886739415268,22.311326546726665,45.86496606017604,4.553044564796216,15.289247156393648,0.571720287053272,0.476528899838226,1.4078378677368164,0.06657200630265053,5.418033551688146,264
1694,114.19388183654613,22.34094617033989,39.949624500577414,13.124345681864957,14.139683368555032,0.6640585642012339,0.6550141322759934,1.1911165146600633,0.1517011585269235,3.4823861702409378,189
1695,114.1716820036344,22.310224926792625,47.16266937540007,10.74717466613656,10.393736393536045,0.699645314136697,0.41588085323738655,1.4741345268832016,0.0859507413327805,5.443248358074736,179
1696,114.1526562143399,22.329584799005087,29.642319898798544,9.995162640706829,23.879204358404735,0.1354695244608224,0.16628988979051568,0.7031849954229253,0.07604700864788357,3.022687957651269,181
1697,114.02384021139464,22.443984966446564,39.95631826393921,10.121462763851262,15.844563514955583,1.025973084152386,0.8230093132210461,1.4483930389513677,0.09656054999238702,4.9007740499298205,186
1698,114.13150746873002,22.50272174782184,25.88778141040157,27.004558913373717,12.67017527286941,0.8351992485795812,0.3616239329659036,1.0882072018732387,0.07005252315994238,3.0659075136537908,207
1699,114.2269515781961,22.27656013954724,43.98801434147465,10.582154076378625,12.47615943083892,0.7735808690388997,0.6535671852730416,1.002909686114337,0.07726738044807502,4.297752852912422,148
1700,114.17267220674375,22.3014742946292,46.55122017210635,12.905260401951693,9.542356447103888,0.7528457001820051,0.5868559863332433,1.5897634894093127,0.07940128414385973,5.191862358237213,159
1701,114.24170063112965,22.298634797357824,31.526556597069398,22.14608931205642,11.80849164864267,0.1291279501758271,0.18851589149152728,0.8267371307516321,0.053397702499174735,3.2366282503369828,71
1702,114.24170063112965,22.298634797357824,31.526556597069398,22.14608931205642,11.80849164864267,0.1291279501758271,0.18851589149152728,0.8267371307516321,0.053397702499174735,3.2366282503369828,71
1703,114.24170063112965,22.298634797357824,31.526556597069398,22.14608931205642,11.80849164864267,0.1291279501758271,0.18851589149152728,0.8267371307516321,0.053397702499174735,3.2366282503369828,71
1704,114.11095678737406,22.369975924191905,41.165049992141526,9.328050467804188,15.222525293287125,0.543189109433395,0.5143697025211713,1.3166400919130439,0.08580933393716204,3.867538224043131,262
1705,114.11095678737406,22.369975924191905,41.165049992141526,9.328050467804188,15.222525293287125,0.543189109433395,0.5143697025211713,1.3166400919130439,0.08580933393716204,3.867538224043131,262
1706,114.1342801214113,22.49350247232245,22.224173512492147,25.338134676704318,20.916196294042056,0.14370071304427995,0.06119254585746285,0.5752214462884935,0.07275178993776406,1.3981992548162288,143
1707,114.27637760847064,22.384479797456315,12.44953230949445,20.921790128373832,30.68657244666148,0.2151543137717382,0.05638639805680615,0.8419176952987069,0.10082600480419095,2.0970861790543895,59
1708,114.1342801214113,22.49350247232245,22.224173512492147,25.338134676704318,20.916196294042056,0.14370071304427995,0.06119254585746285,0.5752214462884935,0.07275178993776406,1.3981992548162288,143
1709,114.22824840373433,22.4261147813498,29.394250445895725,16.99448938722964,19.215093895241065,0.779982672797309,0.15355428059895834,1.017406604908131,0.16130588672779222,1.828910333138925,90
1710,114.2259048666117,22.280037254830777,46.377174143205615,6.74045345239472,13.959191138284249,0.6161719874331826,0.2260281746847588,0.7954187560499759,0.05144336767363966,4.029551556235866,190
1711,114.2259048666117,22.280037254830777,46.377174143205615,6.74045345239472,13.959191138284249,0.6161719874331826,0.2260281746847588,0.7954187560499759,0.05144336767363966,4.029551556235866,190
1712,114.2259048666117,22.280037254830777,46.377174143205615,6.74045345239472,13.959191138284249,0.6161719874331826,0.2260281746847588,0.7954187560499759,0.05144336767363966,4.029551556235866,190
1713,114.16685782254532,22.31909275074124,51.91841871842094,4.611807145934175,9.754809089328932,1.1673384127409563,0.7279613052589307,1.6877014049585317,0.050474802652994796,5.436445042706918,230
1714,114.00610413420668,22.45760311588904,23.77187318699334,11.17023693617954,25.82083302159463,0.14945901850218415,0.015091434601814516,0.6829393038185695,0.07825133621051747,2.5096714881158646,155
1715,114.26043338010705,22.31999262422472,26.24074646404811,24.566270340056644,14.833042167481922,0.2736551421029227,0.22884607315063477,0.6599253132229759,0.0637556825365339,1.1034568150838215,112
1716,114.02088609122364,22.44477681762476,26.213855875862972,15.838808980253008,21.475272542900512,0.3611084487703111,0.18118818600972494,1.077572504679362,0.08075767093234591,3.2343332966168723,192
1717,114.25543728846394,22.324456232601023,38.17074291947959,13.238134522368943,11.304899022199105,0.462665005006652,0.034964188285495926,1.302658578623896,0.10182090427564537,2.5630337259043823,115
1718,114.26757400629324,22.315365123761584,34.2089154209871,15.579714684628534,13.523968642320092,0.22702772765947876,0.29173129942358994,0.6466643273991944,0.05537410415608063,3.1629125600261747,123
1719,114.00498925448652,22.44776780870417,30.31408648011546,10.200617048475477,25.172138718700914,0.16267816856424644,0.3527913774762835,0.8828284248473153,0.10272611385930781,3.013820496816484,126
1720,114.14139675296612,22.481692423775684,19.3927001953125,30.196600357691445,13.657917579015095,0.2522949377695719,0.03841400146484375,0.8759395281473795,0.06517489751180013,3.3422831694285073,80
1721,114.16685782254532,22.31909275074124,51.91841871842094,4.611807145934175,9.754809089328932,1.1673384127409563,0.7279613052589307,1.6877014049585317,0.050474802652994796,5.436445042706918,230
1722,114.19572892747242,22.288703948749284,51.10317343159725,7.503240359456916,8.935113329636422,0.9483412692421361,0.4777795390078896,1.3230834090918824,0.03706823315536766,4.643399255317554,152
1723,114.23095327417712,22.312293016323675,36.07460246366614,11.02182612699621,17.44764514997894,0.30882031309838387,0.6375840130974265,0.7762419008741192,0.06273755840226715,3.39142032698089,85
1724,114.23095327417712,22.312293016323675,36.07460246366614,11.02182612699621,17.44764514997894,0.30882031309838387,0.6375840130974265,0.7762419008741192,0.06273755840226715,3.39142032698089,85
1725,114.17251614179646,22.32716634772881,34.3180831985094,14.338391099996235,18.34536452791584,0.6047500306694069,0.4269561957364059,1.114484208140207,0.08992982741019027,4.292051590497222,134
1726,114.23095327417712,22.312293016323675,36.07460246366614,11.02182612699621,17.44764514997894,0.30882031309838387,0.6375840130974265,0.7762419008741192,0.06273755840226715,3.39142032698089,85
1727,114.21574627854702,22.21239122707557,16.55068624587286,34.70778578803653,16.236885388692222,0.3376960754394531,0.06489072527204241,0.7740713301159087,0.06991795131138392,1.2901578630719868,28
1728,114.1080274955234,22.38369207404324,22.682485580444336,11.482060750325521,64.979248046875,0.00766754150390625,0.0,0.015411376953125,0.01220703125,0.01476287841796875,10
1729,113.86494592555955,22.253393977436424,26.503542886264082,6.52940515158833,49.30329253708106,0.5926767985026042,0.5513135937676913,0.9075786756432574,0.08980225825655289,1.8256913060727327,46
1730,114.2058132036171,22.3922108586889,27.893932584732298,9.28331284295945,21.150575970846507,0.2702213469005767,0.10073525565011161,0.930837903703962,0.05473939199296256,4.897965930757069,105
1731,113.86494592555955,22.253393977436424,26.503542886264082,6.52940515158833,49.30329253708106,0.5926767985026042,0.5513135937676913,0.9075786756432574,0.08980225825655289,1.8256913060727327,46
1732,113.86494592555955,22.253393977436424,26.503542886264082,6.52940515158833,49.30329253708106,0.5926767985026042,0.5513135937676913,0.9075786756432574,0.08980225825655289,1.8256913060727327,46
1733,114.16193520470227,22.335130693339885,39.27631218228451,10.667175316960556,13.34173954257925,0.515976391998227,0.4983845996656758,0.9980147739626327,0.0456284177128374,5.562097321516312,159
1734,114.0542386987376,22.48642678293679,9.567350811428495,19.585087564256458,29.735273785061306,0.09061495463053386,0.0152587890625,0.8606513341267904,0.14624330732557508,0.6814532809787326,12
1735,114.16193520470227,22.335130693339885,39.27631218228451,10.667175316960556,13.34173954257925,0.515976391998227,0.4983845996656758,0.9980147739626327,0.0456284177128374,5.562097321516312,159
1736,114.16193520470227,22.335130693339885,39.27631218228451,10.667175316960556,13.34173954257925,0.515976391998227,0.4983845996656758,0.9980147739626327,0.0456284177128374,5.562097321516312,159
1737,114.0542386987376,22.48642678293679,9.567350811428495,19.585087564256458,29.735273785061306,0.09061495463053386,0.0152587890625,0.8606513341267904,0.14624330732557508,0.6814532809787326,12
1738,114.14253164601668,22.37133124555924,36.83885046317752,12.656032971743139,14.010107180493028,0.257369758045606,0.22257142147775424,0.9951004200736009,0.064761490471619,2.3283279548257085,59
1739,114.14253164601668,22.37133124555924,36.83885046317752,12.656032971743139,14.010107180493028,0.257369758045606,0.22257142147775424,0.9951004200736009,0.064761490471619,2.3283279548257085,59
1740,114.14253164601668,22.37133124555924,36.83885046317752,12.656032971743139,14.010107180493028,0.257369758045606,0.22257142147775424,0.9951004200736009,0.064761490471619,2.3283279548257085,59
1741,114.17881496048496,22.27739868229023,52.969822262635226,5.889699108711707,7.656145152794989,0.9083431111726568,0.5998956687134227,1.6724530656420342,0.04796491871313098,6.256152167827282,279
1742,114.17881496048496,22.27739868229023,52.969822262635226,5.889699108711707,7.656145152794989,0.9083431111726568,0.5998956687134227,1.6724530656420342,0.04796491871313098,6.256152167827282,279
1743,114.00374069534668,22.45966856158858,32.809838899527904,8.095245140825392,19.379586567079397,0.20215837482312743,0.050238239971888546,0.7349740103719781,0.05321135180993347,2.9207848859430507,173
1744,114.24055083570644,22.26693773710423,32.42475423547957,15.107967456181845,16.775045792261757,0.3405673636330499,0.6519549422793918,0.8216705587175156,0.06180273161994087,3.496430979834662,96
1745,114.2545831732264,22.32452888916168,34.19237136840821,14.600928330127102,13.414093005804368,0.42909781138102215,0.0282252276385272,1.1549614093921803,0.11587613894615643,2.5091598063339426,108
1746,114.00344834929516,22.46037261950053,34.16248993440107,7.221609354019165,18.68758779583555,0.19271445996833572,0.10553598403930664,0.8257912866996996,0.05319696484190046,2.7631402015686035,176
1747,114.23015046863352,22.421517652616,31.850414034686512,17.982910454021727,14.531851418410675,0.3943908063671257,0.31854050068915646,1.3385772705078125,0.10403379609313192,3.54333426881943,158
1748,113.9712244621881,22.398882697772702,42.05218301692479,9.710778205047752,13.689832284416953,0.7752241662970173,0.09049831981390295,1.5001496238887588,0.07255178102305238,5.8012906374506,142
1749,114.12720977272468,22.508400593048936,21.708742580058413,24.445164129600766,19.533540200496066,0.27916475852824146,0.17521544272855202,1.214786592724407,0.087361701033377,3.394949855764953,161
1750,114.25943326883376,22.31932487332393,24.51790080350988,20.2291709924835,20.5690673753327,0.21504327362658926,0.19005046171300552,0.6579717000325521,0.08136805366067325,1.3247620825674016,102
1751,114.25632970108217,22.32345340266236,40.78955575657105,12.659852030026565,10.036928275020863,0.44445895508631766,0.16262856639204942,1.3044434105789904,0.08937165774488341,2.512395035233807,149
1752,114.19686327562567,22.3496874164408,29.073768824487185,24.25144394831871,13.71814433615006,0.2715039609083489,0.12035274980080067,0.575227879766208,0.04616163263273476,3.221028835619267,67
1753,114.19828998781767,22.34724898202373,36.91099057743205,18.68712866484229,10.00347706808973,0.4487179998141615,0.2892608073220324,0.7466513126050655,0.040982848969265,3.7786317701956524,134
1754,114.23711390404256,22.306827329189524,40.685796080870404,14.680584206068811,11.187731792775725,0.6779182055764948,0.048966841264204544,0.9929496723101486,0.05934586538099388,2.5722671803035686,121
1755,114.23698786158852,22.30711635533918,40.622937774658205,14.198531087239582,11.27291768391927,0.6884663899739584,0.0487762451171875,0.9854647318522134,0.06440022786458334,2.7907684326171878,125
1756,114.23980909822176,22.30053197124092,32.75618986649946,16.080256503840488,13.941130975280146,0.2537155793572114,0.13667790576665087,0.9067978521790168,0.05142006408485902,4.20648369323525,99
1757,113.93198637073256,22.228611379118497,16.773319244384766,10.93402107556661,51.53730511665344,0.05716085433959961,0.0,0.5299170811971028,0.023126602172851562,5.304662386576335,16
1758,113.97840680463725,22.243891265929022,17.71312482429273,9.256104267004766,55.73023015802557,0.043319933342211174,0.003641301935369318,0.39261615637576935,0.07178566672585228,1.4650547143184776,22
1759,114.26361394983758,22.315141526546423,40.47268267031069,14.416495193669824,14.59853419551143,0.3446505982198833,0.17161616572627314,0.9117832890263311,0.06788088951581792,2.6814757453070746,135
1760,114.12432088287996,22.359658903303764,38.95013211137157,10.119757409823142,17.290706957800914,0.31424134464587195,0.2915123761710474,0.7974064282778291,0.056655797581214695,3.127307945725608,118
1761,114.14232847987007,22.48624395257552,29.283906825293702,24.538507299908144,11.473767950485431,0.2868776267531227,0.5774932617072556,0.9203754575912562,0.08369381144895392,3.569357812741382,177
1762,114.1082359911962,22.35453256714724,30.4742466319691,17.880063707178287,16.20486721847996,0.2455422372529001,0.3618413751775568,0.9700240510882753,0.10097749305493905,2.715988592668013,88
1763,114.1082359911962,22.35453256714724,30.4742466319691,17.880063707178287,16.20486721847996,0.2455422372529001,0.3618413751775568,0.9700240510882753,0.10097749305493905,2.715988592668013,88
1764,114.14082134245392,22.3390827682483,32.92508522669474,11.235320568084717,21.008898530687606,0.342427927350241,0.120321720365494,0.8043028059459868,0.07882950797913565,3.634531535799541,168
1765,114.14232847987007,22.48624395257552,29.283906825293702,24.538507299908144,11.473767950485431,0.2868776267531227,0.5774932617072556,0.9203754575912562,0.08369381144895392,3.569357812741382,177
1766,114.14232847987007,22.48624395257552,29.283906825293702,24.538507299908144,11.473767950485431,0.2868776267531227,0.5774932617072556,0.9203754575912562,0.08369381144895392,3.569357812741382,177
1767,114.1082359911962,22.35453256714724,30.4742466319691,17.880063707178287,16.20486721847996,0.2455422372529001,0.3618413751775568,0.9700240510882753,0.10097749305493905,2.715988592668013,88
1768,114.17048735057556,22.3300741291344,38.43332386616641,15.039828738326547,14.239103689133746,0.3577667212336318,0.26615370744429295,0.780949202723473,0.12547474987102006,2.518975959633881,106
1769,114.03749121311569,22.20737839136191,,,,,,,,,0
1770,114.03749121311569,22.20737839136191,,,,,,,,,0
1771,114.13965721965708,22.372820649012738,39.737325410048165,18.021289010842644,10.911370317141216,0.5135188500086466,0.38389861583709717,0.8894473314285278,0.069539745648702,2.968884507815043,64
1772,114.14082187504803,22.48772460963976,27.597151862250435,29.119279257064,9.60124490682971,0.3815953133037552,0.5697640862484527,0.8855268297862615,0.05889625706299832,2.402495945432059,162
1773,114.13965721965708,22.372820649012738,39.737325410048165,18.021289010842644,10.911370317141216,0.5135188500086466,0.38389861583709717,0.8894473314285278,0.069539745648702,2.968884507815043,64
1774,114.13965721965708,22.372820649012738,39.737325410048165,18.021289010842644,10.911370317141216,0.5135188500086466,0.38389861583709717,0.8894473314285278,0.069539745648702,2.968884507815043,64
1775,114.2043057863516,22.331444572966312,38.233794911702475,10.25687001546224,21.172463734944664,0.2924237569173177,0.1543243408203125,0.8211263020833333,0.051157633463541664,2.825803375244141,125
1776,114.26693312435872,22.3148868597624,36.61768650882458,15.920416514078775,12.3375933006327,0.25155834420017464,0.29385279095362105,0.665261253478035,0.058246794201078866,3.532344828207026,126
1777,114.26693312435872,22.3148868597624,36.61768650882458,15.920416514078775,12.3375933006327,0.25155834420017464,0.29385279095362105,0.665261253478035,0.058246794201078866,3.532344828207026,126
1778,114.14082187504803,22.48772460963976,27.597151862250435,29.119279257064,9.60124490682971,0.3815953133037552,0.5697640862484527,0.8855268297862615,0.05889625706299832,2.402495945432059,162
1779,114.14082187504803,22.48772460963976,27.597151862250435,29.119279257064,9.60124490682971,0.3815953133037552,0.5697640862484527,0.8855268297862615,0.05889625706299832,2.402495945432059,162
1780,114.2375622910506,22.311342463187213,35.46678467658954,15.836432289942511,14.113516457336772,0.45995685340321,0.2629344746217889,1.1197739401779605,0.06329945925265382,2.688911944459387,118
1781,113.99734362024302,22.432705764589446,24.08582494969954,16.864239542107832,25.675188240252044,0.46143970991435795,0.24315976260001199,1.8765008240415337,0.09826024373372397,3.583858305947823,152
1782,113.99734362024302,22.432705764589446,24.08582494969954,16.864239542107832,25.675188240252044,0.46143970991435795,0.24315976260001199,1.8765008240415337,0.09826024373372397,3.583858305947823,152
1783,114.23170052151865,22.31210312264039,33.916522878589056,12.791517647829922,17.710135199806906,0.29231309890747065,0.42024308984929865,0.6962779796484745,0.06361368930701053,2.888960188085383,88
1784,114.17749559861184,22.33122113581852,30.32290810032895,11.803058992352401,23.029228678920813,0.22634567573056583,0.08659251252113029,0.9715451134575739,0.08619542707476699,4.501423919410036,114
1785,114.17749559861184,22.33122113581852,30.32290810032895,11.803058992352401,23.029228678920813,0.22634567573056583,0.08659251252113029,0.9715451134575739,0.08619542707476699,4.501423919410036,114
1786,113.99734362024302,22.432705764589446,24.08582494969954,16.864239542107832,25.675188240252044,0.46143970991435795,0.24315976260001199,1.8765008240415337,0.09826024373372397,3.583858305947823,152
1787,114.23170052151865,22.31210312264039,33.916522878589056,12.791517647829922,17.710135199806906,0.29231309890747065,0.42024308984929865,0.6962779796484745,0.06361368930701053,2.888960188085383,88
1788,114.23170052151865,22.31210312264039,33.916522878589056,12.791517647829922,17.710135199806906,0.29231309890747065,0.42024308984929865,0.6962779796484745,0.06361368930701053,2.888960188085383,88
1789,114.2259935101708,22.422160134831863,38.37007087997243,12.993509155788503,16.023872472062898,0.16471484542395998,0.5535343025304094,1.042061013008472,0.09394094410827895,3.0115602388663634,79
1790,113.94831752992036,22.29622921998784,12.907464769151478,21.44411298963759,30.58970769246419,0.02216339111328125,0.0,0.5242729187011719,0.15975316365559897,0.11391957600911458,15
1791,114.2259935101708,22.422160134831863,38.37007087997243,12.993509155788503,16.023872472062898,0.16471484542395998,0.5535343025304094,1.042061013008472,0.09394094410827895,3.0115602388663634,79
1792,114.19093668169764,22.303198581651667,41.3929490355758,6.6310549641514696,15.35970198141562,0.573946119428755,0.4134294149037954,1.1010943232355892,0.10974321279439841,3.5135514027363546,148
1793,113.97379514109784,22.40084555692826,32.432233926021695,16.652889504577175,16.611965497334797,0.9722673531734581,0.4155597903511741,1.7573517380338723,0.127145377072421,2.5521422877456206,176
1794,114.19150928004936,22.30331592880843,43.750949251479,5.900799571603968,14.167359670003256,0.61621209849482,0.27660369873046875,1.0273623812025872,0.09844351505887682,3.7916269164154497,115
1795,113.95035022348196,22.29344162341838,19.14375005983839,22.08246380675073,24.354982937083523,0.05742241354549632,0.24456024169921875,0.48310709934608614,0.10945563222847732,0.856471716188917,85
1796,114.1003146975056,22.370919448723644,32.85242115055119,18.559592049401086,13.24458680711351,0.12840494379266962,0.205104415481155,0.5150004550143404,0.042982359190244936,3.2222369769672023,74
1797,113.94385677155502,22.288429495251844,23.152977408784807,20.392055222482394,18.187216556433473,0.32595359917842986,0.0729669224132191,0.5286838069106593,0.07231632868448894,3.135190588055235,88
1798,114.12897166512356,22.358811473359008,48.42383674021517,7.731873801584994,10.501805673377792,0.8300956268882038,0.3842518124241061,1.164437769057599,0.07924926414918364,6.388425291254279,178
1799,114.25751733937288,22.312616108081432,28.170485459556872,20.967610677083332,19.561475931211962,0.3993245058281477,0.27596895084824674,0.8021343586056732,0.07705466691837755,0.8698844170385555,86
1800,113.94386646033767,22.288438539731768,23.152977408784807,20.392055222482394,18.187216556433473,0.32595359917842986,0.0729669224132191,0.5286838069106593,0.07231632868448894,3.135190588055235,88
1801,113.9436145973356,22.28817629140702,23.26357641885447,20.567543192427287,18.13659298327542,0.3635835277941801,0.05190871482671693,0.5346701126690058,0.07217946902726048,3.3010730447695242,86
1802,113.95035022348196,22.29344162341838,19.14375005983839,22.08246380675073,24.354982937083523,0.05742241354549632,0.24456024169921875,0.48310709934608614,0.10945563222847732,0.856471716188917,85
1803,114.24001702854116,22.26654059706833,32.01270990204393,14.253647118283991,20.858933632833914,0.33477281269274256,0.7848170765659265,0.7424699214466832,0.05381400125068531,2.970658352500514,95
1804,114.25918139617644,22.320146784925704,30.810892014276412,22.33731163872613,13.444455161927237,0.3116289774576823,0.24305797758556547,0.7932275439065601,0.08372110033792163,1.4331305973113528,105
1805,114.2585307307478,22.31952400354217,25.310391954236774,24.689569498297423,16.59798309246073,0.2328782569705032,0.23938877376045767,0.8689572491983729,0.09578569667545829,1.492169147401344,127
1806,114.2647196718614,22.31398501520476,37.17460075434107,16.165406628536772,13.839381048569132,0.3323299751374554,0.12221928060489849,0.7357673923464587,0.07534351952174574,2.538753425987968,137
1807,114.1132024231132,22.36392636253509,33.43832336203025,10.55443408715464,18.549103516441775,0.28796021955726786,0.20726846662461032,0.8665451458190769,0.0691687683699485,3.075763952993128,137
1808,114.2043254335958,22.33263660616742,34.72687989946395,8.268996458204967,24.15311071607802,0.23477872212727868,0.15478247687930152,0.7802333150591169,0.06250143051147461,2.951850777580625,168
1809,114.22577068814076,22.42381277979288,37.16909066224709,12.978829603928785,16.581816061949116,0.3657707801231971,0.44791294978215146,1.0569939246544473,0.08363332503881211,2.886913495186048,65
1810,114.22577068814076,22.42381277979288,37.16909066224709,12.978829603928785,16.581816061949116,0.3657707801231971,0.44791294978215146,1.0569939246544473,0.08363332503881211,2.886913495186048,65
1811,114.22577068814076,22.42381277979288,37.16909066224709,12.978829603928785,16.581816061949116,0.3657707801231971,0.44791294978215146,1.0569939246544473,0.08363332503881211,2.886913495186048,65
1812,114.153872980176,22.24914917991336,42.44847641334877,15.517267880139052,11.302079595961013,0.7381123465460699,0.5048032279487128,1.7506126884941584,0.1124343356570682,4.242522222501738,148
1813,114.153872980176,22.24914917991336,42.44847641334877,15.517267880139052,11.302079595961013,0.7381123465460699,0.5048032279487128,1.7506126884941584,0.1124343356570682,4.242522222501738,148
1814,114.19538870168633,22.430826773533425,11.781931471550603,40.75205243867019,19.79076780121902,0.06996352097083783,0.02797883132408405,0.7389748233488236,0.05725334430563039,0.6862388260063085,29
1815,114.23101520175004,22.32186542565982,31.505431116154764,8.589014261521422,23.66223489992035,0.23292665284643485,0.07024950685754286,0.6943137244840639,0.0957027649105826,2.8789720000770593,113
1816,114.23101520175004,22.32186542565982,31.505431116154764,8.589014261521422,23.66223489992035,0.23292665284643485,0.07024950685754286,0.6943137244840639,0.0957027649105826,2.8789720000770593,113
1817,114.23101520175004,22.32186542565982,31.505431116154764,8.589014261521422,23.66223489992035,0.23292665284643485,0.07024950685754286,0.6943137244840639,0.0957027649105826,2.8789720000770593,113
1818,114.20160000890554,22.40003197925549,32.73227839242845,12.579487335114251,22.92979643458412,0.36430160204569495,0.13000908352079846,0.8457595393771218,0.07659111704145158,2.0237732501257035,112
1819,114.20160000890554,22.40003197925549,32.73227839242845,12.579487335114251,22.92979643458412,0.36430160204569495,0.13000908352079846,0.8457595393771218,0.07659111704145158,2.0237732501257035,112
1820,114.15605559104084,22.250106724607345,48.55746217602678,12.6997844446079,10.123419693732194,0.7262993402290888,0.3394371423965845,1.558885003766443,0.042938167213374734,4.0040736184840195,117
1821,114.15605559104084,22.250106724607345,48.55746217602678,12.6997844446079,10.123419693732194,0.7262993402290888,0.3394371423965845,1.558885003766443,0.042938167213374734,4.0040736184840195,117
1822,114.15605559104084,22.250106724607345,48.55746217602678,12.6997844446079,10.123419693732194,0.7262993402290888,0.3394371423965845,1.558885003766443,0.042938167213374734,4.0040736184840195,117
1823,114.22876342176409,22.32198356024134,30.178582112848968,16.013780546017443,17.48502895396243,0.29612954799419666,0.05427329770980343,0.7594364945606519,0.05199063208795362,5.011950940641451,93
1824,114.22876342176409,22.32198356024134,30.178582112848968,16.013780546017443,17.48502895396243,0.29612954799419666,0.05427329770980343,0.7594364945606519,0.05199063208795362,5.011950940641451,93
1825,113.97207462366876,22.408546367524625,28.368420877318453,20.148564076078113,20.37383404330931,0.18663164498149487,0.028187295664911686,0.8198053940482761,0.067926489788553,2.2753532382025234,92
1826,114.23892319197309,22.42565950765893,27.15511813308254,26.826467225045867,12.808151245117188,0.2609432104862098,0.28788422093246924,0.9793007012569542,0.05016731493400805,4.3406203298857715,110
1827,114.23691928057548,22.30560826962369,37.73455607678751,15.301439901647981,13.351399419265242,0.28249531908496345,0.12616456009959445,0.7606741732920097,0.06002615426332896,3.1192119491615977,131
1828,114.22876342176409,22.32198356024134,30.178582112848968,16.013780546017443,17.48502895396243,0.29612954799419666,0.05427329770980343,0.7594364945606519,0.05199063208795362,5.011950940641451,93
1829,114.1990277821576,22.347212760356484,39.386118707202726,17.529579798380535,8.712568964276995,0.5166703178769065,0.3428945087251209,0.8800231842767624,0.05044573829287574,4.16326954251244,140
1830,114.1990277821576,22.347212760356484,39.386118707202726,17.529579798380535,8.712568964276995,0.5166703178769065,0.3428945087251209,0.8800231842767624,0.05044573829287574,4.16326954251244,140
1831,114.1990277821576,22.347212760356484,39.386118707202726,17.529579798380535,8.712568964276995,0.5166703178769065,0.3428945087251209,0.8800231842767624,0.05044573829287574,4.16326954251244,140
1832,114.23691928057548,22.30560826962369,37.73455607678751,15.301439901647981,13.351399419265242,0.28249531908496345,0.12616456009959445,0.7606741732920097,0.06002615426332896,3.1192119491615977,131
1833,113.94237130001794,22.2889059768173,29.046685125691322,15.754359980624933,17.84323457916979,0.5726393625792429,0.10970337222320865,0.6720109419389204,0.09756923123240874,3.527171202380248,99
1834,113.94237130001794,22.2889059768173,29.046685125691322,15.754359980624933,17.84323457916979,0.5726393625792429,0.10970337222320865,0.6720109419389204,0.09756923123240874,3.527171202380248,99
1835,113.94237130001794,22.2889059768173,29.046685125691322,15.754359980624933,17.84323457916979,0.5726393625792429,0.10970337222320865,0.6720109419389204,0.09756923123240874,3.527171202380248,99
1836,114.2298110171312,22.32021322564902,31.03258188220038,18.184817217398383,15.905796272167262,0.29344171717546985,0.3380999357804008,0.8716046982917233,0.09810710298842279,2.778641521066859,115
1837,114.2298110171312,22.32021322564902,31.03258188220038,18.184817217398383,15.905796272167262,0.29344171717546985,0.3380999357804008,0.8716046982917233,0.09810710298842279,2.778641521066859,115
1838,114.19968830764805,22.349596736827475,37.66728250603927,20.739029332211143,7.917731770297936,0.5059422944721422,0.18881212201034814,0.6544956408048931,0.039542348761307564,3.469167006643195,95
1839,114.19968830764805,22.349596736827475,37.66728250603927,20.739029332211143,7.917731770297936,0.5059422944721422,0.18881212201034814,0.6544956408048931,0.039542348761307564,3.469167006643195,95
1840,114.19968830764805,22.349596736827475,37.66728250603927,20.739029332211143,7.917731770297936,0.5059422944721422,0.18881212201034814,0.6544956408048931,0.039542348761307564,3.469167006643195,95
1841,113.97680490454032,22.414991002739185,19.482939498229594,15.41477899131535,29.76800240810562,0.16365801013490688,0.09354645351193985,0.9542132323642947,0.09795764707169442,3.292831684808311,106
1842,114.26397299773208,22.315041997492155,42.41190283906226,14.274486139708873,12.51452319762286,0.36409018086452116,0.24397653691908894,0.8805160428963457,0.06650803135890587,2.835273976419486,136
1843,114.25619256768134,22.321250007040224,35.58780615429742,16.011910512221043,12.633512299055557,0.22968919598240464,0.2585164758543305,0.9986186922254416,0.0805037963732452,2.1952401723293278,151
1844,114.25619256768134,22.321250007040224,35.58780615429742,16.011910512221043,12.633512299055557,0.22968919598240464,0.2585164758543305,0.9986186922254416,0.0805037963732452,2.1952401723293278,151
1845,114.22652505353976,22.305160256430664,31.437539438252607,10.223320165037801,22.398547485509273,0.20549685456031977,0.22420069968053538,0.9781524500489545,0.07741272603510578,3.9306956052164086,129
1846,114.22652505353976,22.305160256430664,31.437539438252607,10.223320165037801,22.398547485509273,0.20549685456031977,0.22420069968053538,0.9781524500489545,0.07741272603510578,3.9306956052164086,129
1847,114.26397299773208,22.315041997492155,42.41190283906226,14.274486139708873,12.51452319762286,0.36409018086452116,0.24397653691908894,0.8805160428963457,0.06650803135890587,2.835273976419486,136
1848,114.26397299773208,22.315041997492155,42.41190283906226,14.274486139708873,12.51452319762286,0.36409018086452116,0.24397653691908894,0.8805160428963457,0.06650803135890587,2.835273976419486,136
1849,114.0080633378442,22.452331414634447,28.002103572153338,14.179576197756997,22.824779743886698,0.19656676280347607,0.13878778063295258,0.7862471326997008,0.070913330915105,3.2501403792497983,158
1850,114.0080633378442,22.452331414634447,28.002103572153338,14.179576197756997,22.824779743886698,0.19656676280347607,0.13878778063295258,0.7862471326997008,0.070913330915105,3.2501403792497983,158
1851,114.0080633378442,22.452331414634447,28.002103572153338,14.179576197756997,22.824779743886698,0.19656676280347607,0.13878778063295258,0.7862471326997008,0.070913330915105,3.2501403792497983,158
1852,113.9423519677718,22.28886079602629,28.082571347554527,15.934005737304686,18.26525211334228,0.5439217885335286,0.10860633850097656,0.6636470158894858,0.0830208460489909,3.5364809036254887,100
1853,113.9423519677718,22.28886079602629,28.082571347554527,15.934005737304686,18.26525211334228,0.5439217885335286,0.10860633850097656,0.6636470158894858,0.0830208460489909,3.5364809036254887,100
1854,113.9423519677718,22.28886079602629,28.082571347554527,15.934005737304686,18.26525211334228,0.5439217885335286,0.10860633850097656,0.6636470158894858,0.0830208460489909,3.5364809036254887,100
1855,114.02885700140573,22.43099483834957,25.66105922063192,13.534890810648601,34.707105954488114,0.043430328369140625,0.03924369812011719,1.1619210243225098,0.25189240773518884,3.6907370885213218,40
1856,114.02885700140573,22.43099483834957,25.66105922063192,13.534890810648601,34.707105954488114,0.043430328369140625,0.03924369812011719,1.1619210243225098,0.25189240773518884,3.6907370885213218,40
1857,114.22484729079216,22.421943748036327,38.13972004124375,12.800955642116525,16.128342529463637,0.18033981323242188,0.512679678494813,1.0610121846850453,0.10503914838280183,2.5379561335662677,61
1858,114.22484729079216,22.421943748036327,38.13972004124375,12.800955642116525,16.128342529463637,0.18033981323242188,0.512679678494813,1.0610121846850453,0.10503914838280183,2.5379561335662677,61
1859,114.22484729079216,22.421943748036327,38.13972004124375,12.800955642116525,16.128342529463637,0.18033981323242188,0.512679678494813,1.0610121846850453,0.10503914838280183,2.5379561335662677,61
1860,114.13785975062244,22.481429725419066,29.38495477040609,16.767994562784832,14.86766040325165,0.3825336694717407,0.07663965225219727,1.244268814722697,0.1013636589050293,4.128587245941162,32
1861,114.16032935858648,22.45285228220623,26.46294850175099,21.00008482574135,17.591648922171643,0.12706797610047044,0.09465740573021673,0.8100772160355763,0.08296146187731013,2.3856751636792253,155
1862,114.2336871902692,22.424397168815435,38.20817193734958,16.2397238199184,12.174714549203937,0.4591491784942284,0.5904712034075448,1.2836383076642783,0.07774445894505647,2.4860412440496433,178
1863,114.2336871902692,22.424397168815435,38.20817193734958,16.2397238199184,12.174714549203937,0.4591491784942284,0.5904712034075448,1.2836383076642783,0.07774445894505647,2.4860412440496433,178
1864,114.2336871902692,22.424397168815435,38.20817193734958,16.2397238199184,12.174714549203937,0.4591491784942284,0.5904712034075448,1.2836383076642783,0.07774445894505647,2.4860412440496433,178
1865,114.00787466812424,22.45569956241877,21.936775324756088,14.831056887940028,28.374050807727425,0.08785144093470651,0.0371811237741024,0.6890664427556609,0.08494983609968326,2.768217361846996,141
1866,114.17392088739668,22.456700069405937,23.039483720329915,25.77871253789104,15.664679128399825,0.3463939496666003,0.16237975685459793,1.0394576248849274,0.08690301526630506,3.255096565133194,157
1867,114.26095176821497,22.310419928089647,38.834953682095396,10.192692700554344,16.780682358087276,0.3246857138241039,0.5174715378705192,0.8974830777037378,0.1047820670931947,1.712603662528244,170
1868,114.2509409144337,22.26479306524111,36.59172902851949,13.747915076764869,13.362779817381107,0.4151679974891644,0.2572919938947771,0.8243636373595481,0.11471345985963907,3.9891612001788084,143
1869,114.2568278173539,22.311857879561547,31.25731186848491,22.77219670028979,17.616600825868804,0.37313987468851023,0.27508571230132006,0.9864160384254894,0.07189242775869553,0.7203460196425632,87
1870,114.2571526899897,22.3198859155746,28.45996267314085,22.694824153779486,14.75905003048788,0.22507572406109813,0.2787777977268191,0.896685894968446,0.08076298845945483,1.7525069614976572,137
1871,114.26112618783046,22.309959277035464,38.29942466063821,9.795512065986278,17.238970082864448,0.42586054826647507,0.4568811525334966,0.898347040943943,0.09861008902699629,1.7137647704551051,193
1872,114.26845068847028,22.37962606274389,30.87485991802412,19.802058439484163,22.106711397465972,0.5645453725074164,0.5684010351646397,1.4327340928959276,0.07844249817104273,3.2392767286792243,97
1873,114.26845068847028,22.37962606274389,30.87485991802412,19.802058439484163,22.106711397465972,0.5645453725074164,0.5684010351646397,1.4327340928959276,0.07844249817104273,3.2392767286792243,97
1874,114.26845068847028,22.37962606274389,30.87485991802412,19.802058439484163,22.106711397465972,0.5645453725074164,0.5684010351646397,1.4327340928959276,0.07844249817104273,3.2392767286792243,97
1875,114.26010874275278,22.312678012296363,29.298222480128654,12.420219449854606,21.835523102413955,0.3306749448254334,0.35877797141003964,0.6981631416586501,0.0856750640109997,1.3269161110493675,134
1876,114.26010874275278,22.312678012296363,29.298222480128654,12.420219449854606,21.835523102413955,0.3306749448254334,0.35877797141003964,0.6981631416586501,0.0856750640109997,1.3269161110493675,134
1877,114.26010874275278,22.312678012296363,29.298222480128654,12.420219449854606,21.835523102413955,0.3306749448254334,0.35877797141003964,0.6981631416586501,0.0856750640109997,1.3269161110493675,134
1878,114.11266918270312,22.3622735629476,35.13514560723455,15.453089408154758,16.696277654395914,0.3336558551908289,0.2000484826429835,0.8422425707931038,0.09240504330809012,2.174539985896656,106
1879,114.11266918270312,22.3622735629476,35.13514560723455,15.453089408154758,16.696277654395914,0.3336558551908289,0.2000484826429835,0.8422425707931038,0.09240504330809012,2.174539985896656,106
1880,114.17820420490769,22.332331892793405,29.167424774169923,13.587425231933594,22.69057947794596,0.21229527791341143,0.1464599609375,0.982983907063802,0.07940622965494792,4.701243591308594,125
1881,114.17820420490769,22.332331892793405,29.167424774169923,13.587425231933594,22.69057947794596,0.21229527791341143,0.1464599609375,0.982983907063802,0.07940622965494792,4.701243591308594,125
1882,114.17820420490769,22.332331892793405,29.167424774169923,13.587425231933594,22.69057947794596,0.21229527791341143,0.1464599609375,0.982983907063802,0.07940622965494792,4.701243591308594,125
1883,114.13060021585748,22.366415664758414,38.80905179534783,14.033334868869703,11.116342705513356,0.3794360261426194,0.337957832883682,0.8913404327907641,0.03939037081561511,4.406355000749419,158
1884,114.13060021585748,22.366415664758414,38.80905179534783,14.033334868869703,11.116342705513356,0.3794360261426194,0.337957832883682,0.8913404327907641,0.03939037081561511,4.406355000749419,158
1885,114.13060021585748,22.366415664758414,38.80905179534783,14.033334868869703,11.116342705513356,0.3794360261426194,0.337957832883682,0.8913404327907641,0.03939037081561511,4.406355000749419,158
1886,114.15930957486978,22.450341710374456,26.432229761491737,21.90773717144079,17.535647802185593,0.4002744691413746,0.04691868497614275,1.147372471658807,0.07581710815429688,3.17470065334387,152
1887,114.02407172768528,22.204738419824736,,,,,,,,,0
1888,114.03203843661991,22.444841388849174,43.529940039161744,8.425059744982216,13.8217887258142,0.7950105641269425,0.8683395902638835,1.8256449764013938,0.06905997671732088,4.934915165267986,246
1889,114.02407172768528,22.204738419824736,,,,,,,,,0
1890,114.02407172768528,22.204738419824736,,,,,,,,,0
1891,114.26474117531448,22.317326322345533,40.88873364339489,16.25613354128353,10.38604258330779,0.3557659993786591,0.3974747483747719,1.1883582511957544,0.0691638955814705,2.816023211699622,137
1892,113.99779355275476,22.43786264153426,14.267092450008889,18.877271557530612,33.7197211335455,0.07092270727135049,0.03468669052665115,0.7161298260339325,0.06874391091348994,2.85891968025947,141
1893,113.9608134887825,22.373935986862666,17.236510912577312,27.48550891876221,19.54583390553792,0.5152467091878256,0.1240692138671875,1.140040397644043,0.23418394724527997,2.9452931086222325,100
1894,114.20641402882856,22.34029416579427,24.086246793232267,19.711815970284597,21.54495178707062,0.17941157023111975,0.29450189499627977,0.9773593478732637,0.11779482402498757,2.288492899092417,105
1895,114.18004843667512,22.329180193605712,33.85912504511632,11.53919884873407,21.315546496830517,0.20480435009827747,0.14789814257439765,0.9111232126638786,0.09511311848958333,5.147790787480867,131
1896,114.17840804741576,22.332187401655062,29.508292248097987,12.954709286860526,23.125737035241666,0.19267242473675855,0.15130161253873967,1.0030630863074101,0.07703061274588931,4.860272157947551,121
1897,114.12578518970552,22.364364285209625,30.57847073203639,15.942421963340358,16.802220260887818,0.2147052162571957,0.08273074501439144,0.8539052595172013,0.04218586704187226,3.1481870015462237,95
1898,114.12578518970552,22.364364285209625,30.57847073203639,15.942421963340358,16.802220260887818,0.2147052162571957,0.08273074501439144,0.8539052595172013,0.04218586704187226,3.1481870015462237,95
1899,114.12578518970552,22.364364285209625,30.57847073203639,15.942421963340358,16.802220260887818,0.2147052162571957,0.08273074501439144,0.8539052595172013,0.04218586704187226,3.1481870015462237,95
1900,114.15046735139028,22.25201138572068,29.819046656290695,28.271827697753906,10.055251439412437,0.4298680623372396,0.005401611328125,0.9281158447265625,0.068603515625,3.5580876668294277,50
1901,114.15046735139028,22.25201138572068,29.819046656290695,28.271827697753906,10.055251439412437,0.4298680623372396,0.005401611328125,0.9281158447265625,0.068603515625,3.5580876668294277,50
1902,114.15046735139028,22.25201138572068,29.819046656290695,28.271827697753906,10.055251439412437,0.4298680623372396,0.005401611328125,0.9281158447265625,0.068603515625,3.5580876668294277,50
1903,114.23619213378406,22.30733338300319,44.576114722813,12.21984270168364,9.678345665302318,0.6160505666028733,0.14949644972013948,0.8886719176699918,0.05222060269690733,3.0543670824976847,149
1904,114.23619213378406,22.30733338300319,44.576114722813,12.21984270168364,9.678345665302318,0.6160505666028733,0.14949644972013948,0.8886719176699918,0.05222060269690733,3.0543670824976847,149
1905,114.25950716694736,22.31295826853945,27.312336222330735,13.05356216430664,23.1572514851888,0.2731163024902344,0.27382049560546873,0.6849202473958333,0.08481343587239584,1.3559285481770835,125
1906,114.19540635750438,22.34434149645105,38.869963575292516,13.5963503519694,13.720358389395255,0.6277716601336444,0.5724700291951498,1.5129755161426686,0.11740066387035229,4.211543930901422,180
1907,114.25950716694736,22.31295826853945,27.312336222330735,13.05356216430664,23.1572514851888,0.2731163024902344,0.27382049560546873,0.6849202473958333,0.08481343587239584,1.3559285481770835,125
1908,114.25950716694736,22.31295826853945,27.312336222330735,13.05356216430664,23.1572514851888,0.2731163024902344,0.27382049560546873,0.6849202473958333,0.08481343587239584,1.3559285481770835,125
1909,114.19595978233438,22.344973571681912,39.7864824652889,13.38443808216866,12.287752571870286,0.5255648781475908,0.5256696259823437,1.336431416440314,0.06909257510103597,4.78832422058439,183
1910,114.19540635750438,22.34434149645105,38.869963575292516,13.5963503519694,13.720358389395255,0.6277716601336444,0.5724700291951498,1.5129755161426686,0.11740066387035229,4.211543930901422,180
1911,114.19629466189754,22.37964179987252,37.02330589294434,13.448399504025778,14.53494389851888,0.44581671555837,0.5314016342163086,1.2880645195643106,0.0969843069712321,3.6750169595082602,160
1912,114.19629466189754,22.37964179987252,37.02330589294434,13.448399504025778,14.53494389851888,0.44581671555837,0.5314016342163086,1.2880645195643106,0.0969843069712321,3.6750169595082602,160
1913,114.27042398858032,22.382830767094543,30.103967574657386,18.7957461774974,22.90760995956837,0.4861335834367221,0.5441645656241811,1.3814024455392384,0.073072045604138,4.067804428516443,159
1914,114.2570981552279,22.309383362096828,38.95993443096386,15.955352315715716,18.149490449942796,0.37157605676090016,0.3734728869269876,0.9862764208924538,0.08997473062253467,1.5038424847172756,136
1915,114.25750523173524,22.3084349471361,37.68640897288826,14.186323059271581,19.020699171299274,0.3080555617685891,0.18426764825856465,0.8571778765376312,0.08956502436604313,1.6506712382377797,161
1916,114.00270669728178,22.447422206428666,31.77502401943865,9.549301520161244,24.280744585497622,0.20840633874652031,0.5376782910577182,0.8172164018126741,0.07054038431452608,1.5556686225978806,116
1917,114.13863702930178,22.48179112797364,28.556307967828246,19.698911783646565,14.78599431563397,0.3299070864307637,0.08055239307637117,1.0783863716384992,0.10447599449936225,3.2188837220068693,49
1918,114.17753497132522,22.44024661,22.693726324266002,21.196814506284653,23.656189313498878,0.1334672333091818,0.1204972626060568,0.8424912729570941,0.06031682414393271,2.285661492296444,62
1919,114.00160960474108,22.446879193887582,29.192312491708105,9.674922825575543,26.822674374620455,0.113113787995667,0.3499872544232537,0.9428267385445389,0.10251384489342613,1.9460378908643534,119
1920,114.00109418717288,22.447303063361662,28.945822003243986,10.609635539438534,26.17731916493383,0.124337755400559,0.3545728223077182,0.9148304489837297,0.0984087757680608,1.9250201082777703,116
1921,113.9992805630374,22.460169417726696,39.17421694155092,8.047594141077111,16.962816214855806,0.282277943175516,0.17391487404152198,0.8285129217453946,0.05898958371009356,1.871010344705464,135
1922,114.16533429865548,22.315308829855493,41.10327064501633,10.360010425836974,15.003420605839569,0.4298432511453362,0.38015775884117786,1.0863459168983796,0.07650441136853449,3.2508325498483845,203
1923,114.2353627140924,22.319859123493217,35.97980618816496,5.9637640276525765,18.800730039591127,0.36635385279641874,0.20105084802350429,0.7053850722788406,0.05811598905470976,4.295612672115663,117
1924,114.22810563460747,22.328088445619933,30.49903280508992,9.040857600874128,19.471886252773643,0.25682682655637784,0.09000760699630878,0.7652273965538097,0.05809830598510369,3.3306002252327924,109
1925,114.23232412322452,22.31830693011928,35.838943356079675,17.9261241160648,13.50461418080218,0.468411020269976,0.3601289131272007,1.045219663163306,0.11267572501455675,3.322501473583526,142
1926,114.2244407067219,22.28308101456481,44.880203782466424,6.571395606325384,15.5925158450478,0.5581708539996231,0.5803533185992324,0.8314664740311472,0.07629578573661938,3.3108415101703836,190
1927,113.94534808548823,22.290291927061663,22.51223912314763,20.9483578091576,20.610079311189196,0.1646651162041558,0.02703893752325149,0.4860927188207233,0.07970446632021949,1.6997746058872767,84
1928,114.14214120068,22.496854634195632,28.255203109765095,15.844551199851836,23.13525225261754,0.24083156914031933,0.2579545750864235,1.0254453978441502,0.0606524925649819,4.742719384612799,213
1929,114.18680301243468,22.31159735361829,48.6930062232236,7.7634070156874815,10.87261579612985,0.519028885104645,0.5346326843068875,1.1611152034235226,0.0336163416857968,5.376286679911199,211
1930,114.24219929819036,22.26492324717807,35.796523015491246,12.548335865385853,15.342762446639561,0.31526773282797027,0.3519127471218801,0.6904284159342448,0.0455371617484014,4.038776108140599,101
1931,114.1511173709425,22.25183990713512,26.144997590507558,33.717713948168786,10.598231920229845,0.36117827970218036,0.0013164445465686275,0.9255976458780127,0.06710127288219976,2.509923698076235,51
1932,114.2617474530122,22.310166656720064,37.547743102133055,10.23330583677187,17.66772130470136,0.3676912286779383,0.42634062714629123,0.7975442068917411,0.0966692145490821,1.7014987302787137,182
1933,114.2617474530122,22.310166656720064,37.547743102133055,10.23330583677187,17.66772130470136,0.3676912286779383,0.42634062714629123,0.7975442068917411,0.0966692145490821,1.7014987302787137,182
1934,114.25973830237706,22.309914839409327,39.199919420130115,9.753304088816922,16.718868928797104,0.3404050714829389,0.4205041773178998,0.8359385471717985,0.09082270603553923,1.8888030332677501,170
1935,113.94831752992036,22.29622921998784,12.907464769151478,21.44411298963759,30.58970769246419,0.02216339111328125,0.0,0.5242729187011719,0.15975316365559897,0.11391957600911458,15
1936,114.20284180450258,22.34085467399465,29.098321940447832,19.797280887225725,19.841999191421646,0.3184249809196404,0.2706695247340847,0.9587201986226949,0.09130636850992838,1.8000916317776514,148
1937,114.20284180450258,22.34085467399465,29.098321940447832,19.797280887225725,19.841999191421646,0.3184249809196404,0.2706695247340847,0.9587201986226949,0.09130636850992838,1.8000916317776514,148
1938,113.99828049437248,22.459662611307085,36.954823725641106,8.47879399014058,17.21635053386796,0.2854465764794646,0.20265094304488876,0.9140723169186694,0.06160763023936816,1.6209685869809596,118
1939,113.9733455940409,22.38275695526776,34.535812108944626,9.012882729880829,20.103578893547382,0.20281738705105254,0.0507819346892528,0.7354542740389832,0.07356293181068878,2.831568473424667,156
1940,114.25852441447084,22.308669232635363,37.12830048441236,11.477531196858282,18.373891000104948,0.35868629080350284,0.29446961449795084,0.9070286985303535,0.08399282431124773,1.8133618575410544,183
1941,114.26114671003106,22.311810538800145,35.57996270517824,10.617213274436022,17.385830702605073,0.4277913027970249,0.45036437019469244,0.8702230201196417,0.11048544020879836,1.4342197034724806,126
1942,114.26114671003106,22.311810538800145,35.57996270517824,10.617213274436022,17.385830702605073,0.4277913027970249,0.45036437019469244,0.8702230201196417,0.11048544020879836,1.4342197034724806,126
1943,114.26114671003106,22.311810538800145,35.57996270517824,10.617213274436022,17.385830702605073,0.4277913027970249,0.45036437019469244,0.8702230201196417,0.11048544020879836,1.4342197034724806,126
1944,114.25997090886696,22.309372884416494,38.68976450628705,9.681459267934164,16.987266971005337,0.4118788573477004,0.3533393144607544,0.8307410611046685,0.0830670197804769,1.868287722269694,192
1945,114.20412123621334,22.38067014925604,33.8643958112427,8.00037741425945,18.785042170236803,0.2605964916462494,0.3359687398876664,0.7657762109880617,0.07676307031153691,3.686157768294656,169
1946,114.03338708168528,22.44648613178311,41.98535501567367,7.919419824687483,17.853226069531413,0.3942824656667273,0.505524055630553,1.5762165480968997,0.08558697170681423,3.447372149797826,204
1947,114.2570502324609,22.3104399658831,36.49319103416712,16.47911407760165,17.9675084142504,0.3602549958681349,0.4121671847211636,0.8605192024210282,0.09231283089655848,1.453730988954787,123
1948,114.03338708168528,22.44648613178311,41.98535501567367,7.919419824687483,17.853226069531413,0.3942824656667273,0.505524055630553,1.5762165480968997,0.08558697170681423,3.447372149797826,204
1949,114.2570502324609,22.3104399658831,36.49319103416712,16.47911407760165,17.9675084142504,0.3602549958681349,0.4121671847211636,0.8605192024210282,0.09231283089655848,1.453730988954787,123
1950,114.2570502324609,22.3104399658831,36.49319103416712,16.47911407760165,17.9675084142504,0.3602549958681349,0.4121671847211636,0.8605192024210282,0.09231283089655848,1.453730988954787,123
1951,113.9724622077928,22.38258426257392,33.81194199702537,8.618482508400614,21.149620529293088,0.2004421958627627,0.06028330603311228,0.7607929466306702,0.08187663647555565,2.6125144588854887,172
1952,113.94831752992036,22.29622921998784,12.907464769151478,21.44411298963759,30.58970769246419,0.02216339111328125,0.0,0.5242729187011719,0.15975316365559897,0.11391957600911458,15
1953,114.13400419077622,22.379366385613263,25.2184111792762,25.01405294951018,16.31040315370302,0.13531392759031002,0.21867494325380069,0.8975733507860889,0.07221333615414731,2.8348166663367467,74
1954,114.22926696448556,22.42253838574293,35.76768338063242,16.558533820553098,14.322014526304002,0.46666167043997886,0.5096897575425805,1.4640338178993997,0.10602706214162382,2.9812437653788373,161
1955,114.2571526899897,22.3198859155746,28.45996267314085,22.694824153779486,14.75905003048788,0.22507572406109813,0.2787777977268191,0.896685894968446,0.08076298845945483,1.7525069614976572,137
1956,114.16516946549638,22.313340147306143,36.08386186020213,9.11535471238218,22.552863967805486,0.30775449972237107,0.21257822492481332,1.2013429737372385,0.0796486846113627,2.7020550055489783,226
1957,114.16516946549638,22.313340147306143,36.08386186020213,9.11535471238218,22.552863967805486,0.30775449972237107,0.21257822492481332,1.2013429737372385,0.0796486846113627,2.7020550055489783,226
1958,114.17648610045956,22.32810558565524,33.642966874683175,11.29158180178577,22.139304163498434,0.22525035091332204,0.028565093761182013,0.9024144432320242,0.10070606649073631,5.498081915857835,131
1959,114.17648610045956,22.32810558565524,33.642966874683175,11.29158180178577,22.139304163498434,0.22525035091332204,0.028565093761182013,0.9024144432320242,0.10070606649073631,5.498081915857835,131
1960,114.23690774870214,22.30133679593081,35.83720548829036,9.224603187978563,17.69845711058052,0.23071398189411824,0.21537239871807953,1.1077501287507774,0.07017240002380674,4.332249200166161,134
1961,114.23690774870214,22.30133679593081,35.83720548829036,9.224603187978563,17.69845711058052,0.23071398189411824,0.21537239871807953,1.1077501287507774,0.07017240002380674,4.332249200166161,134
1962,114.26773134869792,22.33351650360932,25.123589833577476,10.883623758951822,46.03715896606445,0.0244140625,0.0,0.7019805908203125,0.090789794921875,1.043701171875,5
1963,114.26773134869792,22.33351650360932,25.123589833577476,10.883623758951822,46.03715896606445,0.0244140625,0.0,0.7019805908203125,0.090789794921875,1.043701171875,5
1964,114.18591047622536,22.317214439219395,51.078923273894745,6.364874112403999,9.181403574970481,0.47148203445693193,0.7339709222653491,1.3141634774073367,0.03870732366701978,6.261422270435398,118
1965,114.18591047622536,22.317214439219395,51.078923273894745,6.364874112403999,9.181403574970481,0.47148203445693193,0.7339709222653491,1.3141634774073367,0.03870732366701978,6.261422270435398,118
1966,114.10422639216004,22.354594032960165,32.55487853645259,17.871768250424637,15.28979142506917,0.31858183379866123,0.3030785128601596,0.9275220398210052,0.08293543106470352,2.212601237826877,156
1967,114.10422639216004,22.354594032960165,32.55487853645259,17.871768250424637,15.28979142506917,0.31858183379866123,0.3030785128601596,0.9275220398210052,0.08293543106470352,2.212601237826877,156
1968,114.10799159084034,22.35797310246037,42.53745427207341,9.192468552362351,19.113974495539587,0.3213204277886285,0.15291123163132442,0.9409426129053509,0.10029384068080358,2.5557799566359747,105
1969,114.10799159084034,22.35797310246037,42.53745427207341,9.192468552362351,19.113974495539587,0.3213204277886285,0.15291123163132442,0.9409426129053509,0.10029384068080358,2.5557799566359747,105
1970,114.16228542471382,22.3277437100288,48.19411726268994,3.55953307730899,10.616566290843087,0.9677083609332103,0.6320917637157193,1.3276347818300707,0.03466864888982255,5.774914078626215,258
1971,114.16228542471382,22.3277437100288,48.19411726268994,3.55953307730899,10.616566290843087,0.9677083609332103,0.6320917637157193,1.3276347818300707,0.03466864888982255,5.774914078626215,258
1972,114.16228542471382,22.3277437100288,48.19411726268994,3.55953307730899,10.616566290843087,0.9677083609332103,0.6320917637157193,1.3276347818300707,0.03466864888982255,5.774914078626215,258
1973,114.15485841951843,22.33730625695382,42.68558198127194,6.629079419880427,13.197809420757409,0.7596857059075965,0.460393680548816,0.8898940392409298,0.03776352844870115,5.728826068696521,161
1974,114.15485841951843,22.33730625695382,42.68558198127194,6.629079419880427,13.197809420757409,0.7596857059075965,0.460393680548816,0.8898940392409298,0.03776352844870115,5.728826068696521,161
1975,114.00301662576167,22.44818109586832,32.80257102385594,9.467978740301659,22.274370769190348,0.34680954740429176,0.5059610201617865,0.793790942414852,0.08084655120929708,2.1586475722745964,127
1976,114.00301662576167,22.44818109586832,32.80257102385594,9.467978740301659,22.274370769190348,0.34680954740429176,0.5059610201617865,0.793790942414852,0.08084655120929708,2.1586475722745964,127
1977,114.00301662576167,22.44818109586832,32.80257102385594,9.467978740301659,22.274370769190348,0.34680954740429176,0.5059610201617865,0.793790942414852,0.08084655120929708,2.1586475722745964,127
1978,114.15485841951843,22.33730625695382,42.68558198127194,6.629079419880427,13.197809420757409,0.7596857059075965,0.460393680548816,0.8898940392409298,0.03776352844870115,5.728826068696521,161
1979,114.17845699476402,22.367821992850427,30.40988928352306,13.95499316695469,18.523817436367857,0.4653011272156161,0.506737652946921,0.784864924312417,0.08893386990416284,3.2571998296999465,102
1980,114.2567387057821,22.30876042818404,37.299307899913565,16.370755776591686,18.895289322425583,0.28854304346544984,0.2556018171639278,0.8348293962149785,0.08072842126605155,1.4479242522141027,145
1981,114.2567387057821,22.30876042818404,37.299307899913565,16.370755776591686,18.895289322425583,0.28854304346544984,0.2556018171639278,0.8348293962149785,0.08072842126605155,1.4479242522141027,145
1982,114.2298021142014,22.424985470155587,34.38270312236495,20.049603588609806,13.890505220037866,0.5327536877858112,0.5791526242911097,1.49695021081641,0.13189890298498683,2.487947088647559,166
1983,114.2298021142014,22.424985470155587,34.38270312236495,20.049603588609806,13.890505220037866,0.5327536877858112,0.5791526242911097,1.49695021081641,0.13189890298498683,2.487947088647559,166
1984,114.2298021142014,22.424985470155587,34.38270312236495,20.049603588609806,13.890505220037866,0.5327536877858112,0.5791526242911097,1.49695021081641,0.13189890298498683,2.487947088647559,166
1985,114.2567387057821,22.30876042818404,37.299307899913565,16.370755776591686,18.895289322425583,0.28854304346544984,0.2556018171639278,0.8348293962149785,0.08072842126605155,1.4479242522141027,145
1986,114.03063893191452,22.445409044743144,43.708484891861204,7.4735327372475275,13.872980188440394,0.9790698056498532,1.084971680212273,1.6759563375402382,0.0657809474480846,4.939428208366273,252
1987,114.16475182154645,22.316889142157663,42.2624893793984,11.064251945132302,12.188768689594573,0.7022220369369265,0.6830904218885635,1.2716857970706998,0.07352783566429502,3.523767108008975,210
1988,114.16475182154645,22.316889142157663,42.2624893793984,11.064251945132302,12.188768689594573,0.7022220369369265,0.6830904218885635,1.2716857970706998,0.07352783566429502,3.523767108008975,210
1989,114.19793594128753,22.38140254675736,32.78611046927316,14.197817697781705,15.834548113015376,0.3008161272321429,0.6043582229140383,1.1436796089630443,0.09806042625790551,3.983660711758379,161
1990,114.13118052440296,22.28380402979832,33.15524628231723,16.453164589218378,22.560245505382017,0.491374184354573,0.754962298160698,1.082277404648612,0.07848014234163085,3.1838649604677887,149
1991,114.01667103344204,22.30805084096908,22.74086316426595,9.075625737508137,25.964927673339844,0.6255404154459636,0.24501800537109375,1.423823038736979,0.3877830505371094,0.574200948079427,10
1992,114.01667103344204,22.30805084096908,22.74086316426595,9.075625737508137,25.964927673339844,0.6255404154459636,0.24501800537109375,1.423823038736979,0.3877830505371094,0.574200948079427,10
1993,114.01668073858764,22.308050850551258,22.74086316426595,9.075625737508137,25.964927673339844,0.6255404154459636,0.24501800537109375,1.423823038736979,0.3877830505371094,0.574200948079427,10
1994,114.26649665870508,22.31533863126208,38.06583685575475,14.522684484288314,11.831437907933037,0.276847507642663,0.29542618903560913,0.6789318029431329,0.05803315535835598,3.7863365118054375,138
1995,114.26649665870508,22.31533863126208,38.06583685575475,14.522684484288314,11.831437907933037,0.276847507642663,0.29542618903560913,0.6789318029431329,0.05803315535835598,3.7863365118054375,138
1996,114.26649665870508,22.31533863126208,38.06583685575475,14.522684484288314,11.831437907933037,0.276847507642663,0.29542618903560913,0.6789318029431329,0.05803315535835598,3.7863365118054375,138
1997,114.10532959125943,22.36156610548472,47.55615382127358,10.74775239111672,11.066757121556243,0.5766550699869792,0.29844946704560044,0.970556142744324,0.07237738846613206,2.679615737127027,142
1998,114.09539241868154,22.353442951612266,20.74714459870991,19.00985450075384,21.762039786890934,0.23528316564727247,0.0,0.9251494156686884,0.03541979873389528,3.451874381617496,19
1999,114.09539241868154,22.353442951612266,20.74714459870991,19.00985450075384,21.762039786890934,0.23528316564727247,0.0,0.9251494156686884,0.03541979873389528,3.451874381617496,19
2000,114.09539241868154,22.353442951612266,20.74714459870991,19.00985450075384,21.762039786890934,0.23528316564727247,0.0,0.9251494156686884,0.03541979873389528,3.451874381617496,19
2001,114.14768616507142,22.283934260473927,53.83162319298946,12.655746575557822,6.4808127663352275,0.6123518510298296,0.49985966537937976,1.3920589793812146,0.0537181045069839,3.543846592758641,275
2002,114.10532959125943,22.36156610548472,47.55615382127358,10.74775239111672,11.066757121556243,0.5766550699869792,0.29844946704560044,0.970556142744324,0.07237738846613206,2.679615737127027,142
2003,114.00526496497004,22.460555169701934,29.539304607910733,8.668530602970034,19.90813223968649,0.20167301518256675,0.06510506213550836,0.706319853733403,0.049981936602525305,1.9678418065460634,142
2004,113.97518852992232,22.397632455225896,46.723014142544784,8.18634831432729,13.10441791573635,1.5194462959636852,0.6016893708933467,1.8788004411649772,0.097286543657076,4.0558494310196975,227
2005,113.99630674211836,22.460798245980644,36.81819432141774,9.24982956671647,18.068411411383213,0.37392483137951277,0.17152117867755073,0.9276618305434527,0.06193856568078369,1.5772621176521324,117
2006,113.99630674211836,22.460798245980644,36.81819432141774,9.24982956671647,18.068411411383213,0.37392483137951277,0.17152117867755073,0.9276618305434527,0.06193856568078369,1.5772621176521324,117
2007,113.99630674211836,22.460798245980644,36.81819432141774,9.24982956671647,18.068411411383213,0.37392483137951277,0.17152117867755073,0.9276618305434527,0.06193856568078369,1.5772621176521324,117
2008,113.97518852992232,22.397632455225896,46.723014142544784,8.18634831432729,13.10441791573635,1.5194462959636852,0.6016893708933467,1.8788004411649772,0.097286543657076,4.0558494310196975,227
2009,113.97518852992232,22.397632455225896,46.723014142544784,8.18634831432729,13.10441791573635,1.5194462959636852,0.6016893708933467,1.8788004411649772,0.097286543657076,4.0558494310196975,227
2010,114.14788822037184,22.24510248289067,40.76555280974417,11.67991811578924,10.943503813310103,0.5015676671808417,0.1155333085493608,0.749944918083422,0.09112791581587358,4.0766520933671435,44
2011,114.14788822037184,22.24510248289067,40.76555280974417,11.67991811578924,10.943503813310103,0.5015676671808417,0.1155333085493608,0.749944918083422,0.09112791581587358,4.0766520933671435,44
2012,114.14788822037184,22.24510248289067,40.76555280974417,11.67991811578924,10.943503813310103,0.5015676671808417,0.1155333085493608,0.749944918083422,0.09112791581587358,4.0766520933671435,44
2013,113.99634507882848,22.46120465706696,38.3343025185596,9.941030644822394,17.29672695028371,0.38993248994323026,0.19538484770676184,0.9294529070799378,0.05899736250954112,1.6631531989437411,116
2014,113.99634507882848,22.46120465706696,38.3343025185596,9.941030644822394,17.29672695028371,0.38993248994323026,0.19538484770676184,0.9294529070799378,0.05899736250954112,1.6631531989437411,116
2015,114.14870332353144,22.2439376686572,36.34708167970643,13.45520573993062,13.219025338342949,0.2953684607217478,0.09334475495094477,0.7609300835188045,0.07374342097792515,4.4103866399720655,86
2016,113.99634507882848,22.46120465706696,38.3343025185596,9.941030644822394,17.29672695028371,0.38993248994323026,0.19538484770676184,0.9294529070799378,0.05899736250954112,1.6631531989437411,116
2017,114.2319465616164,22.320772410382467,33.79169901212057,9.249460448821386,20.874228328466415,0.3759130835533142,0.17048120498657227,0.9226967891057332,0.09804442524909973,3.114736328522364,128
2018,114.23284871334646,22.31948975730668,36.82083365035383,12.179795138912114,16.02459258684829,0.4380496125243026,0.32760149812045164,0.9508718638659611,0.1075328757229461,3.474302814431387,146
2019,113.9370668890209,22.2811229032682,23.32683720469047,20.67543665568034,23.758243574463766,0.13071114871664288,0.1536584669543851,0.725442619733913,0.05975196865724406,1.9040552091427603,93
2020,114.22483605697536,22.41751881575199,33.41013737666754,15.298939045564627,19.329091354652686,0.24350896293734325,0.035598542955186635,0.9784901583636249,0.08339999634542582,0.8513677267380702,108
2021,114.25005770963564,22.26420647349704,36.403557864878266,13.558623721402231,13.19239294235605,0.4081103092338682,0.2513283851162699,0.8094885738637356,0.11039836294699035,4.147079646987403,149
2022,114.00000495506563,22.46354758463079,41.06011508423606,8.805710592387634,15.96517327391071,0.45450499028335395,0.2441459231906467,0.8611764436886633,0.08400369573522497,3.161296726744852,108
2023,114.00129024469322,22.46133653927586,41.141903294926195,6.234139467762635,16.064998041563683,0.2051879522723083,0.2173617877791413,0.911872436163348,0.04379925123006546,2.119277290186699,113
2024,114.10459477582695,22.355632710883896,34.73337809244792,15.549039107102615,16.53497549203726,0.27495555388621795,0.3664833460098658,1.0515127426538713,0.0930184584397536,2.716997586763822,130
2025,114.19369113677132,22.28884866329436,49.956846139669906,6.958671484013034,9.94504936389884,0.888328123190164,0.4979654323835314,1.2473707062578883,0.048319108647071514,4.106234529023278,163
2026,113.9985080663305,22.464042608997666,42.28796921377107,8.209988451379491,15.090079069763343,0.41630086623464674,0.242846030888595,0.7306476903399771,0.0752258801397689,3.0959614931441988,127
2027,114.13495070321773,22.49338525284397,22.14783032735189,25.688762582225717,20.603578947323225,0.18899492371133914,0.07056818379984274,0.5920055108669,0.0757634381711225,1.5692397113486287,154
2028,114.00056802214232,22.463909416957943,39.262049125902585,8.58084489199449,16.668178095962062,0.35027911767413716,0.25556930387863,0.7975867300322561,0.0717349325366293,3.2620131367384784,99
2029,114.2278209331572,22.42588915499088,30.76012446407527,15.489018516701485,19.214566548665363,0.6921019735215586,0.14816960201987736,0.9804130103517684,0.12392293551803138,1.995355871659291,79
2030,114.22030665820444,22.40708085183828,20.738034399728924,17.06216675894601,26.46802115061926,0.2974040924556671,0.007470448811848958,1.3601806428697374,0.09926765684097533,1.9534599213373094,84
2031,114.22170698840128,22.321777963422065,37.23766538831923,11.99113309772965,14.505041035172207,0.25729634403403284,0.2147375368604473,0.6797123578638812,0.09219475041807086,3.065316194023182,51
2032,114.19233466341616,22.30757829983029,36.06674347394779,20.920339925789538,11.548431714375814,0.5323913362291124,0.3548604470712167,1.3224063096223053,0.15043682522243923,3.503343499737021,108
2033,113.93712424646796,22.28162870038154,25.39112492213173,21.40566318754166,20.773801349458243,0.12557885003468347,0.234245118640718,0.7436805301242405,0.06444870479523189,1.6643982084970628,84
2034,114.2264214024605,22.423613910904105,36.6628979527673,14.12595039190248,16.358840557955954,0.332266046095264,0.35225180692450947,1.2934085934661155,0.07747199184210726,3.1005267949067346,86
2035,113.99806617908769,22.46768137091542,32.99797458210211,9.537637096711958,21.01531357600771,0.222692818477236,0.24006448943039466,0.6552786662660796,0.09329044955900347,2.749028973195745,116
2036,114.20310557620935,22.349767799208568,37.688210325421025,19.49452874045702,9.085567042512714,0.6076224944876424,0.27328347260097285,0.699280193016964,0.0847894440656938,5.039735110300891,53
2037,114.16409214210964,22.313421341679348,33.52106455210093,11.20109644022074,22.091143152735253,0.29804023536475927,0.18220231339738174,0.9874933259981173,0.05367382152660473,2.0205370585123696,185
2038,114.19233466341616,22.30757829983029,36.06674347394779,20.920339925789538,11.548431714375814,0.5323913362291124,0.3548604470712167,1.3224063096223053,0.15043682522243923,3.503343499737021,108
2039,114.19233466341616,22.30757829983029,36.06674347394779,20.920339925789538,11.548431714375814,0.5323913362291124,0.3548604470712167,1.3224063096223053,0.15043682522243923,3.503343499737021,108
2040,114.17623373145682,22.32767211684034,34.31662004939541,11.075277862177568,21.519390858002822,0.20441927759026668,0.055492707412608346,0.7927418915314686,0.09518087345318202,5.679192972299246,137
2041,114.17623373145682,22.32767211684034,34.31662004939541,11.075277862177568,21.519390858002822,0.20441927759026668,0.055492707412608346,0.7927418915314686,0.09518087345318202,5.679192972299246,137
2042,114.17623373145682,22.32767211684034,34.31662004939541,11.075277862177568,21.519390858002822,0.20441927759026668,0.055492707412608346,0.7927418915314686,0.09518087345318202,5.679192972299246,137
2043,114.19909908997016,22.368308118795287,10.584468070906823,31.352793568312514,26.689401299062403,0.057509451201467804,0.0013524835759943182,0.6509646020754419,0.06955368350250553,0.10033809777462122,33
2044,114.17699088585738,22.36665706108307,30.05603729732453,12.500841352674696,19.855917673262336,0.30255241999550475,0.013485863095238096,0.6628766135563927,0.06557737077985491,2.4881944202241444,105
2045,114.18314421865522,22.315002073995583,27.705225924896116,19.412432384098505,16.337566218748997,0.18190454553674767,0.2619378360701196,0.873699502199275,0.0654915232717255,4.082441918643904,81
2046,114.18314421865522,22.315002073995583,27.705225924896116,19.412432384098505,16.337566218748997,0.18190454553674767,0.2619378360701196,0.873699502199275,0.0654915232717255,4.082441918643904,81
2047,114.18314421865522,22.315002073995583,27.705225924896116,19.412432384098505,16.337566218748997,0.18190454553674767,0.2619378360701196,0.873699502199275,0.0654915232717255,4.082441918643904,81
2048,114.164798277805,22.45386408738034,27.98882850578853,22.742808858553566,14.828568413144067,0.5465524537222727,0.17327879156385148,1.1997266894295104,0.10580917199452718,3.891546243713016,224
2049,114.23509619061278,22.262279968820405,39.91205309644157,12.584051673794969,16.781061078295295,0.22008831118359976,0.13797371475784867,0.9347471190087588,0.05395912829740547,4.16244548044087,108
2050,114.23509619061278,22.262279968820405,39.91205309644157,12.584051673794969,16.781061078295295,0.22008831118359976,0.13797371475784867,0.9347471190087588,0.05395912829740547,4.16244548044087,108
2051,114.23509619061278,22.262279968820405,39.91205309644157,12.584051673794969,16.781061078295295,0.22008831118359976,0.13797371475784867,0.9347471190087588,0.05395912829740547,4.16244548044087,108
2052,114.164798277805,22.45386408738034,27.98882850578853,22.742808858553566,14.828568413144067,0.5465524537222727,0.17327879156385148,1.1997266894295104,0.10580917199452718,3.891546243713016,224
2053,114.164798277805,22.45386408738034,27.98882850578853,22.742808858553566,14.828568413144067,0.5465524537222727,0.17327879156385148,1.1997266894295104,0.10580917199452718,3.891546243713016,224
2054,114.18268893120484,22.336052390896302,35.40658950805664,11.813105354013368,18.22988598845726,0.3781022951584454,0.07242601971293604,0.8237646531689073,0.07983215095460876,2.4255959562552993,43
2055,114.18268893120484,22.336052390896302,35.40658950805664,11.813105354013368,18.22988598845726,0.3781022951584454,0.07242601971293604,0.8237646531689073,0.07983215095460876,2.4255959562552993,43
2056,114.14783167314188,22.28415102171298,54.413039967165155,12.056510084766451,6.457294528767214,0.6554563705530544,0.5763643340202375,1.446439344330696,0.05721938138627736,3.6551511085639565,295
2057,114.18268893120484,22.336052390896302,35.40658950805664,11.813105354013368,18.22988598845726,0.3781022951584454,0.07242601971293604,0.8237646531689073,0.07983215095460876,2.4255959562552993,43
2058,114.14498127426948,22.486677958277607,19.6137188907608,27.77686042479243,18.63188494640182,0.14678828687552947,0.34772995485359404,0.824028612619423,0.06445306371972263,2.8383892702769082,166
2059,114.14498127426948,22.486677958277607,19.6137188907608,27.77686042479243,18.63188494640182,0.14678828687552947,0.34772995485359404,0.824028612619423,0.06445306371972263,2.8383892702769082,166
2060,114.14498127426948,22.486677958277607,19.6137188907608,27.77686042479243,18.63188494640182,0.14678828687552947,0.34772995485359404,0.824028612619423,0.06445306371972263,2.8383892702769082,166
2061,114.16773996091874,22.336115455771736,37.788418544236045,10.763342662524153,15.726689113083706,0.40280024210611975,0.35569744725381175,0.8834843994468771,0.057935458357616126,5.317198076555805,124
2062,114.16773996091874,22.336115455771736,37.788418544236045,10.763342662524153,15.726689113083706,0.40280024210611975,0.35569744725381175,0.8834843994468771,0.057935458357616126,5.317198076555805,124
2063,114.16773996091874,22.336115455771736,37.788418544236045,10.763342662524153,15.726689113083706,0.40280024210611975,0.35569744725381175,0.8834843994468771,0.057935458357616126,5.317198076555805,124
2064,114.13835344410752,22.48824780264219,18.868534148685516,34.5429683866955,11.483345031738281,0.4272554791162885,0.3292371356298053,0.6006271120101686,0.04736824641152034,2.4774681575714594,105
2065,113.93545348548668,22.28267377209081,35.1960256118183,17.595029431720114,16.293093954869942,0.11346728302711664,0.15635379525118095,1.421777592148892,0.057548700376998545,1.8490931784459785,43
2066,113.93545348548668,22.28267377209081,35.1960256118183,17.595029431720114,16.293093954869942,0.11346728302711664,0.15635379525118095,1.421777592148892,0.057548700376998545,1.8490931784459785,43
2067,114.1637815114696,22.313990244820022,33.69501904324368,11.31721960531699,21.649846772889834,0.2956172152682468,0.19970764984955658,0.9891535784747151,0.0530818561175922,1.9570539663503834,185
2068,114.2220558752314,22.410322319090543,25.787926051351757,16.088200277752346,25.94921423329247,0.14708240826924643,0.07941325505574544,0.6038765112559,0.06828639242384169,1.2963838047451444,96
2069,113.99982926542184,22.46417952011984,39.743707861219136,8.499533505666824,16.54706568945022,0.4108389218648275,0.31373841421944754,0.7315933704376221,0.08528715088253928,3.192757424854097,112
2070,114.24946592970616,22.264306076329667,36.10455385843912,12.851786295572916,13.295228746202257,0.40412669711642796,0.18961970011393228,0.7668062845865884,0.10436969333224826,4.245740678575304,150
2071,114.26096768935976,22.30459518218522,35.519153163546605,13.507455303555442,17.25188067981175,0.45907440639677505,0.07582732609340123,1.8949778307051885,0.08291006088256836,4.113609734035673,112
2072,114.1384716096343,22.48261285615567,27.88792370127983,20.22846896632188,14.055682201774752,0.3416768547629012,0.05575686084980867,1.0579349232368729,0.1025491831253986,3.168584213775843,49
2073,114.1384716096343,22.48261285615567,27.88792370127983,20.22846896632188,14.055682201774752,0.3416768547629012,0.05575686084980867,1.0579349232368729,0.1025491831253986,3.168584213775843,49
2074,114.1384716096343,22.48261285615567,27.88792370127983,20.22846896632188,14.055682201774752,0.3416768547629012,0.05575686084980867,1.0579349232368729,0.1025491831253986,3.168584213775843,49
2075,114.1518687883678,22.281641176255672,63.76745492509268,5.80666705628429,6.671027458215609,0.8773939509222037,0.6936165892962113,1.4373861084478188,0.03044998761519645,4.048028810124568,206
2076,114.1518687883678,22.281641176255672,63.76745492509268,5.80666705628429,6.671027458215609,0.8773939509222037,0.6936165892962113,1.4373861084478188,0.03044998761519645,4.048028810124568,206
2077,114.1518687883678,22.281641176255672,63.76745492509268,5.80666705628429,6.671027458215609,0.8773939509222037,0.6936165892962113,1.4373861084478188,0.03044998761519645,4.048028810124568,206
2078,113.9504932980381,22.294986050654817,18.76993030309677,20.566649734973907,24.351640045642853,0.04507601261138915,0.3215581178665161,0.5944535136222839,0.14809370040893555,0.6928935647010803,64
2079,114.1451042252974,22.501487836776903,29.26788131395976,14.24928175078498,23.031778468026054,0.19391753055431224,0.2974916387487341,1.188241993939435,0.06568453930042409,4.716608038655034,144
2080,114.1451042252974,22.501487836776903,29.26788131395976,14.24928175078498,23.031778468026054,0.19391753055431224,0.2974916387487341,1.188241993939435,0.06568453930042409,4.716608038655034,144
2081,114.1451042252974,22.501487836776903,29.26788131395976,14.24928175078498,23.031778468026054,0.19391753055431224,0.2974916387487341,1.188241993939435,0.06568453930042409,4.716608038655034,144
2082,114.25472897294824,22.30740681561633,34.46136050754123,13.051738842392998,21.200991839897338,0.18765415925643633,0.055781418715066054,0.8546573359791826,0.07351304134379234,1.6919112787014101,123
2083,114.16427373774914,22.452906820194745,26.664397650003085,23.59363903208101,14.651055132940128,0.500097428824583,0.1907125968765057,1.138770877877346,0.09991804058506275,3.673145669497407,227
2084,114.16427373774914,22.452906820194745,26.664397650003085,23.59363903208101,14.651055132940128,0.500097428824583,0.1907125968765057,1.138770877877346,0.09991804058506275,3.673145669497407,227
2085,114.16427373774914,22.452906820194745,26.664397650003085,23.59363903208101,14.651055132940128,0.500097428824583,0.1907125968765057,1.138770877877346,0.09991804058506275,3.673145669497407,227
2086,114.18320242886932,22.314478296940884,27.562849563464784,19.914299145079493,16.277969929209927,0.1604485930057994,0.29364970692417075,0.9621925521315189,0.06545342897114001,3.7628604654680218,76
2087,114.18320242886932,22.314478296940884,27.562849563464784,19.914299145079493,16.277969929209927,0.1604485930057994,0.29364970692417075,0.9621925521315189,0.06545342897114001,3.7628604654680218,76
2088,114.18320242886932,22.314478296940884,27.562849563464784,19.914299145079493,16.277969929209927,0.1604485930057994,0.29364970692417075,0.9621925521315189,0.06545342897114001,3.7628604654680218,76
2089,114.26619504696316,22.31418288196432,36.28593231278824,16.088395203646204,13.792375753854067,0.2888905183049559,0.19645399719704199,0.6924325879900206,0.06940322371232903,2.7989722390211265,131
2090,114.26619504696316,22.31418288196432,36.28593231278824,16.088395203646204,13.792375753854067,0.2888905183049559,0.19645399719704199,0.6924325879900206,0.06940322371232903,2.7989722390211265,131
2091,114.26619504696316,22.31418288196432,36.28593231278824,16.088395203646204,13.792375753854067,0.2888905183049559,0.19645399719704199,0.6924325879900206,0.06940322371232903,2.7989722390211265,131
2092,114.21572564668264,22.38321438368388,22.29308334051394,22.8561127107907,16.42755433624866,0.20963506760940054,0.11696534998276654,0.905968784506804,0.07929085126889297,3.432176627364813,102
2093,114.21572564668264,22.38321438368388,22.29308334051394,22.8561127107907,16.42755433624866,0.20963506760940054,0.11696534998276654,0.905968784506804,0.07929085126889297,3.432176627364813,102
2094,113.99870695624008,22.460466788849484,39.57170935534926,8.014967832615767,16.346863842515088,0.2645454709492033,0.19655984545510913,0.7971947786038515,0.05718791295611669,1.787730121107959,126
2095,113.99870695624008,22.460466788849484,39.57170935534926,8.014967832615767,16.346863842515088,0.2645454709492033,0.19655984545510913,0.7971947786038515,0.05718791295611669,1.787730121107959,126
2096,113.99870695624008,22.460466788849484,39.57170935534926,8.014967832615767,16.346863842515088,0.2645454709492033,0.19655984545510913,0.7971947786038515,0.05718791295611669,1.787730121107959,126
2097,114.21572564668264,22.38321438368388,22.29308334051394,22.8561127107907,16.42755433624866,0.20963506760940054,0.11696534998276654,0.905968784506804,0.07929085126889297,3.432176627364813,102
2098,114.17675788435945,22.328277167114663,33.39645574122299,11.526759347797913,22.16309253080392,0.2198666702082128,0.03309320520471643,0.9174438759132668,0.10226685323832949,5.840798130741825,135
2099,114.17675788435945,22.328277167114663,33.39645574122299,11.526759347797913,22.16309253080392,0.2198666702082128,0.03309320520471643,0.9174438759132668,0.10226685323832949,5.840798130741825,135
2100,114.19369113677132,22.28884866329436,49.956846139669906,6.958671484013034,9.94504936389884,0.888328123190164,0.4979654323835314,1.2473707062578883,0.048319108647071514,4.106234529023278,163
2101,114.00573330400714,22.4589392238564,24.631111992730034,10.981739044189453,24.109939575195312,0.19527732001410592,0.0065155029296875,0.7571447160508897,0.07274415757921007,2.7024006313747826,150
2102,114.19369113677132,22.28884866329436,49.956846139669906,6.958671484013034,9.94504936389884,0.888328123190164,0.4979654323835314,1.2473707062578883,0.048319108647071514,4.106234529023278,163
2103,114.00573330400714,22.4589392238564,24.631111992730034,10.981739044189453,24.109939575195312,0.19527732001410592,0.0065155029296875,0.7571447160508897,0.07274415757921007,2.7024006313747826,150
2104,114.00573330400714,22.4589392238564,24.631111992730034,10.981739044189453,24.109939575195312,0.19527732001410592,0.0065155029296875,0.7571447160508897,0.07274415757921007,2.7024006313747826,150
2105,114.19135806364106,22.342553857642432,39.046801257337265,14.681801225385097,14.874808401124092,0.6239279722556089,0.6664394313453609,1.0375324477497327,0.14702356778658354,2.868177340580867,156
2106,114.19135806364106,22.342553857642432,39.046801257337265,14.681801225385097,14.874808401124092,0.6239279722556089,0.6664394313453609,1.0375324477497327,0.14702356778658354,2.868177340580867,156
2107,114.19135806364106,22.342553857642432,39.046801257337265,14.681801225385097,14.874808401124092,0.6239279722556089,0.6664394313453609,1.0375324477497327,0.14702356778658354,2.868177340580867,156
2108,114.20016267531784,22.341622680369223,31.20895085511384,19.024299868830926,15.42576242376257,0.3656316686559606,0.17625384860568577,1.002724082381637,0.0601355234781901,4.125517032764576,180
2109,114.1391854610026,22.28551287252503,58.383713255415444,5.335041853758666,10.038015863916895,0.6862235140872073,0.5610789622630443,1.6074623073543512,0.04460790135838964,4.155785185438735,222
2110,114.2535741906189,22.30764216172416,37.86204735438029,14.111760457356771,17.520399623447,0.1604853736029731,0.1503594716389974,0.7993782891167535,0.06074163648817274,1.4965197775099015,120
2111,114.1920916342623,22.30389383422377,44.7289940516154,5.333363850911459,14.410038312276203,0.6588277816772461,0.22832679748535156,1.0565080642700195,0.09447733561197916,4.062522570292155,100
2112,114.19940287562872,22.3856466945066,23.666272721849044,17.758544286092125,21.04365804173925,0.12651134181667018,0.02719002801018792,0.5344803268845016,0.06373551514771608,2.1534756497219876,74
2113,114.1920916342623,22.30389383422377,44.7289940516154,5.333363850911459,14.410038312276203,0.6588277816772461,0.22832679748535156,1.0565080642700195,0.09447733561197916,4.062522570292155,100
2114,114.27468850575946,22.385221330026766,11.672836939493815,20.967374642690025,31.937648057937622,0.14101584752400717,0.041217803955078125,0.6947259108225505,0.08481303850809732,1.7812573909759521,80
2115,114.2131461106361,22.32150918927513,45.920622582529106,8.992419353355912,15.03217853539343,0.6018347918668533,0.19094191770502592,1.023871545910623,0.07454571239451037,2.695384340065261,187
2116,114.27468850575946,22.385221330026766,11.672836939493815,20.967374642690025,31.937648057937622,0.14101584752400717,0.041217803955078125,0.6947259108225505,0.08481303850809732,1.7812573909759521,80
2117,114.27468850575946,22.385221330026766,11.672836939493815,20.967374642690025,31.937648057937622,0.14101584752400717,0.041217803955078125,0.6947259108225505,0.08481303850809732,1.7812573909759521,80
2118,114.15584110388318,22.32222531454921,32.43302089580591,8.262776291888693,24.66420747231746,0.15036334162173065,0.0721765601116678,0.6526173024937727,0.03575207530588343,2.546140767525935,92
2119,113.96655701864046,22.409297841472497,30.265454952122457,16.278851933839942,17.51145835684127,0.3197063584955467,0.21143200016823135,1.0324277797666919,0.09898177715910583,3.1553479469790844,119
2120,113.96655701864046,22.409297841472497,30.265454952122457,16.278851933839942,17.51145835684127,0.3197063584955467,0.21143200016823135,1.0324277797666919,0.09898177715910583,3.1553479469790844,119
2121,113.96655701864046,22.409297841472497,30.265454952122457,16.278851933839942,17.51145835684127,0.3197063584955467,0.21143200016823135,1.0324277797666919,0.09898177715910583,3.1553479469790844,119
2122,113.97479235068644,22.40297799517241,29.96637924857761,19.375107648703377,18.042318371758945,0.4894473784705374,0.336729369548537,1.2598827512121105,0.13659301505078933,2.287387058107996,161
2123,113.97725400096654,22.39976620787752,35.00003893188979,14.240322387758106,17.572221638243875,0.6604638119293339,0.3108403319684566,1.378387286339277,0.09172620106135866,3.4256315035093956,162
2124,114.14224147745944,22.48441076099772,23.013918765921716,27.558205458108848,13.57828722464458,0.19498300016596076,0.20805530333786867,0.8670094307888759,0.06675541624147793,3.25144524877884,178
2125,113.97479235068644,22.40297799517241,29.96637924857761,19.375107648703377,18.042318371758945,0.4894473784705374,0.336729369548537,1.2598827512121105,0.13659301505078933,2.287387058107996,161
2126,114.0006852193098,22.471115803045578,29.470191103346803,9.892825877412836,22.901122451674006,0.1793830952745803,0.43967632537192486,0.47107588314840976,0.06963141421054272,1.9243335047512187,94
2127,114.00281650115176,22.460633821040155,37.02937312509822,7.429806720251324,17.223152292185812,0.19992609133665587,0.12831457729997306,0.7701281843514277,0.0419903897691047,2.259674510736575,145
2128,114.17861194591671,22.33648595461716,29.125707778171517,12.520973006291175,23.22359108806249,0.36224536041715244,0.45936214390085706,0.9626936556687996,0.07790688851579505,4.918887721958445,134
2129,113.96652487846164,22.41129352892474,25.999154800023785,15.641348353235713,21.501984439053377,0.19549869355701266,0.12962844345595811,0.9394687610668141,0.06279997773222872,3.3459859016614093,91
2130,114.19125706785589,22.3044267166534,45.25895871614155,7.185466456831546,12.770243904046845,0.5882093780919125,0.26902525048506887,0.9903146509538616,0.10200508853845429,4.315660501781263,152
2131,114.2335173276035,22.3167713164605,38.42149825323196,15.086321149553571,13.57028597877139,0.49974986485072537,0.2795982360839844,0.9158232098533995,0.0804758071899414,3.9832024347214476,140
2132,114.03183812733744,22.44128321736268,38.287292639414474,9.728885809580486,16.08246644337972,0.7238709131876628,0.7429633140563966,1.6931811968485517,0.0792249043782552,5.539851029713949,200
2133,114.23958974011676,22.265673820328217,35.40331990111108,14.678305270625096,15.891691282683725,0.40676702860913244,0.7013034197240093,0.8762714909572228,0.0480246699713414,3.7407127081179152,102
2134,114.1385506560297,22.371583207848285,41.81175231933594,15.209449865879156,9.843773475060097,0.5976967933850411,0.7489607884333684,0.7966846074813452,0.06569446661533454,4.636826637463692,130
2135,114.1385506560297,22.371583207848285,41.81175231933594,15.209449865879156,9.843773475060097,0.5976967933850411,0.7489607884333684,0.7966846074813452,0.06569446661533454,4.636826637463692,130
2136,114.00057970252205,22.462356200330014,43.11454672562449,7.212768019291393,15.38663061041581,0.16652057045384458,0.2373364097193668,0.9681169610274466,0.052817495245682564,2.2633117541932224,95
2137,114.00057970252205,22.462356200330014,43.11454672562449,7.212768019291393,15.38663061041581,0.16652057045384458,0.2373364097193668,0.9681169610274466,0.052817495245682564,2.2633117541932224,95
2138,114.1385506560297,22.371583207848285,41.81175231933594,15.209449865879156,9.843773475060097,0.5976967933850411,0.7489607884333684,0.7966846074813452,0.06569446661533454,4.636826637463692,130
2139,114.22190001878172,22.40889554482322,21.71083599913354,17.07454008214614,26.857513352936387,0.28261596081303614,0.055943657370174635,0.8088403589585248,0.07639193067363664,2.259665470497281,85
2140,114.22190001878172,22.40889554482322,21.71083599913354,17.07454008214614,26.857513352936387,0.28261596081303614,0.055943657370174635,0.8088403589585248,0.07639193067363664,2.259665470497281,85
2141,114.00057970252205,22.462356200330014,43.11454672562449,7.212768019291393,15.38663061041581,0.16652057045384458,0.2373364097193668,0.9681169610274466,0.052817495245682564,2.2633117541932224,95
2142,114.22190001878172,22.40889554482322,21.71083599913354,17.07454008214614,26.857513352936387,0.28261596081303614,0.055943657370174635,0.8088403589585248,0.07639193067363664,2.259665470497281,85
2143,114.25287485278596,22.306594941174044,38.375054041544594,9.456290139092337,15.68908903333876,0.17617670694986978,0.13572057088216147,0.9731792873806425,0.0628475613064236,1.807408226860894,150
2144,114.1391854610026,22.28551287252503,58.383713255415444,5.335041853758666,10.038015863916895,0.6862235140872073,0.5610789622630443,1.6074623073543512,0.04460790135838964,4.155785185438735,222
2145,114.25300101876732,22.306594881979844,38.061749653149676,9.386767725790701,16.541019152569515,0.1761520549815188,0.13722696611958166,0.9748860841156335,0.06404097362231181,2.11110822616085,155
2146,114.01667103344204,22.30805084096908,22.74086316426595,9.075625737508137,25.964927673339844,0.6255404154459636,0.24501800537109375,1.423823038736979,0.3877830505371094,0.574200948079427,10
2147,114.25287485278596,22.306594941174044,38.375054041544594,9.456290139092337,15.68908903333876,0.17617670694986978,0.13572057088216147,0.9731792873806425,0.0628475613064236,1.807408226860894,150
2148,114.0050806889172,22.46029309180167,29.98918670791764,7.7168277792028475,20.10155540328842,0.2236720677968618,0.062465667724609375,0.8096918329462275,0.05378894977741413,2.5022313401505754,148
2149,114.0050806889172,22.46029309180167,29.98918670791764,7.7168277792028475,20.10155540328842,0.2236720677968618,0.062465667724609375,0.8096918329462275,0.05378894977741413,2.5022313401505754,148
2150,113.99974309023489,22.470825798667285,29.9859628131494,11.179101667821609,22.485906427556817,0.1928011576334635,0.3408798063644255,0.5133744442101681,0.09508646698511809,1.7574416266547308,99
2151,114.00057970252205,22.462356200330014,43.11454672562449,7.212768019291393,15.38663061041581,0.16652057045384458,0.2373364097193668,0.9681169610274466,0.052817495245682564,2.2633117541932224,95
2152,114.0050806889172,22.46029309180167,29.98918670791764,7.7168277792028475,20.10155540328842,0.2236720677968618,0.062465667724609375,0.8096918329462275,0.05378894977741413,2.5022313401505754,148
2153,114.00057970252205,22.462356200330014,43.11454672562449,7.212768019291393,15.38663061041581,0.16652057045384458,0.2373364097193668,0.9681169610274466,0.052817495245682564,2.2633117541932224,95
2154,114.00057970252205,22.462356200330014,43.11454672562449,7.212768019291393,15.38663061041581,0.16652057045384458,0.2373364097193668,0.9681169610274466,0.052817495245682564,2.2633117541932224,95
2155,114.16765841630584,22.24693802691589,47.127521399295695,9.230042837716482,12.094822685757439,0.29398711411269396,0.34623312783408,0.9595804281168051,0.04893527442202979,4.489183314752468,143
2156,114.16765841630584,22.24693802691589,47.127521399295695,9.230042837716482,12.094822685757439,0.29398711411269396,0.34623312783408,0.9595804281168051,0.04893527442202979,4.489183314752468,143
2157,113.98266440184314,22.412957267479587,28.07535369539521,17.788642351744606,21.445508341971642,0.2162599824165386,0.20960198074090677,1.0236844339005935,0.07154485567019937,2.4304866790771484,122
2158,113.98266440184314,22.412957267479587,28.07535369539521,17.788642351744606,21.445508341971642,0.2162599824165386,0.20960198074090677,1.0236844339005935,0.07154485567019937,2.4304866790771484,122
2159,113.98266440184314,22.412957267479587,28.07535369539521,17.788642351744606,21.445508341971642,0.2162599824165386,0.20960198074090677,1.0236844339005935,0.07154485567019937,2.4304866790771484,122
2160,114.00057970252205,22.462356200330014,43.11454672562449,7.212768019291393,15.38663061041581,0.16652057045384458,0.2373364097193668,0.9681169610274466,0.052817495245682564,2.2633117541932224,95
2161,114.00057970252205,22.462356200330014,43.11454672562449,7.212768019291393,15.38663061041581,0.16652057045384458,0.2373364097193668,0.9681169610274466,0.052817495245682564,2.2633117541932224,95
2162,113.99779355275476,22.43786264153426,14.267092450008889,18.877271557530612,33.7197211335455,0.07092270727135049,0.03468669052665115,0.7161298260339325,0.06874391091348994,2.85891968025947,141
2163,113.99660096939256,22.466180694309184,28.779652474940505,14.06367647236791,22.87464415890047,0.4047851452882263,0.22339656435210128,0.6857745948879197,0.10128350093446929,2.2597332110350163,116
2164,114.1953551938964,22.471102574893383,20.587330394321018,26.824612970705388,24.16879689251935,0.09096816734031393,0.3560807969835069,1.176054389388473,0.37173606731273506,0.9180801886099356,36
2165,114.1953551938964,22.471102574893383,20.587330394321018,26.824612970705388,24.16879689251935,0.09096816734031393,0.3560807969835069,1.176054389388473,0.37173606731273506,0.9180801886099356,36
2166,114.1953551938964,22.471102574893383,20.587330394321018,26.824612970705388,24.16879689251935,0.09096816734031393,0.3560807969835069,1.176054389388473,0.37173606731273506,0.9180801886099356,36
2167,114.1780391465352,22.32749150172768,36.47368598628689,9.970824568121282,20.424650381277274,0.19630848824440897,0.12396477364205025,0.9417209539327537,0.10162516757174656,5.790913427198255,148
2168,114.20785775646893,22.32819292237373,29.170170207481604,16.51785548797435,19.14667652151679,0.4270558976857676,0.1696020869885461,0.805052794979117,0.10120047014311882,3.8191746857206694,118
2169,114.20389098670576,22.344882135403445,44.57782864964047,10.810744408333656,12.440102643305712,0.4116124445849126,0.07639592236811572,0.9171633830558349,0.16823318531804354,3.218691105102942,101
2170,114.1517629890959,22.33076766953588,31.360181754197527,9.90905703567877,22.720700163182205,0.17238302928645435,0.21440885900481932,0.7833069902125414,0.0727401516301845,3.238769469222402,164
2171,114.1517629890959,22.33076766953588,31.360181754197527,9.90905703567877,22.720700163182205,0.17238302928645435,0.21440885900481932,0.7833069902125414,0.0727401516301845,3.238769469222402,164
2172,114.13339254458305,22.28503280252498,43.81736071178353,10.488934524975049,17.967124719506796,0.4708569263645436,0.466752092648682,1.151870107892806,0.06451776185011501,3.400233957771521,197
2173,114.13339254458305,22.28503280252498,43.81736071178353,10.488934524975049,17.967124719506796,0.4708569263645436,0.466752092648682,1.151870107892806,0.06451776185011501,3.400233957771521,197
2174,114.13339254458305,22.28503280252498,43.81736071178353,10.488934524975049,17.967124719506796,0.4708569263645436,0.466752092648682,1.151870107892806,0.06451776185011501,3.400233957771521,197
2175,114.22888394712066,22.2805330119966,44.29582210597146,9.150131269433032,18.407451930304465,0.4647211096752649,0.6540480114164807,0.8667025072821255,0.03901686770183895,3.288847198235773,203
2176,114.22888394712066,22.2805330119966,44.29582210597146,9.150131269433032,18.407451930304465,0.4647211096752649,0.6540480114164807,0.8667025072821255,0.03901686770183895,3.288847198235773,203
2177,114.22888394712066,22.2805330119966,44.29582210597146,9.150131269433032,18.407451930304465,0.4647211096752649,0.6540480114164807,0.8667025072821255,0.03901686770183895,3.288847198235773,203
2178,114.26096768935976,22.30459518218522,35.519153163546605,13.507455303555442,17.25188067981175,0.45907440639677505,0.07582732609340123,1.8949778307051885,0.08291006088256836,4.113609734035673,112
2179,113.93536941157832,22.280777225743226,23.562603588252102,25.471917233725847,21.29995730496192,0.08107488469560017,0.06622491880904796,0.5160679188809653,0.04580593848413275,1.4080491176871366,43
2180,113.93536941157832,22.280777225743226,23.562603588252102,25.471917233725847,21.29995730496192,0.08107488469560017,0.06622491880904796,0.5160679188809653,0.04580593848413275,1.4080491176871366,43
2181,113.93536941157832,22.280777225743226,23.562603588252102,25.471917233725847,21.29995730496192,0.08107488469560017,0.06622491880904796,0.5160679188809653,0.04580593848413275,1.4080491176871366,43
2182,114.14028004113705,22.36744762157097,43.61831151187148,10.51798367609172,10.923945849344612,0.46310620765163474,0.5508631876070206,1.0732041102021797,0.05713205903632457,3.460634353498346,146
2183,114.14028004113705,22.36744762157097,43.61831151187148,10.51798367609172,10.923945849344612,0.46310620765163474,0.5508631876070206,1.0732041102021797,0.05713205903632457,3.460634353498346,146
2184,114.1786119696527,22.33835528353082,32.89352717113297,11.47138248072401,21.99935222017592,0.4052914447665955,0.39748316225798236,0.9788515158074735,0.07493273812051145,4.880426932072294,161
2185,114.14028004113705,22.36744762157097,43.61831151187148,10.51798367609172,10.923945849344612,0.46310620765163474,0.5508631876070206,1.0732041102021797,0.05713205903632457,3.460634353498346,146
2186,114.16468268202958,22.442530862667155,19.82396577533923,32.091361597964635,16.32887656228584,0.1856248420581483,0.0742139314350329,0.8456531323884664,0.11204769736842106,2.143789257919579,95
2187,114.202775393185,22.3491808659978,39.85040850109524,16.89516802628835,9.346204664972094,0.7025049792395697,0.3169265058305528,0.9581383731630114,0.07547868622673883,4.5038176907433405,96
2188,114.19449024200614,22.469657803665623,28.586238225301106,15.830380121866861,22.659130891164146,0.15881856282552081,0.34569263458251953,0.849165121714274,0.37332296371459966,1.2143254280090332,40
2189,114.2251480088148,22.42082387899885,43.91848921775818,12.330969174702963,13.962531884511312,0.2634882926940918,0.4393172264099121,1.3981056213378908,0.08645097414652507,1.5070021152496338,80
2190,114.2251480088148,22.42082387899885,43.91848921775818,12.330969174702963,13.962531884511312,0.2634882926940918,0.4393172264099121,1.3981056213378908,0.08645097414652507,1.5070021152496338,80
2191,114.202775393185,22.3491808659978,39.85040850109524,16.89516802628835,9.346204664972094,0.7025049792395697,0.3169265058305528,0.9581383731630114,0.07547868622673883,4.5038176907433405,96
2192,114.202775393185,22.3491808659978,39.85040850109524,16.89516802628835,9.346204664972094,0.7025049792395697,0.3169265058305528,0.9581383731630114,0.07547868622673883,4.5038176907433405,96
2193,114.16955936750556,22.442531156204303,23.96574113200761,24.45636271270232,17.471096753494002,0.1727245729915127,0.14737818362939098,0.782882848215219,0.09571595203557444,3.7389059136383724,137
2194,114.0270359493128,22.444322089553648,50.16796844827253,5.979047926132288,10.738966020487124,1.8291381792833579,1.3770106148585088,2.061974800239175,0.067453869318558,5.389763406441036,236
2195,114.0270359493128,22.444322089553648,50.16796844827253,5.979047926132288,10.738966020487124,1.8291381792833579,1.3770106148585088,2.061974800239175,0.067453869318558,5.389763406441036,236
2196,114.13756847963246,22.342323986998647,30.512008537240582,14.690337213529208,18.873202719655975,0.1760693634448408,0.1035884935028699,0.921206247238886,0.058523813883463546,2.5665445392634587,98
2197,114.13756847963246,22.342323986998647,30.512008537240582,14.690337213529208,18.873202719655975,0.1760693634448408,0.1035884935028699,0.921206247238886,0.058523813883463546,2.5665445392634587,98
2198,114.13756847963246,22.342323986998647,30.512008537240582,14.690337213529208,18.873202719655975,0.1760693634448408,0.1035884935028699,0.921206247238886,0.058523813883463546,2.5665445392634587,98
2199,114.2538261729526,22.30700086954709,37.102394339479055,10.931316030368885,18.168939386375644,0.19034515192479265,0.14122974725417148,0.8392748028162574,0.07144158759725437,1.9949801174210913,162
2200,114.2538261729526,22.30700086954709,37.102394339479055,10.931316030368885,18.168939386375644,0.19034515192479265,0.14122974725417148,0.8392748028162574,0.07144158759725437,1.9949801174210913,162
2201,114.2538261729526,22.30700086954709,37.102394339479055,10.931316030368885,18.168939386375644,0.19034515192479265,0.14122974725417148,0.8392748028162574,0.07144158759725437,1.9949801174210913,162
2202,114.00144083086926,22.449759714640507,31.71965911223723,11.543041378170164,19.392311966813,0.4476120522072366,0.1383480724987683,0.776173760583093,0.08342273242480762,2.500730233865457,111
2203,113.93535003616346,22.28075913577055,23.562603588252102,25.471917233725847,21.29995730496192,0.08107488469560017,0.06622491880904796,0.5160679188809653,0.04580593848413275,1.4080491176871366,43
2204,113.93535003616346,22.28075913577055,23.562603588252102,25.471917233725847,21.29995730496192,0.08107488469560017,0.06622491880904796,0.5160679188809653,0.04580593848413275,1.4080491176871366,43
2205,113.93535003616346,22.28075913577055,23.562603588252102,25.471917233725847,21.29995730496192,0.08107488469560017,0.06622491880904796,0.5160679188809653,0.04580593848413275,1.4080491176871366,43
2206,114.00144083086926,22.449759714640507,31.71965911223723,11.543041378170164,19.392311966813,0.4476120522072366,0.1383480724987683,0.776173760583093,0.08342273242480762,2.500730233865457,111
2207,114.00144083086926,22.449759714640507,31.71965911223723,11.543041378170164,19.392311966813,0.4476120522072366,0.1383480724987683,0.776173760583093,0.08342273242480762,2.500730233865457,111
2208,114.09526408670465,22.35709122832761,21.44048743777805,25.072469976213245,17.692215575112236,0.44076045354207355,0.34567515055338544,0.7137179374694824,0.050766600502861865,1.6766230265299482,48
2209,114.20785786630871,22.32868960445071,29.94326569183528,17.140623282270823,18.772024020814055,0.4281211317631236,0.17160114489103617,0.8096873411658215,0.09233909740782621,3.4278939341941075,114
2210,114.12812310485648,22.37003618394473,34.556970320974436,14.146449121590363,15.499246151741408,0.2758308971334943,0.2147434264656127,1.09793094825244,0.094261569926745,4.365801873795316,127
2211,114.10659506451036,22.35494726906895,32.10275028691148,17.27490858598189,16.67363739976979,0.349944769734084,0.28354326883951825,1.0185612572564018,0.0816335581769847,2.3332569334242077,132
2212,114.1703556671323,22.448780264307047,30.02186605758779,20.626328310077234,16.818246547346074,0.4727632463766089,0.37919043094226096,1.3121574110571683,0.0780507506427961,4.123226871574502,227
2213,114.00507472360128,22.46513338277248,25.128636334111782,10.849481071930764,24.580728030595623,0.11940445404886549,0.3003459159142332,0.7463033082055264,0.0879423214438183,1.0093045364963553,122
2214,114.20515299541086,22.344899980822102,43.79743487176929,9.914504840809812,12.845699419684736,0.28421306268288665,0.007719634681619624,0.7782269549626176,0.19840869425018204,2.7226977878146705,93
2215,114.20447338825828,22.34456596727681,44.772558803706204,10.164030947426493,12.695850327957508,0.3085583679435789,0.03574947978174964,0.7843638575354288,0.18933244453844172,2.6608711065248003,86
2216,114.20432802414004,22.345848332269423,43.63390825796818,11.188960697339928,12.590556766675865,0.43372637983681495,0.11861165364583334,0.9531828285991283,0.149900464044101,3.43622152356134,115
2217,114.14917078361498,22.33331387132284,41.91328684488933,5.617013138331724,16.164785556578906,0.2154618166805653,0.22636692175704443,0.9412410107444734,0.06103908524531104,3.2010258806778693,178
2218,114.19602008212158,22.43075445601749,13.029219780439211,40.64230271327643,19.380406980161315,0.07152910585756656,0.030051337348090276,0.8456006462191357,0.05020565456814236,0.7279160581989054,27
2219,114.25016640577564,22.305196444566025,41.32881397154273,5.936421288384333,12.933054202940408,0.1278502508230649,0.15989008957777567,0.8955686719113896,0.05940434732411289,1.44969738595854,123
2220,114.25016640577564,22.305196444566025,41.32881397154273,5.936421288384333,12.933054202940408,0.1278502508230649,0.15989008957777567,0.8955686719113896,0.05940434732411289,1.44969738595854,123
2221,114.17183702085688,22.317765482983564,51.97712231988776,4.777121725329163,8.057029497677878,1.2123959975336966,0.3135524383962971,1.795126858367223,0.06153129914398426,5.535736548483281,219
2222,114.22600232536416,22.28125636110077,43.921841932146734,7.1508837996350705,16.240462113855482,0.39711820052357655,0.22773456930667724,0.7782382465033943,0.07126572426785245,3.385607222939252,178
2223,114.25128357940932,22.30727297457313,39.37997617521086,9.177433907448709,12.70065909033423,0.1294015764116167,0.17415811349679758,0.8937282963200015,0.05418588449289133,1.5263147898264475,111
2224,114.25128357940932,22.30727297457313,39.37997617521086,9.177433907448709,12.70065909033423,0.1294015764116167,0.17415811349679758,0.8937282963200015,0.05418588449289133,1.5263147898264475,111
2225,113.9961477312532,22.4635433104688,34.73268938653263,15.19109143151177,18.836370220890753,0.5247946138735171,0.14437039693196616,0.8783864386287737,0.09539598300133223,1.4094087812635634,108
2226,114.22709891149432,22.28156306684002,43.12293316836649,7.276225201960459,15.993603182510592,0.3900156334532259,0.1333232216991729,0.7680055680968952,0.06409833129023162,3.1760045620197417,142
2227,114.22709891149432,22.28156306684002,43.12293316836649,7.276225201960459,15.993603182510592,0.3900156334532259,0.1333232216991729,0.7680055680968952,0.06409833129023162,3.1760045620197417,142
2228,114.22709891149432,22.28156306684002,43.12293316836649,7.276225201960459,15.993603182510592,0.3900156334532259,0.1333232216991729,0.7680055680968952,0.06409833129023162,3.1760045620197417,142
2229,114.23814721053242,22.31728437569457,27.06355624728733,13.252330356174046,21.8045441309611,0.11879497104220921,0.1278988520304362,0.9657878345913358,0.048051940070258245,3.1259057256910534,120
2230,114.23814721053242,22.31728437569457,27.06355624728733,13.252330356174046,21.8045441309611,0.11879497104220921,0.1278988520304362,0.9657878345913358,0.048051940070258245,3.1259057256910534,120
2231,114.23814721053242,22.31728437569457,27.06355624728733,13.252330356174046,21.8045441309611,0.11879497104220921,0.1278988520304362,0.9657878345913358,0.048051940070258245,3.1259057256910534,120
2232,113.99903410149788,22.470581197958428,30.367800472228517,13.00754934791627,21.74330571802651,0.22578239440917963,0.2331547620819836,0.48190442527212746,0.10299372479198424,1.5614587117016798,82
2233,114.15323366808867,22.243405579179072,32.83094237832463,18.364179212283464,13.88125388450872,0.2219053654888876,0.3304169848074321,1.0308278152366088,0.07307763193167892,3.0404860677282795,102
2234,113.99903410149788,22.470581197958428,30.367800472228517,13.00754934791627,21.74330571802651,0.22578239440917963,0.2331547620819836,0.48190442527212746,0.10299372479198424,1.5614587117016798,82
2235,113.99903410149788,22.470581197958428,30.367800472228517,13.00754934791627,21.74330571802651,0.22578239440917963,0.2331547620819836,0.48190442527212746,0.10299372479198424,1.5614587117016798,82
2236,114.14839194544224,22.344574859633973,34.183029723323244,14.311638377071208,17.526428372252223,0.10543648713554431,0.16617494470932903,1.1110592511744282,0.12513204337724673,1.641713560017106,51
2237,114.14839194544224,22.344574859633973,34.183029723323244,14.311638377071208,17.526428372252223,0.10543648713554431,0.16617494470932903,1.1110592511744282,0.12513204337724673,1.641713560017106,51
2238,114.19459219106926,22.277731856410696,48.36840240322814,7.82708894638788,15.5870246238449,0.3038665875285661,0.33247876329486875,1.0800141055567736,0.017070121505633504,5.380647036494041,98
2239,113.98263527719963,22.412948202031675,28.10765553296097,17.756566768739283,21.491972863835695,0.21450177117737976,0.20789789959667174,1.0265438214227114,0.07395292039163068,2.426282112514423,123
2240,113.98263527719963,22.412948202031675,28.10765553296097,17.756566768739283,21.491972863835695,0.21450177117737976,0.20789789959667174,1.0265438214227114,0.07395292039163068,2.426282112514423,123
2241,113.98263527719963,22.412948202031675,28.10765553296097,17.756566768739283,21.491972863835695,0.21450177117737976,0.20789789959667174,1.0265438214227114,0.07395292039163068,2.426282112514423,123
2242,114.20516988425148,22.38039905322631,34.459193652828795,6.977492452457251,19.367379489587105,0.1965901709550264,0.26457704455647246,0.7197262172404241,0.07015295639206505,3.326316437710726,151
2243,114.20516988425148,22.38039905322631,34.459193652828795,6.977492452457251,19.367379489587105,0.1965901709550264,0.26457704455647246,0.7197262172404241,0.07015295639206505,3.326316437710726,151
2244,113.99851053605757,22.469704671609893,32.29726397035494,12.527060609326583,19.490537764150886,0.24394224464641842,0.2652735649784909,0.5532377379856028,0.10959689627216837,2.02005523166576,79
2245,113.99851053605757,22.469704671609893,32.29726397035494,12.527060609326583,19.490537764150886,0.24394224464641842,0.2652735649784909,0.5532377379856028,0.10959689627216837,2.02005523166576,79
2246,113.99851053605757,22.469704671609893,32.29726397035494,12.527060609326583,19.490537764150886,0.24394224464641842,0.2652735649784909,0.5532377379856028,0.10959689627216837,2.02005523166576,79
2247,113.9979000292074,22.4684397400308,32.58926149398561,11.100797501821367,20.80110882955884,0.21076565697079613,0.2786236717587426,0.6209285675533235,0.09119397117978051,2.2438833448621964,105
2248,113.9979000292074,22.4684397400308,32.58926149398561,11.100797501821367,20.80110882955884,0.21076565697079613,0.2786236717587426,0.6209285675533235,0.09119397117978051,2.2438833448621964,105
2249,113.9979000292074,22.4684397400308,32.58926149398561,11.100797501821367,20.80110882955884,0.21076565697079613,0.2786236717587426,0.6209285675533235,0.09119397117978051,2.2438833448621964,105
2250,114.19788716308416,22.379894455257595,32.26520399029335,16.438997640145406,15.426120329438973,0.29862007398283885,0.3042038906826062,1.011018181561531,0.07786125726021184,3.9097144809108553,178
2251,114.18120352043756,22.32895440196724,35.191486621725154,10.502908695703265,19.577520469139362,0.22012611915325297,0.16591631132980872,0.9274589604344862,0.09075581342324443,3.937711660889373,116
2252,114.18120352043756,22.32895440196724,35.191486621725154,10.502908695703265,19.577520469139362,0.22012611915325297,0.16591631132980872,0.9274589604344862,0.09075581342324443,3.937711660889373,116
2253,114.19788716308416,22.379894455257595,32.26520399029335,16.438997640145406,15.426120329438973,0.29862007398283885,0.3042038906826062,1.011018181561531,0.07786125726021184,3.9097144809108553,178
2254,114.19788716308416,22.379894455257595,32.26520399029335,16.438997640145406,15.426120329438973,0.29862007398283885,0.3042038906826062,1.011018181561531,0.07786125726021184,3.9097144809108553,178
2255,113.94463953838736,22.290390251311983,24.820895698981552,19.129061892749817,19.530528541502914,0.21182385886587748,0.18379397508574696,0.5313225877963431,0.07361202705197217,2.085953999341019,82
2256,114.12409590538562,22.49266866422232,17.824661796861655,22.784293023614936,23.085065747870775,0.14298235783811472,0.0021137175012807376,0.8700699102683147,0.08654255684607667,1.7609413855714224,61
2257,114.19671947958072,22.43083564567057,10.946698622270064,42.504825014056586,17.337392556546916,0.05516572432084517,0.0,0.68206787109375,0.06398865670868845,1.4809165338073116,33
2258,114.00626067784702,22.46464699939867,25.545074144999187,10.1940557691786,25.714033709632027,0.10697974099053278,0.30607329474555117,0.8346125814649793,0.08486509323120117,1.0339744885762532,120
2259,113.99986357617256,22.46776462657055,38.601091063719025,6.7496712674799655,16.19261089469149,0.20379725190782055,0.378541848094193,0.6331086568406357,0.10332651564345735,3.8472477103426694,97
2260,113.99986357617256,22.46776462657055,38.601091063719025,6.7496712674799655,16.19261089469149,0.20379725190782055,0.378541848094193,0.6331086568406357,0.10332651564345735,3.8472477103426694,97
2261,113.99986357617256,22.46776462657055,38.601091063719025,6.7496712674799655,16.19261089469149,0.20379725190782055,0.378541848094193,0.6331086568406357,0.10332651564345735,3.8472477103426694,97
2262,114.15156062148868,22.26860991100175,19.274238384131227,22.299525954506613,41.01096789042155,0.38536245172674005,0.009085915305397728,0.23867578217477511,0.0600554726340554,0.7278326785925663,44
2263,114.15156062148868,22.26860991100175,19.274238384131227,22.299525954506613,41.01096789042155,0.38536245172674005,0.009085915305397728,0.23867578217477511,0.0600554726340554,0.7278326785925663,44
2264,114.26096768935976,22.30459518218522,35.519153163546605,13.507455303555442,17.25188067981175,0.45907440639677505,0.07582732609340123,1.8949778307051885,0.08291006088256836,4.113609734035673,112
2265,114.23232412322452,22.31830693011928,35.838943356079675,17.9261241160648,13.50461418080218,0.468411020269976,0.3601289131272007,1.045219663163306,0.11267572501455675,3.322501473583526,142
2266,114.23232412322452,22.31830693011928,35.838943356079675,17.9261241160648,13.50461418080218,0.468411020269976,0.3601289131272007,1.045219663163306,0.11267572501455675,3.322501473583526,142
2267,114.096264354822,22.35659504906424,22.385623719957145,22.935171480532045,18.391292477831424,0.5111023231788918,0.321995770489728,0.7417914308147664,0.052228974707332655,2.0237098505467546,54
2268,114.096264354822,22.35659504906424,22.385623719957145,22.935171480532045,18.391292477831424,0.5111023231788918,0.321995770489728,0.7417914308147664,0.052228974707332655,2.0237098505467546,54
2269,114.096264354822,22.35659504906424,22.385623719957145,22.935171480532045,18.391292477831424,0.5111023231788918,0.321995770489728,0.7417914308147664,0.052228974707332655,2.0237098505467546,54
2270,114.18746987507537,22.274463386857445,34.369152242487125,19.63505359611126,14.79141784436775,0.3390081001050544,0.026997652920809658,1.005321078830295,0.07150149104571102,3.2489521334869695,66
2271,114.16931327443866,22.321946550594863,57.23393788413396,2.427246053382833,7.5936559646848645,1.5108406228363198,0.9804709500105924,1.7231151035853796,0.06342842465355283,6.234536044812076,315
2272,114.16931327443866,22.321946550594863,57.23393788413396,2.427246053382833,7.5936559646848645,1.5108406228363198,0.9804709500105924,1.7231151035853796,0.06342842465355283,6.234536044812076,315
2273,114.16931327443866,22.321946550594863,57.23393788413396,2.427246053382833,7.5936559646848645,1.5108406228363198,0.9804709500105924,1.7231151035853796,0.06342842465355283,6.234536044812076,315
2274,114.13807486732016,22.33655357432181,35.93249274689017,11.976920130954976,20.7195149270462,0.39829852897372453,0.14070461483063437,0.5567701889087466,0.06612759192013046,4.195035236938872,103
2275,114.13807486732016,22.33655357432181,35.93249274689017,11.976920130954976,20.7195149270462,0.39829852897372453,0.14070461483063437,0.5567701889087466,0.06612759192013046,4.195035236938872,103
2276,114.16608205397124,22.30985439760809,34.16954095812811,6.726621130238408,26.06337146482606,0.27758985325910046,0.2763963782269022,1.3814645573712776,0.07636719855709354,3.1595082213913184,230
2277,114.16608205397124,22.30985439760809,34.16954095812811,6.726621130238408,26.06337146482606,0.27758985325910046,0.2763963782269022,1.3814645573712776,0.07636719855709354,3.1595082213913184,230
2278,114.16608205397124,22.30985439760809,34.16954095812811,6.726621130238408,26.06337146482606,0.27758985325910046,0.2763963782269022,1.3814645573712776,0.07636719855709354,3.1595082213913184,230
2279,114.1580782659592,22.503882923574707,37.11554474300809,9.577703475952148,33.780647648705376,0.2896904945373535,0.06500085194905598,1.0009037123786078,0.042279561360677086,1.9054094950358074,24
2280,114.1580782659592,22.503882923574707,37.11554474300809,9.577703475952148,33.780647648705376,0.2896904945373535,0.06500085194905598,1.0009037123786078,0.042279561360677086,1.9054094950358074,24
2281,114.1580782659592,22.503882923574707,37.11554474300809,9.577703475952148,33.780647648705376,0.2896904945373535,0.06500085194905598,1.0009037123786078,0.042279561360677086,1.9054094950358074,24
2282,113.97680490454032,22.414991002739185,19.482939498229594,15.41477899131535,29.76800240810562,0.16365801013490688,0.09354645351193985,0.9542132323642947,0.09795764707169442,3.292831684808311,106
2283,114.23987421076572,22.29424663777484,37.464540631467415,12.821847765749387,12.977087336180977,0.2780829018693629,0.3346182143462059,1.1428106768021413,0.06515327184827023,5.140213333171235,123
2284,114.23987421076572,22.29424663777484,37.464540631467415,12.821847765749387,12.977087336180977,0.2780829018693629,0.3346182143462059,1.1428106768021413,0.06515327184827023,5.140213333171235,123
2285,114.23987421076572,22.29424663777484,37.464540631467415,12.821847765749387,12.977087336180977,0.2780829018693629,0.3346182143462059,1.1428106768021413,0.06515327184827023,5.140213333171235,123
2286,114.148558138229,22.24231212142483,34.52767093976338,18.121320009231567,13.483405113220215,0.29488444328308105,0.10245561599731445,0.7219862937927245,0.06443262100219727,3.471057415008545,80
2287,114.2353627140924,22.319859123493217,35.97980618816496,5.9637640276525765,18.800730039591127,0.36635385279641874,0.20105084802350429,0.7053850722788406,0.05811598905470976,4.295612672115663,117
2288,114.2353627140924,22.319859123493217,35.97980618816496,5.9637640276525765,18.800730039591127,0.36635385279641874,0.20105084802350429,0.7053850722788406,0.05811598905470976,4.295612672115663,117
2289,114.148558138229,22.24231212142483,34.52767093976338,18.121320009231567,13.483405113220215,0.29488444328308105,0.10245561599731445,0.7219862937927245,0.06443262100219727,3.471057415008545,80
2290,114.14706685625454,22.284994344347723,54.734923572826276,12.301682270934423,5.524033521148436,0.6655440061012629,0.6547537366961662,1.53271940202724,0.06534407020577647,3.7234945418237957,289
2291,114.14706685625454,22.284994344347723,54.734923572826276,12.301682270934423,5.524033521148436,0.6655440061012629,0.6547537366961662,1.53271940202724,0.06534407020577647,3.7234945418237957,289
2292,114.16646854436978,22.33318044180184,43.851867113480814,7.16731120992945,13.652343686102222,0.6574718596747573,0.4386473740365237,1.033116824662865,0.052352726359662906,4.6323888066226315,199
2293,114.19798732897456,22.400158919287662,24.639696715980442,21.697836024786834,17.27148281630649,0.21874314995222194,0.00461455314390121,0.849290047922442,0.06656134000388524,3.244153402184927,62
2294,114.17067247461056,22.31419835665725,50.31845878889212,4.533126906221136,9.889700377515972,0.8011468721336528,0.45280895013918826,1.3574371588445453,0.05091148839991277,6.5004033995379364,203
2295,114.17067247461056,22.31419835665725,50.31845878889212,4.533126906221136,9.889700377515972,0.8011468721336528,0.45280895013918826,1.3574371588445453,0.05091148839991277,6.5004033995379364,203
2296,114.15525795804214,22.327273336688343,29.36435375170953,8.481146451877535,25.634060716735707,0.1257433453928971,0.028144699881807532,0.5813146330899575,0.0580832462182781,3.2404276615287904,149
2297,114.15525795804214,22.327273336688343,29.36435375170953,8.481146451877535,25.634060716735707,0.1257433453928971,0.028144699881807532,0.5813146330899575,0.0580832462182781,3.2404276615287904,149
2298,114.15525795804214,22.327273336688343,29.36435375170953,8.481146451877535,25.634060716735707,0.1257433453928971,0.028144699881807532,0.5813146330899575,0.0580832462182781,3.2404276615287904,149
2299,114.1786119696527,22.33835528353082,32.89352717113297,11.47138248072401,21.99935222017592,0.4052914447665955,0.39748316225798236,0.9788515158074735,0.07493273812051145,4.880426932072294,161
2300,114.27175112365232,22.32079914619076,19.229983778857683,19.789682115827286,36.30339859654664,0.13452963854270006,0.03939431811135913,0.4714733709103216,0.030456018195581185,2.6276876056005083,63
2301,114.14165451142136,22.49991583218004,30.117043625884854,15.366154717511533,20.00525760166536,0.2766359074265017,0.49287098918469424,1.066671168138533,0.06707170489677519,4.951528203870641,197
2302,114.20399830728542,22.347645470031523,39.299811603867006,14.13956906565253,12.099835582982713,0.6438727690794758,0.24922213450399144,0.9984387786960304,0.09917321606217144,4.329451148012346,107
2303,114.20399830728542,22.347645470031523,39.299811603867006,14.13956906565253,12.099835582982713,0.6438727690794758,0.24922213450399144,0.9984387786960304,0.09917321606217144,4.329451148012346,107
2304,114.20399830728542,22.347645470031523,39.299811603867006,14.13956906565253,12.099835582982713,0.6438727690794758,0.24922213450399144,0.9984387786960304,0.09917321606217144,4.329451148012346,107
2305,113.99608118381492,22.46241443566741,38.82525378260119,12.097190714430536,17.296266281741786,0.4760180396595221,0.22022313085095635,0.9574835327849991,0.07851096405380073,1.7743672447643062,116
2306,113.99608118381492,22.46241443566741,38.82525378260119,12.097190714430536,17.296266281741786,0.4760180396595221,0.22022313085095635,0.9574835327849991,0.07851096405380073,1.7743672447643062,116
2307,113.99608118381492,22.46241443566741,38.82525378260119,12.097190714430536,17.296266281741786,0.4760180396595221,0.22022313085095635,0.9574835327849991,0.07851096405380073,1.7743672447643062,116
2308,114.2749800123161,22.3161825940905,15.95565301400644,28.576791551378037,29.423026332148797,0.14279966001157407,0.0067138671875,0.7287583527741609,0.06374076560691551,2.925648865876375,45
2309,114.2749800123161,22.3161825940905,15.95565301400644,28.576791551378037,29.423026332148797,0.14279966001157407,0.0067138671875,0.7287583527741609,0.06374076560691551,2.925648865876375,45
2310,114.1403579930529,22.3663820354063,42.65632123658151,11.899904289630928,11.345673329902418,0.35315306499750926,0.24158593380089963,0.8116714882128166,0.05685199390758167,3.0361033449269303,132
2311,114.1403579930529,22.3663820354063,42.65632123658151,11.899904289630928,11.345673329902418,0.35315306499750926,0.24158593380089963,0.8116714882128166,0.05685199390758167,3.0361033449269303,132
2312,114.1403579930529,22.3663820354063,42.65632123658151,11.899904289630928,11.345673329902418,0.35315306499750926,0.24158593380089963,0.8116714882128166,0.05685199390758167,3.0361033449269303,132
2313,114.00107796753883,22.46787431918288,32.4947551091512,11.234733263651528,18.349809010823567,0.15376281738281253,0.4904289245605469,0.5884558359781902,0.08224423726399738,2.003306706746419,100
2314,113.9314097638542,22.27563288904935,9.709337022569443,27.14262399059987,32.48514710811146,0.05893372652823465,0.006592064573053728,0.44735579462776404,0.03743199577108461,0.5484201754742896,57
2315,114.18168878406988,22.326994751217587,40.27879072560205,10.67707902855343,14.391735527250503,0.24482508500417074,0.15762646993001303,0.9441028038660685,0.08601877424452041,4.804588357607524,96
2316,114.18168878406988,22.326994751217587,40.27879072560205,10.67707902855343,14.391735527250503,0.24482508500417074,0.15762646993001303,0.9441028038660685,0.08601877424452041,4.804588357607524,96
2317,114.21349858446314,22.333194686225607,28.045493568586785,16.158315474370557,21.957383200386975,0.17211177267389505,0.27205565265405957,0.6919153754213517,0.059350628719151574,3.106193007709824,107
2318,114.21349858446314,22.333194686225607,28.045493568586785,16.158315474370557,21.957383200386975,0.17211177267389505,0.27205565265405957,0.6919153754213517,0.059350628719151574,3.106193007709824,107
2319,114.17464201333893,22.31775651449748,46.32178726045808,10.259718960794002,9.660071687115249,0.6029343463965421,0.31187896427553313,1.0878436899279234,0.03823161830563517,5.31162848839393,169
2320,114.21349858446314,22.333194686225607,28.045493568586785,16.158315474370557,21.957383200386975,0.17211177267389505,0.27205565265405957,0.6919153754213517,0.059350628719151574,3.106193007709824,107
2321,114.21173060149978,22.32787606435849,33.33556901509454,10.4591353386278,22.055146293918583,0.2567915440765901,0.20755016020614736,0.8120750278742064,0.07744345931821206,3.4253412789671955,137
2322,114.00163139535,22.468190985219664,30.90059623289644,12.835016143455935,19.153113133005434,0.13878497291593517,0.5171957980380969,0.5146676681461406,0.07033258788148115,1.6850096456120522,89
2323,114.20615925293926,22.328897624110784,33.62285868326823,12.972311231825085,20.333557552761505,0.292204327053494,0.11026891072591145,0.7593619028727213,0.09152433607313369,3.1416982014973964,150
2324,114.2370380093588,22.310900159244,37.21645446050735,15.32836641584124,13.541334673276818,0.5728731179297121,0.2732628270199424,1.039958896493553,0.06638696617948679,2.3619142690099273,133
2325,114.20201597524807,22.336980688960548,31.979469401764835,9.33806915042148,21.761388311642232,0.1518288683175664,0.3238262158434538,1.2071840006028307,0.0918754469161915,3.6630814297692655,211
2326,114.00401442124397,22.37194699288019,9.248817607920659,22.682928269909276,31.501424440773587,0.08417355116977487,0.0,0.5817597912203881,0.09501467468918011,1.7564342867943548,31
2327,114.1241052229914,22.493725223849385,14.974144177559095,25.40890131241236,22.552216358673878,0.12878597292125735,0.0016530354817708333,0.828941866882846,0.10026622022319041,1.6164836720523672,78
2328,114.05952220426975,22.35104590794589,12.569406297471788,29.070207807752823,28.035608927408855,5.75801001654731,0.0,1.2247721354166667,0.010935465494791666,0.7222493489583334,6
2329,114.15256870435913,22.33045172180192,31.155181260268836,10.082687287640995,22.5100171166294,0.16705383210492558,0.1848645934456669,0.8142416764058069,0.07386969391410873,3.1496205978844998,169
2330,114.21750348529272,22.319196323183068,41.9621953916787,15.04345414650381,10.734786085821503,0.39360321576322493,0.38195557855254975,0.9474683163770989,0.08879988940794077,4.534970468549586,134
2331,114.21750348529272,22.319196323183068,41.9621953916787,15.04345414650381,10.734786085821503,0.39360321576322493,0.38195557855254975,0.9474683163770989,0.08879988940794077,4.534970468549586,134
2332,114.21750348529272,22.319196323183068,41.9621953916787,15.04345414650381,10.734786085821503,0.39360321576322493,0.38195557855254975,0.9474683163770989,0.08879988940794077,4.534970468549586,134
2333,114.13198532217817,22.285664564020323,35.29800485681605,12.641261021296181,23.465172449747723,0.4920151498582628,0.8794992058365434,1.1169305554142703,0.08992221620347765,3.589151302973429,144
2334,114.13198532217817,22.285664564020323,35.29800485681605,12.641261021296181,23.465172449747723,0.4920151498582628,0.8794992058365434,1.1169305554142703,0.08992221620347765,3.589151302973429,144
2335,114.20500604995468,22.289921738056066,46.82815625117375,13.105041349036062,10.330543966374846,0.5287453659579285,0.24039072868151543,1.1550200291168995,0.050443258040990584,4.65810197031396,156
2336,114.13198532217817,22.285664564020323,35.29800485681605,12.641261021296181,23.465172449747723,0.4920151498582628,0.8794992058365434,1.1169305554142703,0.08992221620347765,3.589151302973429,144
2337,114.22195308295946,22.33247913722173,22.444244040135654,17.049379437883324,24.818560341808283,0.09720020947798019,0.12346428131388727,0.6472507369852512,0.06611904251241238,2.165532334942684,107
2338,114.22195308295946,22.33247913722173,22.444244040135654,17.049379437883324,24.818560341808283,0.09720020947798019,0.12346428131388727,0.6472507369852512,0.06611904251241238,2.165532334942684,107
2339,114.13775309680705,22.341700922463023,32.14398924781386,14.830298573203235,18.35491609709215,0.3114292764256143,0.11217492258446848,1.0157264535583324,0.06320279547971198,2.5944908120353674,117
2340,114.13775309680705,22.341700922463023,32.14398924781386,14.830298573203235,18.35491609709215,0.3114292764256143,0.11217492258446848,1.0157264535583324,0.06320279547971198,2.5944908120353674,117
2341,114.13775309680705,22.341700922463023,32.14398924781386,14.830298573203235,18.35491609709215,0.3114292764256143,0.11217492258446848,1.0157264535583324,0.06320279547971198,2.5944908120353674,117
2342,114.20489685882238,22.326233825115644,33.204598666569375,8.487586158169936,22.398075622331277,0.16172931180985947,0.23277964671896823,0.8295938289365289,0.09414559192053655,4.128107855883835,179
2343,114.03063893191452,22.445409044743144,43.708484891861204,7.4735327372475275,13.872980188440394,0.9790698056498532,1.084971680212273,1.6759563375402382,0.0657809474480846,4.939428208366273,252
2344,114.16468268202958,22.442530862667155,19.82396577533923,32.091361597964635,16.32887656228584,0.1856248420581483,0.0742139314350329,0.8456531323884664,0.11204769736842106,2.143789257919579,95
2345,114.16154688208388,22.335500910816776,38.86275365371113,10.458370696666629,13.422356834707331,0.5470074424447939,0.5187914353008418,0.9593860123508661,0.04454841909482498,5.7886805645255155,172
2346,114.24946861399836,22.30706609359805,40.38641939881027,6.824005291026126,10.765334611297934,0.1049200693766276,0.2614698102397303,0.740046142249979,0.04723456598097278,0.8928278441070229,62
2347,113.94266582894504,22.292681180733258,24.721034180884267,22.73804346720377,20.116276834525316,0.2525172514073989,0.18781774184283087,0.6802951588350183,0.11020323809455423,0.851432575899012,85
2348,114.12898794362108,22.282593293798627,43.175891664293076,9.633069356282554,20.3371344672309,0.5710112253824869,0.804608662923177,1.2866355048285587,0.08051278856065539,2.94531864590115,150
2349,114.12898794362108,22.282593293798627,43.175891664293076,9.633069356282554,20.3371344672309,0.5710112253824869,0.804608662923177,1.2866355048285587,0.08051278856065539,2.94531864590115,150
2350,114.12898794362108,22.282593293798627,43.175891664293076,9.633069356282554,20.3371344672309,0.5710112253824869,0.804608662923177,1.2866355048285587,0.08051278856065539,2.94531864590115,150
2351,114.06120963217656,22.35321445204485,,,,,,,,,0
2352,114.06120963217656,22.35321445204485,,,,,,,,,0
2353,114.06120963217656,22.35321445204485,,,,,,,,,0
2354,114.21275835391522,22.323414730140176,49.05549244708325,6.615251135155857,14.997995713628441,0.6901181845301125,0.157874463552452,1.3113985099945682,0.05170753203242659,2.485212456270394,166
2355,114.21275835391522,22.323414730140176,49.05549244708325,6.615251135155857,14.997995713628441,0.6901181845301125,0.157874463552452,1.3113985099945682,0.05170753203242659,2.485212456270394,166
2356,114.2487980499175,22.305287363441288,36.10677629569327,6.98986635521544,14.016954216039238,0.09166019063600352,0.17089575109347493,0.8686173130089129,0.057344929153370736,0.8699238020489474,71
2357,114.19039421582885,22.313610917245096,44.891727729001424,6.23010533456584,13.227746201532185,0.4404592150040255,0.5412919527398419,1.348064267301681,0.07146539275579478,7.630359853496987,131
2358,114.22228260743783,22.33090772440433,23.84308925291308,16.94500073283708,22.57547767794862,0.09475078712515278,0.1709607182716837,0.6669930049351284,0.07989130863527051,2.3321424211774553,98
2359,114.24981675435168,22.304672827134933,40.1447682153611,6.391471746016523,13.157954832323554,0.13027645292736237,0.1805266555474729,0.8676963598549772,0.0656153880009035,1.1532984623292675,98
2360,114.22330174265548,22.33068167090733,27.09899359735949,17.43824317537505,20.4076920432606,0.110507285457918,0.16899163695587507,0.6945333261599486,0.08133033226276266,2.0682370525667038,116
2361,113.94447851291692,22.28800594939808,17.634551790025498,25.789533721076122,19.23515796661377,0.14572037590874568,0.009590784708658854,0.430662367078993,0.0532282723320855,2.879492441813151,60
2362,114.12994530727696,22.26330411832845,29.916413625081383,21.442837322945206,17.689569894369548,0.15261885407683135,0.18070765904017858,0.7477966737953615,0.0656648115678267,2.7704143937015946,77
2363,114.12994530727696,22.26330411832845,29.916413625081383,21.442837322945206,17.689569894369548,0.15261885407683135,0.18070765904017858,0.7477966737953615,0.0656648115678267,2.7704143937015946,77
2364,114.14550266242088,22.501605309852668,28.793242419207537,14.755897992922934,22.94151682912568,0.19513801292136865,0.21863537070191935,1.3319519419728973,0.07288826836480035,5.061851548559871,135
2365,114.19054456178206,22.262958107490075,27.481378760992317,20.37391428853951,20.353278459287157,0.06904508553299249,0.003595913157743566,0.8672223371617934,0.06060413285797717,2.9676329855825383,68
2366,114.238752293416,22.302808091879747,41.74012667890908,8.580960812775984,12.580714571303215,0.20813402922257132,0.05435114321501359,0.6219393965126812,0.046670333198879074,3.785359202951624,115
2367,114.23569975191414,22.26714727260141,38.39019607819944,13.500946991203367,18.65294454017659,0.30660604629713745,0.29047884682352226,0.7234718756466256,0.04497252077403302,3.2879210873783715,129
2368,114.20547341515643,22.34521599427338,44.07781069968647,9.309907710595883,12.9626221709199,0.29015768141973586,0.00788929698231456,0.7225546644720838,0.19660432696779134,2.8452611231541898,91
2369,114.20547341515643,22.34521599427338,44.07781069968647,9.309907710595883,12.9626221709199,0.29015768141973586,0.00788929698231456,0.7225546644720838,0.19660432696779134,2.8452611231541898,91
2370,114.14530734836936,22.33365632783591,40.809132155551715,8.332434008198398,16.874757582141505,0.23915998397334928,0.3996929045646421,0.703357163295951,0.09499498592909947,2.5772047555574806,155
2371,113.93528950584076,22.282104601865605,34.5736026763916,16.939785480499268,16.393099625905357,0.09531577428181967,0.1479196548461914,1.0467561086018882,0.05810419718424479,1.6443459192911785,40
2372,113.93528950584076,22.282104601865605,34.5736026763916,16.939785480499268,16.393099625905357,0.09531577428181967,0.1479196548461914,1.0467561086018882,0.05810419718424479,1.6443459192911785,40
2373,113.93528950584076,22.282104601865605,34.5736026763916,16.939785480499268,16.393099625905357,0.09531577428181967,0.1479196548461914,1.0467561086018882,0.05810419718424479,1.6443459192911785,40
2374,114.00032259893813,22.435201448310167,18.3734668948786,17.054696070146434,29.39911508947853,0.14412008972995005,0.3368393192446329,0.9743607787258903,0.0976836455223683,2.997045077605623,123
2375,114.00032259893813,22.435201448310167,18.3734668948786,17.054696070146434,29.39911508947853,0.14412008972995005,0.3368393192446329,0.9743607787258903,0.0976836455223683,2.997045077605623,123
2376,114.00194182807176,22.46857962923988,29.743998567649072,12.39851485564099,20.27689214663212,0.15361656263036635,0.4442529770934466,0.4909972156907362,0.06553470895514134,1.669950084007288,103
2377,114.00194182807176,22.46857962923988,29.743998567649072,12.39851485564099,20.27689214663212,0.15361656263036635,0.4442529770934466,0.4909972156907362,0.06553470895514134,1.669950084007288,103
2378,114.00194182807176,22.46857962923988,29.743998567649072,12.39851485564099,20.27689214663212,0.15361656263036635,0.4442529770934466,0.4909972156907362,0.06553470895514134,1.669950084007288,103
2379,114.24337348661382,22.26539236426272,36.305326376205834,9.400615325340858,17.145687188857643,0.22415656309861404,0.16117095947265625,0.7693474109356219,0.048889257969000406,4.783300253061149,104
2380,114.15421787200418,22.336511478278723,38.773049749769605,8.077618238088247,16.216345950289888,0.6295674556010478,0.26980219660578547,0.8601699863468204,0.05266172391874296,5.634492367237539,148
2381,114.0062331217676,22.46334659202293,26.240465933816473,9.166400265275385,25.387021324090792,0.12901268507304944,0.09051080335650527,0.7733303203917387,0.08999966738516825,0.8686274812932601,152
2382,114.14745319222295,22.3307579150807,32.73390001720852,9.281071027119955,22.385796573426987,0.07763129693490486,0.2649333741929796,0.6842352725841381,0.06691084967719184,2.644176615609063,144
2383,114.24876842158234,22.30428497933353,34.215524641133975,7.38425658921064,15.399486196916655,0.08614211432677876,0.023424827446371824,0.8536161002466234,0.05375274830618821,0.7603575280830684,59
2384,114.13763027111764,22.36434952589436,44.37572839525011,13.362474229600693,9.618425793117948,0.445693122016059,0.2967796325683594,1.0102628072102864,0.04479683770073784,4.07034174601237,150
2385,114.03844256390512,22.4426526100302,27.301742991463083,13.195631673427227,26.800123589937805,0.10571688250765775,0.04296849985591701,1.0231500114899514,0.08318176686438054,2.683031102998661,122
2386,114.14530734836936,22.33365632783591,40.809132155551715,8.332434008198398,16.874757582141505,0.23915998397334928,0.3996929045646421,0.703357163295951,0.09499498592909947,2.5772047555574806,155
2387,114.25126352785708,22.306062882918106,40.53081565803582,6.404445221374085,13.380485703617266,0.1550236504116814,0.1351963390003551,0.9696978233355186,0.057276479014149916,1.7162056236000325,143
2388,114.25126352785708,22.306062882918106,40.53081565803582,6.404445221374085,13.380485703617266,0.1550236504116814,0.1351963390003551,0.9696978233355186,0.057276479014149916,1.7162056236000325,143
2389,114.25126352785708,22.306062882918106,40.53081565803582,6.404445221374085,13.380485703617266,0.1550236504116814,0.1351963390003551,0.9696978233355186,0.057276479014149916,1.7162056236000325,143
2390,114.1605968619052,22.324492538509013,44.802543508026,9.914538698623018,12.473438862942341,0.4009589488372142,0.47752661106390354,1.1377546522352433,0.08533169524838226,4.12907125629904,231
2391,114.15902317598896,22.33443504507265,43.21853986983437,3.5364884898495776,14.536192780168948,0.5498370025383592,0.44386278945232127,1.0384351628307453,0.02486166149500466,5.524755407262732,162
2392,114.1605968619052,22.324492538509013,44.802543508026,9.914538698623018,12.473438862942341,0.4009589488372142,0.47752661106390354,1.1377546522352433,0.08533169524838226,4.12907125629904,231
2393,113.94456920880576,22.29184407273409,25.815972195395936,21.337057668951495,19.934640956830375,0.19926602327370946,0.1809132250049446,0.6338847840385599,0.08550273718210213,0.5382038872956224,79
2394,113.94456920880576,22.29184407273409,25.815972195395936,21.337057668951495,19.934640956830375,0.19926602327370946,0.1809132250049446,0.6338847840385599,0.08550273718210213,0.5382038872956224,79
2395,114.20436544012531,22.289154244713824,41.3135378664425,17.745434365621428,11.31272018763431,0.3846483825021965,0.19246388257034425,0.8301476475992178,0.044603270243823046,3.70996340826598,123
2396,114.20436544012531,22.289154244713824,41.3135378664425,17.745434365621428,11.31272018763431,0.3846483825021965,0.19246388257034425,0.8301476475992178,0.044603270243823046,3.70996340826598,123
2397,113.93527009923066,22.28210457299325,34.66605805514151,16.351034766749333,16.280513897276762,0.09972003468295984,0.1557048998380962,1.099680181135211,0.05964647259628563,1.7300572311669067,38
2398,113.93527009923066,22.28210457299325,34.66605805514151,16.351034766749333,16.280513897276762,0.09972003468295984,0.1557048998380962,1.099680181135211,0.05964647259628563,1.7300572311669067,38
2399,113.93527009923066,22.28210457299325,34.66605805514151,16.351034766749333,16.280513897276762,0.09972003468295984,0.1557048998380962,1.099680181135211,0.05964647259628563,1.7300572311669067,38
2400,113.9349023834628,22.28151703794842,32.26722611321343,21.361465454101562,14.210719002617731,0.09516716003417969,0.21778106689453125,0.7326295640733507,0.1013734605577257,1.4525116814507377,30
2401,113.9349023834628,22.28151703794842,32.26722611321343,21.361465454101562,14.210719002617731,0.09516716003417969,0.21778106689453125,0.7326295640733507,0.1013734605577257,1.4525116814507377,30
2402,113.9349023834628,22.28151703794842,32.26722611321343,21.361465454101562,14.210719002617731,0.09516716003417969,0.21778106689453125,0.7326295640733507,0.1013734605577257,1.4525116814507377,30
2403,113.99446770049522,22.37364328201837,19.45328525468415,18.46441661610323,29.336250217911463,0.1502875409095116,0.06063498702703738,0.7737053765190973,0.10056589163985907,1.67791734333911,102
2404,113.99446770049522,22.37364328201837,19.45328525468415,18.46441661610323,29.336250217911463,0.1502875409095116,0.06063498702703738,0.7737053765190973,0.10056589163985907,1.67791734333911,102
2405,113.99446770049522,22.37364328201837,19.45328525468415,18.46441661610323,29.336250217911463,0.1502875409095116,0.06063498702703738,0.7737053765190973,0.10056589163985907,1.67791734333911,102
2406,114.26184155984792,22.305299113694627,37.33679171531431,13.863697359638826,16.647732642389112,0.765212889640562,0.06845535770539314,1.9118998640327043,0.07926161571215559,2.779275114818286,124
2407,114.2296299435891,22.27745332398785,44.15220129898404,10.848459350728543,14.714955392284926,0.6814717503722955,0.6274802662501825,1.0058524824005792,0.07498553980176693,4.061860978789047,214
2408,114.00304568032163,22.44825337052133,32.24318045696229,9.517253992211728,22.685191224852893,0.35521820301317986,0.4905118287064647,0.785449564305274,0.08118364950476105,2.15626757866857,131
2409,114.22641711975912,22.329299068925387,30.708045051211407,15.821887197948637,17.23930523509071,0.23471060253324963,0.11136418297177271,0.6597870872134254,0.07288001832507905,2.3144548847561794,112
2410,114.22641711975912,22.329299068925387,30.708045051211407,15.821887197948637,17.23930523509071,0.23471060253324963,0.11136418297177271,0.6597870872134254,0.07288001832507905,2.3144548847561794,112
2411,114.22641711975912,22.329299068925387,30.708045051211407,15.821887197948637,17.23930523509071,0.23471060253324963,0.11136418297177271,0.6597870872134254,0.07288001832507905,2.3144548847561794,112
2412,114.18894496345204,22.277398242321176,44.76744584362917,15.13271890505396,10.025125368677006,0.6785727992202296,0.29693988838581126,0.9386997030238914,0.052932970451586174,4.650631336250691,165
2413,114.1590030088741,22.340359099467264,32.653010884920754,13.839899500211077,18.192703194088406,0.41182835896809894,0.2234339714050293,0.8265713850657145,0.054947204060024686,4.261673159069486,96
2414,114.25286428450954,22.322922260455545,27.33280300657391,18.888042435977923,17.182448320773055,0.14231755183293268,0.06862682300609546,0.8545225793188744,0.07789807441907051,2.629280788994534,91
2415,114.20307267046218,22.381401795258693,30.47576565212674,12.753944608900284,17.884357664320206,0.26394907633463544,0.3307596842447917,0.7719266679551867,0.0853118896484375,3.6023311614990234,150
2416,114.16154688208388,22.335500910816776,38.86275365371113,10.458370696666629,13.422356834707331,0.5470074424447939,0.5187914353008418,0.9593860123508661,0.04454841909482498,5.7886805645255155,172
2417,114.15057845413092,22.33242910874769,37.07868826509726,7.070404399525035,18.892436942668873,0.18509142326586173,0.2139571218779593,0.9429423014322915,0.0687150280885022,3.3962465536714808,165
2418,114.186853108604,22.333568778112657,32.994473169720365,14.79382388806217,18.445190046199418,0.36345587836371523,0.1518037584092882,1.0447204428375083,0.04579251405423281,4.5799220049822775,63
2419,114.16727604898465,22.306296413211143,40.79887258509795,8.079920584956806,15.885087102651596,0.7059793919324875,0.5050218353668848,1.4657815297444658,0.07609439392884573,5.4070064177115755,256
2420,114.16727604898465,22.306296413211143,40.79887258509795,8.079920584956806,15.885087102651596,0.7059793919324875,0.5050218353668848,1.4657815297444658,0.07609439392884573,5.4070064177115755,256
2421,114.21324942967324,22.38295307484689,20.343102452052833,20.75816836557728,21.425412928016442,0.1738603832652268,0.11473350154543385,0.9435261723293069,0.07590568567171066,2.371738643707967,103
2422,114.2517484518606,22.32363619613416,21.35786023056298,22.144353431567808,20.335245299757577,0.13068751284950655,0.04153000681023849,0.7206629033674273,0.09786103901110198,2.210714440596731,95
2423,114.18680301243468,22.31159735361829,48.6930062232236,7.7634070156874815,10.87261579612985,0.519028885104645,0.5346326843068875,1.1611152034235226,0.0336163416857968,5.376286679911199,211
2424,114.1700118988004,22.326434784250235,48.16361369101654,8.110524119345795,12.818849291973082,0.7666207255332123,0.7255163177824542,1.3948433089517467,0.07454315448217735,5.597184558802741,213
2425,114.1146692705832,22.36216597675281,36.428344529559354,14.542456300045965,16.141428745968238,0.2695553739305953,0.1324129776215889,0.8186559721897465,0.06078890231853359,2.8244110340243775,142
2426,114.02384021139464,22.443984966446564,39.95631826393921,10.121462763851262,15.844563514955583,1.025973084152386,0.8230093132210461,1.4483930389513677,0.09656054999238702,4.9007740499298205,186
2427,114.1700118988004,22.326434784250235,48.16361369101654,8.110524119345795,12.818849291973082,0.7666207255332123,0.7255163177824542,1.3948433089517467,0.07454315448217735,5.597184558802741,213
2428,114.238752293416,22.302808091879747,41.74012667890908,8.580960812775984,12.580714571303215,0.20813402922257132,0.05435114321501359,0.6219393965126812,0.046670333198879074,3.785359202951624,115
2429,114.23569975191414,22.26714727260141,38.39019607819944,13.500946991203367,18.65294454017659,0.30660604629713745,0.29047884682352226,0.7234718756466256,0.04497252077403302,3.2879210873783715,129
2430,114.238752293416,22.302808091879747,41.74012667890908,8.580960812775984,12.580714571303215,0.20813402922257132,0.05435114321501359,0.6219393965126812,0.046670333198879074,3.785359202951624,115
2431,114.2163142627076,22.33557809689757,28.574870000431197,19.18779202361605,23.958586697554708,0.20566579714343322,0.15431304476154384,0.708353222899176,0.05273391951375933,1.6711562427122202,67
2432,114.12471731024432,22.50307662003165,28.277711408684052,18.650795848494077,20.64461631468501,0.6300317235739833,0.28533246143754704,1.3590184560262533,0.10272355443502525,4.894729407436876,166
2433,114.2499631184263,22.30618990285329,41.1093538964701,6.672769401505677,12.040236400581941,0.11761676498323856,0.1682565923322711,0.83941270036307,0.052010943317971035,1.152005111962034,114
2434,114.22382647578974,22.419144599345817,40.39865185817082,12.958388030529022,16.843811174233757,0.3152032693227132,0.05244612693786621,1.1014610528945923,0.07843971252441406,0.960203508536021,64
2435,114.12471731024432,22.50307662003165,28.277711408684052,18.650795848494077,20.64461631468501,0.6300317235739833,0.28533246143754704,1.3590184560262533,0.10272355443502525,4.894729407436876,166
2436,114.2499631184263,22.30618990285329,41.1093538964701,6.672769401505677,12.040236400581941,0.11761676498323856,0.1682565923322711,0.83941270036307,0.052010943317971035,1.152005111962034,114
2437,114.2499631184263,22.30618990285329,41.1093538964701,6.672769401505677,12.040236400581941,0.11761676498323856,0.1682565923322711,0.83941270036307,0.052010943317971035,1.152005111962034,114
2438,114.22382647578974,22.419144599345817,40.39865185817082,12.958388030529022,16.843811174233757,0.3152032693227132,0.05244612693786621,1.1014610528945923,0.07843971252441406,0.960203508536021,64
2439,114.20360658641845,22.329819185334674,34.01108441905208,8.21377233410558,21.371039938419422,0.2892018491776559,0.13340753866425642,0.8649968086405003,0.07541241657085736,4.493860375514831,141
2440,114.20026119334236,22.292116934415727,50.63053051630655,3.7004192670186367,13.4717698097229,0.9347880681355794,0.6344324747721354,1.4067424138387046,0.053142229715983064,6.274789651234945,200
2441,113.99230574118286,22.267775591420325,12.467358730457446,30.5185114895856,23.38167384818748,0.30524289166485824,0.11970731947157118,1.6274169639304832,0.0632621623851635,2.530419384991681,36
2442,114.19672078285656,22.371721971813745,20.969855785369873,17.84320937262641,27.22883975064313,0.20799062870166918,0.14154381222195095,1.0452544247662579,0.08896589279174805,0.8782704671223958,72
2443,114.19672078285656,22.371721971813745,20.969855785369873,17.84320937262641,27.22883975064313,0.20799062870166918,0.14154381222195095,1.0452544247662579,0.08896589279174805,0.8782704671223958,72
2444,114.26310890569324,22.314572868705863,39.03367101410289,13.708830232973453,16.49391574624144,0.3250477637773679,0.12130878589771411,0.8470504666552133,0.07361847677348574,2.6934376469364874,135
2445,114.26310890569324,22.314572868705863,39.03367101410289,13.708830232973453,16.49391574624144,0.3250477637773679,0.12130878589771411,0.8470504666552133,0.07361847677348574,2.6934376469364874,135
2446,114.23569975191414,22.26714727260141,38.39019607819944,13.500946991203367,18.65294454017659,0.30660604629713745,0.29047884682352226,0.7234718756466256,0.04497252077403302,3.2879210873783715,129
2447,114.12682290331756,22.36760657299296,39.70516479767121,14.868891489756354,12.003398872352577,0.24861000679634715,0.10243321324253941,0.8116882484596412,0.05154366249794717,2.9306116762819956,111
2448,114.12682290331756,22.36760657299296,39.70516479767121,14.868891489756354,12.003398872352577,0.24861000679634715,0.10243321324253941,0.8116882484596412,0.05154366249794717,2.9306116762819956,111
2449,114.12682290331756,22.36760657299296,39.70516479767121,14.868891489756354,12.003398872352577,0.24861000679634715,0.10243321324253941,0.8116882484596412,0.05154366249794717,2.9306116762819956,111
2450,113.99230574118286,22.267775591420325,12.467358730457446,30.5185114895856,23.38167384818748,0.30524289166485824,0.11970731947157118,1.6274169639304832,0.0632621623851635,2.530419384991681,36
2451,114.15879213707812,22.243767517842183,32.346404300016516,15.315944540734385,16.173329540327483,0.27948080324659164,0.4542238572064568,0.9602827184340533,0.056935291664273135,7.727536500668992,68
2452,114.15879213707812,22.243767517842183,32.346404300016516,15.315944540734385,16.173329540327483,0.27948080324659164,0.4542238572064568,0.9602827184340533,0.056935291664273135,7.727536500668992,68
2453,114.1665237965257,22.241555675130392,33.175533893061626,19.58764394124349,17.256497401817175,0.1652343600404029,0.003859576056985294,0.8830463185029872,0.12067533006855084,2.794901529947917,34
2454,114.1665237965257,22.241555675130392,33.175533893061626,19.58764394124349,17.256497401817175,0.1652343600404029,0.003859576056985294,0.8830463185029872,0.12067533006855084,2.794901529947917,34
2455,114.15879213707812,22.243767517842183,32.346404300016516,15.315944540734385,16.173329540327483,0.27948080324659164,0.4542238572064568,0.9602827184340533,0.056935291664273135,7.727536500668992,68
2456,114.23531564151806,22.300055030750148,32.644178517659505,6.223988342285156,23.260357157389322,0.16315180460611978,0.22405242919921875,1.0972539265950523,0.0760279337565104,3.7701622009277345,125
2457,114.17311669563053,22.37430588392496,34.04012335107681,18.147459435970227,18.661575790838146,0.1852694978105261,0.15149420880256814,1.0114247071827556,0.054035457313483484,1.4698116491872366,94
2458,114.23432572149795,22.29993798659145,33.310023292166285,4.388038447645844,25.17880872299111,0.1550731763162248,0.23696305321865394,1.1083222477813885,0.06958174575221994,3.243767628904249,122
2459,114.17455572227996,22.252067691170136,16.58685550768189,24.20020594027798,23.952618351689093,0.2874429333847737,0.18873803409529322,1.3574345121658387,0.1068539089626736,2.8555348086259,81
2460,114.00622429026473,22.46262415024017,27.076142856052943,8.90659423101516,24.4023373013451,0.1668237504504976,0.046543393816266744,0.8247968128749302,0.0817630404517764,1.1638729912894112,140
2461,114.0322964084816,22.449013679430937,30.216930502204487,12.982517929487333,22.593244173193494,0.2203113289289577,0.2487633817939348,0.8816160181517243,0.06964796332902805,3.483783557850828,124
2462,114.15777261547828,22.25073908187392,43.09776106991442,14.876974251375618,12.261442008267442,0.603587751886452,0.1656566757753671,1.2118289748348863,0.05172208609829944,3.293745584756016,83
2463,114.18596860002282,22.31550765297257,46.41931893532737,9.015489670268275,11.084203134503282,0.3738671018366228,0.6539204664397658,1.437166071774667,0.04405222441020765,5.7664664168106885,152
2464,114.18043671479217,22.32965880635016,32.99707874084293,11.425331419548103,21.319371620110704,0.1990588365402897,0.1686838875829646,0.9305484175330417,0.10190755568422749,4.397966728097922,113
2465,114.10240428799244,22.348804621396507,24.518528851595793,26.027398037187982,14.539186882250238,0.23744720401185934,0.16138047883004852,0.62401041840062,0.044614979715058296,2.4520606705636685,88
2466,113.99603259285438,22.46242341162064,38.020053363981695,12.416337785266695,17.67651665778387,0.486998614810762,0.20492076873779297,0.9756127993265787,0.08219877878824869,1.7093891189211892,112
2467,113.99603259285438,22.46242341162064,38.020053363981695,12.416337785266695,17.67651665778387,0.486998614810762,0.20492076873779297,0.9756127993265787,0.08219877878824869,1.7093891189211892,112
2468,113.99603259285438,22.46242341162064,38.020053363981695,12.416337785266695,17.67651665778387,0.486998614810762,0.20492076873779297,0.9756127993265787,0.08219877878824869,1.7093891189211892,112
2469,114.13612159059863,22.37732603310108,28.505594642074023,24.535434775882297,14.59457830146507,0.30400841324417677,0.10159457171404802,1.1024121884946472,0.06922571747391312,3.7368341728493024,72
2470,114.13612159059863,22.37732603310108,28.505594642074023,24.535434775882297,14.59457830146507,0.30400841324417677,0.10159457171404802,1.1024121884946472,0.06922571747391312,3.7368341728493024,72
2471,114.13612159059863,22.37732603310108,28.505594642074023,24.535434775882297,14.59457830146507,0.30400841324417677,0.10159457171404802,1.1024121884946472,0.06922571747391312,3.7368341728493024,72
2472,114.19672078285656,22.371721971813745,20.969855785369873,17.84320937262641,27.22883975064313,0.20799062870166918,0.14154381222195095,1.0452544247662579,0.08896589279174805,0.8782704671223958,72
2473,114.00219271730616,22.45445634643241,22.617941604548204,17.425063987831017,19.121008621149766,0.34316834949311753,0.0316619873046875,0.7328553633256392,0.09802203157763462,3.259856153876234,77
2474,114.00219271730616,22.45445634643241,22.617941604548204,17.425063987831017,19.121008621149766,0.34316834949311753,0.0316619873046875,0.7328553633256392,0.09802203157763462,3.259856153876234,77
2475,113.9949959306496,22.460173676015213,28.441241971489525,11.303649305486356,23.784731196708417,0.27266392091504565,0.17537876051299425,0.8987439732973267,0.07073279140757867,1.2855747119099104,98
2476,114.15527837936855,22.32070810132853,35.04972939539437,8.837384406966393,21.741116648972636,0.1777735623446378,0.09533275257457387,0.7059352566497495,0.039045738451408615,2.186281994135693,66
2477,114.15527837936855,22.32070810132853,35.04972939539437,8.837384406966393,21.741116648972636,0.1777735623446378,0.09533275257457387,0.7059352566497495,0.039045738451408615,2.186281994135693,66
2478,114.15527837936855,22.32070810132853,35.04972939539437,8.837384406966393,21.741116648972636,0.1777735623446378,0.09533275257457387,0.7059352566497495,0.039045738451408615,2.186281994135693,66
2479,114.1302450084403,22.35428753873645,28.83211544581822,18.48169382287081,17.907724683246915,0.29408464986811234,0.06450168670169891,0.8336026832540199,0.062410162870215356,3.201535643723907,126
2480,113.97892896031571,22.40338948275793,30.83267116307615,17.926974762651255,16.335718972342356,0.5487300997091117,0.5163694682874178,1.4581269190126196,0.1186939707973547,3.061156404347049,133
2481,113.97892896031571,22.40338948275793,30.83267116307615,17.926974762651255,16.335718972342356,0.5487300997091117,0.5163694682874178,1.4581269190126196,0.1186939707973547,3.061156404347049,133
2482,113.97892896031571,22.40338948275793,30.83267116307615,17.926974762651255,16.335718972342356,0.5487300997091117,0.5163694682874178,1.4581269190126196,0.1186939707973547,3.061156404347049,133
2483,114.2226759084029,22.28685632618788,33.797546492682564,11.908730665842691,20.539052221510143,0.31006018320719403,0.14232317606608072,0.8402599228752984,0.0942360030280219,3.8173185454474554,120
2484,114.00219271730616,22.45445634643241,22.617941604548204,17.425063987831017,19.121008621149766,0.34316834949311753,0.0316619873046875,0.7328553633256392,0.09802203157763462,3.259856153876234,77
2485,114.20071560474231,22.33928368201071,32.628252671199775,14.584295254833293,18.585391014626943,0.3750144310717313,0.12373204501170032,0.9780984254753063,0.0691784252910494,4.451427069849938,212
2486,113.97287649569716,22.411446156483898,29.605427494755496,14.223941419490428,24.664960588727677,0.18929930591078664,0.036121550060453866,0.8593312016239874,0.08402123022331763,5.692316489244895,63
2487,114.1293857565387,22.282674686226507,42.23082733996393,10.866831680533638,19.90548590687463,0.5610958629886046,0.7808647408390675,1.2485312573430818,0.07895812819861946,2.997834161417374,151
2488,114.1293857565387,22.282674686226507,42.23082733996393,10.866831680533638,19.90548590687463,0.5610958629886046,0.7808647408390675,1.2485312573430818,0.07895812819861946,2.997834161417374,151
2489,114.06257524787294,22.44038679118768,20.887610368561326,19.37953463771887,29.245981417204206,0.17665352737694456,0.048617312782689145,1.0515434700146056,0.09147493462813527,3.0214192574484313,76
2490,113.97148602128772,22.40593581942169,26.855440358169208,15.545748693645757,20.940502787971013,0.1901449441303127,0.07297040245308524,0.7609423183606174,0.056748717795801526,2.838250031604719,131
2491,114.11885082576704,22.369391959859765,48.39808146158854,9.605362937917349,8.098818263191193,1.0485285450976183,0.530525682501292,1.8201330756398957,0.11234345293849049,6.028156305256211,257
2492,113.97645583496478,22.3874837790813,40.77838901256938,16.786809562526827,12.25633461382136,0.4972857469952972,0.4305775605100493,1.2211252635195715,0.08022940580627327,3.1986609517529025,179
2493,114.16432481402668,22.31635630454732,39.72854483840812,12.18977104904305,13.434553390894179,0.37884834485176283,0.41528294229099894,1.1444628136789698,0.07933689997746395,2.9000453459910855,195
2494,114.19291520483348,22.37678852389302,35.652973651885986,15.013791720072428,15.679890712102255,0.42173425356547034,0.7425173123677571,0.8125428358713785,0.05402962366739909,2.152477502822876,80
2495,114.16458605414203,22.32570298767603,49.97696407042081,4.14821832912531,10.53516844979102,0.636096922669688,0.6050236567342269,1.0540306073208012,0.046057378694256,5.758433042189122,281
2496,114.1352767688584,22.37750642890073,29.53073208148663,21.793682391826923,15.058951255602716,0.2650168003180088,0.07832062550080128,1.106431423089443,0.07076801397861579,4.164062891251002,65
2497,113.9789119574916,22.38109322098917,26.315417858438753,14.733017621054927,20.06411858654897,0.34971208018265004,0.20477808214473434,1.14839769649214,0.10260660713965739,3.394065355306736,109
2498,114.12309443753458,22.367849202636418,45.29439174767697,12.493545840484929,9.859610856181444,0.4538794238157946,0.41620659105705493,1.055752917973682,0.057300991482204855,3.779029268206972,165
2499,114.16806251819172,22.45547171693892,29.783090712532164,21.964107392326234,13.007782073248,0.5263479929121714,0.17733619326636904,0.8987671988351005,0.06969603281172496,2.8590209900386747,210
2500,114.18630828183082,22.31524574610707,48.56565679080606,7.869805022262539,10.728495936508013,0.368627951295807,0.6642570163169976,1.43112398700257,0.03716836567797692,5.944912937471809,153
2501,114.26867099011064,22.31573476043199,26.483587830711226,18.107436272728787,16.827056163877952,0.2906163533528646,0.22249146709291953,0.8138997035389496,0.04668348417507382,3.516532367295793,127
2502,114.19439248162652,22.387670152284706,28.12416878299437,15.084116286125735,21.36951170105865,0.4504502337911855,0.18833492113196332,0.9064643970434216,0.0826506683791893,3.136895774067312,115
2503,114.206083423126,22.2910594062954,47.49608771510856,8.829196882836612,12.440995312241649,0.5220875748461096,0.3689427855153563,1.1305326296959393,0.05610666157286845,4.866938952625954,189
2504,114.16890475417976,22.337208216533813,32.384794288211395,11.777192574960214,20.83241453877202,0.3018065735145851,0.2758441147980867,0.6249383643821435,0.050218458528871884,4.023669384143971,72
2505,114.13227504125156,22.50336311953112,21.581701914469402,30.44490287417457,12.795444306873138,0.7547603788829985,0.24022638230096727,0.9783750261579242,0.0581388927641369,2.855076381138393,175
2506,114.10922822366412,22.3705531655447,39.82952525473049,9.246256412603916,16.725140759068676,0.6117882687821348,0.3788294343866854,1.303121615678836,0.08249136117788461,3.3292773646167197,195
2507,114.13638089259918,22.25252323887102,35.40005059077822,16.145050662687456,15.9295706913389,0.4167925078293373,0.07732698287086925,0.7367850994241649,0.06766352160223599,4.334400878555474,145
2508,114.1868782758162,22.278319508720266,50.654145825762,9.63489816976283,7.641927582669657,1.0386835675987116,0.47767470779302823,1.2602659483841383,0.055306142867972315,4.898233718523696,219
2509,114.00269477246424,22.449192156017347,36.33113447825114,9.280621528625488,17.722746213277176,0.4233640034993489,0.3030986785888672,0.788879076639811,0.07732804616292317,2.5390685399373374,100
2510,114.20360658641845,22.329819185334674,34.01108441905208,8.21377233410558,21.371039938419422,0.2892018491776559,0.13340753866425642,0.8649968086405003,0.07541241657085736,4.493860375514831,141
2511,114.17043296643152,22.45792810859575,20.513873100280765,26.04847987492879,16.562072634696964,0.15086650848388672,0.02235889434814453,0.8411018053690592,0.06368716557820638,3.415147066116332,160
2512,113.96208588670017,22.405282442698606,28.752750820583767,30.384480511700666,7.6572418212890625,1.8767286230016638,0.20306905110677084,1.3467588542420188,0.1529881983627508,2.3101418106644243,27
2513,114.1343971045137,22.492301460051365,22.426134596268334,27.284851918617882,20.31485761205355,0.17762531836827597,0.05691945552825928,0.6887925167878468,0.08103648821512857,1.460560659567515,128
2514,114.22173289714854,22.281374996303665,47.758835603059424,6.1331250984680485,12.10518948158803,0.609124940017174,0.6363857751605154,0.9454493843667418,0.04628859521524463,3.9644465266385875,203
2515,114.25584355015586,22.321963593811454,36.739654178860825,15.61068884934051,11.812593765902621,0.309001343159736,0.20982162861884396,0.9909871258313143,0.07224243904467877,2.4454030306530408,158
2516,114.1146941938736,22.37163902033616,49.10443395837282,6.1111330818358685,11.885029890701574,1.4013555985462813,0.9998789651819757,1.5274192713483978,0.07536615835798775,5.220863621278487,237
2517,113.97034505960224,22.40252085305931,34.61679103327732,12.896397908528645,17.142514434515263,0.5072963938993567,0.17442665848077513,1.2576825011010262,0.09590560314702053,4.348675783942728,170
2518,114.16758654087651,22.30736204297683,41.16124644208311,7.650342983986015,16.573681048492887,0.6731835170764829,0.4725431328389182,1.6640104464630583,0.07624768499118179,4.880560334049054,268
2519,114.125598993399,22.501365418569087,33.67484045028687,17.53743235270182,19.33489990234375,0.583356539408366,0.19656944274902344,1.2388518651326499,0.07515796025594075,3.600715160369873,200
2520,114.13835854629006,22.36400653997758,41.73062367976712,14.934527673881403,10.34990443314294,0.3712885099635136,0.2983889133810139,0.9724498080978577,0.04853401824438886,3.6649424966862445,139
2521,113.96531409238226,22.396310422505405,32.21729311168703,23.324894293760646,13.186621869731153,0.274406742845845,0.24218314733260718,1.0006676372299848,0.07672106098924947,3.233506129338191,78
2522,113.97345434611805,22.388103135974976,38.536511119614296,18.121854939691698,13.716376541007278,0.4744453647537449,0.25462289141793537,1.1934068467881944,0.11716989370492789,2.9215122559810975,117
2523,114.14187173848674,22.36995846284869,36.94924866711652,12.491345699922537,13.671089984752516,0.3717961134733977,0.6803430156943238,0.955050962942618,0.05249094080041956,3.184962272644043,108
2524,114.09849770135416,22.355909823266728,22.093177371554905,20.3619507683648,19.61527082655165,0.3086200290256077,0.3652547200520833,0.9098129272460938,0.059455447726779506,3.4371312459309897,75
2525,114.16910212890178,22.27850024882476,47.776288962831686,10.05436333955503,9.004721103930006,0.5780887370016061,0.36365074269911823,1.351489974003212,0.06206760219499176,5.664075355903774,272
2526,114.16910212890178,22.27850024882476,47.776288962831686,10.05436333955503,9.004721103930006,0.5780887370016061,0.36365074269911823,1.351489974003212,0.06206760219499176,5.664075355903774,272
2527,114.21124369254676,22.321428328914497,48.32100531067511,5.290186525595309,14.73954743407792,0.44666893955834386,0.14951012351296164,0.9599115712072713,0.08177612767075047,3.2128382210779667,198
2528,114.00090551637705,22.45054477838854,31.6575633154975,11.504866753095463,19.157023488739387,0.4724676226392205,0.1357166855423539,0.8769473911803445,0.09242046026535976,2.391904960443944,108
2529,114.14352303099297,22.285306115843,58.12589549676492,10.032797942167257,5.431178878000276,0.7905520276214345,0.8239043086517953,1.9827210347712254,0.032267006494665657,3.567608112075423,279
2530,114.16910212890178,22.27850024882476,47.776288962831686,10.05436333955503,9.004721103930006,0.5780887370016061,0.36365074269911823,1.351489974003212,0.06206760219499176,5.664075355903774,272
2531,114.15870718852736,22.450748013995124,24.81232035457412,22.51641582739867,18.455507317367864,0.37233586214026626,0.05116927650780364,1.1050021026680528,0.07375340883423682,3.359049842471168,147
2532,114.26743022201214,22.318155656357977,32.045837212109504,17.7928746841711,14.684493147482083,0.3763168815552719,0.2431223711629552,1.0783633534989645,0.04170985985302862,3.545486770589834,127
2533,114.2535647311254,22.32584783947274,21.491253878421716,20.5971600908886,20.866674664376795,0.18899522978683997,0.01794442363169001,0.7596403246181679,0.12558538794974258,1.9684400595010927,87
2534,114.19259098602905,22.3430955765015,39.94147442209468,13.349397471874436,14.138273191360149,0.6822512558659607,0.6088348712075882,1.175765403203652,0.15204710767448296,3.952551714946769,173
2535,114.19259098602905,22.3430955765015,39.94147442209468,13.349397471874436,14.138273191360149,0.6822512558659607,0.6088348712075882,1.175765403203652,0.15204710767448296,3.952551714946769,173
2536,114.19259098602905,22.3430955765015,39.94147442209468,13.349397471874436,14.138273191360149,0.6822512558659607,0.6088348712075882,1.175765403203652,0.15204710767448296,3.952551714946769,173
2537,114.22216091635256,22.31477912690353,54.0409714567895,5.636331948245607,6.894921855766231,1.0003617497719304,1.0804356647138835,1.674481667056471,0.05995031832313003,6.2158796967578525,238
2538,114.2535647311254,22.32584783947274,21.491253878421716,20.5971600908886,20.866674664376795,0.18899522978683997,0.01794442363169001,0.7596403246181679,0.12558538794974258,1.9684400595010927,87
2539,114.2535647311254,22.32584783947274,21.491253878421716,20.5971600908886,20.866674664376795,0.18899522978683997,0.01794442363169001,0.7596403246181679,0.12558538794974258,1.9684400595010927,87
2540,114.23227498028074,22.316753684810315,36.39831518702228,20.317006535809156,12.059546123630824,0.5457756780182739,0.4321236646812381,0.9904249933839754,0.10210648747800871,3.2447480063402017,131
2541,114.1412970050199,22.491779366284256,27.76366848415799,24.296530193752712,14.861423280504017,0.2795096503363715,0.1516053941514757,0.9109973907470703,0.08259879218207467,2.8744445376926,150
2542,114.18706734567648,22.34294249998344,27.525378007155197,20.65379607371795,18.562356508695164,0.20737330118815103,0.20225084744966948,0.6577384166228465,0.06153595753205129,4.078261791131435,130
2543,113.96306399611792,22.375338700819142,26.150862843382594,20.62883190080231,17.938765357522403,0.4332070257149491,0.3176548901726218,0.9218416961969114,0.08916480868470436,5.289965049893247,68
2544,114.22269653857263,22.320323761392967,38.21888966346855,11.68993005705117,15.074284871419271,0.33605727390270324,0.1773919632185751,0.8072411836083255,0.10095188273719295,2.1784492986119206,67
2545,114.20244545387446,22.34991239390387,37.119239267676775,20.387665430704754,8.101937265107125,0.49374705613261516,0.2640136564620818,0.656364421651821,0.07020102606879342,4.525843051948933,66
2546,114.16594523936855,22.44674817529496,43.25438189440851,12.391948699951174,14.793380101521809,0.7979822552893773,1.0460603992472668,1.5250315022534244,0.05549937897148868,5.943969195867701,242
2547,114.1792230703356,22.31149830596797,34.23056400183475,14.672362298676461,15.472164154052734,0.2666678573146011,0.11108860825047348,0.8618294108997692,0.09906826597271542,3.247466520829634,110
2548,114.10258553927616,22.373160077905624,31.54625528787513,19.05902609767684,15.794839054705148,0.19949296392111412,0.184086719191218,0.6153056899227771,0.06723289030144014,3.1492340516852573,83
2549,114.14968516292888,22.28355532039621,56.519083483465785,10.568879555011616,5.987605829348509,0.7794753984473219,0.6144462234672459,1.3970318059811646,0.06601487082996586,3.7923604592509657,290
2550,114.19512932925586,22.378756944111903,38.05221159712257,12.549527702418043,14.16335549213989,0.5246767922053263,0.42898000773388784,0.9374994809935693,0.07615381357621172,3.448898721984725,147
2551,114.18080675238068,22.37140707609001,32.04374692297929,10.461248940979408,21.364570348204893,0.39153846420725974,0.20986266483534252,0.9604302463152553,0.06906833606576815,2.242106212422284,151
2552,114.18491814351682,22.276585735158232,50.129496943843264,9.226472528131158,6.619940362535082,0.6876943347690342,0.2696832021077474,1.3520550083469702,0.06614332800512916,5.300612277812786,148
2553,114.1759417668698,22.44808504730176,21.549949546655025,24.405670662720997,18.95396610101064,0.22570292154947919,0.08683502674102783,0.9231944878896078,0.11482015252113342,2.224498490492503,128
2554,114.1759417668698,22.44808504730176,21.549949546655025,24.405670662720997,18.95396610101064,0.22570292154947919,0.08683502674102783,0.9231944878896078,0.11482015252113342,2.224498490492503,128
2555,114.1759417668698,22.44808504730176,21.549949546655025,24.405670662720997,18.95396610101064,0.22570292154947919,0.08683502674102783,0.9231944878896078,0.11482015252113342,2.224498490492503,128
2556,114.14939185071152,22.24510274357549,37.965408269909844,11.439709502141831,13.659759650483798,0.30881909356600995,0.027858347132586052,0.7756339179144965,0.06112914154495018,4.664865208132832,69
2557,114.13803077893436,22.250139544645645,35.21878291399051,15.614112625774156,15.666537407117012,0.46609894842164123,0.05206572703826122,0.6712652679182526,0.07989426963349693,4.862799196161775,78
2558,114.19042233257112,22.303279901073,42.02798782319896,6.561833182297184,15.04017278523993,0.5768515520401145,0.41152070471122437,1.075193617078993,0.10018950352785502,3.3068559937557933,177
2559,114.22977054120648,22.31583340105525,33.700768288723765,21.460410876151848,10.341187827607506,0.333950118801193,0.3700174837030916,0.8540715926732773,0.09529787590700678,3.040813380836421,117
2560,114.24096230798978,22.296928304690525,39.60338637540473,12.22919334704194,11.297560441458822,0.25301992365744264,0.3812446706766224,0.9421959035867787,0.057995776511223264,4.18243520731068,113
2561,114.1347425075279,22.3782106719624,28.672487622215634,22.777092343284966,15.121936798095703,0.2415007636660621,0.18772306896391366,0.8700947534470331,0.07333255949474517,4.295444942656017,70
2562,114.18147501583071,22.3201856927678,40.3476037979126,12.438096682230633,15.26840877532959,0.27743403116861975,0.061122894287109375,1.1231660842895508,0.04499626159667969,3.1324297587076817,100
2563,114.2138776099632,22.334919440231744,27.16995802792636,17.30380816893144,23.23321429165927,0.18313364549116654,0.27703371914950287,0.5418719667376894,0.03970969807017933,3.063140854691014,88
2564,114.16361596980168,22.319796905299448,52.024967170588745,6.962526186199389,9.25302922635776,0.6776194047424409,0.5138834497328078,1.2024545741476804,0.06993036284525829,5.831104669815455,221
2565,114.20922730329517,22.33217514091713,34.181255899417174,12.42629292158058,19.23506791424599,0.1697475490043624,0.14264092576984638,0.8694025108515584,0.09401305212842938,3.726872972622039,157
2566,114.18147501583071,22.3201856927678,40.3476037979126,12.438096682230633,15.26840877532959,0.27743403116861975,0.061122894287109375,1.1231660842895508,0.04499626159667969,3.1324297587076817,100
2567,114.214317505009,22.382709006797764,22.34553082784017,22.608125686645508,16.937627474466957,0.20200284322102863,0.12884902954101562,0.9734029769897461,0.06817181905110677,2.829035758972168,100
2568,114.2391616010858,22.26287448306357,37.40828162745426,15.821944900423464,16.587796406439175,0.3674448582164028,0.30561023288302946,0.8364055588928578,0.06747719837211029,3.682871868735866,114
2569,114.2391616010858,22.26287448306357,37.40828162745426,15.821944900423464,16.587796406439175,0.3674448582164028,0.30561023288302946,0.8364055588928578,0.06747719837211029,3.682871868735866,114
2570,114.18870069431952,22.372129132699573,18.187569663638158,24.864954721359982,19.8650700705392,0.09656179518926712,0.551887693859282,0.9003616514660063,0.0596219017392113,2.6040917351132347,70
2571,114.11778319648488,22.368425306548705,49.14960742981966,8.654412487650047,8.110481188645377,1.127052044408709,0.5982473862072653,1.8228255027581837,0.11393163486617328,6.090675700794566,242
2572,114.23064517642938,22.419810728032203,21.63465468864131,23.813617261767714,17.01856008390101,0.2253180919947017,0.10075452851086128,0.8313458140303449,0.0796847873263889,3.0042141756714194,123
2573,114.18598756613665,22.30868051639795,49.323175965453224,7.245785097995824,10.12513688999972,0.7565522365432849,0.69693055370157,1.0927797221451354,0.03820186038669065,4.661535816512805,278
2574,114.18598756613665,22.30868051639795,49.323175965453224,7.245785097995824,10.12513688999972,0.7565522365432849,0.69693055370157,1.0927797221451354,0.03820186038669065,4.661535816512805,278
2575,114.18598756613665,22.30868051639795,49.323175965453224,7.245785097995824,10.12513688999972,0.7565522365432849,0.69693055370157,1.0927797221451354,0.03820186038669065,4.661535816512805,278
2576,114.2291065619699,22.27902482427616,47.14234749476115,8.547180626127453,14.744814501868355,0.665964682896932,0.6113990147908529,0.9465740786658394,0.06099859873453776,3.98141516579522,240
2577,114.17701031945624,22.37864058143601,35.096473729565794,17.094527826773543,16.04454651307524,0.2729757001783964,0.6629895628168343,0.9822268611036437,0.08291501677438115,3.3321227027235856,178
2578,114.20005693253071,22.347898938840164,39.115651448567704,18.966821329483132,8.358390126007283,0.5945900418111031,0.30571345988225196,0.8293320274774076,0.05748698253505277,3.8973448292309087,151
2579,113.97171772586294,22.387017285905184,30.0933407613324,17.124713229811956,24.06436746770686,0.1796221492266414,0.04621178212791982,0.86696926592175,0.07106575500282775,2.282752733840686,99
2580,114.25301118428185,22.30744375386651,38.88692728678385,13.414016723632812,14.874876912434896,0.15836435953776043,0.14749603271484374,0.8092379252115887,0.06517384847005207,1.621396636962891,125
2581,114.1270763110094,22.36488845860419,33.31136610901471,16.043704998917562,14.878427635118797,0.19730626572297227,0.07748650115670509,0.789618877917046,0.048065802811804705,3.414942608682083,103
2582,114.22723330571264,22.33160161505277,24.73138451190442,17.467570999293653,21.604411115924133,0.20787322405472541,0.11903954169511025,1.1750397172946374,0.06733372759278923,2.530436531239729,103
2583,114.20330915565847,22.34823257068576,41.33569497977738,14.293558407673796,11.034734832853696,0.6534100985456708,0.31356248883722804,1.0162468856766513,0.08523597829813098,4.7304277223120055,113
2584,114.23913316861028,22.3081901874132,39.740451176961265,14.031272729237873,12.840588490168253,0.7275839646657308,0.1494240760803223,0.8491706848144531,0.07747888565063477,1.6256598631540935,80
2585,114.23941227324784,22.30292523655608,42.48115205922142,9.00925614259424,11.689330563686863,0.1954682982794129,0.059868085502397896,0.6066813327298306,0.04809980738674453,3.7562744845651554,101
2586,114.16182863475127,22.33318910928196,45.05384531286027,5.0606555408901635,11.676385502020517,1.1611342430114746,0.6807016001807319,1.4173987838957043,0.032429893811543785,6.391180886162652,192
2587,114.20163845266993,22.342958985275807,35.21066036354117,20.482205695846453,10.881485582208956,0.40420091071096403,0.17052475286989796,1.1255527029232102,0.08012486152908428,3.3749946931592456,98
2588,114.19261602145176,22.30676551798636,36.25042479472472,21.91176922460602,11.138493252783707,0.46033072717411,0.27303597361771104,1.4050922852611216,0.14851298119194317,3.795108598532136,97
2589,113.99879190219744,22.454813846627623,22.438612580299377,16.07358952363332,22.18799392382304,0.3722613056500753,0.07657110691070557,0.8255397280057271,0.07224331299463907,1.8420413136482234,64
2590,114.02426251630544,22.44868118966222,34.948577995071865,16.297952191320483,15.702408849598164,0.44299085697014173,0.2732042780893292,1.3866988008845589,0.09483501106917025,3.5578013894086826,167
2591,114.00070589441496,22.462446642191907,41.1019669098108,7.559049048391329,16.14966684458207,0.17143528477675254,0.23007100942183514,0.9243043912511293,0.05383102261290258,2.114391651283316,98
2592,114.19099342697244,22.28847866537359,50.2273993656553,4.8075309841112155,10.962599611830436,0.6669993784235813,0.5031388381431843,1.1255722484369388,0.06237227341224407,4.424408222066945,145
2593,114.12274792916278,22.360010576835705,36.247262784412925,13.675170569192797,16.069645257223222,0.16668807892572315,0.16501631055559432,0.7652515456790016,0.05811566398257301,2.9374383744739347,112
2594,114.17498964548368,22.45269959852135,23.603195109695353,27.923673549026407,14.465228338090203,0.4284528197434844,0.24637494768415177,1.035378723548203,0.11083108407479746,2.7763407066385586,126
2595,114.23941227324784,22.30292523655608,42.48115205922142,9.00925614259424,11.689330563686863,0.1954682982794129,0.059868085502397896,0.6066813327298306,0.04809980738674453,3.7562744845651554,101
2596,114.22771311894029,22.42323422926915,35.31225281532364,14.830931991037696,16.155831741564203,0.3515298920448381,0.32105156869599316,1.2284799055619673,0.106280500238592,2.6601760074345755,132
2597,113.9492654846396,22.29213067309972,21.116651504758803,23.420418330601283,22.703335777161612,0.05509573315817213,0.21402268182663692,0.5728642902677021,0.09667896089099702,0.6265331449962798,105
2598,113.9492654846396,22.29213067309972,21.116651504758803,23.420418330601283,22.703335777161612,0.05509573315817213,0.21402268182663692,0.5728642902677021,0.09667896089099702,0.6265331449962798,105
2599,114.2226759084029,22.28685632618788,33.797546492682564,11.908730665842691,20.539052221510143,0.31006018320719403,0.14232317606608072,0.8402599228752984,0.0942360030280219,3.8173185454474554,120
2600,113.96484316280495,22.405873061583144,26.669334177769922,24.7041252837784,14.443986169223127,0.7425465346296173,0.47841784597813397,1.156375782699877,0.11079685898119462,2.774441744632648,87
2601,114.18978559988108,22.34431495169653,33.544993746107906,18.21827681168266,14.32738949135306,0.29735565185546875,0.20077470420063406,0.8370072369414252,0.09730011944609565,3.7606425907300864,138
2602,114.15617220521877,22.24874310806927,44.55089131991069,12.331474224726358,11.98044200738271,0.7007797559102376,0.4416300853093465,1.6548073291778564,0.07539033889770508,4.218016664187113,160
2603,114.2276909727337,22.2819963528655,40.72272857030233,8.981349468231201,18.098360432518852,0.2153815163506402,0.2855873107910156,0.6392025947570801,0.06882376141018338,3.164615896013048,120
2604,114.20223089206613,22.29084331996905,49.98451660239631,6.856911212803019,12.030209956490493,0.7182453065187769,0.46126290965818534,1.2817740657507612,0.04262281463011583,5.4657369797781294,183
2605,113.9492654846396,22.29213067309972,21.116651504758803,23.420418330601283,22.703335777161612,0.05509573315817213,0.21402268182663692,0.5728642902677021,0.09667896089099702,0.6265331449962798,105
2606,114.16605245277545,22.44221489397881,20.429879143124538,29.137475417107762,15.973419168082273,0.22039306597883296,0.1441057990579044,0.8259156171013327,0.10800829120710784,2.539956335927926,119
2607,114.18798934252852,22.34011587075621,39.716002234706174,13.435237054471616,15.306560860739815,0.3925495677524143,0.08817116419474284,0.875597529941135,0.09392345393145526,3.5262979842998363,144
2608,114.16335536210188,22.30464353336779,43.73419917566254,3.6056492232466457,22.278447161308016,0.11245116053619711,0.07290445315610071,1.147445751603242,0.0803402781233413,2.175548982721479,157
2609,114.00446168454576,22.4501693380323,32.50425558174606,10.096169643345835,20.371898718639812,0.3862462564203943,0.31486950089446214,0.8222034195531434,0.07850511939124724,2.8694242854385603,113
2610,113.97598644151805,22.39653173123805,48.603664154702045,7.071456638633783,12.501364363000748,1.2830649030969496,0.7041431995148354,1.7458348916777482,0.10166141158300088,4.79964628287241,235
2611,113.97692456922071,22.412814812512863,27.08542178375553,14.488479986736671,24.400111240168616,0.2065973249750105,0.1521755950619476,1.0072958589804293,0.10922236073298085,2.9461899189033893,99
2612,114.19393658226544,22.391788116472444,21.076008125587745,22.60568112502863,20.816199573469753,0.18442648428457756,0.17273161146375868,0.84064683796447,0.0407048213629075,2.0608236760268976,54
2613,114.19393658226544,22.391788116472444,21.076008125587745,22.60568112502863,20.816199573469753,0.18442648428457756,0.17273161146375868,0.84064683796447,0.0407048213629075,2.0608236760268976,54
2614,114.18798934252852,22.34011587075621,39.716002234706174,13.435237054471616,15.306560860739815,0.3925495677524143,0.08817116419474284,0.875597529941135,0.09392345393145526,3.5262979842998363,144
2615,114.20028890462125,22.34181230409663,31.25800132751465,19.46464968662636,15.3629581601012,0.3350313972024357,0.18598444321576288,1.0004612043792125,0.061409894157858455,4.125590230904374,170
2616,114.20071560474231,22.33928368201071,32.628252671199775,14.584295254833293,18.585391014626943,0.3750144310717313,0.12373204501170032,0.9780984254753063,0.0691784252910494,4.451427069849938,212
2617,114.20071560474231,22.33928368201071,32.628252671199775,14.584295254833293,18.585391014626943,0.3750144310717313,0.12373204501170032,0.9780984254753063,0.0691784252910494,4.451427069849938,212
2618,114.13329549748131,22.28506889905254,43.277579910901125,10.358842376138076,18.494623696722954,0.4615936149545266,0.453070880604439,1.1437253887150562,0.06725415080583014,3.406633487364062,196
2619,114.19417307149511,22.34103644513288,38.74693683069995,12.967442243527143,15.163302462325138,0.6541630345532018,0.628928486098591,1.200774592212123,0.12734600621410924,3.6116489182170644,195
2620,114.18644166946974,22.27882525098025,51.67675504170824,8.5716949973738,7.595535067318134,1.155675724257201,0.5470797831661663,1.4738066227675526,0.06163095976761508,4.877169024649319,229
2621,114.1546629,22.2846487828858,59.15346406361031,3.433879066090228,6.364663040851068,1.3452875877404438,0.7274551471826531,1.7026159164155947,0.0612659033164617,5.178064552892772,317
2622,114.17188507470006,22.331257184042244,39.753825204414234,15.434391337229794,13.092512355412456,0.3093308374696507,0.26754221521822136,0.8649132903058427,0.11085232995207744,2.3060910982595653,133
2623,114.23345961750074,22.31807174211953,38.837630810748884,13.301365088063774,14.195961196935487,0.45841343295771464,0.2563692999224291,0.9597153810180954,0.08369360127911218,3.767329186694279,141
2624,114.18614502430349,22.341443481156592,33.35096672098473,16.420208209406134,17.468537981548003,0.33091666206480963,0.157157958499969,0.8543294573587086,0.08136582753014943,3.5981894800902676,126
2625,114.19579341596364,22.33510317683934,46.51196914943842,8.567519917514156,12.014321030163375,0.6428214370227251,0.37948511988738853,1.2418615362031864,0.07170484365661288,5.392607834821191,244
2626,114.26764659362917,22.307544587425703,21.55447468613133,14.63077024980025,26.291595227790598,0.19840934059836648,0.061475580388849434,0.5974457480690696,0.0924283807927912,1.69302275686553,55
2627,114.15886714897955,22.34001592276276,35.51424830949225,13.275151998818325,15.94049849477755,0.5643121239279404,0.2867153712681362,0.7350149608793712,0.04430011827118543,4.470614348950029,98
2628,114.15886714897955,22.34001592276276,35.51424830949225,13.275151998818325,15.94049849477755,0.5643121239279404,0.2867153712681362,0.7350149608793712,0.04430011827118543,4.470614348950029,98
2629,114.214051821465,22.33297782623757,28.68089326222737,15.003335634867351,21.706150690714516,0.19198004404703772,0.24103927612304688,0.8164100646972656,0.05720837910970051,2.914817174275716,100
2630,114.18623145962574,22.327536386564663,46.411302294049946,6.077761332194011,15.105918157668343,0.4709459940592448,0.4617396763392857,0.9391742887951079,0.05332383655366443,5.002573104131789,175
2631,114.17478689064724,22.366485467923333,34.394842401184235,11.153658051837356,19.404658458585427,0.2025687903688665,0.045654468966605966,0.7145310404306665,0.059307308722856944,1.6581513827904724,133
2632,114.2280465315712,22.325722451363365,29.4359769821167,11.682424545288084,18.465702692667644,0.28047307332356775,0.09031486511230469,1.323003133138021,0.0751196543375651,4.02668571472168,100
2633,114.1069767450701,22.34882471901122,34.56341285331576,17.586912127102124,14.428011576334637,0.30540672003054153,0.18115324132582722,1.0402838389078777,0.09033750085269704,2.447757300208597,136
2634,114.00326578417707,22.4509356419335,34.187565766297304,10.636321059218398,16.314442379696594,0.5127225194249425,0.22781818836658924,0.7728631074006135,0.09031496248445711,3.1830718925407337,111
2635,114.15522723912568,22.33765849892632,43.77141316731771,6.335938958560719,12.520140105602787,0.7974015030206419,0.415957955753102,0.9070198208678002,0.03726024253695619,5.384045956181544,170
2636,114.1871533103938,22.32386991199618,42.75729034493028,8.239421282225456,12.775414006239703,0.4707239112075494,0.2950473707549426,1.3609925094915896,0.04426000339914611,5.25082006476093,147
2637,114.20980916876226,22.32985416434265,29.80158151085697,14.552687886935562,19.451966214535837,0.31218860872942417,0.11967189276396338,0.9114611801223376,0.09505428485016325,3.2571045320425456,134
2638,114.23282803049416,22.26759078980806,32.26320945610434,16.479419988427463,21.409471695032497,0.35903090137546345,0.11885691497285487,0.6135164681127516,0.033420627400026486,3.731854217874128,59
2639,114.23282803049416,22.26759078980806,32.26320945610434,16.479419988427463,21.409471695032497,0.35903090137546345,0.11885691497285487,0.6135164681127516,0.033420627400026486,3.731854217874128,59
2640,114.19433971957402,22.27619667481816,41.45331723349435,13.753337330288357,17.946496085515097,0.1987934112548828,0.12222925821940105,0.7600894049992637,0.02386834886338976,3.3275112273201106,84
2641,114.12611172908008,22.34740501265004,34.08508227421687,8.28858815706693,21.389321791820034,0.14483843094263324,0.17414973332331732,0.6830217899420321,0.06813244941907051,3.4443295307648483,130
2642,114.12611172908008,22.34740501265004,34.08508227421687,8.28858815706693,21.389321791820034,0.14483843094263324,0.17414973332331732,0.6830217899420321,0.06813244941907051,3.4443295307648483,130
2643,114.14739437898456,22.287185235002173,54.959050786028556,6.323748098715061,7.86182962419865,0.7518441368818,0.8598507511233944,1.5886290924687685,0.08113822620251565,4.146223532064671,281
2644,114.23857916289312,22.30634815596197,47.91843282195913,9.914334615071615,10.119946384842779,0.4993612116033381,0.002680196390523539,0.668956707050274,0.052323279442725246,1.5011155760133423,77
2645,114.12750260543096,22.367462292949803,38.54043154880918,14.053538749957905,12.534397497944447,0.2483631002491918,0.09088187382139008,0.8034029226193482,0.04992813899599273,3.330052035978471,116
2646,114.12750260543096,22.367462292949803,38.54043154880918,14.053538749957905,12.534397497944447,0.2483631002491918,0.09088187382139008,0.8034029226193482,0.04992813899599273,3.330052035978471,116
2647,114.12750260543096,22.367462292949803,38.54043154880918,14.053538749957905,12.534397497944447,0.2483631002491918,0.09088187382139008,0.8034029226193482,0.04992813899599273,3.330052035978471,116
2648,114.15544961917838,22.279727192215216,49.87862671928844,13.945202854858048,8.701214845153107,0.9669036700807768,0.22736965924843974,1.2339354931623085,0.03766575078854616,4.123958362930122,232
2649,114.15544961917838,22.279727192215216,49.87862671928844,13.945202854858048,8.701214845153107,0.9669036700807768,0.22736965924843974,1.2339354931623085,0.03766575078854616,4.123958362930122,232
2650,114.0068975150211,22.460304046088563,24.951980403535433,14.121003606830765,23.68167611055596,0.14225789742876394,0.04322288572326187,0.6519401412293584,0.06245309992354046,1.5753617890429437,129
2651,114.02100164785664,22.44568900265836,29.533295742301057,14.248292021049087,20.663535095924555,0.4468616219454034,0.3030448736146439,1.2183180520700854,0.08138715758804205,3.6939659414365313,215
2652,114.15777137683747,22.33145481161313,37.679681463987244,9.154491267577122,16.165848720220872,0.5369366932307742,0.3576478840392313,1.0348526048071591,0.046796367001631624,4.965121853989339,162
2653,113.97287649569716,22.411446156483898,29.605427494755496,14.223941419490428,24.664960588727677,0.18929930591078664,0.036121550060453866,0.8593312016239874,0.08402123022331763,5.692316489244895,63
2654,114.221712357803,22.27782596172968,27.808999662046077,18.331945913809314,13.55364128395363,0.18279605441623265,0.043572319878472224,0.5400685910825377,0.0466707017686632,3.29565754643193,45
2655,114.19584804938826,22.38003919616165,37.230601473751236,13.578823692778236,14.205830728905834,0.430147464458759,0.7274411682389741,1.3214663562611637,0.09828347426194411,3.6606837541629114,156
2656,114.19584804938826,22.38003919616165,37.230601473751236,13.578823692778236,14.205830728905834,0.430147464458759,0.7274411682389741,1.3214663562611637,0.09828347426194411,3.6606837541629114,156
2657,114.19584804938826,22.38003919616165,37.230601473751236,13.578823692778236,14.205830728905834,0.430147464458759,0.7274411682389741,1.3214663562611637,0.09828347426194411,3.6606837541629114,156
2658,114.10564408881233,22.35406185989529,34.416708548863724,17.701582312583927,14.891990820566813,0.3245258331298828,0.3230818112691244,0.9714275598525999,0.06919602553049724,2.581857641537984,160
2659,114.10564408881233,22.35406185989529,34.416708548863724,17.701582312583927,14.891990820566813,0.3245258331298828,0.3230818112691244,0.9714275598525999,0.06919602553049724,2.581857641537984,160
2660,114.32182902936457,22.400077229227083,4.519655969407824,48.72903691397773,20.270152886708576,0.1479943593343099,0.0346978505452474,1.247572898864746,0.05829334259033203,0.0667254130045573,24
2661,114.32182902936457,22.400077229227083,4.519655969407824,48.72903691397773,20.270152886708576,0.1479943593343099,0.0346978505452474,1.247572898864746,0.05829334259033203,0.0667254130045573,24
2662,114.23553290583406,22.262577823203184,41.14759394327799,12.122164916992187,15.648301696777345,0.25765431722005205,0.12530517578125,0.9063397725423178,0.05119679768880209,4.138867441813152,125
2663,114.10564408881233,22.35406185989529,34.416708548863724,17.701582312583927,14.891990820566813,0.3245258331298828,0.3230818112691244,0.9714275598525999,0.06919602553049724,2.581857641537984,160
2664,114.22587660741804,22.421175848189947,41.65052079317862,12.06092265614292,14.963155378375136,0.22670009679961625,0.41927939967105265,1.265162417763158,0.0789725989626165,2.399010909231085,95
2665,114.23378591709144,22.308950723836475,49.64129130045573,9.455466434873383,9.519605307743467,0.43514558638649425,0.26325094288793105,0.7982876657069414,0.052374258808706,3.1735906929805364,145
2666,114.10312016225576,22.35359114212629,32.00123121863917,18.84836230361671,15.260067948123867,0.32445422390051054,0.1415762984961794,0.899937069206907,0.08725283438699288,2.2921148099397355,152
2667,114.14424119454918,22.2848908525484,56.391415074096976,11.834717389956042,5.9189721719542545,0.6573104146701186,0.7346998992844007,1.7588136207998097,0.03838752632710471,3.3798763407996635,268
2668,114.18913298735391,22.31926417195653,51.481132451060255,3.9897645820910257,10.547365762491141,0.6088578947174162,0.5912242034191931,1.1269185395367378,0.0509264898159511,5.321582158406575,226
2669,114.2501963131774,22.30671357257452,41.249544933588815,6.715852242928964,11.915945444845592,0.12994213939114452,0.19311808576487532,0.8489303717308174,0.051999332928898356,1.3028828784672901,99
2670,114.138531244281,22.37155611165069,42.01261069028432,15.093347195147254,9.79138003050826,0.5988824761854177,0.7449616002672501,0.7938688341291199,0.06519298213735489,4.622903003644093,131
2671,114.13651349569602,22.365152969870813,50.68595952001111,8.89700286689846,8.086138538930609,0.5364244833759878,0.31758538607893316,1.238359911688443,0.03441909263873923,4.953470120484801,145
2672,114.18754687118404,22.26623646076696,52.647158882834695,8.867339798898408,9.050728191028941,0.24834401679761484,0.2148923006924716,0.884069673942797,0.052781538529829544,4.819377841371478,110
2673,114.18754687118404,22.26623646076696,52.647158882834695,8.867339798898408,9.050728191028941,0.24834401679761484,0.2148923006924716,0.884069673942797,0.052781538529829544,4.819377841371478,110
2674,114.0311446235353,22.444903797678265,44.258791106978265,7.500199710621552,13.716184703353184,0.9643681844075523,1.0639680600633805,1.7203768561868107,0.06561441359177135,5.166707007713567,255
2675,114.252863602969,22.303741275316685,38.89735107421874,5.870382944742839,17.061717224121093,0.1722808837890625,0.07015533447265625,0.9257687886555989,0.06959152221679689,2.046526082356771,125
2676,114.24185680358266,22.42605569430527,34.25246766470011,18.719173480777677,16.76079709938815,0.15408105448997522,0.5963205133826988,0.7046952602546963,0.059322246070047026,2.0241839214436057,103
2677,114.16962449263453,22.30983653243958,47.993813066469244,6.36453588637348,11.93923630973784,0.7894704863948635,0.5271074994671129,1.6288116220982338,0.07327676983225463,5.214218847256158,239
2678,114.17250683864393,22.31407198752512,44.77293669287838,12.64602319518132,10.084966166102472,0.7668248456508959,0.3232230001421117,1.306368225249485,0.0429333739019745,5.872633919787051,134
2679,114.1814948283144,22.33223249512572,31.755210603137623,12.797646804762033,20.5705268360744,0.17284797359478435,0.16139734571225176,0.8974978485582774,0.07523212848794053,2.7249829420048126,107
2680,114.1814948283144,22.33223249512572,31.755210603137623,12.797646804762033,20.5705268360744,0.17284797359478435,0.16139734571225176,0.8974978485582774,0.07523212848794053,2.7249829420048126,107
2681,114.1814948283144,22.33223249512572,31.755210603137623,12.797646804762033,20.5705268360744,0.17284797359478435,0.16139734571225176,0.8974978485582774,0.07523212848794053,2.7249829420048126,107
2682,114.18248422690164,22.31483954756104,29.728869105992693,17.934304498108137,15.83265918917424,0.2010809794793861,0.2383928620413448,0.8613625715734361,0.0617148724388094,4.002843992540452,89
2683,114.18248422690164,22.31483954756104,29.728869105992693,17.934304498108137,15.83265918917424,0.2010809794793861,0.2383928620413448,0.8613625715734361,0.0617148724388094,4.002843992540452,89
2684,113.9615872217406,22.375914694342008,17.639434698856235,23.17415921375005,20.880150072502367,0.2998939668289338,0.2062624151056463,0.7936068255491932,0.09458137281013257,3.808340881810044,66
2685,114.15761758895312,22.32034717168051,45.23307751042183,7.264674549371424,16.014633939859454,0.21112289786898475,0.2642618098729093,1.0474133379582509,0.04933093075461232,3.0764145470560993,142
2686,114.11446543545952,22.36204850130049,35.370749720820676,15.681522510669849,16.069515840506845,0.2574313128436053,0.13890019169560186,0.8471350022304205,0.0688039520640432,2.2960184827262973,135
2687,114.11446543545952,22.36204850130049,35.370749720820676,15.681522510669849,16.069515840506845,0.2574313128436053,0.13890019169560186,0.8471350022304205,0.0688039520640432,2.2960184827262973,135
2688,114.11446543545952,22.36204850130049,35.370749720820676,15.681522510669849,16.069515840506845,0.2574313128436053,0.13890019169560186,0.8471350022304205,0.0688039520640432,2.2960184827262973,135
2689,114.23828185763398,22.42508180258984,26.97666312466148,26.132682458359323,14.949722183184798,0.4067583912227001,0.2116590654816614,1.04368060242896,0.0505372589709712,3.8736525036039806,119
2690,114.16206451186528,22.305519390198707,42.10738256779685,3.8118193958944624,22.393652334374398,0.11616529590706304,0.07980745142689132,0.7388917714952508,0.09391304168466783,1.7095891012024769,217
2691,114.16692527151432,22.326073401559206,52.51464363089405,4.507495884496595,9.446586530233168,0.7734036527548459,0.7021816598863808,1.1245717707368519,0.04413906241610288,5.92372824372841,291
2692,114.17820416415115,22.32816879429669,34.50746409940404,10.704341787376151,21.570235161854995,0.19826425884996296,0.12270062175018108,0.933386105838464,0.10302166801941053,5.754106618447546,151
2693,114.17820416415115,22.32816879429669,34.50746409940404,10.704341787376151,21.570235161854995,0.19826425884996296,0.12270062175018108,0.933386105838464,0.10302166801941053,5.754106618447546,151
2694,114.17820416415115,22.32816879429669,34.50746409940404,10.704341787376151,21.570235161854995,0.19826425884996296,0.12270062175018108,0.933386105838464,0.10302166801941053,5.754106618447546,151
2695,114.16451656436809,22.453520909208475,27.360602827224845,22.8258750671209,15.045613562349324,0.5185245252939638,0.17708815861997645,1.181609557705675,0.09901804694962814,3.7842665870810874,229
2696,114.23828185763398,22.42508180258984,26.97666312466148,26.132682458359323,14.949722183184798,0.4067583912227001,0.2116590654816614,1.04368060242896,0.0505372589709712,3.8736525036039806,119
2697,114.23828185763398,22.42508180258984,26.97666312466148,26.132682458359323,14.949722183184798,0.4067583912227001,0.2116590654816614,1.04368060242896,0.0505372589709712,3.8736525036039806,119
2698,114.18585988193831,22.435749191852263,11.676452695861343,38.718708541042126,18.348359692004298,0.07647580878679143,0.013502254042514535,0.6315852320471476,0.10816884595294331,0.48486724380374874,43
2699,114.18585988193831,22.435749191852263,11.676452695861343,38.718708541042126,18.348359692004298,0.07647580878679143,0.013502254042514535,0.6315852320471476,0.10816884595294331,0.48486724380374874,43
2700,114.18585988193831,22.435749191852263,11.676452695861343,38.718708541042126,18.348359692004298,0.07647580878679143,0.013502254042514535,0.6315852320471476,0.10816884595294331,0.48486724380374874,43
2701,114.14277556492291,22.485927983408747,27.02934109803402,26.196776917486478,12.06640276041898,0.27440334811355127,0.4436520012942227,0.8542613549665972,0.06980932120120888,3.273296717441443,176
2702,114.16451656436809,22.453520909208475,27.360602827224845,22.8258750671209,15.045613562349324,0.5185245252939638,0.17708815861997645,1.181609557705675,0.09901804694962814,3.7842665870810874,229
2703,114.16451656436809,22.453520909208475,27.360602827224845,22.8258750671209,15.045613562349324,0.5185245252939638,0.17708815861997645,1.181609557705675,0.09901804694962814,3.7842665870810874,229
2704,114.1720651176996,22.459887770462355,16.571269734700522,29.873986307779948,17.28280283610026,0.1190434773763021,0.03646697998046875,0.7646390279134114,0.07309417724609375,2.8785382588704427,125
2705,114.1720651176996,22.459887770462355,16.571269734700522,29.873986307779948,17.28280283610026,0.1190434773763021,0.03646697998046875,0.7646390279134114,0.07309417724609375,2.8785382588704427,125
2706,114.15686834351456,22.333567858492085,33.66311937570572,7.863342265288035,20.94276373585065,0.3809958696365357,0.24614185094833374,0.9023718535900116,0.04933128754297892,4.7594187160332995,128
2707,114.14448368234056,22.28533340197631,57.85944332947602,10.137367570722425,5.0308264053619665,0.8067307171520887,0.9287582861410605,1.9237238007622797,0.03588392927839949,3.4953563062994335,296
2708,114.22904918460198,22.307408084580967,36.39274082685772,13.073087784281949,15.87779542856049,0.44125360355042575,0.22459155634829872,1.0224656054848118,0.11892423295138176,3.3893171109651266,152
2709,114.18846370507327,22.32443875037447,39.54738875825011,8.507059481805431,16.104010050882124,0.4179343491971136,0.2593491605655876,1.2840541298993808,0.04780592318780408,4.976415919686506,167
2710,114.2603025627352,22.312190260491107,32.321248849232994,12.360557185278997,18.918267356024845,0.3852669397989909,0.416256586710612,0.7590063412984213,0.08899794684516059,1.1337725321451824,120
2711,114.18628818066344,22.30500504155232,50.962461231592876,4.757753142123091,9.13071131427928,0.7520784509166514,0.7230182256834671,1.2538083641754825,0.05319127776743373,3.820229566205491,257
2712,114.06184853909164,22.367284481461507,33.89320498198465,11.26335586597717,22.049891091639697,0.18762357873854293,0.14962464376212725,1.0105809355093762,0.07603090572980495,2.8336353551328575,102
2713,114.16697380366564,22.32607340451745,52.50622895028856,4.532491940039176,9.424819438545791,0.775367021560669,0.7048647712778161,1.1204557286368477,0.04392266273498535,5.914661398640386,288
2714,114.17699088588786,22.36668415270897,30.094641859426435,12.271392870249239,19.903772881945724,0.3007309991608626,0.013376631826724647,0.6766850093625626,0.06495511756753022,2.500670810915389,106
2715,114.17699088588786,22.36668415270897,30.094641859426435,12.271392870249239,19.903772881945724,0.3007309991608626,0.013376631826724647,0.6766850093625626,0.06495511756753022,2.500670810915389,106
2716,113.96215237151772,22.374624085556945,23.842842558510284,23.158564119257477,18.32077482826689,0.39446781843136514,0.24994825705503806,0.979740191728641,0.14060093806340143,4.188758899004031,78
2717,114.19063416157836,22.38483493326748,35.2589783093608,12.581398639273134,19.043795098649696,0.6697467032899248,0.24258633877368682,1.4531661432685579,0.08592013771652329,4.35953934987386,188
2718,114.22007444431216,22.315565358687497,51.891754796265296,6.162887990369579,9.205296598834757,0.5901049053858197,0.7153018231534872,1.6063037583016426,0.08447838838769015,5.560003008161273,189
2719,113.9986945926163,22.47013833397532,31.33377970000844,12.466154765690305,20.886809737594035,0.23465764865953734,0.23967366159698109,0.5341537695362735,0.1061561176315747,1.7442357883531863,81
2720,114.18015405094783,22.280234281167964,53.09148754989891,4.7267155340540485,11.519118414984806,0.8642183270370751,0.5553198697274191,1.4661184388991686,0.06698139926843476,5.692763969912166,285
2721,114.170167020232,22.330263758512142,39.18489802967418,14.444092548254766,14.133284886678059,0.3377033002448805,0.2583902532404119,0.766427300193093,0.11701179273200757,2.5442478873512964,110
2722,114.22880862656773,22.417644013628664,22.81585864806443,22.905241148302174,18.167663602793265,0.2655147166734331,0.04743083139483848,0.8546754215540511,0.08253176114085908,3.2770689060625515,89
2723,114.22880862656773,22.417644013628664,22.81585864806443,22.905241148302174,18.167663602793265,0.2655147166734331,0.04743083139483848,0.8546754215540511,0.08253176114085908,3.2770689060625515,89
2724,114.13144209934126,22.285104513998647,35.60204884362599,13.462370269152583,22.240765889485676,0.563941358709011,0.8045257083953373,1.1409430817411599,0.08487982544498919,3.5265139711687077,147
2725,114.15898387219082,22.33817369892977,43.640849364930716,7.097969007729298,11.332712363247847,0.8301530904437772,0.5374415003838231,0.918736623887399,0.034004182957891205,5.944507513473283,134
2726,114.22956564244504,22.312961737820512,42.81738728893046,11.511004052194608,11.928468821000083,0.3478160520800117,0.44449786750637754,1.0821864718482606,0.061905140779456316,4.325126466296967,98
2727,114.16793521647908,22.31856000831964,53.81564906999176,2.553636388841018,8.55739668303845,1.3801951190225439,0.7953699897317327,1.9349464715695848,0.0630611843532986,5.412346958334929,255
2728,114.1681880431954,22.310874981775367,42.53901295185759,5.3691678912327765,18.504366894814535,0.4387188896683534,0.4526849202130582,1.3775052903573723,0.06954177019465321,4.606135619172903,237
2729,114.2569422321618,22.308263644761475,36.21921559948942,14.953898557852872,20.30924161275228,0.2766689696869293,0.18387460089349128,0.9182925864215538,0.07504983381791548,1.591927871043548,154
2730,114.2142155981896,22.21879435804631,26.274946000840927,22.366313684999554,18.65701114430147,0.8497294257668888,0.43316479601891206,1.3833906136307061,0.07587258332695057,3.295407575719497,102
2731,114.2142155981896,22.21879435804631,26.274946000840927,22.366313684999554,18.65701114430147,0.8497294257668888,0.43316479601891206,1.3833906136307061,0.07587258332695057,3.295407575719497,102
2732,114.19392035052162,22.338354392186407,34.08421622382269,22.455212981612593,10.687944447552715,0.5335104907000506,0.42394390812626587,1.2092413725676359,0.11841491416648584,3.4010231936419446,180
2733,114.1867648892301,22.321467799117222,50.10739962259929,5.977030127656226,9.262846030440986,0.6120536841598212,0.4412094751993815,0.9743197291505105,0.034457094529095816,5.4786857436685,136
2734,114.153868741291,22.3345156718926,36.969796928441575,6.686810820315365,19.38968756948838,0.41423336440968406,0.20073769797741528,0.8440434093206702,0.07489544684898126,4.529777491036715,142
2735,114.13048449124548,22.364040599309163,38.203963550678566,13.978941275236059,13.091153693145818,0.3449431468443049,0.29923355819394926,0.7610431986900518,0.048341260393727284,4.574528849898302,149
2736,114.1359466342308,22.37793103436213,30.21984142169618,23.407574703818874,14.296385698151171,0.24588651824415775,0.09829035976476837,1.0404001202499658,0.06468128739741812,3.365311706275271,76
2737,114.1359466342308,22.37793103436213,30.21984142169618,23.407574703818874,14.296385698151171,0.24588651824415775,0.09829035976476837,1.0404001202499658,0.06468128739741812,3.365311706275271,76
2738,114.1359466342308,22.37793103436213,30.21984142169618,23.407574703818874,14.296385698151171,0.24588651824415775,0.09829035976476837,1.0404001202499658,0.06468128739741812,3.365311706275271,76
2739,114.14981743589703,22.25163199094442,39.329186253164,16.713256397466548,9.412129720052084,0.44929734591780035,0.36214192708333337,0.9540985370504445,0.03756490247002963,5.285160568938858,58
2740,113.96090088979304,22.37392707301824,17.736119877780627,27.36194723903543,19.341905990449508,0.5156038617930396,0.1301151691096844,1.1672995664892418,0.23536839500905657,2.9463749120731166,101
2741,113.96090088979304,22.37392707301824,17.736119877780627,27.36194723903543,19.341905990449508,0.5156038617930396,0.1301151691096844,1.1672995664892418,0.23536839500905657,2.9463749120731166,101
2742,113.96090088979304,22.37392707301824,17.736119877780627,27.36194723903543,19.341905990449508,0.5156038617930396,0.1301151691096844,1.1672995664892418,0.23536839500905657,2.9463749120731166,101
2743,114.1898999465034,22.32128696486452,49.9183894312659,4.009440666021303,11.711542735728184,0.5214921818223109,0.6460107019705364,1.2227232881294667,0.07825126943662186,4.974372775055642,215
2744,114.1898999465034,22.32128696486452,49.9183894312659,4.009440666021303,11.711542735728184,0.5214921818223109,0.6460107019705364,1.2227232881294667,0.07825126943662186,4.974372775055642,215
2745,114.1898999465034,22.32128696486452,49.9183894312659,4.009440666021303,11.711542735728184,0.5214921818223109,0.6460107019705364,1.2227232881294667,0.07825126943662186,4.974372775055642,215
2746,114.17934932818171,22.31636579774193,36.991167068481445,13.376759894100235,13.762730139273184,0.28980239428610466,0.21493699815538195,1.1358967533817999,0.07039234961992429,3.966185291117602,162
2747,114.17934932818171,22.31636579774193,36.991167068481445,13.376759894100235,13.762730139273184,0.28980239428610466,0.21493699815538195,1.1358967533817999,0.07039234961992429,3.966185291117602,162
2748,114.10809779649706,22.35917421020294,44.39674010863891,8.62507376226935,18.148618417459208,0.4943526900924362,0.13173764890378659,0.9086434189621752,0.0975731972817544,2.7604930751674526,111
2749,114.02995331228428,22.20966556173492,,,,,,,,,0
2750,114.02995331228428,22.20966556173492,,,,,,,,,0
2751,113.96380129202892,22.40764166047967,27.897946730903957,27.91609833205955,9.982680583345717,1.196996025417162,0.149486375891644,1.6907408617544863,0.1348799553470335,2.915636698404948,46
2752,113.96380129202892,22.40764166047967,27.897946730903957,27.91609833205955,9.982680583345717,1.196996025417162,0.149486375891644,1.6907408617544863,0.1348799553470335,2.915636698404948,46
2753,114.10948284913988,22.34582763493257,24.330778503417967,15.18783950805664,20.08544667561849,0.12007802327473958,0.23048553466796876,0.7869700113932292,0.11567637125651042,3.4537821451822914,125
2754,114.10948284913988,22.34582763493257,24.330778503417967,15.18783950805664,20.08544667561849,0.12007802327473958,0.23048553466796876,0.7869700113932292,0.11567637125651042,3.4537821451822914,125
2755,114.03028753837395,22.20534919000584,,,,,,,,,0
2756,114.03028753837395,22.20534919000584,,,,,,,,,0
2757,114.1556106352008,22.24148237204128,34.829821701311985,22.822749082165487,10.64585689007212,0.21794833678150508,0.4036015251657807,0.8795279407828943,0.05313375151853791,3.7726126995283304,97
2758,114.1556106352008,22.24148237204128,34.829821701311985,22.822749082165487,10.64585689007212,0.21794833678150508,0.4036015251657807,0.8795279407828943,0.05313375151853791,3.7726126995283304,97
2759,114.26086019540584,22.31957699656736,22.786940629233413,26.211416520654954,17.19530760639846,0.18855586196437027,0.09982754485775726,0.616303517762258,0.07014419093276515,1.0291006428625449,99
2760,113.98440669911952,22.41374229168779,31.540216008822124,15.228952633010016,21.527392996682064,0.2207040786743164,0.028336048126220703,1.206315557161967,0.06957252820332845,2.8572185171975026,96
2761,113.98440669911952,22.41374229168779,31.540216008822124,15.228952633010016,21.527392996682064,0.2207040786743164,0.028336048126220703,1.206315557161967,0.06957252820332845,2.8572185171975026,96
2762,114.16840293140764,22.449294909718528,38.781841982914116,14.148190673370932,13.947873466767918,0.6713748127036029,0.4336594047022521,1.4325813407755077,0.06626072001367919,5.3528494007429686,267
2763,113.99859007895262,22.46069241990657,40.11395238434692,8.083947014262659,16.096134768187543,0.25835328429709864,0.1866726474907562,0.780039343215127,0.059240646944701214,1.8065590894859254,131
2764,114.23988532424708,22.275751905408995,31.139175398943298,9.861545723701832,23.318297551151062,0.422742497568895,0.3591191416551292,1.4363960877752504,0.16377445011702269,2.3624033867558345,79
2765,114.15018757236824,22.243766335747434,36.71726319524977,13.914781477716232,14.374405476782059,0.2840376562542386,0.04556576410929362,0.8072485526402792,0.0515143076578776,3.9085351758533045,96
2766,114.19581869837448,22.37841370461708,36.962437256337275,13.800214387693126,14.22468479847748,0.44799245710607605,0.411677947247055,0.9426671653252586,0.0735673328374056,3.6237300642384773,149
2767,114.15534878527578,22.2410488650018,33.71994191236457,25.93952226050106,10.338634522363483,0.16595385202164514,0.36849033685378085,0.8715739466035318,0.04601262724448624,3.4979262960300535,81
2768,114.2090744352976,22.34279512582488,28.296422023399202,21.081100414001863,12.845769271351932,0.2711146485571768,0.30431560441559435,1.0772493150499132,0.08021834629033904,2.3662579605002807,51
2769,114.23988532424708,22.275751905408995,31.139175398943298,9.861545723701832,23.318297551151062,0.422742497568895,0.3591191416551292,1.4363960877752504,0.16377445011702269,2.3624033867558345,79
2770,114.1035878800336,22.35030423313118,27.383589388719244,26.215283787665676,13.820424483190129,0.3360065061654617,0.24167530572236473,0.9541800959193292,0.0497839344081594,2.256755449285554,134
2771,114.1035878800336,22.35030423313118,27.383589388719244,26.215283787665676,13.820424483190129,0.3360065061654617,0.24167530572236473,0.9541800959193292,0.0497839344081594,2.256755449285554,134
2772,113.96619479424488,22.38542082453868,36.49576425552368,11.747732162475586,18.73538441128201,0.21567980448404947,0.3736368815104167,0.8707968393961588,0.09082688225640193,2.5121731228298616,120
2773,114.1933010951613,22.27273804682345,32.21607319792809,24.069843515318038,14.807746284886411,0.11355639898289016,0.08461600855777138,0.5680641932794225,0.050294887252718384,2.0305231997841284,57
2774,114.1933010951613,22.27273804682345,32.21607319792809,24.069843515318038,14.807746284886411,0.11355639898289016,0.08461600855777138,0.5680641932794225,0.050294887252718384,2.0305231997841284,57
2775,113.96596915067778,22.37406018308314,39.90941849189606,14.692533661497285,12.381251517184442,0.3715865632407685,0.11018769353882879,0.878448975391877,0.11779997083875868,2.765846524143491,117
2776,114.1035878800336,22.35030423313118,27.383589388719244,26.215283787665676,13.820424483190129,0.3360065061654617,0.24167530572236473,0.9541800959193292,0.0497839344081594,2.256755449285554,134
2777,114.12972617504994,22.28029069793278,38.387405171113855,17.822013448934257,16.887894531591936,0.3009496950635723,0.1378275767093947,0.8836187902284938,0.06619782007041097,2.797678405163335,119
2778,114.24054388418244,22.294426988607952,38.56990958991224,12.227960466945131,12.549668806220831,0.2874352357568521,0.2632229241600918,1.0669025257475697,0.06992100882451527,4.63728668666122,101
2779,114.18378782018011,22.376030608922942,33.81799331819168,13.954157010473388,19.61669632882783,0.3546683956878354,0.6569355666035354,0.9666718377007378,0.07625213777176057,3.509776568171954,165
2780,114.15306802787174,22.53346576051193,7.0727793375651045,39.3351157506307,22.46738910675049,0.10431289672851562,0.17484664916992188,1.3371340433756511,0.07189750671386719,2.293539047241211,20
2781,114.24849578220903,22.321533540039944,33.5054201957507,17.767057663355118,16.615038651686447,0.14463489891117454,0.05039557432517027,0.7825464264959351,0.11175595797025241,2.4413993215968466,78
2782,114.2234626458798,22.31830972071632,40.08789598272088,12.293192688445473,12.563148955727339,0.5134332492556912,0.6338469544600013,1.0575365930907288,0.08488272906242686,4.778510890203469,89
2783,113.99805480585056,22.46897270504587,32.45374087629647,12.082699523575004,20.373976915732197,0.20293312511224856,0.2220745744376347,0.5924769288278632,0.10666463566922593,1.9073899221602983,87
2784,113.99805480585056,22.46897270504587,32.45374087629647,12.082699523575004,20.373976915732197,0.20293312511224856,0.2220745744376347,0.5924769288278632,0.10666463566922593,1.9073899221602983,87
2785,114.19355122624908,22.33627739859106,34.611778474796964,22.245389324123572,10.900028681350967,0.6767078981561175,0.293180677625868,1.1477136342538952,0.08745678400589248,3.677920792286904,177
2786,114.14002631636156,22.48284800936932,29.47573092739278,22.386884885560335,12.386437011844338,0.29665432839727207,0.2224180433485243,0.8137942341620048,0.06692988391766332,2.925269201459218,81
2787,114.23845941772548,22.29886182615364,38.220439086089264,12.871668933032153,13.598250769996072,0.26288161406645905,0.426013476855762,1.052164530252909,0.06246939077749624,4.289025086182374,111
2788,114.2334256149494,22.305952689167004,43.93986271273705,12.289736604177824,10.892585528794156,0.33758430070774526,0.2948130330731792,0.8389660107192174,0.051890393739105554,3.006426749690887,124
2789,114.2334256149494,22.305952689167004,43.93986271273705,12.289736604177824,10.892585528794156,0.33758430070774526,0.2948130330731792,0.8389660107192174,0.051890393739105554,3.006426749690887,124
2790,114.2334256149494,22.305952689167004,43.93986271273705,12.289736604177824,10.892585528794156,0.33758430070774526,0.2948130330731792,0.8389660107192174,0.051890393739105554,3.006426749690887,124
2791,114.16367846909972,22.274246467859385,26.62932363788734,38.08046655262008,8.50289769833454,0.23956120237429043,0.03331216533532303,0.6949356879187881,0.053943676894970156,2.3323702008536693,89
2792,114.01653021864448,22.29537175614974,32.09526379903157,13.268073399861652,19.08232053120931,1.1029815673828125,0.6309890747070312,1.6273307800292969,0.08097330729166666,0.1235644022623698,10
2793,114.01653021864448,22.29537175614974,32.09526379903157,13.268073399861652,19.08232053120931,1.1029815673828125,0.6309890747070312,1.6273307800292969,0.08097330729166666,0.1235644022623698,10
2794,114.21962881725575,22.28645077988754,38.603146870930985,11.149075826009117,15.7481099764506,0.2471327781677246,0.34644317626953125,0.897039254506429,0.07994651794433595,3.9720594088236494,200
2795,114.21962881725575,22.28645077988754,38.603146870930985,11.149075826009117,15.7481099764506,0.2471327781677246,0.34644317626953125,0.897039254506429,0.07994651794433595,3.9720594088236494,200
2796,114.17875758518416,22.33881584109701,33.23771938587885,12.139195416208583,21.35485743076796,0.3609847222734047,0.4036465530875344,0.9958952977722295,0.07601324117408609,4.653880481200148,159
2797,114.17556387048388,22.33980921054486,28.41686662637963,21.11161040060175,20.23774842796086,0.386965349785187,0.048676976617777125,0.915127880168411,0.10777959283792747,3.6315893976943303,106
2798,114.16367846909972,22.274246467859385,26.62932363788734,38.08046655262008,8.50289769833454,0.23956120237429043,0.03331216533532303,0.6949356879187881,0.053943676894970156,2.3323702008536693,89
2799,114.21962881725575,22.28645077988754,38.603146870930985,11.149075826009117,15.7481099764506,0.2471327781677246,0.34644317626953125,0.897039254506429,0.07994651794433595,3.9720594088236494,200
2800,114.19058721869348,22.302295550383583,37.93299398262152,7.5510061616234365,17.410952524601413,0.5871180436022276,0.4038337323305418,1.1285754416486342,0.09847384848468882,3.473674078925336,139
2801,114.19058721869348,22.302295550383583,37.93299398262152,7.5510061616234365,17.410952524601413,0.5871180436022276,0.4038337323305418,1.1285754416486342,0.09847384848468882,3.473674078925336,139
2802,114.19058721869348,22.302295550383583,37.93299398262152,7.5510061616234365,17.410952524601413,0.5871180436022276,0.4038337323305418,1.1285754416486342,0.09847384848468882,3.473674078925336,139
2803,114.17556387048388,22.33980921054486,28.41686662637963,21.11161040060175,20.23774842796086,0.386965349785187,0.048676976617777125,0.915127880168411,0.10777959283792747,3.6315893976943303,106
2804,114.17556387048388,22.33980921054486,28.41686662637963,21.11161040060175,20.23774842796086,0.386965349785187,0.048676976617777125,0.915127880168411,0.10777959283792747,3.6315893976943303,106
2805,114.2370373093742,22.263949931946524,41.82375081380208,12.563788731892906,13.930066214667425,0.3671001858181423,0.2635612487792969,0.9697808159722221,0.056293911404079855,3.8307058546278205,150
2806,114.2370373093742,22.263949931946524,41.82375081380208,12.563788731892906,13.930066214667425,0.3671001858181423,0.2635612487792969,0.9697808159722221,0.056293911404079855,3.8307058546278205,150
2807,114.2390597455039,22.31770846593493,23.602084195900623,14.989420638461295,24.2105523335565,0.08716878202772632,0.09192043972998551,1.069748278745671,0.05371316601730294,3.214223278347159,97
2808,113.9671970252264,22.39182834438681,24.039975507759753,25.83499013641734,18.63136644716616,0.1649391503981602,0.13625356886121961,1.1384663758454499,0.05182454615463446,3.3059031875045215,108
2809,114.2370373093742,22.263949931946524,41.82375081380208,12.563788731892906,13.930066214667425,0.3671001858181423,0.2635612487792969,0.9697808159722221,0.056293911404079855,3.8307058546278205,150
2810,114.099479668163,22.3709371128493,29.063931359185112,22.399100833468964,14.039435492621527,0.10568025377061632,0.11736806233723958,0.47104220920138884,0.05114915635850694,2.7767283121744795,75
2811,114.099479668163,22.3709371128493,29.063931359185112,22.399100833468964,14.039435492621527,0.10568025377061632,0.11736806233723958,0.47104220920138884,0.05114915635850694,2.7767283121744795,75
2812,113.9671970252264,22.39182834438681,24.039975507759753,25.83499013641734,18.63136644716616,0.1649391503981602,0.13625356886121961,1.1384663758454499,0.05182454615463446,3.3059031875045215,108
2813,113.9671970252264,22.39182834438681,24.039975507759753,25.83499013641734,18.63136644716616,0.1649391503981602,0.13625356886121961,1.1384663758454499,0.05182454615463446,3.3059031875045215,108
2814,114.099479668163,22.3709371128493,29.063931359185112,22.399100833468964,14.039435492621527,0.10568025377061632,0.11736806233723958,0.47104220920138884,0.05114915635850694,2.7767283121744795,75
2815,114.18943963642216,22.383354025064893,39.680406374809074,12.66657022329477,16.60883793464074,0.6175068708566519,0.205078491797814,1.2404750554989545,0.10260450534331492,4.156245940770858,208
2816,114.18943963642216,22.383354025064893,39.680406374809074,12.66657022329477,16.60883793464074,0.6175068708566519,0.205078491797814,1.2404750554989545,0.10260450534331492,4.156245940770858,208
2817,114.18943963642216,22.383354025064893,39.680406374809074,12.66657022329477,16.60883793464074,0.6175068708566519,0.205078491797814,1.2404750554989545,0.10260450534331492,4.156245940770858,208
2818,114.17901948591336,22.326209148214843,38.58025056602312,10.211771480068382,17.96952314910517,0.20596418357533552,0.1110522416386291,0.8575003222537446,0.09426014846838884,5.481248238370947,137
2819,114.17901948591336,22.326209148214843,38.58025056602312,10.211771480068382,17.96952314910517,0.20596418357533552,0.1110522416386291,0.8575003222537446,0.09426014846838884,5.481248238370947,137
2820,114.17901948591336,22.326209148214843,38.58025056602312,10.211771480068382,17.96952314910517,0.20596418357533552,0.1110522416386291,0.8575003222537446,0.09426014846838884,5.481248238370947,137
2821,114.02459499174311,22.4466948093382,42.55194405252619,11.027295460072597,14.394089454828304,0.7837886958159218,0.6652487525644227,1.6208194762237311,0.11079669922821281,4.318289054456607,215
2822,114.1500152021793,22.28292323087639,56.85462051967406,10.3965473774844,6.348108975392468,0.7599120469963028,0.5738681817204697,1.414680840834132,0.0665343182641755,4.046829151657392,265
2823,114.1500152021793,22.28292323087639,56.85462051967406,10.3965473774844,6.348108975392468,0.7599120469963028,0.5738681817204697,1.414680840834132,0.0665343182641755,4.046829151657392,265
2824,114.14215255559247,22.49028953635161,28.071474662193882,28.24580510457357,12.790811734321789,0.29920846987993294,0.5074721116286057,1.0155433263534155,0.0864581572703826,2.486209135789138,130
2825,114.14215255559247,22.49028953635161,28.071474662193882,28.24580510457357,12.790811734321789,0.29920846987993294,0.5074721116286057,1.0155433263534155,0.0864581572703826,2.486209135789138,130
2826,114.14215255559247,22.49028953635161,28.071474662193882,28.24580510457357,12.790811734321789,0.29920846987993294,0.5074721116286057,1.0155433263534155,0.0864581572703826,2.486209135789138,130
2827,114.1415897784633,22.486903012440084,29.48200641534267,26.70260121970823,9.864397712679574,0.31377090202583063,0.5683750459999392,0.904594498239594,0.06260260557517026,2.6471361572489194,182
2828,114.19265280774854,22.37476571066508,33.47594170343309,17.350840795607795,15.973083405267623,0.35327457246326266,0.4939488002232143,0.9397956303187779,0.06521224975585938,2.2187868754069013,70
2829,114.10305689997143,22.363109308351348,42.66844671129604,12.347525444583615,9.734179547443482,0.4904968151147814,0.4639602513704899,1.240374155090627,0.07760190733389001,3.4130174756626004,69
2830,114.1500152021793,22.28292323087639,56.85462051967406,10.3965473774844,6.348108975392468,0.7599120469963028,0.5738681817204697,1.414680840834132,0.0665343182641755,4.046829151657392,265
2831,113.97722494389151,22.39971198921587,35.00910755095443,14.022469132896362,17.591279308970382,0.734471693271544,0.3141490424551615,1.3788620630900064,0.09252773067815517,3.484736806978055,164
2832,114.1415897784633,22.486903012440084,29.48200641534267,26.70260121970823,9.864397712679574,0.31377090202583063,0.5683750459999392,0.904594498239594,0.06260260557517026,2.6471361572489194,182
2833,114.21514424560804,22.28106964327475,38.283753180289054,15.848974709038261,11.08871451369277,0.2458645416809632,0.0892845360008446,0.810672141410209,0.0671910810040998,3.2025753914772928,74
2834,114.02933007602294,22.44292448475538,46.251350439689006,7.619334188636375,12.043423813898206,1.4582060385441435,1.1402154314345205,2.0495640482879494,0.0540350946251321,6.14879396226671,276
2835,114.1287671551034,22.501673428320053,35.70717005033467,18.611405900687224,12.814306884429342,1.1730108707732732,0.5100335628204766,1.534613301931334,0.10736060864997633,4.1925323896171625,242
2836,114.02206278420232,22.44367623744446,31.464777494731702,14.27157489876998,19.21281521780449,0.5508954064887867,0.235723194323088,1.142804037060654,0.0854818444502981,4.478927453358968,152
2837,114.21514424560804,22.28106964327475,38.283753180289054,15.848974709038261,11.08871451369277,0.2458645416809632,0.0892845360008446,0.810672141410209,0.0671910810040998,3.2025753914772928,74
2838,114.21514424560804,22.28106964327475,38.283753180289054,15.848974709038261,11.08871451369277,0.2458645416809632,0.0892845360008446,0.810672141410209,0.0671910810040998,3.2025753914772928,74
2839,114.2312713316422,22.281507537529297,41.88657792146541,11.15886278388914,23.735056632806444,0.2647930597142411,0.5941722018659608,0.9457201997110666,0.02964508434957709,2.9602789025004577,121
2840,113.93531134738264,22.280686833595084,22.935354247573734,25.747139509334122,21.495520421700885,0.08015226024065832,0.06622491880904796,0.5194420038267623,0.04444861596868944,1.688467809396197,43
2841,114.14391874557498,22.50067486368798,33.20592349265522,13.237526477911535,21.124705988845548,0.2603831308665293,0.4699052035153567,1.000460949572888,0.05400067283993676,5.038511534750244,182
2842,114.1254603004284,22.376600557273072,31.622424215640656,25.505456984417997,14.461780943960516,0.36398539753080167,0.12828539002616451,1.2261396683986832,0.1183047984381142,2.339118081818586,106
2843,114.1254603004284,22.376600557273072,31.622424215640656,25.505456984417997,14.461780943960516,0.36398539753080167,0.12828539002616451,1.2261396683986832,0.1183047984381142,2.339118081818586,106
2844,114.12291675891544,22.375407699996483,30.846955084031627,20.39624798682428,20.71916990382697,0.2579711585916499,0.08959862493699597,0.8791905064736644,0.09586785429267473,2.7660681611748155,155
2845,114.12815164676502,22.51091132620348,16.89472604305186,28.43513353496579,18.576176961263023,0.09120102469802749,0.06596179718666888,0.9101137201836769,0.06873895090522496,4.515829153940188,47
2846,114.1715266858853,22.311082829180062,46.39089959299462,11.211391188140608,9.597312242556841,0.6689440083299947,0.4160276233640492,1.303031953990969,0.07855211567674947,5.58339371640458,195
2847,114.15746137383668,22.32700269738848,33.06404957695612,8.607430495913068,20.83726553689866,0.22651959979344932,0.1505325710962689,0.8219113425602987,0.04530217912462023,4.568533670334589,168
2848,114.1617186895804,22.452364774271057,29.548928800147127,19.435692190677486,15.546867284881934,0.19113044167279303,0.12969327776619557,0.7891903209329099,0.06297786584061184,3.599519050969613,178
2849,114.25758414042248,22.31063837409699,37.02616488425654,14.138720328347723,17.641309150179527,0.3562979829640018,0.38020772145206766,0.7882524552500638,0.08229683515123258,1.7937939866144854,133
2850,114.13054386476516,22.36065416211532,44.75765946670215,9.132311618036246,12.114996110876627,0.3892172976851239,0.4787513316238892,0.9989666624482294,0.0449724790066649,5.954181901030172,177
2851,114.22961575225808,22.31716997959428,35.57175811909851,19.42817158910222,11.779722689470768,0.3647844274560888,0.34438446685150786,0.9831808663748361,0.09913055491058421,3.8176767753832266,143
2852,114.16545900691555,22.333397108000064,42.56735996426088,6.0080107177947415,14.639456983636187,0.6832488960412577,0.52697379759677,1.0078641548622755,0.03569937501278223,5.539503813206006,191
2853,114.18742426075968,22.312933843367748,52.08921187963241,5.048576685098501,10.00782052675883,0.5658174172425882,0.6468632282354891,1.3738354047139487,0.032625137231288806,6.8486728729345865,208
2854,114.15684390795384,22.50437944642876,30.484533309936523,19.53470547993978,24.849263032277424,0.2634326616923014,0.039000511169433594,0.8867907524108887,0.08025169372558594,2.61112372080485,40
2855,114.15684390795384,22.50437944642876,30.484533309936523,19.53470547993978,24.849263032277424,0.2634326616923014,0.039000511169433594,0.8867907524108887,0.08025169372558594,2.61112372080485,40
2856,114.15684390795384,22.50437944642876,30.484533309936523,19.53470547993978,24.849263032277424,0.2634326616923014,0.039000511169433594,0.8867907524108887,0.08025169372558594,2.61112372080485,40
2857,114.16091778175225,22.31910130720753,52.906784746381966,5.9209399753146705,10.858101020624607,0.39104090796576607,0.433746384985653,1.242560663341004,0.06493477173793462,4.000024147975592,216
2858,113.99596457018716,22.462432365774724,37.26290442726829,12.987861055316348,18.035607193455547,0.4767761808453184,0.18827958540482956,0.9843126932779948,0.0842724424419981,1.6344801584879558,110
2859,114.17928134402784,22.31385529219966,39.74082548806382,11.189164460160349,13.536988323881426,0.28800891555902614,0.11319556005735129,0.788753693947052,0.0776679157907423,3.542666884172357,131
2860,114.17928134402784,22.31385529219966,39.74082548806382,11.189164460160349,13.536988323881426,0.28800891555902614,0.11319556005735129,0.788753693947052,0.0776679157907423,3.542666884172357,131
2861,113.94256527026684,22.28896947089009,28.98318582913691,15.850930904298517,17.786610407460017,0.5700182031702111,0.10970337222320865,0.6820572747124566,0.09277774027301006,3.5045793963602496,99
2862,114.19081873552088,22.28825291480608,49.528133923604614,5.238146760148,11.14176920015518,0.6635310987359312,0.5756140843918335,1.1457562990928893,0.060383914268180114,4.7064476361557785,146
2863,114.19081873552088,22.28825291480608,49.528133923604614,5.238146760148,11.14176920015518,0.6635310987359312,0.5756140843918335,1.1457562990928893,0.060383914268180114,4.7064476361557785,146
2864,114.19081873552088,22.28825291480608,49.528133923604614,5.238146760148,11.14176920015518,0.6635310987359312,0.5756140843918335,1.1457562990928893,0.060383914268180114,4.7064476361557785,146
2865,114.19081873552088,22.28825291480608,49.528133923604614,5.238146760148,11.14176920015518,0.6635310987359312,0.5756140843918335,1.1457562990928893,0.060383914268180114,4.7064476361557785,146
2866,114.17928134402784,22.31385529219966,39.74082548806382,11.189164460160349,13.536988323881426,0.28800891555902614,0.11319556005735129,0.788753693947052,0.0776679157907423,3.542666884172357,131
2867,114.22698768154709,22.323338707603625,24.95728402471346,20.113233479943297,17.676069314587753,0.2717806969159915,0.0056043083285108024,0.7068245499222366,0.06395740273558065,4.759576978016291,81
2868,114.1648198347336,22.31604027104152,40.79563670150318,12.157402909951767,13.568792004270602,0.39871751556138296,0.3621548363803406,1.2421890362063441,0.09784746896191902,2.878311241136993,197
2869,114.20092079855866,22.29052744782017,52.44138813018799,7.5857941309611,10.187657992045086,0.8980212211608888,0.6936333974202473,1.4067236582438154,0.041950225830078125,5.3953466415405265,200
2870,114.20092079855866,22.29052744782017,52.44138813018799,7.5857941309611,10.187657992045086,0.8980212211608888,0.6936333974202473,1.4067236582438154,0.041950225830078125,5.3953466415405265,200
2871,114.20092079855866,22.29052744782017,52.44138813018799,7.5857941309611,10.187657992045086,0.8980212211608888,0.6936333974202473,1.4067236582438154,0.041950225830078125,5.3953466415405265,200
2872,114.19081873552088,22.28825291480608,49.528133923604614,5.238146760148,11.14176920015518,0.6635310987359312,0.5756140843918335,1.1457562990928893,0.060383914268180114,4.7064476361557785,146
2873,113.98028291305836,22.386711853378507,35.51740646362305,16.018130585277486,14.510087891826482,0.5993224817311044,0.5890100333947208,1.2362472654327632,0.05828401860915457,4.091495604026974,127
2874,114.17308543025264,22.453882553825142,30.537474559165148,22.95935455703055,12.071146769532122,0.52393710974491,0.18835934725674716,1.0594109587915865,0.08755444205381016,2.904826009549772,187
2875,114.22521005273232,22.403647870030124,24.835366672939728,36.90706888834636,9.286875194973417,1.2676914532979329,0.20719369252522787,1.682800716824002,0.044377644856770836,1.2477424409654405,24
2876,114.22521005273232,22.403647870030124,24.835366672939728,36.90706888834636,9.286875194973417,1.2676914532979329,0.20719369252522787,1.682800716824002,0.044377644856770836,1.2477424409654405,24
2877,114.17308543025264,22.453882553825142,30.537474559165148,22.95935455703055,12.071146769532122,0.52393710974491,0.18835934725674716,1.0594109587915865,0.08755444205381016,2.904826009549772,187
2878,114.17308543025264,22.453882553825142,30.537474559165148,22.95935455703055,12.071146769532122,0.52393710974491,0.18835934725674716,1.0594109587915865,0.08755444205381016,2.904826009549772,187
2879,114.14672477098638,22.332690325485192,38.14231088426378,6.869177288479276,18.188284556070965,0.12281629774305555,0.3016014099121094,0.736213896009657,0.09500376383463541,2.707979838053385,150
2880,114.14672477098638,22.332690325485192,38.14231088426378,6.869177288479276,18.188284556070965,0.12281629774305555,0.3016014099121094,0.736213896009657,0.09500376383463541,2.707979838053385,150
2881,114.14672477098638,22.332690325485192,38.14231088426378,6.869177288479276,18.188284556070965,0.12281629774305555,0.3016014099121094,0.736213896009657,0.09500376383463541,2.707979838053385,150
2882,114.21696959874303,22.285024619644823,48.43898762713422,8.42795599074591,7.5381972414233305,0.4384353483989562,0.09346951495160113,1.0148589864318622,0.057064831911862554,4.686792953547104,182
2883,114.21696959874303,22.285024619644823,48.43898762713422,8.42795599074591,7.5381972414233305,0.4384353483989562,0.09346951495160113,1.0148589864318622,0.057064831911862554,4.686792953547104,182
2884,114.26168933569068,22.310356329691327,37.89935774273343,10.356793895600335,17.13893318933154,0.3142814787607345,0.4608063470749628,0.8388390616765097,0.11089131945655459,1.6128418937562001,168
2885,114.26175460812,22.305949362650857,37.450978205754204,13.637512647188627,16.797705919314648,0.7294557033441006,0.06665449876051682,1.7541858477470202,0.07809883508926783,2.545264072907276,130
2886,114.26175460812,22.305949362650857,37.450978205754204,13.637512647188627,16.797705919314648,0.7294557033441006,0.06665449876051682,1.7541858477470202,0.07809883508926783,2.545264072907276,130
2887,114.26175460812,22.305949362650857,37.450978205754204,13.637512647188627,16.797705919314648,0.7294557033441006,0.06665449876051682,1.7541858477470202,0.07809883508926783,2.545264072907276,130
2888,114.26168933569068,22.310356329691327,37.89935774273343,10.356793895600335,17.13893318933154,0.3142814787607345,0.4608063470749628,0.8388390616765097,0.11089131945655459,1.6128418937562001,168
2889,114.26168933569068,22.310356329691327,37.89935774273343,10.356793895600335,17.13893318933154,0.3142814787607345,0.4608063470749628,0.8388390616765097,0.11089131945655459,1.6128418937562001,168
2890,114.17715587595008,22.337641877656683,35.038770948137554,11.068800517490931,20.03353401854798,0.5475514101021457,0.3321647644042969,1.137238282423753,0.08519542959583548,4.472181648561807,182
2891,114.17715587595008,22.337641877656683,35.038770948137554,11.068800517490931,20.03353401854798,0.5475514101021457,0.3321647644042969,1.137238282423753,0.08519542959583548,4.472181648561807,182
2892,114.17715587595008,22.337641877656683,35.038770948137554,11.068800517490931,20.03353401854798,0.5475514101021457,0.3321647644042969,1.137238282423753,0.08519542959583548,4.472181648561807,182
2893,114.26232608348283,22.304106819347425,32.628868894967425,13.492506986473037,21.72353560464424,0.6836907905444763,0.25099369517543857,2.1741635618154067,0.22493858783565768,2.339312904759457,114
2894,114.20091114719098,22.2908344905308,51.47393134332472,6.918763455158005,11.196452901110671,0.8876196982856902,0.6555226175100206,1.3912555442610828,0.04680563227921587,5.560074936592816,217
2895,114.20091114719098,22.2908344905308,51.47393134332472,6.918763455158005,11.196452901110671,0.8876196982856902,0.6555226175100206,1.3912555442610828,0.04680563227921587,5.560074936592816,217
2896,114.20091114719098,22.2908344905308,51.47393134332472,6.918763455158005,11.196452901110671,0.8876196982856902,0.6555226175100206,1.3912555442610828,0.04680563227921587,5.560074936592816,217
2897,114.26232608348283,22.304106819347425,32.628868894967425,13.492506986473037,21.72353560464424,0.6836907905444763,0.25099369517543857,2.1741635618154067,0.22493858783565768,2.339312904759457,114
2898,114.2139514596909,22.283806202554928,50.65838730696476,9.966692057522861,5.475110718698212,0.6904786283319647,0.18550536849282004,1.280467076735063,0.06153980890909831,4.307205207420117,176
2899,114.20995879878797,22.38795669020934,30.976519028991863,12.605362920580193,19.080982880217597,0.2667091080166783,0.11493403737137957,0.865219602093787,0.06069710584190804,3.007290744523046,123
2900,114.20995879878797,22.38795669020934,30.976519028991863,12.605362920580193,19.080982880217597,0.2667091080166783,0.11493403737137957,0.865219602093787,0.06069710584190804,3.007290744523046,123
2901,114.27113354396312,22.2972657693261,31.72121490257374,11.947498874387877,22.45721374732861,0.20405009172964786,0.09807752526324728,1.172675257143767,0.08489470550979393,3.3739203301028926,115
2902,114.2270037917528,22.31410040605111,48.310502074485605,10.778567291969477,8.267417582430582,0.8344134249428447,0.5355747725612434,1.6191825570986251,0.06446246952973594,5.016266430995261,215
2903,114.17720440708244,22.335754487322266,33.91365380514236,11.499315216427757,19.757875185164192,0.5867821829659599,0.10881083352225167,1.0508259137471516,0.07738594024900407,4.425559157416934,168
2904,114.22513736516902,22.41813279880852,35.153435687629546,14.865962826475805,18.615333725805996,0.27157206113646626,0.0998535934759646,1.0323488793405546,0.08989969889322917,0.7375386296486368,98
2905,114.22513736516902,22.41813279880852,35.153435687629546,14.865962826475805,18.615333725805996,0.27157206113646626,0.0998535934759646,1.0323488793405546,0.08989969889322917,0.7375386296486368,98
2906,114.18277323934,22.263843582156337,34.88424665787641,19.81654213924034,31.245095122094245,0.12505381715063957,0.19307978012982538,0.517875540490244,0.1838085698146446,0.8441223817713119,68
2907,114.18277323934,22.263843582156337,34.88424665787641,19.81654213924034,31.245095122094245,0.12505381715063957,0.19307978012982538,0.517875540490244,0.1838085698146446,0.8441223817713119,68
2908,114.18277323934,22.263843582156337,34.88424665787641,19.81654213924034,31.245095122094245,0.12505381715063957,0.19307978012982538,0.517875540490244,0.1838085698146446,0.8441223817713119,68
2909,114.14863519595998,22.24504843007682,41.04472600925736,10.246574111849243,11.658182757639747,0.40032459281341376,0.09513319584361293,0.7682019506978709,0.07718404134114583,4.699865976969401,57
2910,114.05068867973388,22.44693404105238,14.553013022087482,21.398134971862515,31.44262958335005,0.042573066606913526,0.07924119087114725,0.478390036108287,0.07709085124812715,0.4332394360407303,73
2911,114.1283085487362,22.3672548341696,38.434524711118925,12.659981637190604,13.39953040493373,0.25891820225146933,0.0669181893724914,0.7732767577565044,0.05768242232296445,3.663309488092358,109
2912,114.0044264859294,22.462920242322244,33.21771358983904,6.034009844146813,19.040775299072266,0.16780963613967265,0.09666789661754262,0.8674109277646403,0.06330873683792829,1.5505861644902506,121
2913,114.19242922837871,22.2851823536284,48.0224757824304,10.67881389234051,8.560317417360702,0.6382079994153677,0.33380655372667617,1.1983968926675665,0.07621282301608871,4.5301774762711435,212
2914,114.20180440845976,22.34816056516489,39.90322455728589,18.120076921251087,8.922927035789398,0.6546387999333952,0.28016606684835804,1.044633202518977,0.06859511066554003,4.198546668880092,141
2915,114.17559189998065,22.462669210769924,21.192022470327522,21.52040432661008,17.327379569029198,0.12964591001852965,0.1567253699669471,0.768113747621194,0.0708775642590645,3.8524334247295675,26
2916,113.97811390667832,22.40287374660827,32.33329772949219,16.92600886027018,17.28687425454458,0.5633195241292317,0.4729795455932617,1.4891697963078816,0.1061856746673584,2.8084667523701987,160
2917,114.11502803054644,22.36323171810752,35.902191370318974,12.620246619508977,16.851643976877074,0.2653371056153295,0.14950267055578398,0.862830610070777,0.059549803854661604,3.558781458388063,171
2918,114.13954920970818,22.48642394170753,24.491866060005602,29.707727506179218,9.353729859187004,0.3148946343158258,0.6756930388221445,0.5977638008058533,0.06048858011723796,2.470880454208808,129
2919,114.13954920970818,22.48642394170753,24.491866060005602,29.707727506179218,9.353729859187004,0.3148946343158258,0.6756930388221445,0.5977638008058533,0.06048858011723796,2.470880454208808,129
2920,114.0165836356124,22.308095907557867,22.74086316426595,9.075625737508137,25.964927673339844,0.6255404154459636,0.24501800537109375,1.423823038736979,0.3877830505371094,0.574200948079427,10
2921,114.13954920970818,22.48642394170753,24.491866060005602,29.707727506179218,9.353729859187004,0.3148946343158258,0.6756930388221445,0.5977638008058533,0.06048858011723796,2.470880454208808,129
2922,114.26254899863471,22.303619049058323,31.49315424454518,13.291206115331404,23.055674785222763,0.6859855774121407,0.27745687044583833,2.12936248534765,0.23798239536774465,2.0232261755527596,104
2923,114.01402628109084,22.303948323601645,,,,,,,,,0
2924,114.17407990525577,22.27524937837172,52.52991037177814,9.987812244428763,6.195938348489319,1.9793677807415897,1.0209411558189434,1.9216256652760144,0.06344596404490117,5.96170346784648,283
2925,114.21023037980842,22.38662011769169,30.144359209598637,16.707496765332344,18.97670458524655,0.2583956107115134,0.08303202115572415,0.8241476156772711,0.06218323340782753,1.950639027815599,104
2926,114.21651309916948,22.28349855506863,45.99318264826248,9.45191644642451,8.94822856606958,0.3815522476962713,0.1062732853301584,1.0720893128277504,0.0537519585596372,4.264008073501936,146
2927,114.21651309916948,22.28349855506863,45.99318264826248,9.45191644642451,8.94822856606958,0.3815522476962713,0.1062732853301584,1.0720893128277504,0.0537519585596372,4.264008073501936,146
2928,114.21651309916948,22.28349855506863,45.99318264826248,9.45191644642451,8.94822856606958,0.3815522476962713,0.1062732853301584,1.0720893128277504,0.0537519585596372,4.264008073501936,146
2929,114.10567959261292,22.360618052676468,47.57083722740222,10.156727647072698,12.806462937859214,0.4979994140106655,0.2819806400631137,0.9563514887653843,0.07627835445849505,2.759188147866802,157
2930,114.16521620113056,22.33499550306185,37.47915810360497,10.906983311081822,15.85394941565596,0.5526520433403673,0.3427545507471045,0.8845691636447862,0.03998896458765844,5.4589271545410165,143
2931,114.18746445333706,22.33102211557169,38.78791214989834,11.024849792647233,16.909415604638273,0.5854249651966199,0.542013762427158,1.2405233956425568,0.05858061743564293,5.589053930480623,122
2932,114.13690568585714,22.35173367,24.172207432934364,26.389136681189903,18.16951393062233,0.11152528290055755,0.07740412002954727,0.578202141655816,0.04367339305388622,0.813348884256477,39
2933,114.13690568585714,22.35173367,24.172207432934364,26.389136681189903,18.16951393062233,0.11152528290055755,0.07740412002954727,0.578202141655816,0.04367339305388622,0.813348884256477,39
2934,114.26254899863471,22.303619049058323,31.49315424454518,13.291206115331404,23.055674785222763,0.6859855774121407,0.27745687044583833,2.12936248534765,0.23798239536774465,2.0232261755527596,104
2935,114.1907675994254,22.2618473176315,23.1431742898779,22.22423927456725,22.3372203851837,0.055228339301215276,0.004794550876991421,0.7974593467961728,0.04624136133131638,2.2450422149857667,51
2936,114.02453635801126,22.447010819055425,41.9356632232666,11.528870567442878,14.313413983299617,0.7350084516737195,0.6119407169402591,1.5489579760839067,0.10569663274855841,4.3745968833802245,210
2937,114.02453635801126,22.447010819055425,41.9356632232666,11.528870567442878,14.313413983299617,0.7350084516737195,0.6119407169402591,1.5489579760839067,0.10569663274855841,4.3745968833802245,210
2938,114.02453635801126,22.447010819055425,41.9356632232666,11.528870567442878,14.313413983299617,0.7350084516737195,0.6119407169402591,1.5489579760839067,0.10569663274855841,4.3745968833802245,210
2939,114.18593899313578,22.30795807059654,50.19161008653187,6.91019478298369,9.206804661523726,0.7141596930367606,0.7466961088634672,1.1103954769316173,0.040355409894670756,4.545415128980364,280
2940,113.93209957784713,22.27511015623676,11.922884500154886,22.755336761474606,34.559118106801016,0.06361981873871177,0.009939747471963205,0.569956789734543,0.04035990725281418,1.0196296117639028,62
2941,114.05068867973388,22.44693404105238,14.553013022087482,21.398134971862515,31.44262958335005,0.042573066606913526,0.07924119087114725,0.478390036108287,0.07709085124812715,0.4332394360407303,73
2942,114.18819146178474,22.318677251996228,53.6385612610059,2.979314785737258,9.285892431552595,0.6392850325657771,0.6434848675361047,1.1886456073858798,0.04255129740788387,5.643051709884252,208
2943,114.18555158933948,22.320889911005324,47.79893857128215,8.778522599418208,10.273605322687882,0.4743770983234142,0.3725879597214033,0.878644439409364,0.04004352497604658,5.196278949953475,106
2944,114.1417953448216,22.28708478630354,58.796975551507416,4.164581983517378,8.71737328553811,0.8002913059332432,0.7162537207970252,1.7748503073667872,0.049098283816606574,4.339461791209685,325
2945,114.16206451186528,22.305519390198707,42.10738256779685,3.8118193958944624,22.393652334374398,0.11616529590706304,0.07980745142689132,0.7388917714952508,0.09391304168466783,1.7095891012024769,217
2946,114.16206451186528,22.305519390198707,42.10738256779685,3.8118193958944624,22.393652334374398,0.11616529590706304,0.07980745142689132,0.7388917714952508,0.09391304168466783,1.7095891012024769,217
2947,114.1417953448216,22.28708478630354,58.796975551507416,4.164581983517378,8.71737328553811,0.8002913059332432,0.7162537207970252,1.7748503073667872,0.049098283816606574,4.339461791209685,325
2948,114.03063893191452,22.445409044743144,43.708484891861204,7.4735327372475275,13.872980188440394,0.9790698056498532,1.084971680212273,1.6759563375402382,0.0657809474480846,4.939428208366273,252
2949,114.05068867973388,22.44693404105238,14.553013022087482,21.398134971862515,31.44262958335005,0.042573066606913526,0.07924119087114725,0.478390036108287,0.07709085124812715,0.4332394360407303,73
2950,114.05068867973388,22.44693404105238,14.553013022087482,21.398134971862515,31.44262958335005,0.042573066606913526,0.07924119087114725,0.478390036108287,0.07709085124812715,0.4332394360407303,73
2951,114.18480425618178,22.32149499917581,42.218997261740945,12.89542309649579,11.980258644401253,0.3305187473049412,0.10928116835557021,0.9984520090606822,0.04322250168044846,4.266509762058011,77
2952,114.1417953448216,22.28708478630354,58.796975551507416,4.164581983517378,8.71737328553811,0.8002913059332432,0.7162537207970252,1.7748503073667872,0.049098283816606574,4.339461791209685,325
2953,114.18277323934,22.263843582156337,34.88424665787641,19.81654213924034,31.245095122094245,0.12505381715063957,0.19307978012982538,0.517875540490244,0.1838085698146446,0.8441223817713119,68
2954,114.14673405545396,22.334658993128507,46.96306037573411,5.44941380028074,13.576376129308512,0.30759834460849794,0.38784863829406846,0.8566889326395355,0.08573054443781035,3.460576414856062,193
2955,114.14673405545396,22.334658993128507,46.96306037573411,5.44941380028074,13.576376129308512,0.30759834460849794,0.38784863829406846,0.8566889326395355,0.08573054443781035,3.460576414856062,193
2956,114.18277323934,22.263843582156337,34.88424665787641,19.81654213924034,31.245095122094245,0.12505381715063957,0.19307978012982538,0.517875540490244,0.1838085698146446,0.8441223817713119,68
2957,114.22590551487238,22.42051661440804,44.531976205331304,11.602588229709202,13.957704967922632,0.23179584079318577,0.4427676730685764,1.3787481519911025,0.08733925996003328,2.128587298923068,90
2958,114.18277323934,22.263843582156337,34.88424665787641,19.81654213924034,31.245095122094245,0.12505381715063957,0.19307978012982538,0.517875540490244,0.1838085698146446,0.8441223817713119,68
2959,114.01985450053078,22.43777723128268,23.35423527748932,14.034008420129338,29.792035241641912,0.0712900654251027,0.011073367696412852,0.9161201441232029,0.07956688392889891,1.4731192253005336,71
2960,114.2374730766997,22.262026240643788,36.67808759330523,15.027644846699022,20.540222004301874,0.3003051178683543,0.1168449326316909,0.8384021595366323,0.06277128414745771,3.5979129300259127,101
2961,114.2493889456363,22.2655342791241,35.47735364587457,11.48789809630798,14.80392786833617,0.37549573021966054,0.18872570347141576,0.8504985689042925,0.10921375171558277,4.413727597073392,148
2962,113.9687203231499,22.410980305155267,26.862047051870697,13.406972474949336,22.387519190388343,0.20789049004995697,0.12015219657651839,0.8922751231860089,0.0713573989047799,3.2684272335421656,124
2963,113.9687203231499,22.410980305155267,26.862047051870697,13.406972474949336,22.387519190388343,0.20789049004995697,0.12015219657651839,0.8922751231860089,0.0713573989047799,3.2684272335421656,124
2964,113.96932848878104,22.37420901324027,36.76728091565481,9.627019353659758,18.34221537333416,0.21177353150394546,0.04352891301534262,0.6630434089875126,0.09777498053738391,2.422549925654767,83
2965,113.96932848878104,22.37420901324027,36.76728091565481,9.627019353659758,18.34221537333416,0.21177353150394546,0.04352891301534262,0.6630434089875126,0.09777498053738391,2.422549925654767,83
2966,113.96932848878104,22.37420901324027,36.76728091565481,9.627019353659758,18.34221537333416,0.21177353150394546,0.04352891301534262,0.6630434089875126,0.09777498053738391,2.422549925654767,83
2967,114.20894582530156,22.289830700023177,48.126564115425786,7.284743797051515,11.65475845336914,0.6898893436915438,0.2530321828636205,1.169801094162632,0.056694818774299445,4.9867889690846905,142
2968,113.9687203231499,22.410980305155267,26.862047051870697,13.406972474949336,22.387519190388343,0.20789049004995697,0.12015219657651839,0.8922751231860089,0.0713573989047799,3.2684272335421656,124
2969,114.18272473018732,22.26387970654884,35.106193485544686,20.112311424900646,30.52101514825773,0.12692029203348493,0.1959615678929571,0.5256050261692029,0.18655198130441544,0.8567212232902868,67
2970,114.2493889456363,22.2655342791241,35.47735364587457,11.48789809630798,14.80392786833617,0.37549573021966054,0.18872570347141576,0.8504985689042925,0.10921375171558277,4.413727597073392,148
2971,114.18272473018732,22.26387970654884,35.106193485544686,20.112311424900646,30.52101514825773,0.12692029203348493,0.1959615678929571,0.5256050261692029,0.18655198130441544,0.8567212232902868,67
2972,114.1536062235718,22.278408465821,43.87436299473322,19.843261325337387,10.51338838608884,0.3957751925698521,0.25140927421892983,1.0407583050525866,0.03982424516484663,2.8069940500276966,181
2973,114.12471731024432,22.50307662003165,28.277711408684052,18.650795848494077,20.64461631468501,0.6300317235739833,0.28533246143754704,1.3590184560262533,0.10272355443502525,4.894729407436876,166
2974,114.20894582530156,22.289830700023177,48.126564115425786,7.284743797051515,11.65475845336914,0.6898893436915438,0.2530321828636205,1.169801094162632,0.056694818774299445,4.9867889690846905,142
2975,114.13910718266916,22.287933062966776,49.90054202336137,5.579161131253807,13.93047994182956,0.588180172827936,0.436946653550671,1.3140359232502599,0.06520145682878391,4.272895346405686,248
2976,114.1463569710328,22.283067075650465,48.6537091694181,18.16543912130689,7.374430762396918,0.4764531150696769,0.28460608588324654,1.2910998813689702,0.05115266830202134,2.8175384279281372,210
2977,114.18974680321992,22.344685208019943,33.22588530996987,18.987574374167842,13.749948420321434,0.28354577850877194,0.2067465531198602,0.8043064509418076,0.0705666410594357,3.9238176847759045,133
2978,114.1788545205962,22.32927051874457,32.352030390784854,12.232655116489955,22.68629164922805,0.21897929055350168,0.037792750767299106,0.9371925535656156,0.10042235964820498,5.244927633376349,140
2979,114.16778156473256,22.44325350281891,26.802133984035915,22.15798971388075,16.48515955607096,0.2993064456515842,0.13525772094726562,0.9264969295925564,0.09184773763020831,3.69884130689833,150
2980,114.16778156473256,22.44325350281891,26.802133984035915,22.15798971388075,16.48515955607096,0.2993064456515842,0.13525772094726562,0.9264969295925564,0.09184773763020831,3.69884130689833,150
2981,114.17919378925173,22.301709126610096,35.75223819099684,11.582532678231619,18.92858454834522,0.31694532666087327,0.31718031425308024,1.0438358906257172,0.1003965582266428,3.81443314965426,227
2982,114.2157284096958,22.3232153717829,43.38383462019027,10.260862605586933,13.293440630481502,0.6611463623694807,0.19762683066592854,1.521556190118162,0.05384068580190088,4.095451695144556,157
2983,114.13327557838116,22.28672149892206,42.96150521917657,7.559488806532417,19.717465739547112,0.5258581140539148,0.4816820333292196,1.2901274712531121,0.0901253668816535,3.467780067807152,182
2984,114.13910718266916,22.287933062966776,49.90054202336137,5.579161131253807,13.93047994182956,0.588180172827936,0.436946653550671,1.3140359232502599,0.06520145682878391,4.272895346405686,248
2985,114.15900537058252,22.32177416375984,43.521651854881874,10.314462531326162,14.696519191448505,0.38326336787297177,0.5346412332648904,1.0613724716708195,0.0754405290652544,3.8169080375606175,156
2986,114.15900537058252,22.32177416375984,43.521651854881874,10.314462531326162,14.696519191448505,0.38326336787297177,0.5346412332648904,1.0613724716708195,0.0754405290652544,3.8169080375606175,156
2987,114.15900537058252,22.32177416375984,43.521651854881874,10.314462531326162,14.696519191448505,0.38326336787297177,0.5346412332648904,1.0613724716708195,0.0754405290652544,3.8169080375606175,156
2988,114.2157284096958,22.3232153717829,43.38383462019027,10.260862605586933,13.293440630481502,0.6611463623694807,0.19762683066592854,1.521556190118162,0.05384068580190088,4.095451695144556,157
2989,114.19225421573734,22.28201261782409,44.049654154324905,12.772883695219264,11.939859495520853,0.6468686573289614,0.18339936043779317,1.197990518532052,0.07251861605949485,5.359185873541085,151
2990,114.2157284096958,22.3232153717829,43.38383462019027,10.260862605586933,13.293440630481502,0.6611463623694807,0.19762683066592854,1.521556190118162,0.05384068580190088,4.095451695144556,157
2991,114.19225421573734,22.28201261782409,44.049654154324905,12.772883695219264,11.939859495520853,0.6468686573289614,0.18339936043779317,1.197990518532052,0.07251861605949485,5.359185873541085,151
2992,114.17135974910973,22.36094966410976,30.178457740845722,18.091591780747823,18.38470009284291,0.15842701361431336,0.07613112286823553,1.2769954960520675,0.10023039530932419,2.025286356608073,41
2993,114.0777791578366,22.425361122149265,26.527743869357643,17.29739012541594,29.654924604627823,0.12207455105251735,0.13790130615234375,1.3599600615324796,0.11612927472149885,3.1511751810709643,45
2994,113.94814096593704,22.29142470783304,20.504780256315424,24.309486288442077,22.715312970353434,0.07098106661252063,0.020982723424930384,0.5820677225345825,0.07871432666337923,0.6453728125040287,101
2995,114.25005709883928,22.263032489105576,35.13187292294624,12.526324162116417,13.955766115433132,0.41381456913092196,0.127563109764686,0.8318870495527217,0.0826419928135016,4.965365544343606,104
2996,114.17135974910973,22.36094966410976,30.178457740845722,18.091591780747823,18.38470009284291,0.15842701361431336,0.07613112286823553,1.2769954960520675,0.10023039530932419,2.025286356608073,41
2997,114.17135974910973,22.36094966410976,30.178457740845722,18.091591780747823,18.38470009284291,0.15842701361431336,0.07613112286823553,1.2769954960520675,0.10023039530932419,2.025286356608073,41
2998,114.17603990535598,22.273407148236632,36.28256949619275,22.14837406405169,9.643890608602495,0.6133610929422711,0.39022028149656984,1.460311899137734,0.08397458204582556,5.477622492396416,134
2999,114.18614444556673,22.33272897652568,36.0296466615465,12.192626529269747,19.11090744866265,0.40053897433810753,0.19630644056532115,1.2049166361490886,0.037353303697374135,4.362671640184191,60
3000,114.18619292457154,22.331898160365235,38.344104010779574,10.877848101091814,18.677182240529103,0.42343612189765445,0.27333508740674267,1.341018161258182,0.034748111759220164,4.383387866320911,74
3001,114.18619292457154,22.331898160365235,38.344104010779574,10.877848101091814,18.677182240529103,0.42343612189765445,0.27333508740674267,1.341018161258182,0.034748111759220164,4.383387866320911,74
3002,114.1263306860167,22.49366272396156,20.154959080266018,15.489912500568463,24.257727697783828,0.15157765033198337,0.0037529889275045958,0.83158717435949,0.11129472769942936,2.8524604498171335,68
3003,114.1263306860167,22.49366272396156,20.154959080266018,15.489912500568463,24.257727697783828,0.15157765033198337,0.0037529889275045958,0.83158717435949,0.11129472769942936,2.8524604498171335,68
3004,113.96524997863796,22.37449270786871,37.47181482741104,16.52669742754645,12.575551980139874,0.4848843997286768,0.1604866735713998,0.977526989179788,0.1236777944663136,3.4753887923722413,97
3005,114.19156776028905,22.30570903537316,42.15535915075087,13.423185287767156,11.003028561861399,0.538713815612145,0.2699858064104797,1.2486401130692468,0.11957597833783258,4.393002131435775,157
3006,114.19156776028905,22.30570903537316,42.15535915075087,13.423185287767156,11.003028561861399,0.538713815612145,0.2699858064104797,1.2486401130692468,0.11957597833783258,4.393002131435775,157
3007,114.1225205403287,22.37054914136613,38.71144599914551,12.49041264851888,14.834521611531573,0.37820040384928383,0.44083684285481767,1.1572855631510417,0.058640289306640635,4.2064268747965485,250
3008,114.1458028924029,22.33144393166404,32.91426840282622,8.732255712732092,23.081741291723212,0.0552115502295556,0.17909260539265423,0.754341728243477,0.07148449555103914,1.7652146227948078,154
3009,114.0604600017447,22.367418947070128,32.829300090424695,11.775018987875962,23.993784523639746,0.19783076673451036,0.25401792117077915,0.9234378046721907,0.07223941311977877,3.416826858772304,101
3010,114.21397307351948,22.328850869030127,33.28855661649678,8.219230536258582,20.210447652937624,0.17494248949791777,0.2409375403538223,0.9250070766312359,0.0721019818434702,2.4573898840870085,121
3011,114.10257582480236,22.37316910397752,31.54625528787513,19.05902609767684,15.794839054705148,0.19949296392111412,0.184086719191218,0.6153056899227771,0.06723289030144014,3.1492340516852573,83
3012,114.00254221347384,22.462430575734057,34.50035774020623,6.748682514467933,18.127221511420153,0.17316502736027078,0.1460986029832883,0.9010130898994312,0.06259736560639881,1.6289326182582924,133
3013,114.10257582480236,22.37316910397752,31.54625528787513,19.05902609767684,15.794839054705148,0.19949296392111412,0.184086719191218,0.6153056899227771,0.06723289030144014,3.1492340516852573,83
3014,114.10257582480236,22.37316910397752,31.54625528787513,19.05902609767684,15.794839054705148,0.19949296392111412,0.184086719191218,0.6153056899227771,0.06723289030144014,3.1492340516852573,83
3015,114.00254221347384,22.462430575734057,34.50035774020623,6.748682514467933,18.127221511420153,0.17316502736027078,0.1460986029832883,0.9010130898994312,0.06259736560639881,1.6289326182582924,133
3016,114.00254221347384,22.462430575734057,34.50035774020623,6.748682514467933,18.127221511420153,0.17316502736027078,0.1460986029832883,0.9010130898994312,0.06259736560639881,1.6289326182582924,133
3017,114.27108372277976,22.324249218096,15.746830920783841,21.438060812398692,37.85093657824458,0.08688037898264774,0.0038769780373086736,0.5084063731083254,0.04894619896298363,0.6266010050870934,49
3018,114.14056113811635,22.36927185361241,42.32614901330736,10.294492818691113,11.477514108022055,0.44641759660508895,0.7153669993082682,0.8942085283773916,0.049103630913628474,3.930509311181528,144
3019,114.27108372277976,22.324249218096,15.746830920783841,21.438060812398692,37.85093657824458,0.08688037898264774,0.0038769780373086736,0.5084063731083254,0.04894619896298363,0.6266010050870934,49
3020,114.22676254576064,22.31801975913121,38.300562409496806,14.612027829286284,11.360433618858378,0.6566103173311425,0.5063442956833613,1.0428817183883101,0.04590554212136243,6.1777147666487116,126
3021,114.17222058511588,22.45940916175196,16.422785412181508,29.705257608432966,17.57345946148188,0.14099063295306583,0.03836227185798414,0.8034210012416647,0.07725050955107718,3.055532532508927,132
3022,114.19999796555452,22.284729918197627,24.31389381145609,22.827866433680743,21.163164336105872,0.23565401976135955,0.041211884597252155,0.8451396021349676,0.04618633752581716,2.7316712785041193,58
3023,114.19999796555452,22.284729918197627,24.31389381145609,22.827866433680743,21.163164336105872,0.23565401976135955,0.041211884597252155,0.8451396021349676,0.04618633752581716,2.7316712785041193,58
3024,114.22676254576064,22.31801975913121,38.300562409496806,14.612027829286284,11.360433618858378,0.6566103173311425,0.5063442956833613,1.0428817183883101,0.04590554212136243,6.1777147666487116,126
3025,114.1489486514016,22.32764262820645,36.34120276147835,7.991263875559371,23.912479502944656,0.08976523446854047,0.33693861687320403,0.6270529209882364,0.06081080528054658,3.874472183286002,87
3026,114.20843586475826,22.39525364971925,24.911776099185392,13.665267175117148,23.979316915504235,0.14836425153316296,0.045354866687162425,0.793042595003858,0.04523320453157151,2.384968745855637,81
3027,114.20843586475826,22.39525364971925,24.911776099185392,13.665267175117148,23.979316915504235,0.14836425153316296,0.045354866687162425,0.793042595003858,0.04523320453157151,2.384968745855637,81
3028,114.20843586475826,22.39525364971925,24.911776099185392,13.665267175117148,23.979316915504235,0.14836425153316296,0.045354866687162425,0.793042595003858,0.04523320453157151,2.384968745855637,81
3029,114.1990124897104,22.373256864959817,22.472693125406895,8.898256252973509,31.43963202452048,0.1664460011017628,0.19463465763972357,0.8955862583258214,0.0738681891025641,0.9720112727238581,65
3030,114.1990124897104,22.373256864959817,22.472693125406895,8.898256252973509,31.43963202452048,0.1664460011017628,0.19463465763972357,0.8955862583258214,0.0738681891025641,0.9720112727238581,65
3031,114.1990124897104,22.373256864959817,22.472693125406895,8.898256252973509,31.43963202452048,0.1664460011017628,0.19463465763972357,0.8955862583258214,0.0738681891025641,0.9720112727238581,65
3032,114.1909862536823,22.313592805445072,43.13172132540972,6.89847469329834,13.882205730829481,0.37383849804218,0.4417055692428198,1.3816488094818895,0.07729469201503657,8.090725923195864,104
3033,114.1909862536823,22.313592805445072,43.13172132540972,6.89847469329834,13.882205730829481,0.37383849804218,0.4417055692428198,1.3816488094818895,0.07729469201503657,8.090725923195864,104
3034,114.25751733937288,22.312616108081432,28.170485459556872,20.967610677083332,19.561475931211962,0.3993245058281477,0.27596895084824674,0.8021343586056732,0.07705466691837755,0.8698844170385555,86
3035,114.17263117886024,22.375245047468404,22.416330519176665,24.28367316317396,17.668057136795145,0.3539380573091052,0.14436293621452487,0.8213520050048829,0.07627513132938722,1.846802964502451,98
3036,114.17263117886024,22.375245047468404,22.416330519176665,24.28367316317396,17.668057136795145,0.3539380573091052,0.14436293621452487,0.8213520050048829,0.07627513132938722,1.846802964502451,98
3037,114.17263117886024,22.375245047468404,22.416330519176665,24.28367316317396,17.668057136795145,0.3539380573091052,0.14436293621452487,0.8213520050048829,0.07627513132938722,1.846802964502451,98
3038,113.97811390667832,22.40287374660827,32.33329772949219,16.92600886027018,17.28687425454458,0.5633195241292317,0.4729795455932617,1.4891697963078816,0.1061856746673584,2.8084667523701987,160
3039,114.1489486514016,22.32764262820645,36.34120276147835,7.991263875559371,23.912479502944656,0.08976523446854047,0.33693861687320403,0.6270529209882364,0.06081080528054658,3.874472183286002,87
3040,114.2161836103148,22.285033842723585,49.372213980545695,8.062787575296836,7.122918088050566,0.4847687069732364,0.11265254256748918,1.0731918977038695,0.0574078890356687,4.1689399051981,202
3041,114.2154966844385,22.32765847574318,39.51527206458855,9.39081865756666,14.663650977670851,0.2343362836695429,0.1726672424012749,1.106810451146975,0.08211657775575248,2.013888287900099,134
3042,114.2154966844385,22.32765847574318,39.51527206458855,9.39081865756666,14.663650977670851,0.2343362836695429,0.1726672424012749,1.106810451146975,0.08211657775575248,2.013888287900099,134
3043,114.16079132581196,22.321539554891856,53.336500634952465,8.501812389918735,8.86361874690672,0.5400983654722875,0.595284805816858,1.3352564402988978,0.07353412861726721,5.12161027817499,196
3044,114.16079132581196,22.321539554891856,53.336500634952465,8.501812389918735,8.86361874690672,0.5400983654722875,0.595284805816858,1.3352564402988978,0.07353412861726721,5.12161027817499,196
3045,114.15881108940424,22.2472804528814,32.55164047767376,13.16397327116166,19.711152803852183,0.3486991385390475,0.5509080557987608,0.9933880919240902,0.10135694481860633,2.70559924772416,87
3046,114.15881108940424,22.2472804528814,32.55164047767376,13.16397327116166,19.711152803852183,0.3486991385390475,0.5509080557987608,0.9933880919240902,0.10135694481860633,2.70559924772416,87
3047,114.24817434339698,22.261940617845152,32.35339844363859,15.926596214031353,12.612640446630017,0.48197548964927944,0.1975848756987473,0.6674634999242323,0.0628887921914287,4.434719304928835,58
3048,114.24817434339698,22.261940617845152,32.35339844363859,15.926596214031353,12.612640446630017,0.48197548964927944,0.1975848756987473,0.6674634999242323,0.0628887921914287,4.434719304928835,58
3049,114.24817434339698,22.261940617845152,32.35339844363859,15.926596214031353,12.612640446630017,0.48197548964927944,0.1975848756987473,0.6674634999242323,0.0628887921914287,4.434719304928835,58
3050,113.94224844971411,22.29274379198019,24.652846654256187,21.624594884561308,21.457533126181747,0.29687746196773884,0.2530158834254488,0.6456151921698388,0.10570059431360122,1.0112955215129447,94
3051,113.94224844971411,22.29274379198019,24.652846654256187,21.624594884561308,21.457533126181747,0.29687746196773884,0.2530158834254488,0.6456151921698388,0.10570059431360122,1.0112955215129447,94
3052,114.1238426628962,22.494176657576627,15.005312387244288,24.342801580467377,25.253815248788122,0.1301359460057025,0.0003401055393448795,0.8292286271551048,0.09868422665270456,1.5016873677571616,83
3053,114.1076596069565,22.34213336671556,21.997536673690334,12.388888272372158,26.22376824870254,0.11689735181403883,0.05616924979469993,0.7125572724775835,0.0803774053400213,3.78535660830411,88
3054,114.1076596069565,22.34213336671556,21.997536673690334,12.388888272372158,26.22376824870254,0.11689735181403883,0.05616924979469993,0.7125572724775835,0.0803774053400213,3.78535660830411,88
3055,114.2154966844385,22.32765847574318,39.51527206458855,9.39081865756666,14.663650977670851,0.2343362836695429,0.1726672424012749,1.106810451146975,0.08211657775575248,2.013888287900099,134
3056,114.1076596069565,22.34213336671556,21.997536673690334,12.388888272372158,26.22376824870254,0.11689735181403883,0.05616924979469993,0.7125572724775835,0.0803774053400213,3.78535660830411,88
3057,114.184589959435,22.30770528374472,46.28915520910602,8.809920165873848,10.725852753642544,0.616964701299191,0.7330709495057073,1.1421610115574072,0.043676511474325816,4.8293545686409445,287
3058,114.184589959435,22.30770528374472,46.28915520910602,8.809920165873848,10.725852753642544,0.616964701299191,0.7330709495057073,1.1421610115574072,0.043676511474325816,4.8293545686409445,287
3059,114.17822361827596,22.33229577030724,29.247432284884983,13.503036801777188,22.67064770693501,0.21230430199355674,0.1452975802951389,0.9887821459896349,0.0820427344589637,4.684313516768198,126
3060,114.17822361827596,22.33229577030724,29.247432284884983,13.503036801777188,22.67064770693501,0.21230430199355674,0.1452975802951389,0.9887821459896349,0.0820427344589637,4.684313516768198,126
3061,114.24344108074128,22.428150118048123,41.57309174179672,15.554513730802336,16.69762528336442,0.07505932369747675,0.5982974628070453,0.7936219911317568,0.07170313471430415,1.0413178452500351,111
3062,114.24344108074128,22.428150118048123,41.57309174179672,15.554513730802336,16.69762528336442,0.07505932369747675,0.5982974628070453,0.7936219911317568,0.07170313471430415,1.0413178452500351,111
3063,114.22810563460747,22.328088445619933,30.49903280508992,9.040857600874128,19.471886252773643,0.25682682655637784,0.09000760699630878,0.7652273965538097,0.05809830598510369,3.3306002252327924,109
3064,114.16383377642416,22.273578212653216,23.938357640826514,40.54450484179946,9.787803226047092,0.26041212536039804,0.04452296665736607,0.6426190573071676,0.04855867416139633,2.4473084343804254,63
3065,114.25193101305123,22.356417067343195,10.438203811645508,26.193006487860192,31.017868760703262,0.21885236104329425,0.10238315748131793,1.546366318412449,0.046464671259341034,3.689799101456352,46
3066,114.25193101305123,22.356417067343195,10.438203811645508,26.193006487860192,31.017868760703262,0.21885236104329425,0.10238315748131793,1.546366318412449,0.046464671259341034,3.689799101456352,46
3067,114.21062594768408,22.536344654281766,12.917981631513953,40.283841672150984,19.61897145146909,0.016088071076766304,0.002819558848505435,0.7059898929319519,0.08862536886463994,0.7369262584741564,23
3068,114.25005709883928,22.263032489105576,35.13187292294624,12.526324162116417,13.955766115433132,0.41381456913092196,0.127563109764686,0.8318870495527217,0.0826419928135016,4.965365544343606,104
3069,114.22810530458594,22.327185387431378,31.515297401856277,7.7191960300156,18.76126531720555,0.20971361166573202,0.09990163368753868,1.0673466295298963,0.06486622020356332,3.584505779908435,101
3070,114.22810530458594,22.327185387431378,31.515297401856277,7.7191960300156,18.76126531720555,0.20971361166573202,0.09990163368753868,1.0673466295298963,0.06486622020356332,3.584505779908435,101
3071,114.22810530458594,22.327185387431378,31.515297401856277,7.7191960300156,18.76126531720555,0.20971361166573202,0.09990163368753868,1.0673466295298963,0.06486622020356332,3.584505779908435,101
3072,114.15102446351658,22.282363495080933,61.00415692419863,7.368293622644936,6.578313755149118,0.907408964989308,0.7118493883913449,1.5389973555153948,0.03615821280130526,3.763429388444275,246
3073,114.15102446351658,22.282363495080933,61.00415692419863,7.368293622644936,6.578313755149118,0.907408964989308,0.7118493883913449,1.5389973555153948,0.03615821280130526,3.763429388444275,246
3074,114.19360329452311,22.284595245437306,48.44123434679152,9.47533804458587,11.05598281985168,0.6028967157219571,0.3014252473484032,1.162741959460674,0.0640471288762941,4.445717622409814,163
3075,114.19360329452311,22.284595245437306,48.44123434679152,9.47533804458587,11.05598281985168,0.6028967157219571,0.3014252473484032,1.162741959460674,0.0640471288762941,4.445717622409814,163
3076,114.00067295838709,22.26475962215704,19.959391379842952,5.087520313911698,65.16675040835425,0.037450206523038904,0.0010899135044642857,0.35706344915896043,0.01807050640080251,1.057074670077992,49
3077,114.26446182651232,22.30517129096528,29.889749345325296,14.529353096371604,26.29220826285226,0.8724079651086509,0.2860049812161193,2.149512492069582,0.20256139794174502,0.917770749046689,98
3078,114.17996937020403,22.26596586449182,37.70825877334133,22.78053746078954,21.843106240937203,0.09537205551609848,0.0014565207741477273,0.3407981178977273,0.21160125732421875,1.5984431180087002,55
3079,113.95860209237593,22.23495265194168,19.369367967572128,9.027261901320072,63.39114841661955,0.06962826377467106,0.0,0.5360653525904605,0.01377306486430921,1.3777013410601697,19
3080,114.17996937020403,22.26596586449182,37.70825877334133,22.78053746078954,21.843106240937203,0.09537205551609848,0.0014565207741477273,0.3407981178977273,0.21160125732421875,1.5984431180087002,55
3081,114.13862042721304,22.257969271118355,46.807429449898855,17.102773984273274,15.401530038742791,0.265637579418364,0.47821226574125736,1.3820293971470423,0.058820815313430065,1.5920375642322357,140
3082,114.19103135397802,22.37558763948525,25.159265283952678,21.528721859580592,19.23349614728961,0.2513313293457031,0.6406676978395697,0.7468267072711074,0.07158112107661732,2.7753786455120957,95
3083,114.10476710759453,22.37920248596769,34.023961984334775,22.38473709515685,11.475773880764901,0.30452209414193454,0.20788894302543554,1.2055879351736485,0.044118946996228446,2.7904905121901935,87
3084,114.13862042721304,22.257969271118355,46.807429449898855,17.102773984273274,15.401530038742791,0.265637579418364,0.47821226574125736,1.3820293971470423,0.058820815313430065,1.5920375642322357,140
3085,113.96477458722836,22.387053485035903,32.79221995814785,19.501185488772464,18.019974911893094,0.18841311022326035,0.2576793636287655,0.875286869816594,0.07803289739935247,1.7626470273679442,111
3086,113.96477458722836,22.387053485035903,32.79221995814785,19.501185488772464,18.019974911893094,0.18841311022326035,0.2576793636287655,0.875286869816594,0.07803289739935247,1.7626470273679442,111
3087,114.26446182651232,22.30517129096528,29.889749345325296,14.529353096371604,26.29220826285226,0.8724079651086509,0.2860049812161193,2.149512492069582,0.20256139794174502,0.917770749046689,98
3088,114.0197776309877,22.43702763014051,21.34421473801738,13.79484263333407,33.27840410097681,0.14536308519767993,0.06612430919300427,0.6785465009284742,0.0914092015738439,1.9672398615365079,66
3089,114.0197776309877,22.43702763014051,21.34421473801738,13.79484263333407,33.27840410097681,0.14536308519767993,0.06612430919300427,0.6785465009284742,0.0914092015738439,1.9672398615365079,66
3090,114.18630957804788,22.334435746320565,33.51029414756625,15.749357260909738,17.556119432636336,0.3192147398306653,0.18306806975719975,1.0096400391821767,0.041555267533445676,4.577996372397429,51
3091,114.15817861461522,22.33482326488321,40.72175992501749,4.3588434253727,16.251791919673884,0.5583546183130763,0.36891258514679226,0.9823298669076179,0.03508039422937342,5.354365572199091,148
3092,114.20516146939504,22.290698344839896,47.87996249510251,9.79988255451635,11.494435149779434,0.5185569684530041,0.3720657112672157,1.1150515775909948,0.05420507843961421,4.856326735716094,194
3093,114.19334112859784,22.283150370931978,45.32219074867867,10.324105056556496,13.171247963432796,0.6431478637832779,0.21422231519544446,1.0786322860030442,0.06645799757124067,5.2918575905464795,148
3094,114.1914128409464,22.30918583328776,39.73072217858356,18.523405600285184,9.194554867951766,0.5071241959281589,0.3152449234672215,1.1558270108872566,0.12409265490545743,4.6750662983327675,115
3095,114.1676531740467,22.32729257354797,50.34972984832233,6.359588779732703,10.034369518406585,0.9247956117747519,0.5256313848269494,1.2974118357774396,0.043154591444355996,5.867695318767432,211
3096,114.18798842083164,22.32852963947733,45.5730634214037,5.2681654402353235,17.597645849085936,0.478018140329898,0.7898485004708989,1.0813027909658488,0.06797028205155554,4.96459099852923,206
3097,114.18798842083164,22.32852963947733,45.5730634214037,5.2681654402353235,17.597645849085936,0.478018140329898,0.7898485004708989,1.0813027909658488,0.06797028205155554,4.96459099852923,206
3098,114.14456112265786,22.28615520477417,59.11488480388987,7.148152787164347,5.980591847670262,0.8917492746517358,0.9314198104487875,1.920032606482769,0.0464433076365894,4.064556989185594,302
3099,114.1914128409464,22.30918583328776,39.73072217858356,18.523405600285184,9.194554867951766,0.5071241959281589,0.3152449234672215,1.1558270108872566,0.12409265490545743,4.6750662983327675,115
3100,114.1914128409464,22.30918583328776,39.73072217858356,18.523405600285184,9.194554867951766,0.5071241959281589,0.3152449234672215,1.1558270108872566,0.12409265490545743,4.6750662983327675,115
3101,114.14456112265786,22.28615520477417,59.11488480388987,7.148152787164347,5.980591847670262,0.8917492746517358,0.9314198104487875,1.920032606482769,0.0464433076365894,4.064556989185594,302
3102,114.12701813602372,22.28262882395462,43.397962171479136,9.47838152869273,18.67257969527595,0.47853060361355715,0.5569334084031271,1.3641009896488514,0.05950873854470118,3.771965382462841,118
3103,113.9737740002984,22.38196281102629,33.20878887392766,9.07272481593956,20.704842046274887,0.19574219407408147,0.028867137675382654,0.7117223847750362,0.06824199304559064,2.9670354190056556,147
3104,113.95410165976116,22.296002467069687,13.34276767004104,17.806716192336307,32.3296138218471,0.027885891142345607,0.006948198590959821,0.7663374855404809,0.17810321989513578,0.9514513469877698,28
3105,113.95410165976116,22.296002467069687,13.34276767004104,17.806716192336307,32.3296138218471,0.027885891142345607,0.006948198590959821,0.7663374855404809,0.17810321989513578,0.9514513469877698,28
3106,113.95410165976116,22.296002467069687,13.34276767004104,17.806716192336307,32.3296138218471,0.027885891142345607,0.006948198590959821,0.7663374855404809,0.17810321989513578,0.9514513469877698,28
3107,114.19334112859784,22.283150370931978,45.32219074867867,10.324105056556496,13.171247963432796,0.6431478637832779,0.21422231519544446,1.0786322860030442,0.06645799757124067,5.2918575905464795,148
3108,114.19985362333226,22.292126023373257,51.54844667545702,3.4668328690570913,13.267600851714926,0.9736025774920428,0.6678138880923101,1.50401419853197,0.053883103466538525,5.933988157403532,189
3109,114.19989029099052,22.3970973176109,40.025896718856,9.297893428001082,16.8977606530283,0.3570169293913855,0.14476081570323443,1.1603555759461985,0.06685443952971815,4.6940595162015,119
3110,114.19989029099052,22.3970973176109,40.025896718856,9.297893428001082,16.8977606530283,0.3570169293913855,0.14476081570323443,1.1603555759461985,0.06685443952971815,4.6940595162015,119
3111,114.2515652394058,22.307670191558657,38.311804717916864,11.3357144220434,12.203165564206568,0.13237723422916023,0.178722343822517,0.7275965347541833,0.0537173582775758,1.4700278984044646,101
3112,114.2515652394058,22.307670191558657,38.311804717916864,11.3357144220434,12.203165564206568,0.13237723422916023,0.178722343822517,0.7275965347541833,0.0537173582775758,1.4700278984044646,101
3113,114.17698113920297,22.331483023966392,30.712930500855922,11.750627818860508,22.57282496892918,0.2610223335132264,0.12427101358335617,0.8918806823373537,0.0697782862256145,4.570159298634669,114
3114,114.17698113920297,22.331483023966392,30.712930500855922,11.750627818860508,22.57282496892918,0.2610223335132264,0.12427101358335617,0.8918806823373537,0.0697782862256145,4.570159298634669,114
3115,114.22810563460747,22.328088445619933,30.49903280508992,9.040857600874128,19.471886252773643,0.25682682655637784,0.09000760699630878,0.7652273965538097,0.05809830598510369,3.3306002252327924,109
3116,114.20652721419144,22.46190792765858,20.255820611907854,26.514379429243686,24.547288835663156,0.22003757175301358,0.05591677636215367,0.8442105296551157,0.0644408550459085,3.9887339798445556,97
3117,114.1676531740467,22.32729257354797,50.34972984832233,6.359588779732703,10.034369518406585,0.9247956117747519,0.5256313848269494,1.2974118357774396,0.043154591444355996,5.867695318767432,211
3118,114.14218871697508,22.50117117238284,30.759057880919656,15.087562922097035,19.70807848643864,0.26032816725993835,0.41264604639123986,1.0813956398041649,0.06180771093800235,5.0936341776278775,162
3119,114.14218871697508,22.50117117238284,30.759057880919656,15.087562922097035,19.70807848643864,0.26032816725993835,0.41264604639123986,1.0813956398041649,0.06180771093800235,5.0936341776278775,162
3120,114.1881718120864,22.31573327881061,51.38555498956477,4.527073462032577,9.87960651854481,0.521705374362785,0.6964336321191881,1.4315653001606274,0.03883614895027432,6.7665427248069,206
3121,114.1881718120864,22.31573327881061,51.38555498956477,4.527073462032577,9.87960651854481,0.521705374362785,0.6964336321191881,1.4315653001606274,0.03883614895027432,6.7665427248069,206
3122,114.14218871697508,22.50117117238284,30.759057880919656,15.087562922097035,19.70807848643864,0.26032816725993835,0.41264604639123986,1.0813956398041649,0.06180771093800235,5.0936341776278775,162
3123,114.29456223171444,22.392360247008867,6.373217166998447,49.09451802571614,14.436660668788814,0.16998877892127404,0.0,0.7424281193659856,0.06303053635817307,0.3518031193659856,13
3124,114.1264598277293,22.351261169767888,34.13533790438783,11.63929480093497,20.26737769964214,0.13094384685840482,0.3215278675353605,0.7039263357523998,0.051561991373697914,3.190478364366851,153
3125,114.1264598277293,22.351261169767888,34.13533790438783,11.63929480093497,20.26737769964214,0.13094384685840482,0.3215278675353605,0.7039263357523998,0.051561991373697914,3.190478364366851,153
3126,114.26446182651232,22.30517129096528,29.889749345325296,14.529353096371604,26.29220826285226,0.8724079651086509,0.2860049812161193,2.149512492069582,0.20256139794174502,0.917770749046689,98
3127,114.21328427419064,22.33027785736017,30.403780192136768,10.075543075799942,21.785922100146614,0.1278907060623169,0.18923133611679077,0.9112216532230378,0.06868243217468262,2.5183781981468196,128
3128,114.21328427419064,22.33027785736017,30.403780192136768,10.075543075799942,21.785922100146614,0.1278907060623169,0.18923133611679077,0.9112216532230378,0.06868243217468262,2.5183781981468196,128
3129,113.97725400096654,22.39976620787752,35.00003893188979,14.240322387758106,17.572221638243875,0.6604638119293339,0.3108403319684566,1.378387286339277,0.09172620106135866,3.4256315035093956,162
3130,114.16735415280614,22.44282904680255,25.507565619240346,22.452514943942216,16.431750042337768,0.25788853425934843,0.13912227791799625,0.8724114144911789,0.09892871122405003,3.4028854728304725,142
3131,114.208058988188,22.31648020802972,25.194156768659482,8.61803603498903,34.064642152829805,0.0815125905215468,0.3135315359455265,1.163457844355335,0.11768602345087757,2.6270526729217942,73
3132,114.16735415280614,22.44282904680255,25.507565619240346,22.452514943942216,16.431750042337768,0.25788853425934843,0.13912227791799625,0.8724114144911789,0.09892871122405003,3.4028854728304725,142
3133,114.11030250644669,22.37785930864976,51.73555016517639,6.9532398382822675,9.343380530675251,0.3263688087463379,0.09560585021972656,1.025389830271403,0.10140657424926758,3.5600546995798745,80
3134,114.11030250644669,22.37785930864976,51.73555016517639,6.9532398382822675,9.343380530675251,0.3263688087463379,0.09560585021972656,1.025389830271403,0.10140657424926758,3.5600546995798745,80
3135,114.10514934126022,22.35332113647158,34.02834829393324,19.918984807891285,13.788706566387917,0.3811963748582553,0.3621171245644817,1.19455934880854,0.062178342770307496,2.589280788715069,182
3136,114.10514934126022,22.35332113647158,34.02834829393324,19.918984807891285,13.788706566387917,0.3811963748582553,0.3621171245644817,1.19455934880854,0.062178342770307496,2.589280788715069,182
3137,114.16954603395004,22.325567827627367,52.50296592712402,6.246935083566468,10.475775843761006,0.9589204371301203,0.9287898006334983,1.4921196171494782,0.059645684039006476,5.491404064366074,244
3138,114.16954603395004,22.325567827627367,52.50296592712402,6.246935083566468,10.475775843761006,0.9589204371301203,0.9287898006334983,1.4921196171494782,0.059645684039006476,5.491404064366074,244
3139,114.16954603395004,22.325567827627367,52.50296592712402,6.246935083566468,10.475775843761006,0.9589204371301203,0.9287898006334983,1.4921196171494782,0.059645684039006476,5.491404064366074,244
3140,114.15754390280075,22.50265472749592,36.538746243431454,13.482372344486299,27.29308415972997,0.31848029484824525,0.038455781482514884,0.8088959587944877,0.05068097795758929,2.169563656761533,21
3141,114.15754390280075,22.50265472749592,36.538746243431454,13.482372344486299,27.29308415972997,0.31848029484824525,0.038455781482514884,0.8088959587944877,0.05068097795758929,2.169563656761533,21
3142,114.1917035713094,22.3051491251698,44.51985620472529,10.276941839418456,11.700587076683567,0.5111119518541309,0.2661443736455212,1.22446273559849,0.11710794004675461,4.742883656122913,146
3143,114.1917035713094,22.3051491251698,44.51985620472529,10.276941839418456,11.700587076683567,0.5111119518541309,0.2661443736455212,1.22446273559849,0.11710794004675461,4.742883656122913,146
3144,114.13327557838116,22.28672149892206,42.96150521917657,7.559488806532417,19.717465739547112,0.5258581140539148,0.4816820333292196,1.2901274712531121,0.0901253668816535,3.467780067807152,182
3145,113.9737740002984,22.38196281102629,33.20878887392766,9.07272481593956,20.704842046274887,0.19574219407408147,0.028867137675382654,0.7117223847750362,0.06824199304559064,2.9670354190056556,147
3146,114.27175112365232,22.32079914619076,19.229983778857683,19.789682115827286,36.30339859654664,0.13452963854270006,0.03939431811135913,0.4714733709103216,0.030456018195581185,2.6276876056005083,63
3147,114.10452313415648,22.362766809336243,41.217542270531396,13.731714608012766,9.478598977056677,0.6783255056482582,0.5850262112087673,1.3894730719967165,0.06750678094688821,3.1399224691344925,69
3148,114.15754390280075,22.50265472749592,36.538746243431454,13.482372344486299,27.29308415972997,0.31848029484824525,0.038455781482514884,0.8088959587944877,0.05068097795758929,2.169563656761533,21
3149,114.23122021356777,22.32491769553096,33.81652510567997,6.149997425436528,22.649955035148935,0.17526319410917016,0.047171517704310044,1.3405664136793731,0.11190635881173923,3.5159828957546964,89
3150,114.1146692705832,22.36216597675281,36.428344529559354,14.542456300045965,16.141428745968238,0.2695553739305953,0.1324129776215889,0.8186559721897465,0.06078890231853359,2.8244110340243775,142
3151,114.17129324961736,22.323933360211274,56.86683431472988,4.627847540148692,9.421388505247345,1.3893972086840756,1.0686050761829724,1.594254070733861,0.07123513655229048,4.5388899558831834,242
3152,114.1261544876067,22.49715743183152,22.512781017958513,20.86139014272979,22.15776612060239,0.13436307810773754,0.09441809220747514,0.6159929314044991,0.06780841133811256,2.685211644028172,132
3153,113.99601081571848,22.37420490461601,16.837806263189204,21.71418237503461,31.427933703893903,0.07487914571360153,0.06514801376167385,0.7939572535255403,0.0989453545932112,1.2995602984081283,87
3154,114.208058988188,22.31648020802972,25.194156768659482,8.61803603498903,34.064642152829805,0.0815125905215468,0.3135315359455265,1.163457844355335,0.11768602345087757,2.6270526729217942,73
3155,114.133867813641,22.285710226255635,46.046871028534355,8.347522178197016,17.538983999684884,0.5848145738947155,0.47240874175793146,1.2540711296929254,0.08156891101390079,3.50512848597139,219
3156,114.13452791645256,22.2848615203456,48.820339506538346,9.055870366136034,15.970692863907187,0.5928457079835199,0.5345191133160694,1.2860304482936067,0.061304968585620075,3.3824071362243955,201
3157,114.1674996658631,22.445890379659875,38.28626934553729,17.551356670903225,13.619136142463576,0.6943268602301761,0.8146082987638416,1.3791454272443842,0.06912562693534444,4.8243145982758335,238
3158,114.17694231134536,22.3306793022444,29.65680045643072,11.959522894059106,23.38645704861345,0.2208117781014278,0.0850995381673177,0.9906533120692462,0.09384045655699981,4.841215583099717,116
3159,114.17694231134536,22.3306793022444,29.65680045643072,11.959522894059106,23.38645704861345,0.2208117781014278,0.0850995381673177,0.9906533120692462,0.09384045655699981,4.841215583099717,116
3160,114.133867813641,22.285710226255635,46.046871028534355,8.347522178197016,17.538983999684884,0.5848145738947155,0.47240874175793146,1.2540711296929254,0.08156891101390079,3.50512848597139,219
3161,114.133867813641,22.285710226255635,46.046871028534355,8.347522178197016,17.538983999684884,0.5848145738947155,0.47240874175793146,1.2540711296929254,0.08156891101390079,3.50512848597139,219
3162,114.01653509956203,22.308104890182875,22.74086316426595,9.075625737508137,25.964927673339844,0.6255404154459636,0.24501800537109375,1.423823038736979,0.3877830505371094,0.574200948079427,10
3163,114.01653509956203,22.308104890182875,22.74086316426595,9.075625737508137,25.964927673339844,0.6255404154459636,0.24501800537109375,1.423823038736979,0.3877830505371094,0.574200948079427,10
3164,114.18591047622536,22.317214439219395,51.078923273894745,6.364874112403999,9.181403574970481,0.47148203445693193,0.7339709222653491,1.3141634774073367,0.03870732366701978,6.261422270435398,118
3165,114.1590030088741,22.340359099467264,32.653010884920754,13.839899500211077,18.192703194088406,0.41182835896809894,0.2234339714050293,0.8265713850657145,0.054947204060024686,4.261673159069486,96
3166,114.18099001982972,22.330480576114976,32.416443294949,12.157247936914837,20.754340641082283,0.1921217782156808,0.20244053431919642,0.8400865585084947,0.09159390888516863,4.134351942274305,105
3167,114.14459264809906,22.48634375592514,20.54100125417585,28.27383908035591,17.059067241306412,0.17047185915586444,0.3368970846108662,0.8361922962039543,0.060677839169067146,2.9565411573015776,179
3168,114.1994262066422,22.28940786508193,53.27540538011692,10.27731585812259,6.073562820236403,1.026032187721946,0.6619701137790432,1.4200679151526776,0.037211463564918154,4.334829173562848,154
3169,114.14081614195744,22.28367099359605,54.33156701987313,12.767877051578694,8.23215056504037,0.5958651378126799,0.4644037690793649,1.7168463574382327,0.03747412906819252,3.0368242631206166,199
3170,114.18913906275148,22.27783169847383,46.126534489975896,14.094694990774098,9.40654734873401,0.6406248748199516,0.4355956029809613,1.1037854538886247,0.05219678598776176,5.155713241129137,193
3171,114.16771208259664,22.316988672196143,48.269938760333595,6.02567858166165,10.935553047392107,1.0703686873118083,0.7761058542463515,1.670124265882704,0.08886257807413737,5.172205766042073,240
3172,114.23760603649372,22.27784788255023,34.21075896354718,11.975843892932613,24.796147535076248,0.2683666466319628,0.18784043479100457,0.6465292246328236,0.053154681362001244,1.6914432331667109,59
3173,114.13327557838116,22.28672149892206,42.96150521917657,7.559488806532417,19.717465739547112,0.5258581140539148,0.4816820333292196,1.2901274712531121,0.0901253668816535,3.467780067807152,182
3174,114.1966239767286,22.37377191510327,21.09528792531866,18.759868354128116,25.109498877274362,0.23897304869534675,0.1373953568307977,1.1198666221217106,0.06917451557360196,2.1354568213747256,95
3175,114.1966239767286,22.37377191510327,21.09528792531866,18.759868354128116,25.109498877274362,0.23897304869534675,0.1373953568307977,1.1198666221217106,0.06917451557360196,2.1354568213747256,95
3176,114.18585136345428,22.30355113803232,46.158971380382205,6.754289254568047,13.504988716562412,0.29824252695764214,0.2728474822863608,1.0260726211704696,0.08728584704070015,2.7444507582072117,227
3177,114.18585136345428,22.30355113803232,46.158971380382205,6.754289254568047,13.504988716562412,0.29824252695764214,0.2728474822863608,1.0260726211704696,0.08728584704070015,2.7444507582072117,227
3178,114.1562880500048,22.31906466439077,41.55480832938688,9.143784151498574,15.595907571325343,0.16531120821175324,0.10785022413874247,0.8322554898549275,0.05525336208113705,2.9673898076436607,83
3179,114.14715613462496,22.28496907492136,54.72701705220888,12.352579635429166,5.545759689278977,0.6730682885145028,0.6665750575146985,1.5346795083177238,0.06420593348515047,3.7098380079041577,293
3180,114.1342608648906,22.492915491295754,22.16095630033517,26.40211976604697,20.79896196906949,0.168331758475598,0.053968076352719906,0.6240743472252364,0.0804971765588831,1.2918104948820892,135
3181,114.1342608648906,22.492915491295754,22.16095630033517,26.40211976604697,20.79896196906949,0.168331758475598,0.053968076352719906,0.6240743472252364,0.0804971765588831,1.2918104948820892,135
3182,114.1342608648906,22.492915491295754,22.16095630033517,26.40211976604697,20.79896196906949,0.168331758475598,0.053968076352719906,0.6240743472252364,0.0804971765588831,1.2918104948820892,135
3183,114.19358388201373,22.284550094277765,48.59170473244295,9.411979391871686,11.094362764473422,0.617805925239042,0.2967039744059245,1.1371018896141207,0.061713835321755776,4.448707419705678,166
3184,114.14225147758424,22.48327293146297,20.624176661173504,28.659247159957886,14.625235001246136,0.21328091621398926,0.1397716999053955,0.8883921305338541,0.06190220514933268,3.335995078086853,160
3185,114.14715613462496,22.28496907492136,54.72701705220888,12.352579635429166,5.545759689278977,0.6730682885145028,0.6665750575146985,1.5346795083177238,0.06420593348515047,3.7098380079041577,293
3186,113.98008774903606,22.387388902157024,36.00466660778932,17.241172597865866,13.571411190610942,0.6545163164235125,0.6224692469895488,1.298767870122736,0.050017327973336884,3.618518511454264,132
3187,113.98008774903606,22.387388902157024,36.00466660778932,17.241172597865866,13.571411190610942,0.6545163164235125,0.6224692469895488,1.298767870122736,0.050017327973336884,3.618518511454264,132
3188,113.98008774903606,22.387388902157024,36.00466660778932,17.241172597865866,13.571411190610942,0.6545163164235125,0.6224692469895488,1.298767870122736,0.050017327973336884,3.618518511454264,132
3189,114.17954438198808,22.364887052037385,18.281357748466622,29.972223231666966,18.4365197231895,0.1259009043375651,0.01434526945415296,0.570863171627647,0.04556388185735334,2.4841785430908203,76
3190,114.14165451142136,22.49991583218004,30.117043625884854,15.366154717511533,20.00525760166536,0.2766359074265017,0.49287098918469424,1.066671168138533,0.06707170489677519,4.951528203870641,197
3191,114.14165451142136,22.49991583218004,30.117043625884854,15.366154717511533,20.00525760166536,0.2766359074265017,0.49287098918469424,1.066671168138533,0.06707170489677519,4.951528203870641,197
3192,113.99678125317024,22.265649387298627,16.4369972272851,19.08510251976978,36.65653426071693,0.22890704801712913,0.0707165948275862,1.0228453011348329,0.07042391546841326,6.808167490465887,58
3193,114.1966239767286,22.37377191510327,21.09528792531866,18.759868354128116,25.109498877274362,0.23897304869534675,0.1373953568307977,1.1198666221217106,0.06917451557360196,2.1354568213747256,95
3194,114.1524600000495,22.28564183667313,56.955002203754994,4.0293213416790135,6.959505190794496,1.0342870909592201,0.7832989747496857,1.5338087629997865,0.07305824893644487,4.987910478964619,290
3195,114.1524600000495,22.28564183667313,56.955002203754994,4.0293213416790135,6.959505190794496,1.0342870909592201,0.7832989747496857,1.5338087629997865,0.07305824893644487,4.987910478964619,290
3196,114.1524600000495,22.28564183667313,56.955002203754994,4.0293213416790135,6.959505190794496,1.0342870909592201,0.7832989747496857,1.5338087629997865,0.07305824893644487,4.987910478964619,290
3197,114.21870192274024,22.334629287143773,24.89233538879091,20.40916793975071,24.875891386572995,0.16071310090781446,0.011335913814715486,0.7058988163127236,0.05334123450132152,1.4621758342382327,67
3198,114.21870192274024,22.334629287143773,24.89233538879091,20.40916793975071,24.875891386572995,0.16071310090781446,0.011335913814715486,0.7058988163127236,0.05334123450132152,1.4621758342382327,67
3199,114.21870192274024,22.334629287143773,24.89233538879091,20.40916793975071,24.875891386572995,0.16071310090781446,0.011335913814715486,0.7058988163127236,0.05334123450132152,1.4621758342382327,67
3200,114.0612980966328,22.49277133242524,11.434414170005105,31.785209251172617,23.667820294698075,0.02361210909756747,0.03369071266867898,0.771372246019768,0.06731640208851207,2.0903789635860557,44
3201,114.05157849915068,22.45132352507423,8.959862223842686,24.492108612729794,31.17242737820274,0.0613856733891002,0.0007579201146175986,0.9137141077142013,0.08463064829508463,0.9657491717422219,76
3202,114.15532498720326,22.33325159079099,33.332267367868404,7.96640839793985,21.87207379787088,0.3086231881194263,0.3511520312558547,0.8653514962688053,0.057942690037423195,4.607702616593248,139
3203,114.1734492833334,22.27242277460941,46.011870925189456,20.971213167870953,6.539286228648403,0.7429510529278316,0.34039146021792754,1.2400158664636443,0.0289894684016356,4.815439871180128,114
3204,114.1734492833334,22.27242277460941,46.011870925189456,20.971213167870953,6.539286228648403,0.7429510529278316,0.34039146021792754,1.2400158664636443,0.0289894684016356,4.815439871180128,114
3205,114.1492678526116,22.283862291619787,55.77946691418011,10.559559185243524,6.235123419946478,0.7637302740863788,0.5455327588458394,1.4259798846239529,0.06001705875164382,3.7226090795573996,301
3206,114.17464201333893,22.31775651449748,46.32178726045808,10.259718960794002,9.660071687115249,0.6029343463965421,0.31187896427553313,1.0878436899279234,0.03823161830563517,5.31162848839393,169
3207,114.25006679621016,22.263023454082344,35.13187292294624,12.526324162116417,13.955766115433132,0.41381456913092196,0.127563109764686,0.8318870495527217,0.0826419928135016,4.965365544343606,104
3208,114.25006679621016,22.263023454082344,35.13187292294624,12.526324162116417,13.955766115433132,0.41381456913092196,0.127563109764686,0.8318870495527217,0.0826419928135016,4.965365544343606,104
3209,114.25006679621016,22.263023454082344,35.13187292294624,12.526324162116417,13.955766115433132,0.41381456913092196,0.127563109764686,0.8318870495527217,0.0826419928135016,4.965365544343606,104
3210,114.02392577165996,22.44569179905404,40.66580633322398,9.850523869196573,15.840616396495275,0.755881837436131,0.6580506052289691,1.5197585026423135,0.10514089039393834,4.906967566126868,224
3211,114.22342502579298,22.280970850104723,48.31294218699138,5.735466162363689,12.143586317698158,0.6798659960428874,0.6230646769205728,0.9967899322509766,0.04740285873413086,3.9041102727254238,200
3212,114.01640893262196,22.30810476545568,22.74086316426595,9.075625737508137,25.964927673339844,0.6255404154459636,0.24501800537109375,1.423823038736979,0.3877830505371094,0.574200948079427,10
3213,114.20163506011627,22.43336349699481,17.831369241078693,15.369059862913907,30.646918438099053,0.09567649276168258,0.021878878275553387,0.8581673657452618,0.0835595307526765,2.1927091810438366,72
3214,114.20163506011627,22.43336349699481,17.831369241078693,15.369059862913907,30.646918438099053,0.09567649276168258,0.021878878275553387,0.8581673657452618,0.0835595307526765,2.1927091810438366,72
3215,114.20360658641845,22.329819185334674,34.01108441905208,8.21377233410558,21.371039938419422,0.2892018491776559,0.13340753866425642,0.8649968086405003,0.07541241657085736,4.493860375514831,141
3216,114.19654455607906,22.2923070715796,54.90021308263144,2.6808993021647134,8.814308113522001,1.3104756673177085,0.8362452189127604,1.351932684580485,0.05180835723876953,6.6568719016181115,120
3217,114.01640893262196,22.30810476545568,22.74086316426595,9.075625737508137,25.964927673339844,0.6255404154459636,0.24501800537109375,1.423823038736979,0.3877830505371094,0.574200948079427,10
3218,114.01640893262196,22.30810476545568,22.74086316426595,9.075625737508137,25.964927673339844,0.6255404154459636,0.24501800537109375,1.423823038736979,0.3877830505371094,0.574200948079427,10
3219,114.19654455607906,22.2923070715796,54.90021308263144,2.6808993021647134,8.814308113522001,1.3104756673177085,0.8362452189127604,1.351932684580485,0.05180835723876953,6.6568719016181115,120
3220,114.05157849915068,22.45132352507423,8.959862223842686,24.492108612729794,31.17242737820274,0.0613856733891002,0.0007579201146175986,0.9137141077142013,0.08463064829508463,0.9657491717422219,76
3221,114.2736540486682,22.377789837272857,22.52328437671327,21.972539132101492,24.342844779031317,0.25293283295213126,0.24772610580712037,1.5816286990517063,0.07604297838712994,4.66706209015428,38
3222,114.16852820970404,22.30278357450036,41.28843769882665,13.28199155402906,13.319472688617129,0.7400711136634903,0.4252618731874408,1.6018998502480863,0.1106383583762429,5.6160612780638415,165
3223,114.16852820970404,22.30278357450036,41.28843769882665,13.28199155402906,13.319472688617129,0.7400711136634903,0.4252618731874408,1.6018998502480863,0.1106383583762429,5.6160612780638415,165
3224,114.26310968266556,22.315837151188443,37.13977005746629,13.524997896618313,17.018989280418115,0.21087107834992586,0.15810992982652453,0.7930640821103696,0.04861222373114692,2.644911518803349,144
3225,113.9863858378028,22.41892179338137,31.256744231300793,10.836613863364033,27.75446409466623,0.17954782507885458,0.527502476483926,1.1119398577459927,0.09173415173059221,1.860579677011775,58
3226,113.9863858378028,22.41892179338137,31.256744231300793,10.836613863364033,27.75446409466623,0.17954782507885458,0.527502476483926,1.1119398577459927,0.09173415173059221,1.860579677011775,58
3227,113.9863858378028,22.41892179338137,31.256744231300793,10.836613863364033,27.75446409466623,0.17954782507885458,0.527502476483926,1.1119398577459927,0.09173415173059221,1.860579677011775,58
3228,114.02274662183632,22.44901387538991,30.6889414520605,19.559639625634656,15.23087776747326,0.3679290447192438,0.2610929860364671,1.5352293948999185,0.07951574304226527,3.690567272621513,149
3229,114.00809186037836,22.452846178271635,26.831983156223032,14.257862534983857,23.249431850877265,0.188482160398946,0.12975425644974264,0.7674740146132852,0.07970177915674696,3.3684406995303067,169
3230,114.00809186037836,22.452846178271635,26.831983156223032,14.257862534983857,23.249431850877265,0.188482160398946,0.12975425644974264,0.7674740146132852,0.07970177915674696,3.3684406995303067,169
3231,114.00809186037836,22.452846178271635,26.831983156223032,14.257862534983857,23.249431850877265,0.188482160398946,0.12975425644974264,0.7674740146132852,0.07970177915674696,3.3684406995303067,169
3232,114.13118052440296,22.28380402979832,33.15524628231723,16.453164589218378,22.560245505382017,0.491374184354573,0.754962298160698,1.082277404648612,0.07848014234163085,3.1838649604677887,149
3233,114.13118052440296,22.28380402979832,33.15524628231723,16.453164589218378,22.560245505382017,0.491374184354573,0.754962298160698,1.082277404648612,0.07848014234163085,3.1838649604677887,149
3234,114.17527276514296,22.329360829723456,30.857217929981374,15.043974275942201,20.10140242399993,0.22309409247504342,0.0814889978479456,0.757489381013093,0.07430747703269677,5.124049716525608,90
3235,114.2736540486682,22.377789837272857,22.52328437671327,21.972539132101492,24.342844779031317,0.25293283295213126,0.24772610580712037,1.5816286990517063,0.07604297838712994,4.66706209015428,38
3236,114.18935612126738,22.31810823869372,52.08617334780486,3.3883365686388984,9.834816835928656,0.6117081296616708,0.5542612766874009,1.2027596736299817,0.04243021425993546,5.821239775505618,230
3237,113.99138630008102,22.376231533339865,21.372764760797676,25.39944576494621,21.11002965406938,0.07684881036931818,0.09510733864524147,0.5547624645811139,0.053573377204663826,1.4526042071255771,44
3238,113.99138630008102,22.376231533339865,21.372764760797676,25.39944576494621,21.11002965406938,0.07684881036931818,0.09510733864524147,0.5547624645811139,0.053573377204663826,1.4526042071255771,44
3239,113.99138630008102,22.376231533339865,21.372764760797676,25.39944576494621,21.11002965406938,0.07684881036931818,0.09510733864524147,0.5547624645811139,0.053573377204663826,1.4526042071255771,44
3240,114.18935612126738,22.31810823869372,52.08617334780486,3.3883365686388984,9.834816835928656,0.6117081296616708,0.5542612766874009,1.2027596736299817,0.04243021425993546,5.821239775505618,230
3241,114.11800635996497,22.36878660925528,48.763178741039866,8.755030469829531,8.33776110694522,1.1161001036767244,0.603586702930684,1.8070819102177005,0.10955486167855814,6.213631792133357,245
3242,114.11800635996497,22.36878660925528,48.763178741039866,8.755030469829531,8.33776110694522,1.1161001036767244,0.603586702930684,1.8070819102177005,0.10955486167855814,6.213631792133357,245
3243,114.20397617977426,22.33363905926473,34.24134051152902,6.566454828247545,24.27581077398256,0.17381084057711815,0.22962703261264536,0.7640071617540464,0.08152141127475472,3.130461079205653,172
3244,114.1920334684167,22.30448082941136,44.52744892665318,7.958843594505674,13.240241436731248,0.5850706781659808,0.23825509207589285,1.161670968646095,0.09847709110804967,4.163347823279245,112
3245,114.1920334684167,22.30448082941136,44.52744892665318,7.958843594505674,13.240241436731248,0.5850706781659808,0.23825509207589285,1.161670968646095,0.09847709110804967,4.163347823279245,112
3246,114.18651599600526,22.37164162919281,19.373920782288508,21.836224835903494,21.68245268105274,0.18644759904092817,0.012719453270755597,1.0657310485839844,0.06272045534048508,3.760873974852301,67
3247,114.18723457049148,22.37251754659121,20.014590743585682,19.431838583438953,21.851814892275115,0.1422878698254308,0.4132385794998061,1.0127060802270336,0.07601595939473903,3.155985960723661,94
3248,114.15909123812132,22.3335410253262,42.53161934031037,3.552235359753366,14.620015115448924,0.5742966870724897,0.46435393296278915,1.048714154726499,0.024756105431230552,5.793472801968133,154
3249,114.18935612126738,22.31810823869372,52.08617334780486,3.3883365686388984,9.834816835928656,0.6117081296616708,0.5542612766874009,1.2027596736299817,0.04243021425993546,5.821239775505618,230
3250,114.23623351873964,22.267472181637693,37.8373087817476,13.467936479408323,18.944390614827473,0.28529688905516953,0.3957020417424559,0.6807004525764601,0.04974976750730557,2.9797782121420515,131
3251,114.1646239339412,22.44779561315619,42.406191250693475,12.912032700079735,15.297595814508224,0.7298663741728985,0.9987529304395543,1.5728602922689436,0.05511421173926921,5.847224743913584,257
3252,114.19964740256756,22.396456185985823,43.07314161002461,7.897012423625035,16.134240985971637,0.41923551081204485,0.2146841853769128,1.269250774102225,0.0767311163708172,4.841341170589481,113
3253,114.19964740256756,22.396456185985823,43.07314161002461,7.897012423625035,16.134240985971637,0.41923551081204485,0.2146841853769128,1.269250774102225,0.0767311163708172,4.841341170589481,113
3254,114.25938838324277,22.32551987729685,28.30964880562871,23.480432802210743,12.83823753315243,0.34886396647802465,0.1376834723467384,1.191424802352822,0.09684979589910454,2.8215257196478505,122
3255,114.02267568944433,22.442873115375416,30.93740276005715,12.080839670956408,20.628486267507895,0.5467305989025935,0.358010209314355,1.3491819982659328,0.10072586198919983,4.7400089159403755,146
3256,114.01636993662454,22.30825824676014,22.74086316426595,9.075625737508137,25.964927673339844,0.6255404154459636,0.24501800537109375,1.423823038736979,0.3877830505371094,0.574200948079427,10
3257,114.01636993662454,22.30825824676014,22.74086316426595,9.075625737508137,25.964927673339844,0.6255404154459636,0.24501800537109375,1.423823038736979,0.3877830505371094,0.574200948079427,10
3258,114.21807984488716,22.33181190646282,22.558383254317548,16.483644537023597,22.99154642465952,0.12730564083064996,0.005242631242081926,0.6541866439956803,0.06325781882346213,1.5868221317325628,74
3259,114.26762553691349,22.32000681745429,24.43666163179063,23.25892137088317,16.26081401130178,0.30891313585628755,0.04305692063164465,1.0726233937895995,0.03749611451453769,3.1159384553784766,97
3260,114.26762553691349,22.32000681745429,24.43666163179063,23.25892137088317,16.26081401130178,0.30891313585628755,0.04305692063164465,1.0726233937895995,0.03749611451453769,3.1159384553784766,97
3261,114.26762553691349,22.32000681745429,24.43666163179063,23.25892137088317,16.26081401130178,0.30891313585628755,0.04305692063164465,1.0726233937895995,0.03749611451453769,3.1159384553784766,97
3262,114.15928449801892,22.34056683332315,29.902429351282287,14.936423547489124,20.29920099527156,0.3141789911538874,0.10050940759403189,0.810555002533693,0.06732252455249275,3.9608893115905555,97
3263,114.00373209580384,22.37255173503949,9.77609391305961,21.184975493187995,32.20676440818637,0.07701574587354473,0.0,0.6314651638853784,0.09523466521618414,1.6204833984375,34
3264,114.00373209580384,22.37255173503949,9.77609391305961,21.184975493187995,32.20676440818637,0.07701574587354473,0.0,0.6314651638853784,0.09523466521618414,1.6204833984375,34
3265,114.00373209580384,22.37255173503949,9.77609391305961,21.184975493187995,32.20676440818637,0.07701574587354473,0.0,0.6314651638853784,0.09523466521618414,1.6204833984375,34
3266,114.1700318786074,22.31473113646236,52.31368130375593,2.9943771298406916,9.873306172177617,0.8077670980737837,0.5341678408522103,1.456675856956086,0.07536838601781695,6.775684772025001,199
3267,114.2444716223502,22.43002802723216,35.65414903801439,16.688072637760598,18.945853264777217,0.1113517817123469,0.22887554797497425,0.8352028144584908,0.07168626610612694,0.9757167690402859,91
3268,114.25005709883928,22.263032489105576,35.13187292294624,12.526324162116417,13.955766115433132,0.41381456913092196,0.127563109764686,0.8318870495527217,0.0826419928135016,4.965365544343606,104
3269,114.1700318786074,22.31473113646236,52.31368130375593,2.9943771298406916,9.873306172177617,0.8077670980737837,0.5341678408522103,1.456675856956086,0.07536838601781695,6.775684772025001,199
3270,114.13060221902832,22.36034714020568,45.20118747438703,8.936679930914016,12.069332410418799,0.3910757246471587,0.5026957345387293,1.0149934935191323,0.05240440368652344,6.061903635660808,168
3271,114.1342801214113,22.49350247232245,22.224173512492147,25.338134676704318,20.916196294042056,0.14370071304427995,0.06119254585746285,0.5752214462884935,0.07275178993776406,1.3981992548162288,143
3272,114.15442111874576,22.27946516504352,49.53663775950303,15.763430683701127,8.982459704081217,0.6552512263074334,0.3661717897579994,1.2035680405887557,0.03618811383659457,3.586015289212451,216
3273,114.15442111874576,22.27946516504352,49.53663775950303,15.763430683701127,8.982459704081217,0.6552512263074334,0.3661717897579994,1.2035680405887557,0.03618811383659457,3.586015289212451,216
3274,114.09939303663326,22.369573461122435,31.16517762343089,19.166954855124157,15.62492549419403,0.1444836457570394,0.12581050395965576,0.6029347578684489,0.05125304063161214,2.393096188704172,64
3275,114.15527837936855,22.32070810132853,35.04972939539437,8.837384406966393,21.741116648972636,0.1777735623446378,0.09533275257457387,0.7059352566497495,0.039045738451408615,2.186281994135693,66
3276,114.15527837936855,22.32070810132853,35.04972939539437,8.837384406966393,21.741116648972636,0.1777735623446378,0.09533275257457387,0.7059352566497495,0.039045738451408615,2.186281994135693,66
3277,114.20910433933916,22.21936438669773,21.660983120953595,23.401386649520305,21.376680886303937,0.24744360535233112,0.07688645963315612,1.0022746192084417,0.1395675871107313,1.6837610138787165,72
3278,114.18771662761682,22.32842129094663,46.12571719365242,5.029304363788702,17.223371603550053,0.47444334396949184,0.8070279390383988,1.0563303262759478,0.061016357862032376,5.014247772021171,208
3279,114.1917035713094,22.3051491251698,44.51985620472529,10.276941839418456,11.700587076683567,0.5111119518541309,0.2661443736455212,1.22446273559849,0.11710794004675461,4.742883656122913,146
3280,114.18637059090642,22.375145485189496,21.32470529404045,18.386261899706344,23.435135738390713,0.3358610359156076,0.5249623401623936,1.1420590217124686,0.09057286759497413,3.1574911914520976,142
3281,114.18637059090642,22.375145485189496,21.32470529404045,18.386261899706344,23.435135738390713,0.3358610359156076,0.5249623401623936,1.1420590217124686,0.09057286759497413,3.1574911914520976,142
3282,114.18637059090642,22.375145485189496,21.32470529404045,18.386261899706344,23.435135738390713,0.3358610359156076,0.5249623401623936,1.1420590217124686,0.09057286759497413,3.1574911914520976,142
3283,114.2368657195445,22.29382333952445,36.64687453516272,12.901964671827574,15.242121866996715,0.19625943754419323,0.33277844224807707,1.4679780332721097,0.047873608587067115,7.59913758199999,151
3284,114.2368657195445,22.29382333952445,36.64687453516272,12.901964671827574,15.242121866996715,0.19625943754419323,0.33277844224807707,1.4679780332721097,0.047873608587067115,7.59913758199999,151
3285,114.21328427419064,22.33027785736017,30.403780192136768,10.075543075799942,21.785922100146614,0.1278907060623169,0.18923133611679077,0.9112216532230378,0.06868243217468262,2.5183781981468196,128
3286,113.9749137225794,22.386181472466824,41.40293238914176,12.82501024742649,15.617611201386472,0.43363396979902435,0.1778354383494756,0.9670782306967262,0.09002424266240368,3.1709570862931207,146
3287,114.2710836075372,22.32407763712801,14.826638610274703,22.373118223967374,36.932124031914604,0.10022763852719907,0.003517998589409722,0.5413237913155262,0.062291416121117854,0.7959000858259789,54
3288,114.15014139156206,22.28268845517731,56.885431060992055,10.174694614133973,6.975742008375086,0.7703268480866323,0.5738189254981884,1.3758827732171623,0.06141687727414258,3.8478616355121997,253
3289,114.18621094323204,22.31102846093236,47.15065179869186,8.558558382729228,12.025755061659702,0.5110368063283521,0.3635722907014596,0.8963667699532913,0.03887886224791061,4.387170658555141,215
3290,114.18621094323204,22.31102846093236,47.15065179869186,8.558558382729228,12.025755061659702,0.5110368063283521,0.3635722907014596,0.8963667699532913,0.03887886224791061,4.387170658555141,215
3291,114.13060221902832,22.36034714020568,45.20118747438703,8.936679930914016,12.069332410418799,0.3910757246471587,0.5026957345387293,1.0149934935191323,0.05240440368652344,6.061903635660808,168
3292,114.20016267531784,22.341622680369223,31.20895085511384,19.024299868830926,15.42576242376257,0.3656316686559606,0.17625384860568577,1.002724082381637,0.0601355234781901,4.125517032764576,180
3293,114.20016267531784,22.341622680369223,31.20895085511384,19.024299868830926,15.42576242376257,0.3656316686559606,0.17625384860568577,1.002724082381637,0.0601355234781901,4.125517032764576,180
3294,114.17894172855026,22.31917431900332,40.08829131189264,12.93190311352861,13.279492437502759,0.3561641312363907,0.6688342480560705,1.1846457946547457,0.05541332697464248,3.7757169504399126,177
3295,114.17894172855026,22.31917431900332,40.08829131189264,12.93190311352861,13.279492437502759,0.3561641312363907,0.6688342480560705,1.1846457946547457,0.05541332697464248,3.7757169504399126,177
3296,114.2296299435891,22.27745332398785,44.15220129898404,10.848459350728543,14.714955392284926,0.6814717503722955,0.6274802662501825,1.0058524824005792,0.07498553980176693,4.061860978789047,214
3297,114.23467554884276,22.301057658181115,34.23672615832493,5.3009600421182475,23.589357779176666,0.15534710520492923,0.18914789935342627,1.0872007714896939,0.06872064927045037,3.050312341428271,153
3298,114.23467554884276,22.301057658181115,34.23672615832493,5.3009600421182475,23.589357779176666,0.15534710520492923,0.18914789935342627,1.0872007714896939,0.06872064927045037,3.050312341428271,153
3299,114.23467554884276,22.301057658181115,34.23672615832493,5.3009600421182475,23.589357779176666,0.15534710520492923,0.18914789935342627,1.0872007714896939,0.06872064927045037,3.050312341428271,153
3300,114.15547271765004,22.319281293307803,40.91348436143664,9.652110205756294,15.638788011338976,0.2076562245686849,0.093841552734375,0.9061034520467123,0.04774199591742622,2.880858315361871,60
3301,114.15547271765004,22.319281293307803,40.91348436143664,9.652110205756294,15.638788011338976,0.2076562245686849,0.093841552734375,0.9061034520467123,0.04774199591742622,2.880858315361871,60
3302,114.17434112990496,22.317864877312854,46.531059477064346,9.814263802987558,9.92868458783185,0.6010336346096463,0.3304887700963903,1.1661390021995262,0.03859555279767071,5.562514199150933,180
3303,114.23857587225535,22.298861781879754,38.127035135263434,12.957957557013799,13.64525431269282,0.26531992731867615,0.426013476855762,1.0552523730395433,0.06301410205371387,4.29249439869557,111
3304,114.23857587225535,22.298861781879754,38.127035135263434,12.957957557013799,13.64525431269282,0.26531992731867615,0.426013476855762,1.0552523730395433,0.06301410205371387,4.29249439869557,111
3305,114.23857587225535,22.298861781879754,38.127035135263434,12.957957557013799,13.64525431269282,0.26531992731867615,0.426013476855762,1.0552523730395433,0.06301410205371387,4.29249439869557,111
3306,114.11291242111112,22.36114484126345,34.21192500326369,17.84615649117364,16.712774833043415,0.321633948220147,0.16113917032877603,0.7543520794974432,0.09435415267944336,2.004569768905639,96
3307,114.11291242111112,22.36114484126345,34.21192500326369,17.84615649117364,16.712774833043415,0.321633948220147,0.16113917032877603,0.7543520794974432,0.09435415267944336,2.004569768905639,96
3308,114.03706173975108,22.44401501640344,40.622458328195165,7.364199437251706,19.79651418672938,0.2419009500620316,0.14477976325417863,1.2950186826744858,0.08830959294118036,3.0341570069189783,196
3309,114.03706173975108,22.44401501640344,40.622458328195165,7.364199437251706,19.79651418672938,0.2419009500620316,0.14477976325417863,1.2950186826744858,0.08830959294118036,3.0341570069189783,196
3310,114.2296299435891,22.27745332398785,44.15220129898404,10.848459350728543,14.714955392284926,0.6814717503722955,0.6274802662501825,1.0058524824005792,0.07498553980176693,4.061860978789047,214
3311,113.97811390667832,22.40287374660827,32.33329772949219,16.92600886027018,17.28687425454458,0.5633195241292317,0.4729795455932617,1.4891697963078816,0.1061856746673584,2.8084667523701987,160
3312,114.149594437164,22.250954653553386,40.932986415024345,13.200783898644413,11.695570979557983,0.5002522299475703,0.29789877276048593,1.1347236362754878,0.0641572559978945,5.032734837092406,94
3313,114.165659893706,22.248491177817545,49.4616949026353,8.776477002722071,10.529924127373484,0.27826464395197675,0.2705941988727239,0.8130852005926017,0.04998504959066395,6.43123967128163,127
3314,114.165659893706,22.248491177817545,49.4616949026353,8.776477002722071,10.529924127373484,0.27826464395197675,0.2705941988727239,0.8130852005926017,0.04998504959066395,6.43123967128163,127
3315,114.12903731831878,22.50737168225078,27.104482736673436,21.303023432826134,18.22803411397848,0.3518812506048529,0.5382689055021819,1.1610866237331083,0.07574923403628239,3.3671107592883405,185
3316,114.12903731831878,22.50737168225078,27.104482736673436,21.303023432826134,18.22803411397848,0.3518812506048529,0.5382689055021819,1.1610866237331083,0.07574923403628239,3.3671107592883405,185
3317,114.12903731831878,22.50737168225078,27.104482736673436,21.303023432826134,18.22803411397848,0.3518812506048529,0.5382689055021819,1.1610866237331083,0.07574923403628239,3.3671107592883405,185
3318,114.19372250230154,22.388157871598704,30.76382787604081,13.413130107678866,19.940538239060785,0.5040670696057772,0.21507062410053454,1.0175290024071408,0.06305828429104988,3.4268917953758904,95
3319,114.14723034874918,22.282751165030707,52.172008452376694,14.776916658975242,7.2700761004192085,0.5304448197527629,0.32004069506637456,1.2922594023913871,0.054277869744029476,2.9150243309455193,205
3320,114.09915919860836,22.371036295208288,28.47302473044093,22.861398624468453,14.568176350010097,0.1030310296811132,0.09455861924569818,0.4808619052548952,0.046688192504367745,2.452877704604266,79
3321,114.09915919860836,22.371036295208288,28.47302473044093,22.861398624468453,14.568176350010097,0.1030310296811132,0.09455861924569818,0.4808619052548952,0.046688192504367745,2.452877704604266,79
3322,114.17831095801418,22.330209705250503,29.68395527671365,12.68535057703654,23.410916562173885,0.20425343046001362,0.11134989121380974,0.983880781659893,0.1031193078732958,4.970653150595871,136
3323,114.1669633222844,22.337090712464377,33.98095506610292,10.313422752149176,18.28534559770064,0.21297281438654123,0.19941156560724432,0.724132133252693,0.050944703997987686,4.946910106774531,110
3324,114.1590030088741,22.340359099467264,32.653010884920754,13.839899500211077,18.192703194088406,0.41182835896809894,0.2234339714050293,0.8265713850657145,0.054947204060024686,4.261673159069486,96
3325,114.1669633222844,22.337090712464377,33.98095506610292,10.313422752149176,18.28534559770064,0.21297281438654123,0.19941156560724432,0.724132133252693,0.050944703997987686,4.946910106774531,110
3326,114.1669633222844,22.337090712464377,33.98095506610292,10.313422752149176,18.28534559770064,0.21297281438654123,0.19941156560724432,0.724132133252693,0.050944703997987686,4.946910106774531,110
3327,114.0165836356124,22.308095907557867,22.74086316426595,9.075625737508137,25.964927673339844,0.6255404154459636,0.24501800537109375,1.423823038736979,0.3877830505371094,0.574200948079427,10
3328,114.0165836356124,22.308095907557867,22.74086316426595,9.075625737508137,25.964927673339844,0.6255404154459636,0.24501800537109375,1.423823038736979,0.3877830505371094,0.574200948079427,10
3329,114.17434112990496,22.317864877312854,46.531059477064346,9.814263802987558,9.92868458783185,0.6010336346096463,0.3304887700963903,1.1661390021995262,0.03859555279767071,5.562514199150933,180
3330,114.09939303663326,22.369573461122435,31.16517762343089,19.166954855124157,15.62492549419403,0.1444836457570394,0.12581050395965576,0.6029347578684489,0.05125304063161214,2.393096188704172,64
3331,114.1817668700881,22.33933052002089,30.799347852702397,13.27742200089403,20.69553979463329,0.3600900618460725,0.3911660918107269,1.16958122163236,0.08462382828372025,4.463549314097591,141
3332,114.15547271765004,22.319281293307803,40.91348436143664,9.652110205756294,15.638788011338976,0.2076562245686849,0.093841552734375,0.9061034520467123,0.04774199591742622,2.880858315361871,60
3333,114.1817668700881,22.33933052002089,30.799347852702397,13.27742200089403,20.69553979463329,0.3600900618460725,0.3911660918107269,1.16958122163236,0.08462382828372025,4.463549314097591,141
3334,114.14489841646648,22.33910168419242,43.413702400463805,7.157781142597051,16.89787773506894,0.16664904217387355,0.44333287911821706,0.8975615489082436,0.06695040128643814,4.505191724121724,129
3335,114.17959298346004,22.36772264152252,27.118413626742203,17.97787348429362,18.61467426325999,0.46747622846746123,0.7269567372847576,0.7948700262575733,0.09038918683318055,3.194107328142439,98
3336,114.2617474530122,22.310166656720064,37.547743102133055,10.23330583677187,17.66772130470136,0.3676912286779383,0.42634062714629123,0.7975442068917411,0.0966692145490821,1.7014987302787137,182
3337,114.15746137383668,22.32700269738848,33.06404957695612,8.607430495913068,20.83726553689866,0.22651959979344932,0.1505325710962689,0.8219113425602987,0.04530217912462023,4.568533670334589,168
3338,114.25758414042248,22.31063837409699,37.02616488425654,14.138720328347723,17.641309150179527,0.3562979829640018,0.38020772145206766,0.7882524552500638,0.08229683515123258,1.7937939866144854,133
3339,114.2031705009822,22.333630161632755,33.30088929633874,6.203276573578059,24.587705094001198,0.1786452497361023,0.2378188116702041,1.2035182445724575,0.07504847238059219,3.0893017101839098,173
3340,114.2031705009822,22.333630161632755,33.30088929633874,6.203276573578059,24.587705094001198,0.1786452497361023,0.2378188116702041,1.2035182445724575,0.07504847238059219,3.0893017101839098,173
3341,114.2031705009822,22.333630161632755,33.30088929633874,6.203276573578059,24.587705094001198,0.1786452497361023,0.2378188116702041,1.2035182445724575,0.07504847238059219,3.0893017101839098,173
3342,114.1928661924351,22.287828285855547,49.22054512066077,7.248094112614023,10.244581141744089,0.7435027626557466,0.5755603642753475,1.239118698991245,0.0436684483761726,4.266709561286491,181
3343,114.26178366312384,22.30585001080831,37.49931384355594,13.795295617519281,16.675207186967896,0.7307732410919973,0.06665449876051682,1.7978181594457383,0.07756184308956832,2.5448200030204577,130
3344,114.26178366312384,22.30585001080831,37.49931384355594,13.795295617519281,16.675207186967896,0.7307732410919973,0.06665449876051682,1.7978181594457383,0.07756184308956832,2.5448200030204577,130
3345,114.26178366312384,22.30585001080831,37.49931384355594,13.795295617519281,16.675207186967896,0.7307732410919973,0.06665449876051682,1.7978181594457383,0.07756184308956832,2.5448200030204577,130
3346,114.27113354396312,22.2972657693261,31.72121490257374,11.947498874387877,22.45721374732861,0.20405009172964786,0.09807752526324728,1.172675257143767,0.08489470550979393,3.3739203301028926,115
3347,114.03345515925132,22.44641394880807,42.27960759943183,7.799137151982796,17.732202113150034,0.3879180555328418,0.49422414679276316,1.5575614272122176,0.08516022653290718,3.4004798536285445,209
3348,114.03345515925132,22.44641394880807,42.27960759943183,7.799137151982796,17.732202113150034,0.3879180555328418,0.49422414679276316,1.5575614272122176,0.08516022653290718,3.4004798536285445,209
3349,114.13649708528028,22.28715580144019,48.407860840258955,6.264130728585379,15.56359064011347,0.6554176693870908,0.49378557270076,1.4465616187270804,0.07425567730754411,3.852820882991869,245
3350,114.13649708528028,22.28715580144019,48.407860840258955,6.264130728585379,15.56359064011347,0.6554176693870908,0.49378557270076,1.4465616187270804,0.07425567730754411,3.852820882991869,245
3351,114.00304568032163,22.44825337052133,32.24318045696229,9.517253992211728,22.685191224852893,0.35521820301317986,0.4905118287064647,0.785449564305274,0.08118364950476105,2.15626757866857,131
3352,114.00304568032163,22.44825337052133,32.24318045696229,9.517253992211728,22.685191224852893,0.35521820301317986,0.4905118287064647,0.785449564305274,0.08118364950476105,2.15626757866857,131
3353,114.14672441821412,22.33433389057731,46.11935891966889,5.878368322400079,13.79314626472584,0.2955823704816293,0.3978155661320341,0.8485398430755174,0.0921391058659208,3.1828517499177353,184
3354,114.14672441821412,22.33433389057731,46.11935891966889,5.878368322400079,13.79314626472584,0.2955823704816293,0.3978155661320341,0.8485398430755174,0.0921391058659208,3.1828517499177353,184
3355,114.20606409686904,22.43102386490601,14.352302551269531,12.971080144246418,34.31069374084473,0.007915496826171875,0.0,0.5333836873372395,0.12844085693359375,0.5122629801432291,10
3356,114.20606409686904,22.43102386490601,14.352302551269531,12.971080144246418,34.31069374084473,0.007915496826171875,0.0,0.5333836873372395,0.12844085693359375,0.5122629801432291,10
3357,114.11380522514546,22.362057276170027,34.10397165565081,17.05774696924353,16.378596777557043,0.30370425152522257,0.140396241218813,0.9146095604024908,0.08078698189027848,2.296338030087051,124
3358,114.11380522514546,22.362057276170027,34.10397165565081,17.05774696924353,16.378596777557043,0.30370425152522257,0.140396241218813,0.9146095604024908,0.08078698189027848,2.296338030087051,124
3359,114.1928661924351,22.287828285855547,49.22054512066077,7.248094112614023,10.244581141744089,0.7435027626557466,0.5755603642753475,1.239118698991245,0.0436684483761726,4.266709561286491,181
3360,114.14489841646648,22.33910168419242,43.413702400463805,7.157781142597051,16.89787773506894,0.16664904217387355,0.44333287911821706,0.8975615489082436,0.06695040128643814,4.505191724121724,129
3361,114.15887748069748,22.33513941400292,42.586929689754136,4.328042629993323,14.661894964449333,0.6418208281199138,0.5389650662740072,1.0524827422517717,0.026476925069635563,5.572378996646766,176
3362,114.15887748069748,22.33513941400292,42.586929689754136,4.328042629993323,14.661894964449333,0.6418208281199138,0.5389650662740072,1.0524827422517717,0.026476925069635563,5.572378996646766,176
3363,114.1562880500048,22.31906466439077,41.55480832938688,9.143784151498574,15.595907571325343,0.16531120821175324,0.10785022413874247,0.8322554898549275,0.05525336208113705,2.9673898076436607,83
3364,114.1755440876482,22.37982357555557,20.9359213885139,25.60623206344305,16.14747440113741,0.16357234880036,0.18463882745481006,0.800803315405752,0.09343764361213236,2.8116263595281863,85
3365,114.19207020973305,22.374675461237068,29.12313376015764,19.285006639434066,17.513520155495744,0.3095006555076537,0.4008269891506288,0.8188833066118442,0.06621213463263784,2.2771571709857725,82
3366,114.15323366808867,22.243405579179072,32.83094237832463,18.364179212283464,13.88125388450872,0.2219053654888876,0.3304169848074321,1.0308278152366088,0.07307763193167892,3.0404860677282795,102
3367,114.00190717399346,22.263117381979608,18.540644963582356,11.80954869588216,55.73020935058594,0.057905832926432296,0.00104522705078125,0.4783871968587239,0.03504308064778646,1.1161689758300781,50
3368,114.00190717399346,22.263117381979608,18.540644963582356,11.80954869588216,55.73020935058594,0.057905832926432296,0.00104522705078125,0.4783871968587239,0.03504308064778646,1.1161689758300781,50
3369,114.00190717399346,22.263117381979608,18.540644963582356,11.80954869588216,55.73020935058594,0.057905832926432296,0.00104522705078125,0.4783871968587239,0.03504308064778646,1.1161689758300781,50
3370,114.1562880500048,22.31906466439077,41.55480832938688,9.143784151498574,15.595907571325343,0.16531120821175324,0.10785022413874247,0.8322554898549275,0.05525336208113705,2.9673898076436607,83
3371,114.18081666416336,22.378514105122083,35.21862665812174,13.313004688550066,20.257239803191155,0.14502227947276125,0.7299017137096774,1.0128901081700479,0.07331889162781417,4.099417040424961,155
3372,113.97857212666813,22.38107474393904,27.144654591878254,14.666638050810779,19.799910463766363,0.34258850907857447,0.1981875889420861,1.0772429384664801,0.10043569019058812,3.546449216769508,113
3373,113.9740981293476,22.386117238990515,39.80865081151327,11.966125637877223,16.989851231668506,0.3539499114541447,0.18445603987749884,0.8751817778045056,0.08239559098785999,3.233250683429194,136
3374,113.97803228232826,22.412463991345835,25.592505337372227,15.774614979901651,25.093343689685728,0.16001979197104146,0.12572731558732161,0.9841545986065402,0.10177457113591391,2.329764028233806,127
3375,114.17394220635572,22.36558240077492,29.530520498016738,12.364192950872727,20.34263051586387,0.257149154757276,0.09707698115596065,0.839217209521635,0.06043822677047164,1.9163311263661327,108
3376,114.12447283669762,22.368716585965664,37.45956145270022,15.747191037745834,12.887395186231316,0.3187420280912249,0.5339723561310814,1.0196726216516514,0.056994811188508555,3.6567886440740156,173
3377,114.13475385348116,22.50161189078788,17.312295019289866,26.81180582208149,24.797389736283293,0.12804505515233272,0.03906185344114142,0.659256196964932,0.036444367661988,2.5621193276960295,118
3378,114.14164903831804,22.48312831450575,22.671083581081238,28.69043214946774,12.899526862106141,0.22651636290493868,0.15983987361826796,0.8863020732329528,0.05696524401364878,3.4172642033714493,141
3379,114.10404090985992,22.356562609331668,30.75462977091471,16.194454261234828,19.748388301758535,0.25692241532461985,0.2175768216451009,1.042163372039795,0.11377306211562385,2.395721560432797,112
3380,113.96475953974765,22.37776110197772,20.272584853133537,22.561227984544708,21.393180862674868,0.11592105152161142,0.4199214097930164,0.9984047432255939,0.056524586871387505,2.2969505651210387,82
3381,114.23760603649372,22.27784788255023,34.21075896354718,11.975843892932613,24.796147535076248,0.2683666466319628,0.18784043479100457,0.6465292246328236,0.053154681362001244,1.6914432331667109,59
3382,114.22735948699751,22.30461816217162,29.43550310636822,10.8917908919485,22.51123863354064,0.27320962203176397,0.08485292133532073,1.1374423378392269,0.07038317228618421,4.424942418148643,95
3383,114.01713284798971,22.29452347429024,32.09526379903157,13.268073399861652,19.08232053120931,1.1029815673828125,0.6309890747070312,1.6273307800292969,0.08097330729166666,0.1235644022623698,10
3384,114.22223927027365,22.28694675520949,33.71567073102454,12.10384960322417,19.76306777283819,0.29676866161730864,0.20786847255026647,0.8152991302253666,0.09673535053736172,3.732289454733678,129
3385,114.13174859210002,22.26737745281829,27.18576261732313,22.62959882948134,20.042373233371308,0.2071075439453125,0.09523264567057292,0.5399051242404515,0.053637186686197914,2.9456223381890188,75
3386,114.12319930781808,22.271294156172186,20.940809983473557,27.94039921882825,22.948892911275227,0.2508383530836839,0.013652214637169471,0.6315634800837591,0.029497880202073317,1.8353969622880986,52
3387,114.22706530882095,22.32327546945384,25.0220236739492,19.853859412960894,17.722935405203966,0.27541183843845274,0.028738161412681023,0.70262110330225,0.06523364927710558,5.073136818118211,82
3388,114.1973724411804,22.379325598196218,33.48347869984833,15.406196545331907,15.293215657328513,0.37100882757277714,0.32428385137201665,1.0114322215209512,0.08060085031139108,3.938070933024089,182
3389,114.17535044632032,22.32671486908537,35.85000241923536,12.455181382660173,17.11764376387637,0.44373759516963257,0.18070688274850874,0.9659139519063835,0.06883300607360665,6.15656382677562,117
3390,114.2090817275184,22.332292567481907,34.39957964772413,12.23470369974772,19.322984228657266,0.16781609772629877,0.21819625725726033,0.8786722577573881,0.09701785155992468,3.7874099071518788,158
3391,114.22755644319211,22.312528909924545,51.22608892501347,9.278745121426052,8.33979504449027,0.7133705275399345,0.35014530969044516,1.6523996988932292,0.05684012458437965,4.413782604156978,168
3392,114.23801596248396,22.305643982112773,41.412691235935725,15.376966621222671,10.255343685842584,0.32787322998046875,0.011553622708462252,0.6517155335681272,0.04987874046804094,1.9330855643395153,101
3393,114.20026119334236,22.292116934415727,50.63053051630655,3.7004192670186367,13.4717698097229,0.9347880681355794,0.6344324747721354,1.4067424138387046,0.053142229715983064,6.274789651234945,200
3394,114.22257205506682,22.280818474925493,47.94313337582361,5.775119788151554,11.64568123809122,0.6352293137688495,0.6485331537003708,1.0271764758577728,0.05130152011625013,4.1463297699134385,191
3395,114.22230777363582,22.31870739484948,38.44401336617486,12.43410733147585,14.249806879312313,0.3458432725205045,0.18044304601924935,0.8322057035780445,0.0812602616667338,3.426247364057298,97
3396,114.18633800874488,22.324249246608154,41.745116121025504,9.12195482561665,13.802505821310065,0.4611681866389448,0.28198765170189644,1.2593630821474138,0.029260368757350472,5.040374109821935,124
3397,114.1912937124328,22.2832950564244,42.38714043069001,15.441177202307658,9.39047808808405,0.6870490917261096,0.32944963366129165,1.2694008684388682,0.10309372931094947,5.067081881414098,207
3398,114.19559006547652,22.33882379727972,37.80672812575929,14.129749401524496,13.90103518107291,0.5069858909984145,0.32080478455271255,1.2134224984444308,0.10352248780465012,4.864155010363321,209
3399,114.1597116471193,22.34038626760613,29.138761041909966,15.544257540883066,20.785679768041238,0.30790407633044053,0.09422105612214078,0.801089375289445,0.06488229810577079,4.079185236770263,97
3400,114.23801596248396,22.305643982112773,41.412691235935725,15.376966621222671,10.255343685842584,0.32787322998046875,0.011553622708462252,0.6517155335681272,0.04987874046804094,1.9330855643395153,101
3401,114.221357742474,22.3223289256888,38.6265061118386,11.97539170583089,13.584137685371168,0.33921328457919037,0.29690482399680396,0.5634416233409535,0.04624742450136126,3.517239021532463,44
3402,113.99613581391776,22.46524101240609,29.136388249857774,15.557948376902166,22.50052627373336,0.507008026693469,0.21575856431622373,0.7056800747214819,0.1048423790857428,1.8124645744157357,107
3403,114.13807486732016,22.33655357432181,35.93249274689017,11.976920130954976,20.7195149270462,0.39829852897372453,0.14070461483063437,0.5567701889087466,0.06612759192013046,4.195035236938872,103
3404,114.18168878406988,22.326994751217587,40.27879072560205,10.67707902855343,14.391735527250503,0.24482508500417074,0.15762646993001303,0.9441028038660685,0.08601877424452041,4.804588357607524,96
3405,114.19370884132422,22.274661532318227,37.74814469473703,18.374040240333194,15.896423430669877,0.20841053553989955,0.05247388567243304,0.5983311789376395,0.03906431652250744,2.676704497564407,70
3406,114.12502836314484,22.493933222437025,16.28317577848709,23.218185911453308,22.4949919147256,0.1340367666487831,0.003150657371238426,0.8694684063946759,0.09519082528573494,2.091092631650069,81
3407,114.17311669563053,22.37430588392496,34.04012335107681,18.147459435970227,18.661575790838146,0.1852694978105261,0.15149420880256814,1.0114247071827556,0.054035457313483484,1.4698116491872366,94
3408,113.9694292687413,22.40447025970145,29.527025841493202,14.745567202301368,19.11620944405029,0.2690707810506458,0.3133684196728188,0.7356144437853923,0.08352544217035009,3.214861935950499,149
3409,114.164992898639,22.33547410746839,34.72120578472431,12.591191098900604,16.88702221949216,0.41140586222678505,0.2961346226879674,0.8412733376875223,0.040267879127437234,5.265078585372012,117
3410,114.26977288526165,22.382063548555447,33.55628740509099,18.318406690204725,20.726049022310097,0.6021054180817493,0.6800548286195014,1.4311124311637473,0.07779734909154808,3.9850459736623574,157
3411,114.18147501553187,22.32017666217421,40.3476037979126,12.438096682230633,15.26840877532959,0.27743403116861975,0.061122894287109375,1.1231660842895508,0.04499626159667969,3.1324297587076817,100
3412,114.228905211594,22.31173378965156,45.93437559464399,8.026528124715767,13.243301709493,0.33059868158078665,0.49400610082289753,1.240245267456653,0.06567076140759037,4.232420173345828,136
3413,114.2481080575265,22.265155558921307,37.59019211226819,10.70672857995127,12.996734824835087,0.3683031774034687,0.2047118018655216,0.7139446688633337,0.08602282580207377,4.6820425519756235,136
3414,114.22525853980548,22.40344015404095,24.692687121304605,37.7836646455707,9.01099407311642,0.8751955899325284,0.2046324990012429,1.7449061075846357,0.04364360462535511,1.0452732895359846,22
3415,114.1860465302172,22.31984233479924,51.430874317884445,5.168598890304565,9.167387833197912,0.5604594945907593,0.5143776535987854,0.957659383614858,0.037097930908203125,5.74309304356575,128
3416,114.01401657623,22.30394831386236,,,,,,,,,0
3417,114.21023037765266,22.38661108717332,30.144359209598637,16.707496765332344,18.97670458524655,0.2583956107115134,0.08303202115572415,0.8241476156772711,0.06218323340782753,1.950639027815599,104
3418,114.2376059920647,22.30018964818546,38.1126036788478,11.564863089359168,14.07566330649636,0.26026407877604163,0.3110348094593395,1.1206881205240886,0.07129149003462358,4.863388466112541,110
3419,113.995312044131,22.37395126831278,17.24285333334994,20.93359564437347,31.23845859449737,0.10807725037036298,0.06089502451371173,0.7569783398894226,0.1056826844507334,1.3857779859685573,98
3420,114.13910718266916,22.287933062966776,49.90054202336137,5.579161131253807,13.93047994182956,0.588180172827936,0.436946653550671,1.3140359232502599,0.06520145682878391,4.272895346405686,248
3421,114.1734492833334,22.27242277460941,46.011870925189456,20.971213167870953,6.539286228648403,0.7429510529278316,0.34039146021792754,1.2400158664636443,0.0289894684016356,4.815439871180128,114
3422,114.2103368160687,22.38503072421627,25.255810883310104,17.251466380225285,22.702859507666698,0.1484986808564928,0.046859184900919594,0.8168154292636447,0.050896406173706055,2.3321343792809386,96
3423,114.19459219106926,22.277731856410696,48.36840240322814,7.82708894638788,15.5870246238449,0.3038665875285661,0.33247876329486875,1.0800141055567736,0.017070121505633504,5.380647036494041,98
3424,113.9504932980381,22.294986050654817,18.76993030309677,20.566649734973907,24.351640045642853,0.04507601261138915,0.3215581178665161,0.5944535136222839,0.14809370040893555,0.6928935647010803,64
3425,114.2515652394058,22.307670191558657,38.311804717916864,11.3357144220434,12.203165564206568,0.13237723422916023,0.178722343822517,0.7275965347541833,0.0537173582775758,1.4700278984044646,101
3426,114.10616642947748,22.377089960553345,42.86487776823718,13.8838529586792,10.869776118885387,0.24014193602282594,0.23062807140928326,1.0139470148568202,0.06330759838373974,2.8517055993128304,132
3427,114.2103368160687,22.38503072421627,25.255810883310104,17.251466380225285,22.702859507666698,0.1484986808564928,0.046859184900919594,0.8168154292636447,0.050896406173706055,2.3321343792809386,96
3428,114.17927163749984,22.31380110874222,39.73635350814973,11.175734346563164,13.563957358851578,0.2876288963086677,0.11233801793570469,0.7841510002059167,0.07714021085488676,3.60724829664134,132
3429,114.2444716223502,22.43002802723216,35.65414903801439,16.688072637760598,18.945853264777217,0.1113517817123469,0.22887554797497425,0.8352028144584908,0.07168626610612694,0.9757167690402859,91
3430,114.17927163749984,22.31380110874222,39.73635350814973,11.175734346563164,13.563957358851578,0.2876288963086677,0.11233801793570469,0.7841510002059167,0.07714021085488676,3.60724829664134,132
3431,114.12922186514758,22.279522946809287,34.65366276827726,17.713584899902344,21.04819557883523,0.21506829695268112,0.05988381125710227,0.871681733564897,0.09236364653616241,2.545994267319188,110
3432,114.12922186514758,22.279522946809287,34.65366276827726,17.713584899902344,21.04819557883523,0.21506829695268112,0.05988381125710227,0.871681733564897,0.09236364653616241,2.545994267319188,110
3433,114.13393556554855,22.28627917383093,46.45820267406511,7.394735901444046,17.810982980845885,0.6217270721623926,0.4798653685016397,1.2811618086732464,0.08460827815679857,3.651383335207715,216
3434,114.13393556554855,22.28627917383093,46.45820267406511,7.394735901444046,17.810982980845885,0.6217270721623926,0.4798653685016397,1.2811618086732464,0.08460827815679857,3.651383335207715,216
3435,114.22965869664532,22.276505097546337,44.33721018772499,11.613980648564358,12.286565818038643,0.7419889113482308,0.7246713077320772,1.067975175146963,0.08648853675991881,4.586568346210555,170
3436,114.00219271730616,22.45445634643241,22.617941604548204,17.425063987831017,19.121008621149766,0.34316834949311753,0.0316619873046875,0.7328553633256392,0.09802203157763462,3.259856153876234,77
3437,114.2103368160687,22.38503072421627,25.255810883310104,17.251466380225285,22.702859507666698,0.1484986808564928,0.046859184900919594,0.8168154292636447,0.050896406173706055,2.3321343792809386,96
3438,114.16826556726532,22.31282559607726,46.34841921353581,4.5937611599161166,15.86769169027155,0.569424605128741,0.5092134379377269,1.2451437988666572,0.07933245764838326,5.421018359637019,264
3439,114.16826556726532,22.31282559607726,46.34841921353581,4.5937611599161166,15.86769169027155,0.569424605128741,0.5092134379377269,1.2451437988666572,0.07933245764838326,5.421018359637019,264
3440,114.17798091750716,22.32872869226869,32.612466337668955,11.959823209847977,22.68771959181449,0.17863007920298413,0.050751130972335586,0.9754451353158524,0.10354293519584692,5.838030250511359,134
3441,114.17798091750716,22.32872869226869,32.612466337668955,11.959823209847977,22.68771959181449,0.17863007920298413,0.050751130972335586,0.9754451353158524,0.10354293519584692,5.838030250511359,134
3442,114.1263306860167,22.49366272396156,20.154959080266018,15.489912500568463,24.257727697783828,0.15157765033198337,0.0037529889275045958,0.83158717435949,0.11129472769942936,2.8524604498171335,68
3443,114.12403697712556,22.494303146921688,14.982383619479046,25.15771602227436,23.002175586979565,0.13932600253965796,0.00034425316787347563,0.8435187301015467,0.10048315777042047,1.618494250910069,82
3444,114.2515652394058,22.307670191558657,38.311804717916864,11.3357144220434,12.203165564206568,0.13237723422916023,0.178722343822517,0.7275965347541833,0.0537173582775758,1.4700278984044646,101
3445,114.2515652394058,22.307670191558657,38.311804717916864,11.3357144220434,12.203165564206568,0.13237723422916023,0.178722343822517,0.7275965347541833,0.0537173582775758,1.4700278984044646,101
3446,114.26310968266556,22.315837151188443,37.13977005746629,13.524997896618313,17.018989280418115,0.21087107834992586,0.15810992982652453,0.7930640821103696,0.04861222373114692,2.644911518803349,144
3447,114.18480425618178,22.32149499917581,42.218997261740945,12.89542309649579,11.980258644401253,0.3305187473049412,0.10928116835557021,0.9984520090606822,0.04322250168044846,4.266509762058011,77
3448,114.18480425618178,22.32149499917581,42.218997261740945,12.89542309649579,11.980258644401253,0.3305187473049412,0.10928116835557021,0.9984520090606822,0.04322250168044846,4.266509762058011,77
3449,114.1924111321312,22.384374215313947,32.650576767168545,14.665869035218892,19.649958819673774,0.6580490815012079,0.22485883612381785,1.392037408393726,0.09855366589730245,3.922029963710852,152
3450,114.1924111321312,22.384374215313947,32.650576767168545,14.665869035218892,19.649958819673774,0.6580490815012079,0.22485883612381785,1.392037408393726,0.09855366589730245,3.922029963710852,152
3451,114.16862648185958,22.447497861517768,38.20183111951241,16.956058950985177,12.625767078274995,0.7113709792592168,0.7493456672219669,1.5393007814494613,0.06773855171951593,5.3794531728707105,255
3452,113.98024006952818,22.40337302154608,28.835909404451883,19.606670803493923,15.378832438635449,0.5061976114908854,0.5889220464797247,1.227168431357732,0.08775499131944443,3.179838089715867,105
3453,113.98024006952818,22.40337302154608,28.835909404451883,19.606670803493923,15.378832438635449,0.5061976114908854,0.5889220464797247,1.227168431357732,0.08775499131944443,3.179838089715867,105
3454,114.19231489766372,22.30435437423868,45.67254949499059,6.55744164078324,13.11717598526566,0.6016565252233435,0.253548092312283,1.2722001252350985,0.10442663122106483,4.288229059290003,90
3455,114.19231489766372,22.30435437423868,45.67254949499059,6.55744164078324,13.11717598526566,0.6016565252233435,0.253548092312283,1.2722001252350985,0.10442663122106483,4.288229059290003,90
3456,114.19231489766372,22.30435437423868,45.67254949499059,6.55744164078324,13.11717598526566,0.6016565252233435,0.253548092312283,1.2722001252350985,0.10442663122106483,4.288229059290003,90
3457,114.14202579217472,22.49201431579883,27.73402032398042,22.782013302757623,15.966619991120837,0.207607178460984,0.1800823211669922,0.87990783509754,0.07919084458124069,3.367016201927549,140
3458,114.10873398768344,22.36860236302392,38.45716863438703,8.466662254886353,18.806558691936992,0.35424412160679913,0.19387120785920517,1.3372424028921817,0.09510814279749774,2.7076281671938687,115
3459,114.10873398768344,22.36860236302392,38.45716863438703,8.466662254886353,18.806558691936992,0.35424412160679913,0.19387120785920517,1.3372424028921817,0.09510814279749774,2.7076281671938687,115
3460,114.16824535653082,22.325901895693026,53.15530549409498,5.396494918203881,9.193875311632144,0.8845457145062173,0.9189931815547403,1.2735660079073936,0.04453600406060213,5.719925058137301,271
3461,114.27385118856174,22.29785115682398,21.596491778338393,12.588357168530662,24.78804310793599,0.15479244252361316,0.06234910753038195,0.8655184791201637,0.06557444416025959,6.498107708320415,63
3462,114.149594437164,22.250954653553386,40.932986415024345,13.200783898644413,11.695570979557983,0.5002522299475703,0.29789877276048593,1.1347236362754878,0.0641572559978945,5.032734837092406,94
3463,114.16807996497148,22.332033653204736,43.68289522483643,9.464894605604982,13.724021314476953,0.5284017840362605,0.3248267410868439,0.9874180535585184,0.08792385431503942,3.9045658778968653,181
3464,114.10686238128142,22.34455321520607,27.757169127054638,13.79196422616231,17.505557594430407,0.1114599483529317,0.04928234926204091,0.6578052166810969,0.12101078361170398,4.346847206456554,97
3465,114.10686238128142,22.34455321520607,27.757169127054638,13.79196422616231,17.505557594430407,0.1114599483529317,0.04928234926204091,0.6578052166810969,0.12101078361170398,4.346847206456554,97
3466,114.10686238128142,22.34455321520607,27.757169127054638,13.79196422616231,17.505557594430407,0.1114599483529317,0.04928234926204091,0.6578052166810969,0.12101078361170398,4.346847206456554,97
3467,114.17140462603383,22.455336407461733,26.9637273639393,23.648242707077582,13.974318587989139,0.33082596993332275,0.11130276669345593,0.9530943546568948,0.08579661781517892,2.940530792187656,209
3468,114.17232232321771,22.31746748751945,50.91866461435954,5.368424574534098,8.660084565480552,1.0240480105082193,0.2907114028930664,1.5796771049499512,0.057630221048990876,5.551081498463947,200
3469,114.20531649888471,22.28954239754417,45.75871914481195,14.368124284606049,10.868035192074982,0.4515981904550451,0.2186733743418818,0.9794868708808641,0.04929666933806046,3.788004981146918,138
3470,114.2137790235444,22.21834292253577,26.262361995298853,22.408134447605125,19.208800190626974,0.8549372355143229,0.4454972366692642,1.479174874045632,0.08006754146280513,3.4899759774256234,99
3471,114.23659554089028,22.320246989149386,32.7216675167992,7.666826399545821,20.56927998860677,0.1462682088216146,0.10777428036644346,0.7963071550641743,0.060661558120969745,4.073516906253875,105
3472,114.23659554089028,22.320246989149386,32.7216675167992,7.666826399545821,20.56927998860677,0.1462682088216146,0.10777428036644346,0.7963071550641743,0.060661558120969745,4.073516906253875,105
3473,114.23659554089028,22.320246989149386,32.7216675167992,7.666826399545821,20.56927998860677,0.1462682088216146,0.10777428036644346,0.7963071550641743,0.060661558120969745,4.073516906253875,105
3474,114.19985362333226,22.292126023373257,51.54844667545702,3.4668328690570913,13.267600851714926,0.9736025774920428,0.6678138880923101,1.50401419853197,0.053883103466538525,5.933988157403532,189
3475,114.19674471502285,22.33515724619476,47.49039664120488,7.543917641787715,12.24803332536005,0.608610238140894,0.38414451918299536,1.3315190509585073,0.06749594581593708,5.998491500875085,247
3476,114.1905592634771,22.31415273938364,44.284666120019644,6.217375771091903,13.073584824870947,0.41964059744039045,0.5771479144445829,1.4251947966591405,0.0706341249722961,7.40870166895801,141
3477,114.1905592634771,22.31415273938364,44.284666120019644,6.217375771091903,13.073584824870947,0.41964059744039045,0.5771479144445829,1.4251947966591405,0.0706341249722961,7.40870166895801,141
3478,114.13211502736664,22.36587425788964,43.655679799333406,11.817814830989274,9.821730424583212,0.3897550236826708,0.32189143860893416,0.9265368497824367,0.03439625607261175,5.546611472021175,158
3479,114.1652549950344,22.335410912367955,36.3132748552548,11.752496996233543,16.350443388826104,0.4446560336697486,0.3204084211780179,0.8858562797628422,0.035901223459551414,5.817495366578461,124
3480,114.13668900621914,22.260696064639543,50.75855315486088,18.589673062417074,15.070421283255145,0.3274730489223818,0.48776658778452164,1.8091328536407858,0.07009989098657536,0.9612304751883075,158
3481,114.25764819601132,22.30389248264927,28.111326505267428,7.444091448708186,24.439088125077504,0.22549969809395926,0.0835282461983817,1.278860228402274,0.14818812173510357,4.971263143751356,84
3482,114.25764819601132,22.30389248264927,28.111326505267428,7.444091448708186,24.439088125077504,0.22549969809395926,0.0835282461983817,1.278860228402274,0.14818812173510357,4.971263143751356,84
3483,114.25764819601132,22.30389248264927,28.111326505267428,7.444091448708186,24.439088125077504,0.22549969809395926,0.0835282461983817,1.278860228402274,0.14818812173510357,4.971263143751356,84
3484,114.15587817138768,22.33399217066417,34.481068338666645,6.977483204432896,21.50437582106817,0.4694974990118117,0.16896792820521764,0.8482726414998373,0.05438032604399182,4.452321415855771,140
3485,114.15571660224656,22.50386457040357,28.683141072591148,21.390268802642822,24.679215749104817,0.26097218195597327,0.04817962646484375,0.9199261665344238,0.07680416107177734,3.008057276407878,40
3486,114.26931603575056,22.38135943000619,35.35082426002558,17.852522715104286,21.2106942558746,0.7233038794794243,0.5744183949715227,1.5310152543248605,0.06803242708567522,3.6515622401980754,139
3487,114.26931603575056,22.38135943000619,35.35082426002558,17.852522715104286,21.2106942558746,0.7233038794794243,0.5744183949715227,1.5310152543248605,0.06803242708567522,3.6515622401980754,139
3488,114.03499420399444,22.44236967357129,41.07342068265493,8.556643189442669,15.927704574897524,0.5301051077673999,0.3734382615187093,1.593203873163717,0.07382185099511174,3.9634390250264593,179
3489,114.03499420399444,22.44236967357129,41.07342068265493,8.556643189442669,15.927704574897524,0.5301051077673999,0.3734382615187093,1.593203873163717,0.07382185099511174,3.9634390250264593,179
3490,114.23681862888056,22.31989471373884,32.46167772515887,7.940351861154931,20.815857455261753,0.13873244282866476,0.0971525143354367,0.9415588487587082,0.05653576973157051,3.781118691816629,117
3491,114.16934241166342,22.32159435886508,56.77594125709573,2.387541902303445,7.432478434405241,1.5134996921607498,0.830537112102649,1.7705385867980252,0.06436218598663619,5.96460739520822,317
3492,114.16934241166342,22.32159435886508,56.77594125709573,2.387541902303445,7.432478434405241,1.5134996921607498,0.830537112102649,1.7705385867980252,0.06436218598663619,5.96460739520822,317
3493,114.19249918956076,22.303442264783275,45.869717638716736,5.211770636403663,14.06479696942191,0.6619424901456914,0.2911127530611478,1.0780012505686183,0.09911895817161624,4.011703556419438,78
3494,114.19249918956076,22.303442264783275,45.869717638716736,5.211770636403663,14.06479696942191,0.6619424901456914,0.2911127530611478,1.0780012505686183,0.09911895817161624,4.011703556419438,78
3495,114.13471183002784,22.28637871400297,47.716368897474624,6.9801725820805816,16.835086394903584,0.6292759493037311,0.4844685219733765,1.35232635655586,0.08304055813139519,3.6928549628693794,226
3496,114.15552215583476,22.50432509459182,27.142020728853016,19.253715541627674,29.586538341310288,0.22206240230136445,0.05582571029663086,0.8828739325205485,0.07391770680745442,2.737116813659668,48
3497,114.17453589688697,22.278048884417583,54.95499130947138,6.739462019311576,5.2871292712641695,1.6714018154767605,0.8318588364877472,1.7998800298487179,0.0750799324517676,6.411489474228005,306
3498,114.15250114405248,22.32822115773374,28.98406085804996,8.78317172710712,25.624559883378513,0.12311650137616018,0.1133282979329427,0.6237604679205478,0.06675210773435412,3.0783744958730845,156
3499,114.15250114405248,22.32822115773374,28.98406085804996,8.78317172710712,25.624559883378513,0.12311650137616018,0.1133282979329427,0.6237604679205478,0.06675210773435412,3.0783744958730845,156
3500,114.15250114405248,22.32822115773374,28.98406085804996,8.78317172710712,25.624559883378513,0.12311650137616018,0.1133282979329427,0.6237604679205478,0.06675210773435412,3.0783744958730845,156
3501,114.19015972951856,22.39934700836211,39.68814877800016,14.383858551472535,11.791280599740835,0.270694341415014,0.1702046656346583,0.9428981459621109,0.02842787857894059,6.281969398805946,91
3502,114.19015972951856,22.39934700836211,39.68814877800016,14.383858551472535,11.791280599740835,0.270694341415014,0.1702046656346583,0.9428981459621109,0.02842787857894059,6.281969398805946,91
3503,114.19015972951856,22.39934700836211,39.68814877800016,14.383858551472535,11.791280599740835,0.270694341415014,0.1702046656346583,0.9428981459621109,0.02842787857894059,6.281969398805946,91
3504,113.9322515257127,22.277006807477743,11.486893369440446,31.268707492895288,28.90260177746154,0.07401307423909506,0.012535797922234786,0.8415807757461281,0.03170548823841831,1.145466586999726,76
3505,113.9322515257127,22.277006807477743,11.486893369440446,31.268707492895288,28.90260177746154,0.07401307423909506,0.012535797922234786,0.8415807757461281,0.03170548823841831,1.145466586999726,76
3506,114.10884562752392,22.3786353281557,41.35416502593666,14.495274841144523,9.014937698200184,0.4428284142607002,0.05475628760553176,1.1035247515606625,0.06193243047242523,3.0783089258337535,62
3507,114.10884562752392,22.3786353281557,41.35416502593666,14.495274841144523,9.014937698200184,0.4428284142607002,0.05475628760553176,1.1035247515606625,0.06193243047242523,3.0783089258337535,62
3508,114.10884562752392,22.3786353281557,41.35416502593666,14.495274841144523,9.014937698200184,0.4428284142607002,0.05475628760553176,1.1035247515606625,0.06193243047242523,3.0783089258337535,62
3509,114.25826808376335,22.30177901070973,30.44534683227539,8.686689800686308,25.319865544637043,0.5628988477918837,0.072784423828125,1.6224808163113065,0.3976186116536458,4.170847998725043,30
3510,114.25826808376335,22.30177901070973,30.44534683227539,8.686689800686308,25.319865544637043,0.5628988477918837,0.072784423828125,1.6224808163113065,0.3976186116536458,4.170847998725043,30
3511,114.25826808376335,22.30177901070973,30.44534683227539,8.686689800686308,25.319865544637043,0.5628988477918837,0.072784423828125,1.6224808163113065,0.3976186116536458,4.170847998725043,30
3512,114.1552552110866,22.28196676439636,62.91232047722354,3.00168734544899,4.122137995491251,1.794660021687112,0.7226919430738304,1.8308916147689376,0.03383435701069079,6.235191947535465,285
3513,114.1552552110866,22.28196676439636,62.91232047722354,3.00168734544899,4.122137995491251,1.794660021687112,0.7226919430738304,1.8308916147689376,0.03383435701069079,6.235191947535465,285
3514,114.01653509956203,22.308104890182875,22.74086316426595,9.075625737508137,25.964927673339844,0.6255404154459636,0.24501800537109375,1.423823038736979,0.3877830505371094,0.574200948079427,10
3515,114.26315985030789,22.30271566460649,28.265492121378582,12.526322823983651,27.817318880999533,0.716949392248083,0.3217230902777778,2.205088933308919,0.2819008297390408,2.0389387342664933,90
3516,114.26315985030789,22.30271566460649,28.265492121378582,12.526322823983651,27.817318880999533,0.716949392248083,0.3217230902777778,2.205088933308919,0.2819008297390408,2.0389387342664933,90
3517,114.2705976854477,22.294096334886085,36.753127286567796,14.152270573078706,16.715504356541818,0.16636721855771225,0.23221716416620575,1.1641226686910895,0.12809449592522815,2.0471738854692396,113
3518,113.933347740399,22.27713488297399,12.519574165344238,29.836939928824442,29.191388581928454,0.06565252939860025,0.04363561931409334,0.7902362890410842,0.03693563896313048,1.2796335053025631,76
3519,113.933347740399,22.27713488297399,12.519574165344238,29.836939928824442,29.191388581928454,0.06565252939860025,0.04363561931409334,0.7902362890410842,0.03693563896313048,1.2796335053025631,76
3520,113.933347740399,22.27713488297399,12.519574165344238,29.836939928824442,29.191388581928454,0.06565252939860025,0.04363561931409334,0.7902362890410842,0.03693563896313048,1.2796335053025631,76
3521,114.1570226929599,22.340376930599657,42.17773500036021,6.9745777734641825,15.24436643214825,0.5886932539809597,0.3911190345639088,0.9406342532465366,0.049571782513394384,4.903769362819651,122
3522,114.1570226929599,22.340376930599657,42.17773500036021,6.9745777734641825,15.24436643214825,0.5886932539809597,0.3911190345639088,0.9406342532465366,0.049571782513394384,4.903769362819651,122
3523,114.1570226929599,22.340376930599657,42.17773500036021,6.9745777734641825,15.24436643214825,0.5886932539809597,0.3911190345639088,0.9406342532465366,0.049571782513394384,4.903769362819651,122
3524,114.2705976854477,22.294096334886085,36.753127286567796,14.152270573078706,16.715504356541818,0.16636721855771225,0.23221716416620575,1.1641226686910895,0.12809449592522815,2.0471738854692396,113
3525,114.15234500027049,22.333025403484257,38.263079921404525,6.36696477731069,19.424099922180172,0.25138517220815026,0.24539907773335776,0.9054867426554363,0.07114867369333903,3.8258492946624756,160
3526,114.15234500027049,22.333025403484257,38.263079921404525,6.36696477731069,19.424099922180172,0.25138517220815026,0.24539907773335776,0.9054867426554363,0.07114867369333903,3.8258492946624756,160
3527,114.05511483388447,22.47353203459537,11.955633560816448,30.400743087132774,24.650160471598305,0.08448123931884766,0.01010894775390625,0.8696583906809489,0.10728875796000162,2.2348153591156006,80
3528,114.05511483388447,22.47353203459537,11.955633560816448,30.400743087132774,24.650160471598305,0.08448123931884766,0.01010894775390625,0.8696583906809489,0.10728875796000162,2.2348153591156006,80
3529,114.05511483388447,22.47353203459537,11.955633560816448,30.400743087132774,24.650160471598305,0.08448123931884766,0.01010894775390625,0.8696583906809489,0.10728875796000162,2.2348153591156006,80
3530,114.1613238677999,22.33325227582112,44.84648529771735,4.916032987531358,11.69574697604354,1.0919499355669007,0.5821893768576843,1.3773312327333356,0.033909529707610714,6.527029074091354,191
3531,114.1613238677999,22.33325227582112,44.84648529771735,4.916032987531358,11.69574697604354,1.0919499355669007,0.5821893768576843,1.3773312327333356,0.033909529707610714,6.527029074091354,191
3532,114.25853022732451,22.301977552282377,26.773174136292702,10.204238517611635,27.01911832772049,0.654898437799192,0.07649589987362132,1.565399356916839,0.3371500501445695,4.676182129803826,34
3533,114.25853022732451,22.301977552282377,26.773174136292702,10.204238517611635,27.01911832772049,0.654898437799192,0.07649589987362132,1.565399356916839,0.3371500501445695,4.676182129803826,34
3534,114.25853022732451,22.301977552282377,26.773174136292702,10.204238517611635,27.01911832772049,0.654898437799192,0.07649589987362132,1.565399356916839,0.3371500501445695,4.676182129803826,34
3535,114.26771446691976,22.29244537251328,37.69506307748648,13.463677300347221,16.83584930550339,0.22356082231570512,0.15725355881911057,1.0194941463633482,0.12600238506610578,2.050588069817959,39
3536,114.16536178912028,22.33521224727583,37.28744473623399,10.698753565698121,15.932014332481879,0.562474739492236,0.34187943188112174,0.9021042591303736,0.03627093870248368,5.641499799282397,134
3537,114.17424405963266,22.31849701749965,46.77720997068618,10.016559726662106,9.901136987739138,0.6295692589547898,0.31515691015455455,1.2734077043003504,0.042848454581366636,5.3856622841623105,192
3538,114.17424405963266,22.31849701749965,46.77720997068618,10.016559726662106,9.901136987739138,0.6295692589547898,0.31515691015455455,1.2734077043003504,0.042848454581366636,5.3856622841623105,192
3539,114.17424405963266,22.31849701749965,46.77720997068618,10.016559726662106,9.901136987739138,0.6295692589547898,0.31515691015455455,1.2734077043003504,0.042848454581366636,5.3856622841623105,192
3540,114.16214894333982,22.333378780770992,43.569835276711885,5.895914041143021,12.139546891989715,1.0479179768454137,0.6275992534963665,1.3425906915315158,0.03479496554762489,6.304065344845437,191
3541,114.15680360662368,22.4467472995016,16.77041631756407,29.57008005392672,21.463193315448184,0.11192957560221353,0.2702809343434343,0.7728022758406823,0.04734511327261877,3.2871443815905637,66
3542,114.2215573395967,22.30904486288032,45.50116768589727,5.32854817531727,15.148529741499159,0.46689841482374406,0.2550986078050401,1.3636675145890977,0.07299008192839446,5.5605619042008,144
3543,114.2215573395967,22.30904486288032,45.50116768589727,5.32854817531727,15.148529741499159,0.46689841482374406,0.2550986078050401,1.3636675145890977,0.07299008192839446,5.5605619042008,144
3544,114.2569004872605,22.30313428250036,30.956788648638813,6.655158076369971,23.87028911657501,0.2033551534016927,0.053666767321134866,1.169779844451369,0.18849582002874007,4.803046845553214,76
3545,114.2569004872605,22.30313428250036,30.956788648638813,6.655158076369971,23.87028911657501,0.2033551534016927,0.053666767321134866,1.169779844451369,0.18849582002874007,4.803046845553214,76
3546,114.22838371411122,22.424281551917733,37.11981373153431,13.937462776970806,15.855981291626854,0.3875771300684062,0.39255155933846675,1.3227403306846708,0.10384095372627679,2.6557759987078695,139
3547,114.22838371411122,22.424281551917733,37.11981373153431,13.937462776970806,15.855981291626854,0.3875771300684062,0.39255155933846675,1.3227403306846708,0.10384095372627679,2.6557759987078695,139
3548,113.97725400096654,22.39976620787752,35.00003893188979,14.240322387758106,17.572221638243875,0.6604638119293339,0.3108403319684566,1.378387286339277,0.09172620106135866,3.4256315035093956,162
3549,114.18720191453389,22.324854243082967,40.87078216610207,8.537405807868684,15.832778334393119,0.45762951091184456,0.3254737782164033,1.3211011437597473,0.053001662432137185,4.842677179253933,177
3550,114.1614024557419,22.324772565415973,47.14371797939142,8.493816976745924,11.25384233891964,0.4343109826246897,0.463017076253891,1.1121802031993866,0.06980473796526591,4.801387215654055,256
3551,114.1614024557419,22.324772565415973,47.14371797939142,8.493816976745924,11.25384233891964,0.4343109826246897,0.463017076253891,1.1121802031993866,0.06980473796526591,4.801387215654055,256
3552,114.1614024557419,22.324772565415973,47.14371797939142,8.493816976745924,11.25384233891964,0.4343109826246897,0.463017076253891,1.1121802031993866,0.06980473796526591,4.801387215654055,256
3553,114.12874599719076,22.280723881120984,44.130378110068186,12.047900472368513,17.009408417202177,0.43836775280180434,0.565187136332194,1.1610192911965507,0.03894851321265811,3.6132934547605973,112
3554,114.12874599719076,22.280723881120984,44.130378110068186,12.047900472368513,17.009408417202177,0.43836775280180434,0.565187136332194,1.1610192911965507,0.03894851321265811,3.6132934547605973,112
3555,114.13471183002784,22.28637871400297,47.716368897474624,6.9801725820805816,16.835086394903584,0.6292759493037311,0.4844685219733765,1.35232635655586,0.08304055813139519,3.6928549628693794,226
3556,113.97193317041749,22.3990371153233,41.01600786924861,10.389612705702552,14.87633367254549,1.0120903670912769,0.22188222633217866,1.7283557595946752,0.07708847397778269,4.443628083235063,159
3557,113.97193317041749,22.3990371153233,41.01600786924861,10.389612705702552,14.87633367254549,1.0120903670912769,0.22188222633217866,1.7283557595946752,0.07708847397778269,4.443628083235063,159
3558,114.27249914456088,22.29326440857973,30.018397290321072,14.27077365787116,20.91211218251647,0.12165516516556439,0.2314501469678218,0.7988611857096355,0.13321287954601124,2.911896280723043,101
3559,114.27249914456088,22.29326440857973,30.018397290321072,14.27077365787116,20.91211218251647,0.12165516516556439,0.2314501469678218,0.7988611857096355,0.13321287954601124,2.911896280723043,101
3560,114.15851804247345,22.337261559004684,45.55808621891513,4.897019926938987,11.542171979472585,0.891284060884276,0.6314553773606201,0.9953215754525215,0.035286413782124396,5.955806323791653,137
3561,114.26771446691976,22.29244537251328,37.69506307748648,13.463677300347221,16.83584930550339,0.22356082231570512,0.15725355881911057,1.0194941463633482,0.12600238506610578,2.050588069817959,39
3562,114.264645955671,22.304746753044675,29.885856737799973,14.404519399007162,26.816144553563927,0.8293914111284373,0.301381593109459,2.238253111480385,0.21835894567564823,0.9275272328366515,93
3563,114.264645955671,22.304746753044675,29.885856737799973,14.404519399007162,26.816144553563927,0.8293914111284373,0.301381593109459,2.238253111480385,0.21835894567564823,0.9275272328366515,93
3564,114.264645955671,22.304746753044675,29.885856737799973,14.404519399007162,26.816144553563927,0.8293914111284373,0.301381593109459,2.238253111480385,0.21835894567564823,0.9275272328366515,93
