school_id,school_lon,school_lat,busStation_density_r300,crossing_density_r300,shop_density_r300,street_lamp_density_r300,traffic_signals_density_r300,speed_camera_density_r300,road_r300,person_r300,landscan_day_r300,landscan_night_r300
0,-74.01142,40.648959,0.0,6.305843089461677e-44,0.0,0.03882794454693794,0.0,0.0,5.429718971252441,154.9455108642578,138.82418823242188,171.69273376464844
1,-73.951575,40.656423,16.750734329223633,16.16588592529297,4.845526218414307,2.8708597820407533e-39,6.298776604463097e-13,0.0,5.426706790924072,139.1916961669922,109.641845703125,176.02577209472656
2,-73.955219,40.682311,32.68153381347656,17.35038948059082,55.78804397583008,188.2543487548828,18.88916015625,0.0,5.304227828979492,104.16558074951172,79.15987396240234,129.80210876464844
3,-73.879276,40.6585,37.85853958129883,19.583093643188477,29.766653060913086,1.3272103034644989e-11,28.528196334838867,0.0,5.256872653961182,78.18756866455078,48.950523376464844,106.87532043457031
4,-73.92197,40.685241,5.780045986175537,3.2969563190654583e-10,9.294631037048973e-13,12.35257339477539,1.8162604570388794,0.0,5.147627353668213,114.76549530029297,78.21678924560547,151.82394409179688
5,-73.956279,40.648973,44.63457107543945,5.005444526672363,142.15151977539062,3.0660147814706717e-13,30.277023315429688,0.0,5.287456512451172,117.7385482788086,188.16690063476562,136.7854461669922
6,-73.872983,40.689213,37.52274703979492,9.969063758850098,1.395639181137085,7.606380109104194e-11,14.637456893920898,0.0,5.5918779373168945,127.65530395507812,75.79692077636719,156.28890991210938
7,-73.992841,40.700709,61.67798614501953,9.29602336883545,223.40884399414062,259.791015625,86.58724212646484,0.0,6.0569915771484375,156.06466674804688,124.1148681640625,176.15615844726562
8,-73.966333,40.678554,8.958868369379758e-12,6.001921182274828e-11,3.332504272535175e-10,2.9633143938667672e-08,4.0197058463926905e-13,0.0,5.164319038391113,111.6831283569336,99.29058837890625,124.51225280761719
9,-73.985946,40.660912,37.59615707397461,31.15891456604004,152.8874969482422,1.6024261084712776e-10,32.69160461425781,0.0,5.687557697296143,117.00424194335938,142.98622131347656,118.22723388671875
10,-73.96589,40.685896,8.0762488710584e-12,10.616744041442871,3.1489022500608144e-10,148.85009765625,0.0,0.0,5.283404350280762,143.9776153564453,124.5669174194336,163.7359619140625
11,-73.920095,40.673124,36.65675354003906,12.380102157592773,139.2141571044922,0.0,48.322696685791016,0.0,5.299559593200684,109.74874114990234,66.96573638916016,149.24273681640625
12,-73.893328,40.664067,16.91680335998535,26.006671905517578,12.760621070861816,2.4707300662994385,44.513671875,0.0,5.307628631591797,128.88417053222656,105.22068786621094,153.09812927246094
13,-73.938107,40.593232,41.148529052734375,15.681203842163086,26.953920364379883,9.016728294924775e-28,49.79599380493164,0.0,5.312597274780273,107.31103515625,114.01205444335938,140.56285095214844
14,-74.011864,40.677085,0.0,9.033584594726562,2.9542665481567383,213.24070739746094,14.535805702209473,0.0,5.449060440063477,78.9532699584961,78.15937805175781,77.40459442138672
15,-73.962049,40.706069,45.12773895263672,25.329315185546875,60.22819137573242,2.3916587451822124e-05,34.30044174194336,0.0,5.413533687591553,279.81982421875,286.799072265625,269.75018310546875
16,-73.9573,40.715268,31.675106048583984,17.714250564575195,13.665914535522461,0.0,27.955934524536133,0.0,5.422974109649658,157.37081909179688,191.2870330810547,122.80852508544922
17,-73.946695,40.71088,18.518522262573242,16.178171157836914,7.925347328186035,0.0,26.49652862548828,0.0,5.2906975746154785,129.73487854003906,115.3837661743164,161.77218627929688
18,-73.970896,40.690742,1.7478920199209824e-05,1.1246861219406128,1.0187921339888106e-10,43.96018600463867,1.5607001781463623,0.0,5.296041488647461,125.23710632324219,127.87931060791016,124.99359893798828
19,-73.926673,40.68035,3.3106185583164915e-05,0.3915938436985016,1.9061853885650635,10.344210624694824,7.5350022315979,0.0,5.322525501251221,95.07317352294922,69.07913208007812,132.69056701660156
20,-73.947256,40.69447,24.459463119506836,22.349483489990234,28.35915184020996,165.1395263671875,25.483631134033203,0.0,5.342177391052246,156.14224243164062,123.16329956054688,191.58653259277344
21,-74.004533,40.652832,2.8281009197235107,17.249658584594727,0.9667602181434631,11.34574031829834,1.8019207459474273e-08,0.0,5.219511985778809,148.28839111328125,150.27870178222656,118.02222442626953
22,-73.940749,40.691472,23.147838592529297,28.889881134033203,13.237728118896484,229.02932739257812,7.929180145263672,0.0,5.321030139923096,124.95807647705078,85.54389190673828,164.7201690673828
23,-73.9317,40.6921,6.045090341629099e-22,10.963912010192871,9.782158416626885e-11,82.99027252197266,3.009336668746698e-10,0.0,5.285714149475098,110.73703002929688,86.51168823242188,136.43417358398438
24,-73.997447,40.686843,9.154229164123535,44.602745056152344,110.67367553710938,420.7186279296875,35.902523040771484,0.0,5.7189483642578125,121.35136413574219,97.3033676147461,145.86282348632812
25,-74.02395,40.633598,0.0,0.0,0.0,0.0,0.0,0.0,5.319169998168945,157.5516815185547,135.75677490234375,182.661865234375
26,-73.954139,40.72697,32.392642974853516,17.46805763244629,65.75209045410156,2.4720799922943115,23.358156204223633,0.0,5.469168663024902,124.79007720947266,103.67504119873047,137.84605407714844
27,-73.991141,40.680159,37.46519088745117,28.62481117248535,155.96395874023438,76.06658935546875,69.70852661132812,0.0,5.512526035308838,104.58595275878906,71.31178283691406,129.3330535888672
28,-73.949756,40.726378,18.580663681030273,16.082609176635742,25.344934463500977,2.4642364978790283,19.900901794433594,0.0,5.298586368560791,114.28685760498047,102.55278015136719,128.1212158203125
29,-73.935891,40.681528,11.535189628601074,18.238916397094727,7.7465434074401855,81.69102478027344,21.812217712402344,0.0,5.296399116516113,108.95794677734375,76.05364990234375,143.4241485595703
30,-73.887195,40.660465,28.570100784301758,25.496116638183594,19.578405380249023,3.512311864886418e-18,31.9116268157959,0.0,5.723593235015869,101.37833404541016,115.72254943847656,112.89920043945312
31,-73.953304,40.703996,29.95131492614746,21.74688720703125,60.72417449951172,0.4570996165275574,24.468643188476562,0.0,5.191069602966309,224.7110137939453,204.6025390625,246.96942138671875
32,-73.982826,40.684945,35.357704162597656,25.385421752929688,178.00892639160156,7.414243221282959,44.056434631347656,0.0,5.283226490020752,156.22959899902344,166.2404327392578,147.38885498046875
33,-73.982909,40.668644,40.11864471435547,21.074970245361328,150.16204833984375,0.0,67.4222640991211,0.0,5.367446422576904,144.99269104003906,165.42652893066406,129.5870819091797
34,-73.921099,40.680239,13.796578407287598,2.2844150066375732,0.010546909645199776,5.9064933018604816e-15,16.637163162231445,0.0,5.299331188201904,91.96998596191406,68.40657043457031,115.95783996582031
35,-73.906925,40.660455,31.3795166015625,19.551067352294922,23.846900939941406,7.448328495025635,12.737054824829102,0.0,5.475961685180664,106.5165023803711,78.86572265625,139.84909057617188
36,-73.940859,40.686213,1.1846803184802036e-19,30.624380111694336,0.9281031489372253,109.50080871582031,3.609123468399048,0.0,5.354838848114014,125.38496398925781,83.85566711425781,171.9214324951172
37,-73.91043,40.686424,5.7741780281066895,13.586715698242188,1.0958506671543411e-11,0.0,1.8172385692596436,0.0,5.3435845375061035,129.84326171875,114.81169128417969,145.34326171875
38,-73.971644,40.69453,1.5560345980464296e-12,2.4889791011810303,1.8210801790152775e-12,51.89824295043945,3.0918052840167576e-11,0.0,5.164303779602051,180.9395294189453,127.58488464355469,214.03086853027344
39,-73.987165,40.621481,0.0,1.883426308631897,0.0,6.862826347351074,0.0,0.0,5.403995513916016,136.9226531982422,138.6910400390625,137.13943481445312
40,-73.960137,40.711915,17.024242401123047,14.595088005065918,8.141711235046387,0.0,37.810028076171875,0.0,5.696540832519531,241.3492889404297,238.00697326660156,238.5805206298828
41,-73.98505,40.672358,30.80036163330078,22.65352439880371,145.409912109375,59.04920959472656,72.85025787353516,0.0,5.20703125,150.7830352783203,135.1570281982422,154.1259765625
42,-73.940135,40.588372,26.179019927978516,24.359628677368164,4.2392964363098145,1.5798754665619086e-11,32.47722244262695,0.0,5.143617153167725,84.2419662475586,62.88869094848633,105.68280029296875
43,-73.988743,40.660805,31.40082550048828,26.18602752685547,182.00576782226562,6.853585476918056e-10,37.34428405761719,0.0,5.661958694458008,120.93946075439453,144.52003479003906,127.0915756225586
44,-73.952504,40.692616,35.08845520019531,28.384788513183594,85.64038848876953,55.64892578125,17.866580963134766,0.0,5.414613246917725,118.04556274414062,95.68280792236328,141.91883850097656
45,-73.960536,40.684286,15.331348419189453,20.045368194580078,32.33905792236328,0.0018072349485009909,6.214892387390137,0.0,5.331592559814453,99.42862701416016,66.7015609741211,131.8452606201172
46,-73.932254,40.691467,0.34907329082489014,10.823905944824219,1.8588539041353158e-10,72.28465270996094,3.3698244195079496e-10,0.0,5.2868852615356445,112.42675018310547,84.29303741455078,142.0323486328125
47,-73.995486,40.680379,28.942211151123047,40.05305480957031,82.29559326171875,103.04009246826172,22.83642578125,0.0,5.539618968963623,116.96388244628906,106.995361328125,146.0828094482422
48,-73.943279,40.697619,23.250059127807617,22.3004150390625,32.09428787231445,86.77449035644531,34.63572692871094,0.0,5.343417644500732,170.8656768798828,159.32225036621094,198.37161254882812
49,-73.949198,40.663605,8.184286117553711,22.599451065063477,2.8226470947265625,79.40140533447266,7.2617411613464355,0.0,5.200546741485596,168.38229370117188,166.92652893066406,174.73561096191406
50,-73.971153,40.638087,8.301883697509766,15.324481010437012,1.933842658996582,101.80640411376953,5.780398368835449,0.0,5.316123008728027,171.0343780517578,134.11119079589844,206.395751953125
51,-73.878353,40.686534,0.08322466164827347,13.045310020446777,0.010559255257248878,8.449617741601578e-12,3.643308401107788,0.0,5.565919399261475,93.541015625,50.191871643066406,127.9710464477539
52,-73.907064,40.648749,8.667047500610352,14.26022720336914,3.7958431243896484,0.0,13.902900695800781,0.0,5.20477819442749,80.11068725585938,55.0432243347168,92.09551239013672
53,-73.977674,40.695339,19.596187591552734,0.7786063551902771,20.806476593017578,0.0,27.847890853881836,0.0,5.392674446105957,191.33653259277344,113.9970474243164,244.7338104248047
54,-73.911215,40.635388,0.2833455204963684,18.119688034057617,2.9309933185577393,24.938901901245117,7.138892650604248,0.0,5.186001777648926,94.54849243164062,68.06110382080078,121.62593078613281
55,-74.009752,40.632392,0.0,0.0,0.0,0.0,0.0,0.0,5.256938457489014,103.1224365234375,103.2022476196289,97.27745819091797
56,-73.953304,40.703996,29.95131492614746,21.74688720703125,60.72417449951172,0.4570996165275574,24.468643188476562,0.0,5.191069602966309,224.7110137939453,204.6025390625,246.96942138671875
57,-73.921336,40.693261,8.294139680620205e-11,9.04137134552002,0.0,57.103981018066406,1.8162593841552734,0.0,5.348973751068115,123.437744140625,74.97303771972656,172.43881225585938
58,-73.976648,40.678809,17.92374610900879,19.231435775756836,27.916568756103516,4.949493885040283,19.954118728637695,0.0,5.536354064941406,144.76759338378906,125.39900970458984,164.51856994628906
59,-73.912914,40.620537,0.0,4.293015480041504,0.0,26.4381046295166,1.1349953095429743e-12,0.0,5.2211432456970215,46.08477783203125,54.83636474609375,48.844451904296875
60,-73.935123,40.692866,2.922943592071533,14.912824630737305,0.14045889675617218,149.91102600097656,5.510376930236816,0.0,5.342906951904297,135.89793395996094,92.30116271972656,180.23114013671875
61,-73.963808,40.715089,8.74882698059082,11.04627799987793,1.9178533554077148,0.0,20.55321502685547,0.0,5.836123466491699,162.90489196777344,140.36996459960938,176.8534393310547
62,-73.917804,40.700595,22.094884872436523,23.75301742553711,4.95853853225708,0.0,2.404745578765869,0.0,5.33004903793335,181.1220703125,156.40318298339844,203.90359497070312
63,-73.988743,40.660805,31.40082550048828,26.18602752685547,182.00576782226562,6.853585476918056e-10,37.34428405761719,0.0,5.661958694458008,120.93946075439453,144.52003479003906,127.0915756225586
64,-73.886712,40.677707,8.618714332580566,9.617799758911133,3.8562228679656982,0.0,14.576244354248047,5.880770254593683e-19,5.2471113204956055,106.61550903320312,116.2938461303711,97.03656005859375
65,-73.980387,40.578192,0.0,0.0,0.0,0.0,0.0,0.0,5.265305995941162,98.2837905883789,73.44000244140625,132.4464874267578
66,-73.940707,40.661806,26.891340255737305,8.055188179016113,26.50372886657715,35.74382019042969,7.482010841369629,0.0,5.102195739746094,151.14842224121094,115.49465942382812,190.06610107421875
67,-73.95381,40.656276,18.215173721313477,10.843901634216309,4.840304851531982,3.634276435349193e-09,0.49848583340644836,0.0,5.502150535583496,167.97735595703125,122.25810241699219,224.68411254882812
68,-73.946381,40.679079,4.484572435625722e-12,19.237730026245117,7.05410903301118e-12,77.54711151123047,2.6125288009643555,0.0,5.0554609298706055,123.0456771850586,93.60446166992188,151.58401489257812
69,-74.008795,40.64373,0.0,0.0,0.0,1.2034739538839266e-22,0.0,0.0,5.419213771820068,230.37889099121094,162.13916015625,299.12713623046875
70,-73.974664,40.595996,0.0,0.0,0.0,3.800948143005371,0.0,0.0,5.114285945892334,82.31475830078125,81.18429565429688,93.57040405273438
71,-73.984985,40.608135,0.0,0.0,0.0,0.0,0.0,0.0,5.333608627319336,154.32080078125,138.50830078125,195.100341796875
72,-73.98557,40.601191,0.0,0.0,0.0,0.0,0.0,0.0,5.2210822105407715,104.10990905761719,86.42488861083984,135.30043029785156
73,-73.954047,40.583893,0.0,19.620952606201172,0.0,0.0,2.7184498061656184e-16,0.0,5.228663444519043,143.80874633789062,183.7459716796875,130.83456420898438
74,-73.966031,40.621474,25.85384178161621,2.5452306270599365,30.166839599609375,9.887648582458496,16.2384090423584,0.0,5.276199817657471,105.08848571777344,122.2974853515625,88.446044921875
75,-73.97083,40.577591,0.0,0.0,0.0,0.0,0.0,0.0,5.297618865966797,186.07424926757812,113.68782043457031,253.847412109375
76,-73.991962,40.597379,0.0,0.0,0.0,0.0,0.0,0.0,5.497142791748047,114.13590240478516,83.95358276367188,144.15501403808594
77,-74.028758,40.634318,0.0,0.0,0.0,0.0,0.0,0.0,5.4667816162109375,154.58937072753906,121.86180877685547,187.9055938720703
78,-74.028492,40.618077,0.0,0.0,0.0,0.0,0.0,0.0,5.373309135437012,132.52236938476562,127.12006378173828,138.0743408203125
79,-74.003635,40.63332,0.0,0.0,0.0,0.0,0.0,0.0,5.357456207275391,172.6242218017578,186.25743103027344,157.77688598632812
80,-73.913378,40.693318,13.78188419342041,13.863397598266602,8.715717036977821e-11,2.9873778450983934e-10,1.7984652519226074,520.35986328125,5.524590015411377,139.0258026123047,105.98091125488281,172.6012725830078
81,-73.981181,40.662945,46.60347366333008,28.248462677001953,124.28611755371094,7.082244513068048e-12,30.48240852355957,0.0,5.5534467697143555,134.35528564453125,100.42867279052734,167.76402282714844
82,-73.884348,40.681295,23.127470016479492,13.857975959777832,23.85740852355957,9.850713994508098e-12,24.31745147705078,519.2387084960938,5.4883928298950195,114.23951721191406,84.93496704101562,143.94918823242188
83,-73.933099,40.635842,2.5047358284679966e-11,16.01679229736328,0.0,1.0736198171809597e-12,2.293648881934729e-10,0.0,5.270491600036621,66.74079895019531,60.374778747558594,71.99849700927734
84,-73.941926,40.723743,32.62581253051758,15.876265525817871,21.797454833984375,0.0,19.517072677612305,0.0,5.626255035400391,113.79021453857422,80.90316009521484,140.23414611816406
85,-74.000565,40.619417,0.0,0.0,0.0,0.0,0.0,0.0,5.296367168426514,135.56228637695312,146.18858337402344,122.1668472290039
86,-73.971474,40.688769,1.7991234587191873e-12,4.012367521566418e-11,0.9659789204597473,56.10464096069336,0.631657063961029,0.0,5.110905647277832,125.13735961914062,116.24121856689453,131.92417907714844
87,-73.90788,40.642684,28.508499145507812,14.276134490966797,69.98169708251953,0.0,18.07990264892578,0.0,5.271823406219482,82.90849304199219,69.48814392089844,98.32818603515625
88,-73.897896,40.634861,0.0,19.67277717590332,1.1591964367563268e-12,4.015842020900495e-13,0.0,0.0,5.205567359924316,76.01939392089844,61.75754165649414,90.84590148925781
89,-73.916563,40.698077,11.532086372375488,24.0313777923584,1.9382102489471436,0.0,2.0207295417785645,0.0,5.348793983459473,165.29666137695312,165.67657470703125,162.51962280273438
90,-73.987602,40.671145,20.35736083984375,28.062156677246094,193.87850952148438,74.35980987548828,42.32949447631836,0.0,5.099720478057861,138.86788940429688,139.44287109375,135.09988403320312
91,-73.938733,40.626038,22.16219139099121,1.864988126169899e-41,19.613683700561523,6.435867897641723e-12,17.703052520751953,0.0,5.391376495361328,95.49813079833984,79.26128387451172,108.66788482666016
92,-73.937888,40.700819,11.61878776550293,20.481266021728516,8.06193733215332,243.05209350585938,7.397573471069336,0.0,5.270657539367676,151.14828491210938,107.40476989746094,189.37168884277344
93,-73.978472,40.622671,5.7878546714782715,24.741222381591797,1.0692958256646598e-39,9.545965194702148,8.772892951965332,0.0,5.3916754722595215,96.60031127929688,106.13327026367188,83.3966064453125
94,-73.939282,40.675905,11.582926750183105,3.2139804363250732,1.937410831451416,11.442744255065918,12.397506713867188,0.0,5.286231994628906,118.34645080566406,81.30308532714844,155.8521270751953
95,-73.922388,40.704076,20.96086883544922,20.065536499023438,3.8647658824920654,2.6705688008221706e-11,3.1006829738616943,0.0,5.552073001861572,169.6646728515625,156.43370056152344,191.1712646484375
96,-73.99062,40.667464,33.29227828979492,28.428377151489258,166.09320068359375,21.154542922973633,35.05134201049805,0.0,5.270244121551514,117.82703399658203,96.3726806640625,139.80384826660156
97,-73.943279,40.697619,23.250059127807617,22.3004150390625,32.09428787231445,86.77449035644531,34.63572692871094,0.0,5.343417644500732,170.8656768798828,159.32225036621094,198.37161254882812
98,-73.947932,40.719818,14.412019729614258,14.934682846069336,13.445794105529785,7.436788082122803,16.132450103759766,0.0,5.441758155822754,83.4642105102539,105.4399642944336,105.95176696777344
99,-74.018429,40.623687,0.0,0.0,0.0,0.0,0.0,0.0,5.450787544250488,58.412879943847656,50.739341735839844,80.01978302001953
100,-73.995084,40.60498,0.0,0.0,0.0,0.0,0.0,0.0,5.403528213500977,138.28990173339844,115.80021667480469,160.588623046875
101,-73.993293,40.685006,36.667518615722656,39.12952423095703,109.0086669921875,151.4369659423828,68.30812072753906,0.0,5.467467308044434,129.4335479736328,146.48756408691406,112.87882232666016
102,-73.976053,40.648924,14.259536743164062,31.22149658203125,16.346900939941406,169.01806640625,0.8121505975723267,0.0,5.753833770751953,112.05252838134766,114.04155731201172,126.28812408447266
103,-73.993247,40.640728,1.2661420839811416e-36,17.26121711730957,7.552583269898605e-07,3.812060389574157e-11,0.0,0.0,5.398351669311523,182.62744140625,161.0408172607422,200.88758850097656
104,-73.945663,40.714772,32.57224655151367,17.335691452026367,21.155521392822266,0.0,37.56582260131836,0.0,5.423351764678955,127.82941436767578,113.21581268310547,142.80091857910156
105,-73.980455,40.679916,34.640052795410156,18.36455535888672,97.9586181640625,5.995597681524023e-12,56.54296112060547,8.22801311191122e-22,5.441393852233887,145.20896911621094,124.7963638305664,161.6861572265625
106,-73.97318,40.632145,31.762168884277344,1.9267653226852417,63.32941436767578,12.27590560913086,23.282392501831055,0.0,5.485013484954834,173.2131805419922,149.90576171875,196.9355010986328
107,-73.932949,40.653093,19.39452362060547,25.04478645324707,17.200641632080078,4.839434041059576e-05,7.255041599273682,0.0,5.227471351623535,106.76302337646484,80.09906768798828,133.5748291015625
108,-74.007596,40.652127,0.0,10.063966751098633,0.0,103.44902038574219,0.0,0.0,5.386147975921631,146.18446350097656,145.84202575683594,139.42340087890625
109,-73.916641,40.682248,9.43663215637207,3.361769437789917,3.2797851240440323e-11,0.0,7.252660751342773,0.0,5.374210834503174,125.40941619873047,74.9656753540039,176.42037963867188
110,-73.951559,40.673943,24.983543395996094,20.383481979370117,55.9975471496582,3.501740009070886e-09,42.91664123535156,0.0,5.322361946105957,137.0822296142578,115.84912109375,158.8019256591797
111,-73.965862,40.64134,12.413416862487793,27.228445053100586,23.439830780029297,46.9821662902832,19.022157669067383,0.0,5.462686538696289,107.42255401611328,96.87509155273438,118.30406951904297
112,-73.9456,40.68192,14.406302452087402,26.290925979614258,6.473004857815434e-12,47.18335723876953,4.4444630267759244e-12,0.0,5.248938083648682,120.92100524902344,91.63214111328125,152.6057586669922
113,-73.951575,40.656423,16.750734329223633,16.16588592529297,4.845526218414307,2.8708597820407533e-39,6.298776604463097e-13,0.0,5.426706790924072,139.1916961669922,109.641845703125,176.02577209472656
114,-73.932388,40.701107,11.522686958312988,24.516197204589844,4.832493305206299,1.6529964952383125e-08,5.445822238922119,0.0,5.32692289352417,128.07046508789062,81.07218170166016,173.3191680908203
115,-74.002022,40.679462,34.21689224243164,30.996862411499023,88.54644012451172,41.13668441772461,33.8125114440918,0.0,5.774716377258301,78.80525970458984,90.59848022460938,100.69367980957031
116,-73.93879,40.705005,11.519680976867676,17.76849937438965,21.733186721801758,2.6634864452868e-11,13.089319229125977,0.0,5.388235092163086,151.3655548095703,125.0606918334961,164.30755615234375
117,-73.89276,40.669361,28.973651885986328,20.428619384765625,104.61116027832031,0.0,21.137096405029297,0.0,5.457527160644531,124.62200927734375,102.45606231689453,147.35369873046875
118,-73.90514,40.668768,31.701162338256836,18.632671356201172,57.36996078491211,0.00017454431508667767,5.667397975921631,0.0,5.3965229988098145,170.40252685546875,133.7017364501953,221.55140686035156
119,-73.908242,40.693432,11.720907211303711,31.10548973083496,4.831018447875977,2.8723040612632644e-10,3.633131504058838,1.0158462960047272e-15,5.467955112457275,156.71856689453125,113.38684844970703,201.2713165283203
120,-73.954269,40.632619,14.003180503845215,17.30429458618164,89.67315673828125,0.0,52.992218017578125,0.0,5.3355326652526855,160.0281524658203,360.9285583496094,109.55388641357422
121,-73.960027,40.601179,27.535259246826172,17.119028091430664,35.8590202331543,62.42941665649414,39.38328552246094,0.0,5.113259792327881,83.56988525390625,69.37509155273438,98.25
122,-73.975967,40.657002,38.88143539428711,34.043182373046875,107.38753509521484,9.16906106596116e-09,34.68476104736328,0.0,5.6992411613464355,83.2061767578125,61.34682846069336,105.6356430053711
123,-73.908682,40.677634,2.5699680913758552e-20,8.718855857849121,0.273009330034256,0.0,14.342260360717773,0.0,4.92036771774292,126.75162506103516,89.83700561523438,163.94252014160156
124,-73.91788,40.665553,5.762941360473633,17.116378784179688,6.4509100914001465,0.0,18.467487335205078,0.0,5.213345050811768,107.87318420410156,76.49131774902344,139.783203125
125,-73.959999,40.695397,14.376080513000488,35.01613998413086,70.71363067626953,31.97233772277832,11.122319221496582,0.0,5.293153285980225,165.25965881347656,152.81651306152344,167.4154510498047
126,-73.885214,40.67259,5.764431953430176,13.079731941223145,49.96391677856445,1.3420649140616359e-12,21.62657356262207,0.0,5.602893829345703,93.50965881347656,66.64019775390625,120.94706726074219
127,-73.869705,40.676111,9.493913650512695,17.686655044555664,10.499349594116211,0.0,13.933703422546387,0.0,5.849842548370361,114.23115539550781,86.37025451660156,136.79705810546875
128,-73.999045,40.636932,0.0,4.332867622375488,0.0,9.87502670288086,0.0,0.0,5.191222667694092,182.79164123535156,187.77178955078125,181.7744598388672
129,-73.949243,40.665757,25.53580093383789,7.350198745727539,16.8019962310791,151.695556640625,9.885286331176758,0.0,5.302112102508545,180.0751953125,198.9306640625,165.66995239257812
130,-73.919643,40.706816,10.49023151397705,24.25374412536621,17.867881774902344,1.2016026194883178e-11,14.534036636352539,0.0,5.377756595611572,129.005859375,147.95779418945312,123.28424835205078
131,-74.007469,40.606739,0.0,0.0,0.0,0.0,0.0,0.0,5.371738910675049,109.77713775634766,95.33213806152344,124.6739730834961
132,-73.985739,40.637101,27.112186431884766,20.856578826904297,27.14107894897461,19.676864624023438,18.05422019958496,0.0,5.38962459564209,228.47906494140625,279.48907470703125,178.02540588378906
133,-73.910938,40.657061,1.1609936952590942,12.714205741882324,17.074811935424805,24.717601776123047,16.612991333007812,0.0,5.5254716873168945,148.65875244140625,132.98147583007812,177.75045776367188
134,-73.911751,40.696457,22.64979362487793,17.233522415161133,1.8990023136138916,0.0,5.000968933105469,5.486083487831659e-42,5.5044941902160645,155.7295379638672,137.99752807617188,177.92916870117188
135,-74.0017,40.645825,0.0,19.177297592163086,0.0,233.9127655029297,0.0,0.0,5.5188889503479,195.73651123046875,163.51724243164062,237.74484252929688
136,-74.018719,40.630373,0.0,0.0,0.0,0.0,0.0,0.0,5.637642860412598,117.3750991821289,88.62063598632812,146.5558624267578
137,-73.869434,40.685852,13.762450218200684,14.37149715423584,1.0191304683685303,0.0,42.47226333618164,0.0,5.487051010131836,132.93568420410156,90.48910522460938,175.92532348632812
138,-74.000191,40.657682,4.989404201507568,11.976595878601074,5.328060150146484,7.08165297236274e-12,62.72252655029297,0.0,5.347867488861084,104.81219482421875,99.1008071899414,110.25576782226562
139,-74.005205,40.624835,0.0,0.0,0.0,0.0,0.0,0.0,5.382022380828857,162.65435791015625,157.6091766357422,168.28289794921875
140,-73.974425,40.608169,0.0,11.809502601623535,0.0,4.956170558929443,0.0,0.0,5.203832626342773,124.93663024902344,100.02406311035156,148.5145263671875
141,-73.915337,40.67538,23.92569351196289,2.5234854221343994,28.64645767211914,0.0,34.673431396484375,0.0,5.063114643096924,122.63993835449219,119.29139709472656,151.05755615234375
142,-73.97726,40.640127,31.651987075805664,13.483014106750488,75.85276794433594,2.4694206714630127,22.364458084106445,0.0,5.185388088226318,154.90811157226562,131.1868438720703,174.14625549316406
143,-73.98925,40.626454,0.0,7.930147647857666,0.0,72.6849594116211,0.0,0.0,5.421420097351074,141.06570434570312,146.06211853027344,136.55044555664062
144,-73.945883,40.648217,12.124924659729004,8.693825721740723,3.760049563372725e-12,12.3838472366333,4.155890464782715,0.0,5.392824172973633,141.21437072753906,103.14897155761719,173.75704956054688
145,-73.960137,40.711915,17.024242401123047,14.595088005065918,8.141711235046387,0.0,37.810028076171875,0.0,5.696540832519531,241.3492889404297,238.00697326660156,238.5805206298828
146,-73.905004,40.660385,24.37457847595215,20.403783798217773,18.670583724975586,11.925729751586914,12.720914840698242,0.0,5.478625297546387,85.62151336669922,66.77056884765625,110.8180160522461
147,-74.033429,40.623598,0.0,0.0,0.0,0.0,0.0,0.0,5.333333492279053,81.88018798828125,80.17485046386719,84.09599304199219
148,-73.994258,40.610917,0.0,0.0,0.0,0.0,0.0,0.0,5.413793087005615,113.10711669921875,92.11466217041016,134.58950805664062
149,-74.003883,40.627929,0.0,0.0,0.0,0.0,0.0,0.0,5.338089942932129,153.40512084960938,168.2576446533203,139.1002197265625
150,-74.000489,40.576733,0.0,0.0,0.0,0.0,0.0,0.0,5.30993127822876,89.74301147460938,67.91615295410156,122.89514923095703
151,-73.925435,40.665228,11.151538848876953,26.83068084716797,4.647766590118408,7.40386438369751,22.409374237060547,0.0,5.427865505218506,103.71473693847656,109.78976440429688,123.46286010742188
152,-73.894877,40.662243,28.8702392578125,16.426631927490234,5.814631462097168,4.953495979309082,36.315853118896484,0.0,5.35758113861084,122.62222290039062,96.49820709228516,149.2698974609375
153,-73.924127,40.67173,14.4769287109375,7.187314033508301,71.59944915771484,3.8943704489501074e-13,32.98198318481445,0.0,5.37840461730957,131.60769653320312,79.54351043701172,184.16297912597656
154,-73.97954,40.6288,20.392704010009766,22.23232078552246,51.924957275390625,71.41162872314453,40.59414291381836,0.0,5.374115467071533,95.33958435058594,97.43893432617188,108.39362335205078
155,-73.950321,40.62208,25.064016342163086,21.598039627075195,10.646513938903809,12.37366771697998,33.014854431152344,0.0,5.22980260848999,41.90382385253906,46.72720718383789,56.110748291015625
156,-73.934163,40.598069,4.6806628233753145e-05,14.281704902648926,1.2274900674819946,15.059259414672852,15.408564567565918,0.0,5.220017433166504,84.14097595214844,68.18474578857422,107.8387222290039
157,-73.943498,40.580161,24.21140480041504,24.377904891967773,14.377082824707031,2.4791169117577283e-11,41.83094787597656,0.0,5.393534183502197,29.81012725830078,30.537065505981445,29.38886070251465
158,-73.939385,40.708804,11.736598014831543,15.239194869995117,26.67352867126465,1.1860533959406894e-05,16.720657348632812,0.0,5.299823760986328,152.95147705078125,109.84859466552734,179.61851501464844
159,-73.951398,40.612339,36.003944396972656,18.428621292114258,40.828983306884766,21.984399795532227,47.48652648925781,0.0,5.047858715057373,124.43238830566406,110.3429183959961,150.06741333007812
160,-73.937083,40.637601,7.433732207573485e-07,14.166674613952637,0.0021505323238670826,7.510277122424469e-13,8.557336783621139e-11,0.0,5.471405029296875,66.52363586425781,41.803802490234375,94.3072738647461
161,-73.963026,40.61631,33.109012603759766,5.07110071182251,120.0589370727539,2.384183406829834,31.821094512939453,0.0,5.287671089172363,148.3621063232422,176.688720703125,120.4822006225586
162,-74.001915,40.602809,0.0,0.0,0.0,0.0,0.0,0.0,5.476545810699463,127.22573852539062,110.07366180419922,143.9492645263672
163,-74.013749,40.619043,0.0,0.0,0.0,0.0,0.0,0.0,5.467403411865234,58.453304290771484,63.002872467041016,54.46659469604492
164,-73.876084,40.665817,0.025671781972050667,18.573806762695312,31.244245529174805,2.4700846672058105,25.46065902709961,0.0,5.91938591003418,100.03485870361328,75.1989974975586,113.46895599365234
165,-73.925732,40.622108,7.009592056274414,0.2818278670310974,0.0,1.6864644446570876e-12,8.235291788782906e-13,0.0,5.265833854675293,61.43210220336914,48.63433837890625,73.19474792480469
166,-74.006137,40.613535,0.0,0.0,0.0,0.0,0.0,0.0,5.448098659515381,125.6698989868164,138.5288848876953,113.12535858154297
167,-73.986792,40.614737,0.0,0.0,0.0,27.954757690429688,0.0,0.0,5.339707374572754,138.59410095214844,116.64488983154297,161.02699279785156
168,-73.948453,40.596876,30.144433975219727,21.53915786743164,2.636281967163086,2.534054068740587e-14,33.398197174072266,0.0,5.3158369064331055,110.26202392578125,97.71715545654297,123.33596801757812
169,-73.930485,40.613981,16.158084869384766,1.4499735832214355,0.1087338998913765,1.2216139452384054e-16,18.00679588317871,0.0,5.20510196685791,60.20259475708008,60.20100784301758,59.09423828125
170,-73.930898,40.6427,39.87782669067383,16.40411949157715,7.483115196228027,0.0,3.669522285461426,0.0,5.217241287231445,68.89039611816406,50.08506774902344,85.95623779296875
171,-73.961191,40.5868,0.0,13.483439445495605,0.0,14.884580612182617,0.0,0.0,5.383739948272705,126.4599609375,147.83261108398438,105.37505340576172
172,-73.895224,40.642931,14.502367973327637,5.170575141906738,0.9691053032875061,2.214909553527832,1.814794898033142,0.0,5.282630920410156,112.82987976074219,97.87677764892578,127.78449249267578
173,-73.985368,40.587612,0.0,0.0,0.0,0.0,0.0,0.0,5.198637008666992,87.19361877441406,84.14481353759766,104.70978546142578
174,-73.889968,40.659845,22.858720779418945,24.87163734436035,9.55034065246582,3.987034127153051e-18,28.344829559326172,0.0,5.510185241699219,108.76383972167969,83.08214569091797,127.80268096923828
175,-73.862961,40.675881,8.6764554977417,27.470232009887695,0.00044066045666113496,0.0,1.807863473892212,0.0,5.833992004394531,83.021484375,61.411102294921875,99.64173889160156
176,-73.970171,40.602722,0.0,19.28299903869629,0.0,4.949490547180176,0.0,0.0,5.342281818389893,85.46117401123047,99.74452209472656,71.89915466308594
177,-73.969647,40.59,0.0,0.0,0.0,30.689050674438477,0.0,0.0,5.327678680419922,93.26627349853516,81.25959014892578,125.35123443603516
178,-73.966442,40.633482,5.783166408538818,23.872512817382812,4.849076140622799e-10,0.3040022552013397,4.610147476196289,0.0,5.331266403198242,161.1055908203125,170.883544921875,151.66136169433594
179,-73.874537,40.67002,5.85615348815918,31.81451988220215,13.93067741394043,2.454732656478882,16.361541748046875,0.0,5.490394115447998,105.54657745361328,77.15242004394531,154.42636108398438
180,-73.922296,40.658834,23.05609703063965,13.25147819519043,81.07778930664062,4.690069405422589e-18,27.682649612426758,1039.317138671875,5.186491966247559,153.86773681640625,111.4295883178711,194.84774780273438
181,-74.00125,40.640997,0.0,10.174921989440918,0.0,6.132106933048328e-17,0.0,0.0,5.3995680809021,193.1655731201172,177.18875122070312,219.74212646484375
182,-73.935753,40.663964,21.846176147460938,21.54636001586914,36.30305480957031,67.0958480834961,14.59520149230957,0.0,5.130473613739014,167.96273803710938,149.01112365722656,202.56610107421875
183,-73.939205,40.614005,14.58929443359375,13.845004081726074,14.306981086730957,24.41068458557129,48.65694046020508,0.0,5.3803277015686035,92.45706176757812,106.01365661621094,79.3643569946289
184,-73.982424,40.6351,37.846458435058594,30.01893424987793,106.98246002197266,41.88576889038086,50.700439453125,0.0,5.378609657287598,202.50125122070312,218.05255126953125,187.3950653076172
185,-73.866542,40.664143,6.975525379180908,20.248201370239258,13.512864112854004,0.0,22.173900604248047,0.0,5.192804336547852,54.51174545288086,41.82872772216797,68.64532470703125
186,-73.955856,40.58026,0.0,6.423532962799072,0.0,12.276329040527344,0.0,0.0,5.427256107330322,187.0332794189453,202.94155883789062,177.28819274902344
187,-73.977099,40.615405,0.0,26.40339469909668,0.0,9.940984725952148,0.0,0.0,5.238603115081787,118.40454864501953,99.59160614013672,130.7117156982422
188,-73.995961,40.622102,0.0,0.0,0.0,0.0,0.0,0.0,5.264151096343994,129.96815490722656,132.05270385742188,132.5209197998047
189,-73.976801,40.60066,0.0,0.0,0.0,31.71551513671875,0.0,0.0,5.226014614105225,106.74534606933594,88.74141693115234,125.1729965209961
190,-74.013585,40.610331,0.0,0.0,0.0,0.0,0.0,0.0,5.686747074127197,100.85775756835938,96.60668182373047,105.59913635253906
191,-73.980515,40.645609,38.047279357910156,15.22804069519043,25.592702865600586,0.61663818359375,45.53512954711914,0.0,5.223992347717285,124.67278289794922,143.6814727783203,148.45411682128906
192,-73.98925,40.626454,0.0,7.930147647857666,0.0,72.6849594116211,0.0,0.0,5.421420097351074,141.06570434570312,146.06211853027344,136.55044555664062
193,-73.914282,40.651642,28.205350875854492,14.691444396972656,127.92472839355469,1.5902438870937785e-12,24.392839431762695,0.0,5.517857074737549,76.92268371582031,51.31667709350586,102.38733673095703
194,-73.955217,40.604447,39.14153289794922,24.283687591552734,23.639684677124023,77.56416320800781,27.954286575317383,0.0,5.3184967041015625,142.0494384765625,168.27101135253906,149.0542755126953
195,-73.940922,40.655337,11.910937309265137,37.620384216308594,6.7768235206604,2.1290363569348436e-11,10.90976619720459,0.0,5.2866129875183105,145.2275848388672,187.36363220214844,158.4561004638672
196,-73.912005,40.615494,14.426756858825684,2.758804198543102e-13,1.9350790977478027,0.0,3.386364221572876,0.0,5.147651195526123,41.80977249145508,47.802425384521484,38.621726989746094
197,-73.964586,40.608801,34.666351318359375,17.596864700317383,41.471805572509766,17.311086654663086,45.542022705078125,0.0,5.036154270172119,144.07798767089844,213.17074584960938,86.94015502929688
198,-73.992447,40.57864,0.0,0.0,0.0,0.0,0.0,0.0,5.235042572021484,74.8667221069336,95.02842712402344,102.59642791748047
199,-73.946836,40.623788,27.43479347229004,17.340513229370117,79.33570098876953,2.836437463760376,56.82699203491211,0.0,5.353053569793701,81.95758056640625,87.339599609375,88.28897857666016
200,-73.960924,40.668913,2.124484269061533e-11,9.931801795959473,9.83450354397064e-06,128.2777099609375,1.4037329632010653e-10,0.0,5.533891201019287,151.17416381835938,192.19305419921875,164.39100646972656
201,-73.935093,40.675675,12.569184303283691,2.3148341178894043,11.613525390625,57.43523025512695,33.80563735961914,0.0,5.240451335906982,80.31643676757812,63.3507194519043,102.49760437011719
202,-73.925592,40.647851,21.958890914916992,18.916629791259766,32.258384704589844,2.4016029834747314,18.47268295288086,381.47393798828125,5.057708263397217,85.67542266845703,85.80518341064453,98.25018310546875
203,-73.962743,40.644927,22.156888961791992,22.925395965576172,68.59886932373047,15.766761779785156,49.422035217285156,0.0,5.2486138343811035,161.07623291015625,95.40505981445312,227.15248107910156
204,-73.95348,40.648352,32.092857360839844,6.891941070556641,86.68927001953125,3.175546848047106e-13,24.734172821044922,0.0,5.3719611167907715,108.01016235351562,131.7610626220703,117.14582061767578
205,-73.987195,40.612247,0.0,0.0,0.0,3.733525577432693e-20,0.0,0.0,5.392513275146484,142.57806396484375,122.57842254638672,163.04751586914062
206,-73.966456,40.649509,28.27924346923828,17.177276611328125,74.38680267333984,44.96469497680664,61.57602310180664,0.0,5.256616592407227,152.0364532470703,125.3013687133789,173.15011596679688
207,-73.945659,40.706708,31.987228393554688,13.536141395568848,51.29856491088867,1.34092225170801e-11,27.419963836669922,0.0,5.33148717880249,175.38807678222656,115.75881958007812,231.65737915039062
208,-73.923894,40.63195,2.87701416015625,19.676206588745117,0.0,7.565817832946777,0.0,0.0,5.36215353012085,81.9014892578125,58.00605773925781,119.06678771972656
209,-73.961962,40.580237,0.0,0.0,0.0,9.921221733093262,0.0,0.0,5.23052978515625,175.8249969482422,210.2633514404297,143.5272216796875
210,-73.95155,40.591103,46.50015640258789,12.47867488861084,21.81435775756836,0.0,38.434486389160156,0.0,5.263993263244629,127.3240966796875,145.70535278320312,127.95111846923828
211,-73.955891,40.604461,34.1569938659668,24.54239845275879,20.987327575683594,58.18792724609375,28.747737884521484,0.0,5.345508575439453,134.87509155273438,164.98007202148438,138.2632293701172
212,-73.94961,40.690595,33.03904724121094,30.166223526000977,110.16786193847656,35.603939056396484,28.616182327270508,0.0,5.345711708068848,135.09494018554688,108.2643814086914,158.3229522705078
213,-73.941345,40.702759,36.128021240234375,24.51631736755371,42.664100646972656,18.831253051757812,26.300033569335938,0.0,5.3594770431518555,183.4418182373047,206.16595458984375,173.25424194335938
214,-74.014633,40.626089,0.0,0.0,0.0,0.0,0.0,0.0,5.313215255737305,102.37073516845703,102.64111328125,113.62186431884766
215,-73.988667,40.687218,36.98751449584961,44.755882263183594,259.4378662109375,2.4700846672058105,92.57017517089844,0.0,5.296703338623047,202.28231811523438,251.66241455078125,153.3885955810547
216,-73.930132,40.682949,1.754818040904682e-40,0.27638810873031616,1.5076832682885192e-23,19.80398178100586,1.3643394708633423,0.0,5.309873104095459,103.35765838623047,63.57329559326172,144.12608337402344
217,-74.029444,40.621025,0.0,0.0,0.0,0.0,0.0,0.0,5.257894515991211,105.1589126586914,118.02061462402344,101.95553588867188
218,-73.976104,40.697177,8.835127830505371,1.396615841638832e-13,4.368404865264893,0.0,27.241050720214844,0.0,5.4031219482421875,152.8383026123047,84.36448669433594,180.51834106445312
219,-73.976648,40.678809,17.92374610900879,19.231435775756836,27.916568756103516,4.949493885040283,19.954118728637695,0.0,5.536354064941406,144.76759338378906,125.39900970458984,164.51856994628906
220,-73.932066,40.68797,2.881469964981079,2.0479140281677246,1.884201683566289e-10,80.96258544921875,0.6772570013999939,0.0,5.281767845153809,121.74440002441406,97.88304138183594,146.07215881347656
221,-73.92756,40.657421,11.560063362121582,20.810956954956055,28.954681396484375,6.96133279800415,25.592937469482422,9.58872464457349e-17,5.428823947906494,123.12661743164062,89.13602447509766,163.6666717529297
222,-73.960808,40.689499,2.611769199371338,29.60750961303711,7.0475640296936035,35.82634735107422,1.0916320085525513,0.0,5.479409694671631,202.57093811035156,220.78390502929688,247.99359130859375
223,-73.886373,40.635542,0.0,13.725889205932617,3.663349137927874e-12,34.579410552978516,3.283263244613366e-11,0.0,5.12840461730957,100.2137451171875,62.87474060058594,133.908203125
224,-73.879276,40.6585,37.85853958129883,19.583093643188477,29.766653060913086,1.3272103034644989e-11,28.528196334838867,0.0,5.256872653961182,78.18756866455078,48.950523376464844,106.87532043457031
225,-73.92818,40.694179,0.0,13.07490348815918,0.0,168.6492156982422,0.0,0.0,5.368518352508545,113.6563720703125,93.19391632080078,142.5575714111328
226,-73.908436,40.634005,2.8951289653778076,18.727373123168945,2.053917064008156e-31,2.4754204750061035,7.129571168342663e-37,2.6350839887573093e-23,5.22457218170166,106.39564514160156,78.3649673461914,135.0859832763672
227,-73.92785,40.595798,17.312110900878906,30.30649757385254,13.556463241577148,0.0,30.50217056274414,0.0,6.30637264251709,39.641605377197266,37.626182556152344,47.540103912353516
228,-73.938721,40.606745,17.37295150756836,17.295419692993164,1.9361217021942139,4.940169334411621,30.96023178100586,0.0,5.5851850509643555,59.26634216308594,71.35771179199219,66.09400177001953
229,-73.892797,40.644134,8.720130920410156,8.968880653381348,12.536840438842773,4.954832553863525,1.8226383924484253,0.0,5.252225399017334,103.95152282714844,88.83580780029297,119.6224365234375
230,-73.993565,40.594648,0.0,0.0,0.0,0.0,0.0,0.0,5.381135940551758,114.83625793457031,90.3514175415039,137.5601348876953
231,-73.977983,40.676649,42.91923141479492,21.44530487060547,58.65596008300781,1.4283484233601484e-05,34.517215728759766,65.86577606201172,5.62941837310791,149.32215881347656,134.25294494628906,164.83267211914062
232,-73.907634,40.666942,8.414926528930664,11.686441421508789,4.35353946685791,32.1120491027832,8.035567283630371,0.0,5.472553730010986,132.72933959960938,119.85051727294922,179.66131591796875
233,-73.920784,40.647818,22.162694931030273,17.899106979370117,72.41438293457031,4.051847683075348e-31,28.147981643676758,0.0,5.309408187866211,71.20207977294922,91.13115692138672,73.9210205078125
234,-73.98112,40.697856,7.914433002471924,9.927968169787249e-12,21.989099502563477,2.659415656441899e-12,30.661043167114258,0.0,5.529597282409668,242.61929321289062,107.06525421142578,340.12774658203125
235,-73.992393,40.574029,0.0,0.0,0.0,0.0,0.0,0.0,5.364202976226807,142.50714111328125,116.51902770996094,193.36483764648438
236,-73.942401,40.674244,17.45218276977539,4.064640998840332,0.9668070673942566,26.841493606567383,3.628791332244873,0.0,5.5126051902771,131.71710205078125,83.3614730834961,179.15208435058594
237,-73.889375,40.678182,8.529994010925293,17.07819938659668,5.8429670333862305,0.0,5.79052734375,3.055515033008813e-20,5.293712139129639,91.44792938232422,73.58055114746094,114.32772064208984
238,-73.915217,40.695875,18.836627960205078,14.019158363342285,0.9654600620269775,0.0,1.818232774734497,1.1074006466350102e-20,5.507625102996826,143.48150634765625,143.6949920654297,147.4046173095703
239,-73.893319,40.671601,11.24392032623291,20.02986717224121,52.46017837524414,0.0,12.703642845153809,0.0,5.434221267700195,127.50038146972656,115.40461730957031,141.2589569091797
240,-73.988743,40.660805,31.40082550048828,26.18602752685547,182.00576782226562,6.853585476918056e-10,37.34428405761719,0.0,5.661958694458008,120.93946075439453,144.52003479003906,127.0915756225586
241,-73.948166,40.697377,14.175166130065918,23.8763427734375,24.356403350830078,56.55082321166992,26.09694480895996,0.0,5.193121910095215,201.6865997314453,149.40423583984375,241.678955078125
242,-73.907718,40.671015,21.417633056640625,7.700284957885742,55.618865966796875,0.0,19.803983688354492,0.0,5.465097904205322,134.3612060546875,116.35452270507812,177.45559692382812
243,-73.917899,40.690755,1.708892888308e-10,8.310735702514648,2.778154650773246e-10,3.1441443892887833e-10,5.137683868408203,0.0,5.397104263305664,114.97103118896484,69.91487121582031,160.51571655273438
244,-73.946381,40.679079,4.484572435625722e-12,19.237730026245117,7.05410903301118e-12,77.54711151123047,2.6125288009643555,0.0,5.0554609298706055,123.0456771850586,93.60446166992188,151.58401489257812
245,-73.972009,40.582518,0.0,0.0,0.0,0.0,0.0,0.0,5.3733439445495605,154.2167205810547,128.12767028808594,192.3535614013672
246,-73.88662,40.65534,6.464216232299805,16.05661392211914,6.770952224731445,9.532258913680456e-15,11.156587600708008,0.0,5.112820625305176,127.2244873046875,81.65684509277344,166.49037170410156
247,-73.981599,40.701789,37.1392707824707,13.884476661682129,23.045654296875,85.01563262939453,32.85340881347656,0.0,5.4176859855651855,134.6811065673828,92.24424743652344,146.6661376953125
248,-73.935509,40.688323,2.878373146057129,8.633279800415039,2.143564770129558e-10,197.06015014648438,3.286255711998365e-10,0.0,5.355216026306152,130.76202392578125,102.29640197753906,159.60313415527344
249,-73.924422,40.6881,0.0,1.866729497909546,1.9890530889021818e-10,74.50214385986328,1.8167495727539062,0.0,5.155498504638672,146.49041748046875,152.15135192871094,142.37220764160156
250,-74.007533,40.632143,0.0,0.0,0.0,0.0,0.0,0.0,5.268611907958984,119.42537689208984,106.81011199951172,136.86660766601562
251,-73.909554,40.622442,0.0,2.7957518100738525,0.0,37.8339729309082,0.0,0.0,5.252252101898193,58.8888053894043,55.27983093261719,76.48674774169922
252,-73.992076,40.702952,52.24699020385742,28.685136795043945,162.9317626953125,202.5961151123047,54.236637115478516,0.0,6.289596080780029,230.00367736816406,243.820556640625,185.7657928466797
253,-73.954269,40.632619,14.003180503845215,17.30429458618164,89.67315673828125,0.0,52.992218017578125,0.0,5.3355326652526855,160.0281524658203,360.9285583496094,109.55388641357422
254,-73.961418,40.674685,0.0,6.994861125946045,2.326521396636963,28.39487075805664,10.891314506530762,0.0,5.353346347808838,159.36968994140625,126.00286102294922,198.3510284423828
255,-73.948771,40.703034,43.21478271484375,29.663833618164062,90.65238952636719,23.09622573852539,23.203170776367188,0.0,5.114893436431885,209.94859313964844,160.8485565185547,268.5854797363281
256,-73.953881,40.709632,19.433879852294922,13.214917182922363,21.08802604675293,0.0,40.26921081542969,0.0,5.574370861053467,194.0081024169922,162.86477661132812,215.9829864501953
257,-73.978633,40.671816,32.12510299682617,21.227121353149414,170.6571807861328,0.0,90.36680603027344,517.5294799804688,5.507526874542236,167.61996459960938,171.4603729248047,164.35208129882812
258,-73.911279,40.666187,8.708711529692437e-11,0.6814451813697815,8.095954895019531,2.127883563796118e-10,15.942525863647461,0.0,5.4937238693237305,117.68557739257812,116.53453826904297,131.871337890625
259,-73.893294,40.653368,8.171808242797852,21.8273868560791,1.9322266578674316,2.1062837731733453e-06,7.234945774078369,0.0,5.417593479156494,54.99277877807617,48.07950210571289,72.60289001464844
260,-73.92825,40.628417,21.558555603027344,6.415042400360107,0.0,0.08922018110752106,0.0,0.0,5.269065856933594,66.04225158691406,42.79914093017578,92.77253723144531
261,-73.911788,40.668232,1.6165229681064375e-05,2.6008708477020264,12.79712963104248,0.0,9.175189018249512,0.0,5.376220226287842,108.37222290039062,124.73883819580078,107.64065551757812
262,-73.898249,40.667985,20.959203720092773,28.020923614501953,55.061710357666016,0.0,30.7775821685791,0.0,5.411716938018799,150.12252807617188,116.68608093261719,164.2631072998047
263,-73.99577,40.574666,0.0,0.0,0.0,0.0,0.0,0.0,5.2169013023376465,134.70848083496094,93.15311431884766,178.9152374267578
264,-74.00089,40.627038,0.0,0.0,0.0,0.0,0.0,0.0,5.347002983093262,153.63294982910156,187.7281494140625,119.04462432861328
265,-73.960093,40.6771,2.686952003915463e-36,13.573594093322754,2.5073866844177246,48.577484130859375,10.885818481445312,0.0,5.42339563369751,137.32968139648438,119.86144256591797,161.05557250976562
266,-73.928673,40.674491,20.573945999145508,1.5833553075790405,22.461034774780273,4.950824737548828,41.18270492553711,0.0,5.238583564758301,116.72087097167969,96.95268249511719,137.3780517578125
267,-73.986313,40.593028,0.0,0.0,0.0,0.0,0.0,0.0,5.27960205078125,104.16844940185547,98.09002685546875,114.69686889648438
268,-73.970315,40.676357,2.8822453022003174,1.2543227672576904,0.9659144282341003,7.333301175506401e-13,1.7277302742004395,0.0,5.306818008422852,157.8671875,118.84825897216797,197.32470703125
269,-73.972009,40.582518,0.0,0.0,0.0,0.0,0.0,0.0,5.3733439445495605,154.2167205810547,128.12767028808594,192.3535614013672
270,-73.879886,40.676207,17.864900588989258,15.631464004516602,65.10437774658203,1.614884961864682e-11,18.414594650268555,0.0,5.555080890655518,83.34207916259766,59.78923034667969,107.06180572509766
271,-73.881997,40.64664,9.836992263793945,17.132747650146484,7.719607278407914e-23,2.4720799922943115,9.523542404174805,0.0,5.156553268432617,105.96942138671875,105.68379211425781,140.86802673339844
272,-73.927938,40.70081,15.01682186126709,23.8221435546875,1.9324774742126465,4.995163440704346,6.318411350250244,0.0,5.479613780975342,153.01414489746094,109.21517944335938,195.44883728027344
273,-73.986313,40.593028,0.0,0.0,0.0,0.0,0.0,0.0,5.27960205078125,104.16844940185547,98.09002685546875,114.69686889648438
274,-73.927938,40.70081,15.01682186126709,23.8221435546875,1.9324774742126465,4.995163440704346,6.318411350250244,0.0,5.479613780975342,153.01414489746094,109.21517944335938,195.44883728027344
275,-73.984528,40.69733,3.4609086513519287,2.8259048461914062,123.66724395751953,30.993358612060547,68.99575805664062,0.0,6.356545925140381,365.5760498046875,365.0613708496094,281.2209167480469
276,-73.960536,40.684286,15.331348419189453,20.045368194580078,32.33905792236328,0.0018072349485009909,6.214892387390137,0.0,5.331592559814453,99.42862701416016,66.7015609741211,131.8452606201172
277,-73.959484,40.665199,0.012702591717243195,12.98249340057373,1.4587788442488314e-12,103.64019012451172,1.6081503533341146e-12,0.0,5.350550174713135,161.9524383544922,205.2616729736328,221.63377380371094
278,-73.960093,40.6771,2.686952003915463e-36,13.573594093322754,2.5073866844177246,48.577484130859375,10.885818481445312,0.0,5.42339563369751,137.32968139648438,119.86144256591797,161.05557250976562
279,-73.937601,40.67229,5.83978271484375,6.090697288513184,4.952392578125,3.895047045315847e-12,19.95067596435547,0.0,5.4836225509643555,140.45263671875,105.97339630126953,175.40724182128906
280,-73.962049,40.706069,45.12773895263672,25.329315185546875,60.22819137573242,2.3916587451822124e-05,34.30044174194336,0.0,5.413533687591553,279.81982421875,286.799072265625,269.75018310546875
281,-73.936313,40.662092,2.7251710891723633,17.2525577545166,25.502485275268555,35.833221435546875,14.475406646728516,0.0,5.046832084655762,137.3388671875,131.0759735107422,159.91213989257812
282,-73.937601,40.67229,5.83978271484375,6.090697288513184,4.952392578125,3.895047045315847e-12,19.95067596435547,0.0,5.4836225509643555,140.45263671875,105.97339630126953,175.40724182128906
283,-73.893328,40.664067,16.91680335998535,26.006671905517578,12.760621070861816,2.4707300662994385,44.513671875,0.0,5.307628631591797,128.88417053222656,105.22068786621094,153.09812927246094
284,-73.935093,40.675675,12.569184303283691,2.3148341178894043,11.613525390625,57.43523025512695,33.80563735961914,0.0,5.240451335906982,80.31643676757812,63.3507194519043,102.49760437011719
285,-73.947672,40.637625,33.45573043823242,3.0631604194641113,105.17768859863281,1.1391170125218952e-15,34.57807540893555,0.0,5.323197364807129,135.88528442382812,96.30648040771484,178.83511352539062
286,-73.992254,40.662985,26.032060623168945,17.549890518188477,178.98355102539062,4.076542436948216e-10,28.768604278564453,0.0,5.462671756744385,114.27962493896484,108.54959106445312,120.4106674194336
287,-73.907718,40.671015,21.417633056640625,7.700284957885742,55.618865966796875,0.0,19.803983688354492,0.0,5.465097904205322,134.3612060546875,116.35452270507812,177.45559692382812
288,-73.891743,40.647396,17.727548599243164,18.45035743713379,12.584795951843262,0.0,18.122570037841797,0.0,5.200238227844238,78.99861145019531,57.44200897216797,98.63687133789062
289,-73.947557,40.696698,18.181665420532227,23.116594314575195,22.59232521057129,41.994571685791016,30.666919708251953,0.0,5.294219017028809,191.2067413330078,153.31173706054688,227.4680633544922
290,-73.947557,40.696698,18.181665420532227,23.116594314575195,22.59232521057129,41.994571685791016,30.666919708251953,0.0,5.294219017028809,191.2067413330078,153.31173706054688,227.4680633544922
291,-73.983312,40.687432,36.49319839477539,25.20013999938965,279.3208312988281,7.414244174957275,50.942264556884766,0.0,5.131762504577637,247.20042419433594,313.2334289550781,198.4081268310547
292,-73.969872,40.577709,0.0,0.0,0.0,0.0,0.0,0.0,5.24005126953125,185.00851440429688,122.97038269042969,244.78041076660156
293,-74.005168,40.654306,6.66705224361408e-09,17.71924591064453,0.9670189619064331,29.554033279418945,0.00398182962089777,0.0,5.343977928161621,145.42788696289062,164.3728790283203,90.381591796875
294,-73.9855,40.676198,44.42664337158203,17.641780853271484,128.85801696777344,129.8641815185547,77.88338470458984,518.4010009765625,5.173308849334717,92.57927703857422,77.30766296386719,87.72265625
295,-73.945211,40.699214,31.07952308654785,20.924570083618164,51.89458465576172,27.41279411315918,24.722932815551758,0.0,5.268798828125,180.69692993164062,222.04969787597656,155.21182250976562
296,-73.959484,40.665199,0.012702591717243195,12.98249340057373,1.4587788442488314e-12,103.64019012451172,1.6081503533341146e-12,0.0,5.350550174713135,161.9524383544922,205.2616729736328,221.63377380371094
297,-73.920187,40.69805,11.516587257385254,28.201923370361328,0.9659790992736816,19.418790817260742,5.054211139678955,0.0,5.3970723152160645,145.612060546875,140.24679565429688,149.74795532226562
298,-73.915159,40.693542,8.577927589416504,15.04947566986084,1.0661756894014829e-10,2.749749317132455e-10,1.8182181119918823,518.5404052734375,5.527964115142822,131.23684692382812,111.13836669921875,151.83409118652344
299,-73.90788,40.642684,28.508499145507812,14.276134490966797,69.98169708251953,0.0,18.07990264892578,0.0,5.271823406219482,82.90849304199219,69.48814392089844,98.32818603515625
300,-73.953702,40.70179,23.435260772705078,21.08592987060547,50.154258728027344,13.916401863098145,37.71917724609375,0.0,5.091463565826416,306.6888427734375,312.6790771484375,301.05731201171875
301,-73.946836,40.623788,27.43479347229004,17.340513229370117,79.33570098876953,2.836437463760376,56.82699203491211,0.0,5.353053569793701,81.95758056640625,87.339599609375,88.28897857666016
302,-73.957173,40.649602,47.98109436035156,3.779541492462158,128.54550170898438,2.7197005498386106e-13,24.97100257873535,0.0,5.235572338104248,127.99222564697266,183.1445770263672,163.75906372070312
303,-73.919088,40.697898,11.556448936462402,22.15256118774414,0.9688439965248108,0.040309105068445206,1.816749930381775,0.0,5.406162261962891,148.52862548828125,148.31414794921875,147.1629180908203
304,-73.904695,40.689883,0.13510583341121674,21.001760482788086,2.8904991149902344,2.0993491667287145e-10,4.859095096588135,518.6798706054688,5.425169944763184,121.45991516113281,74.44450378417969,167.60386657714844
305,-73.91788,40.665553,5.762941360473633,17.116378784179688,6.4509100914001465,0.0,18.467487335205078,0.0,5.213345050811768,107.87318420410156,76.49131774902344,139.783203125
306,-73.928917,40.67271,16.172998428344727,0.8019235134124756,22.19066047668457,0.042649246752262115,39.305381774902344,0.0,5.314833641052246,133.0673065185547,105.99107360839844,162.74432373046875
307,-73.923881,40.666251,1.1453021215857007e-05,26.110517501831055,2.254253387451172,2.659330256005177e-10,12.102217674255371,0.0,5.367475509643555,108.85285186767578,98.34524536132812,140.17715454101562
308,-73.911788,40.668232,1.6165229681064375e-05,2.6008708477020264,12.79712963104248,0.0,9.175189018249512,0.0,5.376220226287842,108.37222290039062,124.73883819580078,107.64065551757812
309,-73.946358,40.658663,27.76042366027832,20.63582420349121,5.807894229888916,16.206615447998047,5.446744441986084,0.0,5.382352828979492,102.42021942138672,116.3828125,127.17021942138672
310,-73.927979,40.663388,13.405952453613281,27.379060745239258,12.241254806518555,6.339651107788086,30.56749153137207,0.0,5.39724588394165,127.70256042480469,90.26622772216797,173.7736358642578
311,-73.951664,40.648277,20.172094345092773,6.376316547393799,51.685638427734375,0.16075214743614197,20.621585845947266,0.0,5.357377052307129,113.98643493652344,113.62108612060547,114.8236312866211
312,-73.906018,40.672216,31.848167419433594,7.550745487213135,71.58606719970703,0.0,19.10719108581543,0.0,5.423393726348877,131.1638641357422,85.13253021240234,178.99440002441406
313,-73.911751,40.696457,22.64979362487793,17.233522415161133,1.8990023136138916,0.0,5.000968933105469,5.486083487831659e-42,5.5044941902160645,155.7295379638672,137.99752807617188,177.92916870117188
314,-73.874064,40.657266,29.21137046813965,24.353784561157227,8.997076034545898,0.0,20.339229583740234,0.0,5.18071174621582,78.29899597167969,42.475772857666016,101.36186218261719
315,-73.952356,40.632829,11.00927448272705,20.340198516845703,80.7672119140625,0.0,52.87303924560547,0.0,5.445370197296143,205.9914093017578,435.0404357910156,130.6157684326172
316,-73.930132,40.682949,1.754818040904682e-40,0.27638810873031616,1.5076832682885192e-23,19.80398178100586,1.3643394708633423,0.0,5.309873104095459,103.35765838623047,63.57329559326172,144.12608337402344
317,-74.022073,40.618628,0.0,0.0,0.0,0.0,0.0,0.0,5.8729329109191895,64.52569580078125,43.18242263793945,86.174560546875
318,-73.957173,40.649602,47.98109436035156,3.779541492462158,128.54550170898438,2.7197005498386106e-13,24.97100257873535,0.0,5.235572338104248,127.99222564697266,183.1445770263672,163.75906372070312
319,-73.886668,40.661102,28.88420867919922,21.383808135986328,21.951265335083008,2.6539688771166805e-18,27.423086166381836,0.0,5.7462687492370605,103.35291290283203,110.12017822265625,125.38833618164062
320,-73.968733,40.582627,0.0,0.0,0.0,0.0,0.0,0.0,5.337931156158447,200.90475463867188,187.7626495361328,243.27630615234375
321,-73.95818,40.692015,11.221627235412598,31.614295959472656,12.294594764709473,106.29222869873047,5.460581302642822,0.0,5.541335582733154,210.20297241210938,174.73411560058594,252.27732849121094
322,-74.025888,40.637031,0.0,0.0,0.0,0.0,0.0,0.0,5.393722057342529,138.14251708984375,117.38443756103516,172.21214294433594
323,-73.954678,40.710107,14.381266593933105,18.75735855102539,15.809409141540527,0.0,44.064842224121094,0.0,5.703199863433838,191.61619567871094,154.45159912109375,215.5570526123047
324,-73.955004,40.622425,6.353616237640381,28.374094009399414,5.230627129343413e-13,1.9662412973839305e-13,4.06632137298584,0.0,5.195380210876465,91.51311492919922,63.714385986328125,119.93267059326172
325,-73.9855,40.676198,44.42664337158203,17.641780853271484,128.85801696777344,129.8641815185547,77.88338470458984,518.4010009765625,5.173308849334717,92.57927703857422,77.30766296386719,87.72265625
326,-73.984528,40.69733,3.4609086513519287,2.8259048461914062,123.66724395751953,30.993358612060547,68.99575805664062,0.0,6.356545925140381,365.5760498046875,365.0613708496094,281.2209167480469
327,-73.874064,40.657266,29.21137046813965,24.353784561157227,8.997076034545898,0.0,20.339229583740234,0.0,5.18071174621582,78.29899597167969,42.475772857666016,101.36186218261719
328,-73.989369,40.690007,31.271007537841797,33.93206787109375,242.40882873535156,105.90830993652344,64.06025695800781,0.0,5.268621444702148,346.4476013183594,703.8079223632812,209.4649200439453
329,-73.947661,40.610499,32.45347595214844,30.910303115844727,38.45792007446289,21.341196060180664,51.2352409362793,0.0,5.175422191619873,74.34075927734375,125.12857818603516,67.97887420654297
330,-74.008106,40.650793,0.0,5.742186546325684,0.0,44.67213439941406,0.0,0.0,5.430379867553711,150.02647399902344,130.53953552246094,165.6954345703125
331,-73.993293,40.685006,36.667518615722656,39.12952423095703,109.0086669921875,151.4369659423828,68.30812072753906,0.0,5.467467308044434,129.4335479736328,146.48756408691406,112.87882232666016
332,-73.976435,40.688896,37.7921257019043,9.165314674377441,41.898319244384766,3.5027723777059094e-11,23.431859970092773,0.0,5.437885284423828,353.910888671875,432.76702880859375,216.4927520751953
333,-73.984528,40.69733,3.4609086513519287,2.8259048461914062,123.66724395751953,30.993358612060547,68.99575805664062,0.0,6.356545925140381,365.5760498046875,365.0613708496094,281.2209167480469
334,-73.983116,40.656952,23.157901763916016,23.418018341064453,150.6503448486328,9.890982627868652,34.973331451416016,0.0,5.5697550773620605,71.30088806152344,74.34829711914062,74.83881378173828
335,-73.988743,40.660805,31.40082550048828,26.18602752685547,182.00576782226562,6.853585476918056e-10,37.34428405761719,0.0,5.661958694458008,120.93946075439453,144.52003479003906,127.0915756225586
336,-74.002308,40.613041,0.0,0.0,0.0,0.0,0.0,0.0,5.375378608703613,160.77947998046875,176.3626708984375,145.6476593017578
337,-73.913508,40.659618,21.888195037841797,23.90732192993164,29.924848556518555,2.474078416824341,25.577699661254883,0.0,5.484739780426025,127.60897827148438,83.91307067871094,170.73641967773438
338,-73.980266,40.683951,19.684816360473633,20.897993087768555,85.18041229248047,0.0,46.52580642700195,0.0,5.239072322845459,153.8871307373047,181.33297729492188,135.34254455566406
339,-74.002022,40.679462,34.21689224243164,30.996862411499023,88.54644012451172,41.13668441772461,33.8125114440918,0.0,5.774716377258301,78.80525970458984,90.59848022460938,100.69367980957031
340,-73.944463,40.709765,34.163414001464844,12.208616256713867,17.103466033935547,0.0,27.2589054107666,0.0,5.420583248138428,143.88861083984375,123.861083984375,178.9231414794922
341,-73.881997,40.64664,9.836992263793945,17.132747650146484,7.719607278407914e-23,2.4720799922943115,9.523542404174805,0.0,5.156553268432617,105.96942138671875,105.68379211425781,140.86802673339844
342,-73.944463,40.709765,34.163414001464844,12.208616256713867,17.103466033935547,0.0,27.2589054107666,0.0,5.420583248138428,143.88861083984375,123.861083984375,178.9231414794922
343,-73.931604,40.678478,23.139820098876953,6.473280429840088,3.3252322673797607,27.434650421142578,24.041011810302734,0.0,5.009828090667725,65.97543334960938,80.94598388671875,86.13749694824219
344,-73.979649,40.686498,37.13203811645508,15.536102294921875,101.63250732421875,0.0,23.17098045349121,0.0,5.1987481117248535,198.18890380859375,282.27960205078125,132.44332885742188
345,-73.97858,40.669255,31.288593292236328,21.397785186767578,131.9589080810547,0.0,120.94141387939453,0.0,5.449636459350586,178.2366943359375,255.27976989746094,128.05731201171875
346,-73.97858,40.669255,31.288593292236328,21.397785186767578,131.9589080810547,0.0,120.94141387939453,0.0,5.449636459350586,178.2366943359375,255.27976989746094,128.05731201171875
347,-73.97858,40.669255,31.288593292236328,21.397785186767578,131.9589080810547,0.0,120.94141387939453,0.0,5.449636459350586,178.2366943359375,255.27976989746094,128.05731201171875
348,-73.986313,40.593028,0.0,0.0,0.0,0.0,0.0,0.0,5.27960205078125,104.16844940185547,98.09002685546875,114.69686889648438
349,-73.935969,40.703703,11.52277946472168,16.553783416748047,12.140840530395508,13.655685424804688,10.882922172546387,0.0,5.2439656257629395,131.60914611816406,92.45904541015625,141.7509765625
350,-73.938921,40.711134,5.754312038421631,15.539381980895996,18.64189910888672,2.47407865524292,20.771947860717773,0.0,5.163191318511963,169.18800354003906,163.45521545410156,153.71240234375
351,-73.938921,40.711134,5.754312038421631,15.539381980895996,18.64189910888672,2.47407865524292,20.771947860717773,0.0,5.163191318511963,169.18800354003906,163.45521545410156,153.71240234375
352,-73.938921,40.711134,5.754312038421631,15.539381980895996,18.64189910888672,2.47407865524292,20.771947860717773,0.0,5.163191318511963,169.18800354003906,163.45521545410156,153.71240234375
353,-73.983827,40.691124,26.629581451416016,26.108314514160156,177.1646270751953,3.1554114876541917e-10,43.252418518066406,0.0,5.49162483215332,596.8045654296875,991.958251953125,455.9232177734375
354,-73.988323,40.694629,42.62840270996094,17.841064453125,198.0655975341797,4.159791469573975,71.81481170654297,0.0,6.419692516326904,856.0425415039062,1909.69970703125,306.725341796875
355,-73.920095,40.673124,36.65675354003906,12.380102157592773,139.2141571044922,0.0,48.322696685791016,0.0,5.299559593200684,109.74874114990234,66.96573638916016,149.24273681640625
356,-74.023419,40.636721,0.0,0.0,0.0,0.0,0.0,0.0,5.302304744720459,146.60597229003906,122.4228286743164,172.76980590820312
357,-73.990292,40.68291,44.53412628173828,32.86574935913086,157.07179260253906,18.187217712402344,88.45832061767578,0.0,5.48179292678833,127.20892333984375,104.84253692626953,147.6499786376953
358,-73.954815,40.715561,28.864835739135742,17.037343978881836,8.074017524719238,0.0,34.40635681152344,0.0,5.55721378326416,143.51051330566406,146.86770629882812,134.36264038085938
359,-74.038103,40.626827,0.0,0.0,0.0,0.0,0.0,0.0,5.627777576446533,40.18632125854492,161.37472534179688,31.52971649169922
360,-73.94573,40.685653,14.418760299682617,41.59400939941406,0.18260575830936432,7.428239822387695,5.501929759979248,0.0,5.370543956756592,121.91926574707031,82.68980407714844,161.64837646484375
361,-73.912685,40.674456,12.821577072143555,1.3906972408294678,21.03054428100586,0.0,40.265289306640625,0.0,4.8828125,112.75558471679688,102.8319091796875,145.93728637695312
362,-73.993293,40.685006,36.667518615722656,39.12952423095703,109.0086669921875,151.4369659423828,68.30812072753906,0.0,5.467467308044434,129.4335479736328,146.48756408691406,112.87882232666016
363,-73.920603,40.688399,5.628707408905029,1.6997555494308472,2.3434004736699876e-10,12.564976692199707,4.597157001495361,0.0,5.108902454376221,127.94493865966797,107.10934448242188,150.73757934570312
364,-73.895122,40.666868,9.046846389770508,28.825939178466797,35.029144287109375,0.0,40.15929412841797,0.0,5.270379543304443,155.9148712158203,131.63043212890625,180.6100311279297
365,-74.019299,40.64195,0.0,0.0,0.0,0.0,0.0,0.0,5.185046672821045,187.5860595703125,170.37677001953125,201.9710693359375
366,-73.982583,40.621299,5.359966626042425e-41,21.206756591796875,0.0,16.0639705657959,0.0,0.0,5.5217390060424805,118.430908203125,160.0832977294922,104.1368179321289
367,-74.019299,40.64195,0.0,0.0,0.0,0.0,0.0,0.0,5.185046672821045,187.5860595703125,170.37677001953125,201.9710693359375
368,-73.895122,40.666868,9.046846389770508,28.825939178466797,35.029144287109375,0.0,40.15929412841797,0.0,5.270379543304443,155.9148712158203,131.63043212890625,180.6100311279297
369,-73.965928,40.682422,8.21868528094738e-12,0.09711384028196335,3.185521013637782e-10,116.5892562866211,0.0,0.0,5.086389541625977,115.47510528564453,126.76335144042969,116.4029769897461
370,-73.895122,40.666868,9.046846389770508,28.825939178466797,35.029144287109375,0.0,40.15929412841797,0.0,5.270379543304443,155.9148712158203,131.63043212890625,180.6100311279297
371,-73.912102,40.665568,1.435423731803894,4.650516986846924,12.887165069580078,0.0,14.294611930847168,0.0,5.46095085144043,107.90642547607422,106.2431869506836,122.45796966552734
372,-74.008984,40.650404,0.0,5.351852893829346,0.0,34.39126205444336,0.0,0.0,5.457058429718018,162.64126586914062,160.5177459716797,161.98512268066406
373,-73.9456,40.68192,14.406302452087402,26.290925979614258,6.473004857815434e-12,47.18335723876953,4.4444630267759244e-12,0.0,5.248938083648682,120.92100524902344,91.63214111328125,152.6057586669922
374,-73.906662,40.655644,11.553855895996094,20.081872940063477,15.054699897766113,20.14080238342285,2.5806124210357666,0.0,5.853741645812988,126.15924835205078,99.28948974609375,153.60455322265625
375,-73.990884,40.684869,37.83576583862305,42.3741340637207,155.6029052734375,22.28131103515625,99.72643280029297,0.0,5.432821273803711,157.06796264648438,160.3851318359375,154.28070068359375
376,-73.906925,40.660455,31.3795166015625,19.551067352294922,23.846900939941406,7.448328495025635,12.737054824829102,0.0,5.475961685180664,106.5165023803711,78.86572265625,139.84909057617188
377,-73.960689,40.669805,2.4918482208202697e-11,10.77638053894043,0.27494508028030396,96.3646240234375,1.4251881619298246e-10,0.0,5.523534297943115,156.990966796875,190.30322265625,177.6265106201172
378,-73.959141,40.619671,17.3217830657959,8.868377685546875,1.2697914838790894,0.0,18.77814292907715,0.0,5.43060827255249,173.4613494873047,298.1488037109375,132.79183959960938
379,-73.988323,40.694629,42.62840270996094,17.841064453125,198.0655975341797,4.159791469573975,71.81481170654297,0.0,6.419692516326904,856.0425415039062,1909.69970703125,306.725341796875
380,-73.960689,40.669805,2.4918482208202697e-11,10.77638053894043,0.27494508028030396,96.3646240234375,1.4251881619298246e-10,0.0,5.523534297943115,156.990966796875,190.30322265625,177.6265106201172
381,-73.992151,40.642619,5.763418674468994,15.083272933959961,13.082254409790039,4.1847886267376566e-10,2.3296098709106445,0.0,5.332027435302734,166.2759552001953,143.7213592529297,183.10116577148438
382,-73.934316,40.669557,20.19274139404297,15.312332153320312,5.231345176696777,4.137060052172847e-12,3.600374221801758,0.0,5.2277398109436035,156.3177490234375,106.1288833618164,206.96751403808594
383,-73.934449,40.578356,5.770376682281494,8.573781967163086,0.8150157332420349,0.0,12.92408275604248,0.0,5.134868621826172,96.17356872558594,333.45001220703125,27.365108489990234
384,-73.977674,40.695339,19.596187591552734,0.7786063551902771,20.806476593017578,0.0,27.847890853881836,0.0,5.392674446105957,191.33653259277344,113.9970474243164,244.7338104248047
385,-73.957173,40.649602,47.98109436035156,3.779541492462158,128.54550170898438,2.7197005498386106e-13,24.97100257873535,0.0,5.235572338104248,127.99222564697266,183.1445770263672,163.75906372070312
386,-73.919088,40.697898,11.556448936462402,22.15256118774414,0.9688439965248108,0.040309105068445206,1.816749930381775,0.0,5.406162261962891,148.52862548828125,148.31414794921875,147.1629180908203
387,-73.957173,40.649602,47.98109436035156,3.779541492462158,128.54550170898438,2.7197005498386106e-13,24.97100257873535,0.0,5.235572338104248,127.99222564697266,183.1445770263672,163.75906372070312
388,-73.981925,40.58807,0.0,0.0,0.0,0.0,0.0,0.0,5.142649173736572,94.63999938964844,132.51768493652344,119.37846374511719
389,-73.957173,40.649602,47.98109436035156,3.779541492462158,128.54550170898438,2.7197005498386106e-13,24.97100257873535,0.0,5.235572338104248,127.99222564697266,183.1445770263672,163.75906372070312
390,-73.929315,40.694723,0.0,10.15152645111084,0.0,137.1511993408203,0.0,0.0,5.370754718780518,115.00399017333984,94.78571319580078,143.56007385253906
391,-73.943839,40.658671,42.43218231201172,20.816923141479492,11.828739166259766,0.015516294166445732,1.815283179283142,0.0,5.2268829345703125,115.52655029296875,147.89344787597656,132.07614135742188
392,-73.960689,40.669805,2.4918482208202697e-11,10.77638053894043,0.27494508028030396,96.3646240234375,1.4251881619298246e-10,0.0,5.523534297943115,156.990966796875,190.30322265625,177.6265106201172
393,-73.960689,40.669805,2.4918482208202697e-11,10.77638053894043,0.27494508028030396,96.3646240234375,1.4251881619298246e-10,0.0,5.523534297943115,156.990966796875,190.30322265625,177.6265106201172
394,-73.911751,40.696457,22.64979362487793,17.233522415161133,1.8990023136138916,0.0,5.000968933105469,5.486083487831659e-42,5.5044941902160645,155.7295379638672,137.99752807617188,177.92916870117188
395,-73.911751,40.696457,22.64979362487793,17.233522415161133,1.8990023136138916,0.0,5.000968933105469,5.486083487831659e-42,5.5044941902160645,155.7295379638672,137.99752807617188,177.92916870117188
396,-73.947873,40.684654,14.401607513427734,34.74039840698242,4.089187145233154,82.80803680419922,3.6344692707061768,0.0,5.184615612030029,122.70594787597656,81.16304779052734,164.74867248535156
397,-73.913172,40.697378,22.298063278198242,19.65917205810547,0.9664986729621887,0.0,3.627638339996338,0.0,5.446700572967529,155.89414978027344,157.0052947998047,158.5281219482422
398,-73.972312,40.649055,14.558331489562988,27.589401245117188,14.40353775024414,21.47962188720703,11.21247673034668,0.0,5.677768707275391,132.09918212890625,91.70282745361328,159.87872314453125
399,-73.902147,40.699101,30.926687240600586,24.383546829223633,8.521492004394531,0.0,8.409014701843262,0.0,5.3226399421691895,147.11524963378906,162.1234893798828,137.17420959472656
400,-73.897604,40.665446,8.803386622110998e-13,30.47716522216797,26.066261291503906,4.19365128687099e-35,40.5153923034668,0.0,5.3604960441589355,137.6218719482422,111.08032989501953,161.5330352783203
401,-73.954815,40.715561,28.864835739135742,17.037343978881836,8.074017524719238,0.0,34.40635681152344,0.0,5.55721378326416,143.51051330566406,146.86770629882812,134.36264038085938
402,-73.986313,40.593028,0.0,0.0,0.0,0.0,0.0,0.0,5.27960205078125,104.16844940185547,98.09002685546875,114.69686889648438
403,-73.954815,40.715561,28.864835739135742,17.037343978881836,8.074017524719238,0.0,34.40635681152344,0.0,5.55721378326416,143.51051330566406,146.86770629882812,134.36264038085938
404,-73.910589,40.688647,11.496274948120117,13.799867630004883,5.805224895477295,3.99032369646779e-12,4.896981239318848,0.0,5.432112216949463,128.79644775390625,106.91352081298828,151.18826293945312
405,-73.922212,40.647728,21.370649337768555,18.757102966308594,78.60599517822266,0.0,20.875627517700195,0.0,5.1847920417785645,80.01371765136719,107.94965362548828,74.42772674560547
406,-73.915217,40.695875,18.836627960205078,14.019158363342285,0.9654600620269775,0.0,1.818232774734497,1.1074006466350102e-20,5.507625102996826,143.48150634765625,143.6949920654297,147.4046173095703
407,-73.916927,40.634451,15.356927871704102,20.207448959350586,11.657708168029785,15.455101013183594,7.300825119018555,0.0,5.19444465637207,80.40738677978516,78.62969970703125,112.93583679199219
408,-73.916927,40.634451,15.356927871704102,20.207448959350586,11.657708168029785,15.455101013183594,7.300825119018555,0.0,5.19444465637207,80.40738677978516,78.62969970703125,112.93583679199219
409,-73.923881,40.666251,1.1453021215857007e-05,26.110517501831055,2.254253387451172,2.659330256005177e-10,12.102217674255371,0.0,5.367475509643555,108.85285186767578,98.34524536132812,140.17715454101562
410,-73.922212,40.647728,21.370649337768555,18.757102966308594,78.60599517822266,0.0,20.875627517700195,0.0,5.1847920417785645,80.01371765136719,107.94965362548828,74.42772674560547
411,-73.986313,40.593028,0.0,0.0,0.0,0.0,0.0,0.0,5.27960205078125,104.16844940185547,98.09002685546875,114.69686889648438
412,-73.916927,40.634451,15.356927871704102,20.207448959350586,11.657708168029785,15.455101013183594,7.300825119018555,0.0,5.19444465637207,80.40738677978516,78.62969970703125,112.93583679199219
413,-73.9573,40.715268,31.675106048583984,17.714250564575195,13.665914535522461,0.0,27.955934524536133,0.0,5.422974109649658,157.37081909179688,191.2870330810547,122.80852508544922
414,-73.916927,40.634451,15.356927871704102,20.207448959350586,11.657708168029785,15.455101013183594,7.300825119018555,0.0,5.19444465637207,80.40738677978516,78.62969970703125,112.93583679199219
415,-73.928744,40.659088,11.52844524383545,27.252716064453125,59.83267593383789,7.414243698120117,29.138639450073242,0.0,5.332188606262207,127.09740447998047,90.27298736572266,166.8104705810547
416,-73.939385,40.708804,11.736598014831543,15.239194869995117,26.67352867126465,1.1860533959406894e-05,16.720657348632812,0.0,5.299823760986328,152.95147705078125,109.84859466552734,179.61851501464844
417,-73.869305,40.693002,31.38435173034668,4.09079647064209,9.673080444335938,2.8524546613617474e-10,10.903432846069336,0.0,6.383084774017334,134.2291717529297,130.52481079101562,100.36499786376953
418,-73.944463,40.709765,34.163414001464844,12.208616256713867,17.103466033935547,0.0,27.2589054107666,0.0,5.420583248138428,143.88861083984375,123.861083984375,178.9231414794922
419,-73.919818,40.657712,29.331026077270508,11.380231857299805,118.56403350830078,4.127340502654296e-18,24.23137855529785,0.045929040759801865,5.190762996673584,160.63925170898438,111.39542388916016,209.67532348632812
420,-73.951823,40.66679,14.446216583251953,11.19683837890625,12.90514850616455,6.115596294403076,10.539021492004395,0.0,5.367408752441406,192.80947875976562,193.3527374267578,188.74044799804688
421,-73.979829,40.686147,37.219635009765625,15.640363693237305,118.79937744140625,1.7421819160805407e-37,25.37919807434082,0.0,5.21195650100708,186.05503845214844,273.343505859375,114.27243041992188
422,-73.925851,40.683446,0.0,3.733439252195936e-11,0.0,22.27372932434082,0.7273159027099609,0.0,5.134179592132568,120.94438171386719,84.64348602294922,159.0913848876953
423,-73.961636,40.678591,0.0,3.968752384185791,4.929288864135742,172.79017639160156,1.1485587358474731,0.0,5.079737186431885,103.3083267211914,90.08073425292969,116.6967544555664
424,-73.953692,40.685486,40.10389709472656,19.32120704650879,64.09686279296875,19.66844367980957,33.03847885131836,0.0,5.061349868774414,118.09375,78.1413345336914,158.5951690673828
425,-73.910719,40.680679,0.0,12.190190315246582,0.0,0.0,3.63850998878479,0.0,5.318554878234863,122.86151885986328,82.96258544921875,162.52830505371094
426,-73.960689,40.669805,2.4918482208202697e-11,10.77638053894043,0.27494508028030396,96.3646240234375,1.4251881619298246e-10,0.0,5.523534297943115,156.990966796875,190.30322265625,177.6265106201172
427,-73.986105,40.695444,28.67595863342285,16.668323516845703,233.24896240234375,32.85739517211914,66.87049102783203,0.0,6.478198528289795,606.249755859375,1387.3990478515625,329.0392761230469
428,-73.929693,40.702332,11.598310470581055,22.671974182128906,2.613098382949829,3.9925704409249363e-10,6.797740459442139,0.0,5.382851600646973,123.44014739990234,103.35063171386719,147.95846557617188
429,-73.919818,40.657712,29.331026077270508,11.380231857299805,118.56403350830078,4.127340502654296e-18,24.23137855529785,0.045929040759801865,5.190762996673584,160.63925170898438,111.39542388916016,209.67532348632812
430,-73.982424,40.6351,37.846458435058594,30.01893424987793,106.98246002197266,41.88576889038086,50.700439453125,0.0,5.378609657287598,202.50125122070312,218.05255126953125,187.3950653076172
431,-73.953328,40.721448,5.75946569442749,17.44049644470215,28.825700759887695,2.271018729516072e-06,19.443578720092773,0.0,5.791703224182129,114.60955810546875,71.25682067871094,139.12533569335938
432,-73.936635,40.593157,37.64109802246094,15.420839309692383,19.63778305053711,0.0,39.839908599853516,0.0,5.368552207946777,106.61262512207031,102.70279693603516,147.26107788085938
433,-73.93879,40.705005,11.519680976867676,17.76849937438965,21.733186721801758,2.6634864452868e-11,13.089319229125977,0.0,5.388235092163086,151.3655548095703,125.0606918334961,164.30755615234375
434,-73.875328,40.67878,32.07057189941406,24.07161521911621,41.7086181640625,0.0,15.078194618225098,0.0,5.560283660888672,82.2458724975586,68.8598861694336,100.95716857910156
435,-73.95818,40.692015,11.221627235412598,31.614295959472656,12.294594764709473,106.29222869873047,5.460581302642822,0.0,5.541335582733154,210.20297241210938,174.73411560058594,252.27732849121094
436,-73.898601,40.640543,19.764013290405273,0.8524903655052185,1.3495166301727295,4.944159984588623,3.643296480178833,0.0,5.20095682144165,73.5246810913086,65.8481674194336,98.88056945800781
437,-73.869305,40.693002,31.38435173034668,4.09079647064209,9.673080444335938,2.8524546613617474e-10,10.903432846069336,0.0,6.383084774017334,134.2291717529297,130.52481079101562,100.36499786376953
438,-73.963764,40.583263,0.0,1.1623912563529936e-30,0.0,0.0011424809927120805,0.0,0.0,5.285954475402832,171.2427215576172,268.5511169433594,158.595458984375
439,-73.912685,40.674456,12.821577072143555,1.3906972408294678,21.03054428100586,0.0,40.265289306640625,0.0,4.8828125,112.75558471679688,102.8319091796875,145.93728637695312
440,-73.941278,40.693654,19.920303344726562,19.7387752532959,17.489683151245117,228.27027893066406,16.732988357543945,0.0,5.419785976409912,146.08033752441406,103.23687744140625,189.3333282470703
441,-73.935891,40.681528,11.535189628601074,18.238916397094727,7.7465434074401855,81.69102478027344,21.812217712402344,0.0,5.296399116516113,108.95794677734375,76.05364990234375,143.4241485595703
442,-73.922212,40.647728,21.370649337768555,18.757102966308594,78.60599517822266,0.0,20.875627517700195,0.0,5.1847920417785645,80.01371765136719,107.94965362548828,74.42772674560547
443,-73.936635,40.593157,37.64109802246094,15.420839309692383,19.63778305053711,0.0,39.839908599853516,0.0,5.368552207946777,106.61262512207031,102.70279693603516,147.26107788085938
444,-73.898601,40.640543,19.764013290405273,0.8524903655052185,1.3495166301727295,4.944159984588623,3.643296480178833,0.0,5.20095682144165,73.5246810913086,65.8481674194336,98.88056945800781
445,-73.898607,40.645965,25.25249481201172,7.434374809265137,2.7859697341918945,2.4732797145843506,1.8505061864852905,0.0,5.215555667877197,88.45454406738281,73.19059753417969,101.06278991699219
446,-73.916927,40.634451,15.356927871704102,20.207448959350586,11.657708168029785,15.455101013183594,7.300825119018555,0.0,5.19444465637207,80.40738677978516,78.62969970703125,112.93583679199219
447,-73.869305,40.693002,31.38435173034668,4.09079647064209,9.673080444335938,2.8524546613617474e-10,10.903432846069336,0.0,6.383084774017334,134.2291717529297,130.52481079101562,100.36499786376953
448,-73.898601,40.640543,19.764013290405273,0.8524903655052185,1.3495166301727295,4.944159984588623,3.643296480178833,0.0,5.20095682144165,73.5246810913086,65.8481674194336,98.88056945800781
449,-73.906662,40.655644,11.553855895996094,20.081872940063477,15.054699897766113,20.14080238342285,2.5806124210357666,0.0,5.853741645812988,126.15924835205078,99.28948974609375,153.60455322265625
450,-73.915106,40.678124,12.59907054901123,3.069725751876831,5.801127910614014,0.0,5.205389499664307,0.0,5.148799896240234,105.76826477050781,91.91648864746094,125.29759216308594
451,-73.923881,40.666251,1.1453021215857007e-05,26.110517501831055,2.254253387451172,2.659330256005177e-10,12.102217674255371,0.0,5.367475509643555,108.85285186767578,98.34524536132812,140.17715454101562
452,-73.906662,40.655644,11.553855895996094,20.081872940063477,15.054699897766113,20.14080238342285,2.5806124210357666,0.0,5.853741645812988,126.15924835205078,99.28948974609375,153.60455322265625
453,-73.932066,40.68797,2.881469964981079,2.0479140281677246,1.884201683566289e-10,80.96258544921875,0.6772570013999939,0.0,5.281767845153809,121.74440002441406,97.88304138183594,146.07215881347656
454,-73.932066,40.68797,2.881469964981079,2.0479140281677246,1.884201683566289e-10,80.96258544921875,0.6772570013999939,0.0,5.281767845153809,121.74440002441406,97.88304138183594,146.07215881347656
455,-74.003372,40.675936,31.645915985107422,36.82620620727539,106.89698028564453,12.145721435546875,35.94960403442383,0.0,5.947280406951904,91.27864837646484,70.61151885986328,119.39530181884766
456,-73.92044,40.661945,19.14143180847168,34.336429595947266,44.156829833984375,0.0,38.036216735839844,4.9149589661946374e-27,5.185981273651123,156.9888458251953,142.31195068359375,166.1997833251953
457,-73.885704,40.659934,31.661069869995117,27.544666290283203,28.395633697509766,3.9284796659516474e-18,31.490550994873047,0.0,5.833168983459473,97.79560089111328,107.218994140625,116.11136627197266
458,-73.980266,40.683951,19.684816360473633,20.897993087768555,85.18041229248047,0.0,46.52580642700195,0.0,5.239072322845459,153.8871307373047,181.33297729492188,135.34254455566406
459,-73.869305,40.693002,31.38435173034668,4.09079647064209,9.673080444335938,2.8524546613617474e-10,10.903432846069336,0.0,6.383084774017334,134.2291717529297,130.52481079101562,100.36499786376953
460,-73.895976,40.673766,27.804630279541016,22.184843063354492,9.675395965576172,0.0,11.320924758911133,0.0,5.247352600097656,98.22411346435547,102.31714630126953,83.89266967773438
461,-73.884211,40.677112,8.639760971069336,9.170595169067383,6.202811241149902,1.0989967616503726e-11,9.629887580871582,0.0,5.320479869842529,106.26976776123047,106.50035095214844,106.64110565185547
462,-73.884211,40.677112,8.639760971069336,9.170595169067383,6.202811241149902,1.0989967616503726e-11,9.629887580871582,0.0,5.320479869842529,106.26976776123047,106.50035095214844,106.64110565185547
463,-73.897604,40.665446,8.803386622110998e-13,30.47716522216797,26.066261291503906,4.19365128687099e-35,40.5153923034668,0.0,5.3604960441589355,137.6218719482422,111.08032989501953,161.5330352783203
464,-73.910719,40.680679,0.0,12.190190315246582,0.0,0.0,3.63850998878479,0.0,5.318554878234863,122.86151885986328,82.96258544921875,162.52830505371094
465,-74.004342,40.655583,1.2675424078401054e-11,14.099357604980469,0.9672811031341553,2.698667049407959,41.048946380615234,0.0,5.398255825042725,132.7647705078125,142.85928344726562,98.30267333984375
466,-73.913508,40.659618,21.888195037841797,23.90732192993164,29.924848556518555,2.474078416824341,25.577699661254883,0.0,5.484739780426025,127.60897827148438,83.91307067871094,170.73641967773438
467,-73.931604,40.678478,23.139820098876953,6.473280429840088,3.3252322673797607,27.434650421142578,24.041011810302734,0.0,5.009828090667725,65.97543334960938,80.94598388671875,86.13749694824219
468,-73.968759,40.695389,1.0035272959840746e-11,18.582382202148438,3.359965361493522e-10,68.54781341552734,1.430751871145386e-11,0.0,5.214399814605713,122.478515625,104.24964904785156,128.63482666015625
469,-73.911279,40.666187,8.708711529692437e-11,0.6814451813697815,8.095954895019531,2.127883563796118e-10,15.942525863647461,0.0,5.4937238693237305,117.68557739257812,116.53453826904297,131.871337890625
470,-73.920658,40.659914,22.231985092163086,24.993867874145508,64.42237854003906,4.437764842933196e-18,31.05523681640625,1040.396484375,5.172106742858887,192.22036743164062,182.13482666015625,195.32815551757812
471,-73.986105,40.695444,28.67595863342285,16.668323516845703,233.24896240234375,32.85739517211914,66.87049102783203,0.0,6.478198528289795,606.249755859375,1387.3990478515625,329.0392761230469
472,-74.005151,40.677914,29.310094833374023,31.851051330566406,72.51510620117188,113.73126220703125,49.40924835205078,0.0,5.791332244873047,92.87842559814453,80.86656188964844,110.88980865478516
473,-73.879131,40.669358,15.033447265625,35.08946990966797,13.565251350402832,1.4586210711486913e-11,28.598337173461914,0.0,5.652935981750488,102.4733657836914,82.21058654785156,123.20486450195312
474,-73.879131,40.669358,15.033447265625,35.08946990966797,13.565251350402832,1.4586210711486913e-11,28.598337173461914,0.0,5.652935981750488,102.4733657836914,82.21058654785156,123.20486450195312
475,-73.876084,40.665817,0.025671781972050667,18.573806762695312,31.244245529174805,2.4700846672058105,25.46065902709961,0.0,5.91938591003418,100.03485870361328,75.1989974975586,113.46895599365234
476,-73.9317,40.6921,6.045090341629099e-22,10.963912010192871,9.782158416626885e-11,82.99027252197266,3.009336668746698e-10,0.0,5.285714149475098,110.73703002929688,86.51168823242188,136.43417358398438
477,-73.986678,40.606994,0.0,0.0,0.0,0.0,0.0,0.0,5.288726806640625,133.4490966796875,137.3775177001953,155.05445861816406
478,-73.874537,40.67002,5.85615348815918,31.81451988220215,13.93067741394043,2.454732656478882,16.361541748046875,0.0,5.490394115447998,105.54657745361328,77.15242004394531,154.42636108398438
479,-73.97858,40.669255,31.288593292236328,21.397785186767578,131.9589080810547,0.0,120.94141387939453,0.0,5.449636459350586,178.2366943359375,255.27976989746094,128.05731201171875
480,-73.955741,40.70554,31.750165939331055,18.44371795654297,30.808338165283203,2.918100136528601e-11,43.09821319580078,0.0,5.5051164627075195,246.34756469726562,275.4700927734375,208.64532470703125
481,-73.986678,40.606994,0.0,0.0,0.0,0.0,0.0,0.0,5.288726806640625,133.4490966796875,137.3775177001953,155.05445861816406
482,-73.932254,40.691467,0.34907329082489014,10.823905944824219,1.8588539041353158e-10,72.28465270996094,3.3698244195079496e-10,0.0,5.2868852615356445,112.42675018310547,84.29303741455078,142.0323486328125
483,-73.995084,40.60498,0.0,0.0,0.0,0.0,0.0,0.0,5.403528213500977,138.28990173339844,115.80021667480469,160.588623046875
484,-73.971644,40.69453,1.5560345980464296e-12,2.4889791011810303,1.8210801790152775e-12,51.89824295043945,3.0918052840167576e-11,0.0,5.164303779602051,180.9395294189453,127.58488464355469,214.03086853027344
485,-73.947932,40.719818,14.412019729614258,14.934682846069336,13.445794105529785,7.436788082122803,16.132450103759766,0.0,5.441758155822754,83.4642105102539,105.4399642944336,105.95176696777344
486,-73.912102,40.665568,1.435423731803894,4.650516986846924,12.887165069580078,0.0,14.294611930847168,0.0,5.46095085144043,107.90642547607422,106.2431869506836,122.45796966552734
487,-74.014363,40.677968,0.0,0.42465510964393616,0.0,139.58029174804688,3.8253758884512767e-13,0.0,5.404862403869629,64.39046478271484,61.58050537109375,48.84800720214844
488,-73.947256,40.69447,24.459463119506836,22.349483489990234,28.35915184020996,165.1395263671875,25.483631134033203,0.0,5.342177391052246,156.14224243164062,123.16329956054688,191.58653259277344
489,-73.960808,40.689499,2.611769199371338,29.60750961303711,7.0475640296936035,35.82634735107422,1.0916320085525513,0.0,5.479409694671631,202.57093811035156,220.78390502929688,247.99359130859375
490,-73.951575,40.656423,16.750734329223633,16.16588592529297,4.845526218414307,2.8708597820407533e-39,6.298776604463097e-13,0.0,5.426706790924072,139.1916961669922,109.641845703125,176.02577209472656
491,-73.960093,40.6771,2.686952003915463e-36,13.573594093322754,2.5073866844177246,48.577484130859375,10.885818481445312,0.0,5.42339563369751,137.32968139648438,119.86144256591797,161.05557250976562
492,-74.007222,40.653277,0.0,14.300905227661133,6.544058223203038e-38,106.23831176757812,0.0,0.0,5.343721389770508,145.50027465820312,165.53982543945312,113.56431579589844
493,-73.944,40.706729,34.10523223876953,14.413293838500977,39.421783447265625,1.2610870681051267e-11,26.43814468383789,0.0,5.440286636352539,152.85398864746094,115.26116180419922,193.00221252441406
494,-73.906662,40.655644,11.553855895996094,20.081872940063477,15.054699897766113,20.14080238342285,2.5806124210357666,0.0,5.853741645812988,126.15924835205078,99.28948974609375,153.60455322265625
495,-73.924422,40.6881,0.0,1.866729497909546,1.9890530889021818e-10,74.50214385986328,1.8167495727539062,0.0,5.155498504638672,146.49041748046875,152.15135192871094,142.37220764160156
496,-73.981925,40.58807,0.0,0.0,0.0,0.0,0.0,0.0,5.142649173736572,94.63999938964844,132.51768493652344,119.37846374511719
497,-73.936313,40.662092,2.7251710891723633,17.2525577545166,25.502485275268555,35.833221435546875,14.475406646728516,0.0,5.046832084655762,137.3388671875,131.0759735107422,159.91213989257812
498,-73.892797,40.644134,8.720130920410156,8.968880653381348,12.536840438842773,4.954832553863525,1.8226383924484253,0.0,5.252225399017334,103.95152282714844,88.83580780029297,119.6224365234375
499,-73.985413,40.576976,0.0,0.0,0.0,0.0,0.0,0.0,5.2511372566223145,81.28319549560547,47.375335693359375,106.75978088378906
500,-74.005151,40.677914,29.310094833374023,31.851051330566406,72.51510620117188,113.73126220703125,49.40924835205078,0.0,5.791332244873047,92.87842559814453,80.86656188964844,110.88980865478516
501,-73.925087,40.689569,0.0,6.68635892868042,2.508221408348277e-10,57.13015365600586,1.813345193862915,0.0,5.1445136070251465,140.48507690429688,145.04519653320312,137.9964599609375
502,-73.915217,40.695875,18.836627960205078,14.019158363342285,0.9654600620269775,0.0,1.818232774734497,1.1074006466350102e-20,5.507625102996826,143.48150634765625,143.6949920654297,147.4046173095703
503,-73.914282,40.651642,28.205350875854492,14.691444396972656,127.92472839355469,1.5902438870937785e-12,24.392839431762695,0.0,5.517857074737549,76.92268371582031,51.31667709350586,102.38733673095703
504,-73.918123,40.668608,8.292129516601562,11.753293991088867,7.6751179695129395,0.0,13.207797050476074,0.0,5.059139728546143,92.31059265136719,62.585105895996094,121.8883285522461
505,-73.936635,40.593157,37.64109802246094,15.420839309692383,19.63778305053711,0.0,39.839908599853516,0.0,5.368552207946777,106.61262512207031,102.70279693603516,147.26107788085938
506,-73.936635,40.593157,37.64109802246094,15.420839309692383,19.63778305053711,0.0,39.839908599853516,0.0,5.368552207946777,106.61262512207031,102.70279693603516,147.26107788085938
507,-73.867138,40.669356,11.482064247131348,19.236942291259766,7.525595664978027,3.771570000754565e-10,19.234521865844727,0.0,5.683320045471191,108.17124938964844,73.8023452758789,142.0478057861328
508,-73.949243,40.665757,25.53580093383789,7.350198745727539,16.8019962310791,151.695556640625,9.885286331176758,0.0,5.302112102508545,180.0751953125,198.9306640625,165.66995239257812
509,-73.928917,40.67271,16.172998428344727,0.8019235134124756,22.19066047668457,0.042649246752262115,39.305381774902344,0.0,5.314833641052246,133.0673065185547,105.99107360839844,162.74432373046875
510,-73.972009,40.582518,0.0,0.0,0.0,0.0,0.0,0.0,5.3733439445495605,154.2167205810547,128.12767028808594,192.3535614013672
511,-73.943839,40.658671,42.43218231201172,20.816923141479492,11.828739166259766,0.015516294166445732,1.815283179283142,0.0,5.2268829345703125,115.52655029296875,147.89344787597656,132.07614135742188
512,-73.914312,40.612258,14.45400619506836,0.844128429889679,0.9670107960700989,9.509739483986516e-16,15.045085906982422,0.0,5.1785712242126465,20.801733016967773,37.13801956176758,28.44947052001953
513,-74.007469,40.606739,0.0,0.0,0.0,0.0,0.0,0.0,5.371738910675049,109.77713775634766,95.33213806152344,124.6739730834961
514,-73.939282,40.675905,11.582926750183105,3.2139804363250732,1.937410831451416,11.442744255065918,12.397506713867188,0.0,5.286231994628906,118.34645080566406,81.30308532714844,155.8521270751953
515,-73.936635,40.593157,37.64109802246094,15.420839309692383,19.63778305053711,0.0,39.839908599853516,0.0,5.368552207946777,106.61262512207031,102.70279693603516,147.26107788085938
516,-73.969248,40.682576,9.618019922164045e-12,3.9381175404029634e-11,3.045742269502938e-10,0.0002744873345363885,0.0,0.0,5.116316795349121,130.0065460205078,118.94149780273438,138.83042907714844
517,-73.807991,40.70283,13.072973251342773,25.511838912963867,4.833793640136719,60.766963958740234,21.96617889404297,0.0,5.346249103546143,170.4124755859375,126.04707336425781,204.90943908691406
518,-73.951559,40.673943,24.983543395996094,20.383481979370117,55.9975471496582,3.501740009070886e-09,42.91664123535156,0.0,5.322361946105957,137.0822296142578,115.84912109375,158.8019256591797
519,-73.940859,40.686213,1.1846803184802036e-19,30.624380111694336,0.9281031489372253,109.50080871582031,3.609123468399048,0.0,5.354838848114014,125.38496398925781,83.85566711425781,171.9214324951172
520,-73.982624,40.656202,25.69508934020996,24.83047866821289,133.69558715820312,9.4252290725708,37.171531677246094,0.0,5.595454692840576,66.50811767578125,64.87838745117188,76.02706146240234
521,-73.900432,40.643834,14.997894287109375,3.9025566577911377,4.082756519317627,0.0,3.6926310062408447,0.0,5.232767105102539,70.09955596923828,69.5354995727539,69.72065734863281
522,-73.869434,40.685852,13.762450218200684,14.37149715423584,1.0191304683685303,0.0,42.47226333618164,0.0,5.487051010131836,132.93568420410156,90.48910522460938,175.92532348632812
523,-73.925592,40.647851,21.958890914916992,18.916629791259766,32.258384704589844,2.4016029834747314,18.47268295288086,381.47393798828125,5.057708263397217,85.67542266845703,85.80518341064453,98.25018310546875
524,-73.869305,40.693002,31.38435173034668,4.09079647064209,9.673080444335938,2.8524546613617474e-10,10.903432846069336,0.0,6.383084774017334,134.2291717529297,130.52481079101562,100.36499786376953
525,-73.931604,40.678478,23.139820098876953,6.473280429840088,3.3252322673797607,27.434650421142578,24.041011810302734,0.0,5.009828090667725,65.97543334960938,80.94598388671875,86.13749694824219
526,-74.007222,40.653277,0.0,14.300905227661133,6.544058223203038e-38,106.23831176757812,0.0,0.0,5.343721389770508,145.50027465820312,165.53982543945312,113.56431579589844
527,-73.998973,40.661059,30.025209426879883,13.059480667114258,36.62133026123047,1.280095100402832,36.2448616027832,519.2386474609375,5.532209873199463,67.34487915039062,64.42157745361328,70.71564483642578
528,-74.025734,40.622039,0.0,0.0,0.0,0.0,0.0,0.0,5.2618818283081055,106.16123962402344,102.15948486328125,119.43953704833984
529,-73.898249,40.667985,20.959203720092773,28.020923614501953,55.061710357666016,0.0,30.7775821685791,0.0,5.411716938018799,150.12252807617188,116.68608093261719,164.2631072998047
530,-73.927979,40.663388,13.405952453613281,27.379060745239258,12.241254806518555,6.339651107788086,30.56749153137207,0.0,5.39724588394165,127.70256042480469,90.26622772216797,173.7736358642578
531,-73.955856,40.58026,0.0,6.423532962799072,0.0,12.276329040527344,0.0,0.0,5.427256107330322,187.0332794189453,202.94155883789062,177.28819274902344
532,-73.984985,40.608135,0.0,0.0,0.0,0.0,0.0,0.0,5.333608627319336,154.32080078125,138.50830078125,195.100341796875
533,-73.884211,40.677112,8.639760971069336,9.170595169067383,6.202811241149902,1.0989967616503726e-11,9.629887580871582,0.0,5.320479869842529,106.26976776123047,106.50035095214844,106.64110565185547
534,-73.906018,40.672216,31.848167419433594,7.550745487213135,71.58606719970703,0.0,19.10719108581543,0.0,5.423393726348877,131.1638641357422,85.13253021240234,178.99440002441406
535,-73.915106,40.678124,12.59907054901123,3.069725751876831,5.801127910614014,0.0,5.205389499664307,0.0,5.148799896240234,105.76826477050781,91.91648864746094,125.29759216308594
536,-73.919818,40.657712,29.331026077270508,11.380231857299805,118.56403350830078,4.127340502654296e-18,24.23137855529785,0.045929040759801865,5.190762996673584,160.63925170898438,111.39542388916016,209.67532348632812
537,-73.912914,40.620537,0.0,4.293015480041504,0.0,26.4381046295166,1.1349953095429743e-12,0.0,5.2211432456970215,46.08477783203125,54.83636474609375,48.844451904296875
538,-73.937717,40.694676,13.0825777053833,12.780932426452637,8.830623626708984,106.287109375,17.74750518798828,0.0,5.332803726196289,150.9646759033203,104.51557159423828,196.0879364013672
539,-73.915159,40.693542,8.577927589416504,15.04947566986084,1.0661756894014829e-10,2.749749317132455e-10,1.8182181119918823,518.5404052734375,5.527964115142822,131.23684692382812,111.13836669921875,151.83409118652344
540,-73.883469,40.660077,30.871131896972656,25.86808967590332,33.69511413574219,1.3978190133157042e-11,32.63139343261719,0.0,5.765190601348877,91.18268585205078,96.27368927001953,119.80358123779297
541,-73.885704,40.659934,31.661069869995117,27.544666290283203,28.395633697509766,3.9284796659516474e-18,31.490550994873047,0.0,5.833168983459473,97.79560089111328,107.218994140625,116.11136627197266
542,-73.971474,40.688769,1.7991234587191873e-12,4.012367521566418e-11,0.9659789204597473,56.10464096069336,0.631657063961029,0.0,5.110905647277832,125.13735961914062,116.24121856689453,131.92417907714844
543,-73.948982,40.638957,41.880184173583984,3.0189127922058105,105.32024383544922,1.0089348943138683e-43,28.838285446166992,0.0,5.394487380981445,129.00335693359375,100.3729019165039,168.07167053222656
544,-73.969887,40.632149,28.843610763549805,7.145537376403809,15.704405784606934,21.011608123779297,21.251890182495117,0.0,5.434944152832031,177.94398498535156,149.10775756835938,207.27755737304688
545,-73.908341,40.65452,20.799617767333984,18.33823013305664,25.17707633972168,24.734119415283203,9.213118553161621,0.0,5.838348865509033,130.05172729492188,112.98250579833984,149.46197509765625
546,-73.90892,40.693748,12.872750282287598,27.171907424926758,4.84291410446167,2.508040441995263e-10,3.6067984104156494,8.972567044856206e-23,5.492323398590088,159.60983276367188,115.55366516113281,204.40476989746094
547,-73.987399,40.70043,35.835540771484375,12.745772361755371,105.87995147705078,235.73556518554688,74.68265533447266,0.0,6.549118518829346,245.06016540527344,211.1599884033203,185.67791748046875
548,-73.888775,40.65787,13.273239135742188,26.80480194091797,11.893815994262695,2.4044573307037354,25.250736236572266,0.0,5.375675678253174,104.42803192138672,73.05231475830078,121.90068817138672
549,-73.93861,40.591132,20.978628158569336,17.512624740600586,7.600831508636475,0.0,49.02125930786133,0.0,5.241202354431152,104.26976013183594,84.38658142089844,139.3676300048828
550,-74.007596,40.652127,0.0,10.063966751098633,0.0,103.44902038574219,0.0,0.0,5.386147975921631,146.18446350097656,145.84202575683594,139.42340087890625
551,-73.973363,40.647598,6.799379825592041,28.72576904296875,1.9394406080245972,41.76226806640625,0.016363874077796936,0.0,5.548954010009766,135.3642120361328,114.17259216308594,153.0419921875
552,-73.978094,40.616487,6.569287200754742e-41,25.010290145874023,0.0,16.83486557006836,0.0,0.0,5.307535648345947,112.24281311035156,95.56531524658203,123.96726989746094
553,-73.966208,40.630109,26.24252700805664,11.748359680175781,0.0001477127952966839,19.780094146728516,12.665711402893066,0.0,5.287265777587891,111.12039184570312,83.06954193115234,140.57496643066406
554,-73.983116,40.656952,23.157901763916016,23.418018341064453,150.6503448486328,9.890982627868652,34.973331451416016,0.0,5.5697550773620605,71.30088806152344,74.34829711914062,74.83881378173828
555,-73.992076,40.702952,52.24699020385742,28.685136795043945,162.9317626953125,202.5961151123047,54.236637115478516,0.0,6.289596080780029,230.00367736816406,243.820556640625,185.7657928466797
556,-73.95381,40.656276,18.215173721313477,10.843901634216309,4.840304851531982,3.634276435349193e-09,0.49848583340644836,0.0,5.502150535583496,167.97735595703125,122.25810241699219,224.68411254882812
557,-73.956832,40.681102,26.380163192749023,17.970046997070312,44.427955627441406,100.31554412841797,9.086840629577637,0.0,5.1421051025390625,88.596923828125,69.36553955078125,106.99024963378906
558,-73.919653,40.695975,5.761585712432861,20.554473876953125,6.534002022817731e-05,1.4065897943531876e-15,1.8184161186218262,0.0,5.465696334838867,129.2835693359375,112.5599594116211,146.4710693359375
559,-73.940749,40.691472,23.147838592529297,28.889881134033203,13.237728118896484,229.02932739257812,7.929180145263672,0.0,5.321030139923096,124.95807647705078,85.54389190673828,164.7201690673828
560,-73.957501,40.64879,44.573787689208984,6.523006916046143,137.90615844726562,3.1112197779008255e-13,26.61806869506836,0.0,5.22882080078125,133.4639892578125,188.43588256835938,169.3136749267578
561,-73.97101,40.644861,3.709467649459839,31.530563354492188,0.026514969766139984,2.2125014494112083e-12,1.9505678415298462,0.0,5.3620100021362305,95.79261016845703,71.69730377197266,119.35482788085938
562,-73.97101,40.644861,3.709467649459839,31.530563354492188,0.026514969766139984,2.2125014494112083e-12,1.9505678415298462,0.0,5.3620100021362305,95.79261016845703,71.69730377197266,119.35482788085938
563,-73.972767,40.702258,7.802016845082083e-12,0.0015103459591045976,1.553168288426221e-10,1.4306911558237267e-11,3.700815695562021e-13,0.0,5.27419376373291,,7.062088489532471,
564,-73.932254,40.691467,0.34907329082489014,10.823905944824219,1.8588539041353158e-10,72.28465270996094,3.3698244195079496e-10,0.0,5.2868852615356445,112.42675018310547,84.29303741455078,142.0323486328125
565,-73.986345,40.600808,0.0,0.0,0.0,0.0,0.0,0.0,5.189473628997803,104.50515747070312,92.1964111328125,130.44178771972656
566,-74.004306,40.643018,0.0,8.010419845581055,0.0,7.498248100280762,0.0,0.0,5.433734893798828,185.43772888183594,120.58149719238281,250.73878479003906
567,-73.928673,40.674491,20.573945999145508,1.5833553075790405,22.461034774780273,4.950824737548828,41.18270492553711,0.0,5.238583564758301,116.72087097167969,96.95268249511719,137.3780517578125
568,-73.894877,40.662243,28.8702392578125,16.426631927490234,5.814631462097168,4.953495979309082,36.315853118896484,0.0,5.35758113861084,122.62222290039062,96.49820709228516,149.2698974609375
569,-73.867071,40.681183,31.303447723388672,15.645491600036621,21.350072860717773,0.0,20.81275177001953,0.0,5.3787312507629395,120.74093627929688,70.6982421875,171.19447326660156
570,-73.987399,40.70043,35.835540771484375,12.745772361755371,105.87995147705078,235.73556518554688,74.68265533447266,0.0,6.549118518829346,245.06016540527344,211.1599884033203,185.67791748046875
571,-73.910292,40.665264,3.293806791305542,9.040071487426758,9.690287590026855,4.38096284866333,13.130681991577148,0.0,5.5048699378967285,128.3206787109375,110.85460662841797,158.98326110839844
572,-73.973492,40.682163,5.7629218101501465,3.6528143882751465,1.2946246897627134e-05,4.997411251068115,14.0322904586792,0.0,5.220716953277588,136.9316864013672,122.59425354003906,153.1688995361328
573,-73.916927,40.634451,15.356927871704102,20.207448959350586,11.657708168029785,15.455101013183594,7.300825119018555,0.0,5.19444465637207,80.40738677978516,78.62969970703125,112.93583679199219
574,-73.922733,40.643897,23.09128761291504,15.263322830200195,26.735177993774414,9.352690696716309,23.229846954345703,0.0,4.974751949310303,55.547603607177734,38.48609161376953,80.34202575683594
575,-73.97872,40.647893,26.52496910095215,19.665868759155273,13.122356414794922,109.91098022460938,25.61940574645996,0.0,5.201263427734375,107.13594818115234,122.63180541992188,123.02561950683594
576,-73.882154,40.678076,21.079116821289062,13.092918395996094,11.809094429016113,1.7591669440597535e-11,19.875246047973633,0.0,5.319650650024414,102.52457427978516,102.63170623779297,95.31375122070312
577,-74.012089,40.642877,0.0,0.0,0.0,0.0,0.0,0.0,5.234341144561768,202.64344787597656,133.2983856201172,272.4808044433594
578,-73.954306,40.652706,17.475419998168945,3.003570795059204,8.698466300964355,0.0,15.178061485290527,0.0,5.159242630004883,180.0204315185547,106.81808471679688,253.1771240234375
579,-73.939706,40.652671,18.426149368286133,27.76621437072754,5.550189971923828,1.1350048505220922e-11,3.610323667526245,0.0,5.465265274047852,93.87357330322266,66.63463592529297,120.90811920166016
580,-73.875152,40.680655,24.389297485351562,20.525388717651367,46.2357063293457,0.0,33.91493606567383,0.0,5.476429462432861,71.6240463256836,72.088623046875,78.50321197509766
581,-74.020748,40.642914,0.0,0.0,0.0,0.0,0.0,0.0,5.416967391967773,159.31851196289062,148.0901336669922,152.14825439453125
582,-73.981971,40.688909,37.43699645996094,23.31045913696289,192.2706756591797,3.6729546487590525e-11,49.278480529785156,0.0,5.230496406555176,348.8621520996094,415.39288330078125,237.4993438720703
583,-73.875152,40.680655,24.389297485351562,20.525388717651367,46.2357063293457,0.0,33.91493606567383,0.0,5.476429462432861,71.6240463256836,72.088623046875,78.50321197509766
584,-74.020748,40.642914,0.0,0.0,0.0,0.0,0.0,0.0,5.416967391967773,159.31851196289062,148.0901336669922,152.14825439453125
585,-73.9456,40.68192,14.406302452087402,26.290925979614258,6.473004857815434e-12,47.18335723876953,4.4444630267759244e-12,0.0,5.248938083648682,120.92100524902344,91.63214111328125,152.6057586669922
586,-73.885704,40.659934,31.661069869995117,27.544666290283203,28.395633697509766,3.9284796659516474e-18,31.490550994873047,0.0,5.833168983459473,97.79560089111328,107.218994140625,116.11136627197266
587,-73.922296,40.658834,23.05609703063965,13.25147819519043,81.07778930664062,4.690069405422589e-18,27.682649612426758,1039.317138671875,5.186491966247559,153.86773681640625,111.4295883178711,194.84774780273438
588,-74.002162,40.653344,11.580310821533203,19.744552612304688,4.849449634552002,1.8202636241912842,36.25031661987305,0.0,5.349602699279785,141.4598846435547,122.78682708740234,121.20401000976562
589,-73.898607,40.645965,25.25249481201172,7.434374809265137,2.7859697341918945,2.4732797145843506,1.8505061864852905,0.0,5.215555667877197,88.45454406738281,73.19059753417969,101.06278991699219
590,-73.973492,40.682163,5.7629218101501465,3.6528143882751465,1.2946246897627134e-05,4.997411251068115,14.0322904586792,0.0,5.220716953277588,136.9316864013672,122.59425354003906,153.1688995361328
591,-73.92044,40.661945,19.14143180847168,34.336429595947266,44.156829833984375,0.0,38.036216735839844,4.9149589661946374e-27,5.185981273651123,156.9888458251953,142.31195068359375,166.1997833251953
592,-73.893319,40.671601,11.24392032623291,20.02986717224121,52.46017837524414,0.0,12.703642845153809,0.0,5.434221267700195,127.50038146972656,115.40461730957031,141.2589569091797
593,-73.937717,40.694676,13.0825777053833,12.780932426452637,8.830623626708984,106.287109375,17.74750518798828,0.0,5.332803726196289,150.9646759033203,104.51557159423828,196.0879364013672
594,-74.020343,40.639518,0.0,0.0,0.0,0.0,0.0,0.0,5.434027671813965,163.90826416015625,124.17369079589844,190.6458740234375
595,-73.938969,40.670841,5.782668590545654,6.474878311157227,9.028060913085938,0.5138159990310669,22.573869705200195,0.0,5.379811763763428,142.43788146972656,124.72359466552734,160.65664672851562
596,-73.963764,40.583263,0.0,1.1623912563529936e-30,0.0,0.0011424809927120805,0.0,0.0,5.285954475402832,171.2427215576172,268.5511169433594,158.595458984375
597,-73.97858,40.669255,31.288593292236328,21.397785186767578,131.9589080810547,0.0,120.94141387939453,0.0,5.449636459350586,178.2366943359375,255.27976989746094,128.05731201171875
598,-73.9456,40.68192,14.406302452087402,26.290925979614258,6.473004857815434e-12,47.18335723876953,4.4444630267759244e-12,0.0,5.248938083648682,120.92100524902344,91.63214111328125,152.6057586669922
599,-73.944961,40.67377,11.571521759033203,9.052918434143066,0.14637549221515656,16.53648567199707,5.458950519561768,0.0,5.457467079162598,146.35073852539062,89.08892822265625,200.55015563964844
600,-73.929693,40.702332,11.598310470581055,22.671974182128906,2.613098382949829,3.9925704409249363e-10,6.797740459442139,0.0,5.382851600646973,123.44014739990234,103.35063171386719,147.95846557617188
601,-74.005168,40.654306,6.66705224361408e-09,17.71924591064453,0.9670189619064331,29.554033279418945,0.00398182962089777,0.0,5.343977928161621,145.42788696289062,164.3728790283203,90.381591796875
602,-73.827642,40.831829,11.771018981933594,0.0,0.9664385318756104,0.0,4.946047306060791,0.0,3.964601755142212,59.709651947021484,60.95857620239258,59.71316909790039
603,-73.997478,40.71255,0.9386920928955078,20.885705947875977,3.2849719524383545,3.5379208243591087e-12,0.4230765402317047,0.0,5.412084102630615,412.8069152832031,310.7037048339844,487.6573486328125
604,-73.991523,40.712907,17.288822174072266,25.3736629486084,44.672977447509766,4.945491313934326,17.301246643066406,0.0,5.575643539428711,475.104248046875,184.79083251953125,653.0667114257812
605,-74.005949,40.732603,12.223517417907715,9.746204376220703,16.4285888671875,7.50852632522583,16.66066551208496,0.0,5.394052028656006,257.8277587890625,312.50018310546875,203.30752563476562
606,-73.941594,40.834877,0.6188377737998962,0.0,0.9652007222175598,0.0,11.656233787536621,0.0,5.3862433433532715,248.7340545654297,151.60409545898438,342.61138916015625
607,-73.922277,40.857633,0.0,0.0,0.0,0.0,0.0,0.0,7.254703521728516,,94.3281478881836,
608,-73.960427,40.777737,12.992376327514648,15.154056549072266,7.19537013083027e-07,1.6775658553264128e-12,16.801502227783203,0.0,5.023593425750732,246.64846801757812,281.3324890136719,212.5213623046875
609,-73.939374,40.800616,1.5469653552938056e-12,14.262612342834473,3.562690420455539e-11,0.0,3.692293167114258,518.6798706054688,4.942016124725342,221.04718017578125,193.16949462890625,246.9141082763672
610,-73.936614,40.839235,0.12760479748249054,0.0,1.930920124053955,0.0,2.4160834444231227e-10,0.0,5.805405616760254,187.36972045898438,196.19586181640625,225.24916076660156
611,-73.974256,40.785234,16.53067970275879,5.417266845703125,10.747474670410156,6.142855321633611e-13,29.32219696044922,0.0,5.138693332672119,256.19476318359375,281.42486572265625,262.4912109375
612,-74.000743,40.744186,2.8812689781188965,21.914697647094727,5.833662033081055,0.0,28.676424026489258,0.0,5.269652843475342,298.6596984863281,352.39581298828125,245.38592529296875
613,-73.942285,40.792556,13.221552848815918,18.114742279052734,0.9655996561050415,0.0,22.33449935913086,0.0,5.189884662628174,201.45848083496094,182.064208984375,240.11595153808594
614,-73.978747,40.722075,8.646737098693848,26.67151641845703,7.732055187225342,9.397782325744629,16.49290657043457,0.0,5.259835243225098,196.88523864746094,153.21722412109375,254.86618041992188
615,-73.921474,40.860961,0.0,0.0,0.0,0.0,0.0,0.0,5.322295665740967,255.98443603515625,70.03845977783203,378.0763854980469
616,-73.986312,40.721305,18.435226440429688,19.05514907836914,20.74131965637207,37.14120101928711,44.49382400512695,0.0,5.1123504638671875,253.43157958984375,227.47210693359375,262.9715576171875
617,-73.942023,40.83163,19.40411376953125,0.11926303058862686,2.8963799476623535,0.0,15.98486328125,0.0,5.363716125488281,191.0441436767578,125.83146667480469,250.78439331054688
618,-73.935461,40.805653,22.93327522277832,18.35503387451172,3.0072693467386724e-12,0.0,12.700865745544434,0.0,5.512499809265137,193.2237548828125,183.9525604248047,209.2185821533203
619,-74.000238,40.749014,1.1808775752797374e-06,18.897138595581055,0.9675371646881104,0.0,3.966677665710449,0.0,5.298110008239746,237.541748046875,161.32940673828125,302.68255615234375
620,-73.975058,40.726008,11.648601531982422,23.967876434326172,19.647506713867188,2.1354210296690856e-24,15.740015029907227,0.0,5.957273483276367,198.02032470703125,103.37828063964844,287.5062255859375
621,-73.985899,40.764129,3.3793161411527217e-12,22.030723571777344,1.6485993126202914e-11,9.399354211625521e-11,5.200314137643325e-11,0.0,5.2238945960998535,548.2516479492188,802.4401245117188,345.0745849609375
622,-73.957409,40.810705,5.760045051574707,15.082764625549316,3.017472743988037,1.8889742743090354e-14,23.183448791503906,0.0,5.37692928314209,420.60736083984375,508.99853515625,361.8154296875
623,-73.93374,40.799265,9.462121963500977,4.994468688964844,7.734070301055908,0.0,5.43286657333374,0.0,5.219127178192139,192.12884521484375,153.4128875732422,234.9430694580078
624,-73.944762,40.788668,9.495641708374023,25.4627742767334,1.9314944744110107,0.0,13.211750984191895,0.0,5.123359680175781,212.0299835205078,169.13035583496094,246.83294677734375
625,-73.981536,40.735328,20.763668060302734,17.156719207763672,27.630693435668945,3.643715971307637e-12,39.19117736816406,0.0,5.324624061584473,305.7445373535156,378.2304992675781,264.977783203125
626,-73.999094,40.73545,5.770702838897705,11.683959007263184,41.62289810180664,0.0,33.9718017578125,0.0,5.490054130554199,418.24786376953125,611.6364135742188,210.94998168945312
627,-73.990826,40.716126,16.8253231048584,25.473480224609375,40.63205337524414,4.030689670919685e-10,39.57233428955078,0.0,5.501464366912842,294.19158935546875,287.6607666015625,283.3970031738281
628,-73.9363,40.8304,22.860618591308594,2.1763198375701904,2.897817373275757,0.0,7.136514186859131,0.0,5.618876934051514,516.197509765625,123.87335205078125,790.6376342773438
629,-73.981329,40.738374,16.968475341796875,18.9462947845459,111.56903839111328,5.245730516634239e-10,42.48753356933594,0.0,5.061624526977539,590.3912353515625,789.573974609375,381.03594970703125
630,-73.933629,40.853193,0.0,1.3354039529928951e-28,0.0,0.0,1.5236603645440994e-10,0.0,5.307971000671387,236.1519775390625,182.376953125,287.13031005859375
631,-73.995825,40.761487,0.0024875809904187918,20.846662521362305,6.3806086618377e-23,0.0,5.308931827545166,0.0,4.899009704589844,417.5409240722656,337.0205383300781,459.2180480957031
632,-73.925464,40.865556,0.0,0.0,0.0,0.0,0.0,0.0,5.103710651397705,221.54286193847656,145.26182556152344,294.05487060546875
633,-73.96327,40.8007,19.717788696289062,19.38262176513672,3.7356960773468018,1.383039082564208e-12,26.914628982543945,0.0,5.039543151855469,240.68246459960938,189.23434448242188,300.7768249511719
634,-73.941598,40.797205,17.2888240814209,15.794882774353027,0.03881341964006424,0.0,18.08907127380371,6.703951983176357e-41,5.077807426452637,204.6920928955078,155.6488494873047,250.7030029296875
635,-73.967204,40.759248,2.0860278080906983e-31,22.094661712646484,2.658810615539551,5.874232849277516e-13,9.578000198517955e-11,0.0,5.286642074584961,504.057373046875,801.4188842773438,305.5721740722656
636,-73.986214,40.72444,45.724037170410156,17.71942710876465,156.78289794921875,0.48977917432785034,39.23026657104492,0.0,5.059859275817871,254.86831665039062,189.92881774902344,310.17059326171875
637,-73.981597,40.72313,6.0176777839660645,21.986215591430664,31.969636917114258,14.457486152648926,32.5488395690918,0.0,5.229767322540283,219.10545349121094,174.7249298095703,274.999267578125
638,-73.935335,40.801547,11.52287769317627,8.359184265136719,8.757835142337242e-41,0.0,3.88578724861145,1.0788301601038798e-23,5.202475547790527,210.99404907226562,185.02435302734375,223.62469482421875
639,-73.935815,40.839139,2.169981350912207e-14,0.0,1.930401086807251,0.0,3.173290519242755e-10,0.0,6.151975631713867,191.84002685546875,209.8126983642578,242.8534393310547
640,-73.94745,40.791444,10.900249481201172,21.93439292907715,2.4230429894646225e-15,0.0,19.907201766967773,0.0,4.834126949310303,200.42630004882812,186.59878540039062,222.91180419921875
641,-73.973996,40.795109,11.400763511657715,17.903474807739258,0.0,1.1893538454446628e-12,11.083067893981934,0.0,5.391928195953369,326.078125,217.56375122070312,430.53436279296875
642,-73.951451,40.806534,25.54555320739746,16.934101104736328,7.123207092285156,0.0,37.23069381713867,0.0,5.155938148498535,177.1931610107422,148.8368682861328,203.36195373535156
643,-73.95042,40.785018,15.722124099731445,14.262960433959961,3.310520887374878,0.0,35.86431121826172,0.0,5.096455097198486,294.2854309082031,236.3848114013672,348.14215087890625
644,-73.942009,40.802547,9.633132833086755e-12,14.531279563903809,3.8307435512542725,0.0,12.493812561035156,518.2615356445312,5.244598865509033,200.7631072998047,147.11453247070312,252.47222900390625
645,-73.986051,40.713362,7.042428493499756,27.604459762573242,53.73532485961914,12.319491386413574,2.392796277999878,0.0,5.27510929107666,249.10354614257812,187.1777801513672,315.118896484375
646,-73.941955,40.793363,23.30477523803711,17.845178604125977,0.25352928042411804,0.0,20.964183807373047,0.0,5.237640857696533,191.98828125,169.9154052734375,237.20742797851562
647,-73.968419,40.789479,36.21664810180664,20.38703727722168,1.4950085878372192,2.3353892604494053e-12,14.906416893005371,0.0,5.638206958770752,278.10107421875,248.32723999023438,305.1729431152344
648,-73.934951,40.81698,13.941230773925781,14.205659866333008,17.773426055908203,0.03952707350254059,19.7600154876709,0.0,5.945812702178955,175.5454559326172,73.97797393798828,257.8936767578125
649,-73.97802,40.78171,0.00015001064457464963,19.33371925354004,9.600515365600586,0.0,34.633243560791016,0.0,5.039848327636719,222.15121459960938,244.3887481689453,189.0817413330078
650,-74.013967,40.71701,0.25165921449661255,0.0,8.691474914550781,1.5234361894819054e-13,7.428990840911865,0.0,6.5233235359191895,383.0475769042969,646.2168579101562,397.53594970703125
651,-73.945838,40.814917,19.14118003845215,13.475927352905273,11.834527015686035,0.0,19.910974502563477,0.0,5.1710405349731445,206.8318328857422,195.8439178466797,227.02520751953125
652,-74.017456,40.706384,25.975162506103516,2.2668029766074148e-14,20.77971839904785,2.6904539707217623e-10,12.68932819366455,0.18808741867542267,6.819497108459473,738.0406494140625,420.1573486328125,1060.3148193359375
653,-73.937179,40.79969,1.0850715942076206e-12,9.664900779724121,1.1384082358679543e-36,0.0,3.1208279132843018,517.4561157226562,5.059108734130859,229.02748107910156,220.0724639892578,240.95101928710938
654,-73.917814,40.867741,0.0,0.0,0.0,0.0,0.0,0.0,5.152100086212158,220.07260131835938,94.39810180664062,281.7523193359375
655,-73.945427,40.823676,11.373287200927734,11.922344207763672,4.326613426208496,24.66766357421875,8.776352882385254,0.0,5.392956256866455,169.96405029296875,102.71114349365234,232.5944061279297
656,-73.938418,40.795,39.76143264770508,17.842592239379883,0.9662379026412964,0.0,28.130207061767578,0.0,5.273473262786865,170.99212646484375,111.65969848632812,228.3073272705078
657,-73.933964,40.850561,0.0,0.06836346536874771,0.0,0.0,3.632285305865679e-10,0.0,5.286770820617676,227.35714721679688,225.5888214111328,222.54971313476562
658,-73.981034,40.735879,24.460737228393555,15.360494613647461,69.54834747314453,3.4606165589395887e-12,38.86685562133789,0.0,5.285123825073242,313.1539001464844,350.9499206542969,290.9398498535156
659,-73.947855,40.795032,22.915489196777344,18.16007423400879,0.6122758388519287,0.0,18.241979598999023,0.0,4.876523017883301,271.1501770019531,226.36814880371094,350.8309326171875
660,-73.9798,40.7162,19.290393829345703,20.748044967651367,3.068875551223755,7.272701623151079e-05,4.67704963684082,0.0,5.798677444458008,221.4977264404297,138.3000030517578,303.48199462890625
661,-73.989776,40.76588,6.905320933114911e-12,15.710967063903809,1.3300158717421962e-11,4.5734879772219017e-10,2.9939811047041687e-11,0.0,5.049952030181885,403.0512390136719,403.4748840332031,373.5364074707031
662,-73.930528,40.796889,23.050214767456055,12.295554161071777,7.727831840515137,0.0,12.569161415100098,0.0,6.23383092880249,164.72576904296875,145.12059020996094,189.10386657714844
663,-73.947379,40.780452,34.49013137817383,14.658442497253418,0.966181755065918,0.0,17.301549911499023,0.0,5.137479305267334,417.3631286621094,289.1265869140625,534.20703125
664,-73.93514,40.846116,0.0,0.0,0.0,0.0,4.034111933393092e-10,0.0,5.490494251251221,275.0004577636719,162.9693145751953,379.0152282714844
665,-73.977906,40.744511,12.309735298156738,13.782576560974121,74.72997283935547,2.634657144546509,24.78289794921875,0.0,5.1223978996276855,391.9260559082031,377.9381408691406,378.6585388183594
666,-73.944551,40.820216,14.320886611938477,16.080503463745117,8.714238166809082,0.0,7.687983512878418,0.0,5.359079837799072,190.02549743652344,158.7061004638672,238.71560668945312
667,-73.996017,40.715097,2.897970199584961,20.866546630859375,15.303942680358887,0.0,18.446212768554688,0.0,5.737380504608154,486.8369445800781,372.44793701171875,525.0545654296875
668,-73.955722,40.810793,9.753931045532227,21.246505737304688,3.0027086950212833e-07,0.0,18.305644989013672,0.0,5.291999816894531,264.1815490722656,214.06712341308594,318.92779541015625
669,-73.99742,40.710651,2.9495993321415614e-12,14.123247146606445,0.20750558376312256,1.3479594176968313e-11,5.0989789962768555,0.0,5.570007801055908,269.9316711425781,186.5078125,330.3485107421875
670,-73.938701,40.841032,2.843608717940894e-16,0.0,1.0913225878539379e-08,0.0,0.0,0.0,5.33494758605957,198.50885009765625,153.15345764160156,250.64187622070312
671,-73.95202,40.814914,19.99419593811035,23.968917846679688,20.247879028320312,0.0,19.959148406982422,0.0,5.433837413787842,232.2677459716797,182.71559143066406,309.6664733886719
672,-73.998326,40.71866,1.6456242835430346e-13,19.805545806884766,0.001937475404702127,0.0,1.8202385902404785,0.0,5.416046142578125,363.4907531738281,519.9312133789062,206.23391723632812
673,-73.993607,40.716231,16.747465133666992,24.77540397644043,37.82278823852539,6.577520212519561e-12,32.7637825012207,0.0,5.771580219268799,363.0323486328125,287.38739013671875,388.09942626953125
674,-73.933964,40.850561,0.0,0.06836346536874771,0.0,0.0,3.632285305865679e-10,0.0,5.286770820617676,227.35714721679688,225.5888214111328,222.54971313476562
675,-73.939178,40.809665,26.851261138916016,11.810349464416504,8.867246130070394e-13,0.0,14.360666275024414,0.0,5.359887599945068,169.4990692138672,135.9453887939453,200.30628967285156
676,-73.983854,40.714248,19.203311920166016,28.898893356323242,30.03965187072754,8.226930618286133,4.590166091918945,0.0,5.322388172149658,195.92117309570312,173.62808227539062,224.1580352783203
677,-74.000851,40.711441,0.010149944573640823,8.215656280517578,22.744205474853516,1.0183499009330799e-11,9.108922004699707,0.0,5.955079555511475,328.54339599609375,424.4643249511719,228.27256774902344
678,-73.935461,40.805653,22.93327522277832,18.35503387451172,3.0072693467386724e-12,0.0,12.700865745544434,0.0,5.512499809265137,193.2237548828125,183.9525604248047,209.2185821533203
679,-73.990318,40.763655,1.408323110907439e-12,17.103601455688477,1.1353559585536299e-11,4.438558132147108e-10,1.600310682581263e-11,0.0,4.923720836639404,320.57720947265625,342.11578369140625,294.757080078125
680,-73.983769,40.719148,14.802663803100586,20.387897491455078,10.777626991271973,24.589385986328125,36.79419708251953,0.0,5.55392599105835,256.88446044921875,202.54855346679688,285.6486511230469
681,-73.984116,40.718121,28.48931884765625,23.567039489746094,4.831193447113037,3.5874295234680176,33.90266799926758,0.0,5.764090061187744,242.29254150390625,189.25172424316406,261.95452880859375
682,-73.930991,40.849311,0.0,10.231940269470215,0.0,0.0,2.451896741195725e-10,0.0,5.446584701538086,250.60516357421875,276.41461181640625,219.41737365722656
683,-73.965611,40.799098,28.812824249267578,25.053096771240234,4.467223644256592,0.0,25.87191390991211,0.0,5.0834059715271,220.34017944335938,186.41639709472656,267.6499328613281
684,-73.938727,40.789535,8.628162384033203,19.09601593017578,0.9671193361282349,0.0,20.2493953704834,0.0,5.816367149353027,219.5766143798828,123.14424896240234,316.005126953125
685,-73.947151,40.817228,14.384245872497559,17.478836059570312,13.544110298156738,0.0,28.983362197875977,0.0,5.401256561279297,164.4473114013672,224.49856567382812,175.07174682617188
686,-73.948088,40.802649,16.622764587402344,12.338544845581055,0.9149858355522156,0.0,25.459617614746094,0.0,5.277413368225098,191.99867248535156,155.1051483154297,247.64013671875
687,-74.01358,40.707355,61.17655563354492,0.001733456621877849,68.79742431640625,6.201735739536085e-12,50.07209777832031,5.024533011876997e-10,6.377113342285156,789.4277954101562,1395.0018310546875,396.73590087890625
688,-73.947287,40.777948,11.425202369689941,15.487899780273438,0.9690676331520081,0.0,19.952198028564453,0.0,5.092592716217041,328.8084716796875,228.54461669921875,423.2485656738281
689,-73.927578,40.859804,0.0,0.0,0.0,0.0,0.0,0.0,5.795454502105713,308.165283203125,218.3625946044922,382.39886474609375
690,-73.947599,40.826514,28.9689998626709,10.816097259521484,4.837562561035156,1.629024624824524,9.553831100463867,0.0,5.187327861785889,207.08326721191406,127.98106384277344,282.4073486328125
691,-73.948902,40.810499,14.73975658416748,18.147472381591797,0.0,0.0,16.408666610717773,0.0,5.062846660614014,213.21356201171875,181.51307678222656,215.18382263183594
692,-73.935895,40.797507,7.834312438964844,8.585592269897461,3.1033146381378174,0.0,17.86832046508789,0.0,5.0615386962890625,178.72174072265625,138.89073181152344,224.0738525390625
693,-73.938714,40.807019,35.246150970458984,19.23049545288086,3.751513856509181e-12,0.0,13.372108459472656,0.0,5.184070587158203,194.73733520507812,208.49876403808594,178.9717254638672
694,-73.950745,40.770215,2.8884639739990234,16.594911575317383,1.9625648260116577,0.0,18.47701644897461,0.0,5.622478485107422,374.41497802734375,304.49981689453125,428.15032958984375
695,-73.952476,40.817719,23.053163528442383,28.120166778564453,37.165584564208984,0.0,26.28179931640625,0.0,5.467413425445557,265.41949462890625,295.9508972167969,336.00225830078125
696,-73.96847,40.795163,5.025326821339604e-09,15.269988059997559,4.47272718862024e-10,2.3883347556596934e-12,18.075294494628906,0.0,5.076584339141846,246.22361755371094,197.3230743408203,299.7533874511719
697,-73.965949,40.802653,8.331080436706543,17.401123046875,1.813947081565857,0.0,23.967269897460938,0.0,5.208855628967285,295.3829040527344,260.02349853515625,321.56591796875
698,-73.972557,40.788925,21.08347511291504,13.50288200378418,2.0171072483062744,2.776243211016771e-12,24.0308895111084,0.0,5.171828269958496,248.05943298339844,232.38035583496094,261.1642761230469
699,-73.957827,40.771541,18.47661018371582,17.054346084594727,7.760736465454102,5.637337385094865e-13,22.31551170349121,0.0,5.007913112640381,346.9572448730469,319.356689453125,375.1479797363281
700,-73.948488,40.793649,23.014610290527344,25.325191497802734,8.80195557688727e-15,0.0,18.798900604248047,0.0,4.903846263885498,273.7368469238281,287.1850891113281,296.7003173828125
701,-73.955594,40.780798,17.49364471435547,14.351634979248047,0.08247465640306473,0.0,35.34438705444336,0.0,4.9141411781311035,332.2272644042969,308.3432922363281,364.3464050292969
702,-73.990318,40.763655,1.408323110907439e-12,17.103601455688477,1.1353559585536299e-11,4.438558132147108e-10,1.600310682581263e-11,0.0,4.923720836639404,320.57720947265625,342.11578369140625,294.757080078125
703,-73.951425,40.792302,10.78945255279541,25.68269157409668,1.1721795883652512e-14,0.0,18.121797561645508,0.0,5.254678726196289,343.2529296875,622.7470703125,181.48104858398438
704,-73.939785,40.845459,0.0,0.0,0.0,0.0,0.0,0.0,5.261282444000244,281.74176025390625,196.0203857421875,352.2303771972656
705,-73.987064,40.735361,11.468268394470215,19.456600189208984,10.881288528442383,3.342117693705404e-10,6.862040996551514,0.0,5.325222969055176,506.8130187988281,717.230224609375,279.0158386230469
706,-73.942706,40.814388,31.614356994628906,19.518110275268555,10.610897064208984,0.0,15.949426651000977,0.0,5.13247013092041,193.91732788085938,193.31765747070312,207.92225646972656
707,-73.950745,40.770215,2.8884639739990234,16.594911575317383,1.9625648260116577,0.0,18.47701644897461,0.0,5.622478485107422,374.41497802734375,304.49981689453125,428.15032958984375
708,-73.928301,40.85924,0.0,0.0,0.0,0.0,0.0,0.0,5.591798782348633,288.9180603027344,209.77781677246094,358.5035400390625
709,-73.955861,40.80757,31.9139461517334,14.899338722229004,43.078365325927734,0.0,29.337440490722656,0.0,5.4703049659729,209.1773223876953,170.16122436523438,252.09352111816406
710,-73.941955,40.793363,23.30477523803711,17.845178604125977,0.25352928042411804,0.0,20.964183807373047,0.0,5.237640857696533,191.98828125,169.9154052734375,237.20742797851562
711,-73.957731,40.763804,23.43048667907715,18.33066177368164,108.9442138671875,4.842944079617995e-13,20.895244598388672,0.0,5.3579487800598145,427.7088623046875,723.6495971679688,346.6976013183594
712,-73.985438,40.711125,4.0209076845008906e-13,29.676237106323242,12.008599281311035,12.387102127075195,1.9190177225070215e-11,0.0,5.90996789932251,207.51686096191406,108.88934326171875,259.01092529296875
713,-73.950146,40.798461,2.192134006869656e-13,13.061175346374512,3.707234241812074e-10,0.0,15.37558650970459,0.0,5.36386775970459,205.45240783691406,119.44522094726562,290.7019348144531
714,-73.952751,40.804559,23.74699592590332,13.051755905151367,10.189725875854492,0.0,38.36724853515625,0.0,5.1710991859436035,191.8086700439453,151.342529296875,230.52279663085938
715,-73.93684,40.856239,0.0,0.0,0.0,0.0,0.0,0.0,6.142207145690918,214.47006225585938,148.97335815429688,268.7712707519531
716,-73.97738,40.719888,12.063602447509766,29.37019157409668,3.8612935543060303,9.875032424926758,39.00509262084961,0.0,5.542904376983643,211.77890014648438,190.86656188964844,263.8413391113281
717,-73.928048,40.853045,0.0,4.788146495819092,0.0,0.0,0.0,0.0,5.834702968597412,275.590576171875,244.64923095703125,320.94122314453125
718,-73.990902,40.7722,15.53841781616211,17.523509979248047,12.043655395507812,4.133445807852354e-10,11.163753509521484,0.0,5.70345401763916,599.9223022460938,490.3061218261719,592.89013671875
719,-73.952023,40.82051,2.741548538208008,22.62769317626953,8.696159362792969,0.0,18.169958114624023,0.0,5.34984827041626,228.95985412597656,318.464111328125,277.91058349609375
720,-73.941111,40.821208,18.69623565673828,16.417430877685547,22.788972854614258,5.897283311800062e-38,9.056426048278809,0.0,5.046917915344238,260.97113037109375,163.4946746826172,342.56231689453125
721,-73.938347,40.813532,29.396713256835938,21.715106964111328,3.2830021381378174,0.0,5.449195861816406,0.0,5.222021579742432,193.068603515625,157.8493194580078,253.54754638671875
722,-73.95042,40.785018,15.722124099731445,14.262960433959961,3.310520887374878,0.0,35.86431121826172,0.0,5.096455097198486,294.2854309082031,236.3848114013672,348.14215087890625
723,-73.984423,40.777603,11.494784355163574,21.46122932434082,7.093738555908203,0.0,26.901208877563477,0.0,5.081210136413574,458.990966796875,313.2507019042969,540.1245727539062
724,-73.935746,40.823988,4.972092074000123e-13,5.4627790451049805,1.1094852250467802e-12,0.0,9.056078910827637,0.0,5.740384578704834,281.66192626953125,159.4208984375,397.4446105957031
725,-74.0029,40.730564,8.568227767944336,22.284160614013672,33.085182189941406,43.13388442993164,21.240440368652344,0.0,5.408114433288574,357.8067626953125,494.18658447265625,220.53919982910156
726,-73.938735,40.808339,34.52592468261719,13.953810691833496,3.018955745115459e-12,0.0,12.250077247619629,0.0,5.28716516494751,175.63966369628906,167.85133361816406,178.4876708984375
727,-73.930528,40.796889,23.050214767456055,12.295554161071777,7.727831840515137,0.0,12.569161415100098,0.0,6.23383092880249,164.72576904296875,145.12059020996094,189.10386657714844
728,-73.952023,40.82051,2.741548538208008,22.62769317626953,8.696159362792969,0.0,18.169958114624023,0.0,5.34984827041626,228.95985412597656,318.464111328125,277.91058349609375
729,-73.944666,40.830004,11.64794635772705,2.2702465057373047,2.02554988861084,0.0,6.181099891662598,0.0,5.184257507324219,199.53802490234375,143.8105926513672,250.46917724609375
730,-73.925464,40.865556,0.0,0.0,0.0,0.0,0.0,0.0,5.103710651397705,221.54286193847656,145.26182556152344,294.05487060546875
731,-73.988665,40.761327,0.0,11.559996604919434,9.024362110251822e-43,4.490660343581254e-10,1.4026916295151182e-09,0.0,4.902369499206543,520.381591796875,751.3487548828125,336.25860595703125
732,-73.956435,40.753598,25.909963607788086,11.91579532623291,16.179813385009766,0.0,20.095722198486328,0.0,5.979942798614502,53.23469543457031,63.90464401245117,31.56802749633789
733,-73.937263,40.836982,5.761390209197998,0.0,1.9319583177566528,0.0,9.900062020173905e-11,0.0,6.0204877853393555,176.07601928710938,142.39039611816406,227.50404357910156
734,-73.942154,40.785107,11.491706848144531,27.72679901123047,1.014112949371338,0.0,23.81776237487793,0.0,5.771300315856934,161.3126678466797,181.0123748779297,159.64857482910156
735,-73.959777,40.765638,29.088287353515625,17.49394416809082,137.3912353515625,1.582657507652463e-12,19.755298614501953,0.0,5.345544338226318,382.4727478027344,486.5832824707031,374.22442626953125
736,-73.98259,40.732665,32.9538459777832,18.013900756835938,45.411502838134766,1.7729946200431557e-12,32.25648498535156,0.0,5.325018882751465,258.9284973144531,354.33453369140625,205.3812713623047
737,-74.01088,40.71953,1.6678405347341635e-13,1.1210387714598537e-44,6.628992927498745e-12,2.338918446941063e-13,9.581572491993198e-29,0.0,6.296943187713623,438.873291015625,986.4793701171875,238.16793823242188
738,-73.955583,40.801573,5.738795280456543,14.283919334411621,0.9657204151153564,0.0,17.363357543945312,0.0,5.260330677032471,237.28392028808594,169.4032440185547,301.9854736328125
739,-73.948385,40.806055,8.001355171203613,19.522510528564453,3.2609017482782e-12,0.0,32.56085205078125,0.0,5.104549884796143,185.12271118164062,166.58351135253906,201.02767944335938
740,-73.974256,40.785234,16.53067970275879,5.417266845703125,10.747474670410156,6.142855321633611e-13,29.32219696044922,0.0,5.138693332672119,256.19476318359375,281.42486572265625,262.4912109375
741,-73.977602,40.780536,0.0010851749684661627,21.26447296142578,10.648177146911621,0.0,27.706375122070312,0.0,5.30416202545166,247.42193603515625,258.1189880371094,224.25743103027344
742,-73.977602,40.780536,0.0010851749684661627,21.26447296142578,10.648177146911621,0.0,27.706375122070312,0.0,5.30416202545166,247.42193603515625,258.1189880371094,224.25743103027344
743,-73.973996,40.795109,11.400763511657715,17.903474807739258,0.0,1.1893538454446628e-12,11.083067893981934,0.0,5.391928195953369,326.078125,217.56375122070312,430.53436279296875
744,-73.981536,40.735328,20.763668060302734,17.156719207763672,27.630693435668945,3.643715971307637e-12,39.19117736816406,0.0,5.324624061584473,305.7445373535156,378.2304992675781,264.977783203125
745,-73.971011,40.791395,29.52220916748047,16.021732330322266,8.829606490401432e-11,3.211018040003011e-12,28.192106246948242,0.0,5.22035551071167,239.51751708984375,226.1053924560547,248.83091735839844
746,-73.971011,40.791395,29.52220916748047,16.021732330322266,8.829606490401432e-11,3.211018040003011e-12,28.192106246948242,0.0,5.22035551071167,239.51751708984375,226.1053924560547,248.83091735839844
747,-73.992727,40.736526,1.0262188911437988,23.921401977539062,46.56570816040039,1.4713977258828947e-10,12.922114372253418,0.0,5.648164749145508,604.9413452148438,941.6094360351562,222.81643676757812
748,-74.013303,40.705688,57.16318893432617,5.740025043487549,76.53775787353516,0.0,51.136802673339844,235.03440856933594,6.27042818069458,1054.872314453125,1877.9322509765625,514.9852905273438
749,-73.935231,40.85765,0.0,0.0,0.0,0.0,0.0,0.0,5.972073078155518,193.80819702148438,130.6483917236328,246.11529541015625
750,-73.963861,40.763883,25.341398239135742,12.997267723083496,4.736586570739746,1.107105618118609e-12,14.43152141571045,0.0,5.1974639892578125,280.7976379394531,250.83578491210938,303.533935546875
751,-74.017456,40.706384,25.975162506103516,2.2668029766074148e-14,20.77971839904785,2.6904539707217623e-10,12.68932819366455,0.18808741867542267,6.819497108459473,738.0406494140625,420.1573486328125,1060.3148193359375
752,-73.921474,40.860961,0.0,0.0,0.0,0.0,0.0,0.0,5.322295665740967,255.98443603515625,70.03845977783203,378.0763854980469
753,-73.955583,40.801573,5.738795280456543,14.283919334411621,0.9657204151153564,0.0,17.363357543945312,0.0,5.260330677032471,237.28392028808594,169.4032440185547,301.9854736328125
754,-74.000851,40.711441,0.010149944573640823,8.215656280517578,22.744205474853516,1.0183499009330799e-11,9.108922004699707,0.0,5.955079555511475,328.54339599609375,424.4643249511719,228.27256774902344
755,-73.972592,40.744288,0.01161250565201044,0.25505125522613525,3.9192183017730713,50.705909729003906,41.230804443359375,0.0,5.372549057006836,374.4111022949219,263.0804443359375,446.8555603027344
756,-74.000851,40.711441,0.010149944573640823,8.215656280517578,22.744205474853516,1.0183499009330799e-11,9.108922004699707,0.0,5.955079555511475,328.54339599609375,424.4643249511719,228.27256774902344
757,-73.947317,40.811882,0.002382951322942972,13.000692367553711,0.0,0.0,11.327526092529297,0.0,5.159735202789307,218.4336700439453,148.24066162109375,268.8557434082031
758,-73.939974,40.807692,40.18633270263672,16.696699142456055,3.3890902237376785e-12,0.0,13.126757621765137,0.0,5.178739547729492,174.55393981933594,191.6691436767578,155.24813842773438
759,-73.95552,40.815747,18.62350845336914,23.525379180908203,33.75497055053711,0.0,22.22527503967285,0.0,5.202454090118408,176.27391052246094,142.90164184570312,214.76715087890625
760,-73.9927,40.765474,6.592615776207511e-12,25.549304962158203,1.1233305084734635e-11,1.5477652492990046e-10,0.0,0.0,5.084190845489502,351.1119689941406,303.5519104003906,338.5863952636719
761,-74.013967,40.71701,0.25165921449661255,0.0,8.691474914550781,1.5234361894819054e-13,7.428990840911865,0.0,6.5233235359191895,383.0475769042969,646.2168579101562,397.53594970703125
762,-73.952777,40.775181,34.12385559082031,10.839700698852539,18.699810028076172,0.0,18.96624183654785,0.0,5.158163070678711,372.4251708984375,316.2850646972656,429.1013488769531
763,-73.988338,40.772608,25.766040802001953,16.157930374145508,11.934106826782227,4.3055681242520905e-10,15.000622749328613,0.0,5.547945022583008,542.7807006835938,695.10302734375,577.5906372070312
764,-73.986051,40.713362,7.042428493499756,27.604459762573242,53.73532485961914,12.319491386413574,2.392796277999878,0.0,5.27510929107666,249.10354614257812,187.1777801513672,315.118896484375
765,-73.930082,40.860951,0.0,0.0,0.0,0.0,0.0,0.0,5.423351287841797,292.8816833496094,233.09654235839844,339.9267272949219
766,-73.989329,40.717329,34.47544479370117,24.86083984375,22.332761764526367,4.402351261312276e-10,45.4412956237793,0.0,5.432748317718506,252.88937377929688,247.44602966308594,218.45449829101562
767,-73.936073,40.848864,0.0,0.0,0.0,0.0,3.378558821598432e-10,0.0,5.509527206420898,215.23033142089844,172.9413299560547,237.85459899902344
768,-73.9927,40.765474,6.592615776207511e-12,25.549304962158203,1.1233305084734635e-11,1.5477652492990046e-10,0.0,0.0,5.084190845489502,351.1119689941406,303.5519104003906,338.5863952636719
769,-74.007192,40.731006,2.88069486618042,15.052477836608887,4.554561138153076,22.836759567260742,0.0015002646250650287,0.0,5.497150897979736,267.7202453613281,428.86859130859375,199.64353942871094
770,-73.993607,40.716231,16.747465133666992,24.77540397644043,37.82278823852539,6.577520212519561e-12,32.7637825012207,0.0,5.771580219268799,363.0323486328125,287.38739013671875,388.09942626953125
771,-73.9927,40.765474,6.592615776207511e-12,25.549304962158203,1.1233305084734635e-11,1.5477652492990046e-10,0.0,0.0,5.084190845489502,351.1119689941406,303.5519104003906,338.5863952636719
772,-73.9927,40.765474,6.592615776207511e-12,25.549304962158203,1.1233305084734635e-11,1.5477652492990046e-10,0.0,0.0,5.084190845489502,351.1119689941406,303.5519104003906,338.5863952636719
773,-73.947151,40.817228,14.384245872497559,17.478836059570312,13.544110298156738,0.0,28.983362197875977,0.0,5.401256561279297,164.4473114013672,224.49856567382812,175.07174682617188
774,-73.989329,40.717329,34.47544479370117,24.86083984375,22.332761764526367,4.402351261312276e-10,45.4412956237793,0.0,5.432748317718506,252.88937377929688,247.44602966308594,218.45449829101562
775,-73.985608,40.774891,38.992496490478516,19.613344192504883,4.833714008331299,4.3160121310226174e-11,18.106170654296875,0.0,5.4285712242126465,482.4443054199219,493.0067138671875,558.602783203125
776,-73.989329,40.717329,34.47544479370117,24.86083984375,22.332761764526367,4.402351261312276e-10,45.4412956237793,0.0,5.432748317718506,252.88937377929688,247.44602966308594,218.45449829101562
777,-73.945647,40.784112,30.259836196899414,16.02542495727539,4.833793640136719,0.0,24.023597717285156,0.0,5.242868900299072,305.4840393066406,236.8330078125,358.0665283203125
778,-73.923818,40.866381,0.0,0.0,0.0,0.0,0.0,0.0,5.233663558959961,225.74588012695312,151.72271728515625,302.416748046875
779,-74.002222,40.742512,4.488687038421631,8.191157341003418,15.188926696777344,6.084504011738545e-10,25.0671443939209,0.0,5.275066375732422,405.358642578125,604.6032104492188,224.09718322753906
780,-74.00254,40.743407,2.8822455406188965,12.414734840393066,6.5409255027771,4.671004546664467e-18,22.407278060913086,0.0,5.321043014526367,368.8953552246094,544.04443359375,212.07098388671875
781,-73.923818,40.866381,0.0,0.0,0.0,0.0,0.0,0.0,5.233663558959961,225.74588012695312,151.72271728515625,302.416748046875
782,-73.984496,40.730009,19.99884605407715,22.568777084350586,107.55992889404297,0.0,45.1011848449707,0.0,5.053604602813721,267.25372314453125,274.3868408203125,258.44775390625
783,-74.013303,40.705688,57.16318893432617,5.740025043487549,76.53775787353516,0.0,51.136802673339844,235.03440856933594,6.27042818069458,1054.872314453125,1877.9322509765625,514.9852905273438
784,-73.937833,40.825831,13.775381088256836,13.318599700927734,15.472945213317871,0.0,14.040851593017578,0.0,5.377852916717529,200.52938842773438,119.21810913085938,279.7882385253906
785,-73.935815,40.839139,2.169981350912207e-14,0.0,1.930401086807251,0.0,3.173290519242755e-10,0.0,6.151975631713867,191.84002685546875,209.8126983642578,242.8534393310547
786,-73.984116,40.718121,28.48931884765625,23.567039489746094,4.831193447113037,3.5874295234680176,33.90266799926758,0.0,5.764090061187744,242.29254150390625,189.25172424316406,261.95452880859375
787,-73.930082,40.860951,0.0,0.0,0.0,0.0,0.0,0.0,5.423351287841797,292.8816833496094,233.09654235839844,339.9267272949219
788,-73.935815,40.839139,2.169981350912207e-14,0.0,1.930401086807251,0.0,3.173290519242755e-10,0.0,6.151975631713867,191.84002685546875,209.8126983642578,242.8534393310547
789,-73.937263,40.836982,5.761390209197998,0.0,1.9319583177566528,0.0,9.900062020173905e-11,0.0,6.0204877853393555,176.07601928710938,142.39039611816406,227.50404357910156
790,-73.950146,40.798461,2.192134006869656e-13,13.061175346374512,3.707234241812074e-10,0.0,15.37558650970459,0.0,5.36386775970459,205.45240783691406,119.44522094726562,290.7019348144531
791,-73.982472,40.729152,30.73110580444336,21.968463897705078,118.27169036865234,0.0,47.6420783996582,0.0,5.24122428894043,227.68618774414062,211.06610107421875,243.21359252929688
792,-73.945647,40.784112,30.259836196899414,16.02542495727539,4.833793640136719,0.0,24.023597717285156,0.0,5.242868900299072,305.4840393066406,236.8330078125,358.0665283203125
793,-73.986051,40.713362,7.042428493499756,27.604459762573242,53.73532485961914,12.319491386413574,2.392796277999878,0.0,5.27510929107666,249.10354614257812,187.1777801513672,315.118896484375
794,-73.971011,40.791395,29.52220916748047,16.021732330322266,8.829606490401432e-11,3.211018040003011e-12,28.192106246948242,0.0,5.22035551071167,239.51751708984375,226.1053924560547,248.83091735839844
795,-73.977602,40.780536,0.0010851749684661627,21.26447296142578,10.648177146911621,0.0,27.706375122070312,0.0,5.30416202545166,247.42193603515625,258.1189880371094,224.25743103027344
796,-73.93374,40.799265,9.462121963500977,4.994468688964844,7.734070301055908,0.0,5.43286657333374,0.0,5.219127178192139,192.12884521484375,153.4128875732422,234.9430694580078
797,-73.956814,40.819793,0.46662694215774536,18.69061279296875,37.1241455078125,0.0,22.760042190551758,0.0,5.390503883361816,305.40216064453125,164.87881469726562,416.17254638671875
798,-73.940919,40.785559,9.472336769104004,29.273149490356445,0.003554681548848748,0.0,21.895782470703125,0.0,6.060168266296387,126.04966735839844,134.3576202392578,141.97019958496094
799,-73.939921,40.837994,11.528980255126953,0.0,1.93040132522583,0.0,3.338979922773433e-06,0.0,5.281468391418457,216.47056579589844,140.42449951171875,282.3139953613281
800,-73.995534,40.739145,11.049776077270508,22.104061126708984,40.49483108520508,0.0,10.99040699005127,0.0,5.323027610778809,490.56463623046875,750.1015014648438,256.0892333984375
801,-73.940871,40.806139,28.141769409179688,21.87302589416504,0.9656617045402527,0.0,11.603336334228516,0.0,5.286091327667236,171.5418243408203,188.72186279296875,136.34634399414062
802,-74.002407,40.708774,28.081100463867188,0.05588844045996666,72.97156524658203,1.3714050728363958e-11,28.71119499206543,0.0009564421488903463,5.973604679107666,383.2489013671875,433.4239501953125,311.3285827636719
803,-73.942074,40.833695,8.770695686340332,0.0,2.8932666778564453,0.0,14.200065612792969,0.0,5.255467891693115,244.94117736816406,156.29563903808594,331.8804016113281
804,-73.981329,40.738374,16.968475341796875,18.9462947845459,111.56903839111328,5.245730516634239e-10,42.48753356933594,0.0,5.061624526977539,590.3912353515625,789.573974609375,381.03594970703125
805,-73.930991,40.849311,0.0,10.231940269470215,0.0,0.0,2.451896741195725e-10,0.0,5.446584701538086,250.60516357421875,276.41461181640625,219.41737365722656
806,-73.938347,40.813532,29.396713256835938,21.715106964111328,3.2830021381378174,0.0,5.449195861816406,0.0,5.222021579742432,193.068603515625,157.8493194580078,253.54754638671875
807,-73.948088,40.802649,16.622764587402344,12.338544845581055,0.9149858355522156,0.0,25.459617614746094,0.0,5.277413368225098,191.99867248535156,155.1051483154297,247.64013671875
808,-73.945368,40.82884,14.564594268798828,5.304649829864502,0.07715562731027603,4.248978982022688e-33,4.367727279663086,0.0,5.276198863983154,203.1514434814453,140.44642639160156,264.4625244140625
809,-73.95357,40.816158,23.645837783813477,27.026386260986328,40.42316436767578,0.0,22.336387634277344,0.0,5.441932201385498,238.55918884277344,210.8905792236328,300.39178466796875
810,-73.996499,40.758759,13.347105026245117,14.185163497924805,5.466139793395996,0.0,26.884719848632812,0.0,5.282352924346924,371.662109375,312.1610107421875,379.30096435546875
811,-73.992832,40.747398,11.678082466125488,9.84340763092041,36.15780258178711,1.2769697799175361e-10,25.471651077270508,0.0,5.399235725402832,833.6907958984375,1687.0390625,252.49032592773438
812,-73.978254,40.727537,31.2623291015625,16.00341033935547,56.570613861083984,0.0,25.861143112182617,0.0,5.515653610229492,204.1844940185547,132.14183044433594,275.76019287109375
813,-73.955722,40.810793,9.753931045532227,21.246505737304688,3.0027086950212833e-07,0.0,18.305644989013672,0.0,5.291999816894531,264.1815490722656,214.06712341308594,318.92779541015625
814,-73.986214,40.72444,45.724037170410156,17.71942710876465,156.78289794921875,0.48977917432785034,39.23026657104492,0.0,5.059859275817871,254.86831665039062,189.92881774902344,310.17059326171875
815,-73.981597,40.72313,6.0176777839660645,21.986215591430664,31.969636917114258,14.457486152648926,32.5488395690918,0.0,5.229767322540283,219.10545349121094,174.7249298095703,274.999267578125
816,-73.921631,40.865575,0.0,0.0,0.0,0.0,0.0,0.0,5.095283031463623,255.00123596191406,150.643310546875,346.2071228027344
817,-73.947599,40.826514,28.9689998626709,10.816097259521484,4.837562561035156,1.629024624824524,9.553831100463867,0.0,5.187327861785889,207.08326721191406,127.98106384277344,282.4073486328125
818,-73.95552,40.815747,18.62350845336914,23.525379180908203,33.75497055053711,0.0,22.22527503967285,0.0,5.202454090118408,176.27391052246094,142.90164184570312,214.76715087890625
819,-73.95202,40.814914,19.99419593811035,23.968917846679688,20.247879028320312,0.0,19.959148406982422,0.0,5.433837413787842,232.2677459716797,182.71559143066406,309.6664733886719
820,-73.942285,40.792556,13.221552848815918,18.114742279052734,0.9655996561050415,0.0,22.33449935913086,0.0,5.189884662628174,201.45848083496094,182.064208984375,240.11595153808594
821,-73.911924,40.871132,0.0,0.0,0.0,0.0,0.0,0.0,5.003125190734863,73.45205688476562,63.546417236328125,91.34931182861328
822,-73.987064,40.735361,11.468268394470215,19.456600189208984,10.881288528442383,3.342117693705404e-10,6.862040996551514,0.0,5.325222969055176,506.8130187988281,717.230224609375,279.0158386230469
823,-73.944546,40.796098,23.684764862060547,16.03066635131836,0.9670189619064331,0.0,14.860974311828613,0.0,4.971865177154541,222.7839813232422,151.5821533203125,293.79266357421875
824,-74.005058,40.72463,2.0376774226806607e-38,21.390060424804688,5.99096744435812e-11,8.594207847208489e-21,3.0639854542435785e-10,0.0,5.5115275382995605,313.6448974609375,603.5885620117188,100.3926010131836
825,-73.935895,40.797507,7.834312438964844,8.585592269897461,3.1033146381378174,0.0,17.86832046508789,0.0,5.0615386962890625,178.72174072265625,138.89073181152344,224.0738525390625
826,-73.986038,40.72004,22.909866333007812,21.08750343322754,14.309107780456543,37.06082534790039,45.77423858642578,0.0,5.400000095367432,238.21841430664062,236.4033966064453,223.59539794921875
827,-73.919949,40.818645,1.3241278906672704e-10,10.788494110107422,0.0,0.0,3.553877027731578e-13,0.0,4.70405387878418,230.3593292236328,245.42495727539062,232.9171142578125
828,-73.945603,40.80669,21.232696533203125,20.12887954711914,3.4662309914695877e-12,0.0,12.520276069641113,0.0,5.323471546173096,169.20504760742188,168.41990661621094,143.41055297851562
829,-73.945101,40.789174,5.719989776611328,24.154020309448242,1.9335174560546875,0.0,10.610530853271484,0.0,5.076048851013184,208.99319458007812,177.6680908203125,234.2357177734375
830,-73.937717,40.807581,25.587812423706055,13.130547523498535,3.4059838283084787e-12,0.0,14.456547737121582,0.0,5.420035362243652,187.0445098876953,194.948486328125,187.43666076660156
831,-73.935461,40.805653,22.93327522277832,18.35503387451172,3.0072693467386724e-12,0.0,12.700865745544434,0.0,5.512499809265137,193.2237548828125,183.9525604248047,209.2185821533203
832,-73.942154,40.785107,11.491706848144531,27.72679901123047,1.014112949371338,0.0,23.81776237487793,0.0,5.771300315856934,161.3126678466797,181.0123748779297,159.64857482910156
833,-73.955583,40.801573,5.738795280456543,14.283919334411621,0.9657204151153564,0.0,17.363357543945312,0.0,5.260330677032471,237.28392028808594,169.4032440185547,301.9854736328125
834,-73.945776,40.82477,15.880268096923828,8.838730812072754,4.500777244567871,24.634571075439453,7.447351932525635,0.0,5.289144992828369,174.79307556152344,103.60092163085938,243.74972534179688
835,-73.945838,40.814917,19.14118003845215,13.475927352905273,11.834527015686035,0.0,19.910974502563477,0.0,5.1710405349731445,206.8318328857422,195.8439178466797,227.02520751953125
836,-73.960761,40.811107,14.242162704467773,18.385848999023438,1.7739921808242798,1.7122736605326705e-12,23.96152114868164,0.0,5.184083461761475,511.14324951171875,1018.1040649414062,376.63128662109375
837,-73.91754,40.87028,0.0,0.0,0.0,0.0,0.0,0.0,5.330812931060791,168.7855224609375,92.4964828491211,223.2325897216797
838,-74.015929,40.704892,17.405733108520508,2.704087972640991,34.076229095458984,0.0,17.1964111328125,1020.4578857421875,6.710526466369629,940.2493286132812,1080.72509765625,1271.953369140625
839,-74.00254,40.743407,2.8822455406188965,12.414734840393066,6.5409255027771,4.671004546664467e-18,22.407278060913086,0.0,5.321043014526367,368.8953552246094,544.04443359375,212.07098388671875
840,-73.990318,40.763655,1.408323110907439e-12,17.103601455688477,1.1353559585536299e-11,4.438558132147108e-10,1.600310682581263e-11,0.0,4.923720836639404,320.57720947265625,342.11578369140625,294.757080078125
841,-73.993607,40.716231,16.747465133666992,24.77540397644043,37.82278823852539,6.577520212519561e-12,32.7637825012207,0.0,5.771580219268799,363.0323486328125,287.38739013671875,388.09942626953125
842,-74.012465,40.708971,48.62244415283203,6.417123234701838e-13,115.90399932861328,0.13410541415214539,54.5538330078125,1040.4388427734375,6.2915358543396,768.5269165039062,1202.95654296875,351.0430603027344
843,-74.005473,40.711321,24.468488693237305,2.5004170609022047e-11,96.67695617675781,1.2013375537411886e-11,28.78662109375,0.0,5.891666889190674,685.7379760742188,956.2598876953125,323.9357604980469
844,-73.987064,40.735361,11.468268394470215,19.456600189208984,10.881288528442383,3.342117693705404e-10,6.862040996551514,0.0,5.325222969055176,506.8130187988281,717.230224609375,279.0158386230469
845,-73.98861,40.767848,5.880840519417729e-12,16.51389503479004,2.382000846568033e-12,4.4669187793111576e-10,4.7163897787250164e-11,0.0,5.067307472229004,431.5657043457031,552.5850219726562,426.4016418457031
846,-73.827642,40.831829,11.771018981933594,0.0,0.9664385318756104,0.0,4.946047306060791,0.0,3.964601755142212,59.709651947021484,60.95857620239258,59.71316909790039
847,-73.974483,40.786134,14.36441707611084,3.622164249420166,13.108076095581055,3.999876872860103e-13,34.66534423828125,0.0,5.047342777252197,253.7516326904297,287.2172546386719,248.49481201171875
848,-73.974483,40.786134,14.36441707611084,3.622164249420166,13.108076095581055,3.999876872860103e-13,34.66534423828125,0.0,5.047342777252197,253.7516326904297,287.2172546386719,248.49481201171875
849,-73.974483,40.786134,14.36441707611084,3.622164249420166,13.108076095581055,3.999876872860103e-13,34.66534423828125,0.0,5.047342777252197,253.7516326904297,287.2172546386719,248.49481201171875
850,-73.98259,40.732665,32.9538459777832,18.013900756835938,45.411502838134766,1.7729946200431557e-12,32.25648498535156,0.0,5.325018882751465,258.9284973144531,354.33453369140625,205.3812713623047
851,-73.988665,40.761327,0.0,11.559996604919434,9.024362110251822e-43,4.490660343581254e-10,1.4026916295151182e-09,0.0,4.902369499206543,520.381591796875,751.3487548828125,336.25860595703125
852,-73.985723,40.741888,25.446550369262695,16.948486328125,43.086612701416016,5.7193187685822267e-11,33.473941802978516,0.0,5.236421585083008,693.2008666992188,1231.402099609375,261.2545166015625
853,-74.002222,40.742512,4.488687038421631,8.191157341003418,15.188926696777344,6.084504011738545e-10,25.0671443939209,0.0,5.275066375732422,405.358642578125,604.6032104492188,224.09718322753906
854,-73.985323,40.739121,17.282251358032227,19.108659744262695,61.07265853881836,2.2031632160995906e-12,35.585792541503906,0.0,5.200539588928223,707.5194702148438,1128.0904541015625,329.2212219238281
855,-74.002222,40.742512,4.488687038421631,8.191157341003418,15.188926696777344,6.084504011738545e-10,25.0671443939209,0.0,5.275066375732422,405.358642578125,604.6032104492188,224.09718322753906
856,-73.954152,40.80261,14.872549057006836,13.639581680297852,1.9315519332885742,0.0,18.541339874267578,0.0,5.159433364868164,237.58778381347656,185.93714904785156,285.8125915527344
857,-73.953276,40.770288,5.759841442108154,16.768115997314453,3.615558644576994e-13,0.0,17.020566940307617,0.0,5.166504383087158,385.808349609375,346.331787109375,424.0420837402344
858,-73.974483,40.786134,14.36441707611084,3.622164249420166,13.108076095581055,3.999876872860103e-13,34.66534423828125,0.0,5.047342777252197,253.7516326904297,287.2172546386719,248.49481201171875
859,-74.011202,40.704697,62.30756378173828,12.2274808883667,96.72627258300781,1.3404387192231249e-12,55.988563537597656,8.504743931852332e-26,5.741176605224609,1264.7479248046875,2128.092041015625,645.8713989257812
860,-74.00254,40.743407,2.8822455406188965,12.414734840393066,6.5409255027771,4.671004546664467e-18,22.407278060913086,0.0,5.321043014526367,368.8953552246094,544.04443359375,212.07098388671875
861,-73.98259,40.732665,32.9538459777832,18.013900756835938,45.411502838134766,1.7729946200431557e-12,32.25648498535156,0.0,5.325018882751465,258.9284973144531,354.33453369140625,205.3812713623047
862,-73.96561,40.80209,11.18825626373291,21.27202606201172,1.8194283246994019,0.0,25.7852725982666,0.0,5.188467979431152,279.452392578125,246.3178253173828,311.102783203125
863,-74.00254,40.743407,2.8822455406188965,12.414734840393066,6.5409255027771,4.671004546664467e-18,22.407278060913086,0.0,5.321043014526367,368.8953552246094,544.04443359375,212.07098388671875
864,-73.925464,40.865556,0.0,0.0,0.0,0.0,0.0,0.0,5.103710651397705,221.54286193847656,145.26182556152344,294.05487060546875
865,-74.012465,40.708971,48.62244415283203,6.417123234701838e-13,115.90399932861328,0.13410541415214539,54.5538330078125,1040.4388427734375,6.2915358543396,768.5269165039062,1202.95654296875,351.0430603027344
866,-73.98107,40.74651,27.431865692138672,23.381441116333008,57.21730041503906,3.111774889413138e-13,27.833648681640625,0.0,4.928333282470703,519.2451171875,803.8999633789062,332.1737976074219
867,-73.923094,40.864644,0.0,0.0,0.0,0.0,0.0,0.0,5.035897254943848,261.2605895996094,160.19830322265625,354.6877746582031
868,-73.98107,40.74651,27.431865692138672,23.381441116333008,57.21730041503906,3.111774889413138e-13,27.833648681640625,0.0,4.928333282470703,519.2451171875,803.8999633789062,332.1737976074219
869,-73.942154,40.785107,11.491706848144531,27.72679901123047,1.014112949371338,0.0,23.81776237487793,0.0,5.771300315856934,161.3126678466797,181.0123748779297,159.64857482910156
870,-73.932868,40.794184,14.165558815002441,20.089553833007812,0.0008594960090704262,0.0,18.64217758178711,0.0,6.1454291343688965,161.3764190673828,158.18826293945312,165.53973388671875
871,-74.00254,40.743407,2.8822455406188965,12.414734840393066,6.5409255027771,4.671004546664467e-18,22.407278060913086,0.0,5.321043014526367,368.8953552246094,544.04443359375,212.07098388671875
872,-73.987064,40.735361,11.468268394470215,19.456600189208984,10.881288528442383,3.342117693705404e-10,6.862040996551514,0.0,5.325222969055176,506.8130187988281,717.230224609375,279.0158386230469
873,-73.991966,40.741963,18.26679801940918,19.745834350585938,14.667424201965332,3.1600466687820017e-10,3.7752606868743896,0.0,5.451612949371338,681.2695922851562,1136.4320068359375,207.86936950683594
874,-73.989481,40.738521,7.887212753295898,18.873554229736328,18.67232894897461,4.611533932497025e-10,6.707132339477539,0.0,5.6179680824279785,708.0067749023438,1198.5858154296875,206.1865692138672
875,-73.984128,40.712269,5.688253402709961,28.570186614990234,21.834779739379883,17.1978816986084,7.601096835285759e-12,0.0,5.6318840980529785,186.21730041503906,135.90423583984375,230.0266876220703
876,-73.959777,40.765638,29.088287353515625,17.49394416809082,137.3912353515625,1.582657507652463e-12,19.755298614501953,0.0,5.345544338226318,382.4727478027344,486.5832824707031,374.22442626953125
877,-73.982472,40.729152,30.73110580444336,21.968463897705078,118.27169036865234,0.0,47.6420783996582,0.0,5.24122428894043,227.68618774414062,211.06610107421875,243.21359252929688
878,-73.987515,40.771603,24.84528160095215,16.089374542236328,12.179232597351074,3.8151751202697426e-10,10.357261657714844,0.0,5.561097145080566,542.207763671875,804.9744873046875,492.1897888183594
879,-73.990468,40.722415,30.271032333374023,19.992733001708984,76.00367736816406,4.214679993896908e-10,55.308616638183594,0.0,4.905746936798096,279.6482238769531,244.336181640625,290.075439453125
880,-73.959777,40.765638,29.088287353515625,17.49394416809082,137.3912353515625,1.582657507652463e-12,19.755298614501953,0.0,5.345544338226318,382.4727478027344,486.5832824707031,374.22442626953125
881,-73.92606,40.856532,0.0,0.0,0.0,0.0,0.0,0.0,6.515748023986816,244.3333282470703,225.60824584960938,342.49871826171875
882,-73.92606,40.856532,0.0,0.0,0.0,0.0,0.0,0.0,6.515748023986816,244.3333282470703,225.60824584960938,342.49871826171875
883,-73.92606,40.856532,0.0,0.0,0.0,0.0,0.0,0.0,6.515748023986816,244.3333282470703,225.60824584960938,342.49871826171875
884,-73.92606,40.856532,0.0,0.0,0.0,0.0,0.0,0.0,6.515748023986816,244.3333282470703,225.60824584960938,342.49871826171875
885,-74.013921,40.718025,1.0894071560650642e-13,0.0,0.27445584535598755,1.5408217778935251e-13,3.143190622329712,0.0,6.580593585968018,416.1330871582031,580.6443481445312,432.5747985839844
886,-73.918591,40.865508,0.0,0.0,0.0,0.0,0.0,0.0,5.078677177429199,310.5451965332031,113.8009262084961,430.7339172363281
887,-73.996262,40.760858,5.763625621795654,22.796213150024414,0.0006820564740337431,0.0,6.453189373016357,0.0,4.939481258392334,422.8318786621094,325.7840576171875,448.0994873046875
888,-73.945,40.814598,27.61962127685547,14.268183708190918,12.547609329223633,0.0,16.818702697753906,0.0,5.19357967376709,191.52610778808594,180.2657470703125,202.25526428222656
889,-73.944551,40.820216,14.320886611938477,16.080503463745117,8.714238166809082,0.0,7.687983512878418,0.0,5.359079837799072,190.02549743652344,158.7061004638672,238.71560668945312
890,-73.954228,40.807537,39.018741607666016,18.929698944091797,23.521190643310547,0.0,35.2042236328125,0.0,5.392887592315674,192.6410369873047,142.4338836669922,239.0352020263672
891,-73.985976,40.774202,38.892181396484375,15.57507610321045,5.401660442352295,1.121300274853354e-10,19.084232330322266,0.0,5.604811191558838,555.6942749023438,578.413818359375,610.238037109375
892,-74.012328,40.70927,49.242332458496094,3.101433389621211e-12,118.41230010986328,2.425279378890991,51.23996353149414,1036.2447509765625,6.345915794372559,756.3046264648438,1137.798828125,346.2707824707031
893,-73.985608,40.774891,38.992496490478516,19.613344192504883,4.833714008331299,4.3160121310226174e-11,18.106170654296875,0.0,5.4285712242126465,482.4443054199219,493.0067138671875,558.602783203125
894,-73.985608,40.774891,38.992496490478516,19.613344192504883,4.833714008331299,4.3160121310226174e-11,18.106170654296875,0.0,5.4285712242126465,482.4443054199219,493.0067138671875,558.602783203125
895,-73.944092,40.790191,7.031291961669922,28.06361198425293,0.9651050567626953,0.0,14.359879493713379,0.0,5.087597370147705,213.61080932617188,190.0301055908203,234.8134307861328
896,-73.948488,40.793649,23.014610290527344,25.325191497802734,8.80195557688727e-15,0.0,18.798900604248047,0.0,4.903846263885498,273.7368469238281,287.1850891113281,296.7003173828125
897,-73.935746,40.823988,4.972092074000123e-13,5.4627790451049805,1.1094852250467802e-12,0.0,9.056078910827637,0.0,5.740384578704834,281.66192626953125,159.4208984375,397.4446105957031
898,-73.98107,40.74651,27.431865692138672,23.381441116333008,57.21730041503906,3.111774889413138e-13,27.833648681640625,0.0,4.928333282470703,519.2451171875,803.8999633789062,332.1737976074219
899,-73.827642,40.831829,11.771018981933594,0.0,0.9664385318756104,0.0,4.946047306060791,0.0,3.964601755142212,59.709651947021484,60.95857620239258,59.71316909790039
900,-73.947171,40.792932,17.99695587158203,23.352428436279297,1.3885590040049853e-15,0.0,20.32805824279785,0.0,4.870486736297607,214.77772521972656,216.52688598632812,242.81553649902344
901,-73.990318,40.763655,1.408323110907439e-12,17.103601455688477,1.1353559585536299e-11,4.438558132147108e-10,1.600310682581263e-11,0.0,4.923720836639404,320.57720947265625,342.11578369140625,294.757080078125
902,-73.938701,40.841032,2.843608717940894e-16,0.0,1.0913225878539379e-08,0.0,0.0,0.0,5.33494758605957,198.50885009765625,153.15345764160156,250.64187622070312
903,-73.956814,40.819793,0.46662694215774536,18.69061279296875,37.1241455078125,0.0,22.760042190551758,0.0,5.390503883361816,305.40216064453125,164.87881469726562,416.17254638671875
904,-73.986038,40.72004,22.909866333007812,21.08750343322754,14.309107780456543,37.06082534790039,45.77423858642578,0.0,5.400000095367432,238.21841430664062,236.4033966064453,223.59539794921875
905,-73.953317,40.812428,5.771637916564941,20.951568603515625,6.55448893945032e-13,0.0,20.049039840698242,0.0,5.193798542022705,215.91018676757812,147.86904907226562,291.7636413574219
906,-73.942482,40.79001,14.282272338867188,27.248737335205078,1.9304050207138062,0.0,25.836883544921875,0.0,5.138554096221924,217.97738647460938,188.35313415527344,247.60104370117188
907,-73.959777,40.765638,29.088287353515625,17.49394416809082,137.3912353515625,1.582657507652463e-12,19.755298614501953,0.0,5.345544338226318,382.4727478027344,486.5832824707031,374.22442626953125
908,-74.000851,40.711441,0.010149944573640823,8.215656280517578,22.744205474853516,1.0183499009330799e-11,9.108922004699707,0.0,5.955079555511475,328.54339599609375,424.4643249511719,228.27256774902344
909,-74.004692,40.723911,8.553651537068774e-11,19.499418258666992,0.0002871769538614899,0.0,3.428483608125532e-10,0.0,5.515580654144287,311.52178955078125,576.9541625976562,98.74130249023438
910,-73.974483,40.786134,14.36441707611084,3.622164249420166,13.108076095581055,3.999876872860103e-13,34.66534423828125,0.0,5.047342777252197,253.7516326904297,287.2172546386719,248.49481201171875
911,-73.947856,40.780652,37.597816467285156,14.940385818481445,1.9766358137130737,0.0,29.086393356323242,0.0,5.223842144012451,425.1170654296875,295.0341491699219,544.9063720703125
912,-73.934676,40.850683,0.0,1.9780923206374226e-16,0.0,0.0,3.481986088349487e-10,0.0,5.338642120361328,207.7467498779297,200.8010711669922,207.73162841796875
913,-73.98346,40.757626,2.9505786895751953,7.47388219833374,38.10761260986328,0.0,23.28675079345703,0.0,5.478999137878418,914.0645141601562,2316.8515625,180.65591430664062
914,-73.984381,40.756089,14.138189315795898,0.10910113900899887,44.35647964477539,0.0,21.328533172607422,0.0,5.60065221786499,906.14404296875,2395.1376953125,141.39830017089844
915,-73.987064,40.735361,11.468268394470215,19.456600189208984,10.881288528442383,3.342117693705404e-10,6.862040996551514,0.0,5.325222969055176,506.8130187988281,717.230224609375,279.0158386230469
916,-73.995731,40.736416,8.640573501586914,18.919767379760742,70.54991149902344,0.0,27.382659912109375,0.0,5.274111747741699,602.708984375,898.0074462890625,298.2497253417969
917,-73.979581,40.719416,7.0416178703308105,28.250680923461914,3.4220547676086426,0.4867742359638214,29.64282989501953,0.0,5.38095235824585,239.37425231933594,193.10328674316406,313.8184814453125
918,-73.949929,40.8185,16.007001876831055,27.38956069946289,22.711332321166992,0.0,21.66063690185547,0.0,5.484180450439453,201.5,398.91485595703125,216.44317626953125
919,-73.985608,40.774891,38.992496490478516,19.613344192504883,4.833714008331299,4.3160121310226174e-11,18.106170654296875,0.0,5.4285712242126465,482.4443054199219,493.0067138671875,558.602783203125
920,-73.9927,40.765474,6.592615776207511e-12,25.549304962158203,1.1233305084734635e-11,1.5477652492990046e-10,0.0,0.0,5.084190845489502,351.1119689941406,303.5519104003906,338.5863952636719
921,-73.989329,40.717329,34.47544479370117,24.86083984375,22.332761764526367,4.402351261312276e-10,45.4412956237793,0.0,5.432748317718506,252.88937377929688,247.44602966308594,218.45449829101562
922,-73.98861,40.767848,5.880840519417729e-12,16.51389503479004,2.382000846568033e-12,4.4669187793111576e-10,4.7163897787250164e-11,0.0,5.067307472229004,431.5657043457031,552.5850219726562,426.4016418457031
923,-73.989329,40.717329,34.47544479370117,24.86083984375,22.332761764526367,4.402351261312276e-10,45.4412956237793,0.0,5.432748317718506,252.88937377929688,247.44602966308594,218.45449829101562
924,-73.987064,40.735361,11.468268394470215,19.456600189208984,10.881288528442383,3.342117693705404e-10,6.862040996551514,0.0,5.325222969055176,506.8130187988281,717.230224609375,279.0158386230469
925,-74.000238,40.74182,11.113668441772461,11.667867660522461,33.04368591308594,0.0,29.101411819458008,0.0,5.2724609375,376.8858947753906,523.2776489257812,222.23733520507812
926,-74.018941,40.689493,0.0,4.017280578613281,0.0,158.05624389648438,0.0,0.0,7.641196250915527,,26.632068634033203,
927,-73.9383,40.8381,8.62584400177002,0.0,1.9283297061920166,0.0,0.0,0.0,5.542635440826416,194.4287109375,161.7574005126953,251.53369140625
928,-73.948488,40.793649,23.014610290527344,25.325191497802734,8.80195557688727e-15,0.0,18.798900604248047,0.0,4.903846263885498,273.7368469238281,287.1850891113281,296.7003173828125
929,-74.006155,40.729052,1.7327847056519685e-12,16.299489974975586,2.0859785079956055,32.806175231933594,6.49742894410305e-33,0.0,5.317246913909912,304.8471374511719,603.4668579101562,249.810546875
930,-73.959777,40.765638,29.088287353515625,17.49394416809082,137.3912353515625,1.582657507652463e-12,19.755298614501953,0.0,5.345544338226318,382.4727478027344,486.5832824707031,374.22442626953125
931,-73.990562,40.747425,19.384605407714844,9.633060455322266,58.5012092590332,4.359972383127797e-10,38.22203826904297,0.0,5.658914566040039,744.153076171875,1767.9783935546875,199.01510620117188
932,-73.984333,40.732699,19.38888931274414,16.144445419311523,26.272485733032227,1.8088616542122349e-12,31.466564178466797,0.0,5.160133361816406,306.72894287109375,414.45367431640625,236.533935546875
933,-74.013303,40.705688,57.16318893432617,5.740025043487549,76.53775787353516,0.0,51.136802673339844,235.03440856933594,6.27042818069458,1054.872314453125,1877.9322509765625,514.9852905273438
934,-73.992343,40.729661,11.561326026916504,9.247329711914062,162.09815979003906,2.3783877645122686e-10,48.008583068847656,0.048960067331790924,5.17287015914917,548.5460815429688,966.6356201171875,223.44998168945312
935,-73.996354,40.745677,2.5775415897369385,18.449783325195312,1.3712570667266846,0.0,16.36606788635254,0.0,5.201990127563477,494.7361145019531,774.6138305664062,275.726318359375
936,-74.00254,40.743407,2.8822455406188965,12.414734840393066,6.5409255027771,4.671004546664467e-18,22.407278060913086,0.0,5.321043014526367,368.8953552246094,544.04443359375,212.07098388671875
937,-73.966779,40.797136,25.319046020507812,21.842185974121094,2.1321804523468018,1.0288749968103902e-14,22.375104904174805,0.0,5.224576473236084,232.4395751953125,174.27899169921875,292.1795654296875
938,-74.005058,40.72463,2.0376774226806607e-38,21.390060424804688,5.99096744435812e-11,8.594207847208489e-21,3.0639854542435785e-10,0.0,5.5115275382995605,313.6448974609375,603.5885620117188,100.3926010131836
939,-73.967204,40.759248,2.0860278080906983e-31,22.094661712646484,2.658810615539551,5.874232849277516e-13,9.578000198517955e-11,0.0,5.286642074584961,504.057373046875,801.4188842773438,305.5721740722656
940,-73.945647,40.784112,30.259836196899414,16.02542495727539,4.833793640136719,0.0,24.023597717285156,0.0,5.242868900299072,305.4840393066406,236.8330078125,358.0665283203125
941,-73.990468,40.722415,30.271032333374023,19.992733001708984,76.00367736816406,4.214679993896908e-10,55.308616638183594,0.0,4.905746936798096,279.6482238769531,244.336181640625,290.075439453125
942,-73.945933,40.783286,41.57119369506836,16.322240829467773,4.824270248413086,0.0,28.907684326171875,0.0,5.224267959594727,391.78192138671875,263.8609924316406,495.99395751953125
943,-73.944299,40.815237,31.679052352905273,13.818897247314453,13.505538940429688,0.0,19.73086929321289,0.0,5.180295467376709,183.37786865234375,180.48353576660156,187.75282287597656
944,-73.946879,40.791966,17.271602630615234,24.945547103881836,0.0,0.0,19.82869529724121,0.0,4.863492012023926,209.70069885253906,198.1497344970703,236.069091796875
945,-73.950354,40.820208,2.8729679584503174,24.113964080810547,2.8983287811279297,0.0,18.4617862701416,0.0,5.570131301879883,239.04710388183594,405.7047119140625,267.4320068359375
946,-73.976093,40.718276,14.438426971435547,23.71478843688965,6.45148229598999,1.284382939338684,24.115360260009766,0.0,5.850494861602783,197.93008422851562,152.5777130126953,260.39093017578125
947,-73.951292,40.816626,25.912696838378906,26.770214080810547,31.484928131103516,0.0,20.086524963378906,0.0,5.4728684425354,256.7774353027344,264.4939270019531,324.5765075683594
948,-73.944449,40.795404,27.26805305480957,15.883795738220215,0.9670189023017883,0.0,15.032393455505371,0.0,4.993305206298828,211.91366577148438,149.289794921875,275.7897644042969
949,-73.943904,40.790932,4.7210259437561035,22.766794204711914,0.9690144658088684,0.0,17.071455001831055,0.0,5.088716506958008,218.6171112060547,216.71974182128906,231.4152069091797
950,-74.015837,40.705605,22.980297088623047,1.0987035036087036,36.29749298095703,0.0,20.836780548095703,518.679931640625,6.710251808166504,833.4034423828125,1005.5291137695312,1009.3616943359375
951,-73.935335,40.801547,11.52287769317627,8.359184265136719,8.757835142337242e-41,0.0,3.88578724861145,1.0788301601038798e-23,5.202475547790527,210.99404907226562,185.02435302734375,223.62469482421875
952,-73.941111,40.821208,18.69623565673828,16.417430877685547,22.788972854614258,5.897283311800062e-38,9.056426048278809,0.0,5.046917915344238,260.97113037109375,163.4946746826172,342.56231689453125
953,-74.006155,40.729052,1.7327847056519685e-12,16.299489974975586,2.0859785079956055,32.806175231933594,6.49742894410305e-33,0.0,5.317246913909912,304.8471374511719,603.4668579101562,249.810546875
954,-73.955722,40.810793,9.753931045532227,21.246505737304688,3.0027086950212833e-07,0.0,18.305644989013672,0.0,5.291999816894531,264.1815490722656,214.06712341308594,318.92779541015625
955,-73.987791,40.725892,57.46100616455078,17.31783103942871,175.83238220214844,3.896637179590101e-10,48.078060150146484,0.0,5.142184734344482,267.7008972167969,223.94749450683594,307.4007263183594
956,-73.979217,40.78633,33.589046478271484,11.72768497467041,11.342845916748047,0.0,31.21728515625,0.0,5.068935394287109,299.33984375,249.9649658203125,336.0076599121094
957,-73.932868,40.794184,14.165558815002441,20.089553833007812,0.0008594960090704262,0.0,18.64217758178711,0.0,6.1454291343688965,161.3764190673828,158.18826293945312,165.53973388671875
958,-73.981597,40.72313,6.0176777839660645,21.986215591430664,31.969636917114258,14.457486152648926,32.5488395690918,0.0,5.229767322540283,219.10545349121094,174.7249298095703,274.999267578125
959,-73.982976,40.775256,26.415800094604492,21.083351135253906,18.564376831054688,0.0,14.589436531066895,0.0,5.088446140289307,537.3045043945312,578.7311401367188,530.2894287109375
960,-73.954152,40.80261,14.872549057006836,13.639581680297852,1.9315519332885742,0.0,18.541339874267578,0.0,5.159433364868164,237.58778381347656,185.93714904785156,285.8125915527344
961,-73.948385,40.806055,8.001355171203613,19.522510528564453,3.2609017482782e-12,0.0,32.56085205078125,0.0,5.104549884796143,185.12271118164062,166.58351135253906,201.02767944335938
962,-73.965949,40.802653,8.331080436706543,17.401123046875,1.813947081565857,0.0,23.967269897460938,0.0,5.208855628967285,295.3829040527344,260.02349853515625,321.56591796875
963,-74.013303,40.705688,57.16318893432617,5.740025043487549,76.53775787353516,0.0,51.136802673339844,235.03440856933594,6.27042818069458,1054.872314453125,1877.9322509765625,514.9852905273438
964,-73.933629,40.853193,0.0,1.3354039529928951e-28,0.0,0.0,1.5236603645440994e-10,0.0,5.307971000671387,236.1519775390625,182.376953125,287.13031005859375
965,-73.940919,40.785559,9.472336769104004,29.273149490356445,0.003554681548848748,0.0,21.895782470703125,0.0,6.060168266296387,126.04966735839844,134.3576202392578,141.97019958496094
966,-73.933042,40.850819,0.0,1.5986219644546509,0.0,0.0,3.392112701838812e-10,0.0,5.367622375488281,247.0885467529297,252.4824981689453,235.20263671875
967,-73.992832,40.747398,11.678082466125488,9.84340763092041,36.15780258178711,1.2769697799175361e-10,25.471651077270508,0.0,5.399235725402832,833.6907958984375,1687.0390625,252.49032592773438
968,-73.98861,40.767848,5.880840519417729e-12,16.51389503479004,2.382000846568033e-12,4.4669187793111576e-10,4.7163897787250164e-11,0.0,5.067307472229004,431.5657043457031,552.5850219726562,426.4016418457031
969,-74.01244,40.706232,55.13951873779297,3.6881184577941895,98.46102905273438,4.124439234153704e-13,57.94682312011719,4.5233648014426335e-20,6.0308122634887695,1081.5911865234375,1942.5882568359375,463.5594482421875
970,-73.992405,40.753038,17.270235061645508,6.3648309713004725e-12,73.78143310546875,2.3037978469364617e-10,37.87904739379883,0.0,5.339901447296143,974.53857421875,2206.89990234375,465.7519226074219
971,-73.938714,40.807019,35.246150970458984,19.23049545288086,3.751513856509181e-12,0.0,13.372108459472656,0.0,5.184070587158203,194.73733520507812,208.49876403808594,178.9717254638672
972,-73.933042,40.850819,0.0,1.5986219644546509,0.0,0.0,3.392112701838812e-10,0.0,5.367622375488281,247.0885467529297,252.4824981689453,235.20263671875
973,-73.894108,40.769798,8.730493545532227,16.424924850463867,0.9659791588783264,0.5571052432060242,17.983478546142578,0.0,5.558178901672363,75.37562561035156,58.97562789916992,92.48817443847656
974,-73.778118,40.7417,14.55559253692627,12.736747741699219,4.829501152038574,0.0,11.256585121154785,0.0,5.545536518096924,42.67302322387695,127.7686767578125,57.11117172241211
975,-73.888133,40.737405,17.104042053222656,24.927663803100586,0.9685140252113342,1.105911694686268e-12,8.623156547546387,0.0,5.1338582038879395,63.629302978515625,87.29222869873047,71.99759674072266
976,-73.882446,40.739644,7.2848639488220215,27.13536262512207,1.2063592672348022,0.0,23.313064575195312,0.0,5.219327926635742,121.09687042236328,86.72330474853516,155.24192810058594
977,-73.786403,40.69691,1.0329363344108238e-39,19.422958374023438,3.088205689436019e-13,76.6123275756836,7.425235271453857,0.0,5.274047374725342,68.72394561767578,65.16803741455078,72.72618865966797
978,-73.912458,40.718234,30.758041381835938,17.52771759033203,75.98104858398438,0.005496323108673096,21.9493350982666,0.0,4.862820625305176,47.81183624267578,62.21923065185547,25.150177001953125
979,-73.911962,40.760122,34.606475830078125,25.132326126098633,2.3707482157964144e-11,0.0,12.696674346923828,0.0,5.454792022705078,123.62744140625,132.76756286621094,134.97030639648438
980,-73.909032,40.746127,37.67052459716797,22.138967514038086,6.762212753295898,0.0,28.975440979003906,0.0,5.5116071701049805,146.4954071044922,119.69606018066406,173.28514099121094
981,-73.893466,40.742284,14.758942604064941,23.416418075561523,1.325719952583313,0.0,31.759859085083008,0.0,5.4015889167785645,123.8396224975586,99.58578491210938,146.06227111816406
982,-73.867662,40.737441,19.919404983520508,31.456666946411133,1.6753463745117188,1.0554853432237499e-12,19.265050888061523,0.0,5.416513919830322,168.411865234375,195.87242126464844,171.0885467529297
983,-73.85457,40.74102,15.808599472045898,15.612858772277832,1.5486530243954966e-12,0.0,1.8162603378295898,0.0,5.475691318511963,159.00320434570312,122.4813232421875,196.0348663330078
984,-73.756546,40.68605,1.6534237520793305e-11,17.29697036743164,5.88513833071078e-15,40.410953521728516,3.4598109778016806e-05,0.0,5.364919185638428,36.5774040222168,26.577627182006836,47.73954391479492
985,-73.860547,40.748996,19.029293060302734,1.1479672193527222,1.5165989398956299,1.6696881724453938e-11,16.355146408081055,0.0,5.313921928405762,146.5343475341797,121.63933563232422,175.38455200195312
986,-73.922544,40.768034,29.7015438079834,15.889060974121094,2.0589577282021444e-24,0.0,26.373809814453125,0.0,5.420502185821533,165.63748168945312,167.00636291503906,162.90231323242188
987,-73.73229,40.731853,2.483654737472534,12.64428424835205,0.0,1.1263077880525253e-31,14.51445484161377,0.0,3.8556337356567383,56.77288818359375,48.21904373168945,80.9366226196289
988,-73.866557,40.7486,24.974365234375,13.688992500305176,6.469109102569259e-14,9.864416122436523,15.276375770568848,0.0,5.289581775665283,200.53233337402344,174.22711181640625,226.60057067871094
989,-73.824388,40.758347,1.189853337385527e-12,2.9805269987108127e-14,0.0,0.0,4.254550457000732,0.0,5.4163384437561035,222.2783660888672,198.8889617919922,269.91754150390625
990,-73.818581,40.774134,0.0,0.0,0.0,0.0,0.0,0.0,5.3565216064453125,56.02212142944336,106.33056640625,48.70824432373047
991,-73.811373,40.761744,2.8837976455688477,0.0,0.0,0.0,5.442920684814453,0.0,5.4298481941223145,81.12538146972656,102.51358795166016,77.69224548339844
992,-73.92864,40.739438,23.500530242919922,16.676584243774414,3.8699967861175537,0.0,27.15926170349121,0.0,5.501285552978516,137.1517791748047,155.79798889160156,117.6628189086914
993,-73.8181,40.751972,0.0,4.87982287770191e-14,0.0,0.0,6.753992981209378e-13,0.0,5.363831996917725,100.35189819335938,92.30613708496094,108.79035186767578
994,-73.789365,40.764884,1.1428206444724203e-36,0.049283746629953384,6.561637878417969,0.0,8.594428062438965,0.0,5.188644886016846,63.60091781616211,78.15669250488281,67.59174346923828
995,-73.777607,40.735935,14.3910493850708,18.89053726196289,6.747811794281006,1.5572159759149702e-17,9.07155704498291,0.0,5.557000160217285,43.79547882080078,48.157798767089844,60.90244674682617
996,-73.854268,40.747017,5.761539936065674,9.449962615966797,4.837697982788086,0.0,9.08413028717041,0.0,5.371615409851074,122.8995132446289,82.25516510009766,160.83786010742188
997,-73.842967,40.778029,0.0,7.310706900964803e-11,0.0,0.0,0.0,0.0,5.650000095367432,75.72697448730469,57.11781692504883,93.87865447998047
998,-73.768994,40.757701,14.343667030334473,1.6930876730984756e-13,4.831193923950195,0.0,7.247483253479004,0.0,5.277324676513672,66.66741943359375,87.85472106933594,60.88275146484375
999,-73.794323,40.765459,2.1380343437194824,2.0054923433737715e-12,13.515653610229492,0.0,2.416377644851031e-13,0.0,5.063786029815674,42.891632080078125,42.16666793823242,44.07939910888672
1000,-73.734102,40.727172,14.410144805908203,9.534488677978516,1.7872399064474858e-19,14.119525909423828,0.05645481497049332,0.0,2.762144088745117,66.92523193359375,63.50431442260742,70.8364486694336
1001,-73.737702,40.710986,21.76251983642578,0.5624515414237976,10.04446029663086,47.03651809692383,5.441457271575928,0.0,4.427260875701904,54.79894256591797,53.31667709350586,63.690303802490234
1002,-73.768894,40.713438,19.859031677246094,9.315567016601562,6.7599310874938965,2.9228969466998933e-08,9.637492179870605,0.0,5.0967116355896,77.98158264160156,66.41394805908203,89.97804260253906
1003,-73.764081,40.691306,17.293474197387695,19.07326889038086,2.0126088295935318e-10,9.893647193908691,7.2846503257751465,0.0,5.3883585929870605,59.304969787597656,62.95456314086914,46.163002014160156
1004,-73.758778,40.676201,14.418954849243164,1.1246392726898193,21.33757781982422,23.554471969604492,7.781776428222656,493.4143981933594,5.175455570220947,37.525047302246094,43.13071823120117,38.18989181518555
1005,-73.733774,40.67115,2.1284207035732194e-12,4.210992336273193,0.0,3.0407568823997977e-12,0.410235732793808,0.0,5.193002223968506,28.103906631469727,26.653757095336914,39.37738800048828
1006,-73.790975,40.693559,14.604206085205078,22.40146255493164,0.09145735949277878,153.040283203125,15.588445663452148,0.0,5.3961663246154785,68.73865509033203,51.0845832824707,92.86457061767578
1007,-73.771225,40.770155,0.0,3.4915367038562684e-12,4.829895496368408,0.0,1.7207679508732254e-12,0.0,5.424901008605957,35.110801696777344,42.259735107421875,33.968807220458984
1008,-73.794804,40.594358,0.0,0.0008376244222745299,0.0,0.0,0.0,0.0,3.340604066848755,58.58734893798828,51.73482894897461,65.96910858154297
1009,-73.761086,40.59348,0.0,0.0,0.0,0.0,0.0,0.0,5.23544979095459,66.61209869384766,57.8270378112793,82.28953552246094
1010,-73.788866,40.671871,0.06705239415168762,5.772435665130615,0.0,9.891836166381836,0.0014136213576421142,0.0,5.339566707611084,54.34238815307617,40.09266662597656,78.12950134277344
1011,-73.758042,40.745744,17.859224319458008,9.242077827453613,1.9319297075271606,0.0,10.888768196105957,0.0,4.1052632331848145,54.438594818115234,49.264312744140625,76.5923843383789
1012,-73.820445,40.606352,9.928255049682089e-13,1.1806782484054565,0.0,0.002138895448297262,2.5606133966654676e-12,0.0,5.738898754119873,30.2772274017334,31.16666603088379,28.7689208984375
1013,-73.796358,40.693736,12.152634620666504,20.517683029174805,6.446436405181885,134.85948181152344,7.280828475952148,0.0,5.498981475830078,78.36492919921875,55.043556213378906,110.99325561523438
1014,-73.875493,40.719567,0.0,16.084148406982422,0.0,3.6034126793538235e-08,0.0,0.0,5.49424409866333,43.25548553466797,56.86094665527344,61.77787780761719
1015,-73.806842,40.694868,34.705814361572266,18.600717544555664,28.762327194213867,32.23269271850586,18.416118621826172,0.0,5.256603717803955,88.48180389404297,65.56871795654297,107.62025451660156
1016,-73.831532,40.698286,17.13228416442871,16.53232765197754,9.993132591247559,15.174858093261719,5.448287010192871,7.343156903516501e-05,5.434523582458496,97.56237030029297,110.65534210205078,79.96073913574219
1017,-73.767161,40.661427,25.760398864746094,4.769111156463623,12.578014373779297,2.2021067695027208e-13,5.442906856536865,0.0,5.3393707275390625,54.361331939697266,50.436580657958984,59.56044387817383
1018,-73.749891,40.604019,0.0,0.0,0.0,0.0,0.0,0.0,5.442567348480225,120.72196197509766,136.68197631835938,118.43130493164062
1019,-73.824629,40.702656,11.586528778076172,25.196189880371094,3.880124092102051,53.194759368896484,3.569413661956787,0.0,5.264522075653076,78.30655670166016,59.028038024902344,109.12572479248047
1020,-73.816156,40.69361,3.87094783782959,10.799943923950195,1.423496961593628,12.62817096710205,5.462428569793701,0.0,5.532492637634277,62.61109161376953,48.18509292602539,89.0062026977539
1021,-73.835735,40.698989,12.684211730957031,11.538191795349121,29.1031551361084,17.262426376342773,36.52739715576172,0.0,5.488417148590088,90.98300170898438,108.75035095214844,73.77761840820312
1022,-73.890638,40.728517,0.0,23.612855911254883,2.5986664534648207e-13,0.0,10.638654708862305,0.0,5.554695129394531,113.88156127929688,167.8702392578125,78.89651489257812
1023,-73.752772,40.681881,8.644410133361816,18.60757827758789,1.0522253912365748e-13,26.527284622192383,14.340707778930664,0.0,4.8838982582092285,40.73124313354492,60.31595993041992,35.244937896728516
1024,-73.852792,40.691467,26.3891544342041,17.994136810302734,50.81087875366211,3.120399771905369e-10,50.90883255004883,0.0,5.2881059646606445,93.11115264892578,81.90563201904297,103.62376403808594
1025,-73.862886,40.741898,9.184600830078125,6.348200798034668,2.564395961204835e-12,3.0343603064225677e-12,26.1668643951416,0.0,5.508035659790039,140.9713134765625,114.410888671875,184.45596313476562
1026,-73.835567,40.688359,1.0739355238431614e-10,21.079242706298828,2.8876928626075937e-10,2.4788565635681152,5.454657554626465,2.4271993801367993e-15,5.489236831665039,95.0328598022461,73.10356903076172,117.36035919189453
1027,-73.846796,40.676978,0.0002419674419797957,22.034727096557617,0.0,1.2471556332490872e-43,6.731603622436523,0.0,5.3373703956604,73.54519653320312,64.68292999267578,82.89598083496094
1028,-73.856956,40.681901,22.218608856201172,15.97292423248291,8.827921867370605,0.0,7.543869972229004,0.0,5.452691555023193,98.26139831542969,67.2527847290039,129.7156219482422
1029,-73.841675,40.682293,0.0,31.711833953857422,0.0,29.659168243408203,1.9193568956410445e-10,518.6110229492188,5.204869747161865,81.62826538085938,71.15367889404297,91.42394256591797
1030,-73.846135,40.697941,5.594801965463914e-13,4.782681465148926,82.4234619140625,0.0,46.70817947387695,104.60394287109375,5.535550594329834,81.83846282958984,73.46309661865234,88.48644256591797
1031,-73.734832,40.762241,8.63698959350586,0.0,0.0,0.0,1.435940116811807e-10,0.0,3.833009719848633,26.80997085571289,34.51360321044922,18.894678115844727
1032,-73.897372,40.696961,0.48980459570884705,12.82347297668457,5.953367139543975e-13,1.1823353606020886e-32,8.529504359755524e-12,0.0,5.394273281097412,74.51665496826172,62.922332763671875,102.8841781616211
1033,-73.888457,40.748804,4.644794464111328,28.72161865234375,0.0,0.0,0.9527634978294373,0.0,5.326829433441162,182.4616241455078,169.91929626464844,193.62310791015625
1034,-73.913964,40.761762,28.880342483520508,21.96685791015625,9.681075385792326e-11,0.0,32.61100769042969,0.0,5.449633598327637,121.80116271972656,119.96793365478516,123.325927734375
1035,-73.904798,40.711388,43.99253845214844,15.087220191955566,48.8238639831543,0.0,17.076311111450195,0.0,5.403022766113281,79.31310272216797,69.95501708984375,89.137451171875
1036,-73.775643,40.675014,8.646904945373535,7.6512603759765625,0.7699815034866333,19.832138061523438,7.2846503257751465,0.0,5.254366874694824,109.89552307128906,104.38480377197266,152.15322875976562
1037,-73.893318,40.728558,0.0,26.364089965820312,2.1746986806833735e-13,0.0,5.395402431488037,0.0,5.5325164794921875,118.64100646972656,138.10537719726562,97.84011840820312
1038,-73.766653,40.744743,20.741252899169922,17.840824127197266,0.413730651140213,0.0,18.124422073364258,0.0,5.656961917877197,22.144683837890625,66.76795959472656,19.803983688354492
1039,-73.904888,40.698699,12.437499046325684,26.35016632080078,5.2967424392700195,0.0,7.315001010894775,0.0,5.399606227874756,135.76300048828125,164.2098388671875,110.85842895507812
1040,-73.94163,40.760862,17.234622955322266,16.394350051879883,4.831194877624512,0.0,22.433656692504883,0.0,5.286956310272217,93.78107452392578,97.85785675048828,62.78849792480469
1041,-73.902147,40.699101,30.926687240600586,24.383546829223633,8.521492004394531,0.0,8.409014701843262,0.0,5.3226399421691895,147.11524963378906,162.1234893798828,137.17420959472656
1042,-73.957177,40.744368,31.362855911254883,10.076699256896973,81.81416320800781,0.0,23.70435905456543,0.0,5.722659587860107,276.4594421386719,223.4034881591797,329.20361328125
1043,-73.817338,40.786201,0.0,0.0,0.0,0.0,0.0,0.0,5.647887229919434,44.9935417175293,61.28882598876953,45.648101806640625
1044,-73.769119,40.673483,5.186790900039539e-16,6.740489959716797,0.0,0.005301022436469793,1.820009469985962,0.0,5.297872543334961,80.50654602050781,64.13130950927734,97.2787094116211
1045,-73.911885,40.703942,24.224470138549805,25.279708862304688,13.792719841003418,2.6412554435251145e-11,10.88956069946289,519.6585693359375,5.414585590362549,180.82244873046875,120.767578125,241.4264678955078
1046,-73.8122,40.703897,0.0,25.929624557495117,4.644876266924301e-15,62.86882781982422,7.986502170562744,0.0,5.310631275177002,84.05810546875,71.24685668945312,97.19709777832031
1047,-73.875053,40.736886,12.022611618041992,20.830341339111328,1.1049199104309082,1.8012077289755735e-12,12.801881790161133,0.0,5.2037835121154785,145.06263732910156,122.55827331542969,182.41900634765625
1048,-73.906117,40.771154,7.533121109008789,20.719924926757812,6.343337535858154,0.0,22.162355422973633,0.0,5.38601541519165,80.38874816894531,71.3141098022461,89.94195556640625
1049,-73.915039,40.773126,3.625801604602866e-30,11.267374038696289,1.9314388036727905,0.0,12.893414497375488,0.0,5.421859264373779,105.12210845947266,86.62134552001953,122.00037384033203
1050,-73.803001,40.709461,48.00955581665039,23.286466598510742,50.62161636352539,46.36821746826172,18.015098571777344,518.5404052734375,5.427244663238525,108.17752075195312,172.08230590820312,83.09947204589844
1051,-73.871674,40.711559,17.13962173461914,0.41329076886177063,1.9334189891815186,0.010047532618045807,1.8338700532913208,0.0,5.3045268058776855,82.84193420410156,69.5187759399414,97.42316436767578
1052,-73.896437,40.704105,14.119524002075195,25.616613388061523,10.792229652404785,2.6896603000370334e-11,3.630565881729126,0.0,5.465259552001953,127.18736267089844,97.957763671875,155.11866760253906
1053,-73.879641,40.745963,30.96096420288086,22.08844566345215,5.853715949466487e-13,0.0,4.6518143503870846e-11,0.0,5.4942307472229,283.0189514160156,195.31784057617188,371.27886962890625
1054,-73.839517,40.696653,15.67113208770752,8.367719650268555,62.858001708984375,0.0,58.02324676513672,0.0,5.540322780609131,78.39151763916016,75.3266830444336,81.86212921142578
1055,-73.883995,40.703503,28.769506454467773,21.868043899536133,1.932997226715088,2.4803352080549068e-11,21.50701904296875,0.0,5.471285343170166,95.7899398803711,86.9429702758789,105.05667877197266
1056,-73.868773,40.755983,15.033246994018555,1.9681346416473389,2.1102883980203546e-13,0.0,9.02574634552002,0.0,5.141238212585449,140.0142364501953,100.050537109375,180.6220703125
1057,-73.903057,40.705609,7.646378517150879,28.845827102661133,25.20832061767578,2.4914417751098483e-11,27.112207412719727,0.0,5.49544620513916,119.52873992919922,97.22593688964844,162.27781677246094
1058,-73.738703,40.771258,0.0,0.5457112789154053,0.0,0.0,4.738327243590523e-13,0.0,3.8884687423706055,33.874855041503906,33.4249267578125,37.34779357910156
1059,-73.783283,40.711295,32.77004623413086,25.758405685424805,2.9061262607574463,45.50376510620117,21.252159118652344,0.0,5.232110023498535,123.25853729248047,103.7226791381836,142.4087371826172
1060,-73.808128,40.675369,18.37972068786621,11.972270011901855,0.9664985537528992,12.405511856079102,3.960944890975952,0.0,5.296888828277588,56.38857650756836,51.528167724609375,60.17399597167969
1061,-73.860031,40.694232,2.148764797920625e-38,18.317167282104492,7.836003981104289e-13,1.6105644595754143e-10,1.4681646740358212e-12,0.0,5.654909610748291,93.2613296508789,70.65784454345703,116.32837677001953
1062,-73.749998,40.768906,0.0,5.198596327721239e-12,0.0,0.0,5.721492615622104e-13,0.0,5.057812690734863,29.494298934936523,35.866050720214844,25.072383880615234
1063,-73.827722,40.711502,14.423014640808105,21.41170310974121,7.075899600982666,2.472745656967163,5.442920684814453,0.0,5.096993446350098,153.6676483154297,140.45065307617188,166.69139099121094
1064,-73.821545,40.679694,0.4201740622520447,15.827201843261719,1.9386234283447266,0.0,1.802225112915039,0.0,5.421101093292236,93.34553527832031,84.9644775390625,102.34625244140625
1065,-73.8434,40.715543,5.762940406799316,17.38517951965332,4.669267143070366e-12,5.061124324798584,5.869406223297119,0.0,5.440000057220459,34.39217758178711,37.81736755371094,31.33261489868164
1066,-73.878243,40.733033,1.5883828401565552,27.48328971862793,15.818087577819824,2.312301392026761e-12,15.926287651062012,0.0,5.545559406280518,106.50701904296875,90.42780303955078,123.10730743408203
1067,-73.764621,40.608002,0.0,0.0,0.0,0.0,0.0,0.0,3.877378463745117,30.537023544311523,32.40253448486328,35.669525146484375
1068,-73.780961,40.595911,0.0,0.0,0.0,0.0,0.0,0.0,4.550079345703125,72.88565826416016,61.40519714355469,107.6202392578125
1069,-73.766846,40.594738,0.0,0.0,0.0,0.0,0.0,0.0,4.668865203857422,61.14860153198242,38.49122619628906,84.28076171875
1070,-73.799476,40.755364,2.8861286640167236,0.7766143679618835,4.1496477127075195,0.0,9.391505241394043,0.0,5.3834357261657715,33.20431137084961,44.753013610839844,47.6440544128418
1071,-73.831025,40.679083,0.0,4.408413410186768,0.0,0.0,0.0,0.0,5.279513835906982,79.28504943847656,76.63823699951172,82.34229278564453
1072,-73.746375,40.720074,34.502708435058594,2.5739006996154785,16.31122589111328,15.98466682434082,26.74859619140625,0.0,4.453167915344238,54.435279846191406,50.51667404174805,58.801719665527344
1073,-73.866372,40.745995,23.22660255432129,8.076269149780273,5.859094676444188e-13,9.427077293395996,10.718987464904785,0.0,5.351785659790039,170.64178466796875,140.82752990722656,217.35821533203125
1074,-73.939181,40.758342,22.072463989257812,4.108306884765625,4.857456588069908e-07,0.0,8.952932357788086,0.0,5.305956840515137,87.27586364746094,130.242919921875,42.524139404296875
1075,-73.933562,40.757293,9.975306602427736e-05,12.618514060974121,3.7912614345550537,0.0,12.064462661743164,0.0,5.431297779083252,142.53982543945312,151.9427947998047,160.2769317626953
1076,-73.861493,40.705476,20.293359756469727,4.060789251525421e-06,5.92428731918335,4.944389342398381e-11,35.101524353027344,0.11245448887348175,5.11048698425293,51.3099250793457,54.41278076171875,60.52622604370117
1077,-73.854364,40.577552,15.457703590393066,10.367131233215332,4.1072773933410645,0.0,12.790416717529297,0.0,5.4425740242004395,30.245710372924805,31.70682716369629,29.154069900512695
1078,-73.709404,40.744201,0.0,0.0,0.0,0.0,0.0,0.0,3.498046875,31.19781494140625,34.552947998046875,29.982513427734375
1079,-73.781839,40.70084,21.944766998291016,22.920692443847656,14.874919891357422,17.47319793701172,8.556381225585938,0.0,5.446583271026611,66.46739196777344,52.251609802246094,79.11431884765625
1080,-73.812968,40.710428,20.805076599121094,22.059236526489258,25.222457885742188,34.27935791015625,6.543381690979004,0.0,5.5118279457092285,125.90834045410156,136.2490234375,156.00411987304688
1081,-73.765237,40.703182,17.279521942138672,15.015676498413086,9.84619140625,1.4571208141574148e-37,36.36440658569336,0.0,5.341552734375,40.3198127746582,31.94580078125,49.00071716308594
1082,-73.875073,40.705187,5.105076313018799,6.021246910095215,29.691574096679688,2.6432573144163918e-11,12.721983909606934,0.0,5.403079509735107,68.0445327758789,66.84306335449219,68.171142578125
1083,-73.828674,40.745215,0.0,3.3904435634613037,1.1485451478776554e-11,2.7314453429844185e-17,0.0,0.0,5.322195529937744,81.58547973632812,76.40718078613281,88.57422637939453
1084,-73.81533,40.683585,37.649749755859375,17.58428382873535,4.849470138549805,0.4679298996925354,10.912240028381348,0.0,5.48313570022583,60.3460693359375,66.34757995605469,76.7296142578125
1085,-73.915785,40.780507,24.36104393005371,16.76117515563965,0.9654600620269775,0.0,23.028873443603516,0.0,5.416829586029053,96.80608367919922,88.42253875732422,106.55691528320312
1086,-73.795571,40.678913,21.79770278930664,20.31106185913086,14.596028327941895,7.557196617126465,15.16543197631836,0.0,5.474833965301514,59.8668327331543,45.199073791503906,74.99179077148438
1087,-73.811266,40.665669,3.289412470706965e-13,11.79130744934082,6.640642823185772e-05,0.0,3.4158132076263428,0.0,5.423864841461182,42.04209899902344,69.3775405883789,59.64961242675781
1088,-73.918762,40.740452,16.594797134399414,25.865449905395508,9.720385551452637,0.0,28.994007110595703,0.0,5.32505989074707,185.35598754882812,152.08612060546875,239.4285125732422
1089,-73.92999,40.766008,19.342195510864258,17.10637664794922,0.9646824598312378,0.0,28.552257537841797,0.0,5.1517510414123535,130.1896209716797,135.0629425048828,134.3460235595703
1090,-73.870931,40.765507,0.0,0.0,5.407567501068115,0.0,8.65989875793457,0.0,5.377177715301514,71.81168365478516,70.9587631225586,91.9527359008789
1091,-73.885974,40.715005,16.41506004333496,3.90228271484375,11.264073371887207,0.0,19.988258361816406,0.0,5.324099540710449,69.9572525024414,59.94498825073242,72.79310607910156
1092,-73.839505,40.789926,0.0,0.0,0.0,0.0,0.0,0.0,5.522075176239014,45.82427215576172,54.12192153930664,51.30213928222656
1093,-73.784009,40.760219,2.493695896478576e-13,3.0934832096099854,2.2921606019493668e-12,0.0,0.0,0.0,4.914132595062256,59.05707931518555,50.21661376953125,68.02403259277344
1094,-73.794061,40.71715,23.051010131835938,21.494483947753906,6.783954620361328,0.15562596917152405,26.380592346191406,0.0,5.548792362213135,59.086788177490234,79.09479522705078,60.609046936035156
1095,-73.7493,40.681948,11.849034309387207,16.63998031616211,14.886127471923828,19.78657341003418,9.086030006408691,0.0,5.1974334716796875,38.02030944824219,40.18485641479492,44.0428352355957
1096,-73.717819,40.732458,0.0,0.0,0.0,0.0,0.0,0.0,4.650813579559326,26.6684627532959,26.382902145385742,27.432470321655273
1097,-73.754747,40.707535,26.658611297607422,18.294408798217773,7.7104573249816895,2.474078416824341,13.965797424316406,0.0,5.277966022491455,55.024898529052734,60.15175247192383,60.086212158203125
1098,-73.757591,40.720864,13.260136604309082,13.163261413574219,4.510974407196045,0.0,1.1700103282928467,0.0,4.9716715812683105,55.91181945800781,61.27592468261719,63.559837341308594
1099,-73.752694,40.69894,16.366714477539062,17.6791934967041,0.10291759669780731,14.583785057067871,2.6417202949523926,0.0,5.4403181076049805,56.86922073364258,42.79792022705078,71.40308380126953
1100,-73.839377,40.678112,0.0,9.910253524780273,0.0,2.4694201946258545,7.25883489077615e-26,0.0,5.392292499542236,81.43254852294922,131.9420928955078,69.01238250732422
1101,-73.734342,40.659876,2.3748576889748296e-12,0.5778670907020569,9.635046233080757e-12,0.0,1.8190944194793701,0.0,4.385432243347168,49.74186706542969,42.18984603881836,57.733642578125
1102,-73.862561,40.728012,2.0485886409460363e-07,24.075119018554688,0.9659790992736816,21.857507705688477,1.3266631174700672e-13,0.0,5.302717685699463,116.8505630493164,112.79554748535156,132.602783203125
1103,-73.781255,40.687486,35.828521728515625,4.682675838470459,43.28862762451172,34.1982307434082,9.653383255004883,0.0,5.324248313903809,54.29185104370117,51.95930480957031,63.78074264526367
1104,-73.904508,40.775766,34.67171096801758,19.918127059936523,0.0,0.0,13.633150100708008,0.0,5.31640625,97.76786804199219,90.59256744384766,104.140380859375
1105,-73.855715,40.755393,6.843716999355154e-12,0.0,0.0,0.0,0.0,0.0,5.693089485168457,183.13470458984375,128.88507080078125,240.38658142089844
1106,-73.852398,40.71489,17.37962532043457,22.446455001831055,2.4739911556243896,10.001028060913086,8.940913200378418,0.0,5.565258026123047,44.87992858886719,47.83333206176758,42.52724075317383
1107,-73.887523,40.754389,19.19365882873535,20.257570266723633,1.0579208416157539e-29,0.0,11.769679069519043,0.0,5.721161842346191,170.45851135253906,143.79843139648438,202.62225341796875
1108,-73.834896,40.660531,2.8814733028411865,17.530118942260742,23.20859146118164,0.0,23.434980392456055,0.0,5.588561058044434,39.998924255371094,39.38276290893555,40.97235107421875
1109,-73.74014,40.698028,17.741525650024414,7.557608127593994,8.597551345825195,18.500762939453125,15.614380836486816,0.0,4.014555931091309,49.151763916015625,47.156394958496094,51.54328536987305
1110,-73.878638,40.757629,26.099544525146484,11.927267074584961,0.0,0.0,5.640667915344238,0.0,5.394964694976807,168.54335021972656,129.25637817382812,235.06649780273438
1111,-73.874505,40.755759,0.44239914417266846,3.6850974559783936,0.0,0.0,0.43462538719177246,0.0,5.580753326416016,239.54824829101562,188.38510131835938,283.79510498046875
1112,-73.923375,40.745887,47.747161865234375,24.00217628479004,5.7546772956848145,0.0,20.975271224975586,0.0,5.273187160491943,156.16546630859375,125.51961517333984,179.60040283203125
1113,-73.908146,40.758027,32.93620300292969,19.800878524780273,4.051450729370117,0.0,9.487059593200684,0.0,5.52321720123291,131.465576171875,132.1343994140625,159.76646423339844
1114,-73.900584,40.753094,0.18241436779499054,6.971574306488037,1.93040132522583,0.0,4.417526721954346,0.0,5.376053810119629,97.1793441772461,84.01680755615234,104.5959701538086
1115,-73.904463,40.716296,28.010812759399414,13.446110725402832,109.66163635253906,0.0,38.88384246826172,0.0,5.5044403076171875,76.44854736328125,69.294677734375,83.497314453125
1116,-73.80775,40.726473,18.9881591796875,19.208559036254883,1.273510456085205,29.63994026184082,6.68890905380249,0.0,5.457928657531738,78.6337661743164,84.6419448852539,72.94921112060547
1117,-73.810067,40.679105,14.428876876831055,23.932266235351562,0.9680608510971069,26.139516830444336,7.266997337341309,1040.4388427734375,5.42110013961792,61.83464431762695,42.9319953918457,81.2061538696289
1118,-73.743327,40.672259,2.2701833156933172e-14,9.601460456848145,1.1866816123501378e-12,17.259641647338867,0.0,0.0,3.8312692642211914,34.134857177734375,33.50215530395508,42.193809509277344
1119,-73.852879,40.732348,5.901629447937012,14.842893600463867,6.760472297668457,0.0,7.725607395172119,0.0,5.357491970062256,154.40496826171875,135.02627563476562,173.7278594970703
1120,-73.771878,40.756562,14.391225814819336,0.0,1.9083446264266968,0.0,14.459686279296875,0.0,5.357075214385986,52.28195571899414,67.71499633789062,56.82919692993164
1121,-73.783973,40.770108,4.9757506295278805e-15,3.52893018626399e-12,3.371110142325051e-05,0.0,15.255839347839355,0.0,5.732108116149902,41.837276458740234,76.95225524902344,38.7907829284668
1122,-73.799685,40.688373,8.824849878630303e-11,13.210147857666016,2.0952233004134513e-10,41.63185501098633,7.255276679992676,0.0,5.433901786804199,64.3736572265625,45.93128204345703,83.21009063720703
1123,-73.82108,40.690439,11.16450309753418,16.751279830932617,12.558727264404297,14.824494361877441,21.840511322021484,0.0,5.413294792175293,81.52962493896484,62.87145233154297,100.7924575805664
1124,-73.776576,40.748405,5.300194263458252,1.6462922096252441,1.775483926547139e-10,0.0,0.2229304015636444,0.0,5.3288044929504395,33.62442398071289,33.34405517578125,33.78494644165039
1125,-73.808765,40.741107,24.5003719329834,6.753750801086426,5.7904133796691895,7.503798797603434e-12,9.071194648742676,0.0,5.677934169769287,62.701072692871094,50.438480377197266,71.66443634033203
1126,-73.823569,40.721514,23.103836059570312,17.771888732910156,0.9737393856048584,10.34108829498291,12.700759887695312,0.0,5.604377269744873,50.14496612548828,52.358001708984375,47.92770767211914
1127,-73.816966,40.729746,13.011573791503906,20.05443572998047,19.13016128540039,32.60203170776367,25.923246383666992,0.0,5.333061218261719,89.96646118164062,96.95340728759766,105.1249008178711
1128,-73.926249,40.757497,13.078906059265137,24.262235641479492,1.0358673120658413e-11,0.0,25.94430160522461,0.0,5.376712322235107,146.85128784179688,153.76319885253906,145.7543182373047
1129,-73.855543,40.708431,3.217693567276001,17.5255184173584,3.876025915145874,9.618836402893066,25.86937713623047,770.4171752929688,5.172855377197266,52.78237533569336,106.9748306274414,75.42086029052734
1130,-73.77843,40.782331,2.3176822662353516,0.0,0.8630369305610657,0.0,0.0,0.0,5.431778907775879,54.90419387817383,60.581214904785156,68.37042236328125
1131,-73.752565,40.600659,0.0,0.0,0.0,0.0,0.0,0.0,5.44863748550415,98.21964263916016,85.706787109375,120.50047302246094
1132,-73.929093,40.770926,2.4804866313934326,30.901187896728516,0.9646825194358826,0.0,20.330183029174805,0.0,5.285714149475098,84.82243347167969,66.68047332763672,107.32882690429688
1133,-73.713245,40.741409,0.0,0.0,0.0,0.0,0.0,0.0,3.2213592529296875,38.716854095458984,42.89256286621094,35.03269958496094
1134,-73.795651,40.734097,5.358801364898682,21.30984115600586,1.8436099290847778,27.192880630493164,7.685192584991455,0.0,4.178217887878418,51.90602111816406,60.04230880737305,46.32819366455078
1135,-73.861462,40.720583,0.0,34.15372085571289,1.2086375737047073e-12,90.48202514648438,7.25202751159668,6.786880085707381e-11,5.522637844085693,42.21259689331055,39.17145919799805,45.734619140625
1136,-73.85221,40.731016,14.357564926147461,19.36720085144043,5.662075519561768,0.0,7.265769958496094,0.0,5.400475978851318,186.59640502929688,161.55357360839844,211.8463134765625
1137,-73.729226,40.684987,5.892399311065674,5.4318718910217285,0.0,0.0,5.445847988128662,0.0,5.071518421173096,30.9387264251709,30.9775333404541,30.516925811767578
1138,-73.787419,40.7434,22.462610244750977,1.4294803142547607,1.4831825494766235,0.0,7.270212173461914,0.0,5.376760482788086,26.655656814575195,27.955476760864258,26.310073852539062
1139,-73.777314,40.724061,28.821733474731445,14.467628479003906,4.497358322143555,0.004947103094309568,13.745214462280273,0.0,5.9277777671813965,26.343137741088867,36.63536834716797,19.054012298583984
1140,-73.752948,40.655674,0.02288076840341091,5.121347427368164,0.0,0.0,7.276125907897949,0.0,4.238709449768066,43.89274215698242,35.45000076293945,52.30571746826172
1141,-73.803183,40.70675,43.58558654785156,16.20549201965332,41.06079864501953,69.98241424560547,7.3765153884887695,519.2315673828125,5.479768753051758,176.00741577148438,134.6367950439453,212.71319580078125
1142,-73.805866,40.58922,0.0,1.0902796983718872,0.0,0.0,0.0,0.0,4.9798078536987305,107.59185028076172,65.61354064941406,142.53045654296875
1143,-73.799158,40.778334,0.0,0.0,0.0,0.0,8.449669783305858e-12,0.0,4.947665214538574,25.418630599975586,26.639543533325195,24.73379898071289
1144,-73.818607,40.774906,0.0,0.0,0.0,0.0,0.0,0.0,5.317490577697754,56.549522399902344,106.22989654541016,50.47528839111328
1145,-73.721594,40.749556,0.0,3.1013845898099e-39,0.0,0.0007671702187508345,6.726232628759122e-44,0.0,5.046025276184082,38.10987091064453,46.473331451416016,44.805091857910156
1146,-73.753985,40.736063,28.816402435302734,11.355558395385742,23.205190658569336,5.986715316772461,20.226486206054688,0.0,4.3087029457092285,27.714649200439453,40.35369873046875,20.441261291503906
1147,-73.818399,40.759963,3.612979327608651e-13,0.0,0.0,0.0,0.0,0.0,5.395498275756836,174.9205780029297,127.176025390625,223.1470489501953
1148,-73.8517,40.723478,37.44709396362305,29.673229217529297,35.54975128173828,6.678499698638916,43.890445709228516,0.0,5.135888576507568,206.9217071533203,210.148193359375,199.5387725830078
1149,-73.708617,40.734266,0.0,0.0,0.0,0.0,0.0,0.0,3.344064474105835,41.42097854614258,41.1443977355957,42.057830810546875
1150,-73.752885,40.705989,22.19670867919922,18.760013580322266,4.201006049697753e-06,13.988601684570312,19.894546508789062,0.0,5.204248428344727,55.48957443237305,62.47250747680664,58.11094665527344
1151,-73.808987,40.792053,0.0,0.0,0.0,0.0,0.0,0.0,5.4021525382995605,20.679439544677734,36.75053787231445,25.30943489074707
1152,-73.80699,40.783231,0.0,0.0,0.0,0.0,0.0,0.0,5.24231481552124,58.57771301269531,61.07579040527344,57.59933853149414
1153,-73.735618,40.652641,5.2261635991035504e-11,0.0,2.107646522586659e-12,0.0,3.637413740158081,0.0,3.2759294509887695,70.9240493774414,50.74683380126953,90.90535736083984
1154,-73.837379,40.722792,23.04564094543457,11.72055721282959,8.246658325195312,2.4700849056243896,7.287542343139648,0.0,5.824161052703857,123.85841369628906,123.19923400878906,156.1873016357422
1155,-73.744128,40.599664,0.0,0.0,0.0,0.0,0.0,0.0,4.908188819885254,52.81295394897461,75.891845703125,43.30394744873047
1156,-73.926081,40.739831,20.67839813232422,15.973854064941406,5.066595554351807,0.0,25.061525344848633,0.0,5.423402786254883,154.66773986816406,148.7156524658203,161.06610107421875
1157,-73.805759,40.73107,8.840813636779785,18.354888916015625,2.550020933151245,0.0,5.1363606452941895,0.0,5.406907081604004,78.80350494384766,56.30704879760742,111.10824584960938
1158,-73.813011,40.736541,2.5223372357846707e-44,17.4067325592041,7.424640763309398e-12,3.594104051589966,18.11331558227539,0.0,5.5215654373168945,75.36367797851562,89.83141326904297,94.29350280761719
1159,-73.845992,40.670905,1.7560004015107489e-12,9.883092880249023,5.4974562679888095e-09,3.4650448742928885e-12,4.701795810330145e-12,0.0,5.721930027008057,81.26982116699219,85.94335174560547,70.22637176513672
1160,-73.759822,40.753606,1.401268720626831,1.4027267694473267,1.937330734957443e-30,0.0,10.88582992553711,0.0,5.461336612701416,30.04262924194336,111.7205810546875,23.906068801879883
1161,-73.932628,40.756471,2.8791472911834717,14.308232307434082,5.794461250305176,0.0,15.679068565368652,0.0,5.362534999847412,137.87835693359375,148.84217834472656,153.03761291503906
1162,-73.756374,40.738008,14.26485824584961,15.573994636535645,11.614739418029785,8.412629540544003e-06,23.09237289428711,0.0,4.808955192565918,49.79282760620117,44.847415924072266,62.199161529541016
1163,-73.861004,40.73404,7.524564266204834,16.44590187072754,8.668050765991211,4.933500289916992,15.052927017211914,0.0,5.448305606842041,271.7890319824219,240.16522216796875,325.1799621582031
1164,-73.843881,40.657736,0.727063000202179,0.03830702602863312,2.897937297821045,5.470555865944027e-12,3.6354568004608154,0.0,5.4272260665893555,22.65207862854004,32.134437561035156,27.3442440032959
1165,-73.727632,40.744276,11.467110633850098,0.18728043138980865,4.290258884429932,7.937563896179199,3.6247150897979736,0.0,5.5369720458984375,55.64875411987305,131.31068420410156,77.7984619140625
1166,-73.795845,40.783777,0.0,1.7953362321104782e-12,0.0,0.0,6.205597667674478e-12,0.0,5.488519191741943,39.37811279296875,38.55027389526367,53.887271881103516
1167,-73.847633,40.68476,18.330244064331055,29.017292022705078,22.249832153320312,5.931107601581109e-12,37.596275329589844,31.79866600036621,5.199483871459961,124.41124725341797,149.0328826904297,100.1718521118164
1168,-73.863408,40.741139,21.77046775817871,8.597135543823242,1.701835395696849e-12,0.0,25.865896224975586,0.0,5.524186611175537,145.11822509765625,116.46626281738281,189.98056030273438
1169,-73.884458,40.753035,16.047080993652344,21.751955032348633,0.0,0.0,4.499217510223389,0.0,5.775527477264404,218.78158569335938,171.03350830078125,267.0709228515625
1170,-73.74539,40.747457,2.8811802864074707,1.1288337707519531,7.139641180891606e-32,0.0,3.635455846786499,0.0,6.447033882141113,45.80076217651367,42.83264923095703,52.511287689208984
1171,-73.827606,40.770215,0.0,0.2814532518386841,1.2597951111123495e-12,0.0,0.0,0.0,5.375634670257568,94.3517074584961,88.88818359375,120.46946716308594
1172,-73.794501,40.737188,12.074385643005371,17.03019142150879,2.895430088043213,41.38047409057617,7.410441875457764,0.0,4.395514965057373,49.25078201293945,101.49415588378906,47.39767074584961
1173,-73.811461,40.710384,25.590105056762695,19.378591537475586,42.988189697265625,44.08184814453125,10.018988609313965,4.092071589286566e-18,5.502651214599609,102.98434448242188,125.54859161376953,121.15803527832031
1174,-73.823841,40.737448,12.796038627624512,14.878647804260254,11.459356307983398,10.87002944946289,21.530288696289062,0.0,4.8551812171936035,112.17290496826172,270.1460266113281,52.76258087158203
1175,-73.852621,40.736314,0.10627950727939606,12.46998405456543,1.7253392934799194,0.0,13.76786994934082,0.0,5.3531880378723145,140.49026489257812,112.69222259521484,163.06625366210938
1176,-73.731518,40.758808,26.428424835205078,1.401298464324817e-45,0.0,0.0,3.489154577255249,0.0,5.0325026512146,36.30826187133789,40.92524719238281,46.46485900878906
1177,-73.879991,40.750442,20.823020935058594,16.989110946655273,0.05996844545006752,0.0,3.63645601272583,0.0,5.393812656402588,197.49362182617188,130.9464569091797,264.50604248046875
1178,-73.78953,40.673898,19.04320526123047,9.485929489135742,6.93320369720459,9.376349449157715,1.8162682056427002,0.0,5.277379035949707,55.395084381103516,58.32508850097656,76.75479125976562
1179,-73.721594,40.749556,0.0,3.1013845898099e-39,0.0,0.0007671702187508345,6.726232628759122e-44,0.0,5.046025276184082,38.10987091064453,46.473331451416016,44.805091857910156
1180,-73.81673,40.675021,28.983448028564453,9.2490816116333,15.493148803710938,0.06106150895357132,6.673394680023193,0.0,5.223176002502441,65.94898223876953,98.61840057373047,75.17146301269531
1181,-73.874614,40.757567,5.259023189544678,1.1913765668869019,2.7088000933872536e-05,0.0,17.290163040161133,0.0,5.284641265869141,203.60733032226562,172.7485809326172,228.3534393310547
1182,-73.874947,40.756931,5.757658004760742,2.119161605834961,1.5835561744673017e-28,0.0,12.186683654785156,0.0,5.484873294830322,232.76760864257812,187.4380340576172,271.2357177734375
1183,-73.897108,40.734682,2.6396138668060303,33.11993408203125,2.1036514752381663e-09,14.812538146972656,1.8160831928253174,0.0,5.602728843688965,89.80044555664062,82.87625885009766,96.58946990966797
1184,-73.892883,40.752618,37.17390060424805,16.127037048339844,0.0,0.0,8.92892837524414,0.0,5.726308345794678,167.5402374267578,123.34294891357422,212.0502166748047
1185,-73.850622,40.665408,3.793860673904419,19.894447326660156,2.2640793323516846,0.0,3.6297430992126465,0.0,5.397331237792969,62.324745178222656,59.29171371459961,80.68423461914062
1186,-73.855543,40.708431,3.217693567276001,17.5255184173584,3.876025915145874,9.618836402893066,25.86937713623047,770.4171752929688,5.172855377197266,52.78237533569336,106.9748306274414,75.42086029052734
1187,-73.923044,40.766898,33.76076126098633,12.683226585388184,2.435128578781587e-07,0.0,33.30291748046875,0.0,5.368988990783691,173.29576110839844,173.2350616455078,171.81478881835938
1188,-73.923044,40.766898,33.76076126098633,12.683226585388184,2.435128578781587e-07,0.0,33.30291748046875,0.0,5.368988990783691,173.29576110839844,173.2350616455078,171.81478881835938
1189,-73.874129,40.740824,17.016199111938477,23.325077056884766,2.1627862453460693,0.0,19.790451049804688,0.0,5.563636302947998,164.0836639404297,143.46356201171875,189.0674591064453
1190,-73.821402,40.74943,5.766042232513428,5.850705120033495e-13,1.0128157138824463,0.0,8.285888671875,0.0,6.293601036071777,148.3440399169922,152.6854248046875,150.37249755859375
1191,-73.779653,40.712743,28.43596076965332,19.15410041809082,3.8712007999420166,34.97399139404297,3.6344876289367676,0.0,5.162661552429199,92.29008483886719,89.26438903808594,115.45700073242188
1192,-73.903838,40.699431,22.73031997680664,28.27411460876465,4.932230472564697,0.0,9.080422401428223,0.0,5.343212127685547,145.35166931152344,163.8765106201172,131.7241973876953
1193,-73.826811,40.764892,3.5496963590730957e-08,0.0,0.0,0.0,1.1716211389262953e-22,0.0,5.263772964477539,191.47830200195312,197.4131622314453,197.69119262695312
1194,-73.826811,40.764892,3.5496963590730957e-08,0.0,0.0,0.0,1.1716211389262953e-22,0.0,5.263772964477539,191.47830200195312,197.4131622314453,197.69119262695312
1195,-73.832005,40.769752,2.999112763690803e-11,1.965402364730835,3.500508910514455e-11,0.0,0.0,0.0,5.344221115112305,124.54451751708984,79.91863250732422,150.5113983154297
1196,-73.74633,40.698786,22.697145462036133,17.254735946655273,14.504647254943848,2.474734306335449,5.301695823669434,0.0,5.2470479011535645,60.58074188232422,73.71742248535156,57.12408447265625
1197,-73.826192,40.754483,5.769148349761963,1.6298644542694092,0.0,0.0,13.098292350769043,0.0,5.332372665405273,291.83038330078125,214.68711853027344,367.62408447265625
1198,-73.757744,40.66903,22.659975051879883,4.210522651672363,41.85890197753906,4.940169334411621,9.07642936706543,519.5184936523438,5.106194496154785,41.5406608581543,72.59626770019531,54.46813201904297
1199,-73.80938,40.724195,15.949787139892578,20.099058151245117,14.326294898986816,41.853179931640625,21.811805725097656,0.0,5.424874782562256,99.59507751464844,118.5676040649414,81.20549774169922
1200,-73.759396,40.664809,19.232582092285156,3.9804861545562744,6.963738741205816e-08,4.946824550628662,9.076393127441406,0.0,5.405484676361084,50.031593322753906,71.09964752197266,57.5242805480957
1201,-73.80938,40.724195,15.949787139892578,20.099058151245117,14.326294898986816,41.853179931640625,21.811805725097656,0.0,5.424874782562256,99.59507751464844,118.5676040649414,81.20549774169922
1202,-73.748799,40.607247,0.0,0.0,0.0,0.0,0.0,0.0,5.4864301681518555,79.86963653564453,80.15583801269531,80.52934265136719
1203,-73.847886,40.6972,8.427156448364258,7.367857456207275,46.97944259643555,0.0,43.36637496948242,518.679931640625,5.4930925369262695,87.40804290771484,76.57854461669922,98.71746063232422
1204,-73.80938,40.724195,15.949787139892578,20.099058151245117,14.326294898986816,41.853179931640625,21.811805725097656,0.0,5.424874782562256,99.59507751464844,118.5676040649414,81.20549774169922
1205,-73.932628,40.756471,2.8791472911834717,14.308232307434082,5.794461250305176,0.0,15.679068565368652,0.0,5.362534999847412,137.87835693359375,148.84217834472656,153.03761291503906
1206,-73.752885,40.705989,22.19670867919922,18.760013580322266,4.201006049697753e-06,13.988601684570312,19.894546508789062,0.0,5.204248428344727,55.48957443237305,62.47250747680664,58.11094665527344
1207,-73.763995,40.601537,0.0,0.0,0.0,0.0,0.0,0.0,4.692745208740234,54.35798645019531,69.82321166992188,71.62179565429688
1208,-73.782684,40.673949,8.657227516174316,16.786659240722656,2.1184206008911133,16.370847702026367,4.203895392974451e-45,0.0,5.385438919067383,34.04924774169922,57.30705642700195,43.26633071899414
1209,-73.825317,40.586012,8.658387184143066,1.3520206212997437,0.9693810939788818,0.0,11.92943000793457,0.0,4.409005641937256,82.26884460449219,151.38125610351562,69.10952758789062
1210,-73.818399,40.759963,3.612979327608651e-13,0.0,0.0,0.0,0.0,0.0,5.395498275756836,174.9205780029297,127.176025390625,223.1470489501953
1211,-73.937004,40.744175,17.533937454223633,16.677629470825195,3.6541824340820312,0.0,16.872600555419922,0.0,5.437295436859131,519.8522338867188,890.0546264648438,12.993814468383789
1212,-73.757744,40.66903,22.659975051879883,4.210522651672363,41.85890197753906,4.940169334411621,9.07642936706543,519.5184936523438,5.106194496154785,41.5406608581543,72.59626770019531,54.46813201904297
1213,-73.728415,40.746128,14.312195777893066,2.1869373321533203,2.033961581516912e-15,9.873787879943848,1.8147859573364258,0.0,5.266666889190674,32.27131652832031,126.3646011352539,46.110076904296875
1214,-73.937004,40.744175,17.533937454223633,16.677629470825195,3.6541824340820312,0.0,16.872600555419922,0.0,5.437295436859131,519.8522338867188,890.0546264648438,12.993814468383789
1215,-73.78521,40.707648,19.73945426940918,27.85074234008789,33.374534606933594,43.89797592163086,25.61036491394043,0.0,5.0238566398620605,92.76383972167969,77.13062286376953,106.43062591552734
1216,-73.736232,40.67507,6.338570594787598,3.6884512901306152,0.0,20.245939254760742,3.6259706020355225,0.0,5.444542407989502,46.43955612182617,49.47077560424805,43.454769134521484
1217,-73.757744,40.66903,22.659975051879883,4.210522651672363,41.85890197753906,4.940169334411621,9.07642936706543,519.5184936523438,5.106194496154785,41.5406608581543,72.59626770019531,54.46813201904297
1218,-73.844335,40.693613,37.062103271484375,19.512035369873047,61.639713287353516,2.551788225169105e-10,114.7444076538086,4.217515183541458e-18,5.516507148742676,85.15185546875,62.396812438964844,108.43115234375
1219,-73.921346,40.73668,34.55904769897461,23.789960861206055,31.450542449951172,2.15651628499014e-12,14.146925926208496,0.0,5.527547359466553,122.46302032470703,64.54998016357422,181.10047912597656
1220,-73.874109,40.753345,0.1639571189880371,15.626213073730469,2.245750962766027e-37,0.0,7.343088626861572,0.0,5.594664573669434,221.32723999023438,150.90870666503906,292.0401916503906
1221,-73.821402,40.74943,5.766042232513428,5.850705120033495e-13,1.0128157138824463,0.0,8.285888671875,0.0,6.293601036071777,148.3440399169922,152.6854248046875,150.37249755859375
1222,-73.763995,40.601537,0.0,0.0,0.0,0.0,0.0,0.0,4.692745208740234,54.35798645019531,69.82321166992188,71.62179565429688
1223,-73.757744,40.66903,22.659975051879883,4.210522651672363,41.85890197753906,4.940169334411621,9.07642936706543,519.5184936523438,5.106194496154785,41.5406608581543,72.59626770019531,54.46813201904297
1224,-73.786403,40.69691,1.0329363344108238e-39,19.422958374023438,3.088205689436019e-13,76.6123275756836,7.425235271453857,0.0,5.274047374725342,68.72394561767578,65.16803741455078,72.72618865966797
1225,-73.789365,40.764884,1.1428206444724203e-36,0.049283746629953384,6.561637878417969,0.0,8.594428062438965,0.0,5.188644886016846,63.60091781616211,78.15669250488281,67.59174346923828
1226,-73.92383,40.770769,21.54883575439453,18.440298080444336,0.96571946144104,0.0,27.291278839111328,0.0,5.34375,129.61099243164062,112.37659454345703,147.2599334716797
1227,-73.786403,40.69691,1.0329363344108238e-39,19.422958374023438,3.088205689436019e-13,76.6123275756836,7.425235271453857,0.0,5.274047374725342,68.72394561767578,65.16803741455078,72.72618865966797
1228,-73.743327,40.672259,2.2701833156933172e-14,9.601460456848145,1.1866816123501378e-12,17.259641647338867,0.0,0.0,3.8312692642211914,34.134857177734375,33.50215530395508,42.193809509277344
1229,-73.908307,40.71303,41.58656692504883,18.163223266601562,77.88383483886719,0.0,26.98023796081543,0.0,5.423464775085449,93.90357208251953,106.06999206542969,86.20979309082031
1230,-73.959183,40.742964,31.596994400024414,18.64415168762207,75.34647369384766,4.686592225411346e-10,18.162033081054688,0.0,6.079567909240723,164.8884735107422,164.61502075195312,165.5560302734375
1231,-73.871505,40.743228,35.37339401245117,17.913618087768555,11.595667839050293,0.0,16.340221405029297,0.0,5.532567024230957,170.93885803222656,144.76895141601562,207.37637329101562
1232,-73.77843,40.782331,2.3176822662353516,0.0,0.8630369305610657,0.0,0.0,0.0,5.431778907775879,54.90419387817383,60.581214904785156,68.37042236328125
1233,-73.731398,40.720617,2.7047884464263916,11.268538475036621,0.01871335878968239,17.323827743530273,3.6282973289489746,0.0,4.956358909606934,69.9808578491211,64.16078186035156,76.88689422607422
1234,-73.871505,40.743228,35.37339401245117,17.913618087768555,11.595667839050293,0.0,16.340221405029297,0.0,5.532567024230957,170.93885803222656,144.76895141601562,207.37637329101562
1235,-73.81673,40.675021,28.983448028564453,9.2490816116333,15.493148803710938,0.06106150895357132,6.673394680023193,0.0,5.223176002502441,65.94898223876953,98.61840057373047,75.17146301269531
1236,-73.888325,40.710973,6.03109359328946e-13,6.777929782867432,0.9664986729621887,0.0,2.6802418791327387e-12,0.0,5.124492645263672,38.94355010986328,94.42272186279297,50.08064651489258
1237,-73.937004,40.744175,17.533937454223633,16.677629470825195,3.6541824340820312,0.0,16.872600555419922,0.0,5.437295436859131,519.8522338867188,890.0546264648438,12.993814468383789
1238,-73.922544,40.768034,29.7015438079834,15.889060974121094,2.0589577282021444e-24,0.0,26.373809814453125,0.0,5.420502185821533,165.63748168945312,167.00636291503906,162.90231323242188
1239,-73.959183,40.742964,31.596994400024414,18.64415168762207,75.34647369384766,4.686592225411346e-10,18.162033081054688,0.0,6.079567909240723,164.8884735107422,164.61502075195312,165.5560302734375
1240,-73.763995,40.601537,0.0,0.0,0.0,0.0,0.0,0.0,4.692745208740234,54.35798645019531,69.82321166992188,71.62179565429688
1241,-73.844032,40.725787,14.392782211303711,28.76842498779297,14.312695503234863,0.0,10.775830268859863,0.0,5.524545669555664,57.984947204589844,41.42007064819336,75.1810073852539
1242,-73.939984,40.760376,17.28361701965332,12.391209602355957,4.833794116973877,0.0,18.34980010986328,0.0,5.41317892074585,99.77051544189453,123.758544921875,79.32723236083984
1243,-73.91499,40.706837,20.23248291015625,25.531103134155273,8.77759075164795,1.1882861881973295e-11,4.884932518005371,0.0,5.435270309448242,134.08145141601562,98.564208984375,166.47093200683594
1244,-73.848577,40.691482,51.05719757080078,20.21739959716797,38.51590347290039,3.2293404061967124e-10,126.11305236816406,2.8564918984862187e-14,5.212362766265869,67.67900085449219,43.66476821899414,92.31067657470703
1245,-73.865787,40.749175,32.04640197753906,8.121060371398926,5.7095856701946425e-15,9.87768268585205,22.919143676757812,0.0,5.316749572753906,204.07496643066406,170.9618682861328,233.64608764648438
1246,-73.845992,40.670905,1.7560004015107489e-12,9.883092880249023,5.4974562679888095e-09,3.4650448742928885e-12,4.701795810330145e-12,0.0,5.721930027008057,81.26982116699219,85.94335174560547,70.22637176513672
1247,-73.763995,40.601537,0.0,0.0,0.0,0.0,0.0,0.0,4.692745208740234,54.35798645019531,69.82321166992188,71.62179565429688
1248,-73.798658,40.714551,34.803890228271484,17.69278335571289,46.1065788269043,2.7691316972777713e-06,32.20169448852539,0.0,5.530303001403809,92.44105529785156,175.9885711669922,106.52068328857422
1249,-73.865239,40.74592,28.070613861083984,6.994128704071045,0.020876262336969376,9.301421165466309,13.670531272888184,0.0,5.336148738861084,163.34133911132812,127.45245361328125,214.78558349609375
1250,-73.790975,40.693559,14.604206085205078,22.40146255493164,0.09145735949277878,153.040283203125,15.588445663452148,0.0,5.3961663246154785,68.73865509033203,51.0845832824707,92.86457061767578
1251,-73.74633,40.698786,22.697145462036133,17.254735946655273,14.504647254943848,2.474734306335449,5.301695823669434,0.0,5.2470479011535645,60.58074188232422,73.71742248535156,57.12408447265625
1252,-73.81673,40.675021,28.983448028564453,9.2490816116333,15.493148803710938,0.06106150895357132,6.673394680023193,0.0,5.223176002502441,65.94898223876953,98.61840057373047,75.17146301269531
1253,-73.739726,40.733888,0.0,7.655778884887695,4.0283666159768305e-12,32.017391204833984,1.1611259913626992e-12,0.0,5.050882816314697,40.233360290527344,71.51344299316406,46.36347961425781
1254,-73.850123,40.683112,29.336145401000977,26.513824462890625,28.073768615722656,2.0379691123962402,63.09139633178711,0.0,5.436901569366455,104.13717651367188,96.48209381103516,112.26432800292969
1255,-73.83277,40.579977,1.1748991145319171e-18,4.395070552825928,2.7381882667541504,0.0,5.459075927734375,125.19270324707031,5.35940408706665,49.756263732910156,57.60970687866211,42.1882209777832
1256,-73.83109,40.580907,5.775421142578125,3.316481828689575,0.003898429684340954,0.0,8.647894859313965,519.34765625,5.384318828582764,58.061710357666016,56.67401123046875,55.74050521850586
1257,-73.749891,40.604019,0.0,0.0,0.0,0.0,0.0,0.0,5.442567348480225,120.72196197509766,136.68197631835938,118.43130493164062
1258,-73.782684,40.673949,8.657227516174316,16.786659240722656,2.1184206008911133,16.370847702026367,4.203895392974451e-45,0.0,5.385438919067383,34.04924774169922,57.30705642700195,43.26633071899414
1259,-73.93562,40.753503,21.774608612060547,20.399293899536133,5.681556224822998,0.0,23.012418746948242,0.0,5.355416297912598,152.26417541503906,222.507080078125,96.75091552734375
1260,-73.825162,40.584543,11.973699569702148,1.9545923471450806,2.7562272548675537,0.0,29.014535903930664,0.0,4.829808712005615,96.7626724243164,109.85911560058594,115.1689453125
1261,-73.825317,40.586012,8.658387184143066,1.3520206212997437,0.9693810939788818,0.0,11.92943000793457,0.0,4.409005641937256,82.26884460449219,151.38125610351562,69.10952758789062
1262,-73.798658,40.714551,34.803890228271484,17.69278335571289,46.1065788269043,2.7691316972777713e-06,32.20169448852539,0.0,5.530303001403809,92.44105529785156,175.9885711669922,106.52068328857422
1263,-73.771196,40.711857,17.297117233276367,14.659788131713867,0.9680608510971069,6.209444070037762e-11,4.998465538024902,0.0,5.06939172744751,71.81919860839844,54.83830261230469,84.77880096435547
1264,-73.778924,40.69172,11.556970596313477,18.262163162231445,1.6102268129980501e-10,30.931682586669922,6.4188737869262695,0.0,5.131669521331787,37.6976203918457,40.32465362548828,43.351280212402344
1265,-73.798658,40.714551,34.803890228271484,17.69278335571289,46.1065788269043,2.7691316972777713e-06,32.20169448852539,0.0,5.530303001403809,92.44105529785156,175.9885711669922,106.52068328857422
1266,-73.872244,40.761573,8.991938460099422e-14,0.4726255238056183,15.162559509277344,0.0,6.391646862030029,0.0,5.115384578704834,81.36327362060547,54.57861328125,111.27127838134766
1267,-73.859202,40.757888,1.5729044802736958e-11,0.0,0.0,0.0,0.0,0.0,5.022747993469238,125.62625122070312,93.3567123413086,156.68321228027344
1268,-73.883878,40.701694,33.775787353515625,22.275442123413086,0.9714107513427734,6.218934221757788e-12,18.840402603149414,0.0,5.49322509765625,106.71111297607422,107.56497192382812,105.15312957763672
1269,-73.775643,40.675014,8.646904945373535,7.6512603759765625,0.7699815034866333,19.832138061523438,7.2846503257751465,0.0,5.254366874694824,109.89552307128906,104.38480377197266,152.15322875976562
1270,-73.786649,40.594008,0.0,0.0,0.0,0.0,0.0,0.0,4.660357475280762,123.4748306274414,84.54258728027344,157.11654663085938
1271,-73.829409,40.693013,0.0,14.660257339477539,2.7496281293504232e-11,3.06563607832544e-10,1.819198489189148,0.0,5.325333118438721,79.80414581298828,61.348106384277344,98.68370056152344
1272,-73.820221,40.702178,5.490184307098389,23.38226890563965,2.857635731778191e-13,63.10490417480469,7.292647361755371,0.0,5.2103800773620605,75.46247863769531,83.70288848876953,84.70142364501953
1273,-73.857176,40.671903,31.562299728393555,17.312108993530273,62.4241943359375,0.0,20.619661331176758,0.0,5.970180988311768,17.428571701049805,14.213706016540527,22.836551666259766
1274,-73.738793,40.655811,1.3782266343811966e-12,0.0,0.0,0.0,1.6165601015090942,0.0,4.144246578216553,47.72226333618164,35.8636360168457,60.017181396484375
1275,-73.799532,40.708204,50.93392562866211,12.882362365722656,52.915428161621094,48.46784591674805,20.40550422668457,518.2615966796875,5.331526756286621,197.66036987304688,172.64346313476562,222.79690551757812
1276,-73.752772,40.681881,8.644410133361816,18.60757827758789,1.0522253912365748e-13,26.527284622192383,14.340707778930664,0.0,4.8838982582092285,40.73124313354492,60.31595993041992,35.244937896728516
1277,-73.764065,40.600137,0.0,0.0,0.0,0.0,0.0,0.0,4.856810092926025,65.40157318115234,76.20367431640625,86.49769592285156
1278,-73.763609,40.68943,13.566764831542969,11.985483169555664,2.625231698694108e-10,6.440390110015869,0.15627352893352509,0.0,5.398827075958252,61.3032112121582,63.652008056640625,55.05096435546875
1279,-73.778613,40.680016,14.851151466369629,16.60677719116211,3.864955186843872,5.973127841949463,1.5224456787109375,0.0,5.131374359130859,51.234256744384766,51.28218078613281,63.650081634521484
1280,-73.922604,40.74258,40.35847473144531,24.360855102539062,6.746021270751953,0.0,19.404298782348633,0.0,5.143070220947266,171.5580291748047,126.35858154296875,213.171875
1281,-73.8839,40.7888,0.0,0.0,0.0,0.0,0.008357089012861252,0.0,5.201878070831299,123.69110107421875,124.16411590576172,123.69110107421875
1282,-73.797981,40.708698,37.276939392089844,8.912429809570312,56.059207916259766,29.991607666015625,26.64583969116211,12.64311408996582,5.3292036056518555,198.5870819091797,165.71670532226562,240.50929260253906
1283,-73.798658,40.714551,34.803890228271484,17.69278335571289,46.1065788269043,2.7691316972777713e-06,32.20169448852539,0.0,5.530303001403809,92.44105529785156,175.9885711669922,106.52068328857422
1284,-73.825317,40.586012,8.658387184143066,1.3520206212997437,0.9693810939788818,0.0,11.92943000793457,0.0,4.409005641937256,82.26884460449219,151.38125610351562,69.10952758789062
1285,-73.774668,40.679843,20.199365615844727,3.9059228897094727,1.691652774810791,5.929668426513672,10.896289825439453,0.0,5.179389476776123,79.91641998291016,92.84894561767578,107.37782287597656
1286,-73.759396,40.664809,19.232582092285156,3.9804861545562744,6.963738741205816e-08,4.946824550628662,9.076393127441406,0.0,5.405484676361084,50.031593322753906,71.09964752197266,57.5242805480957
1287,-73.759396,40.664809,19.232582092285156,3.9804861545562744,6.963738741205816e-08,4.946824550628662,9.076393127441406,0.0,5.405484676361084,50.031593322753906,71.09964752197266,57.5242805480957
1288,-73.797981,40.708698,37.276939392089844,8.912429809570312,56.059207916259766,29.991607666015625,26.64583969116211,12.64311408996582,5.3292036056518555,198.5870819091797,165.71670532226562,240.50929260253906
1289,-73.902197,40.756181,14.698116302490234,10.589737892150879,9.758219675859436e-05,0.6936538219451904,3.6625592708587646,0.0,5.578512191772461,69.61579132080078,57.23447036743164,85.94999694824219
1290,-73.756259,40.702329,30.884868621826172,12.841391563415527,9.235209465026855,19.822751998901367,34.46519088745117,0.0,5.406623840332031,40.070709228515625,25.233308792114258,55.256282806396484
1291,-73.90643,40.747701,29.965396881103516,21.397226333618164,0.0026320177130401134,0.0,24.098669052124023,0.0,5.493282318115234,95.60429382324219,84.281005859375,107.0379638671875
1292,-73.758587,40.599467,0.0,0.0,0.0,0.0,0.0,0.0,5.333623886108398,86.26937103271484,64.21829223632812,119.44225311279297
1293,-73.915929,40.749753,16.30057144165039,24.393909454345703,1.4314910173416138,0.0,28.48440933227539,0.0,5.430954456329346,68.91159057617188,44.31450271606445,86.54365539550781
1294,-73.807561,40.713084,66.67335510253906,24.011192321777344,68.96791076660156,33.59088897705078,18.9405574798584,518.2615966796875,5.585639953613281,54.702091217041016,39.13283920288086,70.71094512939453
1295,-73.825317,40.586012,8.658387184143066,1.3520206212997437,0.9693810939788818,0.0,11.92943000793457,0.0,4.409005641937256,82.26884460449219,151.38125610351562,69.10952758789062
1296,-73.799756,40.675626,9.560456275939941,19.043502807617188,5.3566998859072394e-15,5.482233047485352,1.8191986083984375,0.0,5.410480499267578,53.52897644042969,35.63059997558594,69.47184753417969
1297,-73.749891,40.604019,0.0,0.0,0.0,0.0,0.0,0.0,5.442567348480225,120.72196197509766,136.68197631835938,118.43130493164062
1298,-73.770314,40.754954,20.14374351501465,4.4166235457706064e-16,4.993475914001465,0.0,8.312562942504883,0.0,5.398255825042725,42.529518127441406,55.390419006347656,50.41694259643555
1299,-73.83685,40.668083,8.701165199279785,0.7835241556167603,5.781112350985995e-13,0.0,0.13683277368545532,0.0,6.212153434753418,39.06027603149414,25.83333396911621,51.37299346923828
1300,-73.843504,40.785129,3.621434732360663e-15,8.395459327736887e-11,0.0,0.0,0.0,0.0,5.619365692138672,67.5670394897461,63.0865364074707,74.55781555175781
1301,-73.87786,40.737387,11.538297653198242,26.345977783203125,4.176358699798584,1.1065070300991797e-12,18.47949981689453,0.0,5.1875,134.5718536376953,102.99752044677734,165.95033264160156
1302,-73.791304,40.706724,104.2640380859375,11.397160530090332,87.31785583496094,60.0037727355957,13.205702781677246,503.4992370605469,5.055346965789795,130.7665252685547,111.38218688964844,170.18467712402344
1303,-73.960836,40.738864,20.670671463012695,9.78683853149414,52.24858856201172,5.309086918714456e-05,19.952533721923828,0.0,6.0890302658081055,42.215065002441406,28.42060089111328,56.217247009277344
1304,-73.883528,40.73793,16.24184799194336,26.745546340942383,3.8721718788146973,0.0,18.177316665649414,0.0,5.1920905113220215,119.86636352539062,84.46156311035156,154.2667694091797
1305,-73.856042,40.671281,34.58399200439453,19.14109230041504,55.485992431640625,0.0,21.941986083984375,0.0,6.03983211517334,21.213804244995117,15.734601974487305,28.378093719482422
1306,-73.858853,40.729413,17.274682998657227,16.726055145263672,2.9176981449127197,18.142213821411133,7.7219061851501465,0.0,5.074335098266602,219.05345153808594,208.32373046875,244.3472442626953
1307,-73.799776,40.706074,28.861309051513672,10.784735679626465,14.992145538330078,62.72669982910156,11.242111206054688,0.08141690492630005,5.421787738800049,219.77540588378906,159.44625854492188,286.59405517578125
1308,-73.874094,40.76836,0.0,1.0212061231362757e-12,2.9784077981709345e-11,0.0,3.6374166011810303,0.0,5.230465888977051,68.65302276611328,51.296295166015625,92.48966979980469
1309,-73.764954,40.749673,11.025187492370605,13.61320972442627,0.965200662612915,0.0,5.484457492828369,0.0,4.995656967163086,25.747947692871094,18.004283905029297,33.94609069824219
1310,-73.896705,40.752773,20.064828872680664,10.567849159240723,0.0,0.0,8.420419692993164,0.0,5.606671333312988,112.86964416503906,80.58584594726562,141.3840789794922
1311,-73.782684,40.673949,8.657227516174316,16.786659240722656,2.1184206008911133,16.370847702026367,4.203895392974451e-45,0.0,5.385438919067383,34.04924774169922,57.30705642700195,43.26633071899414
1312,-73.826154,40.785787,0.0,0.3030129671096802,0.0,0.0,0.0,0.0,5.394688606262207,22.293880462646484,48.62049865722656,23.438037872314453
1313,-73.881555,40.741153,0.000175272420165129,24.841522216796875,4.8337931632995605,0.0,15.511170387268066,0.0,5.376016139984131,198.42173767089844,127.42578887939453,273.3864440917969
1314,-73.757271,40.752343,2.876826524734497,0.8408424854278564,4.967849254608154,0.0,20.005788803100586,0.0,5.462943077087402,66.82307434082031,152.694580078125,58.383941650390625
1315,-73.763472,40.688263,3.2640764713287354,14.448429107666016,2.2384756548365914e-10,2.47745943069458,3.078265940759106e-12,0.0,5.441372871398926,54.12636947631836,47.81615447998047,59.50665283203125
1316,-73.936592,40.751838,23.580923080444336,21.888412475585938,5.7245917320251465,0.0,27.755834579467773,0.0,5.641025543212891,252.27774047851562,373.8471374511719,113.40930938720703
1317,-73.858255,40.750857,5.2520752232953355e-14,1.4076266288757324,0.0,5.124366209141584e-12,1.3370667782548614e-21,0.0,5.25989294052124,176.3498077392578,114.76988983154297,238.7099151611328
1318,-73.858714,40.759436,1.2416614611487908e-11,0.0,0.0,0.0,0.0,0.0,5.365208625793457,108.32476043701172,83.62531280517578,128.65005493164062
1319,-73.813926,40.683802,38.10540771484375,17.188350677490234,4.829972743988037,2.476682662963867,15.194930076599121,0.0,5.487056732177734,63.52431106567383,67.96346282958984,81.24346923828125
1320,-73.875053,40.736886,12.022611618041992,20.830341339111328,1.1049199104309082,1.8012077289755735e-12,12.801881790161133,0.0,5.2037835121154785,145.06263732910156,122.55827331542969,182.41900634765625
1321,-73.823841,40.737448,12.796038627624512,14.878647804260254,11.459356307983398,10.87002944946289,21.530288696289062,0.0,4.8551812171936035,112.17290496826172,270.1460266113281,52.76258087158203
1322,-73.915929,40.749753,16.30057144165039,24.393909454345703,1.4314910173416138,0.0,28.48440933227539,0.0,5.430954456329346,68.91159057617188,44.31450271606445,86.54365539550781
1323,-73.795049,40.740875,17.87984275817871,3.1163783073425293,0.06458171457052231,0.08938513696193695,1.8741786479949951,0.0,5.110445022583008,95.37935638427734,168.02301025390625,53.09328079223633
1324,-73.739726,40.733888,0.0,7.655778884887695,4.0283666159768305e-12,32.017391204833984,1.1611259913626992e-12,0.0,5.050882816314697,40.233360290527344,71.51344299316406,46.36347961425781
1325,-73.843972,40.730017,23.247636795043945,22.42353630065918,2.9665427207946777,0.0,16.92754364013672,0.0,5.623893737792969,66.61854553222656,156.85813903808594,41.6748161315918
1326,-73.911165,40.757072,6.702605247497559,17.190654754638672,4.1137213706970215,0.0,9.592850685119629,0.0,5.572695255279541,121.07971954345703,134.95782470703125,131.4469757080078
1327,-73.933907,40.765881,10.112401008605957,19.45688819885254,0.0007914419402368367,0.0,30.822160720825195,0.0,5.219750881195068,112.78730773925781,119.51849365234375,99.32028198242188
1328,-73.874129,40.740824,17.016199111938477,23.325077056884766,2.1627862453460693,0.0,19.790451049804688,0.0,5.563636302947998,164.0836639404297,143.46356201171875,189.0674591064453
1329,-73.826811,40.764892,3.5496963590730957e-08,0.0,0.0,0.0,1.1716211389262953e-22,0.0,5.263772964477539,191.47830200195312,197.4131622314453,197.69119262695312
1330,-73.833815,40.695171,1.8064707774101407e-07,18.517681121826172,2.8370092733376318e-11,4.199685573577881,5.456124782562256,0.0,5.4313130378723145,89.78582000732422,100.9131851196289,103.18421173095703
1331,-73.838616,40.680065,0.0,11.511412620544434,0.0,2.200263719748829e-25,0.0,0.0,5.342366695404053,107.72820281982422,149.2333526611328,95.19805145263672
1332,-73.909202,40.711881,37.587982177734375,20.70688247680664,76.78484344482422,0.0,14.815459251403809,0.0,5.422831058502197,102.10859680175781,109.89751434326172,97.6792984008789
1333,-73.74633,40.698786,22.697145462036133,17.254735946655273,14.504647254943848,2.474734306335449,5.301695823669434,0.0,5.2470479011535645,60.58074188232422,73.71742248535156,57.12408447265625
1334,-73.781041,40.771398,2.8794097900390625,2.2155122788442005e-12,29.98539161682129,0.0,13.728508949279785,0.0,5.596346855163574,32.139305114746094,96.47148895263672,21.772802352905273
1335,-73.74633,40.698786,22.697145462036133,17.254735946655273,14.504647254943848,2.474734306335449,5.301695823669434,0.0,5.2470479011535645,60.58074188232422,73.71742248535156,57.12408447265625
1336,-73.820821,40.738599,17.301916122436523,17.916568756103516,11.180935859680176,7.406269550323486,23.44970703125,0.0,5.418032646179199,92.92098999023438,277.4204406738281,48.70781707763672
1337,-73.925182,40.756099,17.42301368713379,21.571693420410156,8.815023873288233e-21,0.0,23.14927864074707,0.0,5.470930099487305,136.4046630859375,162.8087615966797,106.30931854248047
1338,-73.946488,40.748502,17.154571533203125,11.968286514282227,1.6769410296144094e-12,0.0,20.625829696655273,0.0,5.26279878616333,145.5860595703125,301.3167419433594,133.36721801757812
1339,-73.803001,40.709461,48.00955581665039,23.286466598510742,50.62161636352539,46.36821746826172,18.015098571777344,518.5404052734375,5.427244663238525,108.17752075195312,172.08230590820312,83.09947204589844
1340,-73.933316,40.743253,20.204893112182617,16.850650787353516,17.375450134277344,0.0,20.03374481201172,0.0,5.419056415557861,324.2458801269531,491.8267822265625,10.351887702941895
1341,-73.821532,40.737038,11.79681396484375,19.743362426757812,7.772050380706787,9.88867473602295,16.816696166992188,0.0,5.339690208435059,187.19381713867188,394.9947509765625,69.7921371459961
1342,-73.933316,40.743253,20.204893112182617,16.850650787353516,17.375450134277344,0.0,20.03374481201172,0.0,5.419056415557861,324.2458801269531,491.8267822265625,10.351887702941895
1343,-73.828279,40.765624,4.4292468373896554e-05,6.745956714366225e-19,2.694866465396961e-12,0.0,1.2043525556057255e-22,0.0,5.268231391906738,178.0049285888672,167.8627166748047,184.0143585205078
1344,-73.853412,40.737673,10.638096809387207,21.549394607543945,7.855206263229775e-09,0.0,3.6203761100769043,0.0,5.47493839263916,150.92572021484375,118.39857482910156,177.54812622070312
1345,-73.936592,40.751838,23.580923080444336,21.888412475585938,5.7245917320251465,0.0,27.755834579467773,0.0,5.641025543212891,252.27774047851562,373.8471374511719,113.40930938720703
1346,-73.936442,40.742217,8.228960037231445,14.189120292663574,3.008958578109741,0.0,24.69279670715332,0.0,5.641213417053223,359.2415771484375,639.3338012695312,12.545259475708008
1347,-73.728834,40.744197,11.973583221435547,0.5518874526023865,5.797430038452148,4.973793029785156,7.253310680389404,0.0,5.855731010437012,35.063636779785156,142.35545349121094,46.33333206176758
1348,-73.936596,40.751839,23.59360694885254,21.884933471679688,5.721535682678223,0.0,27.76329803466797,0.0,5.641592979431152,252.2815399169922,373.951171875,113.44450378417969
1349,-73.926977,40.754975,13.951578140258789,22.675949096679688,0.008484305813908577,0.0,25.663110733032227,0.0,5.456104755401611,132.736083984375,177.0017852783203,97.51029968261719
1350,-73.887909,40.729104,1.1448320590135008e-11,29.731063842773438,0.0,0.0,9.088916778564453,0.0,5.554820537567139,78.10952758789062,116.0845947265625,57.65350341796875
1351,-73.927995,40.741658,37.36872100830078,17.31842803955078,7.442416191101074,0.0,29.6125431060791,0.0,5.508403301239014,189.71951293945312,221.6971435546875,105.69245147705078
1352,-73.929577,40.743309,29.90314483642578,19.818408966064453,15.461138725280762,0.0,20.255903244018555,0.0,5.379191875457764,158.08428955078125,236.99327087402344,10.931671142578125
1353,-73.799692,40.716071,8.710317611694336,18.541412353515625,6.719729900360107,0.0,27.003877639770508,0.0,5.543071269989014,85.88134002685547,164.20252990722656,99.29886627197266
1354,-73.841475,40.689177,11.528884887695312,19.273258209228516,3.242884294429871e-10,5.256658255348157e-07,4.35766077041626,1032.818359375,5.291550636291504,72.48314666748047,73.4770278930664,93.2106704711914
1355,-73.811408,40.72528,22.852813720703125,17.100727081298828,21.68816375732422,14.802001953125,20.847023010253906,0.0,5.387312412261963,104.0210189819336,106.1495361328125,98.9200439453125
1356,-73.805923,40.718027,31.67970848083496,15.440136909484863,16.180204391479492,32.43235397338867,15.759520530700684,0.0,5.457165718078613,59.846405029296875,67.18584442138672,67.85345458984375
1357,-73.855543,40.708431,3.217693567276001,17.5255184173584,3.876025915145874,9.618836402893066,25.86937713623047,770.4171752929688,5.172855377197266,52.78237533569336,106.9748306274414,75.42086029052734
1358,-73.798364,40.700884,9.931768545357045e-06,16.507633209228516,6.581990811757588e-13,60.08917236328125,5.447315216064453,0.0,5.174022674560547,51.35483932495117,232.08340454101562,75.48387145996094
1359,-73.783438,40.685838,28.429594039916992,8.25986385345459,33.38257598876953,4.907477091364854e-07,7.4337992668151855,0.0,5.316190242767334,67.76033782958984,60.663143157958984,81.19869995117188
1360,-73.753009,40.676318,6.287126064300537,4.251594066619873,1.401707526091367e-13,7.385745525360107,3.4598252929475158e-15,0.0,4.618221282958984,68.27680206298828,74.16973876953125,59.7625732421875
1361,-73.884817,40.749934,26.21856117248535,17.77071762084961,0.0,0.0,3.6256887912750244,0.0,5.403598785400391,203.6814422607422,173.4242706298828,234.21603393554688
1362,-73.924175,40.755714,18.591543197631836,21.46767234802246,0.910226047039032,0.0,25.478044509887695,0.0,5.523152828216553,120.4671401977539,146.33877563476562,88.05543518066406
1363,-73.867882,40.735613,14.1149320602417,28.084800720214844,7.251098507226744e-27,3.0642602170949385e-12,11.032261848449707,0.0,5.378612518310547,221.2641143798828,296.5947265625,206.57241821289062
1364,-73.871505,40.743228,35.37339401245117,17.913618087768555,11.595667839050293,0.0,16.340221405029297,0.0,5.532567024230957,170.93885803222656,144.76895141601562,207.37637329101562
1365,-73.800875,40.683473,1.2467917542835494e-07,21.01032829284668,0.00324958935379982,38.90892791748047,6.546247988126197e-09,0.0,5.38997220993042,56.12590789794922,37.65647888183594,74.98871612548828
1366,-73.819664,40.720586,25.64440155029297,15.222146034240723,1.9356002807617188,7.785836696624756,3.627638816833496,0.0,5.3201823234558105,70.35186004638672,52.32587432861328,88.9404525756836
1367,-73.728412,40.756481,15.559896469116211,4.325958991981078e-16,4.23513419958912e-27,0.0,4.110633816840903e-13,0.0,5.088386535644531,38.349056243896484,36.22768020629883,52.07707977294922
1368,-73.804166,40.708409,53.19383239746094,22.23260498046875,49.491615295410156,61.42039108276367,14.379054069519043,518.4009399414062,5.395683288574219,111.29003143310547,175.72157287597656,84.27761840820312
1369,-73.826811,40.764892,3.5496963590730957e-08,0.0,0.0,0.0,1.1716211389262953e-22,0.0,5.263772964477539,191.47830200195312,197.4131622314453,197.69119262695312
1370,-73.807991,40.70283,13.072973251342773,25.511838912963867,4.833793640136719,60.766963958740234,21.96617889404297,0.0,5.346249103546143,170.4124755859375,126.04707336425781,204.90943908691406
1371,-73.805044,40.702776,18.604650497436523,18.500572204589844,6.477774620056152,67.44998931884766,23.5731143951416,0.0,5.531083583831787,228.0868377685547,132.75686645507812,269.6244201660156
1372,-73.833164,40.769649,4.545236756414717e-11,1.7163935899734497,3.264880726883135e-11,0.0,9.472845717769564e-22,0.0,5.352591514587402,121.74386596679688,81.45256805419922,140.95887756347656
1373,-73.805044,40.702776,18.604650497436523,18.500572204589844,6.477774620056152,67.44998931884766,23.5731143951416,0.0,5.531083583831787,228.0868377685547,132.75686645507812,269.6244201660156
1374,-73.708617,40.734266,0.0,0.0,0.0,0.0,0.0,0.0,3.344064474105835,41.42097854614258,41.1443977355957,42.057830810546875
1375,-73.782684,40.673949,8.657227516174316,16.786659240722656,2.1184206008911133,16.370847702026367,4.203895392974451e-45,0.0,5.385438919067383,34.04924774169922,57.30705642700195,43.26633071899414
1376,-73.825317,40.586012,8.658387184143066,1.3520206212997437,0.9693810939788818,0.0,11.92943000793457,0.0,4.409005641937256,82.26884460449219,151.38125610351562,69.10952758789062
1377,-73.800875,40.683473,1.2467917542835494e-07,21.01032829284668,0.00324958935379982,38.90892791748047,6.546247988126197e-09,0.0,5.38997220993042,56.12590789794922,37.65647888183594,74.98871612548828
1378,-73.875668,40.7596,0.7144665718078613,5.164686679840088,0.9652007222175598,0.0,21.74791145324707,0.0,5.372037887573242,127.8814926147461,118.96353912353516,143.43716430664062
1379,-73.708999,40.753379,0.0,0.0,0.0,0.0,0.0,0.0,4.773831844329834,53.3736686706543,272.915771484375,76.41888427734375
1380,-74.24395,40.508638,0.0,0.0,0.0,0.0,0.0,0.0,5.428396701812744,36.92706298828125,60.89411926269531,23.263607025146484
1381,-74.099685,40.576728,0.0,0.0,0.0,0.0,0.0,0.0,5.230769157409668,37.61545181274414,57.176883697509766,38.17317581176758
1382,-74.21185,40.520812,0.0,0.0,0.0,0.0,0.0,0.0,5.288488388061523,26.174467086791992,36.58553695678711,22.07178497314453
1383,-74.195281,40.552059,0.0,0.0,0.0,0.0,0.0,0.0,5.583991050720215,38.096126556396484,43.982276916503906,54.818870544433594
1384,-74.187276,40.529389,0.0,0.0,0.0,0.0,0.0,0.0,5.037974834442139,14.978494644165039,18.033794403076172,11.510146141052246
1385,-74.230118,40.510207,0.0,0.0,0.0,0.0,0.0,0.0,4.733980655670166,12.383218765258789,31.860214233398438,16.044525146484375
1386,-74.186096,40.522971,0.0,0.0,0.0,0.0,0.0,0.0,5.378022193908691,16.031702041625977,71.2229232788086,9.42732048034668
1387,-74.152212,40.547567,0.0,0.0,0.0,0.0,0.0,0.0,5.350211143493652,49.783775329589844,70.24964141845703,28.899246215820312
1388,-74.090245,40.60265,0.0,0.0,0.0,0.0,0.0,0.0,5.431336402893066,58.69585418701172,65.0750503540039,52.756256103515625
1389,-74.079594,40.639638,0.0,0.0,0.0,0.0,0.0,0.0,5.459964275360107,65.348876953125,91.28536224365234,72.14601135253906
1390,-74.098252,40.590887,0.0,0.0,0.0,0.0,0.0,0.0,5.34323787689209,35.541385650634766,37.23788833618164,38.648231506347656
1391,-74.180964,40.605658,0.0,0.0,0.0,0.0,0.0,0.0,5.404011249542236,,195.8164825439453,
1392,-74.068963,40.613322,0.0,0.0,0.0,0.0,0.0,0.0,5.338693618774414,51.6146240234375,50.72532272338867,52.16489791870117
1393,-74.079594,40.639638,0.0,0.0,0.0,0.0,0.0,0.0,5.459964275360107,65.348876953125,91.28536224365234,72.14601135253906
1394,-74.116817,40.636521,0.0,0.0,0.0,0.0,0.0,0.0,5.580590724945068,67.0295181274414,54.0179328918457,77.08528137207031
1395,-74.126851,40.630563,0.0,0.0,0.0,0.0,0.0,0.0,5.41016960144043,47.14882278442383,44.41379165649414,56.04712677001953
1396,-74.132382,40.636729,0.0,0.0,0.0,0.0,0.0,0.0,5.633300304412842,66.22822570800781,63.85012435913086,69.3678207397461
1397,-74.144599,40.631165,0.0,0.0,0.0,0.0,0.0,0.0,5.803738117218018,43.66780471801758,41.16659927368164,52.514854431152344
1398,-74.150544,40.624847,0.0,0.0,0.0,0.0,0.0,0.0,5.202826499938965,49.418087005615234,71.02564239501953,29.970745086669922
1399,-74.133216,40.570765,0.0,0.0,0.0,0.0,0.0,0.0,5.709804058074951,25.71338653564453,27.56614112854004,23.133132934570312
1400,-74.145558,40.54549,0.0,0.0,0.0,0.0,0.0,0.0,5.009090900421143,33.41669845581055,48.70344924926758,32.419639587402344
1401,-74.218688,40.512019,0.0,0.0,0.0,0.0,0.0,0.0,5.131749629974365,19.531557083129883,15.822403907775879,21.40987777709961
1402,-74.190093,40.591546,0.0,0.0,0.0,0.0,0.0,0.0,5.305896759033203,32.51359939575195,29.761051177978516,36.63240051269531
1403,-74.117818,40.628291,0.0,0.0,0.0,0.0,0.0,0.0,5.321782112121582,45.749629974365234,49.215579986572266,42.121482849121094
1404,-74.080695,40.620443,0.0,0.0,0.0,0.0,0.0,0.0,5.315052509307861,70.07986450195312,66.64897918701172,89.66580963134766
1405,-74.116197,40.614039,0.0,0.0,0.0,0.0,0.0,0.0,5.280568599700928,32.64963150024414,43.69804382324219,22.865211486816406
1406,-74.13308,40.618097,0.0,0.0,0.0,0.0,0.0,0.0,5.695897102355957,41.93902587890625,40.36585235595703,43.940101623535156
1407,-74.08542,40.64209,0.0,0.0,0.0,0.0,0.0,0.0,5.418409824371338,43.923301696777344,33.58644104003906,63.5247688293457
1408,-74.1554,40.5579,0.0,0.0,0.0,0.0,0.0,0.0,5.406943321228027,42.13118362426758,36.85877990722656,47.92723846435547
1409,-74.2434,40.5083,0.0,0.0,0.0,0.0,0.0,0.0,5.344527244567871,36.89678955078125,59.074153900146484,24.43289566040039
1410,-74.098994,40.613548,0.0,0.0,0.0,0.0,0.0,0.0,5.3904337882995605,39.466407775878906,39.15989303588867,43.22763442993164
1411,-74.182548,40.543433,0.0,0.0,0.0,0.0,0.0,0.0,5.498575687408447,18.72504997253418,41.26845169067383,21.257762908935547
1412,-74.151368,40.5641,0.0,0.0,0.0,0.0,0.0,0.0,5.395041465759277,20.179235458374023,26.230770111083984,20.728483200073242
1413,-74.099409,40.574799,0.0,0.0,0.0,0.0,0.0,0.0,5.312714576721191,38.84095764160156,51.4984245300293,42.52984619140625
1414,-74.07061,40.597824,0.0,0.0,0.0,0.0,0.0,0.0,5.454980850219727,36.233646392822266,52.43424606323242,44.9786376953125
1415,-74.108492,40.573599,0.0,0.0,0.0,0.0,0.0,0.0,5.226178169250488,37.68833541870117,51.13738250732422,28.03562355041504
1416,-74.169038,40.552213,0.0,0.0,0.0,0.0,0.0,0.0,5.273654937744141,27.4988956451416,44.50593185424805,36.1604118347168
1417,-74.157303,40.631689,0.0,0.0,0.0,0.0,0.0,0.0,5.483428478240967,47.800071716308594,46.255924224853516,49.894474029541016
1418,-74.107537,40.628419,0.0,0.0,0.0,0.0,0.0,0.0,5.6175689697265625,38.474647521972656,43.86262512207031,33.21774673461914
1419,-74.080829,40.594455,0.0,0.0,0.0,0.0,0.0,0.0,5.301064968109131,51.5869255065918,40.694679260253906,68.75352478027344
1420,-74.159343,40.581958,0.0,0.0,0.0,0.0,0.0,0.0,5.285429000854492,65.00286102294922,94.16006469726562,77.04290008544922
1421,-74.091239,40.603492,0.0,0.0,0.0,0.0,0.0,0.0,5.418289661407471,51.8609619140625,63.62139129638672,40.58930587768555
1422,-74.080695,40.620443,0.0,0.0,0.0,0.0,0.0,0.0,5.315052509307861,70.07986450195312,66.64897918701172,89.66580963134766
1423,-74.124332,40.560954,0.0,0.0,0.0,0.0,0.0,0.0,5.110526084899902,24.340198516845703,34.98528289794922,27.64472198486328
1424,-74.145522,40.623077,0.0,0.0,0.0,0.0,0.0,0.0,5.385152816772461,30.190101623535156,69.78623962402344,40.065242767333984
1425,-74.089012,40.58255,0.0,0.0,0.0,0.0,0.0,0.0,5.196984767913818,43.74028015136719,45.63216781616211,45.28890609741211
1426,-74.13664,40.551926,0.0,0.0,0.0,0.0,0.0,0.0,5.116666793823242,33.20329284667969,44.32564163208008,46.017791748046875
1427,-74.137259,40.602779,0.0,0.0,0.0,0.0,0.0,0.0,5.459192752838135,41.53282928466797,38.75672912597656,44.856475830078125
1428,-74.163037,40.536625,0.0,0.0,0.0,0.0,0.0,0.0,5.352371692657471,23.742713928222656,26.370635986328125,21.57358741760254
1429,-74.213943,40.541856,0.0,0.0,0.0,0.0,0.0,0.0,5.270899295806885,39.903778076171875,37.46741485595703,41.90974044799805
1430,-74.083799,40.611136,0.0,0.0,0.0,0.0,0.0,0.0,5.309890270233154,58.39253234863281,57.1812744140625,76.2752914428711
1431,-74.160867,40.582791,0.0,0.0,0.0,0.0,0.0,0.0,5.311516284942627,60.83454132080078,102.5088119506836,66.08695983886719
1432,-74.083408,40.647898,0.0,0.0,0.0,0.0,0.0,0.0,5.106870174407959,96.57039642333984,109.30130767822266,111.68624114990234
1433,-74.162634,40.610604,0.0,0.0,0.0,0.0,0.0,0.0,5.2076921463012695,41.4944953918457,60.858341217041016,53.53566360473633
1434,-74.097941,40.634497,0.0,0.0,0.0,0.0,0.0,0.0,5.78079080581665,40.34686279296875,63.431884765625,42.272769927978516
1435,-74.217934,40.541563,0.0,0.0,0.0,0.0,0.0,0.0,5.018378257751465,32.896907806396484,24.89312744140625,40.96428680419922
1436,-74.159343,40.581958,0.0,0.0,0.0,0.0,0.0,0.0,5.285429000854492,65.00286102294922,94.16006469726562,77.04290008544922
1437,-74.159343,40.581958,0.0,0.0,0.0,0.0,0.0,0.0,5.285429000854492,65.00286102294922,94.16006469726562,77.04290008544922
1438,-74.078337,40.633666,0.0,0.0,0.0,0.0,0.0,0.0,5.1158223152160645,40.54541778564453,32.70700454711914,47.76055908203125
1439,-74.076955,40.643,0.0,0.0,0.0,0.0,0.0,0.0,5.512480735778809,103.75019836425781,129.5985870361328,83.94562530517578
1440,-74.180964,40.605658,0.0,0.0,0.0,0.0,0.0,0.0,5.404011249542236,,195.8164825439453,
1441,-74.142526,40.624781,0.0,0.0,0.0,0.0,0.0,0.0,5.298442840576172,34.23301315307617,47.48286056518555,40.78532791137695
1442,-74.157327,40.59148,0.0,0.0,0.0,0.0,0.0,0.0,5.3557047843933105,53.7638053894043,82.71255493164062,54.299461364746094
1443,-74.180964,40.605658,0.0,0.0,0.0,0.0,0.0,0.0,5.404011249542236,,195.8164825439453,
1444,-74.158618,40.592132,0.0,0.0,0.0,0.0,0.0,0.0,5.376310348510742,53.07795715332031,82.85713958740234,52.75153732299805
1445,-74.125447,40.63324,0.0,0.0,0.0,0.0,0.0,0.0,5.474489688873291,49.37059783935547,47.25409698486328,48.1893424987793
1446,-74.079438,40.638993,0.0,0.0,0.0,0.0,0.0,0.0,5.355311393737793,61.32624816894531,85.65571594238281,67.72158813476562
1447,-74.197033,40.544535,0.0,0.0,0.0,0.0,0.0,0.0,5.338503837585449,25.355758666992188,59.17076873779297,28.122766494750977
1448,-74.105883,40.607637,0.0,0.0,0.0,0.0,0.0,0.0,6.082043170928955,5.822510719299316,89.02919006347656,8.2848482131958
1449,-74.161318,40.608079,0.0,0.0,0.0,0.0,0.0,0.0,4.941799163818359,39.38315200805664,47.863433837890625,51.40489196777344
1450,-74.079228,40.622415,0.0,0.0,0.0,0.0,0.0,0.0,5.29938268661499,103.91058349609375,90.80074310302734,133.91102600097656
1451,-74.105883,40.607637,0.0,0.0,0.0,0.0,0.0,0.0,6.082043170928955,5.822510719299316,89.02919006347656,8.2848482131958
1452,-74.180964,40.605658,0.0,0.0,0.0,0.0,0.0,0.0,5.404011249542236,,195.8164825439453,
1453,-74.084382,40.618479,0.0,0.0,0.0,0.0,0.0,0.0,5.346596717834473,42.24955368041992,25.39082145690918,59.57619094848633
1454,-74.084382,40.618479,0.0,0.0,0.0,0.0,0.0,0.0,5.346596717834473,42.24955368041992,25.39082145690918,59.57619094848633
1455,-74.083179,40.575685,0.0,0.0,0.0,0.0,0.0,0.0,5.22047233581543,10.782089233398438,9.317322731018066,10.569021224975586
1456,-74.095454,40.64118,0.0,0.0,0.0,0.0,0.0,0.0,5.468379497528076,57.21038818359375,53.468605041503906,60.11178207397461
1457,-74.105878,40.570909,0.0,0.0,0.0,0.0,0.0,0.0,5.128798961639404,43.47916793823242,164.3237762451172,22.716569900512695
1458,-74.141924,40.635562,0.0,0.0,0.0,0.0,0.0,0.0,5.721111297607422,61.531436920166016,72.15027618408203,65.61593627929688
1459,-74.082149,40.645436,0.0,0.0,0.0,0.0,0.0,0.0,5.34510612487793,90.09214782714844,115.4921646118164,105.72909545898438
1460,-74.193431,40.528152,0.0,0.0,0.0,0.0,0.0,0.0,6.643741607666016,8.346939086914062,214.5375213623047,10.812790870666504
1461,-74.130819,40.588985,0.0,0.0,0.0,0.0,0.0,0.0,7.876712322235107,2.0,42.881168365478516,3.0
1462,-74.087072,40.61062,0.0,0.0,0.0,0.0,0.0,0.0,5.258349895477295,36.103309631347656,39.17589569091797,41.70180892944336
1463,-74.079263,40.64282,0.0,0.0,0.0,0.0,0.0,0.0,5.459166526794434,95.77916717529297,128.6219940185547,103.78876495361328
1464,-74.117086,40.568299,0.0,0.0,0.0,0.0,0.0,0.0,5.494714736938477,41.677669525146484,52.94659423828125,29.94939422607422
1465,-74.108045,40.608374,0.0,0.0,0.0,0.0,0.0,0.0,6.874734401702881,9.558823585510254,67.25545501708984,10.180000305175781
1466,-74.164427,40.62031,0.0,0.0,0.0,0.0,0.0,0.0,5.44044303894043,69.39041137695312,71.26396942138672,66.25260162353516
1467,-74.105883,40.607637,0.0,0.0,0.0,0.0,0.0,0.0,6.082043170928955,5.822510719299316,89.02919006347656,8.2848482131958
1468,-74.077564,40.638388,0.0,0.0,0.0,0.0,0.0,0.0,5.298198223114014,59.02236557006836,88.961181640625,53.422637939453125
1469,-74.14837,40.554498,0.0,0.0,0.0,0.0,0.0,0.0,5.157955646514893,21.617950439453125,15.606684684753418,29.366958618164062
1470,-74.095454,40.64118,0.0,0.0,0.0,0.0,0.0,0.0,5.468379497528076,57.21038818359375,53.468605041503906,60.11178207397461
1471,-73.827642,40.831829,11.771018981933594,0.0,0.9664385318756104,0.0,4.946047306060791,0.0,3.964601755142212,59.709651947021484,60.95857620239258,59.71316909790039
1472,-73.919634,40.819331,1.3240611385079148e-10,5.643501281738281,0.0,0.0,2.602309101713829e-13,0.0,4.700830936431885,223.00970458984375,207.62338256835938,244.32130432128906
1473,-73.89163,40.850131,0.0,0.0,0.0,0.0,7.241649627685547,0.0,5.289069652557373,159.47579956054688,151.44204711914062,179.07894897460938
1474,-73.897943,40.841758,0.0,6.64460230619394e-33,0.0,0.0,0.0,0.0,5.194117546081543,149.525146484375,101.92671203613281,141.38197326660156
1475,-73.908358,40.813896,3.036809038158394e-22,1.6169942988752961e-12,0.0,0.0,0.0,0.0,3.9151785373687744,191.4798126220703,145.08485412597656,233.93467712402344
1476,-73.882531,40.840445,4.1408545971462207e-13,2.2208006381988525,0.0,0.0,0.0,0.0,5.028183937072754,143.9004364013672,114.96178436279297,186.7960662841797
1477,-73.905697,40.881562,0.0,0.0,0.0,0.0,0.0,0.0,4.701690673828125,163.0414276123047,134.0861358642578,187.8572540283203
1478,-73.883339,40.872259,0.0,0.0,0.0,0.0,0.0,0.0,5.314523696899414,209.65615844726562,141.24244689941406,270.3725280761719
1479,-73.898821,40.85644,0.0,0.0,0.0,0.0,0.0,0.0,5.251101493835449,269.2088928222656,216.17227172851562,340.4100036621094
1480,-73.829211,40.82708,0.0,1.9613116979599,2.127395481998917e-11,0.0,0.0,0.0,4.726937294006348,47.75425720214844,64.56037902832031,51.07548141479492
1481,-73.92589,40.839693,0.0,2.6845588252388808e-11,0.0,0.0,0.0,0.0,4.132772922515869,215.5950164794922,145.85009765625,269.5332336425781
1482,-73.844685,40.840625,12.552035331726074,0.0,0.0,0.0,6.527878284454346,0.0,5.18336296081543,135.04263305664062,95.16995239257812,164.0619659423828
1483,-73.826277,40.835318,6.798976421356201,0.0,2.579575300216675,0.0,14.585883140563965,0.0,5.262135982513428,41.34225082397461,49.096675872802734,52.887935638427734
1484,-73.909763,40.859243,0.0,0.0,0.0,0.0,0.0,0.0,5.0894856452941895,235.15342712402344,196.94570922851562,281.5726623535156
1485,-73.854231,40.902311,0.0,0.0,0.0,0.0,0.0,0.0,4.660767078399658,69.3647689819336,49.477046966552734,86.5899429321289
1486,-73.905389,40.818703,0.0,3.1800499733503074e-12,0.0,0.0,0.0,0.0,3.5341506004333496,149.8659210205078,128.83746337890625,189.9731903076172
1487,-73.922697,40.816369,8.678309459941858e-11,21.444543838500977,0.0,0.0,6.02680557369728e-13,0.0,4.691919326782227,224.7554473876953,281.0972595214844,242.6422119140625
1488,-73.866949,40.899351,0.0,0.0,0.0,0.0,0.0,0.0,4.548006057739258,72.47383880615234,58.54838562011719,86.90143585205078
1489,-73.878731,40.869482,0.0,0.0,0.0,0.0,0.0,0.0,5.6227874755859375,171.61172485351562,142.32762145996094,215.66697692871094
1490,-73.85942,40.887888,0.0,0.0,0.0,0.0,0.0,0.0,3.521186351776123,97.31985473632812,74.9266357421875,135.2885284423828
1491,-73.91435,40.832022,0.0,0.0,9.629444464032133e-11,0.0,0.0,0.0,5.206956386566162,239.7688446044922,186.98973083496094,293.1826477050781
1492,-73.894951,40.853294,0.0,0.0,0.0,0.0,0.39306631684303284,0.0,5.186180591583252,151.6178741455078,154.54876708984375,164.4095916748047
1493,-73.915114,40.886922,0.0,0.0,0.0,0.0,0.0,0.0,5.1233062744140625,103.85052490234375,147.858154296875,148.06741333007812
1494,-73.905751,40.812895,0.0,0.8675195574760437,0.0,0.0,0.0,0.0,3.5864908695220947,167.08241271972656,145.240478515625,189.48106384277344
1495,-73.903821,40.848344,0.0,0.0,0.0,0.0,0.0,0.0,5.2217326164245605,248.06527709960938,148.05322265625,337.34588623046875
1496,-73.916419,40.821544,2.4849377763813685e-11,0.0,9.657182692413002e-11,0.0,0.0,0.0,4.9041571617126465,181.81480407714844,129.04937744140625,243.0880889892578
1497,-73.917417,40.809023,2.876826524734497,0.0,0.31738486886024475,0.0,3.5286521911621094,0.0,3.820866107940674,201.21060180664062,170.7762908935547,224.7367401123047
1498,-73.92114,40.822574,7.1219482421875,2.8765184678647415e-10,8.170134378591179e-17,0.0,5.305341669453734e-13,0.0,5.080527305603027,247.3155059814453,190.5928192138672,321.9708251953125
1499,-73.88622,40.851724,0.0,0.0,0.006935157347470522,0.0,3.623741626739502,0.0,5.454784870147705,226.2253875732422,166.00636291503906,284.4685363769531
1500,-73.901268,40.861698,0.0,0.0,0.0,0.0,0.0,0.0,5.056401252746582,287.6562194824219,267.6507568359375,311.8080749511719
1501,-73.917705,40.828009,11.52820110321045,0.0,7.605318458336896e-11,0.0,1.8071686029434204,0.0,5.192234992980957,265.60968017578125,218.05738830566406,325.6463317871094
1502,-73.849791,40.82948,0.0,20.731454849243164,0.0,0.0,3.294050102131685e-11,0.0,5.420615196228027,94.77574157714844,80.0252685546875,118.39186096191406
1503,-73.913694,40.877935,0.0,0.0,0.0,0.0,0.0,0.0,5.150074481964111,125.10318756103516,176.24598693847656,157.15159606933594
1504,-73.867834,40.874754,0.0,0.0,0.0,0.0,0.0,0.0,4.746769905090332,114.9505844116211,81.98242950439453,144.03114318847656
1505,-73.903243,40.838636,0.0,1.8140620299325616e-12,0.0,0.0,0.0,0.0,4.753101825714111,164.4927978515625,171.16714477539062,163.08229064941406
1506,-73.921593,40.806452,43.7863883972168,2.4013269150913175e-10,7.737135410308838,0.0,26.670682907104492,0.0,4.744405269622803,179.5229034423828,115.99374389648438,210.91761779785156
1507,-73.891086,40.842564,0.0,1.1512895822525024,0.0,0.0,0.0,0.0,5.686612606048584,139.75750732421875,131.62815856933594,152.6098175048828
1508,-73.887026,40.858389,0.0,0.0,0.0,0.0,0.0,0.0,5.4961700439453125,177.87063598632812,229.0399169921875,164.82049560546875
1509,-73.890402,40.867169,0.0,0.0,0.0,0.0,0.0,0.0,5.145601749420166,264.65447998046875,170.49520874023438,357.44708251953125
1510,-73.866974,40.832529,0.0,3.4922471046447754,3.3761196420976913e-13,2.460785150527954,0.0,0.0,5.289291858673096,126.78898620605469,90.76313018798828,160.3831329345703
1511,-73.886834,40.814034,0.0,1.1323279587463573e-14,0.0,0.0,0.0,0.0,5.541776657104492,182.02598571777344,164.84072875976562,161.3230438232422
1512,-73.92273,40.810413,9.102325837506697e-11,0.047023698687553406,0.752147912979126,0.0,15.324322700500488,0.0,4.877479553222656,215.53775024414062,190.23049926757812,253.0072784423828
1513,-73.886997,40.850674,0.0,0.0,0.9644193053245544,0.0,3.6208245754241943,0.0,5.503298759460449,201.4957275390625,160.0240936279297,241.265869140625
1514,-73.911906,40.832648,0.0,0.0,2.059915779617505e-11,0.0,0.0,0.0,5.109550476074219,204.38479614257812,162.0601806640625,242.23268127441406
1515,-73.88794,40.864872,0.0,0.0,0.0,0.0,0.0,0.0,5.427195072174072,237.3094482421875,188.95635986328125,320.779052734375
1516,-73.90497,40.835934,0.0,2.5351517760063835e-12,8.258545756978375e-13,0.0,0.0,0.0,4.627476692199707,235.0060272216797,179.88645935058594,309.77398681640625
1517,-73.874912,40.875481,0.0,0.0,0.0,0.0,0.0,0.0,5.393548488616943,218.28456115722656,139.13111877441406,293.26800537109375
1518,-73.888987,40.848748,0.0,0.0,0.00015008487389422953,0.0,3.5681904300329397e-35,0.0,5.379663944244385,170.96127319335938,138.9681854248047,202.768798828125
1519,-73.898826,40.846383,0.0,2.1019476964872256e-44,0.0,0.0,0.0,0.0,5.21586275100708,131.9443359375,122.84343719482422,104.9617691040039
1520,-73.893639,40.853141,0.0,0.0,0.0,0.0,7.26113224029541,0.0,5.2823638916015625,129.5886688232422,125.8321533203125,135.870361328125
1521,-73.892784,40.836156,5.726250648498535,0.7951077222824097,7.904594947344412e-13,0.0,5.43123722076416,0.0,5.502091884613037,76.90702056884766,85.45523834228516,77.20803833007812
1522,-73.900161,40.813736,1.2118964685947642e-12,2.7220826148986816,0.0,0.0,0.0,0.0,4.538573741912842,187.26699829101562,124.49606323242188,229.68655395507812
1523,-73.901859,40.83093,6.846461433538103e-17,1.6555375505818842e-13,0.0,0.0,0.029318271204829216,0.0,4.91037130355835,167.04124450683594,166.6725616455078,192.73487854003906
1524,-73.912557,40.807916,13.334478378295898,1.112789511680603,5.910560235689033e-11,0.0,0.0,0.0,4.215267181396484,171.12139892578125,102.512939453125,219.59788513183594
1525,-73.88654,40.831493,0.0,0.0,0.0,0.0,0.0,0.0,5.278846263885498,156.4594268798828,119.56224822998047,191.74203491210938
1526,-73.884192,40.843781,0.0,0.0,0.0,0.0,0.0,0.0,4.776223659515381,163.3886260986328,114.8288345336914,210.49464416503906
1527,-73.83888,40.891603,0.0,0.0,0.0,0.0,0.0,0.0,3.023094654083252,72.14708709716797,55.10552978515625,89.71232604980469
1528,-73.86046,40.8167,0.0,0.0,0.0,0.0,0.0,0.0,5.222415447235107,84.5816650390625,76.04560089111328,107.6926040649414
1529,-73.90807,40.844236,0.0,2.22859787940979,0.0,0.0,0.0,0.0,5.246452808380127,212.90391540527344,172.7530517578125,243.42556762695312
1530,-73.829562,40.845379,0.0,0.0,0.0,0.0,0.0,0.0,5.348878860473633,94.32959747314453,106.41020202636719,122.08287048339844
1531,-73.818172,40.823237,5.5493986955614666e-14,12.009954452514648,0.0,0.0,0.0,0.0,4.974754333496094,52.794071197509766,67.20146179199219,50.750911712646484
1532,-73.926415,40.832609,0.0,0.0,0.9644234776496887,0.0,9.715655607507936e-14,0.0,4.758903980255127,196.93411254882812,129.90016174316406,250.98916625976562
1533,-73.888948,40.822314,0.0,2.894930839538574,0.0,0.0,0.0,0.0,5.10500955581665,175.14395141601562,104.14842987060547,231.13755798339844
1534,-73.860928,40.869059,0.0,0.0,0.0,0.0,0.0,0.0,3.742074966430664,108.14741516113281,80.28817749023438,133.8023223876953
1535,-73.875375,40.872559,0.0,0.0,0.0,0.0,0.0,0.0,5.883689880371094,193.32717895507812,156.19320678710938,221.82435607910156
1536,-73.850563,40.878474,0.0,0.0,0.0,0.0,0.0,0.0,4.0252366065979,114.25601196289062,83.21871948242188,145.2305145263672
1537,-73.881245,40.876819,0.0,0.0,0.0,0.0,0.0,0.0,5.4047417640686035,184.7082061767578,135.2523956298828,221.4023895263672
1538,-73.904657,40.903275,0.0,0.0,0.0,0.0,0.0,0.0,4.522012710571289,74.65969848632812,55.022361755371094,107.41786193847656
1539,-73.858769,40.849176,0.0,0.0,0.0,0.0,0.0,0.0,4.2727274894714355,97.5958251953125,100.140380859375,95.5678939819336
1540,-73.894682,40.858689,0.0,0.0,0.0,0.0,0.0,0.0,5.271002769470215,255.30416870117188,201.9104461669922,328.9293212890625
1541,-73.897066,40.869061,0.0,0.0,0.0,0.0,0.0,0.0,5.2618184089660645,222.85382080078125,241.6002197265625,294.698974609375
1542,-73.846198,40.895741,0.0,0.0,0.0,0.0,0.0,0.0,3.6258504390716553,63.980960845947266,51.75359344482422,76.78125
1543,-73.913523,40.837019,0.0,0.0,8.539921547701113e-11,0.0,0.0,0.0,5.119680881500244,248.9951171875,147.75424194335938,345.9951171875
1544,-73.859254,40.862481,0.0,0.0,0.0,0.0,0.0,0.0,5.059047698974609,103.01264953613281,151.18887329101562,99.57876586914062
1545,-73.907494,40.858286,0.0,0.0,0.0,0.0,0.0,0.0,4.791999816894531,220.08412170410156,180.19093322753906,260.96484375
1546,-73.877274,40.822522,0.0,6.28804733976418e-13,0.0,0.0,0.0,0.0,5.39191198348999,152.93446350097656,95.66191864013672,206.1648406982422
1547,-73.875268,40.880661,0.0,0.0,0.0,0.0,0.0,0.0,5.255340576171875,243.46746826171875,219.86895751953125,266.9671936035156
1548,-73.891664,40.883049,0.0,0.0,0.0,0.0,0.0,0.0,5.1875,182.66270446777344,159.16085815429688,188.16552734375
1549,-73.868986,40.86073,0.0,0.0,0.0,0.0,0.0,0.0,4.784971237182617,177.95811462402344,140.7813262939453,209.90553283691406
1550,-73.846768,40.863524,0.0,0.0,0.0,0.0,0.0,0.0,5.037858009338379,58.5633544921875,47.96773147583008,69.53455352783203
1551,-73.86276,40.822552,0.0,7.464435970369609e-13,0.0,0.0,0.0,0.0,5.2008585929870605,139.4610137939453,112.8386001586914,178.6488800048828
1552,-73.829211,40.82708,0.0,1.9613116979599,2.127395481998917e-11,0.0,0.0,0.0,4.726937294006348,47.75425720214844,64.56037902832031,51.07548141479492
1553,-73.86194,40.892198,0.0,0.0,0.0,0.0,0.0,0.0,5.051034450531006,176.23855590820312,177.7793426513672,223.52862548828125
1554,-73.866264,40.853075,0.0,0.0,0.0,0.0,0.0,0.0,4.5615386962890625,191.4958038330078,162.79931640625,243.3365478515625
1555,-73.854823,40.836974,3.7752022743225098,8.295686908802917e-43,5.418153447601937e-13,0.0,1.8123575448989868,0.0,5.295659065246582,174.44906616210938,167.16542053222656,198.7489776611328
1556,-73.868735,40.819221,0.0,0.0,0.0,0.0,0.0,0.0,5.563652515411377,96.8558120727539,74.25100708007812,141.3537139892578
1557,-73.8532,40.8547,0.0,0.0,0.0,0.0,0.0,0.0,5.110010147094727,57.187992095947266,53.10686111450195,61.75446701049805
1558,-73.918991,40.851661,2.928346584316066e-12,3.36026031087201e-24,0.0,0.0,0.0,0.0,5.353003025054932,184.97740173339844,133.02139282226562,236.70326232910156
1559,-73.900654,40.83447,0.0,0.0,8.695316060063074e-13,0.0,0.0,0.0,5.008196830749512,157.46302795410156,167.5228729248047,184.10887145996094
1560,-73.839288,40.884371,0.0,0.0,0.0,0.0,0.0,0.0,4.190082550048828,68.70314025878906,132.8016815185547,60.49241638183594
1561,-73.843977,40.88494,0.0,0.0,0.0,0.0,0.0,0.0,5.053616046905518,104.3122329711914,79.69784545898438,145.4218292236328
1562,-73.923297,40.834979,4.476384887763807e-11,2.2417556699849683e-10,0.0,0.0,2.198195645690751e-13,0.0,4.871794700622559,233.1527099609375,158.836669921875,305.79119873046875
1563,-73.909022,40.848552,0.0,8.781462222208757e-33,4.692826802068367e-14,0.0,0.0,0.0,5.026890754699707,259.8001708984375,189.85189819335938,318.13494873046875
1564,-73.892482,40.848702,0.0,0.0,0.0,0.0,6.566856916440642e-16,0.0,5.283555507659912,178.40313720703125,166.12889099121094,197.95547485351562
1565,-73.857392,40.828474,0.0,17.172012329101562,0.0,0.0,0.0,0.0,5.43248176574707,112.25376892089844,100.01930236816406,150.06272888183594
1566,-73.85051,40.866474,0.0,0.0,0.0,0.0,0.0,0.0,5.079967021942139,69.4036865234375,56.69643020629883,102.45625305175781
1567,-73.874162,40.824989,0.0,1.0419469106959234e-12,0.0,0.0,0.0,0.0,5.530405521392822,177.0686492919922,95.69742584228516,249.00074768066406
1568,-73.890145,40.843705,0.0,4.865868033056953e-18,0.0,0.0,0.0,0.0,5.610594749450684,145.3143768310547,141.93748474121094,152.45355224609375
1569,-73.9282,40.835866,0.0,0.0,0.0,0.0,3.5066876118700774e-21,0.0,4.2376909255981445,181.49546813964844,128.47036743164062,226.4010772705078
1570,-73.853203,40.838759,25.10093116760254,0.0,0.13096310198307037,0.0,1.8128443956375122,0.0,4.914789199829102,138.591064453125,147.57406616210938,153.55975341796875
1571,-73.900654,40.83447,0.0,0.0,8.695316060063074e-13,0.0,0.0,0.0,5.008196830749512,157.46302795410156,167.5228729248047,184.10887145996094
1572,-73.886721,40.846128,0.0,0.0,4.428373358678073e-05,0.0,0.0,0.0,5.291983127593994,153.67308044433594,144.4886932373047,176.2947540283203
1573,-73.901709,40.817742,6.773383937064281e-13,2.2207913398742676,0.0,0.0,0.0,0.0,3.40354323387146,151.34744262695312,129.90960693359375,170.0187225341797
1574,-73.859998,40.822925,0.0,9.76944870487162e-13,0.0,0.0,0.0,0.0,5.16954231262207,193.14085388183594,131.58665466308594,226.7125244140625
1575,-73.907133,40.832175,0.0,2.3746620989029132e-12,1.3869755224969055e-13,0.0,0.0,0.0,4.676363468170166,235.7589874267578,166.27816772460938,304.8746643066406
1576,-73.897943,40.841758,0.0,6.64460230619394e-33,0.0,0.0,0.0,0.0,5.194117546081543,149.525146484375,101.92671203613281,141.38197326660156
1577,-73.894241,40.831613,5.902733140627885e-18,0.0,1.9232199857731162e-14,0.0,0.0,0.0,5.200408935546875,127.81621551513672,99.8792495727539,156.29319763183594
1578,-73.853157,40.822288,0.0,1.2995847463607788,0.0,0.0,2.5480768536811915e-11,0.0,5.3782806396484375,83.75769805908203,110.4594497680664,93.87569427490234
1579,-73.907489,40.823318,0.0,2.69199744960813e-12,0.0,0.0,3.621656894683838,0.0,4.5433735847473145,212.20831298828125,174.92611694335938,243.5253143310547
1580,-73.914141,40.887407,0.0,0.0,0.0,0.0,0.0,0.0,5.088832378387451,123.87628173828125,151.79942321777344,175.42864990234375
1581,-73.836525,40.863842,0.0,0.0,0.0,0.0,0.0,0.0,5.139316082000732,51.926170349121094,81.96161651611328,53.84326171875
1582,-73.905734,40.824717,0.0,3.0016696593582193e-12,0.0,0.0,3.62374210357666,0.0,4.824213981628418,202.9082794189453,175.2761688232422,227.99375915527344
1583,-73.894349,40.82471,0.0,1.1017884016036987,0.0,0.0,0.0,0.0,4.292441368103027,126.09166717529297,139.5865478515625,123.2889633178711
1584,-73.880479,40.823941,0.0,0.13235847651958466,0.0,0.0,0.0,0.0,5.360908508300781,145.23861694335938,80.69999694824219,181.76309204101562
1585,-73.831669,40.874035,0.0,0.0,0.0,0.0,0.0,0.0,6.082653045654297,271.8035583496094,268.8381652832031,392.74859619140625
1586,-73.925459,40.808194,22.31871223449707,0.5787981152534485,2.56484317779541,0.0,28.800846099853516,0.0,5.200743675231934,175.42056274414062,117.36468505859375,225.03213500976562
1587,-73.908965,40.819419,0.0,1.1830996252126802e-12,0.0,0.0,0.0,0.0,4.156589031219482,167.79881286621094,151.56300354003906,204.06744384765625
1588,-73.893136,40.85568,0.0,0.0,0.0,0.0,9.300393971238902e-24,0.0,5.15200662612915,174.6412811279297,126.97701263427734,218.17678833007812
1589,-73.823816,40.864073,0.0,0.0,0.0,0.0,0.0,0.0,7.137614727020264,212.0466766357422,142.01646423339844,293.367431640625
1590,-73.905233,40.814168,0.0,0.8409414887428284,0.0,0.0,0.0,0.0,3.329690456390381,170.8280029296875,137.38034057617188,202.41400146484375
1591,-73.899005,40.8517,0.0,0.0,0.0,0.0,0.0,0.0,5.05009651184082,169.80270385742188,109.93743133544922,223.31503295898438
1592,-73.858773,40.818442,0.0,0.0,0.0,0.0,0.0,0.0,5.120300769805908,100.0868148803711,104.45610809326172,120.11685943603516
1593,-73.878731,40.869482,0.0,0.0,0.0,0.0,0.0,0.0,5.6227874755859375,171.61172485351562,142.32762145996094,215.66697692871094
1594,-73.839386,40.881344,0.0,0.0,0.0,0.0,0.0,0.0,3.367231607437134,65.3869400024414,76.40544891357422,73.94639587402344
1595,-73.913253,40.844367,0.0,11.388251304626465,0.0,0.0,0.0,0.0,5.155730724334717,185.19740295410156,115.87725830078125,249.45693969726562
1596,-73.78354,40.844353,0.0,0.0,0.0,0.0,0.0,0.0,3.7611939907073975,28.473604202270508,31.680850982666016,37.03289794921875
1597,-73.831669,40.874035,0.0,0.0,0.0,0.0,0.0,0.0,6.082653045654297,271.8035583496094,268.8381652832031,392.74859619140625
1598,-73.901859,40.83093,6.846461433538103e-17,1.6555375505818842e-13,0.0,0.0,0.029318271204829216,0.0,4.91037130355835,167.04124450683594,166.6725616455078,192.73487854003906
1599,-73.831669,40.874035,0.0,0.0,0.0,0.0,0.0,0.0,6.082653045654297,271.8035583496094,268.8381652832031,392.74859619140625
1600,-73.919773,40.80908,7.852444171905518,1.9050393207376004e-10,2.8975727558135986,0.0,11.507286071777344,0.0,3.8650646209716797,201.66372680664062,197.36412048339844,204.59104919433594
1601,-73.831669,40.874035,0.0,0.0,0.0,0.0,0.0,0.0,6.082653045654297,271.8035583496094,268.8381652832031,392.74859619140625
1602,-73.831669,40.874035,0.0,0.0,0.0,0.0,0.0,0.0,6.082653045654297,271.8035583496094,268.8381652832031,392.74859619140625
1603,-73.856976,40.818925,0.0,0.0,0.0,0.0,0.0,0.0,5.074489593505859,112.4015884399414,123.1025619506836,136.0800323486328
1604,-73.897394,40.823228,1.2363409991958396e-12,9.719800918989163e-13,0.0,0.0,0.0,0.0,3.667696952819824,161.25547790527344,152.856689453125,170.13800048828125
1605,-73.897797,40.831388,1.005762381473159e-13,0.0,0.0,0.0,3.6202797889709473,0.0,5.060849666595459,146.5443572998047,112.05160522460938,181.63662719726562
1606,-73.883877,40.850168,2.8898391723632812,0.0,0.9662388563156128,0.0,9.073973655700684,0.0,5.31842565536499,190.75033569335938,130.9751739501953,237.58131408691406
1607,-73.830616,40.882778,0.0,0.0,0.0,0.0,0.0,0.0,4.86260461807251,80.5268783569336,76.31686401367188,68.24561309814453
1608,-73.892784,40.836156,5.726250648498535,0.7951077222824097,7.904594947344412e-13,0.0,5.43123722076416,0.0,5.502091884613037,76.90702056884766,85.45523834228516,77.20803833007812
1609,-73.846594,40.83541,17.885025024414062,0.0,8.713535635251901e-07,0.0,1.9100103378295898,0.0,4.677255630493164,103.35929107666016,133.26292419433594,120.46261596679688
1610,-73.877305,40.830811,0.0,6.39126804526601e-15,0.0,0.0,0.0,0.0,5.190610408782959,207.9563446044922,190.27828979492188,232.78135681152344
1611,-73.877305,40.830811,0.0,6.39126804526601e-15,0.0,0.0,0.0,0.0,5.190610408782959,207.9563446044922,190.27828979492188,232.78135681152344
1612,-73.920826,40.843453,1.2163177409707515e-10,4.022091865539551,0.0,0.0,0.0,0.0,4.792683124542236,167.2189178466797,107.1213150024414,220.79115295410156
1613,-73.898265,40.823124,1.317143009244015e-12,9.21009687786245e-13,0.0,0.0,0.0,0.0,3.679938793182373,164.61663818359375,147.80990600585938,181.92919921875
1614,-73.902892,40.821723,0.0,1.9220597335944944e-12,0.0,0.0,3.614846706390381,0.0,4.322324752807617,167.37136840820312,130.59405517578125,202.9280548095703
1615,-73.915217,40.849416,5.454526246415064e-40,0.3533859848976135,9.255201116054922e-25,0.0,0.0,0.0,4.380434989929199,197.61802673339844,141.52537536621094,278.867919921875
1616,-73.881753,40.855759,0.0,0.0,0.0,0.0,0.0,0.0,4.921843528747559,202.43777465820312,185.7144317626953,247.8211669921875
1617,-73.906285,40.859534,0.0,0.0,0.0,0.0,0.0,0.0,4.9250288009643555,251.8189239501953,187.74197387695312,316.29193115234375
1618,-73.906197,40.878327,0.0,0.0,0.0,0.0,0.0,0.0,5.049746036529541,161.31163024902344,144.7786407470703,170.30189514160156
1619,-73.902892,40.821723,0.0,1.9220597335944944e-12,0.0,0.0,3.614846706390381,0.0,4.322324752807617,167.37136840820312,130.59405517578125,202.9280548095703
1620,-73.897635,40.856834,0.0,0.0,0.0,0.0,0.0,0.0,5.199999809265137,261.37628173828125,222.47982788085938,318.4764404296875
1621,-73.890145,40.843705,0.0,4.865868033056953e-18,0.0,0.0,0.0,0.0,5.610594749450684,145.3143768310547,141.93748474121094,152.45355224609375
1622,-73.912686,40.877379,0.0,0.0,0.0,0.0,0.0,0.0,5.322489261627197,156.2100067138672,193.90182495117188,194.4063720703125
1623,-73.879931,40.839297,8.799943196011184e-13,1.1471540927886963,0.0,0.0,0.0,0.0,5.037403583526611,123.01316833496094,97.51646423339844,159.29660034179688
1624,-73.903951,40.833493,0.0,2.224794133642849e-12,7.238533774114875e-13,0.0,0.0,0.0,4.576551914215088,219.91464233398438,220.457763671875,256.1396789550781
1625,-73.894368,40.822056,0.0,0.08628860861063004,0.0,0.0,0.0,0.0,4.1749348640441895,174.75146484375,152.205810546875,196.8812255859375
1626,-73.919571,40.835681,1.3174453195041735e-10,1.7381325545517967e-10,6.166059687579689e-14,0.0,8.043160592847293e-15,0.0,4.910009384155273,283.26190185546875,189.31825256347656,360.5580749511719
1627,-73.903951,40.833493,0.0,2.224794133642849e-12,7.238533774114875e-13,0.0,0.0,0.0,4.576551914215088,219.91464233398438,220.457763671875,256.1396789550781
1628,-73.920851,40.813612,1.3015985511621864e-10,4.25091552734375,0.0,0.0,5.006449356644016e-13,0.0,5.0293192863464355,228.1345977783203,235.14051818847656,237.01939392089844
1629,-73.920851,40.813612,1.3015985511621864e-10,4.25091552734375,0.0,0.0,5.006449356644016e-13,0.0,5.0293192863464355,228.1345977783203,235.14051818847656,237.01939392089844
1630,-73.918774,40.810314,2.767120361328125,1.0378905374031078e-10,9.559999369912475e-08,0.0,4.626882553100586,0.0,3.920152187347412,199.6115264892578,195.28692626953125,206.81146240234375
1631,-73.897404,40.854257,0.0,0.0,0.0,0.0,0.0,0.0,5.2628021240234375,215.26683044433594,194.6154327392578,250.1748809814453
1632,-73.916076,40.855822,0.0,0.0,0.019718026742339134,0.0,0.0,0.0,5.541802406311035,128.7932586669922,133.72251892089844,160.42434692382812
1633,-73.911366,40.839307,0.0,0.008377903141081333,2.8403882978284e-12,0.0,0.0,0.0,5.234096527099609,213.04551696777344,161.1188201904297,293.1348571777344
1634,-73.891562,40.860987,0.0,0.0,0.0,0.0,0.0,0.0,5.275806427001953,175.80511474609375,208.62686157226562,203.39927673339844
1635,-73.9216,40.8524,0.0,6.178584754934491e-09,0.0,0.0,0.0,0.0,6.482535362243652,196.6002197265625,150.42958068847656,238.29141235351562
1636,-73.897479,40.845366,0.0,0.0,0.0,0.0,0.0,0.0,5.422487258911133,132.17108154296875,118.07239532470703,89.97944641113281
1637,-73.915217,40.849416,5.454526246415064e-40,0.3533859848976135,9.255201116054922e-25,0.0,0.0,0.0,4.380434989929199,197.61802673339844,141.52537536621094,278.867919921875
1638,-73.925416,40.811562,0.13282454013824463,11.454723358154297,0.0,0.0,9.182450294494629,0.0,5.2593560218811035,203.7902374267578,173.7678680419922,249.09561157226562
1639,-73.909936,40.848907,0.0,5.75579119253078e-22,0.002720597432926297,0.0,0.0,0.0,4.964878082275391,247.4899444580078,185.310791015625,304.3857727050781
1640,-73.901565,40.875636,0.0,0.0,0.0,0.0,0.0,0.0,5.368990421295166,170.77792358398438,146.74468994140625,219.8374481201172
1641,-73.901774,40.839508,0.0,7.714912286490086e-14,0.0,0.0,0.0,0.0,4.859848499298096,164.7343292236328,161.22023010253906,155.24111938476562
1642,-73.878191,40.832508,0.0,7.193578923454704e-15,3.308649198802832e-13,1.8961637205587405e-15,0.0,0.0,5.229305267333984,190.42982482910156,175.84579467773438,215.06077575683594
1643,-73.888625,40.859466,0.0,0.0,0.0,0.0,0.0,0.0,5.6038689613342285,181.4720916748047,240.3992156982422,156.1788787841797
1644,-73.901565,40.875636,0.0,0.0,0.0,0.0,0.0,0.0,5.368990421295166,170.77792358398438,146.74468994140625,219.8374481201172
1645,-73.8953,40.865972,0.0,0.0,0.0,0.0,0.0,0.0,5.204373359680176,259.32037353515625,165.2119903564453,337.40142822265625
1646,-73.896925,40.827539,2.8783726692199707,8.014269315455985e-14,0.0,0.0,3.622905731201172,0.0,4.692941188812256,140.6220703125,119.90311431884766,175.500732421875
1647,-73.831669,40.874035,0.0,0.0,0.0,0.0,0.0,0.0,6.082653045654297,271.8035583496094,268.8381652832031,392.74859619140625
1648,-73.902794,40.833884,0.0,1.3694235632619178e-12,8.011331940720179e-13,0.0,0.0,0.0,4.705650329589844,197.4935302734375,214.47189331054688,219.33860778808594
1649,-73.890591,40.836245,5.750563144683838,1.3420404195785522,7.718123557799716e-13,0.0,5.435612201690674,0.0,5.252676486968994,120.4137954711914,119.56851196289062,127.98258209228516
1650,-73.901774,40.839508,0.0,7.714912286490086e-14,0.0,0.0,0.0,0.0,4.859848499298096,164.7343292236328,161.22023010253906,155.24111938476562
1651,-73.889878,40.858721,0.0,0.0,0.0,0.0,0.0,0.0,5.383788108825684,164.915283203125,211.25381469726562,164.30841064453125
1652,-73.858533,40.834025,0.0,17.581340789794922,8.235325941151339e-13,0.0,0.0,0.0,5.388500213623047,191.51705932617188,127.14459228515625,242.23243713378906
1653,-73.907528,40.810671,3.5524704456329346,1.5978487730026245,0.0,0.0,0.0,0.0,4.06485652923584,152.92654418945312,115.9039306640625,174.3621368408203
1654,-73.902794,40.833884,0.0,1.3694235632619178e-12,8.011331940720179e-13,0.0,0.0,0.0,4.705650329589844,197.4935302734375,214.47189331054688,219.33860778808594
1655,-73.901774,40.839508,0.0,7.714912286490086e-14,0.0,0.0,0.0,0.0,4.859848499298096,164.7343292236328,161.22023010253906,155.24111938476562
1656,-73.882487,40.855392,0.0,0.0,0.0,0.0,0.0,0.0,5.043310642242432,214.88832092285156,189.310302734375,266.5355224609375
1657,-73.861649,40.875172,0.0,0.0,0.0,0.0,0.0,0.0,4.330687999725342,90.76776885986328,110.25668334960938,116.60289001464844
1658,-73.900593,40.826933,2.8775992393493652,3.696928288672574e-13,0.0,0.0,6.098964214324951,0.0,4.82023811340332,163.90977478027344,165.37109375,167.1510009765625
1659,-73.897066,40.869061,0.0,0.0,0.0,0.0,0.0,0.0,5.2618184089660645,222.85382080078125,241.6002197265625,294.698974609375
1660,-73.892961,40.820388,0.0,0.28039461374282837,0.0,0.0,0.0,0.0,4.619718074798584,169.8372344970703,128.69815063476562,203.7362060546875
1661,-73.852714,40.888242,0.0,0.0,0.0,0.0,0.0,0.0,3.2035176753997803,80.1078872680664,59.87957000732422,100.80178833007812
1662,-73.887688,40.836821,3.0572229440054317e-24,1.424133062362671,6.184604694689511e-13,0.0,1.354905407424667e-06,0.0,5.292705535888672,177.13307189941406,138.2051239013672,206.48709106445312
1663,-73.888987,40.848748,0.0,0.0,0.00015008487389422953,0.0,3.5681904300329397e-35,0.0,5.379663944244385,170.96127319335938,138.9681854248047,202.768798828125
1664,-73.9216,40.8524,0.0,6.178584754934491e-09,0.0,0.0,0.0,0.0,6.482535362243652,196.6002197265625,150.42958068847656,238.29141235351562
1665,-73.861649,40.875172,0.0,0.0,0.0,0.0,0.0,0.0,4.330687999725342,90.76776885986328,110.25668334960938,116.60289001464844
1666,-73.913872,40.813385,8.631836891174316,0.0,9.111790488791627e-11,0.0,0.05399368330836296,0.0,5.271590709686279,173.42730712890625,157.56427001953125,191.1610870361328
1667,-73.904958,40.854666,0.0,0.0,0.0,0.0,0.0,0.0,4.797430992126465,233.16221618652344,186.53713989257812,273.9147644042969
1668,-73.881245,40.876819,0.0,0.0,0.0,0.0,0.0,0.0,5.4047417640686035,184.7082061767578,135.2523956298828,221.4023895263672
1669,-73.85607,40.815043,0.0,0.0,0.0,0.0,0.0,0.0,5.490453243255615,51.66725158691406,63.3635139465332,71.98890686035156
1670,-73.912686,40.877379,0.0,0.0,0.0,0.0,0.0,0.0,5.322489261627197,156.2100067138672,193.90182495117188,194.4063720703125
1671,-73.88654,40.831493,0.0,0.0,0.0,0.0,0.0,0.0,5.278846263885498,156.4594268798828,119.56224822998047,191.74203491210938
1672,-73.860126,40.880649,0.0,0.0,0.0,0.0,0.0,0.0,3.2530412673950195,96.36101531982422,71.35281372070312,121.78973388671875
1673,-73.860729,40.860443,0.0,0.0,0.0,0.0,0.0,0.0,4.949037551879883,99.7730712890625,129.11758422851562,112.21570587158203
1674,-73.861649,40.875172,0.0,0.0,0.0,0.0,0.0,0.0,4.330687999725342,90.76776885986328,110.25668334960938,116.60289001464844
1675,-73.909763,40.859243,0.0,0.0,0.0,0.0,0.0,0.0,5.0894856452941895,235.15342712402344,196.94570922851562,281.5726623535156
1676,-73.839583,40.839775,0.16013841331005096,0.0,0.00013246299931779504,0.0,1.932772159576416,0.0,5.608453750610352,56.881996154785156,132.1886444091797,51.36308670043945
1677,-73.915879,40.8404,0.0,0.012893399223685265,7.002714380588415e-11,0.0,0.0,0.0,5.2468695640563965,270.014404296875,185.85325622558594,337.5235900878906
1678,-73.905389,40.818703,0.0,3.1800499733503074e-12,0.0,0.0,0.0,0.0,3.5341506004333496,149.8659210205078,128.83746337890625,189.9731903076172
1679,-73.90392,40.827455,0.0,2.2616843294021027e-12,0.0,0.0,3.621791124343872,0.0,4.7449493408203125,218.50479125976562,200.96463012695312,240.0828399658203
1680,-73.905389,40.818703,0.0,3.1800499733503074e-12,0.0,0.0,0.0,0.0,3.5341506004333496,149.8659210205078,128.83746337890625,189.9731903076172
1681,-73.860729,40.860443,0.0,0.0,0.0,0.0,0.0,0.0,4.949037551879883,99.7730712890625,129.11758422851562,112.21570587158203
1682,-73.886721,40.846128,0.0,0.0,4.428373358678073e-05,0.0,0.0,0.0,5.291983127593994,153.67308044433594,144.4886932373047,176.2947540283203
1683,-73.906739,40.822291,0.0,3.034786614716789e-12,0.0,0.0,3.623595952987671,0.0,4.379652500152588,177.59181213378906,140.7545166015625,215.58392333984375
1684,-73.901599,40.816078,7.415921175757401e-13,2.734553813934326,0.0,0.0,0.0,0.0,3.495901584625244,201.49429321289062,160.02301025390625,243.37330627441406
1685,-73.915217,40.849416,5.454526246415064e-40,0.3533859848976135,9.255201116054922e-25,0.0,0.0,0.0,4.380434989929199,197.61802673339844,141.52537536621094,278.867919921875
1686,-73.829211,40.82708,0.0,1.9613116979599,2.127395481998917e-11,0.0,0.0,0.0,4.726937294006348,47.75425720214844,64.56037902832031,51.07548141479492
1687,-73.910827,40.850722,0.0,0.0,1.9319583177566528,0.0,0.0,0.0,4.856280326843262,203.04449462890625,154.8693389892578,255.14308166503906
1688,-73.901821,40.869142,0.0,0.0,0.0,0.0,0.0,0.0,4.926573276519775,206.6564483642578,116.8624496459961,278.10809326171875
1689,-73.878051,40.885428,0.0,0.0,0.0,0.0,0.0,0.0,5.034848690032959,253.69540405273438,102.65479278564453,331.52874755859375
1690,-73.918037,40.803052,22.153717041015625,1.3565636461376762e-11,0.14407971501350403,0.0,14.680890083312988,0.0,5.31489372253418,139.65968322753906,45.33913040161133,198.56910705566406
1691,-73.905547,40.872477,0.0,0.0,0.0,0.0,0.0,0.0,4.944514274597168,197.9354248046875,132.1967010498047,254.97830200195312
1692,-73.915879,40.8404,0.0,0.012893399223685265,7.002714380588415e-11,0.0,0.0,0.0,5.2468695640563965,270.014404296875,185.85325622558594,337.5235900878906
1693,-73.85593,40.821218,0.0,1.8642975662866798e-38,0.0,0.0,0.0,0.0,5.211723327636719,138.83177185058594,148.8953399658203,167.324951171875
1694,-73.904353,40.840536,0.0,1.0279559842230057e-10,0.0,0.0,0.0,0.0,5.091891765594482,117.40381622314453,141.87010192871094,78.75548553466797
1695,-73.886995,40.834188,3.013438572452287e-06,0.0,8.40442082247761e-13,0.0,6.2822635781673795e-31,0.0,5.129943370819092,172.5105438232422,116.80888366699219,226.18641662597656
1696,-73.900068,40.873659,0.0,0.0,0.0,0.0,0.0,0.0,5.364771366119385,204.90237426757812,161.6055450439453,276.5719909667969
1697,-73.886721,40.846128,0.0,0.0,4.428373358678073e-05,0.0,0.0,0.0,5.291983127593994,153.67308044433594,144.4886932373047,176.2947540283203
1698,-73.890145,40.843705,0.0,4.865868033056953e-18,0.0,0.0,0.0,0.0,5.610594749450684,145.3143768310547,141.93748474121094,152.45355224609375
1699,-73.893744,40.848385,0.0,0.0,0.0,0.0,0.0,0.0,5.273195743560791,190.3452606201172,170.58457946777344,210.47183227539062
1700,-73.839583,40.839775,0.16013841331005096,0.0,0.00013246299931779504,0.0,1.932772159576416,0.0,5.608453750610352,56.881996154785156,132.1886444091797,51.36308670043945
1701,-73.91435,40.832022,0.0,0.0,9.629444464032133e-11,0.0,0.0,0.0,5.206956386566162,239.7688446044922,186.98973083496094,293.1826477050781
1702,-73.917705,40.828009,11.52820110321045,0.0,7.605318458336896e-11,0.0,1.8071686029434204,0.0,5.192234992980957,265.60968017578125,218.05738830566406,325.6463317871094
1703,-73.865028,40.862098,0.0,0.0,0.0,0.0,0.0,0.0,3.7548747062683105,135.86489868164062,110.58979797363281,158.85708618164062
1704,-73.916084,40.842503,4.805095557558481e-12,4.542471885681152,3.02174951727352e-11,0.0,0.0,0.0,5.12098503112793,238.44911193847656,161.91493225097656,300.8792724609375
1705,-73.914067,40.827438,2.541955450158459e-35,0.0,9.38867872335436e-11,0.0,0.0,0.0,4.989729404449463,197.36351013183594,114.22096252441406,267.12286376953125
1706,-73.911366,40.839307,0.0,0.008377903141081333,2.8403882978284e-12,0.0,0.0,0.0,5.234096527099609,213.04551696777344,161.1188201904297,293.1348571777344
1707,-73.910827,40.850722,0.0,0.0,1.9319583177566528,0.0,0.0,0.0,4.856280326843262,203.04449462890625,154.8693389892578,255.14308166503906
1708,-73.898399,40.820108,1.3311681401270703e-12,0.6383723616600037,0.0,0.0,0.0,0.0,3.875,168.4327850341797,139.5801544189453,198.70614624023438
1709,-73.918774,40.810314,2.767120361328125,1.0378905374031078e-10,9.559999369912475e-08,0.0,4.626882553100586,0.0,3.920152187347412,199.6115264892578,195.28692626953125,206.81146240234375
1710,-73.874162,40.824989,0.0,1.0419469106959234e-12,0.0,0.0,0.0,0.0,5.530405521392822,177.0686492919922,95.69742584228516,249.00074768066406
1711,-73.904353,40.840536,0.0,1.0279559842230057e-10,0.0,0.0,0.0,0.0,5.091891765594482,117.40381622314453,141.87010192871094,78.75548553466797
1712,-73.897171,40.869407,0.0,0.0,0.0,0.0,0.0,0.0,5.252801895141602,234.32568359375,248.58555603027344,311.70928955078125
1713,-73.894368,40.822056,0.0,0.08628860861063004,0.0,0.0,0.0,0.0,4.1749348640441895,174.75146484375,152.205810546875,196.8812255859375
1714,-73.897066,40.869061,0.0,0.0,0.0,0.0,0.0,0.0,5.2618184089660645,222.85382080078125,241.6002197265625,294.698974609375
1715,-73.918774,40.810314,2.767120361328125,1.0378905374031078e-10,9.559999369912475e-08,0.0,4.626882553100586,0.0,3.920152187347412,199.6115264892578,195.28692626953125,206.81146240234375
1716,-73.891664,40.883049,0.0,0.0,0.0,0.0,0.0,0.0,5.1875,182.66270446777344,159.16085815429688,188.16552734375
1717,-73.885284,40.815827,0.0,3.07668017285323e-07,0.0,0.0,0.0,0.0,5.419822692871094,213.08404541015625,163.72000122070312,184.5852813720703
1718,-73.894368,40.822056,0.0,0.08628860861063004,0.0,0.0,0.0,0.0,4.1749348640441895,174.75146484375,152.205810546875,196.8812255859375
1719,-73.909955,40.880853,0.0,0.0,0.0,0.0,0.0,0.0,5.174552917480469,97.06546783447266,91.03043365478516,124.62776947021484
1720,-73.839583,40.839775,0.16013841331005096,0.0,0.00013246299931779504,0.0,1.932772159576416,0.0,5.608453750610352,56.881996154785156,132.1886444091797,51.36308670043945
1721,-73.839583,40.839775,0.16013841331005096,0.0,0.00013246299931779504,0.0,1.932772159576416,0.0,5.608453750610352,56.881996154785156,132.1886444091797,51.36308670043945
1722,-73.911366,40.839307,0.0,0.008377903141081333,2.8403882978284e-12,0.0,0.0,0.0,5.234096527099609,213.04551696777344,161.1188201904297,293.1348571777344
1723,-73.889011,40.879958,0.0,0.0,0.0,0.0,0.0,0.0,5.021791934967041,228.8283233642578,225.0513916015625,329.79400634765625
1724,-73.882531,40.840445,4.1408545971462207e-13,2.2208006381988525,0.0,0.0,0.0,0.0,5.028183937072754,143.9004364013672,114.96178436279297,186.7960662841797
1725,-73.889011,40.879958,0.0,0.0,0.0,0.0,0.0,0.0,5.021791934967041,228.8283233642578,225.0513916015625,329.79400634765625
1726,-73.839682,40.886002,0.0,0.0,0.0,0.0,0.0,0.0,5.1455159187316895,76.17205047607422,142.562255859375,57.426265716552734
1727,-73.863733,40.854423,0.0,0.0,0.0,0.0,0.0,0.0,3.884225845336914,195.09359741210938,164.50308227539062,249.88050842285156
1728,-73.912039,40.816974,5.746021747589111,0.0,2.5773858741695577e-11,0.0,1.8113844394683838,0.0,4.017391204833984,136.77316284179688,135.09327697753906,151.86187744140625
1729,-73.902214,40.874717,0.0,0.0,0.0,0.0,0.0,0.0,5.3377885818481445,195.92002868652344,154.57870483398438,257.4896545410156
1730,-73.927892,40.838232,0.0,0.0,0.0,0.0,0.0,0.0,4.415770530700684,195.6497344970703,138.4175567626953,230.77435302734375
1731,-73.877274,40.822522,0.0,6.28804733976418e-13,0.0,0.0,0.0,0.0,5.39191198348999,152.93446350097656,95.66191864013672,206.1648406982422
1732,-73.90049,40.859496,0.0,0.0,0.0,0.0,0.0,0.0,4.997326374053955,273.5258483886719,221.44459533691406,328.9420166015625
1733,-73.925459,40.808194,22.31871223449707,0.5787981152534485,2.56484317779541,0.0,28.800846099853516,0.0,5.200743675231934,175.42056274414062,117.36468505859375,225.03213500976562
1734,-73.915217,40.849416,5.454526246415064e-40,0.3533859848976135,9.255201116054922e-25,0.0,0.0,0.0,4.380434989929199,197.61802673339844,141.52537536621094,278.867919921875
1735,-73.85607,40.815043,0.0,0.0,0.0,0.0,0.0,0.0,5.490453243255615,51.66725158691406,63.3635139465332,71.98890686035156
1736,-73.913694,40.877935,0.0,0.0,0.0,0.0,0.0,0.0,5.150074481964111,125.10318756103516,176.24598693847656,157.15159606933594
1737,-73.919773,40.80908,7.852444171905518,1.9050393207376004e-10,2.8975727558135986,0.0,11.507286071777344,0.0,3.8650646209716797,201.66372680664062,197.36412048339844,204.59104919433594
1738,-73.860126,40.880649,0.0,0.0,0.0,0.0,0.0,0.0,3.2530412673950195,96.36101531982422,71.35281372070312,121.78973388671875
1739,-73.818083,40.826794,2.200987864853232e-06,0.0,0.9672791957855225,0.0,12.679688453674316,0.0,4.6540446281433105,50.59011459350586,55.85375213623047,56.104652404785156
1740,-73.888625,40.859466,0.0,0.0,0.0,0.0,0.0,0.0,5.6038689613342285,181.4720916748047,240.3992156982422,156.1788787841797
1741,-73.85607,40.815043,0.0,0.0,0.0,0.0,0.0,0.0,5.490453243255615,51.66725158691406,63.3635139465332,71.98890686035156
1742,-73.85593,40.821218,0.0,1.8642975662866798e-38,0.0,0.0,0.0,0.0,5.211723327636719,138.83177185058594,148.8953399658203,167.324951171875
1743,-73.85593,40.821218,0.0,1.8642975662866798e-38,0.0,0.0,0.0,0.0,5.211723327636719,138.83177185058594,148.8953399658203,167.324951171875
1744,-73.857989,40.845023,20.28912925720215,0.0,0.0,0.0,0.0,0.0,4.6614508628845215,82.97272491455078,125.83766174316406,76.95746612548828
1745,-73.905389,40.818703,0.0,3.1800499733503074e-12,0.0,0.0,0.0,0.0,3.5341506004333496,149.8659210205078,128.83746337890625,189.9731903076172
1746,-73.914067,40.827438,2.541955450158459e-35,0.0,9.38867872335436e-11,0.0,0.0,0.0,4.989729404449463,197.36351013183594,114.22096252441406,267.12286376953125
1747,-73.919949,40.818645,1.3241278906672704e-10,10.788494110107422,0.0,0.0,3.553877027731578e-13,0.0,4.70405387878418,230.3593292236328,245.42495727539062,232.9171142578125
1748,-73.879931,40.839297,8.799943196011184e-13,1.1471540927886963,0.0,0.0,0.0,0.0,5.037403583526611,123.01316833496094,97.51646423339844,159.29660034179688
1749,-73.903139,40.855337,0.0,0.0,0.0,0.0,0.0,0.0,4.92011833190918,263.6340637207031,205.57533264160156,318.2862854003906
1750,-73.919316,40.812804,1.3011471067247982e-10,1.6045394179986516e-10,1.5412394667804752e-12,0.0,1.3417073712902045e-13,0.0,4.7253947257995605,203.76719665527344,221.2627410888672,198.41055297851562
1751,-73.878191,40.832508,0.0,7.193578923454704e-15,3.308649198802832e-13,1.8961637205587405e-15,0.0,0.0,5.229305267333984,190.42982482910156,175.84579467773438,215.06077575683594
1752,-73.922527,40.823014,20.057226181030273,2.874128990359992e-10,3.8691165447235107,0.0,1.6368443965911865,0.0,5.120495319366455,249.1077423095703,194.49249267578125,313.5748291015625
1753,-73.913016,40.854335,0.0,0.0,6.803915023803711,0.0,0.0,0.0,4.848360538482666,187.7228240966797,155.9727020263672,231.46507263183594
1754,-73.897404,40.854257,0.0,0.0,0.0,0.0,0.0,0.0,5.2628021240234375,215.26683044433594,194.6154327392578,250.1748809814453
1755,-73.818083,40.826794,2.200987864853232e-06,0.0,0.9672791957855225,0.0,12.679688453674316,0.0,4.6540446281433105,50.59011459350586,55.85375213623047,56.104652404785156
1756,-73.912038,40.814857,5.766043186187744,0.0,2.5885807386494264e-11,0.0,1.8128446340560913,0.0,4.613333225250244,168.6740264892578,135.44529724121094,198.7674560546875
1757,-73.92115,40.806389,43.26519775390625,2.348407579511047e-10,7.72160530090332,0.0,26.365861892700195,0.0,4.716004848480225,182.26370239257812,117.41202545166016,218.7738037109375
1758,-73.910421,40.821682,0.0,0.0,0.0,0.0,0.0,0.0,4.404816627502441,206.8710479736328,154.5127716064453,256.6534729003906
1759,-73.913016,40.854335,0.0,0.0,6.803915023803711,0.0,0.0,0.0,4.848360538482666,187.7228240966797,155.9727020263672,231.46507263183594
1760,-73.912686,40.877379,0.0,0.0,0.0,0.0,0.0,0.0,5.322489261627197,156.2100067138672,193.90182495117188,194.4063720703125
1761,-73.875451,40.872455,0.0,0.0,0.0,0.0,0.0,0.0,5.825788974761963,192.5441131591797,152.81024169921875,222.8368377685547
1762,-73.90392,40.827455,0.0,2.2616843294021027e-12,0.0,0.0,3.621791124343872,0.0,4.7449493408203125,218.50479125976562,200.96463012695312,240.0828399658203
1763,-73.839583,40.839775,0.16013841331005096,0.0,0.00013246299931779504,0.0,1.932772159576416,0.0,5.608453750610352,56.881996154785156,132.1886444091797,51.36308670043945
1764,-73.919913,40.81264,1.3336592941115555e-10,1.4783671758777928e-05,0.0,0.0,8.936015547078568e-06,0.0,4.717852592468262,210.6721649169922,219.5748748779297,212.63731384277344
1765,-73.911366,40.839307,0.0,0.008377903141081333,2.8403882978284e-12,0.0,0.0,0.0,5.234096527099609,213.04551696777344,161.1188201904297,293.1348571777344
1766,-73.911366,40.839307,0.0,0.008377903141081333,2.8403882978284e-12,0.0,0.0,0.0,5.234096527099609,213.04551696777344,161.1188201904297,293.1348571777344
1767,-73.864438,40.851577,0.0,0.0,0.0,0.0,8.223807936511122e-19,0.0,4.470660209655762,150.4413299560547,119.19999694824219,207.82101440429688
1768,-73.919597,40.839503,1.3171970458802917e-10,1.7609370905891097e-10,4.318559534500013e-14,0.0,0.0,0.0,4.997901439666748,192.89849853515625,121.21076965332031,243.31712341308594
1769,-73.843013,40.856531,0.0,0.0,0.0,0.0,0.0,0.0,5.094454288482666,98.22310638427734,99.07115936279297,123.09893798828125
1770,-73.885284,40.815827,0.0,3.07668017285323e-07,0.0,0.0,0.0,0.0,5.419822692871094,213.08404541015625,163.72000122070312,184.5852813720703
1771,-73.92996,40.815712,9.575461387634277,10.397357940673828,0.005432339385151863,0.3581763803958893,0.35546407103538513,0.0,5.164705753326416,43.707069396972656,87.6940689086914,39.98484802246094
1772,-73.911708,40.853728,0.0,0.0,8.686806678771973,0.0,0.0,0.0,4.491338729858398,196.42173767089844,163.57142639160156,239.33619689941406
1773,-73.85593,40.821218,0.0,1.8642975662866798e-38,0.0,0.0,0.0,0.0,5.211723327636719,138.83177185058594,148.8953399658203,167.324951171875
1774,-73.897066,40.869061,0.0,0.0,0.0,0.0,0.0,0.0,5.2618184089660645,222.85382080078125,241.6002197265625,294.698974609375
1775,-73.888625,40.859466,0.0,0.0,0.0,0.0,0.0,0.0,5.6038689613342285,181.4720916748047,240.3992156982422,156.1788787841797
1776,-73.888625,40.859466,0.0,0.0,0.0,0.0,0.0,0.0,5.6038689613342285,181.4720916748047,240.3992156982422,156.1788787841797
1777,-73.888625,40.859466,0.0,0.0,0.0,0.0,0.0,0.0,5.6038689613342285,181.4720916748047,240.3992156982422,156.1788787841797
1778,-73.888625,40.859466,0.0,0.0,0.0,0.0,0.0,0.0,5.6038689613342285,181.4720916748047,240.3992156982422,156.1788787841797
1779,-73.889011,40.879958,0.0,0.0,0.0,0.0,0.0,0.0,5.021791934967041,228.8283233642578,225.0513916015625,329.79400634765625
1780,-73.897066,40.869061,0.0,0.0,0.0,0.0,0.0,0.0,5.2618184089660645,222.85382080078125,241.6002197265625,294.698974609375
1781,-73.917526,40.831873,0.00013461822527460754,0.0,8.012112501232238e-11,0.0,0.0,0.0,5.190395832061768,254.16883850097656,180.18087768554688,321.9368591308594
1782,-73.889011,40.879958,0.0,0.0,0.0,0.0,0.0,0.0,5.021791934967041,228.8283233642578,225.0513916015625,329.79400634765625
1783,-73.898265,40.823124,1.317143009244015e-12,9.21009687786245e-13,0.0,0.0,0.0,0.0,3.679938793182373,164.61663818359375,147.80990600585938,181.92919921875
1784,-73.903139,40.855337,0.0,0.0,0.0,0.0,0.0,0.0,4.92011833190918,263.6340637207031,205.57533264160156,318.2862854003906
1785,-73.859998,40.822925,0.0,9.76944870487162e-13,0.0,0.0,0.0,0.0,5.16954231262207,193.14085388183594,131.58665466308594,226.7125244140625
1786,-73.917705,40.828009,11.52820110321045,0.0,7.605318458336896e-11,0.0,1.8071686029434204,0.0,5.192234992980957,265.60968017578125,218.05738830566406,325.6463317871094
1787,-73.85593,40.821218,0.0,1.8642975662866798e-38,0.0,0.0,0.0,0.0,5.211723327636719,138.83177185058594,148.8953399658203,167.324951171875
1788,-73.917705,40.828009,11.52820110321045,0.0,7.605318458336896e-11,0.0,1.8071686029434204,0.0,5.192234992980957,265.60968017578125,218.05738830566406,325.6463317871094
1789,-73.831669,40.874035,0.0,0.0,0.0,0.0,0.0,0.0,6.082653045654297,271.8035583496094,268.8381652832031,392.74859619140625
1790,-73.917526,40.831873,0.00013461822527460754,0.0,8.012112501232238e-11,0.0,0.0,0.0,5.190395832061768,254.16883850097656,180.18087768554688,321.9368591308594
1791,-73.885081,40.833595,0.0,0.0,7.480781402322001e-13,0.0,0.0,0.0,5.573192119598389,170.88058471679688,109.18245697021484,221.52508544921875
1792,-73.910426,40.875161,0.0,0.0,0.0,0.0,0.0,0.0,5.217129230499268,178.69403076171875,102.47610473632812,242.87098693847656
1793,-73.929797,40.834599,2.2094448407744916e-31,0.0,1.2232596773153613e-15,0.0,5.486128330230713,0.0,4.5017008781433105,147.9726104736328,97.67893981933594,181.70562744140625
1794,-73.830616,40.882778,0.0,0.0,0.0,0.0,0.0,0.0,4.86260461807251,80.5268783569336,76.31686401367188,68.24561309814453
1795,-73.900121,40.828406,2.876054286956787,0.0,0.0,0.0,7.253326892852783,0.0,4.872365474700928,164.6133575439453,152.29611206054688,184.6790771484375
1796,-73.859998,40.822925,0.0,9.76944870487162e-13,0.0,0.0,0.0,0.0,5.16954231262207,193.14085388183594,131.58665466308594,226.7125244140625
1797,-73.927397,40.820298,14.146591186523438,5.430938243865967,0.79859858751297,3.7541917491390464e-11,5.441457748413086,0.0,4.047904014587402,84.98100280761719,181.1149139404297,86.88715362548828
1798,-73.818083,40.826794,2.200987864853232e-06,0.0,0.9672791957855225,0.0,12.679688453674316,0.0,4.6540446281433105,50.59011459350586,55.85375213623047,56.104652404785156
1799,-73.865028,40.862098,0.0,0.0,0.0,0.0,0.0,0.0,3.7548747062683105,135.86489868164062,110.58979797363281,158.85708618164062
1800,-73.911366,40.839307,0.0,0.008377903141081333,2.8403882978284e-12,0.0,0.0,0.0,5.234096527099609,213.04551696777344,161.1188201904297,293.1348571777344
1801,-73.917417,40.809023,2.876826524734497,0.0,0.31738486886024475,0.0,3.5286521911621094,0.0,3.820866107940674,201.21060180664062,170.7762908935547,224.7367401123047
1802,-73.929949,40.816245,9.021385192871094,9.333502769470215,0.015487197786569595,12.125785827636719,1.250478744506836,0.0,5.08070182800293,51.69108200073242,121.2162857055664,48.901275634765625
1803,-73.911633,40.818041,1.1224784657315467e-08,0.0,8.678877928824935e-12,0.0,1.8143069744110107,0.0,4.062294960021973,153.42628479003906,139.63169860839844,167.801025390625
1804,-73.912686,40.877379,0.0,0.0,0.0,0.0,0.0,0.0,5.322489261627197,156.2100067138672,193.90182495117188,194.4063720703125
1805,-73.878191,40.832508,0.0,7.193578923454704e-15,3.308649198802832e-13,1.8961637205587405e-15,0.0,0.0,5.229305267333984,190.42982482910156,175.84579467773438,215.06077575683594
1806,-73.900593,40.826933,2.8775992393493652,3.696928288672574e-13,0.0,0.0,6.098964214324951,0.0,4.82023811340332,163.90977478027344,165.37109375,167.1510009765625
1807,-73.898265,40.823124,1.317143009244015e-12,9.21009687786245e-13,0.0,0.0,0.0,0.0,3.679938793182373,164.61663818359375,147.80990600585938,181.92919921875
1808,-73.865498,40.843531,11.546534538269043,0.0,0.0,0.0,0.0,0.0,4.521683692932129,130.30332946777344,112.861572265625,129.92576599121094
1809,-73.900593,40.826933,2.8775992393493652,3.696928288672574e-13,0.0,0.0,6.098964214324951,0.0,4.82023811340332,163.90977478027344,165.37109375,167.1510009765625
1810,-73.854402,40.901436,0.0,0.0,0.0,0.0,0.0,0.0,4.33937406539917,68.30436706542969,49.33185577392578,84.32174682617188
1811,-73.836525,40.863842,0.0,0.0,0.0,0.0,0.0,0.0,5.139316082000732,51.926170349121094,81.96161651611328,53.84326171875
1812,-73.925045,40.820059,10.716726303100586,8.059013366699219,5.238325506869146e-14,0.0,0.0030191915575414896,0.0,4.406976699829102,163.76300048828125,161.27516174316406,192.2813262939453
1813,-73.901599,40.816078,7.415921175757401e-13,2.734553813934326,0.0,0.0,0.0,0.0,3.495901584625244,201.49429321289062,160.02301025390625,243.37330627441406
1814,-73.823816,40.864073,0.0,0.0,0.0,0.0,0.0,0.0,7.137614727020264,212.0466766357422,142.01646423339844,293.367431640625
1815,-73.906403,40.829793,0.0,2.5437215268181435e-12,0.0,0.0,0.0,0.0,4.87827205657959,198.05282592773438,154.87716674804688,249.17955017089844
1816,-73.912557,40.807916,13.334478378295898,1.112789511680603,5.910560235689033e-11,0.0,0.0,0.0,4.215267181396484,171.12139892578125,102.512939453125,219.59788513183594
1817,-73.904223,40.818069,0.0,2.887016580660484e-12,0.0,0.0,0.0,0.0,3.440613031387329,170.2471466064453,156.39476013183594,200.54513549804688
1818,-73.925995,40.813681,0.0,19.267711639404297,0.0,0.0,1.2333189260971267e-05,0.0,5.163375377655029,209.56800842285156,150.18360900878906,251.05043029785156
1819,-73.90497,40.835934,0.0,2.5351517760063835e-12,8.258545756978375e-13,0.0,0.0,0.0,4.627476692199707,235.0060272216797,179.88645935058594,309.77398681640625
1820,-73.911633,40.818041,1.1224784657315467e-08,0.0,8.678877928824935e-12,0.0,1.8143069744110107,0.0,4.062294960021973,153.42628479003906,139.63169860839844,167.801025390625
1821,-73.843013,40.856531,0.0,0.0,0.0,0.0,0.0,0.0,5.094454288482666,98.22310638427734,99.07115936279297,123.09893798828125
1822,-73.908773,40.814952,2.07951075026358e-06,1.3247806714480892e-12,0.0,0.0,6.113839885063473e-23,0.0,3.8736000061035156,187.77403259277344,135.69073486328125,244.81851196289062
1823,-73.857989,40.845023,20.28912925720215,0.0,0.0,0.0,0.0,0.0,4.6614508628845215,82.97272491455078,125.83766174316406,76.95746612548828
1824,-73.912038,40.814857,5.766043186187744,0.0,2.5885807386494264e-11,0.0,1.8128446340560913,0.0,4.613333225250244,168.6740264892578,135.44529724121094,198.7674560546875
1825,-73.919024,40.827461,14.415142059326172,1.1909481734129201e-10,1.711537161996901e-11,0.0,1.8123575448989868,0.0,5.0239362716674805,275.3574523925781,221.64064025878906,322.910400390625
1826,-73.860729,40.860443,0.0,0.0,0.0,0.0,0.0,0.0,4.949037551879883,99.7730712890625,129.11758422851562,112.21570587158203
1827,-73.860729,40.860443,0.0,0.0,0.0,0.0,0.0,0.0,4.949037551879883,99.7730712890625,129.11758422851562,112.21570587158203
1828,-73.890591,40.836245,5.750563144683838,1.3420404195785522,7.718123557799716e-13,0.0,5.435612201690674,0.0,5.252676486968994,120.4137954711914,119.56851196289062,127.98258209228516
1829,-73.852714,40.888242,0.0,0.0,0.0,0.0,0.0,0.0,3.2035176753997803,80.1078872680664,59.87957000732422,100.80178833007812
1830,-73.852714,40.888242,0.0,0.0,0.0,0.0,0.0,0.0,3.2035176753997803,80.1078872680664,59.87957000732422,100.80178833007812
1831,-73.903951,40.833493,0.0,2.224794133642849e-12,7.238533774114875e-13,0.0,0.0,0.0,4.576551914215088,219.91464233398438,220.457763671875,256.1396789550781
1832,-73.878191,40.832508,0.0,7.193578923454704e-15,3.308649198802832e-13,1.8961637205587405e-15,0.0,0.0,5.229305267333984,190.42982482910156,175.84579467773438,215.06077575683594
1833,-73.919949,40.818645,1.3241278906672704e-10,10.788494110107422,0.0,0.0,3.553877027731578e-13,0.0,4.70405387878418,230.3593292236328,245.42495727539062,232.9171142578125
1834,-73.882487,40.855392,0.0,0.0,0.0,0.0,0.0,0.0,5.043310642242432,214.88832092285156,189.310302734375,266.5355224609375
1835,-73.902969,40.84325,0.0,0.5601872205734253,0.0,0.0,0.0,0.0,4.936590671539307,94.86247253417969,72.45790100097656,114.38624572753906
1836,-73.922366,40.821828,11.376226425170898,0.6161865592002869,0.028877606615424156,0.0,5.958967585865949e-13,0.0,5.002490520477295,255.7056427001953,201.39353942871094,331.33355712890625
1837,-73.839682,40.886002,0.0,0.0,0.0,0.0,0.0,0.0,5.1455159187316895,76.17205047607422,142.562255859375,57.426265716552734
1838,-73.897876,40.817741,1.2962334114061114e-12,3.519542932510376,0.0,0.0,0.0,0.0,4.3553056716918945,150.3182373046875,114.56828308105469,189.14862060546875
1839,-73.866038,40.838151,9.50706852652361e-13,3.0872881412506104,6.817506628675751e-14,0.0,0.0,0.0,5.206632614135742,170.67861938476562,121.75394439697266,220.09756469726562
1840,-73.839682,40.886002,0.0,0.0,0.0,0.0,0.0,0.0,5.1455159187316895,76.17205047607422,142.562255859375,57.426265716552734
1841,-73.90557,40.812075,0.0,1.2687770128250122,0.0,0.0,0.0,0.0,3.628333330154419,157.38035583496094,138.6653594970703,169.57632446289062
1842,-73.893236,40.861316,0.0,0.0,0.0,0.0,0.0,0.0,5.151320934295654,209.640380859375,203.18687438964844,233.87283325195312
1843,-73.866038,40.838151,9.50706852652361e-13,3.0872881412506104,6.817506628675751e-14,0.0,0.0,0.0,5.206632614135742,170.67861938476562,121.75394439697266,220.09756469726562
1844,-73.881187,40.820486,0.0,0.6460975408554077,0.0,0.0,0.0,0.0,5.4410080909729,118.0,42.71246337890625,157.52597045898438
1845,-73.843013,40.856531,0.0,0.0,0.0,0.0,0.0,0.0,5.094454288482666,98.22310638427734,99.07115936279297,123.09893798828125
1846,-73.912686,40.877379,0.0,0.0,0.0,0.0,0.0,0.0,5.322489261627197,156.2100067138672,193.90182495117188,194.4063720703125
1847,-73.860729,40.860443,0.0,0.0,0.0,0.0,0.0,0.0,4.949037551879883,99.7730712890625,129.11758422851562,112.21570587158203
1848,-73.90392,40.827455,0.0,2.2616843294021027e-12,0.0,0.0,3.621791124343872,0.0,4.7449493408203125,218.50479125976562,200.96463012695312,240.0828399658203
1849,-73.861649,40.875172,0.0,0.0,0.0,0.0,0.0,0.0,4.330687999725342,90.76776885986328,110.25668334960938,116.60289001464844
1850,-73.861649,40.875172,0.0,0.0,0.0,0.0,0.0,0.0,4.330687999725342,90.76776885986328,110.25668334960938,116.60289001464844
1851,-73.912686,40.877379,0.0,0.0,0.0,0.0,0.0,0.0,5.322489261627197,156.2100067138672,193.90182495117188,194.4063720703125
1852,-73.922366,40.821828,11.376226425170898,0.6161865592002869,0.028877606615424156,0.0,5.958967585865949e-13,0.0,5.002490520477295,255.7056427001953,201.39353942871094,331.33355712890625
1853,-73.897066,40.869061,0.0,0.0,0.0,0.0,0.0,0.0,5.2618184089660645,222.85382080078125,241.6002197265625,294.698974609375
1854,-73.878191,40.832508,0.0,7.193578923454704e-15,3.308649198802832e-13,1.8961637205587405e-15,0.0,0.0,5.229305267333984,190.42982482910156,175.84579467773438,215.06077575683594
1855,-73.925995,40.813681,0.0,19.267711639404297,0.0,0.0,1.2333189260971267e-05,0.0,5.163375377655029,209.56800842285156,150.18360900878906,251.05043029785156
1856,-73.912686,40.877379,0.0,0.0,0.0,0.0,0.0,0.0,5.322489261627197,156.2100067138672,193.90182495117188,194.4063720703125
1857,-73.921888,40.808703,28.296955108642578,2.4718771474141477e-10,4.878270626068115,0.0,20.20726776123047,0.0,4.50288200378418,201.4642333984375,182.81654357910156,227.31556701660156
1858,-73.916084,40.842503,4.805095557558481e-12,4.542471885681152,3.02174951727352e-11,0.0,0.0,0.0,5.12098503112793,238.44911193847656,161.91493225097656,300.8792724609375
1859,-73.865028,40.862098,0.0,0.0,0.0,0.0,0.0,0.0,3.7548747062683105,135.86489868164062,110.58979797363281,158.85708618164062
1860,-73.907528,40.810671,3.5524704456329346,1.5978487730026245,0.0,0.0,0.0,0.0,4.06485652923584,152.92654418945312,115.9039306640625,174.3621368408203
1861,-73.839583,40.839775,0.16013841331005096,0.0,0.00013246299931779504,0.0,1.932772159576416,0.0,5.608453750610352,56.881996154785156,132.1886444091797,51.36308670043945
1862,-73.85593,40.821218,0.0,1.8642975662866798e-38,0.0,0.0,0.0,0.0,5.211723327636719,138.83177185058594,148.8953399658203,167.324951171875
1863,-73.857882,40.829153,0.0,17.161418914794922,0.0,0.0,0.0,0.0,5.363981246948242,119.94039154052734,106.50592803955078,161.1047821044922
1864,-73.911366,40.839307,0.0,0.008377903141081333,2.8403882978284e-12,0.0,0.0,0.0,5.234096527099609,213.04551696777344,161.1188201904297,293.1348571777344
1865,-73.882487,40.855392,0.0,0.0,0.0,0.0,0.0,0.0,5.043310642242432,214.88832092285156,189.310302734375,266.5355224609375
1866,-73.836525,40.863842,0.0,0.0,0.0,0.0,0.0,0.0,5.139316082000732,51.926170349121094,81.96161651611328,53.84326171875
1867,-73.853203,40.838759,25.10093116760254,0.0,0.13096310198307037,0.0,1.8128443956375122,0.0,4.914789199829102,138.591064453125,147.57406616210938,153.55975341796875
1868,-73.909022,40.848552,0.0,8.781462222208757e-33,4.692826802068367e-14,0.0,0.0,0.0,5.026890754699707,259.8001708984375,189.85189819335938,318.13494873046875
1869,-73.864154,40.845897,23.021648406982422,0.0,0.0,0.0,3.6208248138427734,0.0,4.319092273712158,135.02833557128906,141.70664978027344,128.7127227783203
1870,-73.908399,40.828578,0.0,1.6750631914516645e-12,0.0,0.0,0.0,0.0,4.973462104797363,168.93695068359375,101.781005859375,222.42672729492188
1871,-73.923738,40.843378,1.9122448416397653e-11,3.7980868816375732,0.0,0.0,0.0,0.0,4.935601234436035,197.5430450439453,131.80056762695312,259.9434509277344
1872,-73.859622,40.826949,0.0,7.781333923339844,0.0,0.0,0.0,0.0,5.238554000854492,96.13722229003906,80.96297454833984,120.73974609375
1873,-73.912038,40.814857,5.766043186187744,0.0,2.5885807386494264e-11,0.0,1.8128446340560913,0.0,4.613333225250244,168.6740264892578,135.44529724121094,198.7674560546875
1874,-73.919979,40.813077,1.3370543561208592e-10,0.2886953353881836,0.0,0.0,3.6610607124024086e-13,0.0,4.8305487632751465,215.3294677734375,223.34738159179688,220.4992218017578
1875,-73.909565,40.818945,0.0,1.754013329979126e-13,0.0,0.0,2.2745013921481915e-36,0.0,4.257503986358643,168.2097625732422,147.53175354003906,203.92469787597656
1876,-73.900121,40.828406,2.876054286956787,0.0,0.0,0.0,7.253326892852783,0.0,4.872365474700928,164.6133575439453,152.29611206054688,184.6790771484375
1877,-73.923271,40.823885,20.110774993896484,2.565389844999544e-10,3.858729839324951,0.0,1.8167495727539062,0.0,5.1461286544799805,261.9573974609375,209.5860595703125,331.5816650390625
1878,-73.862924,40.888351,0.0,0.0,0.0,0.0,0.0,0.0,4.978753566741943,125.12882232666016,91.6489486694336,171.03623962402344
1879,-73.907295,40.880738,0.0,0.0,0.0,0.0,0.0,0.0,4.947368621826172,166.87477111816406,135.80323791503906,182.35321044921875
1880,-73.914067,40.827438,2.541955450158459e-35,0.0,9.38867872335436e-11,0.0,0.0,0.0,4.989729404449463,197.36351013183594,114.22096252441406,267.12286376953125
1881,-73.914067,40.827438,2.541955450158459e-35,0.0,9.38867872335436e-11,0.0,0.0,0.0,4.989729404449463,197.36351013183594,114.22096252441406,267.12286376953125
1882,-73.889602,40.846205,0.0,0.0,0.0,0.0,0.0,0.0,5.388888835906982,170.98426818847656,187.470458984375,164.48243713378906
1883,-73.831669,40.874035,0.0,0.0,0.0,0.0,0.0,0.0,6.082653045654297,271.8035583496094,268.8381652832031,392.74859619140625
1884,-73.878191,40.832508,0.0,7.193578923454704e-15,3.308649198802832e-13,1.8961637205587405e-15,0.0,0.0,5.229305267333984,190.42982482910156,175.84579467773438,215.06077575683594
1885,-73.891086,40.842564,0.0,1.1512895822525024,0.0,0.0,0.0,0.0,5.686612606048584,139.75750732421875,131.62815856933594,152.6098175048828
1886,-73.887345,40.851395,0.0,0.0,0.00039816106436774135,0.0,3.5929114818573,0.0,5.451230049133301,193.4715576171875,142.80397033691406,242.98809814453125
1887,-73.919949,40.818645,1.3241278906672704e-10,10.788494110107422,0.0,0.0,3.553877027731578e-13,0.0,4.70405387878418,230.3593292236328,245.42495727539062,232.9171142578125
1888,-73.88819,40.820102,0.0,0.560808539390564,0.0,0.0,0.0,0.0,5.178226470947266,175.8612823486328,95.97077941894531,231.9257049560547
1889,-73.890918,40.817257,0.0,0.5607689023017883,0.0,0.0,0.0,0.0,5.390717506408691,133.34169006347656,122.22578430175781,158.66305541992188
1890,-73.841278,40.898907,0.0,0.0,0.0,0.0,0.0,0.0,4.845493793487549,48.41655731201172,54.84488296508789,70.25808715820312
1891,-73.915977,40.816452,0.1260695904493332,1.893545595521573e-05,9.947543483379562e-11,0.0,1.811384677886963,0.0,4.9560227394104,160.41943359375,175.55117797851562,145.9386749267578
1892,-73.903309,40.815506,0.0,1.9638175964355469,0.0,0.0,0.0,0.0,3.3627254962921143,200.0824432373047,160.0230255126953,237.01890563964844
1893,-73.917332,40.836945,8.092007619531216e-11,0.0,8.437315429654646e-11,0.0,0.0,0.0,5.06877326965332,316.419677734375,204.17359924316406,428.0975341796875
1894,-73.919432,40.816145,1.3133338860882304e-10,7.916849613189697,1.1737564587811777e-13,0.0,1.435955304315839e-13,0.0,4.855433464050293,228.84107971191406,288.0766906738281,180.8425750732422
1895,-73.881894,40.825121,0.0,1.0293591066329322e-12,0.0,0.0,0.0,0.0,5.45480489730835,177.38966369628906,85.15567779541016,219.6383819580078
1896,-73.928762,40.807365,23.335622787475586,7.913669586181641,3.4685581230126106e-12,0.0,9.151814460754395,0.0,5.189573287963867,148.22605895996094,104.95463562011719,181.24290466308594
1897,-73.909363,40.811051,8.479610443115234,0.7870764136314392,0.0,0.0,0.0,0.0,4.673151969909668,165.45248413085938,132.1338653564453,191.6431121826172
1898,-73.896376,40.868781,0.0,0.0,0.0,0.0,0.0,0.0,5.289044380187988,217.732177734375,236.2696533203125,286.3870544433594
1899,-73.929502,40.818347,11.574959754943848,8.841508865356445,2.7366149348846e-20,24.714147567749023,3.6242237091064453,0.0,4.366004943847656,67.5164566040039,153.2410125732422,66.56202697753906
1900,-73.838299,40.825715,1.4118907432081329e-11,19.445144653320312,0.0,0.0,0.0,0.0,5.372684955596924,,75.1029281616211,
1901,-73.89654,40.847487,0.0,0.0,0.0,0.0,0.0,0.0,5.206080913543701,170.79745483398438,155.43331909179688,163.1591796875
1902,-73.909019,40.808963,11.510396957397461,1.6706770658493042,0.0,0.0,0.0,0.0,4.30961799621582,96.42462158203125,84.21395874023438,89.67877197265625
1903,-73.922366,40.821828,11.376226425170898,0.6161865592002869,0.028877606615424156,0.0,5.958967585865949e-13,0.0,5.002490520477295,255.7056427001953,201.39353942871094,331.33355712890625
1904,-73.880672,40.839563,7.641745309455716e-13,1.3994101285934448,0.0,0.0,0.0,0.0,4.985278606414795,128.28392028808594,106.4477310180664,163.74484252929688
1905,-73.826791,40.879852,0.0,0.0,0.0,0.0,0.0,0.0,4.857449054718018,148.3937530517578,76.50267028808594,205.16465759277344
1906,-73.906158,40.8623,0.0,0.0,0.0,0.0,0.0,0.0,5.31944465637207,240.53895568847656,137.02130126953125,337.14715576171875
1907,-73.906158,40.8623,0.0,0.0,0.0,0.0,0.0,0.0,5.31944465637207,240.53895568847656,137.02130126953125,337.14715576171875
1908,-73.901821,40.869142,0.0,0.0,0.0,0.0,0.0,0.0,4.926573276519775,206.6564483642578,116.8624496459961,278.10809326171875
1909,-73.918794,40.838714,1.2504483559716562e-10,1.0281347301299704e-10,2.825823082475143e-11,0.0,0.0,0.0,5.094608306884766,244.2679901123047,153.94627380371094,301.88873291015625
1910,-73.893499,40.84539,0.0,0.0,0.0,0.0,0.0,0.0,5.688979625701904,163.34242248535156,132.6103057861328,174.57196044921875
1911,-73.902409,40.832956,0.0,9.060305132015112e-13,5.195812855483817e-13,0.0,0.0,0.0,4.77179479598999,179.68614196777344,211.19468688964844,196.1168670654297
1912,-73.850735,40.850089,0.0,0.0,0.0,0.0,0.0,0.0,4.792782306671143,59.46320724487305,50.705142974853516,68.01950073242188
1913,-73.827252,40.845321,0.0,0.0,0.0,0.0,0.0,0.0,5.656220436096191,93.92581176757812,104.4241943359375,125.72504425048828
1914,-73.907489,40.823318,0.0,2.69199744960813e-12,0.0,0.0,3.621656894683838,0.0,4.5433735847473145,212.20831298828125,174.92611694335938,243.5253143310547
1915,-73.915228,40.806741,8.630478858947754,0.30808183550834656,1.0078408940739081e-10,0.0,0.00029097084188833833,0.0,4.47802209854126,195.94740295410156,141.1768035888672,241.9288330078125
1916,-73.915228,40.806741,8.630478858947754,0.30808183550834656,1.0078408940739081e-10,0.0,0.00029097084188833833,0.0,4.47802209854126,195.94740295410156,141.1768035888672,241.9288330078125
1917,-73.911906,40.832648,0.0,0.0,2.059915779617505e-11,0.0,0.0,0.0,5.109550476074219,204.38479614257812,162.0601806640625,242.23268127441406
1918,-73.910589,40.823695,0.0,0.0,0.0,0.0,0.0,0.0,4.850146770477295,193.14974975585938,136.25762939453125,236.63792419433594
1919,-73.890591,40.836245,5.750563144683838,1.3420404195785522,7.718123557799716e-13,0.0,5.435612201690674,0.0,5.252676486968994,120.4137954711914,119.56851196289062,127.98258209228516
1920,-73.922527,40.823014,20.057226181030273,2.874128990359992e-10,3.8691165447235107,0.0,1.6368443965911865,0.0,5.120495319366455,249.1077423095703,194.49249267578125,313.5748291015625
1921,-73.912039,40.816974,5.746021747589111,0.0,2.5773858741695577e-11,0.0,1.8113844394683838,0.0,4.017391204833984,136.77316284179688,135.09327697753906,151.86187744140625
1922,-73.921328,40.83862,1.2400629134656782e-10,2.3581472885503274e-10,0.0,0.0,0.0,0.0,4.606199741363525,173.72474670410156,111.5861587524414,216.59934997558594
1923,-73.864113,40.876633,0.0,0.0,0.0,0.0,0.0,0.0,4.0264201164245605,114.18511962890625,113.33944702148438,151.44989013671875
1924,-73.864113,40.876633,0.0,0.0,0.0,0.0,0.0,0.0,4.0264201164245605,114.18511962890625,113.33944702148438,151.44989013671875
1925,-73.851483,40.828911,0.0,22.44742202758789,0.0,0.0,3.3979458136101925e-11,0.0,5.408531665802002,92.29802703857422,75.68341827392578,116.55416870117188
1926,-73.92996,40.815712,9.575461387634277,10.397357940673828,0.005432339385151863,0.3581763803958893,0.35546407103538513,0.0,5.164705753326416,43.707069396972656,87.6940689086914,39.98484802246094
1927,-73.885804,40.831212,0.0,0.0,0.0,0.0,0.0,0.0,5.549651622772217,141.81085205078125,109.633544921875,169.1778564453125
1928,-73.875262,40.841376,2.3249606992230276e-13,1.4574097394943237,0.0,0.0,0.0,0.0,5.1847825050354,99.57998657226562,57.158164978027344,116.17019653320312
1929,-73.866038,40.838151,9.50706852652361e-13,3.0872881412506104,6.817506628675751e-14,0.0,0.0,0.0,5.206632614135742,170.67861938476562,121.75394439697266,220.09756469726562
1930,-73.913386,40.814614,5.7521071434021,0.0,8.312307786528805e-11,0.0,1.8162603378295898,0.0,4.919708251953125,160.54429626464844,137.6418914794922,172.25802612304688
1931,-73.895543,40.874725,0.0,0.0,0.0,0.0,0.0,0.0,5.617241382598877,229.72454833984375,403.5281677246094,42.85628890991211
1932,-73.900123,40.839072,0.0,0.0,0.0,0.0,0.0,0.0,5.024203777313232,157.40069580078125,161.0696563720703,139.39720153808594
1933,-73.92114,40.822574,7.1219482421875,2.8765184678647415e-10,8.170134378591179e-17,0.0,5.305341669453734e-13,0.0,5.080527305603027,247.3155059814453,190.5928192138672,321.9708251953125
1934,-73.918665,40.840262,1.216556438921046e-10,9.255066851787674e-11,3.2111036052384634e-11,0.0,0.0,0.0,5.085953712463379,203.56666564941406,146.47735595703125,245.33457946777344
1935,-73.905771,40.832328,0.0,2.5655796931367547e-12,2.1345043245933615e-13,0.0,0.0,0.0,4.732885837554932,257.8141174316406,203.27304077148438,324.33282470703125
1936,-73.904703,40.838654,0.0,2.4733691657286005e-12,0.0,0.0,0.0,0.0,5.002270221710205,167.75732421875,171.17218017578125,172.74842834472656
1937,-73.839288,40.884371,0.0,0.0,0.0,0.0,0.0,0.0,4.190082550048828,68.70314025878906,132.8016815185547,60.49241638183594
1938,-73.839114,40.842725,0.0,0.0,0.0,0.0,0.0,0.0,5.615992069244385,54.28522872924805,86.65762329101562,65.48896789550781
1939,-73.831856,40.88298,0.0,0.0,0.0,0.0,0.0,0.0,4.743558406829834,80.8094482421875,74.27870178222656,71.91748046875
1940,-73.886477,40.821815,0.0,3.0480401515960693,0.0,0.0,0.0,0.0,5.52610445022583,179.9758758544922,77.82674407958984,240.84320068359375
1941,-73.909363,40.811051,8.479610443115234,0.7870764136314392,0.0,0.0,0.0,0.0,4.673151969909668,165.45248413085938,132.1338653564453,191.6431121826172
1942,-73.886798,40.830552,0.0,0.0,0.0,0.0,0.0,0.0,5.1862311363220215,154.45237731933594,116.72264099121094,192.00709533691406
1943,-73.901821,40.869142,0.0,0.0,0.0,0.0,0.0,0.0,4.926573276519775,206.6564483642578,116.8624496459961,278.10809326171875
1944,-73.890278,40.816494,0.0,0.004623190499842167,0.0,0.0,0.0,0.0,5.5543293952941895,135.20938110351562,128.5106201171875,155.59500122070312
1945,-73.892243,40.829306,0.0,0.0,0.0,0.0,0.0,0.0,4.464547634124756,114.66181945800781,79.63378143310547,150.2228546142578
1946,-73.903165,40.857248,0.0,0.0,0.0,0.0,0.0,0.0,4.795957565307617,260.1071472167969,188.9044189453125,329.1612548828125
1947,-73.85593,40.821218,0.0,1.8642975662866798e-38,0.0,0.0,0.0,0.0,5.211723327636719,138.83177185058594,148.8953399658203,167.324951171875
1948,-73.827642,40.831829,11.771018981933594,0.0,0.9664385318756104,0.0,4.946047306060791,0.0,3.964601755142212,59.709651947021484,60.95857620239258,59.71316909790039
1949,-73.827642,40.831829,11.771018981933594,0.0,0.9664385318756104,0.0,4.946047306060791,0.0,3.964601755142212,59.709651947021484,60.95857620239258,59.71316909790039
