school_id,school_lon,school_lat,ratio_Enclosure_degree_r400,ratio_Greening_degree_r400,ratio_Openness_r400,ratio_Pedestrian_density_r400,ratio_Protection_r400,ratio_Street_furniture_r400,ratio_Surveillance_and_lighting_r400,ratio_Traffic_flow_r400,svi_count_r400,event_count_r400,count_2006_r400,count_2007_r400,count_2008_r400,count_2009_r400,count_2010_r400,count_2011_r400,count_2012_r400,count_2013_r400,count_2014_r400,count_2015_r400,count_2016_r400,count_2017_r400,count_2018_r400,count_2019_r400,count_2020_r400,count_2021_r400,count_2022_r400,count_2023_r400,count_2024_r400,busStation_density_r400,crossing_density_r400,shop_density_r400,street_lamp_density_r400,traffic_signals_density_r400,speed_camera_density_r400,road_r400,person_r400,landscan_day_r400,landscan_night_r400
0,-74.01142,40.648959,29.181392741776822,6.717582912379524,23.995756037866126,0.17209626555033156,0.13106270754050553,0.7175383289245395,0.16706735407773574,7.010734859610751,194,5811,429,451,454,402,422,320,298,308,322,325,312,358,324,259,138,192,100,165,232,0.0,0.00043915127753280103,0.0,4.802214622497559,0.0,0.0,5.472872734069824,150.55238342285156,133.2399139404297,168.58004760742188
1,-73.951575,40.656423,25.28713324974323,10.09838581085205,24.92891125295354,0.21556081442997377,0.20896237472008014,0.7944655144351651,0.16313174675250872,9.738376770896474,116,7439,368,518,467,584,679,632,536,595,528,538,360,387,274,200,128,142,159,165,179,14.91388988494873,17.040916442871094,2.723129987716675,0.001423079171217978,4.951761656962761e-13,0.0,5.3885579109191895,150.44277954101562,106.1268081665039,201.23516845703125
2,-73.955219,40.682311,26.77013609144423,8.50967570515061,23.717478802512467,0.17563623591633223,0.24729730435842157,0.8691721709482438,0.18952409643510215,7.307749715224857,183,9162,895,770,570,814,780,632,598,717,692,487,391,409,328,214,145,105,142,231,242,30.422460556030273,18.74395751953125,44.1786994934082,154.96241760253906,18.149864196777344,0.0,5.163356304168701,103.35159301757812,74.9540023803711,131.53330993652344
3,-73.879276,40.6585,12.290186288366359,17.02359747216405,28.922845273611536,0.0959878944488893,0.019060847270919615,0.5680949812433326,0.13053637431807308,4.616656935358622,166,3058,148,170,170,198,274,244,254,219,207,161,173,149,140,66,64,78,87,102,154,29.217538833618164,22.994487762451172,20.045482635498047,1.1325418901309003e-11,25.274274826049805,0.0,5.283762454986572,79.10885620117188,49.57861328125,107.63258361816406
4,-73.92197,40.685241,27.28263744409534,13.92412126434516,18.69170068460468,0.14849084257832715,0.18312086970169353,0.6422907669351708,0.1349818385659291,7.359384848711159,161,8917,725,725,841,1068,881,687,797,612,493,403,381,270,246,152,125,110,113,126,162,4.944627285003662,0.30243903398513794,1.1934994659235088e-11,12.710174560546875,1.5640207529067993,0.0,5.1296563148498535,127.17025756835938,103.29320526123047,151.2135467529297
5,-73.956279,40.648973,29.227213329739037,6.543195300632054,24.288780000474716,0.23155191209581166,0.16152848137749565,0.8236423068576388,0.13382275899251303,8.147827784220379,150,11554,797,798,791,1037,1011,872,630,666,951,563,418,555,527,374,248,243,282,359,432,39.01089859008789,6.208648681640625,105.125,2.3339715034785546e-13,27.988788604736328,0.0,5.231268882751465,130.68760681152344,157.3205108642578,156.45220947265625
6,-73.872983,40.689213,25.719746022984616,12.956158458322719,23.027283765267633,0.07341080817623413,0.5242322838824728,1.0201111392698428,0.15322837276735166,5.635430709175441,115,2548,181,203,187,313,282,227,184,171,161,101,116,75,72,62,34,28,36,67,48,25.99343490600586,12.486663818359375,1.6493850946426392,1.4733049502613227e-10,17.306005477905273,0.0,5.704965591430664,121.85591888427734,70.17704772949219,156.25111389160156
7,-73.992841,40.700709,33.263731345152245,13.807260268773787,21.661859267797226,0.4000745920034555,0.12622774564302885,0.9383832491361179,0.11215620774489185,3.94989492954352,325,1910,72,141,138,209,189,213,128,93,126,95,102,89,48,37,30,42,38,57,63,54.30229949951172,11.146739959716797,233.11355590820312,254.43356323242188,90.82450866699219,0.0,6.272302150726318,183.45310974121094,169.70486450195312,185.3421630859375
8,-73.966333,40.678554,25.826904608768487,9.510278002021199,25.078748107206394,0.24010360365893602,0.0906114558253898,0.7919023621757076,0.11729394364906805,6.276524141899446,159,2008,133,191,179,151,138,120,105,122,117,86,174,125,78,62,38,38,41,49,61,7.1713503191350725e-12,5.642573561170927e-11,2.5796001446032335e-10,20.24015235900879,3.141316688107937e-13,0.0,5.096203804016113,115.10953521728516,97.66702270507812,134.69102478027344
9,-73.985946,40.660912,21.254623033166904,16.644244853073985,22.12815963155855,0.18124580383300784,0.10095573053127382,0.572930312738186,0.09863880591663889,8.036836957543846,164,1612,121,145,117,117,94,77,72,69,79,47,82,104,85,80,41,56,79,60,87,28.004920959472656,28.5445613861084,152.40728759765625,0.006092788651585579,33.50395202636719,0.0,5.617104530334473,110.73490142822266,118.57239532470703,120.42073822021484
10,-73.96589,40.685896,26.34477895260857,16.068299811341227,18.555675162709232,0.21816389615680684,0.03059435190644654,0.7746234629888953,0.1579626551214254,7.103042482580028,159,4149,294,319,262,284,309,310,404,345,348,258,284,157,111,91,90,66,54,88,75,6.860148733800475e-12,11.362212181091309,2.6240171147051683e-10,135.60935974121094,0.0,0.0,5.261214733123779,137.2385711669922,121.66871643066406,153.19581604003906
11,-73.920095,40.673124,22.1185986867208,10.42655537466327,26.51936003785886,0.12295469790399668,0.09584902765270242,0.7317166128558312,0.13436852339023125,6.387124851554216,167,6788,512,489,522,492,627,643,493,376,391,348,434,313,244,179,156,121,133,157,158,34.4195556640625,11.46053409576416,101.02021789550781,1.821373421821617e-14,42.215415954589844,0.0,5.22282075881958,112.8573226928711,69.29804992675781,154.12586975097656
12,-73.893328,40.664067,28.884348494738276,7.9665919018399185,22.96709174056974,0.12328417184752767,0.4909782652642316,0.8038206971121948,0.17017012189148337,5.554177351058669,157,11976,869,910,830,1105,880,964,1087,943,1043,716,525,397,259,234,164,175,198,303,374,25.375783920288086,19.87115478515625,10.588213920593262,1.9021883010864258,35.50343704223633,0.0,5.369351863861084,134.1854248046875,107.75408172607422,161.1463623046875
13,-73.938107,40.593232,16.21287166517318,22.07688628184285,21.429119252181806,0.10846526929120112,0.03726469071883729,0.882982186542987,0.1497773040828314,6.0543104700980015,179,4344,302,352,273,311,344,312,312,291,232,208,199,233,173,104,70,118,129,147,234,31.863243103027344,18.04026985168457,21.471818923950195,0.10433535277843475,39.75590133666992,0.0,5.2758469581604,102.28709411621094,91.90644836425781,137.8368377685547
14,-74.011864,40.677085,20.95042341007682,8.88752509020046,29.87267918691426,0.14788252626826423,0.01753314050609718,1.0223046034396055,0.12100604241955545,4.907038682949043,167,2185,186,178,178,179,177,156,175,92,112,85,150,101,86,65,42,56,37,71,59,8.06257187749293e-14,11.721039772033691,8.106500625610352,163.16708374023438,20.192686080932617,3.660966569896118e-07,5.482082843780518,74.48324584960938,69.10802459716797,75.27290344238281
15,-73.962049,40.706069,24.43053265835377,15.061569619686045,19.606607315388132,0.3118866724325411,0.1687126971305685,0.8427009853065435,0.12103222786112033,6.878020509760429,235,2072,138,138,135,137,148,121,142,142,103,104,80,100,63,88,63,81,89,97,103,31.52496337890625,19.604230880737305,55.99147415161133,2.7757019996643066,36.64987564086914,0.0,5.407762050628662,273.92596435546875,279.1719665527344,259.97076416015625
16,-73.9573,40.715268,26.920566947526122,7.63112238921453,23.78464161568854,0.23382289614392854,0.12430943429383302,0.8807318352889459,0.13885386993097254,5.483860948720873,229,4269,253,228,318,292,304,312,318,345,284,210,223,197,190,136,65,84,151,170,189,29.132232666015625,16.82123374938965,10.479913711547852,2.305069934636938e-15,37.433807373046875,0.0,5.654779434204102,165.4783172607422,173.73756408691406,152.83961486816406
17,-73.946695,40.71088,29.804664187961155,10.109209362926377,20.411508244026344,0.20294971153384345,0.16704656604426374,0.7661914999150624,0.1202534673861033,7.551786808368288,183,5071,352,312,266,315,407,562,424,417,287,272,230,217,170,181,87,96,153,161,162,27.633703231811523,14.049280166625977,12.094681739807129,0.0,28.56645965576172,0.0,5.317343235015869,130.84947204589844,109.71385955810547,161.46690368652344
18,-73.970896,40.690742,22.599496866461486,18.959873680054674,16.87582671798746,0.21026941734974777,0.10107445904589075,0.7394440217906721,0.12280171311746434,7.22628615972564,127,2142,152,148,132,129,157,139,151,167,146,109,135,95,95,76,50,35,68,84,74,4.060299873352051,4.303410053253174,0.02765439637005329,64.9434814453125,3.4700729846954346,0.0,5.319784641265869,131.28778076171875,119.27215576171875,144.8063201904297
19,-73.926673,40.68035,23.04440222151293,13.32649515843348,23.56109184862703,0.1575586357186184,0.2778367700906833,0.7315357743282354,0.1412372554369094,6.669062386879285,183,12430,657,678,706,950,1109,1118,1152,1055,1028,900,670,463,312,302,185,179,211,298,457,5.989247798919678,1.2090948820114136,2.751781940460205,12.44210433959961,11.337629318237305,0.0,5.196087837219238,97.50387573242188,76.73480987548828,129.05970764160156
20,-73.947256,40.69447,24.659250577290848,13.264694213867191,22.11190170711941,0.20393133163452148,0.07620493570963542,0.5878864394293889,0.10047223832872179,8.073115613725452,120,11864,845,1005,968,1253,1012,952,1005,902,718,514,471,395,320,225,182,237,224,284,352,23.918851852416992,24.50113296508789,45.729610443115234,114.81097412109375,22.495943069458008,0.0,5.402985095977783,169.1410369873047,122.15836334228516,217.7786407470703
21,-74.004533,40.652832,25.4261972078311,6.446525941487232,28.60892442316791,0.14711735295314415,0.2169082367342282,0.7418116712881847,0.12113736345877056,6.66240352431154,204,7343,431,435,471,433,472,541,464,430,418,400,373,437,339,319,208,215,203,379,375,6.1344499588012695,16.451595306396484,1.1240750551223755,42.58565902709961,8.845540046691895,0.0,5.369602680206299,151.0318603515625,144.05628967285156,127.1950454711914
22,-73.940749,40.691472,25.984657409528616,9.426479252506063,23.61239211200035,0.14153920352186783,0.10278780166416952,0.5459358703055884,0.12315941727869044,7.1520905516463325,146,8642,562,761,794,815,756,603,616,711,535,385,365,349,244,204,153,155,204,195,235,16.355337142944336,24.823360443115234,15.440461158752441,170.3756103515625,9.208012580871582,0.0,5.359783172607422,128.88404846191406,83.62712860107422,174.5305633544922
23,-73.9317,40.6921,29.417650589090314,9.547609367117975,20.927794879635435,0.20625343912221475,0.259289520465775,0.6541828972351209,0.1579815188780526,7.959457422723833,151,8924,495,552,661,606,852,802,732,652,553,455,510,400,269,210,126,191,211,272,375,0.844157338142395,11.713272094726562,1.3942663690258428e-10,108.21102905273438,2.4970400747115207e-10,0.0,5.261795997619629,112.18960571289062,84.47708892822266,141.40151977539062
24,-73.997447,40.686843,28.65235632744389,13.48120924355327,19.00614465492359,0.2490681150685186,0.09576928788337156,0.8541254029757732,0.11003397513126985,6.707034249236616,184,661,59,52,57,48,35,40,44,27,31,25,37,49,34,31,11,13,23,21,24,21.204986572265625,42.647361755371094,135.5487060546875,398.9495849609375,41.71824264526367,0.0,5.715163707733154,126.5112533569336,118.3438949584961,135.12144470214844
25,-74.02395,40.633598,26.562862396240227,11.641000298892749,20.556907092823703,0.20364967046999466,0.16126875783882888,0.5953325009813496,0.11351716284658393,10.134382060929838,170,4018,170,239,208,250,228,235,193,248,255,225,208,276,218,199,140,156,162,218,190,0.0,0.0,0.0,0.0,0.0,0.0,5.338177680969238,155.27137756347656,137.0957794189453,179.23178100585938
26,-73.954139,40.72697,28.03967245693864,6.748846024845751,23.55345583510125,0.23154097955345648,0.14871235551505252,0.8583282602244412,0.15451844167892045,6.288389227856164,174,7078,318,325,344,345,332,354,322,417,377,331,307,428,482,382,314,369,493,432,406,33.368507385253906,17.94524574279785,51.34645080566406,1.3919503688812256,21.374874114990234,0.0,5.35985803604126,121.96810913085938,105.6513671875,130.28125
27,-73.991141,40.680159,25.584144480744296,12.588246291608604,24.831414919847635,0.19298612955253258,0.08261273478903966,0.8951809903566832,0.11699111373336225,6.380552065070376,171,2806,249,196,169,160,197,160,232,172,135,141,192,173,134,105,47,49,43,117,135,24.34063148498535,32.15098190307617,150.39260864257812,87.75626373291016,71.04572296142578,0.0,5.503571510314941,105.05329132080078,86.41291809082031,129.7247772216797
28,-73.949756,40.726378,27.95678549918575,7.938141580941018,22.56878718085911,0.21900197734003485,0.302051634028338,0.9275997894397681,0.18827984298484915,6.56032769576363,184,7308,337,367,363,370,348,371,338,435,399,327,330,444,489,381,297,358,507,451,396,18.104944229125977,15.634258270263672,19.482467651367188,1.3887921571731567,19.244211196899414,0.0,5.3208394050598145,118.36347961425781,110.00221252441406,128.30809020996094
29,-73.935891,40.681528,22.923496997717663,17.285735885818283,18.323559781689664,0.16668204105261603,0.2079282488141741,0.5837500353396197,0.1387352551216687,7.660951449241474,154,4356,297,330,273,355,367,425,421,349,252,236,185,191,94,112,94,65,82,99,129,11.518111228942871,16.555328369140625,4.896970748901367,80.97470092773438,15.408742904663086,0.0,5.3046488761901855,102.14446258544922,72.87325286865234,134.25991821289062
30,-73.887195,40.660465,13.271001793204631,11.556984567400159,31.799368043438026,0.10174623802430335,0.07611870160562738,0.7214438088250849,0.15435259152588307,4.985819169510843,197,8199,525,572,463,630,662,680,622,590,658,540,448,272,208,218,130,115,217,322,327,19.959598541259766,24.15614128112793,18.342792510986328,2.8727662141479287e-18,31.693763732910156,0.0,5.592133522033691,102.54419708251953,95.50704193115234,123.59049224853516
31,-73.953304,40.703996,30.36684590527135,8.536841563689404,20.244959643763355,0.17786221626477364,0.344799074352297,0.661264403253539,0.10634185921432625,7.371719066913313,195,1887,138,93,129,115,163,139,125,143,115,100,74,69,57,80,46,71,80,56,94,32.788665771484375,21.462495803833008,63.52695846557617,8.340961456298828,30.204320907592773,0.0,5.253692150115967,248.658447265625,249.9651641845703,250.40008544921875
32,-73.982826,40.684945,28.37723223708318,13.102856634347406,18.011862878918436,0.3425803838991651,0.1655888004948961,0.8142704207204456,0.11615345184815759,7.897046373064717,187,8288,690,645,651,601,602,541,461,510,457,444,391,357,318,266,203,201,250,327,373,31.867582321166992,24.003568649291992,155.28343200683594,4.173320293426514,52.22685241699219,0.0,5.301689624786377,162.66810607910156,176.4896240234375,157.01556396484375
33,-73.982909,40.668644,25.492561274561382,14.029593485982026,19.476741666538047,0.29835573101409096,0.24398186197682817,0.5811459259968608,0.10357396355990704,8.776996875631399,174,2383,197,121,158,147,257,243,223,125,145,128,83,102,67,71,35,56,69,76,80,33.40142059326172,24.557384490966797,157.84417724609375,1.0440559871592028e-15,65.59354400634766,0.0,5.3749308586120605,162.74447631835938,210.38661193847656,134.04086303710938
34,-73.921099,40.680239,21.786557548066497,11.743465651813734,25.18386351756561,0.1478490258893396,0.15045557266626602,0.6380328969058827,0.12745017679328594,6.631492060473841,195,10180,612,703,611,780,841,999,933,839,698,507,457,387,261,247,148,174,228,352,403,11.34377384185791,1.5789130926132202,13.069860458374023,0.0351179763674736,13.822689056396484,0.0,5.217391490936279,97.74386596679688,66.96826171875,128.94912719726562
35,-73.906925,40.660455,23.946524461110435,12.341940999031069,23.552770018577576,0.1936010519663493,0.22597233454386392,0.8941376209259035,0.18973608811696374,5.296076536178591,160,12417,1053,1036,807,988,1109,1023,920,854,746,628,591,513,355,320,220,165,247,340,502,22.708736419677734,22.909093856811523,16.706148147583008,4.779073238372803,14.412555694580078,0.0,5.461763381958008,107.2869873046875,71.5654525756836,146.85003662109375
36,-73.940859,40.686213,26.498700109656873,13.488401191821996,18.627556971305808,0.1748877447008511,0.1211968021116395,0.5300411279650702,0.09557267893915591,7.502786894351385,138,8777,548,664,688,819,897,880,781,797,532,320,324,239,246,233,143,153,131,176,206,2.9034583568573,31.553247451782227,1.0858981609344482,122.77864837646484,2.993366003036499,0.0,5.322659969329834,122.18359375,82.15693664550781,165.71658325195312
37,-73.91043,40.686424,24.291477289870212,9.77827772802236,25.106603272107183,0.12332328052477504,0.21211100814023526,0.6654791280525884,0.11219059258631837,6.070282994484414,147,3991,312,419,325,394,378,386,386,278,173,168,129,154,107,83,67,43,55,60,74,6.110114097595215,14.331116676330566,0.9699790477752686,0.0,2.690256357192993,0.0,5.305084705352783,126.07540893554688,104.1911849975586,147.8273162841797
38,-73.971644,40.69453,33.28421377824895,11.166249706758467,19.83095520701488,0.25879115809719433,0.1645157457063984,0.8417864751549406,0.13872409444059516,6.626564785976872,179,6979,434,544,335,372,524,479,488,481,470,463,480,335,218,236,175,159,204,267,315,4.928654272901012e-12,3.8898446559906006,2.8829719667555764e-05,36.020668029785156,6.635182857513428,0.0,5.313163757324219,162.38909912109375,114.38800811767578,188.99693298339844
39,-73.987165,40.621481,20.350881080842957,10.822051797209488,28.495183233487403,0.1891804280254127,0.07616247834458864,0.5758870119428905,0.16585958879546256,8.38858555939238,118,921,77,60,70,78,61,62,37,58,51,41,43,53,31,37,26,41,30,33,32,0.0,3.560594320297241,0.0,8.16425609588623,0.0,0.0,5.418354511260986,135.507568359375,141.05003356933594,131.40731811523438
40,-73.960137,40.711915,32.39845828064034,7.640571440242432,20.7454399804068,0.2346984792883147,0.4281016507088244,0.8181389365366725,0.1121367000241043,5.437397434362217,289,5137,399,401,554,344,344,387,350,394,289,339,265,236,179,186,75,72,92,117,114,14.651056289672852,15.016575813293457,9.268352508544922,0.0,33.858192443847656,0.0,5.786566734313965,212.6350555419922,210.73504638671875,211.80662536621094
41,-73.98505,40.672358,22.70780710073618,11.348130676772568,23.525728323520756,0.24478409316513564,0.21504080775893217,0.8366104447361314,0.11266736320523552,6.903528381179976,182,2407,199,126,135,172,172,161,140,178,188,162,146,130,91,69,42,60,63,61,112,35.92906951904297,23.817806243896484,158.01950073242188,88.18978118896484,74.07939147949219,1.2585235740631274e-27,5.236743450164795,139.52249145507812,116.40251922607422,151.871826171875
42,-73.940135,40.588372,17.869245030446915,19.712598119191306,24.122137081123395,0.07813733494924213,0.0330359635952704,0.7367699446078544,0.1425596530328016,6.34677319707509,167,1008,96,92,51,95,82,79,62,44,42,36,66,53,43,24,16,33,31,27,36,25.836259841918945,19.069616317749023,7.990584373474121,1.5761518826207244e-11,33.12415313720703,0.0,5.251610279083252,89.05624389648438,68.01404571533203,114.79399871826172
43,-73.988743,40.660805,22.447891813336007,13.836976638948077,23.74038734821358,0.16089468291311554,0.03521659157492898,0.5979850075461649,0.1011790651263613,7.74460879239169,165,1375,105,158,130,137,96,77,67,65,61,35,60,60,53,44,47,48,38,32,62,38.37314987182617,21.461652755737305,163.09417724609375,5.166025940361862e-10,32.55622863769531,0.0,5.59375,115.4147720336914,131.43865966796875,117.92378234863281
44,-73.952504,40.692616,28.6851340140345,8.386510083464538,23.687556433299232,0.20998502804849156,0.10601355105030294,0.7137495373922682,0.10606393792461645,7.646587268024886,147,5906,330,534,568,762,435,375,304,330,345,293,240,228,180,185,160,161,115,159,202,24.234567642211914,27.934030532836914,62.63215255737305,51.03586196899414,18.874624252319336,0.0,5.313366413116455,136.7059783935547,114.07846069335938,158.66683959960938
45,-73.960536,40.684286,27.259661555290222,12.061813275019325,20.15343904495239,0.21998703479766846,0.1072541872660319,0.6146742900212607,0.1547213395436605,7.442156275113423,160,6357,669,718,465,523,429,390,519,447,470,322,381,236,148,103,125,73,84,116,139,13.457646369934082,17.92714500427246,33.761077880859375,62.350059509277344,5.117659091949463,0.0,5.348872184753418,106.3913345336914,69.57616424560547,142.92047119140625
46,-73.932254,40.691467,27.81826942055314,9.904081733138474,21.635695519270723,0.1911777037161368,0.19290270628752534,0.6022486421797011,0.15999078750610352,7.624015101680048,144,8977,543,641,729,655,810,813,720,632,571,425,489,392,274,195,121,192,188,240,347,2.714313507080078,10.43957805633545,1.6433140959115633e-10,113.23741912841797,2.63887717233402e-10,0.0,5.301502704620361,114.478271484375,88.3701171875,141.3177947998047
47,-73.995486,40.680379,25.09833441840277,14.9607926185685,20.51310934201636,0.25347295433583894,0.1457087198893229,0.9175285185226288,0.17817988540187024,7.321901225080393,165,2088,124,92,125,97,144,147,184,136,124,128,119,122,113,103,37,37,37,102,117,31.71338653564453,34.75436019897461,108.13107299804688,107.54150390625,25.016326904296875,0.0,5.552041530609131,114.89241027832031,101.63062286376953,141.52146911621094
48,-73.943279,40.697619,26.01219002405803,18.590934435526535,18.158664385477703,0.36981709798177087,0.1576681137084961,0.7135378519694012,0.08794562021891275,6.7419826189676915,200,16708,877,1227,1214,1360,1228,1293,1286,1307,1131,841,800,770,645,454,246,293,354,621,761,25.23593521118164,21.537189483642578,26.73788833618164,135.78199768066406,26.798477172851562,0.0,5.317588806152344,168.01939392089844,167.49856567382812,185.87660217285156
49,-73.949198,40.663605,25.269305414174678,11.432528630488333,23.47914737047674,0.23809296487639403,0.11637520655400334,0.7283593301719191,0.1419845049439626,8.664742342271822,177,15834,923,1029,1016,979,982,895,950,971,1007,950,910,807,714,723,447,492,688,670,681,7.061988830566406,21.47716522216797,6.746466636657715,122.50300598144531,6.20331335067749,0.0,5.2777228355407715,169.8118438720703,164.7742462158203,178.54241943359375
50,-73.971153,40.638087,19.368651418974906,18.967801461488133,21.490748929770994,0.20827153028347797,0.1031392580502993,0.5709181616316626,0.08413203350909343,8.622913443164906,154,1739,136,136,122,104,98,105,91,123,111,87,92,92,84,57,37,36,73,70,85,8.359148979187012,18.055265426635742,1.087932825088501,59.7904167175293,7.124928951263428,0.0,5.32667350769043,158.8437957763672,124.75,192.6944122314453
51,-73.878353,40.686534,16.894577824792197,16.242270753057117,26.574214669161066,0.0792473785636961,0.054084422976471654,0.8320963659951853,0.12387613301437338,5.946689428285112,129,1708,124,95,107,205,183,141,147,131,131,81,56,44,54,34,27,15,31,57,45,11.82414436340332,13.5595703125,0.5439609885215759,1.025011586025526e-11,3.0604848861694336,0.0,5.5721516609191895,90.45620727539062,48.194435119628906,124.49555206298828
52,-73.907064,40.648749,16.377064981434724,8.459145202223201,33.529299449145306,0.13849883867796198,0.07437264047017912,0.9186672324410622,0.22943801673124153,8.310663021676907,123,9164,442,513,476,383,428,402,430,469,536,497,557,502,553,457,372,419,667,493,568,13.409039497375488,15.771248817443848,17.23773193359375,0.0,11.49728012084961,0.0,5.2244486808776855,78.73963165283203,53.05580139160156,90.97134399414062
53,-73.977674,40.695339,30.630443011286967,16.510198031428565,20.434983262737973,0.2636346230614918,0.09898583865860133,0.8033098140580756,0.12869449109321274,6.059713579690186,206,10242,714,737,442,412,610,581,761,757,727,738,693,529,352,376,287,205,366,465,490,16.21979522705078,1.4960962533950806,22.094985961914062,7.247732275450502e-11,28.50894546508789,0.0,5.373863220214844,213.54270935058594,99.38932037353516,283.1539001464844
54,-73.911215,40.635388,14.891573435770058,15.842069599204912,27.449518763376567,0.16599929261350344,0.11085350356416074,0.8338831142037214,0.1923974164707694,5.969812770089704,167,2848,228,151,171,207,223,198,189,194,225,171,178,155,111,75,47,76,65,81,103,12.954492568969727,18.41556167602539,11.099308967590332,19.721269607543945,7.1549811363220215,0.0,5.241208553314209,96.53187561035156,70.92794036865234,122.76165008544922
55,-74.009752,40.632392,18.588630406543462,12.50782995512991,28.249472415808476,0.17379028628570864,0.16302166563091855,0.8636883051708489,0.1392537897283381,8.319778249721338,165,2882,75,101,110,146,192,203,147,213,196,135,211,229,210,157,63,89,71,144,190,0.0,0.0,0.0,0.0,0.0,0.0,5.2602667808532715,112.09485626220703,100.04926300048828,120.92761993408203
56,-73.953304,40.703996,30.36684590527135,8.536841563689404,20.244959643763355,0.17786221626477364,0.344799074352297,0.661264403253539,0.10634185921432625,7.371719066913313,195,1887,138,93,129,115,163,139,125,143,115,100,74,69,57,80,46,71,80,56,94,32.788665771484375,21.462495803833008,63.52695846557617,8.340961456298828,30.204320907592773,0.0,5.253692150115967,248.658447265625,249.9651641845703,250.40008544921875
57,-73.921336,40.693261,23.193249186953977,11.550362045700487,24.201602978749317,0.13081662289731133,0.0821358448750264,0.5657256186545433,0.09986387716757283,5.867534929567629,148,7077,559,525,546,630,694,638,704,440,423,319,275,283,237,184,131,89,123,142,135,6.394861723491019e-11,12.23546314239502,3.3528537585203466e-11,51.214744567871094,1.0217154026031494,0.0,5.355758190155029,119.07544708251953,76.24828338623047,162.53213500976562
58,-73.976648,40.678809,27.51601148534704,14.4318926775897,16.97539064619276,0.3681998782687717,0.3321495762577763,0.9195257116247108,0.1029456103289569,7.924801155372903,180,9724,594,610,507,497,333,340,473,568,553,657,758,672,602,419,297,365,481,515,483,22.77205467224121,16.419742584228516,42.10518264770508,6.963975429534912,21.73064422607422,0.0,5.537535667419434,144.2297821044922,129.83921813964844,157.9051055908203
59,-73.912914,40.620537,13.016095434185084,15.47905867386617,30.424317993826183,0.06325964391584228,0.05272521069769323,0.8565201091578257,0.23202896118164057,5.721298571404151,169,536,40,32,29,32,31,37,52,36,40,35,23,20,28,31,17,5,13,25,10,7.524457916110873e-26,5.461893558502197,2.2610134250977687e-12,31.35564613342285,1.0256856128321168e-12,0.0,5.216121673583984,46.298805236816406,58.92891311645508,48.26325988769531
60,-73.935123,40.692866,28.719968919630176,10.250022813871306,20.61977180051597,0.1738804243343733,0.18390515149929823,0.5704904531503653,0.1430742668383049,7.919452716777851,154,7857,579,652,759,606,705,583,470,535,490,375,397,357,231,195,125,143,183,198,274,6.521758556365967,12.672980308532715,1.9143558740615845,129.08445739746094,7.119029998779297,0.0,5.275745868682861,131.26828002929688,92.85193634033203,170.31394958496094
61,-73.963808,40.715089,31.693324240836297,6.669376132724524,22.662518332312413,0.20619312206188123,0.08570181356894004,0.7451531407353399,0.11389720905292498,4.725680623326574,222,2401,132,123,186,194,160,208,147,217,133,126,135,93,103,69,55,51,88,80,101,7.919271469116211,14.581833839416504,1.412147045135498,1.4406889743689977e-11,23.597013473510742,0.0,5.72774076461792,173.59133911132812,156.17665100097656,184.76441955566406
62,-73.917804,40.700595,33.610718911855,5.0674909488484925,21.253623429809355,0.3288139223428297,0.5451335540824744,1.063438235777211,0.15623548684111857,6.883133726802379,191,23589,1543,1571,1607,1377,1477,1646,1487,1487,1356,1054,942,953,967,963,780,928,1057,1106,1288,21.445926666259766,24.23137855529785,6.779604434967041,3.123047065400897e-08,6.694891452789307,4.8211938678660904e-36,5.387871742248535,182.17530822753906,160.18121337890625,202.9739532470703
63,-73.988743,40.660805,22.447891813336007,13.836976638948077,23.74038734821358,0.16089468291311554,0.03521659157492898,0.5979850075461649,0.1011790651263613,7.74460879239169,165,1375,105,158,130,137,96,77,67,65,61,35,60,60,53,44,47,48,38,32,62,38.37314987182617,21.461652755737305,163.09417724609375,5.166025940361862e-10,32.55622863769531,0.0,5.59375,115.4147720336914,131.43865966796875,117.92378234863281
64,-73.886712,40.677707,26.296685052954622,8.286469742871713,25.728718958039213,0.18908459207285996,0.31349658966064453,1.190926199373992,0.14763690423274387,7.097152523372485,184,6490,460,509,553,528,501,523,610,471,470,379,256,173,165,131,87,84,150,221,219,6.6717634201049805,13.605191230773926,3.7530956268310547,0.0,12.091926574707031,114.60244750976562,5.355103969573975,96.76033782958984,91.66716003417969,102.71007537841797
65,-73.980387,40.578192,21.643013682791864,7.491092371746776,29.69995307405467,0.355545550504028,0.3878011936094703,0.9200685392550336,0.12680947942139334,6.167247172616687,123,10479,251,339,493,496,619,577,523,621,628,1058,887,731,615,484,307,323,324,593,610,0.0,0.0,0.0,0.0,0.0,0.0,5.193753719329834,92.46495056152344,67.1593246459961,124.24054718017578
66,-73.940707,40.661806,24.6098380960444,11.899359508227276,22.833055475706697,0.14479175690681703,0.1282599664503528,0.6654913707446025,0.13590474282541581,7.652859431441111,155,4334,251,344,251,307,337,368,301,277,285,241,289,262,169,125,57,103,95,145,127,26.66728401184082,10.617591857910156,22.931713104248047,30.506460189819336,7.955168724060059,0.0,5.149052619934082,150.91880798339844,132.49478149414062,183.07760620117188
67,-73.95381,40.656276,26.366547913293214,12.089174765127678,21.958177245919863,0.24445607112004208,0.19976216503697583,0.6044137851465122,0.14091040673758568,9.493484116687396,117,7667,380,527,480,630,738,655,547,583,542,541,368,386,297,206,147,143,151,165,181,18.34418487548828,11.825289726257324,3.2667276859283447,2.7761688232421875,6.904221534729004,0.0,5.4449968338012695,162.19155883789062,113.78572845458984,218.34661865234375
68,-73.946381,40.679079,31.896752064179744,7.61356898214716,20.79690666268983,0.2785572030926278,0.2307357928590441,0.8977305164653298,0.13941489091455167,8.140188290927947,181,8625,737,682,553,709,644,637,581,761,584,431,348,318,300,245,198,158,209,246,284,0.05841512978076935,19.73239517211914,1.4300799193733837e-06,134.6429901123047,4.925518989562988,0.0,5.089098930358887,125.97452545166016,93.09705352783203,157.7500762939453
69,-74.008795,40.64373,26.476958827417704,11.532557784044236,20.581449598273974,0.2659844605447996,0.22341068959076132,0.6005376777392907,0.17881670787563791,8.813902409018018,149,6353,464,496,477,506,446,388,321,295,275,296,335,341,318,296,206,172,183,238,300,0.0,1.0875599530726908e-32,0.0,3.2941339015960693,0.0,0.0,5.388923645019531,219.6700439453125,147.7175750732422,292.1186218261719
70,-73.974664,40.595996,26.880960663159684,12.204846739768984,21.832176794608436,0.08579591910044351,0.4268149534861247,1.1381596326828003,0.16549328962961835,8.328003684679668,128,1020,61,55,66,67,81,80,70,66,87,84,57,48,31,31,34,27,16,13,46,0.0,0.0,0.0,25.652273178100586,0.0,0.0,5.135984420776367,82.43172454833984,78.0545425415039,95.85126495361328
71,-73.984985,40.608135,21.270025267583147,10.97522478425101,26.587527342949915,0.21813121181302303,0.11821453937430508,0.7736254274175408,0.10898550797937516,6.6007694501555365,178,1825,179,124,121,116,92,103,116,73,111,113,85,83,59,50,27,58,119,83,113,0.0,0.0,0.0,0.0,0.0,0.0,5.331879615783691,143.02102661132812,120.72250366210938,183.53500366210938
72,-73.98557,40.601191,21.45982577476972,10.034255981445314,28.26550000979577,0.11571389657479746,0.08460715964988426,1.1613367810661408,0.1540647907021605,7.047080287226925,135,800,58,63,50,36,46,42,48,60,37,59,65,35,18,26,21,12,25,46,53,0.0,0.0,0.0,0.0,0.0,0.0,5.298387050628662,102.70618438720703,85.5909652709961,131.2422332763672
73,-73.954047,40.583893,22.05654072102154,13.988979900421185,25.897854384376494,0.1344625259243939,0.2553556683802709,0.9321194722315804,0.13413963706559318,5.887344588011806,229,1504,133,112,154,99,98,102,94,65,82,51,73,53,82,53,45,36,44,48,80,0.0,16.267778396606445,0.0,1.7284876427600186e-40,1.8018361330032349,0.0,5.273200988769531,148.31825256347656,190.49700927734375,131.93051147460938
74,-73.966031,40.621474,19.13354686372348,17.468842548301364,22.305809681421717,0.1889674854524992,0.11988203654917635,0.9672623272089993,0.13621993151129988,7.524324510756695,129,588,39,58,49,26,32,62,44,33,44,36,9,26,18,30,10,15,32,13,12,26.952484130859375,4.663695812225342,41.94644546508789,16.72115135192871,27.15084457397461,0.0,5.219717025756836,109.2711410522461,128.47998046875,90.6293716430664
75,-73.97083,40.577591,27.284898677793866,16.719989482762095,18.91243237407268,0.38366210894758296,0.470923976737912,0.9615493421794987,0.13657858391769795,5.426736105056034,238,1854,103,128,102,116,155,108,138,118,122,122,101,69,85,71,58,43,53,78,84,0.0,0.0,0.0,0.0,0.0,0.0,5.286277770996094,181.693359375,118.10028076171875,241.00634765625
76,-73.991962,40.597379,23.026456197102853,11.604947153727215,24.68955078125,0.17115580240885417,0.11200103759765626,0.9329752604166666,0.17693761189778645,7.267629750569661,125,903,54,61,85,84,47,43,55,48,52,42,61,57,33,25,18,32,15,40,51,0.0,0.0,0.0,0.0,0.0,0.0,5.416872024536133,118.8025131225586,97.82716369628906,138.5841827392578
77,-74.028758,40.634318,26.901321243821528,14.33543782485159,19.208265814864845,0.1418320756209524,0.14068892127589172,0.6311477276316859,0.09570456387703878,8.337250717899254,152,1997,128,137,115,119,114,76,95,119,120,100,107,147,101,101,51,78,94,104,91,0.0,0.0,0.0,0.0,0.0,0.0,5.48752498626709,151.6558380126953,116.77288818359375,187.16806030273438
78,-74.028492,40.618077,21.99586337881633,10.411313269458859,26.996161178111155,0.1284318295192543,0.19494683703006302,0.8300126147753186,0.14241676962836675,7.1861210888042395,181,2243,144,179,149,144,102,104,104,104,106,135,119,131,154,131,79,71,69,104,114,0.0,0.0,0.0,0.0,0.0,0.0,5.426771640777588,121.41946411132812,116.75635528564453,128.90582275390625
79,-74.003635,40.63332,20.77908588650439,11.875044130811503,28.51067108785924,0.1262569219718052,0.09150910221673304,0.8322092442730673,0.1102422577103758,8.265958216714964,153,1728,92,94,75,86,76,97,98,136,131,95,140,105,65,58,37,44,46,106,147,0.0,0.0,0.0,0.0,0.0,0.0,5.340867519378662,167.9440155029297,172.32379150390625,160.7395782470703
80,-73.913378,40.693318,21.357874790255686,11.035856068563115,25.761677721421496,0.14983595704003203,0.10486849777990108,0.4927095463521761,0.10803506242857278,5.746557844056786,139,6568,710,554,605,629,505,611,645,352,291,264,239,265,209,166,97,86,75,108,157,13.277676582336426,14.374378204345703,0.24032582342624664,2.4376922702629145e-10,3.244405746459961,292.0226135253906,5.516969680786133,134.45701599121094,110.68620300292969,161.1989288330078
81,-73.981181,40.662945,21.343661663579002,19.147899478089577,19.16264851888021,0.3479170331767961,0.20236781999176626,0.6195139417461321,0.12215969609279258,7.498218124988033,170,1256,103,72,88,119,64,54,61,59,67,55,60,85,65,65,21,37,61,59,61,51.265445709228516,26.11994171142578,149.05447387695312,0.0019195943605154753,31.83075523376465,0.0,5.650553226470947,129.4856719970703,96.25814819335938,162.47622680664062
82,-73.884348,40.681295,25.950646930270718,10.439050250583227,24.197474797566734,0.18201149834526908,0.4292225307888454,0.7686210208468968,0.11415417989095054,6.888607660929362,150,5130,303,346,413,397,411,513,516,375,382,328,217,164,155,93,68,49,90,154,156,25.60881233215332,13.533294677734375,17.48902130126953,1.0544396085443442e-11,16.352895736694336,291.8016052246094,5.435922145843506,107.32999420166016,76.11749267578125,137.24722290039062
83,-73.933099,40.635842,18.504846038449788,8.54883147898504,32.474628162844745,0.12055963709734488,0.07551211665793893,0.9933057038680367,0.15570898562813726,7.498191520211776,138,1267,142,98,69,82,71,43,61,80,112,104,88,54,69,38,20,34,26,28,48,1.9526347552756285e-11,17.509233474731445,7.555517862883991e-19,8.056278625982738e-13,1.8107422505853066e-10,0.0,5.239162921905518,74.20404815673828,64.01287841796875,87.47976684570312
84,-73.941926,40.723743,29.747229164463416,9.108624700027676,23.286755733226304,0.12185423421786497,0.1807542440528694,0.8281149622482088,0.13690163279824907,6.8802944892379365,217,1259,228,121,92,94,93,62,55,70,43,26,41,70,48,35,18,39,43,50,31,27.294876098632812,16.813547134399414,21.107866287231445,1.5316269086351753e-11,21.903932571411133,0.0,5.5797038078308105,112.74662017822266,79.87881469726562,139.4120635986328
85,-74.000565,40.619417,25.886854439070728,10.578069181153266,23.78811167948174,0.09580940911264131,0.3704233603043989,0.9704512177091658,0.15230431701197766,6.841021956819476,176,1369,76,60,81,95,73,81,63,74,123,108,116,73,47,64,35,21,51,42,86,0.0,0.0,0.0,0.0,0.0,0.0,5.297812461853027,133.0852813720703,136.10089111328125,127.99527740478516
86,-73.971474,40.688769,23.410286925768073,19.22573595539505,16.42758073941083,0.23937740236380847,0.15809233759490537,0.8857953156663777,0.11664421905374305,7.438419682319176,142,1233,127,114,77,87,104,67,92,100,91,56,69,48,46,32,30,14,25,33,21,3.5898311138153076,1.8803772926330566,0.5440487861633301,71.87739562988281,5.28525972366333,0.0,5.268431186676025,160.560546875,171.19454956054688,150.1292266845703
87,-73.90788,40.642684,17.243741069882798,11.518682896964362,30.201545035003857,0.10014106766686572,0.02801858695449343,0.8139899834958861,0.1878141091381162,6.0721765910997005,157,1395,62,98,67,74,80,103,93,90,99,81,96,106,56,38,26,53,52,59,62,22.70315170288086,16.187196731567383,67.9188003540039,3.2101523504854413e-31,20.317108154296875,0.0,5.281322479248047,81.36012268066406,67.9809341430664,96.68719482421875
88,-73.897896,40.634861,16.366550068796414,11.745656095905067,31.36172612508138,0.09471092695071374,0.10690759729456019,0.89342611807364,0.24006925983193472,5.02536184993791,135,1042,63,42,54,57,95,67,61,63,68,42,69,68,48,50,22,24,53,45,51,0.0,18.160856246948242,2.9422649212851315e-12,0.003017929382622242,0.0,0.0,5.249077320098877,74.75714111328125,60.15169906616211,89.93877410888672
89,-73.916563,40.698077,30.932104211104534,6.6678619384765625,22.650614286723894,0.28623530739232117,0.6405924077619586,0.981639226277669,0.15970330489309212,5.867035347118711,190,24177,1661,1668,1847,1561,1512,1693,1434,1340,1295,1042,1017,1004,1020,991,801,905,1058,1071,1257,9.543534278869629,22.852773666381836,1.0892518758773804,0.0,3.064218044281006,0.0,5.40258264541626,162.42115783691406,158.8683319091797,165.31289672851562
90,-73.987602,40.671145,24.394595416295047,10.855480517495803,22.885560162494638,0.23370919200037257,0.2632809971568672,0.7762747233543323,0.11671742492558178,7.950830918975418,173,2990,239,167,189,201,222,197,200,211,240,201,159,128,112,88,51,72,87,104,122,32.18444061279297,29.813013076782227,177.38751220703125,94.00814056396484,35.28731918334961,0.0,5.180160999298096,135.53599548339844,123.59819030761719,141.74635314941406
91,-73.938733,40.626038,19.35328809322153,13.482538270361632,27.061825622746973,0.08726787174680105,0.0366650491094393,1.0233066700122975,0.17682946758505735,7.556851312456799,162,1433,72,98,99,89,102,108,119,72,82,75,76,95,58,46,29,54,45,64,50,23.789608001708984,0.0008204099140129983,30.75927734375,1.5864457317271707e-11,16.227468490600586,0.0,5.3848748207092285,95.48622131347656,78.87779998779297,109.07435607910156
92,-73.937888,40.700819,29.269856129616418,14.102057785729741,18.665097581694948,0.31203313430829605,0.19030883441283833,0.8744947591058891,0.12903770490249677,5.732495288903216,234,11945,670,779,989,994,839,887,792,931,824,599,579,574,438,395,191,230,271,466,497,13.913442611694336,18.291536331176758,14.597723960876465,167.77476501464844,10.986465454101562,0.0,5.289599418640137,149.1385955810547,122.3245849609375,175.99671936035156
93,-73.978472,40.622671,24.55946573547561,12.800129023184665,22.90352694810787,0.10350792153367719,0.44134998012900745,1.014016901405112,0.14666615952180043,7.520222278088816,103,198,13,10,11,19,14,7,9,6,18,11,15,13,4,12,7,2,7,10,10,4.064298629760742,24.15520477294922,0.026643726974725723,15.841976165771484,11.411304473876953,0.0,5.359402179718018,100.3499755859375,139.34716796875,84.62106323242188
94,-73.939282,40.675905,25.745918378548282,12.9608796115666,20.950762229629706,0.19553059767067177,0.20211256003078026,0.6875450601054646,0.1446466405683429,7.36415416379518,158,8605,678,752,730,733,791,654,699,656,601,361,350,308,273,217,141,94,138,223,206,10.80040168762207,5.411303520202637,3.4223361015319824,65.67996978759766,13.478851318359375,0.0,5.315816402435303,118.92378234863281,87.04548645019531,154.64405822753906
95,-73.922388,40.704076,28.218713287235232,5.908992124158283,24.63964343995087,0.23990250373071476,0.3796185633932898,0.7589824439943298,0.16120515128438787,7.388602301131847,172,8979,687,815,692,637,599,769,829,802,727,448,323,283,215,175,97,110,156,243,372,14.543071746826172,19.571807861328125,5.0713067054748535,4.451948532047112e-11,8.434073448181152,0.0,5.478962421417236,172.58985900878906,157.01971435546875,193.8303680419922
96,-73.99062,40.667464,28.06167492921325,6.819569014041362,24.251434538099502,0.16039066387775758,0.2200000587551073,0.8449729831739405,0.10267144418767585,8.43435411709022,174,3243,314,254,178,207,188,199,186,209,244,218,220,154,126,81,47,78,102,93,145,29.50203514099121,26.319807052612305,173.01937866210938,12.53515625,34.391807556152344,0.0,5.334049224853516,111.4423599243164,92.27771759033203,131.16917419433594
97,-73.943279,40.697619,26.01219002405803,18.590934435526535,18.158664385477703,0.36981709798177087,0.1576681137084961,0.7135378519694012,0.08794562021891275,6.7419826189676915,200,16708,877,1227,1214,1360,1228,1293,1286,1307,1131,841,800,770,645,454,246,293,354,621,761,25.23593521118164,21.537189483642578,26.73788833618164,135.78199768066406,26.798477172851562,0.0,5.317588806152344,168.01939392089844,167.49856567382812,185.87660217285156
98,-73.947932,40.719818,24.327983022705325,11.879227801067069,24.951493352409305,0.22073586781819665,0.09148120880126953,0.9586837233566659,0.15204766901527958,4.952332159368005,328,1238,63,65,84,67,61,54,141,149,175,55,29,68,30,28,11,31,60,55,12,13.594938278198242,15.359052658081055,10.864847183227539,6.945011138916016,17.09000015258789,0.0,5.456602096557617,88.33209228515625,96.31692504882812,112.58302307128906
99,-74.018429,40.623687,16.031764828881556,20.39659171141396,23.68591367736343,0.08218547170476395,0.12006205181742824,0.7793931073920671,0.11447843655135281,5.849778005319049,172,766,24,36,33,41,85,87,65,47,39,32,30,48,47,27,25,31,13,37,19,0.0,0.0,0.0,0.0,0.0,0.0,5.488705158233643,59.02775192260742,58.12664794921875,78.94813537597656
100,-73.995084,40.60498,28.163347176626218,10.665147073443617,21.94598989283785,0.2926307930732169,0.1973948016516142,0.7059956273288592,0.09525740963911052,7.928733284591783,141,1707,135,100,116,113,115,147,140,111,107,81,108,96,59,44,25,32,27,46,105,0.0,0.0,0.0,0.0,0.0,0.0,5.349465847015381,136.79844665527344,112.08125305175781,161.48519897460938
101,-73.993293,40.685006,29.659356528181366,13.337562530021357,19.405848030152363,0.373752524213093,0.2179050833229127,0.7632649041772858,0.1009884888563699,7.600236520534608,164,4457,350,346,381,291,273,322,385,274,235,202,286,248,201,131,77,83,80,149,143,31.783884048461914,38.314945220947266,109.32943725585938,158.54283142089844,61.93412780761719,0.0,5.53689432144165,132.50437927246094,133.84609985351562,131.64418029785156
102,-73.976053,40.648924,18.482482586151512,17.57972805927961,23.709032015922737,0.12830297152201334,0.03990393418532152,0.8011898933312833,0.13858568974030322,5.837572690768121,208,987,92,99,78,91,64,58,51,51,49,49,38,50,34,46,25,28,30,30,24,16.73619842529297,26.975133895874023,23.86469841003418,120.77523040771484,4.0055036544799805,0.0,5.638718605041504,116.94356536865234,105.06419372558594,138.03326416015625
103,-73.993247,40.640728,29.55075401106692,8.787507792703467,21.069261918660086,0.17234359691345616,0.38678100685668154,0.7770569495905459,0.1302342009700202,7.990726146822662,204,2010,121,92,102,106,170,105,110,120,118,172,142,96,85,71,65,49,79,86,121,0.27420806884765625,17.585041046142578,1.7999883890151978,2.0049329307880726e-08,8.915632849529035e-19,0.0,5.3616557121276855,176.33352661132812,152.73846435546875,198.04393005371094
104,-73.945663,40.714772,29.83653054853375,7.968275931083034,21.658972994182285,0.18832527659536358,0.15682968796725477,0.895284807853151,0.1598224305270011,7.87879618351159,209,2096,108,136,123,91,174,156,176,176,151,135,163,113,85,54,34,35,62,64,60,28.721622467041016,15.83145523071289,17.494482040405273,0.0,32.26232147216797,0.0,5.398610591888428,121.90553283691406,106.93697357177734,136.93017578125
105,-73.980455,40.679916,24.852904757937864,9.436536221890837,26.426183511544995,0.2490406208210163,0.24268038638003234,0.6418652577443166,0.08126817308030686,7.234722859150653,185,4161,313,317,298,270,277,278,287,260,310,257,218,170,157,98,87,115,119,178,152,27.620418548583984,17.360708236694336,87.58137512207031,4.5223989483811344e-12,53.45774841308594,103.83808135986328,5.396432876586914,148.9273223876953,125.5704345703125,167.89825439453125
106,-73.97318,40.632145,18.82790396075525,19.389646305533468,20.139445611340797,0.1845555867025714,0.17454181602615082,0.7943888148385845,0.12494618307330652,7.78237988135058,167,13747,605,698,707,646,612,544,620,709,725,857,773,692,748,661,561,643,869,899,1178,33.0999755859375,5.243231296539307,76.29022979736328,12.264930725097656,23.874895095825195,0.0,5.475906848907471,177.35366821289062,153.26832580566406,201.9029083251953
107,-73.932949,40.653093,20.038831208006748,11.286114503615302,27.503382614235473,0.16681571411930657,0.17854445380582787,0.8390638563368057,0.14693212405269185,6.382535381774237,153,5161,351,387,309,342,333,293,315,296,378,374,290,229,251,213,100,114,99,159,328,24.414791107177734,26.638647079467773,15.676342964172363,2.7760608196258545,8.629341125488281,0.0,5.271218776702881,102.7372817993164,75.40907287597656,130.36575317382812
108,-74.007596,40.652127,28.500689573066175,5.192596819973732,27.091555780218556,0.1271006857701974,0.1905819796776587,0.7599759656329484,0.10988886042158735,7.112658744634584,215,8365,523,501,550,503,537,552,462,473,474,476,440,529,414,364,231,281,218,421,416,0.0,9.154687881469727,5.950280741212895e-27,67.61830139160156,0.0,0.0,5.411637783050537,143.92591857910156,141.16287231445312,142.3073272705078
109,-73.916641,40.682248,24.565148311967828,14.61136603230581,20.57834212484576,0.11734155252133782,0.13854940524276013,0.549693881529164,0.12286287743799766,7.090852314681076,191,6376,376,701,523,586,558,652,557,438,435,370,246,201,151,125,95,80,61,111,110,10.508721351623535,3.1022369861602783,2.5006852491515907e-11,0.0,4.08624267578125,0.0,5.342281818389893,113.05052947998047,67.75434112548828,158.87254333496094
110,-73.951559,40.673943,28.119899309598484,11.63551232753656,19.056698236709984,0.21989186604817712,0.13374475332406852,0.5996163686116537,0.14343848595252404,7.582402840638772,130,5481,612,608,480,542,457,506,418,304,303,224,203,179,181,135,83,49,69,72,56,17.67819595336914,18.243297576904297,41.648616790771484,1.3915281295776367,36.488014221191406,0.0,5.321527481079102,143.74935913085938,114.26966857910156,172.71368408203125
111,-73.965862,40.64134,18.332245267670732,19.801902332525145,22.994642805779122,0.1730248023723734,0.08569125471443965,0.7970040420006059,0.24612317140074982,6.736460937850777,145,2367,147,178,193,190,179,227,172,182,130,129,89,112,84,78,66,41,42,63,65,13.906060218811035,28.34062957763672,19.278043746948242,26.431032180786133,18.26384162902832,0.0,5.365345478057861,96.10100555419922,83.93328094482422,108.59314727783203
112,-73.9456,40.68192,28.179850824562042,12.583780736430713,17.948911559413855,0.3033857390354497,0.19326411502462038,0.7598265795640541,0.11844187275344777,9.51262483014747,142,7995,666,621,558,639,715,703,623,642,463,320,324,285,291,236,156,156,166,196,235,8.183367729187012,28.262107849121094,0.00022401331807486713,86.18708038330078,1.879349708557129,0.0,5.261663436889648,122.45470428466797,93.65087127685547,151.87533569335938
113,-73.951575,40.656423,25.28713324974323,10.09838581085205,24.92891125295354,0.21556081442997377,0.20896237472008014,0.7944655144351651,0.16313174675250872,9.738376770896474,116,7439,368,518,467,584,679,632,536,595,528,538,360,387,274,200,128,142,159,165,179,14.91388988494873,17.040916442871094,2.723129987716675,0.001423079171217978,4.951761656962761e-13,0.0,5.3885579109191895,150.44277954101562,106.1268081665039,201.23516845703125
114,-73.932388,40.701107,28.4688719155717,4.157941303555927,26.601303780099908,0.1490793110411844,0.08653206800026868,0.8666334539073695,0.12160171697169174,6.251688020359692,189,4557,324,208,279,278,256,261,289,354,323,220,248,297,191,180,100,133,177,194,245,6.858208179473877,23.184757232666016,3.176114797592163,11.240044593811035,7.209850788116455,0.0,5.356157302856445,136.21812438964844,88.53148651123047,177.84158325195312
115,-74.002022,40.679462,25.274716252865986,9.426412846259922,26.93583861641262,0.15966518437281269,0.09623993683866519,1.1423822134065684,0.13681004641084335,5.6497954568372855,253,2565,143,120,117,130,154,115,165,153,135,92,139,191,244,239,74,82,46,108,118,43.854881286621094,33.297752380371094,90.59980773925781,86.06190490722656,38.449554443359375,0.0,5.68884801864624,80.25438690185547,85.28779602050781,97.76461791992188
116,-73.93879,40.705005,26.735321293032268,14.692064998595695,20.60061689960924,0.22052090342451885,0.17992035160219766,0.8045086692665327,0.12435111896132389,7.204515307253292,246,9767,688,620,756,803,667,796,698,836,633,464,373,498,438,356,171,167,217,288,298,8.110455513000488,17.558603286743164,24.084688186645508,1.1115164756774902,14.234322547912598,0.0,5.36298942565918,153.5516357421875,127.38818359375,158.11593627929688
117,-73.89276,40.669361,23.404162583875735,10.237393903810597,25.989845507642123,0.14197689363326152,0.12432217402215467,0.8696728347753265,0.1652482695180207,6.429645776357167,203,11765,757,844,891,912,1004,1162,946,854,753,678,581,395,283,312,174,172,223,384,440,23.456295013427734,19.070005416870117,84.4624252319336,0.0,24.472341537475586,0.0,5.437893867492676,140.65431213378906,117.8004150390625,161.49122619628906
118,-73.90514,40.668768,25.375652958697266,12.13166984003006,24.44709690694276,0.27059242003258516,0.12347581221165793,0.9461765967044734,0.16071832724634158,5.26712711289046,197,23711,1382,1498,1726,2214,2082,2133,1965,1640,1630,1191,1100,992,890,667,375,328,384,696,818,24.377246856689453,16.893980026245117,50.47549819946289,12.795282363891602,14.214229583740234,0.0,5.4099578857421875,146.16928100585938,115.34699249267578,192.03140258789062
119,-73.908242,40.693432,26.18718818381981,9.623333966290508,23.51282684891312,0.18327854297779222,0.18418394489052856,0.6333845633047599,0.09536272213782794,6.938562510926047,135,7126,556,782,586,653,673,589,664,408,311,311,262,286,222,239,129,103,88,127,137,23.859024047851562,23.338665008544922,9.031672477722168,2.401386867134647e-10,5.605051517486572,247.36474609375,5.486601829528809,154.50534057617188,105.5241928100586,204.31442260742188
120,-73.954269,40.632619,22.404074972215803,18.782842796267445,19.342550855253183,0.15064948084396868,0.12525456552287095,0.6585951069839127,0.22835889238740956,5.83467483520508,131,1466,115,147,115,110,110,97,103,100,60,68,69,77,68,41,26,26,32,59,43,12.217316627502441,18.869020462036133,79.41382598876953,3.8529031717469617e-14,50.33250045776367,0.0,5.348598957061768,174.09275817871094,366.4964294433594,125.85127258300781
121,-73.960027,40.601179,22.77979773610927,11.44374088176246,25.822457372177762,0.2749202320876631,0.17432302333004654,1.0999145631265486,0.14089874465102906,9.435012965526395,103,913,71,60,74,74,58,36,52,55,68,52,37,64,43,62,24,21,10,26,26,29.175670623779297,18.105276107788086,23.650747299194336,43.329097747802734,28.646621704101562,0.0,5.028993129730225,83.25039672851562,65.39012908935547,100.4059066772461
122,-73.975967,40.657002,12.832511704543542,29.49415751343943,18.797624704938286,0.1672616863616125,0.05131425528690733,0.518731961305114,0.1099169939413838,5.328561154361886,174,358,28,25,22,41,50,23,13,16,12,17,21,12,17,7,24,7,7,10,6,37.828208923339844,32.320491790771484,117.02407836914062,6.935351371765137,52.352943420410156,0.0,6.0760393142700195,79.48797607421875,58.39067077636719,101.15706634521484
123,-73.908682,40.677634,23.018219526423973,8.43727333601131,26.95569947708485,0.14139781626620035,0.28313629386961,0.864732875380405,0.1577146663222202,5.618432954300282,215,16253,1059,1306,1176,1231,1092,1366,1140,980,1147,1143,764,546,400,390,233,177,480,805,818,0.7256857752799988,7.786856651306152,0.5928681492805481,0.0,15.471253395080566,0.0,4.958169937133789,123.5639877319336,88.51226806640625,158.72271728515625
124,-73.91788,40.665553,22.43507385253906,10.397385006859189,27.270664760044642,0.16418765840076266,0.1910701933361235,0.7263813927060082,0.14730653308686756,5.429008302234469,175,7903,337,386,456,582,682,922,609,824,614,569,443,288,271,188,141,137,125,165,164,7.480378150939941,19.83304214477539,8.380011558532715,0.0,20.514005661010742,0.0,5.25996208190918,102.18482971191406,72.98407745361328,131.52244567871094
125,-73.959999,40.695397,29.05477421258086,7.1439226212040055,25.8997675167617,0.14996497861800656,0.13360669535975303,0.738998741231939,0.10349273681640625,7.129216347971269,155,1582,95,109,109,162,169,97,122,87,101,48,71,67,44,49,48,49,44,65,46,10.181110382080078,35.28104019165039,69.8304443359375,98.78740692138672,9.995050430297852,0.0,5.363986492156982,180.27757263183594,160.02301025390625,191.88250732421875
126,-73.885214,40.67259,20.982524663262485,9.384425397062218,29.526924456238117,0.13316993780657518,0.11834240464306382,1.0509739897659003,0.15834138927426078,5.682272801744032,189,7080,662,584,649,670,651,569,469,377,441,351,306,284,251,216,125,148,90,103,134,3.2501180171966553,12.826632499694824,40.385833740234375,8.654633433524683e-12,23.377653121948242,0.0,5.604887008666992,94.48881530761719,66.98267364501953,122.90687561035156
127,-73.869705,40.676111,19.272523697975764,10.963778805765704,29.770752997813883,0.1869689709253166,0.18018245037495678,1.098395647019931,0.1564296284486974,5.940154512228641,241,9017,560,672,583,548,666,747,748,805,706,520,444,419,248,273,161,153,211,258,295,15.322691917419434,18.424041748046875,9.195496559143066,0.0,12.26490592956543,0.0,5.802463531494141,109.82251739501953,78.43502807617188,134.41140747070312
128,-73.999045,40.636932,24.916890012696136,10.98062951958139,24.358369525434192,0.20907446992919104,0.23129781087239584,0.7137298583984375,0.1358395072346183,8.32122407778345,198,1179,87,86,56,47,47,62,69,67,55,55,74,65,40,54,57,63,49,69,77,0.0,6.219398498535156,0.0,6.046754360198975,0.0,0.0,5.252351760864258,182.0254364013672,193.01132202148438,178.49024963378906
129,-73.949243,40.665757,26.695737122111233,11.451447951770701,22.82027352981715,0.207290392160875,0.09235903936544135,0.6770876331366096,0.12164345596107673,8.121145024235307,173,16909,1032,1110,1087,1065,1096,944,1059,1071,1038,1006,954,852,744,752,462,522,698,695,722,18.911773681640625,10.611335754394531,14.567238807678223,104.44380950927734,13.306007385253906,0.0,5.317508697509766,175.70559692382812,165.89669799804688,190.08831787109375
130,-73.919643,40.706816,23.930748218276584,7.516490943115672,27.287997310734134,0.14011355711140513,0.06511031940419187,0.8946953708552973,0.17176546076292634,6.13893437129195,186,4568,324,271,309,331,382,425,540,361,343,231,184,146,107,78,43,42,66,133,252,14.613489151000977,25.004941940307617,18.81770896911621,1.578466177210025e-11,10.211749076843262,0.0,5.3717803955078125,135.23255920410156,149.1280059814453,128.12124633789062
131,-74.007469,40.606739,18.837882037186507,11.563431801487557,28.316607404111036,0.12547815617044175,0.13370798594916045,0.7835509172126426,0.12372311074935378,6.856085174712376,134,883,37,61,65,70,45,61,54,67,46,36,46,46,28,50,27,31,24,41,48,0.0,0.0,0.0,0.0,0.0,0.0,5.324757099151611,107.58416748046875,92.42999267578125,123.03105926513672
132,-73.985739,40.637101,25.225102667715028,10.396663548231794,22.925569764038432,0.21650757776255034,0.10351880925710129,0.7582544278697807,0.10785602387927827,10.18759276018757,119,559,44,37,31,29,31,28,35,42,29,23,32,42,24,23,26,16,19,12,36,28.802764892578125,25.388282775878906,34.59211349487305,15.78970718383789,21.168468475341797,0.0,5.359649181365967,225.9705810546875,272.5466003417969,179.9196319580078
133,-73.910938,40.657061,21.139359230400352,9.484159239474492,27.81526979005654,0.13162948358765897,0.112987588519699,0.8447699751590658,0.1514982835890569,6.15726697176756,163,8171,436,470,495,638,643,721,589,475,500,493,477,401,345,290,256,173,194,286,289,20.28236198425293,16.17123794555664,22.145639419555664,16.23065757751465,16.275808334350586,0.0,5.657679557800293,138.16595458984375,123.27181243896484,161.63145446777344
134,-73.911751,40.696457,28.200954684504758,6.5753364562988255,24.58601669028953,0.25750460448088475,0.48101566455982353,0.7370992943092631,0.12850673110396774,6.460148670055249,180,7627,758,669,846,682,532,695,609,405,318,262,238,213,207,200,132,105,146,246,364,17.83482551574707,21.333110809326172,3.231663703918457,0.0,3.0658962726593018,0.0002950828056782484,5.517421722412109,161.8083038330078,153.2093048095703,172.8494110107422
135,-74.0017,40.645825,24.25485546983763,14.552298531842183,21.19335998279244,0.22550618873452236,0.1639768012664603,0.6244849358964516,0.12885199652777776,7.919686595348941,159,3080,276,267,235,195,184,231,170,157,172,132,131,199,142,103,99,71,75,116,125,0.0,16.75028419494629,0.0,167.43148803710938,0.0,0.0,5.506961822509766,188.60789489746094,150.4244384765625,235.3647918701172
136,-74.018719,40.630373,19.735297282116328,18.320714018752753,22.302893818581122,0.16977791222735478,0.07181520815248842,0.753259070125627,0.1155767491254857,7.322207624109126,189,1672,41,94,94,116,119,119,83,117,99,75,97,119,119,70,57,59,30,84,80,0.0,0.0,0.0,0.0,0.0,0.0,5.593152046203613,116.36418914794922,87.07379150390625,146.1005096435547
137,-73.869434,40.685852,28.399932266927557,9.16898923042493,24.38472017969135,0.12847084030362038,0.3198804234611918,1.1162934688891653,0.15622690114279003,7.617374284732977,169,4587,405,483,431,401,386,425,243,256,264,209,208,151,162,112,60,65,70,140,116,21.26133918762207,13.785633087158203,7.568933963775635,0.0,28.872194290161133,0.0,5.441577434539795,129.0792236328125,84.01754760742188,174.69544982910156
138,-74.000191,40.657682,24.744482611895503,5.631408262788581,29.776530497976015,0.13832813791567913,0.1593996969501624,0.8537924691532431,0.10582141661911867,6.853023271882131,178,11930,575,623,575,478,472,556,607,662,702,545,586,712,717,841,586,579,817,635,662,15.694652557373047,13.725893020629883,11.36900520324707,8.724521972924837e-12,57.779136657714844,4.587408030057248e-34,5.430089473724365,102.25641632080078,100.34881591796875,102.12660217285156
139,-74.005205,40.624835,22.31752585932241,10.13012148625726,26.387936728341238,0.10823965613263535,0.21610606014052755,0.9120500006643281,0.16808888268849204,6.420155825798743,147,1292,47,71,66,67,95,60,44,63,58,48,92,105,73,81,72,64,51,62,73,0.0,0.0,0.0,0.0,0.0,0.0,5.362026691436768,166.86109924316406,175.90301513671875,158.4125213623047
140,-73.974425,40.608169,25.89578727111028,10.673012105069422,23.162963532046135,0.11455476746078609,0.5593923327226663,0.6176879547671139,0.14624435464233085,7.094097876733588,129,939,38,62,65,64,55,54,66,59,53,62,59,48,41,25,26,33,37,38,54,0.0,14.586633682250977,0.0,2.78305721282959,0.0,0.0,5.262970447540283,124.83314514160156,99.63597869873047,148.7447052001953
141,-73.915337,40.67538,20.687222521951583,9.929486836382353,27.978001069116672,0.12541179624040305,0.040589960127914514,0.7925422286328458,0.14756438233897679,6.076447910183658,193,7072,375,445,480,533,540,586,753,463,474,407,465,285,275,200,154,118,137,181,201,31.376041412353516,4.886912822723389,53.49576187133789,0.0,33.95072555541992,0.0,5.038309097290039,114.04955291748047,103.7228775024414,138.9029998779297
142,-73.97726,40.640127,22.59442531701291,14.174163895423968,22.638802961869676,0.21547818424725773,0.15533524330216225,0.8513803193063447,0.10225642811168321,7.933585427024147,165,844,61,61,44,48,53,63,50,58,49,50,48,35,42,25,33,29,27,29,39,21.49249267578125,14.308428764343262,69.87026977539062,21.44022560119629,21.331092834472656,0.0,5.208665370941162,160.6859588623047,132.17218017578125,185.3070526123047
143,-73.98925,40.626454,20.50177207359901,17.659204678657733,22.191980802095852,0.10328390659430087,0.04947809072641226,0.5302791106395232,0.07943128928160056,7.969146875234751,130,6544,361,349,321,326,361,264,278,314,418,448,449,324,311,342,216,298,399,363,402,0.0,10.071932792663574,0.0,81.28178405761719,0.0,0.0,5.406130313873291,139.45230102539062,140.96319580078125,138.39756774902344
144,-73.945883,40.648217,23.60573932528496,10.869905352592468,25.522314012050625,0.13027985890706378,0.17529825369517008,0.6837253769238791,0.1342919965585073,6.8751464287439985,128,3993,326,303,268,311,283,284,252,246,317,243,195,162,154,161,99,121,51,85,132,9.746578216552734,7.581707954406738,0.199776291847229,12.658011436462402,4.092905044555664,0.0,5.382486343383789,138.12977600097656,106.5179214477539,165.15438842773438
145,-73.960137,40.711915,32.39845828064034,7.640571440242432,20.7454399804068,0.2346984792883147,0.4281016507088244,0.8181389365366725,0.1121367000241043,5.437397434362217,289,5137,399,401,554,344,344,387,350,394,289,339,265,236,179,186,75,72,92,117,114,14.651056289672852,15.016575813293457,9.268352508544922,0.0,33.858192443847656,0.0,5.786566734313965,212.6350555419922,210.73504638671875,211.80662536621094
146,-73.905004,40.660385,20.815927258469245,12.986099340353801,26.050786101387818,0.19573547784436787,0.13018201111228603,0.9719127808913052,0.18885748148470677,4.861541918128919,157,8104,811,753,506,630,682,661,554,520,471,419,379,312,239,215,168,125,181,224,254,25.539737701416016,24.348461151123047,17.394466400146484,31.674686431884766,11.654711723327637,0.0,5.478723526000977,94.78877258300781,66.5102767944336,127.74407958984375
147,-74.033429,40.623598,21.504743216265695,15.71479274937041,22.721403698588528,0.11812673366655059,0.2647089403729106,0.7018651149069616,0.14902701365547277,8.765316995231371,129,1217,72,86,79,83,98,75,76,64,96,70,73,58,60,49,34,31,37,42,34,0.0,0.0,0.0,0.0,0.0,0.0,5.332453727722168,81.46047973632812,75.43504333496094,87.99807739257812
148,-73.994258,40.610917,20.726330140057733,12.842754055471982,25.693748745263793,0.14359390034395103,0.2312744365018957,0.47862506380268166,0.0994736073063869,7.639975407544305,136,725,41,60,43,51,37,34,44,53,47,49,36,54,15,20,17,40,21,40,23,0.0,0.0,0.0,0.0,0.0,0.0,5.398746013641357,113.0624008178711,90.92877960205078,135.68702697753906
149,-74.003883,40.627929,22.276495861750778,10.007826487223307,28.12571904992544,0.15704042168073756,0.1402799544795867,1.0874891793856056,0.17635550550235216,7.050028360018166,155,1716,69,66,120,116,126,72,68,92,78,94,118,149,88,85,74,92,67,70,72,0.0,0.0,0.0,0.0,0.0,0.0,5.321280479431152,150.010009765625,159.25836181640625,141.9747314453125
150,-74.000489,40.576733,16.46810825862832,13.485296370240938,28.308714454167472,0.09246883970318417,0.019650419881521178,0.9624799092610675,0.19639569537370333,5.267585670324069,121,4091,231,209,341,386,359,313,267,209,180,225,158,172,173,143,92,117,147,199,170,0.0,0.0,0.0,0.0,0.0,0.0,5.324768543243408,103.54785919189453,73.13069915771484,142.2857666015625
151,-73.925435,40.665228,21.52208869839892,17.730354575953857,20.38826353755998,0.1810366234171047,0.21232793360580632,0.5502172948892224,0.11961057843494806,7.249449702447333,162,11524,553,743,727,940,858,946,1096,910,821,655,590,430,438,336,188,190,219,382,502,8.056164741516113,23.05272102355957,8.644070625305176,4.179018974304199,18.54397964477539,0.0,5.4402947425842285,114.40814971923828,95.55532836914062,148.1942138671875
152,-73.894877,40.662243,26.2161369733913,8.002528939195859,25.861984170893187,0.12607348862514697,0.33531558129095257,0.8549954814295617,0.17742321055422547,5.940001703077746,155,10866,776,819,777,1088,870,886,1011,894,914,636,453,309,192,207,127,155,176,260,316,22.70087242126465,19.02751922607422,7.360163688659668,2.786012887954712,37.861209869384766,0.0,5.381532192230225,119.15290069580078,88.58887481689453,150.27976989746094
153,-73.924127,40.67173,24.644843840495845,10.613868556497419,23.915370924648265,0.15936847373004598,0.17206968167127468,0.6057766092804086,0.147504930372362,7.200186799614979,154,9780,727,723,798,746,912,1007,733,718,749,393,376,399,290,249,171,170,179,227,213,13.276049613952637,6.8521342277526855,62.48250198364258,2.982973026574576e-13,29.13673210144043,0.0,5.31159782409668,126.2093505859375,80.6875991821289,172.0777587890625
154,-73.97954,40.6288,23.271254470065184,15.861393574097148,20.160942698803897,0.1588138127235617,0.37653108209485747,0.9769448832077084,0.09877581249251673,7.53028237499953,174,643,54,45,35,34,32,52,51,49,39,39,38,16,16,24,17,23,26,38,15,29.352441787719727,24.058448791503906,70.34851837158203,80.33561706542969,37.85554504394531,0.0,5.381114959716797,96.81425476074219,99.57887268066406,108.50647735595703
155,-73.950321,40.62208,14.19457679937694,24.632343575974136,21.63033840084864,0.18509215888241431,0.032979791814630684,0.760205586751302,0.13458814174347347,5.698748922216663,121,422,34,25,27,27,38,24,36,30,21,34,22,22,23,21,6,6,4,12,10,24.438617706298828,22.23708152770996,10.54818344116211,9.682357788085938,39.410789489746094,0.0,5.27384614944458,49.79450988769531,61.81695556640625,56.13622283935547
156,-73.934163,40.598069,15.52684702242775,20.578945593238988,23.711050022913764,0.05746145266172384,0.04627931051414106,0.8715158956232907,0.13495574894342122,6.341695696725968,179,1957,110,118,103,116,175,125,139,177,126,84,102,105,89,48,36,52,61,90,101,7.255186080932617,14.573348045349121,6.69391393661499,12.540862083435059,20.40522575378418,0.0,5.250824928283691,79.53384399414062,61.75485610961914,103.96110534667969
157,-73.943498,40.580161,11.858971913655601,20.988854326943088,28.11359582945358,0.16024389932321947,0.00844778016556141,0.8035652397214905,0.18335054087084396,4.878688043402147,86,374,41,39,35,31,20,54,34,13,13,13,32,6,6,12,4,6,4,5,6,24.17833709716797,25.2486629486084,14.827032089233398,1.8912021254591238e-11,41.60749435424805,0.0,5.410423278808594,29.830644607543945,30.47941780090332,29.48740005493164
158,-73.939385,40.708804,29.38447341774449,8.497693321921613,22.98699725757946,0.16733949834650216,0.08568005128340288,0.9602210738442161,0.09679071830980707,8.71180711370526,176,5800,372,382,371,385,414,575,505,509,482,257,272,265,194,172,68,93,128,154,202,15.577370643615723,14.319594383239746,20.755504608154297,1.3890022039413452,18.09645652770996,0.0,5.310764789581299,156.3004150390625,131.69683837890625,161.01365661621094
159,-73.951398,40.612339,19.37505806548687,15.119709344855846,23.66623757760736,0.14916633251850114,0.0237525263919106,0.8335984708890634,0.15889099378626056,5.720605528304345,158,1270,106,109,98,77,47,98,101,71,71,57,53,65,50,59,40,28,35,42,63,31.373397827148438,17.00738525390625,43.595680236816406,44.180206298828125,50.589359283447266,0.0,5.102970123291016,114.27877044677734,138.04473876953125,134.68722534179688
160,-73.937083,40.637601,17.878002743069214,14.168964129843587,27.87182737025711,0.09754876152788707,0.08233754183176896,0.833248348830701,0.12584841794533125,6.827186794875622,139,1223,92,97,70,86,74,68,69,82,105,94,83,52,57,45,24,20,22,24,59,2.949021816253662,13.433135032653809,0.5449563264846802,0.14318397641181946,1.2412590399968337e-10,0.0,5.44577169418335,65.5704345703125,48.03451156616211,92.92936706542969
161,-73.963026,40.61631,25.860032778595794,13.167650803275734,22.368230089144184,0.1554027107191382,0.10280609130859375,0.9176972983539965,0.12130401642919822,7.233542882631038,161,1228,64,112,92,89,100,92,78,76,65,72,39,69,57,39,20,33,33,32,66,41.176246643066406,5.60365629196167,88.066162109375,17.28672981262207,28.75951385498047,0.0,5.344738006591797,147.5620574951172,185.66102600097656,114.26438903808594
162,-74.001915,40.602809,23.014906027021194,9.33185169006496,27.123394151673697,0.2247153697512736,0.23226355114122377,0.8013240322289386,0.10867269659854491,7.210819216540261,137,10009,412,548,594,492,440,420,463,534,588,597,629,560,435,541,350,416,651,646,693,0.0,0.0,0.0,0.0,0.0,0.0,5.436213970184326,123.97032928466797,107.11103820800781,140.22792053222656
163,-74.013749,40.619043,15.979252983542052,18.016149296480066,25.914243810317096,0.09850277620203354,0.029632343965418192,0.9659118278353821,0.1551579494102328,6.376406912710153,170,237,8,19,13,13,12,10,15,5,12,9,22,16,13,10,13,9,8,18,12,0.0,0.0,0.0,0.0,0.0,0.0,5.437306880950928,57.64037322998047,61.281776428222656,54.56355667114258
164,-73.876084,40.665817,17.412282137980952,8.41544185927992,33.04489862800825,0.09181491612601203,0.08104720918258818,0.871608280899501,0.17649757586690065,4.785010995644547,202,4616,396,376,299,285,345,493,426,427,318,314,200,119,123,105,61,55,65,96,113,4.2753472328186035,21.968839645385742,20.517473220825195,2.6012725830078125,29.808326721191406,0.0,5.880839824676514,93.65438079833984,68.3367919921875,112.4972152709961
165,-73.925732,40.622108,16.391077532677784,10.14948847494151,32.56394145934562,0.09949304224029791,0.12369440176945716,1.0539295227547003,0.2625385274085896,8.610557411421283,123,940,34,92,42,51,52,84,60,78,56,39,51,42,43,32,32,31,37,49,35,6.6191487312316895,0.7906278967857361,1.2528616498221672e-20,3.638253327081786e-12,6.187398683688006e-13,0.0,5.285714149475098,61.1599235534668,48.26407241821289,73.06179809570312
166,-74.006137,40.613535,18.225068631379507,13.431291007600707,27.356637634845995,0.12618730280463492,0.0659681995462927,0.8187621770191389,0.142870285002588,6.35729882534493,161,607,55,50,46,39,40,40,30,44,49,34,31,28,24,18,17,11,11,16,24,0.0,0.0,0.0,0.0,0.0,0.0,5.426229476928711,135.05654907226562,150.2306365966797,120.27339172363281
167,-73.986792,40.614737,19.496348409941703,13.2817369518858,25.25895773762404,0.16225275367197364,0.13391658513232915,0.5652360241822522,0.1287294156623609,7.094451152917111,132,923,56,66,41,67,61,73,63,51,67,42,33,40,29,22,23,40,30,59,60,0.0,0.0,0.0,31.214256286621094,0.0,0.0,5.319504737854004,137.81414794921875,117.56067657470703,158.55389404296875
168,-73.948453,40.596876,20.3561721703945,15.294252297817131,23.0482546488444,0.16521502763797077,0.2802802354861529,0.7418158115484776,0.1095449007474459,6.836560322688177,130,690,57,57,44,44,42,27,43,31,53,57,40,22,22,34,13,29,24,15,36,32.540069580078125,22.72028350830078,8.312932968139648,1.0311103099819308e-12,35.24750518798828,0.0,5.262228965759277,109.8582534790039,96.9816665649414,123.2619857788086
169,-73.930485,40.613981,14.27866865838955,19.977067717423676,24.881523213487995,0.11154156768293809,0.06385221548959719,1.0701438777553838,0.21455936116247873,6.92792265691374,141,479,22,34,21,25,28,29,24,38,36,19,30,24,27,17,17,14,28,27,19,19.476367950439453,2.3883166313171387,1.6341239213943481,5.102138956686536e-16,15.690896034240723,0.0,5.216907501220703,59.95656967163086,59.72117614746094,58.92447280883789
170,-73.930898,40.6427,17.56085996274595,12.812824823238229,29.688741542674872,0.08657729184186018,0.08678966098361546,0.996197594536675,0.17720659573872885,7.4666133633366325,144,1724,108,107,92,104,113,114,85,99,118,112,133,101,112,85,60,51,27,29,74,30.80958366394043,16.863821029663086,8.65320110321045,0.0,4.0924177169799805,0.0,5.260583400726318,68.87217712402344,49.918853759765625,86.08457946777344
171,-73.961191,40.5868,18.547023015812666,18.26540837522413,25.371645838836503,0.09501271343404911,0.17736361977832565,0.7982234920091751,0.11015146807894678,6.441746035994509,183,931,64,62,65,70,75,34,46,42,54,62,70,52,36,35,20,26,20,49,49,0.0,11.663050651550293,0.0,8.360575675964355,0.0,0.0,5.416898727416992,120.50997924804688,171.82650756835938,102.94369506835938
172,-73.895224,40.642931,13.98104886213938,17.107353806495667,27.639192144076027,0.15521883964538574,0.020821094512939453,0.8383937676747637,0.21785438060760498,5.153238972028097,160,2171,135,173,165,150,162,156,158,132,156,94,116,136,82,65,43,50,62,65,71,12.926025390625,5.382922649383545,1.848757028579712,4.813660144805908,2.0436906814575195,0.0,5.19988489151001,99.88772583007812,86.48926544189453,118.81880187988281
173,-73.985368,40.587612,20.242514904634454,11.52416252795561,27.651837666829426,0.10174080177589699,0.10666176124855324,1.2412200739354267,0.16931486718448593,6.02174523435993,135,1372,105,135,93,93,82,79,68,93,77,83,77,74,66,49,46,41,35,39,37,0.0,0.0,0.0,0.0,0.0,0.0,5.2006707191467285,86.93279266357422,105.47034454345703,105.68977355957031
174,-73.889968,40.659845,14.94431586492629,8.717391907222684,32.87862278166271,0.09720302763439359,0.1388407510424417,0.8705332922557043,0.1653604658823165,5.472451164608911,210,9180,660,773,605,807,743,776,703,635,725,520,456,269,230,213,109,125,168,318,345,26.800039291381836,22.2119140625,13.388616561889648,8.915759099181741e-05,28.3492488861084,0.0,5.47562837600708,109.05915832519531,93.29878997802734,133.48641967773438
175,-73.862961,40.675881,13.587484041849766,14.70902919769287,31.54377714792887,0.16961654027303058,0.06335163116455078,1.032620588938395,0.17145172754923504,6.263974189758298,200,3498,189,243,244,237,225,224,207,280,244,314,195,190,129,126,79,58,93,101,120,13.228558540344238,22.52592658996582,3.764732837677002,0.0,7.8845624923706055,0.0,5.690026760101318,81.9472885131836,58.84765625,99.2057113647461
176,-73.970171,40.602722,19.95593262653725,19.53381673962462,20.40890291625378,0.1287100361842735,0.16790464812634037,0.866092887579226,0.15088904137704887,7.888095986609366,136,918,31,67,53,53,60,63,82,62,135,61,53,46,27,25,18,28,15,18,21,0.0,15.7738676071167,0.0,23.36652946472168,0.0,0.0,5.263374328613281,85.8780517578125,97.80097961425781,74.80487823486328
177,-73.969647,40.59,21.18455686291859,12.768606531540017,26.30589611044933,0.1334649071064038,0.08281861375642303,1.003079553045149,0.15166664550235073,8.193503770252201,149,725,55,59,59,35,36,22,50,51,37,45,26,38,30,33,29,19,31,37,33,0.0,0.0,0.0,28.931873321533203,0.0,0.0,5.197959899902344,93.41633605957031,81.04071044921875,125.62178039550781
178,-73.966442,40.633482,20.194366026897825,22.617236935362524,18.957426110092474,0.22314713925731422,0.09221252130002391,0.8142114496555458,0.18908150342045998,6.477025414810698,196,1982,183,187,158,146,116,114,86,98,95,94,106,120,106,77,50,36,51,65,94,7.029608249664307,20.811647415161133,0.5189654231071472,7.6417388916015625,7.944606304168701,0.0,5.344080448150635,158.4573974609375,158.16554260253906,159.57135009765625
179,-73.874537,40.67002,18.619934611139147,12.74144068126977,27.84270472174523,0.18006352503561068,0.11756436136744966,0.832729851639511,0.16315639419043623,5.314695755107289,149,6788,465,526,410,448,425,683,783,613,440,503,311,202,161,188,99,83,125,141,182,9.232836723327637,27.231592178344727,14.144829750061035,1.3906853199005127,15.880563735961914,0.0,5.444810390472412,107.97608947753906,82.43218231201172,147.4995880126953
180,-73.922296,40.658834,19.183539188269407,10.872955611257845,27.785679065819945,0.11655229510683003,0.06324421275745738,0.7011273412993461,0.12777068398215552,6.137657454519562,220,8584,490,556,520,653,556,655,743,607,689,477,420,306,343,276,233,235,207,277,341,24.272367477416992,17.561302185058594,87.69969940185547,3.497177768399148e-18,28.302532196044922,584.4878540039062,5.190027713775635,155.769287109375,119.59717559814453,190.95535278320312
181,-74.00125,40.640997,25.975578082235238,9.97864133433292,22.985952988005522,0.23721289216426383,0.11977731135853552,0.6865672897874263,0.10777356331808524,9.538567275331731,152,2531,183,142,164,100,140,179,160,125,141,106,128,137,105,111,103,105,107,141,154,0.0,7.672145366668701,0.0,4.3068671226501465,0.0,0.0,5.3687052726745605,190.73768615722656,169.78550720214844,221.07662963867188
182,-73.935753,40.663964,24.451709850215725,10.643165786831364,23.69289379818132,0.1740363751303024,0.08355216024468629,0.6111113781644197,0.14928420844105625,7.35507920987344,173,4557,288,322,297,281,320,311,260,240,202,232,264,284,210,190,110,148,199,210,189,24.54863166809082,17.193201065063477,29.15927505493164,45.82940673828125,14.877950668334961,0.0,5.162203311920166,153.57191467285156,126.97247314453125,190.81068420410156
183,-73.939205,40.614005,15.038995934812817,19.19787682142833,25.217335122810383,0.1179500980931907,0.11240171906132027,0.8234085919339651,0.1389371202029371,7.361274224266375,149,313,9,19,17,15,10,18,18,22,17,21,22,17,17,19,15,10,12,18,17,26.0057430267334,11.208355903625488,22.571950912475586,17.295377731323242,41.58659744262695,0.0,5.365012168884277,91.94294738769531,105.31608581542969,79.0364990234375
184,-73.982424,40.6351,23.21651885498604,11.978625162551392,22.643162017543567,0.16024471962288636,0.1505873518991688,0.6588332729252507,0.10522250171121397,8.907055963664295,146,483,37,22,34,25,39,35,31,39,17,21,32,23,25,15,19,12,16,11,30,26.538549423217773,26.959129333496094,91.24971771240234,45.296077728271484,42.01064682006836,0.0,5.361460208892822,208.03370666503906,225.7733154296875,190.7930908203125
185,-73.866542,40.664143,13.876893045982344,7.1846693369153245,38.530060672020724,0.0601135175049459,0.03951316656068314,0.9559882703677629,0.19502615127760622,3.657961261364841,129,2494,119,132,219,282,180,256,188,200,129,158,135,106,58,65,40,43,55,62,67,14.471250534057617,20.14484214782715,11.087258338928223,0.0,23.111881256103516,0.0,5.200429916381836,59.29033660888672,42.70006561279297,77.07682800292969
186,-73.955856,40.58026,24.312142007719217,10.85559488312016,24.855182461622288,0.1778604150787602,0.07870929997141768,0.8156902034108232,0.1244771383642181,6.4486525310733445,205,2487,179,186,204,191,168,185,136,115,121,121,136,97,111,90,58,62,77,92,158,0.0,10.577282905578613,0.0,6.967146396636963,0.0,0.0,5.292457580566406,183.4934844970703,202.43017578125,166.5771484375
187,-73.977099,40.615405,22.590427874437538,10.58480420620804,25.947537930373972,0.1213811152105699,0.4620926180123743,0.7412983987336796,0.11079533029846052,6.9960364949405855,147,801,63,45,44,42,41,36,31,40,67,58,50,45,36,24,21,30,27,49,52,8.041972578316792e-13,23.241451263427734,7.951206636536362e-18,10.613226890563965,3.725758732290011e-33,0.0,5.246621608734131,112.99862670898438,90.61752319335938,130.93202209472656
188,-73.995961,40.622102,24.79543856212071,9.262157054174512,25.888037303137406,0.09517442612420945,0.30605168569655644,0.8273383927723719,0.16700824101765951,7.551868567391048,168,1251,92,79,126,83,65,72,62,51,83,93,83,43,55,33,40,24,43,49,75,0.0,0.0,0.0,0.0,0.0,0.0,5.305617809295654,131.7008056640625,136.8525848388672,130.48907470703125
189,-73.976801,40.60066,24.20895323794112,12.1113157679892,25.323540396839807,0.12130574283436832,0.13400835868639824,0.8104718308842759,0.15146548931415266,8.812808175372263,117,784,48,61,35,54,53,49,54,25,76,63,34,40,19,26,22,39,24,18,44,0.0,0.0,0.0,29.901229858398438,0.0,0.0,5.219062805175781,107.6849365234375,94.68110656738281,121.83557891845703
190,-74.013585,40.610331,15.915453190706215,16.98738182483076,27.517495512151392,0.1015234966667331,0.041895496601961096,0.7164478302001953,0.1339231218610491,6.8529090102838,98,259,21,18,19,17,17,17,6,10,8,24,13,10,4,17,7,16,9,18,8,0.0,0.0,0.0,0.0,0.0,0.0,5.906392574310303,100.24617004394531,94.30184173583984,106.67671203613281
191,-73.980515,40.645609,18.007702223012146,15.15415263287898,25.237718546334573,0.14696165989262397,0.08132558473398988,0.7559393493222519,0.12353395632175214,6.4219535236627285,142,715,45,67,55,68,49,27,52,34,39,43,45,31,23,22,21,20,28,26,20,35.15372848510742,22.713333129882812,37.01453399658203,18.088542938232422,39.548091888427734,0.0,5.304732322692871,121.75949096679688,138.5218963623047,146.4545440673828
192,-73.98925,40.626454,20.50177207359901,17.659204678657733,22.191980802095852,0.10328390659430087,0.04947809072641226,0.5302791106395232,0.07943128928160056,7.969146875234751,130,6544,361,349,321,326,361,264,278,314,418,448,449,324,311,342,216,298,399,363,402,0.0,10.071932792663574,0.0,81.28178405761719,0.0,0.0,5.406130313873291,139.45230102539062,140.96319580078125,138.39756774902344
193,-73.914282,40.651642,16.51485389445251,8.73965989975702,32.879748076071465,0.12703932724989853,0.04925046648297992,0.8311775339630256,0.19652048746744794,5.790536847465483,154,1643,82,79,74,92,62,92,113,108,88,107,111,76,77,71,64,91,74,78,104,24.12726593017578,14.856534957885742,96.64368438720703,2.1196953525759454e-07,20.794261932373047,0.0,5.565804481506348,80.18448638916016,57.535831451416016,102.60462188720703
194,-73.955217,40.604447,22.99257941629695,17.19447305832786,21.11544198003309,0.15299594265291058,0.03301357400828395,0.6958525756309772,0.097645562270592,9.777144728035763,116,938,59,69,67,78,49,55,83,54,80,57,28,55,44,34,26,22,12,32,34,37.83622360229492,26.873737335205078,24.624284744262695,69.25263977050781,31.617876052856445,0.0,5.361568927764893,134.72935485839844,148.2970733642578,148.97317504882812
195,-73.940922,40.655337,18.786695199611383,14.860393681051415,25.430491682770967,0.19549435867375622,0.07224144873681007,0.6980675123470685,0.12815607574595,8.559950089557862,154,4450,268,308,210,258,268,266,237,269,333,246,267,271,320,184,110,138,143,164,190,19.188396453857422,32.534088134765625,6.908470630645752,1.750305976544464e-11,8.997702598571777,0.0,5.306416988372803,131.0660858154297,165.7452392578125,150.2510528564453
196,-73.912005,40.615494,12.88735015051705,16.575536557606288,29.015547037124634,0.08122183027721587,0.023818016052246094,0.9355627355121431,0.16146444139026458,5.8401428517841145,112,512,19,37,53,28,23,46,29,36,35,29,16,24,20,12,19,21,12,31,22,9.252083778381348,0.1939620077610016,1.6317875385284424,0.0,5.262119770050049,0.0,5.176833629608154,39.80229568481445,46.78303146362305,39.08367156982422
197,-73.964586,40.608801,18.8868958540637,14.694368959677337,24.51275237882981,0.23239429550941548,0.198859397811119,1.0298449583727907,0.14534863558682531,8.905821858030379,132,1095,63,113,106,71,67,61,82,94,57,57,50,42,32,44,30,22,35,31,38,32.50345993041992,16.75715446472168,36.80045700073242,12.939925193786621,37.92494583129883,0.0,5.033609390258789,143.33346557617188,211.55056762695312,86.98634338378906
198,-73.992447,40.57864,17.986212715958104,11.071757114294803,31.328718951254178,0.19878799265081232,0.15021237460049716,0.9216185772057739,0.17846244754213272,6.2410087296457,88,4350,267,309,238,310,237,226,216,255,279,232,266,242,228,184,128,115,146,236,236,0.0,0.0,0.0,0.0,0.0,0.0,5.188511371612549,73.88349914550781,80.90554809570312,96.86650848388672
199,-73.946836,40.623788,17.779521349459714,18.993754844881057,23.95142242733368,0.10398821642169846,0.05173440706931939,0.8503129926778502,0.12782899673375708,6.799816411767303,118,654,44,41,41,47,54,55,53,31,40,45,21,37,36,33,13,13,11,22,17,31.908945083618164,16.44508934020996,64.30023956298828,10.104409217834473,52.23987579345703,0.0,5.333857536315918,75.363525390625,92.3990249633789,81.98539733886719
200,-73.960924,40.668913,16.09670659176005,32.19201892030005,19.426891562805636,0.3120067072849647,0.1395546293186746,0.7779945615190187,0.16974266478019245,4.417725673807872,221,8868,553,635,749,835,931,639,782,737,739,473,290,247,203,158,94,91,116,238,358,1.7560595338972362e-11,9.022168159484863,5.068734645843506,102.48332977294922,1.0705687725209856e-10,0.0,5.552929401397705,137.81959533691406,190.6468048095703,156.40052795410156
201,-73.935093,40.675675,21.865754016139196,12.359692842843934,24.52208383321256,0.1387012991935584,0.344458658983753,0.6479518428729598,0.15987469132538815,5.748187103595448,157,8748,593,699,727,710,800,725,723,691,614,374,407,355,286,219,136,149,137,213,190,12.977396965026855,3.3843324184417725,6.5312275886535645,41.538360595703125,29.370018005371094,0.0,5.188440799713135,91.08100128173828,73.7432861328125,112.67974090576172
202,-73.925592,40.647851,16.045863781409725,13.296906252085051,29.03937760347165,0.08579751719599185,0.05001320848800627,0.8900555517856135,0.1703102396141669,5.084016653815165,161,1588,176,170,74,122,66,85,95,79,92,98,99,83,63,63,33,40,48,46,56,24.94499397277832,17.4005069732666,37.83982467651367,1.3936009407043457,17.40240478515625,292.3325500488281,5.134410858154297,82.04755401611328,88.7564926147461,92.52001953125
203,-73.962743,40.644927,26.135166841952955,17.434406280517578,18.435956708234343,0.18049116751447838,0.020852729455748602,0.5909616081275749,0.202207660200584,6.996544320784991,134,5044,377,383,444,449,468,395,309,269,261,231,176,253,229,161,124,122,121,153,119,22.22760581970215,23.518171310424805,59.59152603149414,37.79684066772461,50.03080368041992,0.0,5.305307388305664,144.4157257080078,87.6201171875,201.62252807617188
204,-73.95348,40.648352,28.411829759533287,5.687175280805948,26.5196668928948,0.19123058964088918,0.1397252658714995,0.8800310789099063,0.14996482554265267,8.159497164297795,138,24856,1419,1404,1397,1327,1241,1280,1364,1406,1458,1523,1543,1359,1231,1136,867,1000,1227,1178,1496,23.730880737304688,5.129937648773193,77.94041442871094,2.3938126871361765e-13,23.922719955444336,0.0,5.340773582458496,110.21222686767578,141.8228302001953,120.29518127441406
205,-73.987195,40.612247,20.640800201814937,11.50662686050847,26.076161835448154,0.20358266394122754,0.20764502564806303,0.6597845123224526,0.12716135428102449,6.970539799442998,153,1318,106,94,71,84,80,90,106,62,109,78,55,82,36,34,24,38,41,53,75,0.0,0.0,0.0,3.9474594593048096,0.0,0.0,5.348413467407227,135.36062622070312,110.92845153808594,160.28067016601562
206,-73.966456,40.649509,18.335171340466687,25.124279772349123,17.212651616377798,0.1954904277261784,0.10393586376016375,0.7165771594150463,0.18957764696445967,8.074050098300265,139,4329,323,321,299,354,475,285,296,421,328,283,199,230,147,76,36,60,49,68,79,32.34186935424805,19.948497772216797,78.08206939697266,40.62114334106445,57.92230987548828,0.0,5.3369832038879395,141.6066436767578,107.89075469970703,166.30892944335938
207,-73.945659,40.706708,29.692665970775703,11.35838685560305,18.682080066850038,0.19878158819890768,0.3099472847673889,0.6993566240583149,0.10029584511943246,7.12170874935457,203,6654,445,410,455,530,478,630,505,495,427,407,382,298,225,206,121,106,143,183,208,37.55286407470703,16.38960838317871,42.15704345703125,1.715043558558893e-11,25.842206954956055,0.0,5.3519721031188965,178.79763793945312,133.9542694091797,230.14749145507812
208,-73.923894,40.63195,13.326735947848347,16.62719710864157,28.075388135242857,0.14018109796469105,0.08906533198101531,0.7992495234611104,0.21406652505505724,6.716629507119763,162,1814,119,107,84,91,138,144,125,109,72,92,80,91,119,96,70,66,66,57,88,3.246807098388672,21.344175338745117,0.0,17.436986923217773,0.0,0.0,5.339917182922363,84.87803649902344,57.551151275634766,123.34738159179688
209,-73.961962,40.580237,31.26644232334235,7.449550353563747,24.285513773942604,0.26854536472222745,0.23629054045065853,1.0720197971050556,0.13614877676352477,7.459240081982733,208,5315,543,382,390,421,373,313,308,307,314,280,213,211,209,164,135,116,122,201,313,0.0,3.893839121845808e-24,0.0,6.97773551940918,0.0,0.0,5.2762980461120605,177.78089904785156,224.24855041503906,152.14312744140625
210,-73.95155,40.591103,19.57084313417093,15.106642551911188,24.518025227082084,0.1444405775803786,0.14747179471529448,0.768274649595603,0.12286577469263321,8.104140452849558,130,1181,103,76,41,81,53,79,60,96,80,60,86,81,82,49,30,15,14,36,59,41.38029098510742,11.734911918640137,20.62350845336914,0.0,36.30427932739258,0.0,5.329603672027588,127.32537078857422,145.113037109375,128.309814453125
211,-73.955891,40.604461,23.67206357774281,17.324361630848475,20.523692028863092,0.16207893689473468,0.024117742265973772,0.7558780057089669,0.1061510472070603,9.906198297228132,112,953,60,74,67,80,50,55,83,58,80,59,28,55,44,34,26,22,12,32,34,33.95794677734375,24.06585693359375,24.357908248901367,76.07083129882812,31.09514808654785,0.0,5.364819049835205,131.70779418945312,142.9435272216797,147.05340576171875
212,-73.94961,40.690595,23.665743526770324,12.189378801560556,23.61895769637152,0.20443640534188312,0.11223041458635141,0.6692292674487791,0.1296207604818786,8.126605583342497,151,7658,348,793,763,1278,613,514,481,426,374,313,257,237,210,182,189,163,141,181,195,29.445964813232422,29.351388931274414,82.83868408203125,69.67696380615234,24.917484283447266,0.0,5.4081926345825195,134.60768127441406,105.5850830078125,163.00912475585938
213,-73.941345,40.702759,30.76779455201239,13.059187459421683,17.720773019196788,0.33480058514009325,0.2729730291680975,0.8572209303486767,0.12167347219837454,6.644360166184049,273,16641,1045,1100,1386,1398,1164,1332,1115,1292,1129,839,737,788,650,599,260,290,384,542,591,30.747333526611328,22.169252395629883,44.69864273071289,56.12240982055664,24.231719970703125,0.0,5.281076431274414,178.33023071289062,200.573486328125,169.28309631347656
214,-74.014633,40.626089,17.348138209494007,18.704446156819657,24.126019489116988,0.18664781647089243,0.06163306270085328,0.9065093723594719,0.12884636015474937,6.13933094286186,141,779,67,70,47,27,70,40,37,48,34,37,34,46,42,27,20,34,26,31,42,0.0,0.0,0.0,0.0,0.0,0.0,5.397399425506592,91.98006439208984,88.51058197021484,106.258544921875
215,-73.988667,40.687218,32.2200912960692,12.057835977660895,16.199064897893706,0.4341759433636087,0.19695285657467412,0.7834263619659955,0.0935868720787798,7.797802574143014,173,13215,687,767,806,818,727,871,912,816,790,901,790,811,783,573,313,324,352,504,670,32.70744323730469,39.71367645263672,258.3916931152344,15.322466850280762,82.05208587646484,0.0,5.301253318786621,216.20944213867188,293.3553161621094,175.42987060546875
216,-73.930132,40.682949,25.01469314413727,13.832196482905633,19.40353080709145,0.16320420320702608,0.09136956835549975,0.5420033893887959,0.14164132415932956,7.504418287327681,126,5075,391,376,398,426,469,408,431,392,386,256,229,159,104,115,99,101,109,98,128,8.367830741917714e-05,1.4721736907958984,0.1669967621564865,13.928157806396484,4.149190902709961,0.0,5.287160396575928,103.36177062988281,70.53563690185547,138.3787841796875
217,-74.029444,40.621025,25.415279247142646,7.714733272913555,24.658728627020437,0.16551979284718205,0.4395221977076904,0.9647302666809333,0.19373128443588444,8.935125374499663,162,6731,385,431,437,508,556,443,408,430,406,388,388,333,362,290,138,129,172,258,269,0.0,0.0,0.0,0.0,0.0,0.0,5.288352966308594,116.11067962646484,123.8439712524414,113.68720245361328
218,-73.976104,40.697177,33.86237601923751,11.427792494859151,23.25321116098543,0.23955814237517073,0.11296272277832031,0.7350103641913189,0.10676597192035459,5.402187990948435,164,7337,526,587,336,333,449,417,497,497,534,530,540,371,200,261,209,159,222,327,342,7.889708042144775,1.1499659460355999e-13,5.425958633422852,0.0,16.201553344726562,0.0,5.388137340545654,211.5871124267578,88.9089126586914,273.91058349609375
219,-73.976648,40.678809,27.51601148534704,14.4318926775897,16.97539064619276,0.3681998782687717,0.3321495762577763,0.9195257116247108,0.1029456103289569,7.924801155372903,180,9724,594,610,507,497,333,340,473,568,553,657,758,672,602,419,297,365,481,515,483,22.77205467224121,16.419742584228516,42.10518264770508,6.963975429534912,21.73064422607422,0.0,5.537535667419434,144.2297821044922,129.83921813964844,157.9051055908203
220,-73.932066,40.68797,25.294530391693108,13.452767858318254,19.720471372791366,0.1141676715776032,0.057679064133588004,0.5391261156867532,0.18044266046262256,6.47509448668536,136,5118,308,360,408,456,515,505,438,324,341,246,221,208,157,130,59,98,92,129,123,1.6218087673187256,4.635783672332764,1.646055791670875e-10,77.21886444091797,1.0220247507095337,0.0,5.290306091308594,121.00364685058594,95.8831787109375,147.02188110351562
221,-73.92756,40.657421,20.943510642148293,10.356076382800358,27.685233198696306,0.1299729882902423,0.11480552715491195,0.8211550352542659,0.14054788410334298,6.697200016422166,181,5198,376,388,273,370,365,338,289,373,446,386,244,217,231,186,94,138,101,182,201,6.526700496673584,20.54957389831543,64.00515747070312,4.172688007354736,22.885648727416992,556.6838989257812,5.323544025421143,127.86337280273438,85.5183334350586,173.5753173828125
222,-73.960808,40.689499,25.139145706639145,21.237813198205195,17.347429641569505,0.1855590126731179,0.15994678844105115,0.7621557062322443,0.12173084297565498,7.061553145899917,165,11350,574,661,697,906,775,621,801,790,815,629,584,474,413,444,343,332,476,458,557,8.5462064743042,29.998580932617188,19.75806999206543,53.45941162109375,4.093678951263428,0.0,5.547993183135986,188.81593322753906,199.39744567871094,224.80006408691406
223,-73.886373,40.635542,11.13145295963731,17.640766124084635,28.756945016156177,0.1327563933931888,0.03725983375726744,0.6690160864699412,0.10359958776823927,4.351963122069682,129,1790,104,96,98,86,116,128,98,73,118,142,107,122,94,64,24,66,93,67,94,0.0,12.498478889465332,4.053811106241589e-12,19.48435401916504,2.633553444764125e-11,0.0,5.078171253204346,100.09270477294922,62.60402297973633,133.8673095703125
224,-73.879276,40.6585,12.290186288366359,17.02359747216405,28.922845273611536,0.0959878944488893,0.019060847270919615,0.5680949812433326,0.13053637431807308,4.616656935358622,166,3058,148,170,170,198,274,244,254,219,207,161,173,149,140,66,64,78,87,102,154,29.217538833618164,22.994487762451172,20.045482635498047,1.1325418901309003e-11,25.274274826049805,0.0,5.283762454986572,79.10885620117188,49.57861328125,107.63258361816406
225,-73.92818,40.694179,28.370074515647072,8.57140121730507,22.681482125681345,0.17836229175540572,0.28820849479512967,0.729136433161742,0.11633406294153094,6.594975958479211,188,7752,515,496,514,552,684,704,642,548,448,342,431,339,244,209,128,187,191,258,320,0.0,13.034199714660645,0.0,141.48428344726562,0.0,0.0,5.331932544708252,116.9062271118164,88.04500579833984,151.2622833251953
226,-73.908436,40.634005,15.16976209960649,20.296045398035794,24.476375985652847,0.12886169108938664,0.015398120203762189,0.7095305350373542,0.1925849463640939,5.88870195068648,141,1718,139,84,126,115,136,110,119,116,121,96,116,91,71,46,23,49,42,61,57,3.24607515335083,18.67751693725586,0.004240836016833782,2.8682785034179688,0.0005467768060043454,28.87448501586914,5.274311542510986,103.78577423095703,74.54869842529297,133.62811279296875
227,-73.92785,40.595798,19.994182196276924,13.499544099060413,32.00505574544271,0.08574591742621528,0.06418395460697643,0.8833915866606419,0.14095641019051536,4.774607273570278,114,316,19,21,11,15,38,60,14,17,21,16,20,14,19,7,2,3,4,8,7,11.387428283691406,22.164241790771484,8.650240898132324,1.1657924508014526e-25,38.60289764404297,0.0,6.453205585479736,38.674560546875,35.4012565612793,47.26454544067383
228,-73.938721,40.606745,13.324057640720955,20.166909991212147,25.784018027841746,0.09116509660559508,0.07035127326623718,0.7610551160366382,0.11177798408774,6.573962216353536,134,236,9,22,18,20,13,19,22,11,8,12,5,12,12,17,3,7,10,5,11,12.680177688598633,18.144107818603516,4.775946617126465,3.0276217460632324,35.74243927001953,0.0,5.517119407653809,58.97537612915039,70.72368621826172,65.8597412109375
229,-73.892797,40.644134,15.38703142306505,16.61082139778963,27.507341888559843,0.1479830060686384,0.034324844162185474,0.8680320921398346,0.21137468742601795,5.467789100878167,154,1837,119,99,139,135,160,115,144,96,124,57,96,145,78,57,39,46,59,67,62,13.875364303588867,11.426314353942871,7.076920032501221,2.780949592590332,1.412036418914795,0.0,5.253378391265869,103.0607681274414,85.61909484863281,121.06169891357422
230,-73.993565,40.594648,15.318595540123813,11.595965842523514,31.027888875506097,0.10341967821591469,0.020427816718287722,0.880333563750077,0.16671468520305563,5.589977806136452,169,887,61,67,80,73,37,41,43,44,60,38,59,65,31,35,28,44,6,41,34,0.0,0.0,0.0,0.0,0.0,0.0,5.372900485992432,114.53182983398438,92.4419174194336,135.0782470703125
231,-73.977983,40.676649,29.38422044118245,15.473971821012952,15.310229800996327,0.44039907909574966,0.36635012853713267,0.8711653663998558,0.09368987310500371,7.954879715329124,140,1150,107,81,89,90,71,103,69,79,65,60,65,55,58,32,23,16,23,40,24,32.49285888671875,16.66847038269043,93.5735092163086,2.7864339351654053,33.78662872314453,291.9341735839844,5.608614444732666,151.5326385498047,130.75845336914062,172.732177734375
232,-73.907634,40.666942,25.457086187109727,12.92057584263518,22.301776263876196,0.24849830135222412,0.09779024295054885,1.0976213708146074,0.14573647557193659,5.68986656845257,186,22935,1519,1633,1650,2169,2101,2129,1903,1606,1357,1150,950,878,764,578,360,361,421,691,715,11.657970428466797,13.799371719360352,5.787904262542725,19.49026107788086,15.296524047851562,0.0,5.414853572845459,144.86251831054688,139.56492614746094,180.77566528320312
233,-73.920784,40.647818,14.389867312980416,16.293171860954974,27.965431321750987,0.0710956978075432,0.048844742052482834,0.9049289154283929,0.15507629423430472,5.381019548936323,176,1555,176,168,98,109,80,72,81,79,90,93,105,77,61,69,30,38,39,37,53,24.077817916870117,17.70686149597168,66.27120208740234,0.01626747101545334,29.863508224487305,0.0,5.200970649719238,71.39026641845703,81.9186019897461,74.51636505126953
234,-73.98112,40.697856,27.32098496354019,12.351709085183813,24.954954783121742,0.20055255374392947,0.09262239610826647,0.7952768881399711,0.11211544185787352,6.035576639948665,222,20252,1150,1187,1086,973,991,960,1110,1158,1150,1052,1109,1179,1112,1039,829,663,1181,1114,1209,14.283820152282715,0.8412855267524719,52.478111267089844,7.102465837682814e-10,34.12238311767578,0.0,5.73867130279541,265.22906494140625,144.998291015625,338.4927062988281
235,-73.992393,40.574029,20.785621529844796,9.874242843558257,28.426840751682786,0.2739139887840236,0.097098415845061,0.9151362937335012,0.1556568494126133,6.3032270022178905,146,10444,747,924,684,919,621,579,568,617,629,615,639,517,489,385,238,240,256,371,406,0.0,0.0,0.0,0.0,0.0,0.0,5.445555686950684,135.51048278808594,106.97590637207031,184.04153442382812
236,-73.942401,40.674244,25.035448206795582,16.150299487290553,17.944358013294362,0.2007274715988724,0.0832888815138075,0.5427841786985044,0.12502405378553602,7.626657795023036,144,6706,552,531,513,589,596,571,482,519,475,249,251,315,241,165,126,69,93,179,190,12.960144996643066,5.246891498565674,1.1716313362121582,57.37627410888672,8.20357608795166,0.0,5.468434810638428,138.31088256835938,89.02421569824219,186.7584686279297
237,-73.889375,40.678182,26.293236027739454,7.668764124471676,26.071009896629914,0.15789852781480793,0.4328665489452436,1.2053440908065338,0.13038241674029638,6.523489405448684,189,5743,358,443,492,468,471,463,575,395,383,335,238,175,147,117,80,78,128,180,217,8.103035926818848,15.140698432922363,3.8100719451904297,0.0,11.114020347595215,113.8476333618164,5.341888427734375,87.24671173095703,68.40576934814453,111.04216766357422
238,-73.915217,40.695875,23.69946756306485,8.974512841339411,25.678959118543997,0.20244944495327136,0.3122547909588033,0.7671126717411318,0.1435007099098943,5.6143525554348495,169,21589,1561,1409,1543,1426,1306,1388,1283,1170,1063,934,929,954,949,950,779,821,1004,987,1133,17.8503475189209,15.664066314697266,0.5546772480010986,2.4675702453569315e-11,2.9941389560699463,91.66407775878906,5.457422256469727,141.4599609375,137.54251098632812,148.2930450439453
239,-73.893319,40.671601,23.833757577483173,8.428405978016016,28.119615836651473,0.13555349762906735,0.12315278200759101,1.040923390601509,0.1781542276598744,6.407746908181314,194,12030,826,809,1076,996,1182,1164,895,881,716,614,492,449,265,263,169,176,195,364,498,21.03496551513672,18.76764678955078,61.28607940673828,0.0,18.557031631469727,0.0,5.44674015045166,120.16846466064453,110.19709777832031,129.77806091308594
240,-73.988743,40.660805,22.447891813336007,13.836976638948077,23.74038734821358,0.16089468291311554,0.03521659157492898,0.5979850075461649,0.1011790651263613,7.74460879239169,165,1375,105,158,130,137,96,77,67,65,61,35,60,60,53,44,47,48,38,32,62,38.37314987182617,21.461652755737305,163.09417724609375,5.166025940361862e-10,32.55622863769531,0.0,5.59375,115.4147720336914,131.43865966796875,117.92378234863281
241,-73.948166,40.697377,22.572632112364836,14.851038928193171,23.227472812081302,0.24596573649973105,0.06470058275305707,0.7231781448143115,0.11759265033519214,7.886728802740862,138,13756,932,1058,1160,1350,1123,1072,1224,1071,801,637,543,478,382,278,177,236,280,428,526,16.026836395263672,23.96344757080078,27.58371353149414,33.36865997314453,23.998645782470703,0.0,5.179172992706299,184.25267028808594,148.36456298828125,210.32554626464844
242,-73.907718,40.671015,22.73243577591793,11.414990202154328,25.92960101626757,0.22679223913592633,0.29440228216248937,1.1488285898982489,0.13922724428939245,5.93225341037388,221,22798,1382,1518,1863,2204,2144,2091,1866,1480,1507,1097,1000,869,750,607,374,335,434,632,645,24.090227127075195,8.854242324829102,53.11397171020508,0.0,20.311420440673828,0.0,5.382506370544434,131.84361267089844,114.25657653808594,167.99656677246094
243,-73.917899,40.690755,23.38312426699868,11.115144174310226,23.97861681910004,0.1500437531290175,0.19249976435794106,0.5514855123270413,0.11714198921300188,5.985464224835489,158,9654,644,592,833,870,907,911,1188,688,585,475,401,394,301,191,147,119,128,128,152,2.587369441986084,9.309135437011719,2.2328403015414722e-10,0.39394187927246094,3.0683982372283936,0.001562422839924693,5.368541717529297,114.46255493164062,76.13935089111328,153.30215454101562
244,-73.946381,40.679079,31.896752064179744,7.61356898214716,20.79690666268983,0.2785572030926278,0.2307357928590441,0.8977305164653298,0.13941489091455167,8.140188290927947,181,8625,737,682,553,709,644,637,581,761,584,431,348,318,300,245,198,158,209,246,284,0.05841512978076935,19.73239517211914,1.4300799193733837e-06,134.6429901123047,4.925518989562988,0.0,5.089098930358887,125.97452545166016,93.09705352783203,157.7500762939453
245,-73.972009,40.582518,17.632700419692146,23.193802597800314,19.336919160931114,0.1411133785947468,0.039962147981926585,0.6347487417704751,0.10633620729096578,6.269637629556122,209,916,65,55,45,42,50,39,73,30,49,55,57,41,53,31,39,30,27,59,76,0.0,0.0,0.0,0.0,0.0,0.0,5.30629825592041,160.72630310058594,144.64930725097656,205.76974487304688
246,-73.88662,40.65534,13.87474063532817,12.976580239384555,30.045795614385,0.11174370465165714,0.02536461001536885,0.7942189284361124,0.13321979015468463,4.7786201935648265,183,8121,601,649,458,614,765,746,645,554,478,502,376,305,259,146,97,128,234,277,287,11.34427547454834,19.017850875854492,7.95985746383667,1.3906285762786865,20.555767059326172,0.0,5.136842250823975,123.56461334228516,75.71927642822266,161.9542236328125
247,-73.981599,40.701789,27.229516445062103,11.067190414819963,23.856682410606968,0.20015985537797978,0.05672748272235577,0.7552956312130659,0.1098158420660557,5.309274380023663,130,4309,403,383,398,331,331,234,350,226,270,253,229,171,106,114,81,78,100,128,123,25.968788146972656,9.309404373168945,15.781120300292969,124.40827941894531,25.182876586914062,0.0,5.5806450843811035,129.09857177734375,80.60482025146484,143.82681274414062
248,-73.935509,40.688323,26.09373480433831,12.077345295718938,20.1871912530128,0.14604721790791686,0.06166688093902371,0.4903383007004469,0.15954542949126407,6.841439501895408,141,7750,539,664,676,719,767,800,627,515,475,288,331,261,215,184,98,131,130,155,175,5.0308685302734375,11.298255920410156,0.5197790265083313,166.84727478027344,2.6318530688129727e-10,0.0,5.323207378387451,121.45050811767578,91.44559478759766,151.9960479736328
249,-73.924422,40.6881,31.470900547655322,8.881508951951684,20.0153501727913,0.22408590035096498,0.35427431517009494,0.7691713325081998,0.17477872502451705,7.92088568965091,158,20577,1108,1336,1369,1594,1617,1494,1752,1447,1303,1104,1146,870,763,639,538,521,706,602,668,2.109886224066493e-11,2.7636022567749023,1.6877248210089846e-10,52.037086486816406,2.0578508377075195,0.0,5.158940315246582,132.07008361816406,122.50157928466797,144.32012939453125
250,-74.007533,40.632143,19.812942497313966,11.390905720846993,28.88317108154297,0.16469482391599624,0.1798663820539202,0.9615150709000846,0.1260920176430354,8.080942100948757,168,3012,103,103,116,169,192,201,151,227,218,153,217,225,173,137,72,93,90,159,213,0.0,0.0,0.0,0.0,0.0,0.0,5.296875,129.80996704101562,126.83950805664062,128.6681671142578
251,-73.909554,40.622442,12.415973644208789,13.691908853095873,32.48795817669173,0.038441918547589674,0.023261048740014098,0.8319092274907239,0.21346792541350937,5.191013508273247,133,387,20,24,22,20,28,21,48,22,20,23,17,10,7,36,19,8,14,12,16,9.16063625238002e-14,4.635538578033447,0.0,31.861814498901367,0.0,0.0,5.2263922691345215,61.27742385864258,70.11646270751953,71.79459381103516
252,-73.992076,40.702952,38.417607071579134,11.809464423887187,20.914084014072213,0.4634822312221731,0.1488956328361265,0.9771334740423387,0.12107767084593417,3.489956701955488,310,1311,57,123,101,161,141,128,42,52,62,58,65,57,43,32,24,37,31,42,55,37.578155517578125,24.613296508789062,115.58158874511719,252.40809631347656,52.232208251953125,0.0,6.346360683441162,192.7364959716797,209.0502166748047,154.1863555908203
253,-73.954269,40.632619,22.404074972215803,18.782842796267445,19.342550855253183,0.15064948084396868,0.12525456552287095,0.6585951069839127,0.22835889238740956,5.83467483520508,131,1466,115,147,115,110,110,97,103,100,60,68,69,77,68,41,26,26,32,59,43,12.217316627502441,18.869020462036133,79.41382598876953,3.8529031717469617e-14,50.33250045776367,0.0,5.348598957061768,174.09275817871094,366.4964294433594,125.85127258300781
254,-73.961418,40.674685,25.54305796422264,12.26614133608295,23.95074559354234,0.2948200108904491,0.06543338527167894,0.6598812410201149,0.17728549767271315,7.62734321798858,174,6001,296,444,371,504,443,430,331,309,275,239,391,362,336,272,242,169,226,187,174,0.0,9.684735298156738,3.8141160011291504,26.87883949279785,6.128435134887695,0.0,5.4279303550720215,160.0198211669922,123.54499816894531,199.6975555419922
255,-73.948771,40.703034,28.35313380239874,9.069036030503172,21.90345828042646,0.1614185801723547,0.29809030049155205,0.8236883549789114,0.122193058141681,6.24277215254934,209,4369,257,222,349,342,323,363,277,272,282,308,316,233,147,145,74,82,109,110,158,36.96600341796875,24.355270385742188,78.31904602050781,24.93948745727539,25.859230041503906,0.0,5.1218485832214355,209.09449768066406,165.98753356933594,257.1777648925781
256,-73.953881,40.709632,31.861533004393685,7.515142928010957,21.104171049417364,0.1970332649292132,0.4396104321037372,0.7565768177430108,0.12434241697960294,5.351891359239646,291,6543,622,480,633,386,458,481,425,444,355,338,288,249,265,272,110,136,182,181,238,18.844829559326172,14.82477855682373,20.26180076599121,0.0,49.05559539794922,0.0,5.637566089630127,197.00753784179688,173.5591278076172,206.75914001464844
257,-73.978633,40.671816,27.68574900597146,15.361281460935961,16.496783482453605,0.2069625214710675,0.13968089841446787,0.5682569379826512,0.09792135946405758,8.570981975371483,159,1056,127,82,92,87,83,82,71,60,54,49,54,51,33,27,16,15,17,36,20,28.650283813476562,20.930862426757812,147.40728759765625,0.0,94.86061096191406,292.19964599609375,5.506508827209473,163.29896545410156,170.81900024414062,161.5413818359375
258,-73.911279,40.666187,24.3350821893334,13.599303490357382,23.18256750874136,0.24903560506886457,0.09516719657342554,1.0576597118743079,0.1255789935817207,6.6695026967717315,174,15422,1049,1061,1000,1386,1431,1541,1359,1238,926,787,624,542,530,391,224,234,283,380,436,5.19474983215332,6.828186988830566,8.21243953704834,2.8509652614593506,15.56203556060791,0.0,5.480556964874268,118.28534698486328,102.4002456665039,143.7661590576172
259,-73.893294,40.653368,13.51830612899911,10.880722551264313,33.26120661874103,0.13170568352071646,0.019904894706530448,0.6570098746536127,0.15562151232336324,4.643451861846142,156,2938,257,189,184,143,228,329,168,149,206,144,144,141,144,71,53,42,64,145,137,9.240100860595703,21.3503360748291,4.373155117034912,2.7505362033843994,9.19476318359375,0.0,5.362146854400635,55.14024353027344,49.6807746887207,72.75958251953125
260,-73.92825,40.628417,13.29577378552369,14.15013284394235,30.480702140114524,0.07497421418777621,0.1003184463038589,0.9442959409771542,0.20103281194513495,6.208168761898772,165,1380,52,92,62,68,74,81,56,74,73,98,85,75,68,59,70,75,49,81,88,17.852676391601562,5.391505241394043,0.0,9.507528305053711,0.0,0.0,5.266913890838623,71.88961791992188,44.71154022216797,102.11894226074219
261,-73.911788,40.668232,24.385401781867543,13.241504560392388,23.740480290377192,0.25153151595443757,0.2775831443528228,1.233086101511583,0.1312702947334385,7.309931314777774,187,14740,927,914,877,1357,1387,1481,1318,1104,891,695,634,568,541,460,284,280,280,349,393,9.037360191345215,3.649778366088867,16.600584030151367,2.3047026992090716e-21,13.31458568572998,0.0,5.468095302581787,111.0004653930664,115.02491760253906,120.49835968017578
262,-73.898249,40.667985,27.636062951735507,6.3165314824072345,27.613719052107875,0.1644751802743848,0.13025441918213324,0.7457051958356585,0.15139588182775643,5.543085969524617,189,16377,763,832,879,981,1174,1314,1337,1307,1178,926,1001,701,542,455,276,266,492,863,1090,14.576416969299316,31.328828811645508,58.04781723022461,0.0,26.99454116821289,0.0,5.359218597412109,133.7001495361328,102.1120834350586,149.18431091308594
263,-73.99577,40.574666,18.73807844362761,10.426104277895208,29.195707095296754,0.16980150289702833,0.02812084398771587,0.8648232409828588,0.14520883560180667,5.330206636796919,152,6659,443,606,521,707,444,366,312,363,327,403,301,283,262,224,177,180,188,307,245,0.0,0.0,0.0,0.0,0.0,0.0,5.276739120483398,122.81334686279297,83.32115173339844,167.8413543701172
264,-74.00089,40.627038,25.10682686992074,9.492996186588917,26.423529738210622,0.16820549508164212,0.3481919738067978,1.0813851922864657,0.1646562554370398,6.870887836733999,174,1702,79,78,122,92,108,75,64,80,84,80,115,154,91,93,82,79,59,90,77,0.0,0.0,0.0,0.0,0.0,0.0,5.341618537902832,152.00950622558594,168.05592346191406,136.37081909179688
265,-73.960093,40.6771,26.899516048022416,6.522673147696038,26.83693010207505,0.15338336282770998,0.1316665441204465,0.5776758547182437,0.1110210753323739,7.61491448326185,171,6085,424,496,417,436,359,416,300,287,310,253,458,366,318,278,249,158,216,176,168,0.2274167686700821,11.256195068359375,4.793959617614746,49.32975387573242,6.130290985107422,0.0,5.1988115310668945,119.80941772460938,103.16482543945312,139.24008178710938
266,-73.928673,40.674491,25.766221579019113,9.219339089992243,24.89321923359132,0.12828426443653188,0.3362469858937449,0.8390053010090088,0.17443776646733805,7.479379497049177,154,24302,1131,1149,1272,1280,1524,1572,1464,1555,1524,1205,1256,1353,1375,1154,930,957,1194,1222,1185,29.11811065673828,3.6163902282714844,26.502273559570312,2.7851674556732178,37.97148513793945,0.0,5.112336158752441,116.39693450927734,87.36772918701172,145.98585510253906
267,-73.986313,40.593028,21.2122533145367,12.20119164827419,26.27548328715416,0.11521217807027317,0.27574884811503775,0.8183617986555335,0.16184429194303168,5.1854801391328476,149,1728,135,124,106,103,151,138,108,100,146,100,89,82,62,32,21,40,48,93,50,0.0,0.0,0.0,0.0,0.0,0.0,5.255373477935791,99.3746109008789,91.4300308227539,111.68190002441406
268,-73.970315,40.676357,23.008232843308228,16.944696517217725,19.21694637480236,0.2780227661132812,0.12527974446614581,0.9082474481491816,0.11274573916480658,6.694111415318079,175,1612,88,117,115,90,88,89,108,97,74,86,100,104,119,74,48,36,41,82,56,1.6218085289001465,3.1393117904663086,3.08371639251709,1.876029372215271,3.9115076065063477,0.0,5.374207019805908,149.76858520507812,118.03861999511719,181.94076538085938
269,-73.972009,40.582518,17.632700419692146,23.193802597800314,19.336919160931114,0.1411133785947468,0.039962147981926585,0.6347487417704751,0.10633620729096578,6.269637629556122,209,916,65,55,45,42,50,39,73,30,49,55,57,41,53,31,39,30,27,59,76,0.0,0.0,0.0,0.0,0.0,0.0,5.30629825592041,160.72630310058594,144.64930725097656,205.76974487304688
270,-73.879886,40.676207,20.963679035298767,8.581389623190661,29.91410520616179,0.15262445637599173,0.19514680114640678,1.0613726416605949,0.1560395657501484,7.025264087736299,193,6615,475,461,549,669,612,609,598,568,427,302,260,248,159,114,70,83,101,153,157,26.684831619262695,14.805390357971191,48.956241607666016,1.3037882405642076e-11,14.7028169631958,0.0,5.420065402984619,98.85091400146484,88.43034362792969,108.02899932861328
271,-73.881997,40.64664,17.45154324187536,17.06829223458626,23.99893699715671,0.11386653604028431,0.023329747866277825,0.48288449849167914,0.11233543152134166,4.744507515267149,146,931,55,77,93,112,83,79,69,55,50,30,34,25,23,28,14,30,25,24,25,9.714320182800293,19.13574981689453,0.5430973172187805,1.3911067247390747,6.3251447677612305,0.0,5.19547176361084,105.28752136230469,104.7152328491211,140.09689331054688
272,-73.927938,40.70081,29.68127798046587,5.442127626558263,24.215115692018287,0.21561880318605925,0.34262865958129163,0.7638634074134001,0.13221575193386345,7.946668244913015,169,5439,688,565,466,446,301,389,350,399,353,256,255,211,132,120,86,99,115,101,107,15.494955062866211,20.217370986938477,1.0881775617599487,29.092561721801758,5.10625696182251,0.0,5.525662899017334,142.21951293945312,106.91552734375,181.68104553222656
273,-73.986313,40.593028,21.2122533145367,12.20119164827419,26.27548328715416,0.11521217807027317,0.27574884811503775,0.8183617986555335,0.16184429194303168,5.1854801391328476,149,1728,135,124,106,103,151,138,108,100,146,100,89,82,62,32,21,40,48,93,50,0.0,0.0,0.0,0.0,0.0,0.0,5.255373477935791,99.3746109008789,91.4300308227539,111.68190002441406
274,-73.927938,40.70081,29.68127798046587,5.442127626558263,24.215115692018287,0.21561880318605925,0.34262865958129163,0.7638634074134001,0.13221575193386345,7.946668244913015,169,5439,688,565,466,446,301,389,350,399,353,256,255,211,132,120,86,99,115,101,107,15.494955062866211,20.217370986938477,1.0881775617599487,29.092561721801758,5.10625696182251,0.0,5.525662899017334,142.21951293945312,106.91552734375,181.68104553222656
275,-73.984528,40.69733,29.41485009751879,10.964152512249646,23.58832821115717,0.25584182223758184,0.07094177039893898,0.7753995087769654,0.11093616485595703,6.0076312975840525,296,21322,1256,1316,1133,1127,1087,1057,1131,1152,1162,1016,1153,1252,1224,1188,786,658,1194,1138,1292,21.153881072998047,6.530148506164551,132.26165771484375,23.84084701538086,61.16925811767578,0.0,6.239953994750977,312.7342224121094,442.31036376953125,269.2820739746094
276,-73.960536,40.684286,27.259661555290222,12.061813275019325,20.15343904495239,0.21998703479766846,0.1072541872660319,0.6146742900212607,0.1547213395436605,7.442156275113423,160,6357,669,718,465,523,429,390,519,447,470,322,381,236,148,103,125,73,84,116,139,13.457646369934082,17.92714500427246,33.761077880859375,62.350059509277344,5.117659091949463,0.0,5.348872184753418,106.3913345336914,69.57616424560547,142.92047119140625
277,-73.959484,40.665199,17.315877057228906,19.06315422374415,26.71928722071608,0.1791360959484802,0.1608423134976161,0.7115903383068382,0.15395276779756814,6.062392650749751,201,6945,479,548,643,527,603,415,550,492,494,485,332,261,212,199,92,127,128,163,195,1.6220542192459106,11.336676597595215,1.618852138519287,68.89978790283203,0.001738268882036209,0.0,5.3979105949401855,171.77249145507812,197.08746337890625,234.18511962890625
278,-73.960093,40.6771,26.899516048022416,6.522673147696038,26.83693010207505,0.15338336282770998,0.1316665441204465,0.5776758547182437,0.1110210753323739,7.61491448326185,171,6085,424,496,417,436,359,416,300,287,310,253,458,366,318,278,249,158,216,176,168,0.2274167686700821,11.256195068359375,4.793959617614746,49.32975387573242,6.130290985107422,0.0,5.1988115310668945,119.80941772460938,103.16482543945312,139.24008178710938
279,-73.937601,40.67229,21.861950658982796,14.868821790141444,22.00032962265835,0.18561373474777385,0.08363908337008569,0.7453087837465346,0.20300260154149866,7.371698605116978,155,11685,878,1010,977,1026,977,920,880,903,863,493,480,453,428,307,193,171,190,265,271,11.074162483215332,4.97189474105835,7.42250919342041,0.23889926075935364,19.44477653503418,0.0,5.459620952606201,140.16236877441406,107.8635025024414,173.8640899658203
280,-73.962049,40.706069,24.43053265835377,15.061569619686045,19.606607315388132,0.3118866724325411,0.1687126971305685,0.8427009853065435,0.12103222786112033,6.878020509760429,235,2072,138,138,135,137,148,121,142,142,103,104,80,100,63,88,63,81,89,97,103,31.52496337890625,19.604230880737305,55.99147415161133,2.7757019996643066,36.64987564086914,0.0,5.407762050628662,273.92596435546875,279.1719665527344,259.97076416015625
281,-73.936313,40.662092,23.785092132260104,12.065939277109473,23.61367004086273,0.14677876173847854,0.06728432395241478,0.6319560426654235,0.14350390193438287,7.743912513809976,165,4727,268,374,287,286,308,311,302,275,267,244,307,320,196,159,101,152,186,206,178,11.393145561218262,19.171390533447266,22.786666870117188,37.84010696411133,12.643434524536133,0.0,5.117705821990967,148.82635498046875,126.4421615600586,183.8155975341797
282,-73.937601,40.67229,21.861950658982796,14.868821790141444,22.00032962265835,0.18561373474777385,0.08363908337008569,0.7453087837465346,0.20300260154149866,7.371698605116978,155,11685,878,1010,977,1026,977,920,880,903,863,493,480,453,428,307,193,171,190,265,271,11.074162483215332,4.97189474105835,7.42250919342041,0.23889926075935364,19.44477653503418,0.0,5.459620952606201,140.16236877441406,107.8635025024414,173.8640899658203
283,-73.893328,40.664067,28.884348494738276,7.9665919018399185,22.96709174056974,0.12328417184752767,0.4909782652642316,0.8038206971121948,0.17017012189148337,5.554177351058669,157,11976,869,910,830,1105,880,964,1087,943,1043,716,525,397,259,234,164,175,198,303,374,25.375783920288086,19.87115478515625,10.588213920593262,1.9021883010864258,35.50343704223633,0.0,5.369351863861084,134.1854248046875,107.75408172607422,161.1463623046875
284,-73.935093,40.675675,21.865754016139196,12.359692842843934,24.52208383321256,0.1387012991935584,0.344458658983753,0.6479518428729598,0.15987469132538815,5.748187103595448,157,8748,593,699,727,710,800,725,723,691,614,374,407,355,286,219,136,149,137,213,190,12.977396965026855,3.3843324184417725,6.5312275886535645,41.538360595703125,29.370018005371094,0.0,5.188440799713135,91.08100128173828,73.7432861328125,112.67974090576172
285,-73.947672,40.637625,25.23307570491929,10.314258514159174,23.77017530571505,0.19104088166631367,0.11004290906300986,0.7776388681557282,0.14534666835064866,8.127296784795432,166,7253,463,475,411,388,477,489,497,546,588,522,403,348,294,225,130,146,192,248,411,30.38447380065918,4.683811187744141,78.85111236572266,1.7939715385437012,27.10755157470703,0.0,5.362010478973389,130.01930236816406,95.7098388671875,172.58352661132812
286,-73.992254,40.662985,25.347916006344796,8.160376781143873,25.609998163888797,0.16490404601217942,0.12023769624051991,0.6260096678259778,0.11797713489792731,7.541518927085236,171,2219,197,226,149,182,169,132,126,83,140,95,126,91,86,73,55,71,59,57,102,30.08734703063965,21.25510597229004,164.94747924804688,1.3619105815887451,33.927330017089844,0.0,5.4420166015625,117.62655639648438,108.4649429321289,127.20561981201172
287,-73.907718,40.671015,22.73243577591793,11.414990202154328,25.92960101626757,0.22679223913592633,0.29440228216248937,1.1488285898982489,0.13922724428939245,5.93225341037388,221,22798,1382,1518,1863,2204,2144,2091,1866,1480,1507,1097,1000,869,750,607,374,335,434,632,645,24.090227127075195,8.854242324829102,53.11397171020508,0.0,20.311420440673828,0.0,5.382506370544434,131.84361267089844,114.25657653808594,167.99656677246094
288,-73.891743,40.647396,11.340144540176913,14.270176098189925,31.519536258412057,0.1725017348654957,0.04397022480867347,0.8303441157957323,0.19571754126862334,5.482937473288468,147,2137,188,160,139,122,147,139,141,93,149,113,95,130,108,61,34,77,69,85,87,18.73386573791504,18.25725746154785,7.628232002258301,2.3629391845969572e-11,15.752355575561523,0.0,5.2125983238220215,80.16838836669922,58.96951675415039,100.0196762084961
289,-73.947557,40.696698,22.76785334233133,15.271356821623819,22.595640277186185,0.2382957061695432,0.06973320710743573,0.5639556451892176,0.11329786151858932,7.899225068148709,141,14460,970,1161,1175,1427,1195,1134,1264,1093,867,668,581,515,415,285,190,258,288,435,539,17.275060653686523,22.90562629699707,24.611345291137695,44.69951629638672,23.105924606323242,0.0,5.22972297668457,179.89871215820312,140.7099609375,212.5308074951172
290,-73.947557,40.696698,22.76785334233133,15.271356821623819,22.595640277186185,0.2382957061695432,0.06973320710743573,0.5639556451892176,0.11329786151858932,7.899225068148709,141,14460,970,1161,1175,1427,1195,1134,1264,1093,867,668,581,515,415,285,190,258,288,435,539,17.275060653686523,22.90562629699707,24.611345291137695,44.69951629638672,23.105924606323242,0.0,5.22972297668457,179.89871215820312,140.7099609375,212.5308074951172
291,-73.983312,40.687432,35.816129863771614,8.692579024877304,14.986842228816105,0.5787450024205395,0.21387442564352965,1.075259314643012,0.12183817023904915,7.185696006840109,195,19134,1011,1001,1021,1429,1425,1472,1175,1131,1274,1282,1149,1171,854,635,276,380,650,802,996,37.570796966552734,26.864221572875977,248.57154846191406,4.173320293426514,42.715911865234375,0.0,5.272415637969971,233.54298400878906,311.0824279785156,178.62393188476562
292,-73.969872,40.577709,27.911606410566833,16.574969245900178,18.367586148946213,0.38161585196873127,0.42271672943491995,0.966101516912013,0.13426766310536156,5.506893832987717,243,2107,118,149,122,130,167,124,153,133,136,129,111,76,102,87,62,48,66,91,103,0.0,0.0,0.0,0.0,0.0,0.0,5.335702896118164,183.2263641357422,122.13663482666016,239.1092529296875
293,-74.005168,40.654306,27.516355736311095,5.041672906210257,27.8123138486877,0.13164091479870701,0.2119691242543302,0.7196433784425719,0.09212301683056262,6.65206229039865,215,6897,368,405,374,392,445,530,438,420,422,384,339,412,327,306,180,219,204,357,375,3.836637496948242,17.13388442993164,0.7363076210021973,34.127201080322266,20.7004337310791,0.0,5.400552272796631,143.39022827148438,153.70375061035156,108.54679870605469
294,-73.9855,40.676198,23.15218922419426,6.336172880270544,30.885361096797844,0.2536940268981151,0.18250407316745856,0.8501068139687564,0.11478647207602477,5.702582536599575,208,1801,133,122,86,103,108,106,111,108,171,112,92,76,55,32,27,67,68,112,112,42.14963912963867,20.93073272705078,155.52951049804688,133.35638427734375,90.65448760986328,292.1110534667969,5.245972156524658,100.6910171508789,79.6287612915039,103.3101806640625
295,-73.945211,40.699214,26.422554444228393,12.982511280769081,21.77500557060817,0.3644364962426062,0.14436808063756282,1.0130518045856727,0.12704411543394054,7.168594596773335,199,13050,705,811,908,1088,978,1080,1142,1075,826,673,656,597,435,367,175,218,291,475,550,25.21465301513672,22.406879425048828,41.94026184082031,62.00008010864258,26.781965255737305,0.0,5.277675151824951,171.86358642578125,197.513427734375,157.06263732910156
296,-73.959484,40.665199,17.315877057228906,19.06315422374415,26.71928722071608,0.1791360959484802,0.1608423134976161,0.7115903383068382,0.15395276779756814,6.062392650749751,201,6945,479,548,643,527,603,415,550,492,494,485,332,261,212,199,92,127,128,163,195,1.6220542192459106,11.336676597595215,1.618852138519287,68.89978790283203,0.001738268882036209,0.0,5.3979105949401855,171.77249145507812,197.08746337890625,234.18511962890625
297,-73.920187,40.69805,30.084275052309856,8.515756482520873,21.895659502429243,0.3095521959652196,0.5330111972245155,1.0033982725897195,0.14129422374607364,6.295645441795951,194,22804,1493,1559,1518,1543,1476,1530,1310,1386,1235,1024,955,984,926,932,766,841,1049,1054,1223,8.273187637329102,23.32838249206543,0.5440487861633301,36.677059173583984,6.133025646209717,0.0,5.409066200256348,153.23411560058594,136.49290466308594,169.4591064453125
298,-73.915159,40.693542,20.06575516292027,11.239779790242512,26.738647733415878,0.1250160308111282,0.08994238717215401,0.4995184852963402,0.10788440704345705,5.6799820491245825,140,6125,673,478,603,595,457,578,549,314,300,237,198,248,201,153,99,86,96,118,142,10.418830871582031,14.024662017822266,1.1241678421480827e-10,2.3569787788169094e-10,2.035930633544922,291.88995361328125,5.548290252685547,126.0171890258789,100.67216491699219,153.00303649902344
299,-73.90788,40.642684,17.243741069882798,11.518682896964362,30.201545035003857,0.10014106766686572,0.02801858695449343,0.8139899834958861,0.1878141091381162,6.0721765910997005,157,1395,62,98,67,74,80,103,93,90,99,81,96,106,56,38,26,53,52,59,62,22.70315170288086,16.187196731567383,67.9188003540039,3.2101523504854413e-31,20.317108154296875,0.0,5.281322479248047,81.36012268066406,67.9809341430664,96.68719482421875
300,-73.953702,40.70179,27.111025063478973,10.850215851672772,21.26386217346793,0.18649223523262218,0.057743004793246115,0.471347417586889,0.08794946313139484,7.296976394201877,169,1477,82,81,142,130,92,106,97,108,88,85,84,58,42,64,32,30,39,48,69,26.89402198791504,24.274721145629883,52.600799560546875,8.645271301269531,32.86973571777344,0.0,5.0997796058654785,278.9137268066406,273.6407775878906,284.6346740722656
301,-73.946836,40.623788,17.779521349459714,18.993754844881057,23.95142242733368,0.10398821642169846,0.05173440706931939,0.8503129926778502,0.12782899673375708,6.799816411767303,118,654,44,41,41,47,54,55,53,31,40,45,21,37,36,33,13,13,11,22,17,31.908945083618164,16.44508934020996,64.30023956298828,10.104409217834473,52.23987579345703,0.0,5.333857536315918,75.363525390625,92.3990249633789,81.98539733886719
302,-73.957173,40.649602,30.585128944236917,7.5041148490283325,22.535907416354807,0.2409759379211284,0.16467776887622468,0.8514426527045545,0.129030356596122,8.267706313055436,143,11046,739,760,769,1015,989,833,635,628,908,523,379,519,493,356,228,235,256,353,428,38.81560134887695,6.35935115814209,97.19883728027344,2.56059360997582e-13,29.988534927368164,0.0,5.212152481079102,142.6167449951172,161.95095825195312,180.41961669921875
303,-73.919088,40.697898,29.26461213233135,8.340075253621,22.414084726182868,0.2948744600171486,0.4627244169359765,0.9542401303950044,0.14464519277880694,6.035170112688517,194,23659,1587,1629,1625,1555,1540,1641,1374,1415,1311,1048,999,1003,966,961,786,871,1050,1063,1235,9.72650146484375,24.488283157348633,0.545268714427948,13.291729927062988,7.013319969177246,0.0,5.41900634765625,154.44692993164062,139.48757934570312,168.91976928710938
304,-73.904695,40.689883,20.475951499409142,12.62867914305793,27.26584209336175,0.14760659800635445,0.2148376570807563,0.6866743167241415,0.12337300512525771,4.944862259758843,96,4891,324,609,408,468,497,417,442,314,219,225,180,193,147,133,54,58,43,68,92,5.392878532409668,22.206504821777344,4.901562213897705,2.1675154726619184e-10,4.552246570587158,291.93414306640625,5.604954242706299,122.27143859863281,72.50534057617188,171.62710571289062
305,-73.91788,40.665553,22.43507385253906,10.397385006859189,27.270664760044642,0.16418765840076266,0.1910701933361235,0.7263813927060082,0.14730653308686756,5.429008302234469,175,7903,337,386,456,582,682,922,609,824,614,569,443,288,271,188,141,137,125,165,164,7.480378150939941,19.83304214477539,8.380011558532715,0.0,20.514005661010742,0.0,5.25996208190918,102.18482971191406,72.98407745361328,131.52244567871094
306,-73.928917,40.67271,26.797100404898316,7.865823556979495,24.239874879519146,0.18573005994160965,0.32104700803756714,0.699059416850408,0.1476225753625234,8.269496013720829,128,25464,1184,1234,1322,1355,1647,1736,1583,1632,1579,1277,1292,1413,1393,1170,964,976,1216,1280,1211,20.6882381439209,2.1271097660064697,23.9583797454834,2.7812740802764893,33.7237434387207,0.0,5.277384281158447,130.03384399414062,97.58952331542969,164.42730712890625
307,-73.923881,40.666251,22.66844618554209,14.94043406318216,22.508363910749846,0.1806180617388557,0.27607861687155333,0.6100031908820657,0.1355734058454925,6.109168856751684,170,12358,605,770,809,948,949,1054,1158,1092,902,693,654,452,479,325,187,193,220,379,489,6.117867469787598,23.35000991821289,7.448338508605957,3.737614870071411,13.885682106018066,0.0,5.3387980461120605,116.30105590820312,91.1998519897461,152.22486877441406
308,-73.911788,40.668232,24.385401781867543,13.241504560392388,23.740480290377192,0.25153151595443757,0.2775831443528228,1.233086101511583,0.1312702947334385,7.309931314777774,187,14740,927,914,877,1357,1387,1481,1318,1104,891,695,634,568,541,460,284,280,280,349,393,9.037360191345215,3.649778366088867,16.600584030151367,2.3047026992090716e-21,13.31458568572998,0.0,5.468095302581787,111.0004653930664,115.02491760253906,120.49835968017578
309,-73.946358,40.658663,21.717964628207607,14.045081148607425,24.04977790464645,0.14129714645929553,0.23407966085949783,0.9914382198821572,0.14370932269146355,8.53999315817651,159,4874,257,352,266,370,386,478,432,366,342,281,246,273,165,127,79,103,106,136,109,22.726404190063477,22.378999710083008,6.0027289390563965,25.086015701293945,3.0660743713378906,0.0,5.302186965942383,101.85742950439453,131.48524475097656,116.71317291259766
310,-73.927979,40.663388,20.84085645601731,10.76827030773311,26.413187500118287,0.19443681997846265,0.18269775449767592,0.7198095321655273,0.11386224465776783,7.970558950143268,172,7188,428,500,458,605,459,535,701,439,525,435,334,260,292,259,136,166,167,236,253,14.614355087280273,24.464298248291016,18.428525924682617,4.853598594665527,28.22834014892578,0.0,5.322474002838135,120.91913604736328,94.74856567382812,161.1289520263672
311,-73.951664,40.648277,26.907593065553957,6.817872459824023,26.25825018496127,0.15983216397397157,0.12758229229901288,0.7868405934926624,0.13400863956760717,7.690123609594395,148,24314,1388,1368,1383,1271,1200,1248,1341,1388,1421,1498,1544,1314,1196,1104,833,954,1220,1164,1479,17.97833251953125,6.082028388977051,52.85476303100586,2.7241196632385254,19.21786117553711,0.0,5.382547378540039,115.64028930664062,111.2173843383789,129.34344482421875
312,-73.906018,40.672216,23.254110610562975,11.362541111466152,26.2862778956594,0.21060058494019354,0.2757957558226741,0.9765762129640266,0.13271079343907974,5.50228754679362,204,16483,1007,1084,1525,1506,1465,1493,1341,962,1178,809,751,657,566,431,277,249,299,452,431,28.875215530395508,10.285727500915527,55.947357177734375,0.0,19.379575729370117,0.0,5.345496654510498,131.85696411132812,100.11795806884766,174.59815979003906
313,-73.911751,40.696457,28.200954684504758,6.5753364562988255,24.58601669028953,0.25750460448088475,0.48101566455982353,0.7370992943092631,0.12850673110396774,6.460148670055249,180,7627,758,669,846,682,532,695,609,405,318,262,238,213,207,200,132,105,146,246,364,17.83482551574707,21.333110809326172,3.231663703918457,0.0,3.0658962726593018,0.0002950828056782484,5.517421722412109,161.8083038330078,153.2093048095703,172.8494110107422
314,-73.874064,40.657266,18.80422168307833,8.000194176314878,33.5637733117858,0.095381665585646,0.04061229193388526,0.7439898021185577,0.13707067638289672,4.2276527948838165,201,458,12,21,25,23,26,17,27,22,16,23,17,25,24,20,22,28,44,28,38,23.550453186035156,22.51064109802246,10.982372283935547,0.0,26.585256576538086,0.0,5.205776214599609,76.67022705078125,41.76595687866211,100.30804443359375
315,-73.952356,40.632829,23.837267406403072,14.906288833214495,21.769035682476385,0.15049132089766243,0.17648273044162327,0.7286548614501953,0.19912744956041772,6.924611046200707,126,1301,102,123,99,97,96,97,92,79,62,72,58,68,52,31,23,21,36,57,36,22.069976806640625,17.532777786254883,97.2424087524414,0.0,44.13790512084961,0.0,5.363344192504883,168.7979278564453,366.5204162597656,116.88688659667969
316,-73.930132,40.682949,25.01469314413727,13.832196482905633,19.40353080709145,0.16320420320702608,0.09136956835549975,0.5420033893887959,0.14164132415932956,7.504418287327681,126,5075,391,376,398,426,469,408,431,392,386,256,229,159,104,115,99,101,109,98,128,8.367830741917714e-05,1.4721736907958984,0.1669967621564865,13.928157806396484,4.149190902709961,0.0,5.287160396575928,103.36177062988281,70.53563690185547,138.3787841796875
317,-74.022073,40.618628,16.682881602534543,18.940096784521028,25.278556258590132,0.09472935288040726,0.08116828070746528,0.9227003874602138,0.12934172594988785,6.3595383255570015,180,1283,44,59,56,63,61,56,68,70,77,64,101,89,101,86,39,52,35,63,99,0.0,0.0,0.0,0.0,0.0,0.0,5.92295503616333,80.08856201171875,52.38038635253906,106.4732666015625
318,-73.957173,40.649602,30.585128944236917,7.5041148490283325,22.535907416354807,0.2409759379211284,0.16467776887622468,0.8514426527045545,0.129030356596122,8.267706313055436,143,11046,739,760,769,1015,989,833,635,628,908,523,379,519,493,356,228,235,256,353,428,38.81560134887695,6.35935115814209,97.19883728027344,2.56059360997582e-13,29.988534927368164,0.0,5.212152481079102,142.6167449951172,161.95095825195312,180.41961669921875
319,-73.886668,40.661102,13.975615573651863,12.30310869939399,30.839641708316222,0.09812405615141899,0.10957501151344994,0.7552363655783915,0.1626869042714437,4.916696656833995,176,6627,432,423,332,503,530,552,496,505,536,436,385,219,179,187,109,104,192,262,245,30.395984649658203,24.4536190032959,15.780620574951172,2.5681526108770603e-18,34.69569778442383,0.0,5.674292087554932,98.40878295898438,96.05965423583984,118.27027893066406
320,-73.968733,40.582627,15.368982256293624,23.948649665554697,20.171413368203723,0.1411076019458076,0.055092723429703915,0.6773761674469593,0.1313035895510548,6.528502018177877,238,2079,141,118,132,104,123,112,144,113,106,118,112,93,117,91,56,50,66,108,175,0.0,0.0,0.0,0.0,0.0,0.0,5.343124866485596,189.72935485839844,175.5060577392578,235.95289611816406
321,-73.95818,40.692015,30.61529411298849,9.887044168425351,21.8829351250224,0.17525120336204034,0.21068137764130662,0.75690356943698,0.11244652255269505,7.369383656205214,149,12207,630,733,733,994,849,653,841,824,892,665,605,523,434,489,380,364,508,512,578,11.317996978759766,30.033775329589844,14.686758995056152,62.84002685546875,5.438129901885986,0.0,5.46875,193.42669677734375,187.01077270507812,218.5060577392578
322,-74.025888,40.637031,21.004116159568774,14.834232235429296,24.50614774207373,0.11845979326795386,0.14143353868677444,0.6608833325640675,0.09433910819033088,7.037303064197647,201,10966,600,614,575,561,501,565,524,617,641,573,585,705,595,493,383,425,608,716,685,0.0,0.0,0.0,0.0,0.0,0.0,5.419740676879883,146.044921875,121.88067626953125,176.53494262695312
323,-73.954678,40.710107,31.437014137302423,7.955366426760015,20.96569473679001,0.20132139996365384,0.45691674894040774,0.8065701604963424,0.11915978010710299,5.388104486035872,296,6655,639,504,663,389,477,446,417,453,366,368,316,275,269,280,105,123,172,166,227,20.137359619140625,13.621478080749512,23.857563018798828,0.0,46.38658142089844,0.0,5.697766304016113,197.14730834960938,175.34854125976562,202.47088623046875
324,-73.955004,40.622425,15.321843985355262,24.83085430029666,19.77146379875414,0.1642371668960109,0.004484003240411932,0.5997299425529711,0.12758486198656485,5.625244198423443,110,1104,84,77,45,73,104,98,107,64,47,53,61,66,52,33,13,32,24,27,44,5.7743306159973145,29.045042037963867,0.03104626201093197,1.6946042008872397e-13,10.807636260986328,0.0,5.217199325561523,96.59942626953125,89.50796508789062,114.00650024414062
325,-73.9855,40.676198,23.15218922419426,6.336172880270544,30.885361096797844,0.2536940268981151,0.18250407316745856,0.8501068139687564,0.11478647207602477,5.702582536599575,208,1801,133,122,86,103,108,106,111,108,171,112,92,76,55,32,27,67,68,112,112,42.14963912963867,20.93073272705078,155.52951049804688,133.35638427734375,90.65448760986328,292.1110534667969,5.245972156524658,100.6910171508789,79.6287612915039,103.3101806640625
326,-73.984528,40.69733,29.41485009751879,10.964152512249646,23.58832821115717,0.25584182223758184,0.07094177039893898,0.7753995087769654,0.11093616485595703,6.0076312975840525,296,21322,1256,1316,1133,1127,1087,1057,1131,1152,1162,1016,1153,1252,1224,1188,786,658,1194,1138,1292,21.153881072998047,6.530148506164551,132.26165771484375,23.84084701538086,61.16925811767578,0.0,6.239953994750977,312.7342224121094,442.31036376953125,269.2820739746094
327,-73.874064,40.657266,18.80422168307833,8.000194176314878,33.5637733117858,0.095381665585646,0.04061229193388526,0.7439898021185577,0.13707067638289672,4.2276527948838165,201,458,12,21,25,23,26,17,27,22,16,23,17,25,24,20,22,28,44,28,38,23.550453186035156,22.51064109802246,10.982372283935547,0.0,26.585256576538086,0.0,5.205776214599609,76.67022705078125,41.76595687866211,100.30804443359375
328,-73.989369,40.690007,38.97415472187877,6.066729090974322,14.460434281270565,0.6978954465585795,0.29199354110225556,1.040395271820834,0.1411065405842224,7.764276039643099,186,28370,1344,1344,1570,1840,1898,2147,1768,1764,1899,2012,1953,1662,1365,1055,480,652,1028,1226,1363,26.36945343017578,37.97433090209961,238.9354705810547,94.2468490600586,71.67135620117188,0.0,5.389981269836426,428.4967041015625,1032.153564453125,221.07208251953125
329,-73.947661,40.610499,16.2778617744159,17.44338324793001,25.19072458558812,0.11944973976689771,0.006834904950364192,0.8765031819355517,0.16996029923135475,5.738474193372224,133,747,58,85,51,48,29,55,36,52,41,45,36,45,28,31,22,15,24,19,27,31.720014572143555,25.298723220825195,35.186275482177734,19.20003318786621,41.7122688293457,0.0,5.152073860168457,81.9283218383789,130.29281616210938,78.66976165771484
330,-74.008106,40.650793,27.006684106493747,6.969777818710084,26.2158563401964,0.16437787858266678,0.17742368910047746,0.8263021802145335,0.1400263347322979,6.965347168937563,210,6564,519,499,540,457,396,359,340,359,358,374,373,436,354,281,164,193,137,205,220,0.0,6.426458835601807,0.0,64.2160873413086,0.0,0.0,5.433481216430664,154.95614624023438,151.29002380371094,151.48538208007812
331,-73.993293,40.685006,29.659356528181366,13.337562530021357,19.405848030152363,0.373752524213093,0.2179050833229127,0.7632649041772858,0.1009884888563699,7.600236520534608,164,4457,350,346,381,291,273,322,385,274,235,202,286,248,201,131,77,83,80,149,143,31.783884048461914,38.314945220947266,109.32943725585938,158.54283142089844,61.93412780761719,0.0,5.53689432144165,132.50437927246094,133.84609985351562,131.64418029785156
332,-73.976435,40.688896,30.018003877386988,12.215472991207994,17.315468539195848,0.33345892726178156,0.15674269342996988,1.1427720387776694,0.11831440600046671,7.370185469049046,166,5455,311,223,230,489,393,358,505,420,513,324,346,319,232,196,120,82,107,128,159,30.80970001220703,8.636988639831543,36.769222259521484,1.1570001207106273e-10,27.180665969848633,0.0,5.40179443359375,292.55145263671875,367.0348205566406,187.24777221679688
333,-73.984528,40.69733,29.41485009751879,10.964152512249646,23.58832821115717,0.25584182223758184,0.07094177039893898,0.7753995087769654,0.11093616485595703,6.0076312975840525,296,21322,1256,1316,1133,1127,1087,1057,1131,1152,1162,1016,1153,1252,1224,1188,786,658,1194,1138,1292,21.153881072998047,6.530148506164551,132.26165771484375,23.84084701538086,61.16925811767578,0.0,6.239953994750977,312.7342224121094,442.31036376953125,269.2820739746094
334,-73.983116,40.656952,16.723388753911493,19.042328352569257,24.199753166526875,0.15043853431619625,0.07236747331516719,0.5437858643070344,0.11842045732723772,6.505260672620548,124,620,37,33,47,74,57,54,26,29,34,21,39,36,31,19,33,9,10,14,17,18.36329460144043,23.320106506347656,163.46482849121094,5.598287582397461,34.35115432739258,0.0,5.534854412078857,71.83373260498047,63.32796859741211,83.82897186279297
335,-73.988743,40.660805,22.447891813336007,13.836976638948077,23.74038734821358,0.16089468291311554,0.03521659157492898,0.5979850075461649,0.1011790651263613,7.74460879239169,165,1375,105,158,130,137,96,77,67,65,61,35,60,60,53,44,47,48,38,32,62,38.37314987182617,21.461652755737305,163.09417724609375,5.166025940361862e-10,32.55622863769531,0.0,5.59375,115.4147720336914,131.43865966796875,117.92378234863281
336,-74.002308,40.613041,26.19157870610555,10.698239604632061,23.78984053929647,0.1386527220408122,0.32038788000742596,0.8378714323043823,0.12847900390625003,7.015641729036967,160,1396,94,142,110,89,77,91,73,90,110,81,69,60,47,52,27,25,33,33,93,0.0,0.0,0.0,0.0,0.0,0.0,5.34357213973999,155.3233642578125,173.97787475585938,137.13595581054688
337,-73.913508,40.659618,26.441092025942925,8.783319713623543,23.784169530480863,0.12743182298613756,0.5168472848287442,0.7217323876977937,0.12747698683079667,6.136681200042974,164,10587,619,716,743,822,979,1039,886,762,558,617,482,432,324,314,227,197,205,306,359,19.43111228942871,23.95446014404297,25.91991424560547,2.781797409057617,18.59311866760254,0.0,5.43931245803833,129.635009765625,89.08596801757812,169.6096954345703
338,-73.980266,40.683951,28.39822753349544,9.801206857608523,21.170318185986577,0.29172675921944635,0.17847975292806803,0.7694672984665701,0.11176620154436155,7.32293563893383,201,15845,888,1014,1158,1038,1169,1180,1057,1026,900,969,798,782,554,487,304,317,508,859,837,23.82923126220703,18.729385375976562,92.59732055664062,0.0003735274076461792,41.16399383544922,0.0,5.304347991943359,159.71298217773438,183.98423767089844,141.50839233398438
339,-74.002022,40.679462,25.274716252865986,9.426412846259922,26.93583861641262,0.15966518437281269,0.09623993683866519,1.1423822134065684,0.13681004641084335,5.6497954568372855,253,2565,143,120,117,130,154,115,165,153,135,92,139,191,244,239,74,82,46,108,118,43.854881286621094,33.297752380371094,90.59980773925781,86.06190490722656,38.449554443359375,0.0,5.68884801864624,80.25438690185547,85.28779602050781,97.76461791992188
340,-73.944463,40.709765,29.164604511525898,10.369708802964952,20.516346726152637,0.1918935113483005,0.17834438218010798,0.7961854338645935,0.1248404383659363,6.931765708658431,192,6302,433,405,349,436,517,682,566,506,368,309,260,282,223,223,110,114,167,186,166,31.635099411010742,12.941510200500488,14.151988983154297,0.0,25.059431076049805,0.0,5.343480110168457,144.60963439941406,118.14496612548828,178.65415954589844
341,-73.881997,40.64664,17.45154324187536,17.06829223458626,23.99893699715671,0.11386653604028431,0.023329747866277825,0.48288449849167914,0.11233543152134166,4.744507515267149,146,931,55,77,93,112,83,79,69,55,50,30,34,25,23,28,14,30,25,24,25,9.714320182800293,19.13574981689453,0.5430973172187805,1.3911067247390747,6.3251447677612305,0.0,5.19547176361084,105.28752136230469,104.7152328491211,140.09689331054688
342,-73.944463,40.709765,29.164604511525898,10.369708802964952,20.516346726152637,0.1918935113483005,0.17834438218010798,0.7961854338645935,0.1248404383659363,6.931765708658431,192,6302,433,405,349,436,517,682,566,506,368,309,260,282,223,223,110,114,167,186,166,31.635099411010742,12.941510200500488,14.151988983154297,0.0,25.059431076049805,0.0,5.343480110168457,144.60963439941406,118.14496612548828,178.65415954589844
343,-73.931604,40.678478,20.900969528125234,13.451245260771003,25.183812891277203,0.15045162973601664,0.38970782996364756,0.9256108906090355,0.1845843483956807,6.474013381787655,209,11292,604,667,665,773,1014,989,998,998,913,874,614,499,325,283,156,153,151,237,379,20.860321044921875,5.732905387878418,4.896966457366943,30.656282424926758,20.41035270690918,0.0,5.074916839599609,76.15333557128906,72.15689086914062,99.52986145019531
344,-73.979649,40.686498,32.53243349600529,7.719904673848175,19.333910673328838,0.3879528690651418,0.2346975599894009,1.0656164848094207,0.12290650519771854,7.341322998685729,207,17630,913,946,1066,1313,1331,1331,1345,1211,1196,1030,924,884,632,561,314,328,528,880,897,41.751338958740234,17.514602661132812,105.32123565673828,0.0063615222461521626,26.68224334716797,0.0,5.20827579498291,249.11166381835938,353.84527587890625,155.22964477539062
345,-73.97858,40.669255,25.970690178148676,16.187547818578853,17.933262526386915,0.20707063000611586,0.16679185809511127,0.5915537747469817,0.11180685024068814,9.121425513065224,165,1581,137,81,89,101,183,182,154,86,84,92,60,64,39,44,17,27,40,53,48,28.528810501098633,18.81700897216797,140.26463317871094,0.0,105.16612243652344,2.4140350813723986e-39,5.444252967834473,173.1231689453125,226.95849609375,138.67080688476562
346,-73.97858,40.669255,25.970690178148676,16.187547818578853,17.933262526386915,0.20707063000611586,0.16679185809511127,0.5915537747469817,0.11180685024068814,9.121425513065224,165,1581,137,81,89,101,183,182,154,86,84,92,60,64,39,44,17,27,40,53,48,28.528810501098633,18.81700897216797,140.26463317871094,0.0,105.16612243652344,2.4140350813723986e-39,5.444252967834473,173.1231689453125,226.95849609375,138.67080688476562
347,-73.97858,40.669255,25.970690178148676,16.187547818578853,17.933262526386915,0.20707063000611586,0.16679185809511127,0.5915537747469817,0.11180685024068814,9.121425513065224,165,1581,137,81,89,101,183,182,154,86,84,92,60,64,39,44,17,27,40,53,48,28.528810501098633,18.81700897216797,140.26463317871094,0.0,105.16612243652344,2.4140350813723986e-39,5.444252967834473,173.1231689453125,226.95849609375,138.67080688476562
348,-73.986313,40.593028,21.2122533145367,12.20119164827419,26.27548328715416,0.11521217807027317,0.27574884811503775,0.8183617986555335,0.16184429194303168,5.1854801391328476,149,1728,135,124,106,103,151,138,108,100,146,100,89,82,62,32,21,40,48,93,50,0.0,0.0,0.0,0.0,0.0,0.0,5.255373477935791,99.3746109008789,91.4300308227539,111.68190002441406
349,-73.935969,40.703703,25.328976286333162,12.817706765428099,23.641215340565825,0.17763760130284195,0.0412650027517545,0.8547357246700656,0.11371219225522486,6.772239733550508,236,7313,371,297,492,506,445,485,532,675,523,363,335,458,313,325,134,151,223,316,369,10.974717140197754,18.87638282775879,10.023077011108398,15.947148323059082,7.274571418762207,0.0,5.310213565826416,144.13311767578125,99.61012268066406,164.58615112304688
350,-73.938921,40.711134,30.91678892420357,5.89069374256095,23.80828837919333,0.2118902459953948,0.07195814011774668,1.087454930404944,0.1239565983871741,8.48272475728228,163,4364,269,295,256,255,352,443,392,404,397,210,217,205,125,107,37,65,98,107,130,15.612497329711914,14.766914367675781,19.62315559387207,1.3925838470458984,20.951793670654297,0.0,5.249495029449463,166.14822387695312,143.1222381591797,163.25889587402344
351,-73.938921,40.711134,30.91678892420357,5.89069374256095,23.80828837919333,0.2118902459953948,0.07195814011774668,1.087454930404944,0.1239565983871741,8.48272475728228,163,4364,269,295,256,255,352,443,392,404,397,210,217,205,125,107,37,65,98,107,130,15.612497329711914,14.766914367675781,19.62315559387207,1.3925838470458984,20.951793670654297,0.0,5.249495029449463,166.14822387695312,143.1222381591797,163.25889587402344
352,-73.938921,40.711134,30.91678892420357,5.89069374256095,23.80828837919333,0.2118902459953948,0.07195814011774668,1.087454930404944,0.1239565983871741,8.48272475728228,163,4364,269,295,256,255,352,443,392,404,397,210,217,205,125,107,37,65,98,107,130,15.612497329711914,14.766914367675781,19.62315559387207,1.3925838470458984,20.951793670654297,0.0,5.249495029449463,166.14822387695312,143.1222381591797,163.25889587402344
353,-73.983827,40.691124,41.14520115970352,6.2273207363256375,13.591430142109743,0.7500594359818505,0.20189757256875737,1.3449414848760755,0.1986728484974157,6.024580959669887,229,31977,1526,1427,1711,2352,2517,2703,2128,2067,2214,2074,1937,1925,1364,1078,404,662,1029,1292,1567,32.655723571777344,26.61615753173828,170.10614013671875,2.43369574493002e-10,37.93946075439453,0.0,5.467532634735107,638.497802734375,1070.724365234375,419.4452209472656
354,-73.988323,40.694629,34.70919570817328,9.486810729051852,16.346843872492407,0.5620083208730442,0.15390100650602687,1.0711764893591156,0.20397273336703353,5.992078187554704,241,16957,1030,870,1015,1236,1438,1513,1145,1103,1098,1048,1135,1042,826,727,254,257,317,412,491,34.05080032348633,21.060867309570312,185.09283447265625,30.11751365661621,57.680503845214844,0.0,6.1995134353637695,696.41943359375,1623.9918212890625,254.59805297851562
355,-73.920095,40.673124,22.1185986867208,10.42655537466327,26.51936003785886,0.12295469790399668,0.09584902765270242,0.7317166128558312,0.13436852339023125,6.387124851554216,167,6788,512,489,522,492,627,643,493,376,391,348,434,313,244,179,156,121,133,157,158,34.4195556640625,11.46053409576416,101.02021789550781,1.821373421821617e-14,42.215415954589844,0.0,5.22282075881958,112.8573226928711,69.29804992675781,154.12586975097656
356,-74.023419,40.636721,21.9537279854437,11.575241761060541,26.48072039678408,0.12091315965470413,0.18501393770506377,0.7582472634560562,0.10512543844931625,6.835423552167223,227,11302,623,640,564,577,508,582,544,632,669,575,595,750,615,513,390,437,630,733,725,0.0,0.0,0.0,0.0,0.0,0.0,5.42549991607666,146.19107055664062,120.28372192382812,171.95608520507812
357,-73.990292,40.68291,27.10023969716577,15.792275060173925,20.813638691034296,0.32873309706861503,0.10595263147646664,0.7595934019498298,0.10197450290672132,7.040927746544585,163,6092,577,574,439,380,404,350,484,362,242,259,411,379,289,199,119,103,91,214,216,43.723907470703125,36.63319778442383,147.12001037597656,30.23075294494629,90.4900131225586,0.0,5.493432521820068,127.01034545898438,106.32658386230469,143.83908081054688
358,-73.954815,40.715561,26.115594011672012,6.756632378760804,26.09339071503768,0.18489066590654088,0.08324075252451796,0.8974765209441489,0.12414391159165836,4.979129953587309,235,3190,181,159,276,229,244,250,257,246,238,153,146,147,122,92,32,59,105,124,130,22.919401168823242,17.413429260253906,8.172075271606445,0.0,33.73977279663086,0.0,5.509615421295166,141.11334228515625,147.80812072753906,127.7210922241211
359,-74.038103,40.626827,12.842002105712888,25.78786951700846,22.89618377685547,0.08687845865885416,0.006451416015625,0.709307607014974,0.11250508626302085,4.85330098470052,125,540,24,25,34,32,39,25,34,33,30,35,69,68,33,14,10,11,3,8,13,0.0,0.0,0.0,0.0,0.0,0.0,5.723984241485596,38.635040283203125,139.88719177246094,33.08504104614258
360,-73.94573,40.685653,26.767228709326844,14.329619981624461,17.874051685686467,0.22631375877945514,0.18691089418199328,0.6773685967480695,0.10696583324008518,8.275117256023266,144,8748,562,841,739,805,817,727,683,673,502,287,326,286,340,246,231,169,135,180,199,11.354377746582031,36.57119369506836,4.103679656982422,6.347110271453857,4.086242198944092,0.0,5.332305908203125,123.69689178466797,82.2421646118164,165.25698852539062
361,-73.912685,40.674456,19.390840654249317,9.380375805699291,28.90441090857656,0.10793969400689372,0.07654165292715097,0.7890591201672135,0.13842851052552588,6.014544003969662,231,8081,580,550,612,611,637,731,782,473,549,442,469,266,283,222,129,106,164,243,232,14.764931678771973,1.9946069717407227,26.08370018005371,0.0,33.659061431884766,0.0,4.956576347351074,112.9433364868164,91.09724426269531,149.7516632080078
362,-73.993293,40.685006,29.659356528181366,13.337562530021357,19.405848030152363,0.373752524213093,0.2179050833229127,0.7632649041772858,0.1009884888563699,7.600236520534608,164,4457,350,346,381,291,273,322,385,274,235,202,286,248,201,131,77,83,80,149,143,31.783884048461914,38.314945220947266,109.32943725585938,158.54283142089844,61.93412780761719,0.0,5.53689432144165,132.50437927246094,133.84609985351562,131.64418029785156
363,-73.920603,40.688399,29.487712592409355,9.683362224645787,20.344264716432807,0.20997532627038787,0.3435355738589638,0.7214109521163139,0.14980550397906386,7.003833871138722,190,20427,1176,1247,1400,1631,1655,1474,1825,1423,1263,1114,1059,825,761,646,536,507,681,560,644,4.560272216796875,2.2438576221466064,1.8879692254003544e-10,15.949007034301758,4.0893378257751465,0.0,5.179193496704102,130.1831817626953,119.04979705810547,145.09776306152344
364,-73.895122,40.666868,29.13778756995757,8.44226687787527,22.7244017114601,0.13980673977648872,0.3210209459664832,0.7213799350232963,0.14234910528343844,6.224332755827999,166,17335,952,1036,1082,1195,1340,1451,1467,1343,1291,1047,897,651,426,388,266,287,505,797,914,19.113019943237305,26.326860427856445,57.41295623779297,5.7481263006604e-42,33.71695327758789,0.0,5.354166507720947,147.1927490234375,128.69090270996094,163.5061492919922
365,-74.019299,40.64195,31.646154409120573,5.3834078318712715,24.58285103496323,0.1981413262522119,0.30568114712706995,0.7839333297859908,0.12278366632271356,5.774501653817982,234,6764,400,393,357,342,418,304,413,382,451,338,404,535,366,293,166,211,235,383,373,0.0,0.0,0.0,0.0,0.0,0.0,5.3452630043029785,173.75765991210938,145.60870361328125,194.29977416992188
366,-73.982583,40.621299,18.879323022767203,13.233584742392264,27.0407102441275,0.12386486094485047,0.04246414348643313,0.6182667175074205,0.12179549022387433,9.64139883663492,93,660,83,74,63,51,22,62,30,30,36,28,28,21,21,21,17,16,25,12,20,0.0005486767622642219,19.677413940429688,0.0,18.01653480529785,0.0,0.0,5.506649971008301,120.75565338134766,158.0816192626953,101.84606170654297
367,-74.019299,40.64195,31.646154409120573,5.3834078318712715,24.58285103496323,0.1981413262522119,0.30568114712706995,0.7839333297859908,0.12278366632271356,5.774501653817982,234,6764,400,393,357,342,418,304,413,382,451,338,404,535,366,293,166,211,235,383,373,0.0,0.0,0.0,0.0,0.0,0.0,5.3452630043029785,173.75765991210938,145.60870361328125,194.29977416992188
368,-73.895122,40.666868,29.13778756995757,8.44226687787527,22.7244017114601,0.13980673977648872,0.3210209459664832,0.7213799350232963,0.14234910528343844,6.224332755827999,166,17335,952,1036,1082,1195,1340,1451,1467,1343,1291,1047,897,651,426,388,266,287,505,797,914,19.113019943237305,26.326860427856445,57.41295623779297,5.7481263006604e-42,33.71695327758789,0.0,5.354166507720947,147.1927490234375,128.69090270996094,163.5061492919922
369,-73.965928,40.682422,25.252934758977368,8.930051234341406,26.18001228155092,0.25994777679443354,0.12676845225252845,0.8708253387332888,0.1598762911419536,5.415985935418181,172,4984,378,393,323,321,326,305,430,376,397,325,418,261,153,101,87,85,76,114,115,6.888011428590746e-12,0.7834427356719971,2.515339325714905e-10,106.42394256591797,0.0,0.0,5.097726345062256,119.47332763671875,115.12484741210938,125.45569610595703
370,-73.895122,40.666868,29.13778756995757,8.44226687787527,22.7244017114601,0.13980673977648872,0.3210209459664832,0.7213799350232963,0.14234910528343844,6.224332755827999,166,17335,952,1036,1082,1195,1340,1451,1467,1343,1291,1047,897,651,426,388,266,287,505,797,914,19.113019943237305,26.326860427856445,57.41295623779297,5.7481263006604e-42,33.71695327758789,0.0,5.354166507720947,147.1927490234375,128.69090270996094,163.5061492919922
371,-73.912102,40.665568,24.06608530206463,14.225046975272042,23.094415763396903,0.22237118233311495,0.18766849430945104,1.0178631136876455,0.13001305716378347,6.63311703604941,161,11070,742,770,744,937,972,1128,872,881,693,619,476,402,389,270,174,183,205,289,324,12.118546485900879,7.7389936447143555,10.487749099731445,0.010930627584457397,17.414003372192383,0.0,5.458272457122803,111.35545349121094,95.49923706054688,135.01454162597656
372,-74.008984,40.650404,27.392423345818873,6.993507644505176,25.694469032164147,0.1676480746963649,0.18396593606201964,0.7992191993688686,0.14093547191434694,7.111111273657542,206,6501,509,510,559,446,412,338,326,353,373,374,363,425,345,274,158,198,132,193,213,0.0,4.616741180419922,0.0,57.625301361083984,0.0,0.0,5.437430381774902,157.21116638183594,148.99398803710938,161.8768768310547
373,-73.9456,40.68192,28.179850824562042,12.583780736430713,17.948911559413855,0.3033857390354497,0.19326411502462038,0.7598265795640541,0.11844187275344777,9.51262483014747,142,7995,666,621,558,639,715,703,623,642,463,320,324,285,291,236,156,156,166,196,235,8.183367729187012,28.262107849121094,0.00022401331807486713,86.18708038330078,1.879349708557129,0.0,5.261663436889648,122.45470428466797,93.65087127685547,151.87533569335938
374,-73.906662,40.655644,18.676575176781657,8.102747437300957,31.513208239448044,0.13691017329060093,0.04676567774163183,1.006768463523525,0.20397797764739664,6.08646368524831,157,6759,586,541,371,459,479,545,558,450,500,405,364,265,220,207,178,111,141,185,194,12.355191230773926,19.554384231567383,14.45653247833252,22.25094223022461,5.220418930053711,0.0,5.774618148803711,126.1121597290039,96.27806854248047,161.55653381347656
375,-73.990884,40.684869,28.287302371985792,15.70752865701749,18.97007852628086,0.3378056689520567,0.21767853373322038,0.7682691401978664,0.08932292790702694,7.135459555666311,181,6627,620,602,506,421,443,442,542,407,332,295,429,380,295,200,120,107,111,190,185,38.531036376953125,42.45725631713867,162.46441650390625,41.73094940185547,89.1303939819336,0.0,5.490535259246826,149.85743713378906,155.9736328125,144.2152862548828
376,-73.906925,40.660455,23.946524461110435,12.341940999031069,23.552770018577576,0.1936010519663493,0.22597233454386392,0.8941376209259035,0.18973608811696374,5.296076536178591,160,12417,1053,1036,807,988,1109,1023,920,854,746,628,591,513,355,320,220,165,247,340,502,22.708736419677734,22.909093856811523,16.706148147583008,4.779073238372803,14.412555694580078,0.0,5.461763381958008,107.2869873046875,71.5654525756836,146.85003662109375
377,-73.960689,40.669805,17.422729304858617,29.424093876566207,19.51999380474999,0.34649897189367385,0.17155238560267858,0.8344247227623349,0.19940010138920378,5.0876552150363015,224,8941,581,641,758,847,955,658,790,736,742,466,289,247,203,154,92,91,107,233,351,1.8995815337374822e-11,9.431662559509277,9.914463996887207,93.87516784667969,1.0746745854328665e-10,0.0,5.516222953796387,148.3771209716797,164.1854248046875,173.59066772460938
378,-73.959141,40.619671,26.100687600352277,13.027454641455279,21.677917839315526,0.19926371506142954,0.11126902449594198,0.7690665668261318,0.11977681353048313,7.206149384044187,163,2308,157,188,143,157,236,209,180,129,101,142,87,122,96,60,33,53,50,69,96,16.132091522216797,10.026021003723145,12.072304725646973,1.6558981833295072e-12,27.066831588745117,0.0,5.381341934204102,159.5539093017578,246.89169311523438,135.63796997070312
379,-73.988323,40.694629,34.70919570817328,9.486810729051852,16.346843872492407,0.5620083208730442,0.15390100650602687,1.0711764893591156,0.20397273336703353,5.992078187554704,241,16957,1030,870,1015,1236,1438,1513,1145,1103,1098,1048,1135,1042,826,727,254,257,317,412,491,34.05080032348633,21.060867309570312,185.09283447265625,30.11751365661621,57.680503845214844,0.0,6.1995134353637695,696.41943359375,1623.9918212890625,254.59805297851562
380,-73.960689,40.669805,17.422729304858617,29.424093876566207,19.51999380474999,0.34649897189367385,0.17155238560267858,0.8344247227623349,0.19940010138920378,5.0876552150363015,224,8941,581,641,758,847,955,658,790,736,742,466,289,247,203,154,92,91,107,233,351,1.8995815337374822e-11,9.431662559509277,9.914463996887207,93.87516784667969,1.0746745854328665e-10,0.0,5.516222953796387,148.3771209716797,164.1854248046875,173.59066772460938
381,-73.992151,40.642619,27.1806046393834,8.508716298365638,23.698849843065158,0.15398140162066687,0.38440857211531626,0.8574716814663024,0.11719615081620346,7.963470118510482,183,2058,116,117,107,112,183,113,120,126,119,180,153,101,84,63,61,43,79,79,102,8.51208209991455,15.835253715515137,11.992864608764648,0.6027223467826843,7.747745037078857,0.0,5.313805103302002,172.5799560546875,148.5911865234375,190.65257263183594
382,-73.934316,40.669557,22.29831865098742,14.02392726474338,22.200456407335064,0.33887672424316406,0.14582951863606772,1.0195308261447482,0.2915498945448134,8.405033959282768,150,16299,1012,1028,1063,1136,1399,1380,1219,1255,1129,1036,966,900,571,482,235,284,268,413,523,16.144990921020508,15.050765037536621,7.455911159515381,3.714685677114193e-12,17.153255462646484,0.0,5.220714092254639,153.13314819335938,117.67577362060547,189.0955352783203
383,-73.934449,40.578356,13.582358284602089,18.605285220676,29.15476390293666,0.22754971943204363,0.3272011166527158,2.0961019727918835,0.11054750472780257,3.761871277339875,21,172,12,20,20,24,9,10,15,7,15,8,7,9,3,4,1,0,1,1,6,6.3938727378845215,11.5465669631958,1.0905742645263672,1.4110821664513763e-27,16.014144897460938,0.0,5.181441783905029,96.17356872558594,333.05010986328125,27.317773818969727
384,-73.977674,40.695339,30.630443011286967,16.510198031428565,20.434983262737973,0.2636346230614918,0.09898583865860133,0.8033098140580756,0.12869449109321274,6.059713579690186,206,10242,714,737,442,412,610,581,761,757,727,738,693,529,352,376,287,205,366,465,490,16.21979522705078,1.4960962533950806,22.094985961914062,7.247732275450502e-11,28.50894546508789,0.0,5.373863220214844,213.54270935058594,99.38932037353516,283.1539001464844
385,-73.957173,40.649602,30.585128944236917,7.5041148490283325,22.535907416354807,0.2409759379211284,0.16467776887622468,0.8514426527045545,0.129030356596122,8.267706313055436,143,11046,739,760,769,1015,989,833,635,628,908,523,379,519,493,356,228,235,256,353,428,38.81560134887695,6.35935115814209,97.19883728027344,2.56059360997582e-13,29.988534927368164,0.0,5.212152481079102,142.6167449951172,161.95095825195312,180.41961669921875
386,-73.919088,40.697898,29.26461213233135,8.340075253621,22.414084726182868,0.2948744600171486,0.4627244169359765,0.9542401303950044,0.14464519277880694,6.035170112688517,194,23659,1587,1629,1625,1555,1540,1641,1374,1415,1311,1048,999,1003,966,961,786,871,1050,1063,1235,9.72650146484375,24.488283157348633,0.545268714427948,13.291729927062988,7.013319969177246,0.0,5.41900634765625,154.44692993164062,139.48757934570312,168.91976928710938
387,-73.957173,40.649602,30.585128944236917,7.5041148490283325,22.535907416354807,0.2409759379211284,0.16467776887622468,0.8514426527045545,0.129030356596122,8.267706313055436,143,11046,739,760,769,1015,989,833,635,628,908,523,379,519,493,356,228,235,256,353,428,38.81560134887695,6.35935115814209,97.19883728027344,2.56059360997582e-13,29.988534927368164,0.0,5.212152481079102,142.6167449951172,161.95095825195312,180.41961669921875
388,-73.981925,40.58807,22.17492317968561,12.361858057421307,26.171979978103046,0.09318950564362281,0.15172071235124454,1.0835969170858695,0.14487495718076246,6.314978488655978,86,2019,189,189,164,142,139,165,112,118,123,110,103,107,83,53,42,37,43,63,37,0.0,0.0,0.0,0.0,0.0,0.0,5.208977222442627,95.63418579101562,123.4426040649414,112.80656433105469
389,-73.957173,40.649602,30.585128944236917,7.5041148490283325,22.535907416354807,0.2409759379211284,0.16467776887622468,0.8514426527045545,0.129030356596122,8.267706313055436,143,11046,739,760,769,1015,989,833,635,628,908,523,379,519,493,356,228,235,256,353,428,38.81560134887695,6.35935115814209,97.19883728027344,2.56059360997582e-13,29.988534927368164,0.0,5.212152481079102,142.6167449951172,161.95095825195312,180.41961669921875
390,-73.929315,40.694723,28.96848790014732,7.816050060835901,22.951083166902418,0.16953855036050597,0.36757557662491946,0.7365433211179122,0.11752512037139579,6.602137031424086,194,6826,435,467,463,473,590,611,603,488,376,295,393,290,222,175,111,157,167,220,290,0.0,12.142346382141113,0.0,125.061767578125,8.603556755915065e-11,0.0,5.332812309265137,116.63947296142578,89.73611450195312,149.41754150390625
391,-73.943839,40.658671,21.69640212095985,13.96265695261401,23.985026049059492,0.15823064848434087,0.18049838931061502,0.8829114973083022,0.11073489521825035,8.253878955693207,172,4023,249,307,232,296,310,337,290,219,220,160,234,238,195,146,80,107,92,153,158,32.78596878051758,19.664552688598633,10.606244087219238,15.752408027648926,5.492669582366943,0.0,5.253499984741211,127.17578887939453,164.55421447753906,155.73049926757812
392,-73.960689,40.669805,17.422729304858617,29.424093876566207,19.51999380474999,0.34649897189367385,0.17155238560267858,0.8344247227623349,0.19940010138920378,5.0876552150363015,224,8941,581,641,758,847,955,658,790,736,742,466,289,247,203,154,92,91,107,233,351,1.8995815337374822e-11,9.431662559509277,9.914463996887207,93.87516784667969,1.0746745854328665e-10,0.0,5.516222953796387,148.3771209716797,164.1854248046875,173.59066772460938
393,-73.960689,40.669805,17.422729304858617,29.424093876566207,19.51999380474999,0.34649897189367385,0.17155238560267858,0.8344247227623349,0.19940010138920378,5.0876552150363015,224,8941,581,641,758,847,955,658,790,736,742,466,289,247,203,154,92,91,107,233,351,1.8995815337374822e-11,9.431662559509277,9.914463996887207,93.87516784667969,1.0746745854328665e-10,0.0,5.516222953796387,148.3771209716797,164.1854248046875,173.59066772460938
394,-73.911751,40.696457,28.200954684504758,6.5753364562988255,24.58601669028953,0.25750460448088475,0.48101566455982353,0.7370992943092631,0.12850673110396774,6.460148670055249,180,7627,758,669,846,682,532,695,609,405,318,262,238,213,207,200,132,105,146,246,364,17.83482551574707,21.333110809326172,3.231663703918457,0.0,3.0658962726593018,0.0002950828056782484,5.517421722412109,161.8083038330078,153.2093048095703,172.8494110107422
395,-73.911751,40.696457,28.200954684504758,6.5753364562988255,24.58601669028953,0.25750460448088475,0.48101566455982353,0.7370992943092631,0.12850673110396774,6.460148670055249,180,7627,758,669,846,682,532,695,609,405,318,262,238,213,207,200,132,105,146,246,364,17.83482551574707,21.333110809326172,3.231663703918457,0.0,3.0658962726593018,0.0002950828056782484,5.517421722412109,161.8083038330078,153.2093048095703,172.8494110107422
396,-73.947873,40.684654,27.107122650852908,13.70776339813515,18.012825206474023,0.23689049261587636,0.24104824772587533,0.6089384909029361,0.11124699204056353,8.909304495211002,144,9245,552,859,778,877,946,753,672,623,493,307,334,361,363,256,264,204,189,184,230,12.977615356445312,28.576847076416016,8.93875789642334,93.69921875,13.886831283569336,0.0,5.203967571258545,123.68937683105469,80.85221862792969,166.4939422607422
397,-73.913172,40.697378,28.05050685377776,6.462681353391713,24.81557727858449,0.27269861805978146,0.4950818903681822,0.8081956924106206,0.15190865725927816,6.151181289698412,199,20095,1327,1259,1509,1282,1211,1341,1195,1115,943,841,824,882,884,905,745,792,834,973,1233,16.178667068481445,19.378068923950195,0.547809898853302,0.0,3.1110286712646484,1.0802080641496784e-35,5.423285961151123,150.97840881347656,142.72459411621094,162.34689331054688
398,-73.972312,40.649055,17.26654192435545,19.53364131340175,23.229863718486154,0.15487114944800134,0.061712564374299325,0.8264410477939031,0.16209712121162356,4.936435511293969,223,1882,181,187,137,134,145,153,117,119,109,99,71,102,65,67,29,35,48,42,42,21.41535186767578,28.517444610595703,21.594629287719727,28.50889015197754,15.452436447143555,0.0,5.681861400604248,138.4327392578125,104.55858612060547,161.37139892578125
399,-73.902147,40.699101,26.098172388214994,9.112684623054838,22.427208527274754,0.16179775846177252,0.28423779252646625,0.8276324341262594,0.12807742409084155,6.282949447631836,184,3796,347,296,244,250,283,251,227,258,218,197,191,179,172,161,105,99,72,117,129,22.758832931518555,23.41254997253418,6.75338888168335,0.0,8.202287673950195,0.0,5.3785247802734375,131.8080291748047,139.44924926757812,128.7134246826172
400,-73.897604,40.665446,30.95274366453815,8.116824582496784,22.966886208417744,0.16682271384797973,0.4050560866330228,0.7939447280536279,0.1355860297477517,6.180108506733832,161,17711,937,1059,1067,1284,1403,1454,1583,1435,1274,1033,966,686,423,356,270,275,486,785,935,0.21604880690574646,27.409929275512695,18.690603256225586,0.0003194081364199519,41.59946823120117,0.0,5.30517578125,138.1053466796875,115.91326141357422,158.4725341796875
401,-73.954815,40.715561,26.115594011672012,6.756632378760804,26.09339071503768,0.18489066590654088,0.08324075252451796,0.8974765209441489,0.12414391159165836,4.979129953587309,235,3190,181,159,276,229,244,250,257,246,238,153,146,147,122,92,32,59,105,124,130,22.919401168823242,17.413429260253906,8.172075271606445,0.0,33.73977279663086,0.0,5.509615421295166,141.11334228515625,147.80812072753906,127.7210922241211
402,-73.986313,40.593028,21.2122533145367,12.20119164827419,26.27548328715416,0.11521217807027317,0.27574884811503775,0.8183617986555335,0.16184429194303168,5.1854801391328476,149,1728,135,124,106,103,151,138,108,100,146,100,89,82,62,32,21,40,48,93,50,0.0,0.0,0.0,0.0,0.0,0.0,5.255373477935791,99.3746109008789,91.4300308227539,111.68190002441406
403,-73.954815,40.715561,26.115594011672012,6.756632378760804,26.09339071503768,0.18489066590654088,0.08324075252451796,0.8974765209441489,0.12414391159165836,4.979129953587309,235,3190,181,159,276,229,244,250,257,246,238,153,146,147,122,92,32,59,105,124,130,22.919401168823242,17.413429260253906,8.172075271606445,0.0,33.73977279663086,0.0,5.509615421295166,141.11334228515625,147.80812072753906,127.7210922241211
404,-73.910589,40.688647,20.98464339318937,10.899178535108728,26.175554187338427,0.1184173454043349,0.17054852487977112,0.5858314588412171,0.11107358909291364,6.046023682086137,137,5864,495,673,468,602,590,526,511,339,219,232,208,252,176,159,91,56,57,89,121,7.4968976974487305,16.614076614379883,4.35161018371582,9.410307255652839e-11,7.141211032867432,0.12812943756580353,5.398369312286377,127.04236602783203,95.08980560302734,159.52029418945312
405,-73.922212,40.647728,14.757929616795353,16.66830625289526,27.402013736766772,0.08312476860297906,0.05221663813887935,0.879715825175191,0.1365511408655635,5.230006368168981,182,1824,192,186,99,130,86,89,102,96,106,114,115,100,77,80,35,45,49,55,68,22.16039276123047,16.82341957092285,56.28123092651367,1.1213289186073894e-09,24.093303680419922,0.0,5.14198112487793,76.19495391845703,83.18901062011719,81.46929931640625
406,-73.915217,40.695875,23.69946756306485,8.974512841339411,25.678959118543997,0.20244944495327136,0.3122547909588033,0.7671126717411318,0.1435007099098943,5.6143525554348495,169,21589,1561,1409,1543,1426,1306,1388,1283,1170,1063,934,929,954,949,950,779,821,1004,987,1133,17.8503475189209,15.664066314697266,0.5546772480010986,2.4675702453569315e-11,2.9941389560699463,91.66407775878906,5.457422256469727,141.4599609375,137.54251098632812,148.2930450439453
407,-73.916927,40.634451,13.050153793827182,12.370997193039106,31.574945142192224,0.13938288534841228,0.10280363021358367,0.7799519774734334,0.1701728246545279,5.781581427461358,155,2991,260,211,169,201,212,222,206,194,171,177,142,132,161,98,68,82,83,100,102,12.996115684509277,19.378522872924805,8.869253158569336,32.42540740966797,5.814239501953125,0.0,5.2378830909729,83.92446899414062,74.35411071777344,118.63817596435547
408,-73.916927,40.634451,13.050153793827182,12.370997193039106,31.574945142192224,0.13938288534841228,0.10280363021358367,0.7799519774734334,0.1701728246545279,5.781581427461358,155,2991,260,211,169,201,212,222,206,194,171,177,142,132,161,98,68,82,83,100,102,12.996115684509277,19.378522872924805,8.869253158569336,32.42540740966797,5.814239501953125,0.0,5.2378830909729,83.92446899414062,74.35411071777344,118.63817596435547
409,-73.923881,40.666251,22.66844618554209,14.94043406318216,22.508363910749846,0.1806180617388557,0.27607861687155333,0.6100031908820657,0.1355734058454925,6.109168856751684,170,12358,605,770,809,948,949,1054,1158,1092,902,693,654,452,479,325,187,193,220,379,489,6.117867469787598,23.35000991821289,7.448338508605957,3.737614870071411,13.885682106018066,0.0,5.3387980461120605,116.30105590820312,91.1998519897461,152.22486877441406
410,-73.922212,40.647728,14.757929616795353,16.66830625289526,27.402013736766772,0.08312476860297906,0.05221663813887935,0.879715825175191,0.1365511408655635,5.230006368168981,182,1824,192,186,99,130,86,89,102,96,106,114,115,100,77,80,35,45,49,55,68,22.16039276123047,16.82341957092285,56.28123092651367,1.1213289186073894e-09,24.093303680419922,0.0,5.14198112487793,76.19495391845703,83.18901062011719,81.46929931640625
411,-73.986313,40.593028,21.2122533145367,12.20119164827419,26.27548328715416,0.11521217807027317,0.27574884811503775,0.8183617986555335,0.16184429194303168,5.1854801391328476,149,1728,135,124,106,103,151,138,108,100,146,100,89,82,62,32,21,40,48,93,50,0.0,0.0,0.0,0.0,0.0,0.0,5.255373477935791,99.3746109008789,91.4300308227539,111.68190002441406
412,-73.916927,40.634451,13.050153793827182,12.370997193039106,31.574945142192224,0.13938288534841228,0.10280363021358367,0.7799519774734334,0.1701728246545279,5.781581427461358,155,2991,260,211,169,201,212,222,206,194,171,177,142,132,161,98,68,82,83,100,102,12.996115684509277,19.378522872924805,8.869253158569336,32.42540740966797,5.814239501953125,0.0,5.2378830909729,83.92446899414062,74.35411071777344,118.63817596435547
413,-73.9573,40.715268,26.920566947526122,7.63112238921453,23.78464161568854,0.23382289614392854,0.12430943429383302,0.8807318352889459,0.13885386993097254,5.483860948720873,229,4269,253,228,318,292,304,312,318,345,284,210,223,197,190,136,65,84,151,170,189,29.132232666015625,16.82123374938965,10.479913711547852,2.305069934636938e-15,37.433807373046875,0.0,5.654779434204102,165.4783172607422,173.73756408691406,152.83961486816406
414,-73.916927,40.634451,13.050153793827182,12.370997193039106,31.574945142192224,0.13938288534841228,0.10280363021358367,0.7799519774734334,0.1701728246545279,5.781581427461358,155,2991,260,211,169,201,212,222,206,194,171,177,142,132,161,98,68,82,83,100,102,12.996115684509277,19.378522872924805,8.869253158569336,32.42540740966797,5.814239501953125,0.0,5.2378830909729,83.92446899414062,74.35411071777344,118.63817596435547
415,-73.928744,40.659088,20.867166246686665,9.97284244355701,28.03658766973587,0.16538002377464656,0.13503810337611608,0.8026163010370164,0.12708772931780135,6.816891806466238,175,5840,384,399,331,451,440,393,355,431,490,434,294,221,275,195,90,139,112,186,220,6.487294673919678,26.212778091430664,41.64190673828125,4.177118301391602,23.578125,0.0002583638997748494,5.332307815551758,126.78092956542969,84.64244842529297,171.40635681152344
416,-73.939385,40.708804,29.38447341774449,8.497693321921613,22.98699725757946,0.16733949834650216,0.08568005128340288,0.9602210738442161,0.09679071830980707,8.71180711370526,176,5800,372,382,371,385,414,575,505,509,482,257,272,265,194,172,68,93,128,154,202,15.577370643615723,14.319594383239746,20.755504608154297,1.3890022039413452,18.09645652770996,0.0,5.310764789581299,156.3004150390625,131.69683837890625,161.01365661621094
417,-73.869305,40.693002,29.564065644235313,15.482123211176708,19.11664153590347,0.1625754616477273,0.6542485169690065,0.9230372881648515,0.137114284014461,6.955378464978151,66,1066,88,132,116,87,118,59,78,70,49,37,36,44,26,27,5,20,18,22,34,24.015735626220703,7.2600016593933105,6.198854923248291,2.2408737365697817e-10,7.7130656242370605,0.0,6.134472370147705,130.07534790039062,113.95760345458984,106.06949615478516
418,-73.944463,40.709765,29.164604511525898,10.369708802964952,20.516346726152637,0.1918935113483005,0.17834438218010798,0.7961854338645935,0.1248404383659363,6.931765708658431,192,6302,433,405,349,436,517,682,566,506,368,309,260,282,223,223,110,114,167,186,166,31.635099411010742,12.941510200500488,14.151988983154297,0.0,25.059431076049805,0.0,5.343480110168457,144.60963439941406,118.14496612548828,178.65415954589844
419,-73.919818,40.657712,18.114557437712055,10.193469943182432,29.048235221852238,0.12007696170200119,0.06149919860755424,0.7796766352356718,0.15034141382241153,5.394187441835101,241,8806,508,553,570,679,620,661,782,655,647,462,376,308,385,292,211,272,240,266,319,26.58548355102539,12.885004043579102,103.039794921875,4.0185670968639897e-07,26.509260177612305,583.9567260742188,5.300889492034912,152.38418579101562,106.21643829345703,197.82107543945312
420,-73.951823,40.66679,24.241310771548402,13.288609428857583,22.085475921630863,0.2671854951861748,0.06321134099298725,0.7026007534485379,0.19113069460073298,8.082947029075042,197,5850,391,404,423,448,463,394,440,419,341,367,281,273,185,185,124,150,140,234,188,16.69430160522461,13.000348091125488,11.888945579528809,35.60133743286133,9.54069709777832,0.0,5.329670429229736,175.5210723876953,168.2576141357422,182.2789306640625
421,-73.979829,40.686147,31.921065438620733,7.9917160589279455,19.504739306299822,0.3444515105633163,0.22988553377980914,1.0356686845447003,0.12513917513103454,7.116800718097719,197,17626,912,950,1083,1304,1337,1333,1354,1204,1187,1034,925,882,624,557,308,335,521,874,902,37.71930694580078,17.0360050201416,104.50081634521484,1.0788594484329224,27.275257110595703,0.0,5.220725059509277,213.55027770996094,298.7059326171875,150.25636291503906
422,-73.925851,40.683446,24.946587097241686,13.343603253940456,20.551719757669787,0.16066210281445786,0.141143798828125,0.5727261160882774,0.12408316423351638,6.71620391993131,138,6843,638,654,576,675,584,509,494,498,470,259,313,211,153,152,128,104,114,147,164,2.987498615337292e-32,1.5084093696327017e-10,0.0,27.125402450561523,1.0214059352874756,0.0,5.202473163604736,111.80258178710938,84.70314025878906,145.584228515625
423,-73.961636,40.678591,24.438339960007433,7.875429062616257,27.157268705822176,0.1172579810732887,0.11449686686197916,0.575729006812686,0.11658350626627603,6.636944725399925,175,6621,473,535,453,439,421,433,310,319,370,276,536,440,354,286,252,163,209,175,177,1.1525097134943678e-19,6.255747318267822,4.1085615158081055,110.18094635009766,1.0224814414978027,0.0,5.112435340881348,115.81341552734375,93.71672821044922,136.93641662597656
424,-73.953692,40.685486,27.333698913061934,9.692871541999796,21.870223395258403,0.2015923424590406,0.13794018496140587,0.7282540666685403,0.15492359225412639,7.089901427856737,139,5682,402,539,441,652,631,447,403,394,317,174,160,202,161,106,117,111,139,143,143,36.72697830200195,19.112518310546875,67.45547485351562,67.8927993774414,25.24901008605957,0.0,5.099545001983643,119.91239929199219,78.66130065917969,161.68960571289062
425,-73.910719,40.680679,26.129687074950787,11.648113179094915,21.85173333157583,0.12305368653298916,0.3609819964437231,0.7800138052640386,0.12025415244423351,6.618704221244897,213,13120,709,1340,1214,1086,1146,1327,1127,756,907,985,558,342,241,211,140,98,146,331,456,0.0,13.246238708496094,0.0,0.0,3.0688633918762207,0.0,5.284692287445068,122.5597152709961,86.95726776123047,158.13687133789062
426,-73.960689,40.669805,17.422729304858617,29.424093876566207,19.51999380474999,0.34649897189367385,0.17155238560267858,0.8344247227623349,0.19940010138920378,5.0876552150363015,224,8941,581,641,758,847,955,658,790,736,742,466,289,247,203,154,92,91,107,233,351,1.8995815337374822e-11,9.431662559509277,9.914463996887207,93.87516784667969,1.0746745854328665e-10,0.0,5.516222953796387,148.3771209716797,164.1854248046875,173.59066772460938
427,-73.986105,40.695444,33.78856953957098,10.443242276601081,16.75712439081937,0.44695250421976884,0.09763509535389266,1.0917398283521622,0.21033470007441316,6.5385619513422455,278,28430,1492,1477,1514,1719,1819,1910,1635,1740,1695,1476,1607,1806,1601,1432,845,768,1291,1203,1400,29.7989559173584,13.915350914001465,199.99119567871094,23.723621368408203,51.147315979003906,0.0,6.3050312995910645,615.814208984375,1328.1795654296875,407.43182373046875
428,-73.929693,40.702332,27.394349052792506,3.895263126918248,27.6511108761742,0.18869182041713164,0.11294337681361608,0.7064448765345982,0.09185173397972472,8.040111360095795,175,6356,575,547,472,473,351,412,387,465,423,321,336,353,218,194,113,126,181,188,221,11.366791725158691,21.17243003845215,3.2608284950256348,1.38957679271698,7.148759841918945,0.0,5.365342140197754,129.0625457763672,97.4023666381836,157.6246795654297
429,-73.919818,40.657712,18.114557437712055,10.193469943182432,29.048235221852238,0.12007696170200119,0.06149919860755424,0.7796766352356718,0.15034141382241153,5.394187441835101,241,8806,508,553,570,679,620,661,782,655,647,462,376,308,385,292,211,272,240,266,319,26.58548355102539,12.885004043579102,103.039794921875,4.0185670968639897e-07,26.509260177612305,583.9567260742188,5.300889492034912,152.38418579101562,106.21643829345703,197.82107543945312
430,-73.982424,40.6351,23.21651885498604,11.978625162551392,22.643162017543567,0.16024471962288636,0.1505873518991688,0.6588332729252507,0.10522250171121397,8.907055963664295,146,483,37,22,34,25,39,35,31,39,17,21,32,23,25,15,19,12,16,11,30,26.538549423217773,26.959129333496094,91.24971771240234,45.296077728271484,42.01064682006836,0.0,5.361460208892822,208.03370666503906,225.7733154296875,190.7930908203125
431,-73.953328,40.721448,18.026350907372976,16.946321765741345,24.887932799108217,0.35429320022603433,0.05273627468859814,0.8164556470102415,0.1655993531825871,4.054891823764786,249,1143,71,69,82,76,102,102,91,63,67,62,62,64,44,26,16,23,40,59,24,9.139052391052246,16.872074127197266,21.856969833374023,1.3898401260375977,22.096193313598633,0.0,5.678947448730469,120.47895812988281,78.80217742919922,142.24195861816406
432,-73.936635,40.593157,15.968295667298444,21.455223790757525,22.444589039277748,0.10430225018683742,0.023271910537629437,0.9683928781242294,0.1330864735138722,5.946118168576935,169,3738,270,316,229,276,292,259,270,276,186,177,173,197,153,83,59,100,101,129,192,21.962799072265625,13.709880828857422,16.331830978393555,3.112569802834961e-17,33.828853607177734,0.0,5.262770175933838,100.59895324707031,90.65237426757812,136.15560913085938
433,-73.93879,40.705005,26.735321293032268,14.692064998595695,20.60061689960924,0.22052090342451885,0.17992035160219766,0.8045086692665327,0.12435111896132389,7.204515307253292,246,9767,688,620,756,803,667,796,698,836,633,464,373,498,438,356,171,167,217,288,298,8.110455513000488,17.558603286743164,24.084688186645508,1.1115164756774902,14.234322547912598,0.0,5.36298942565918,153.5516357421875,127.38818359375,158.11593627929688
434,-73.875328,40.67878,18.158087721626185,10.843456296411448,30.933486383483775,0.18646739025361853,0.12362920996453443,1.1806133263238445,0.17712384078164572,5.479345795857972,181,4725,330,314,313,400,401,413,400,344,469,232,205,210,132,85,68,80,68,129,132,27.650278091430664,20.497081756591797,34.27505874633789,0.0,23.820369720458984,0.0,5.535358428955078,77.75514221191406,60.4542350769043,98.57864379882812
435,-73.95818,40.692015,30.61529411298849,9.887044168425351,21.8829351250224,0.17525120336204034,0.21068137764130662,0.75690356943698,0.11244652255269505,7.369383656205214,149,12207,630,733,733,994,849,653,841,824,892,665,605,523,434,489,380,364,508,512,578,11.317996978759766,30.033775329589844,14.686758995056152,62.84002685546875,5.438129901885986,0.0,5.46875,193.42669677734375,187.01077270507812,218.5060577392578
436,-73.898601,40.640543,15.376057036935467,13.98669878641764,29.953697936175622,0.19099440204498433,0.03074097306761023,0.8553896864799602,0.22930924750898524,6.312795752259695,146,2059,148,185,151,132,140,159,133,125,167,97,113,91,74,57,45,48,57,65,72,12.48497200012207,4.104914665222168,1.1256221532821655,2.784745216369629,2.992511749267578,0.0,5.222787857055664,79.3294906616211,76.03215026855469,94.25541687011719
437,-73.869305,40.693002,29.564065644235313,15.482123211176708,19.11664153590347,0.1625754616477273,0.6542485169690065,0.9230372881648515,0.137114284014461,6.955378464978151,66,1066,88,132,116,87,118,59,78,70,49,37,36,44,26,27,5,20,18,22,34,24.015735626220703,7.2600016593933105,6.198854923248291,2.2408737365697817e-10,7.7130656242370605,0.0,6.134472370147705,130.07534790039062,113.95760345458984,106.06949615478516
438,-73.963764,40.583263,20.137700703708653,15.97527364440274,25.61635309394848,0.1102588475200026,0.06757019871500283,0.8852025142802012,0.1346260174367223,6.15543736591598,221,2814,231,151,199,188,196,161,162,143,145,150,118,105,129,113,83,79,76,143,242,0.0,0.11246754974126816,0.0,6.87082576751709,0.0,0.0,5.291231155395508,171.6766815185547,260.466796875,148.92572021484375
439,-73.912685,40.674456,19.390840654249317,9.380375805699291,28.90441090857656,0.10793969400689372,0.07654165292715097,0.7890591201672135,0.13842851052552588,6.014544003969662,231,8081,580,550,612,611,637,731,782,473,549,442,469,266,283,222,129,106,164,243,232,14.764931678771973,1.9946069717407227,26.08370018005371,0.0,33.659061431884766,0.0,4.956576347351074,112.9433364868164,91.09724426269531,149.7516632080078
440,-73.941278,40.693654,25.059191000581983,13.30945718168008,21.68214008061573,0.1689758686104206,0.15297398422703598,0.5517522253171362,0.09222088438091856,7.095522447065874,165,14544,840,1105,1225,1324,1291,897,913,1069,959,710,641,687,554,370,283,270,351,469,586,11.454011917114258,21.230823516845703,19.215614318847656,181.3094024658203,15.627723693847656,0.0,5.3875532150268555,145.2352752685547,100.16898345947266,190.7757110595703
441,-73.935891,40.681528,22.923496997717663,17.285735885818283,18.323559781689664,0.16668204105261603,0.2079282488141741,0.5837500353396197,0.1387352551216687,7.660951449241474,154,4356,297,330,273,355,367,425,421,349,252,236,185,191,94,112,94,65,82,99,129,11.518111228942871,16.555328369140625,4.896970748901367,80.97470092773438,15.408742904663086,0.0,5.3046488761901855,102.14446258544922,72.87325286865234,134.25991821289062
442,-73.922212,40.647728,14.757929616795353,16.66830625289526,27.402013736766772,0.08312476860297906,0.05221663813887935,0.879715825175191,0.1365511408655635,5.230006368168981,182,1824,192,186,99,130,86,89,102,96,106,114,115,100,77,80,35,45,49,55,68,22.16039276123047,16.82341957092285,56.28123092651367,1.1213289186073894e-09,24.093303680419922,0.0,5.14198112487793,76.19495391845703,83.18901062011719,81.46929931640625
443,-73.936635,40.593157,15.968295667298444,21.455223790757525,22.444589039277748,0.10430225018683742,0.023271910537629437,0.9683928781242294,0.1330864735138722,5.946118168576935,169,3738,270,316,229,276,292,259,270,276,186,177,173,197,153,83,59,100,101,129,192,21.962799072265625,13.709880828857422,16.331830978393555,3.112569802834961e-17,33.828853607177734,0.0,5.262770175933838,100.59895324707031,90.65237426757812,136.15560913085938
444,-73.898601,40.640543,15.376057036935467,13.98669878641764,29.953697936175622,0.19099440204498433,0.03074097306761023,0.8553896864799602,0.22930924750898524,6.312795752259695,146,2059,148,185,151,132,140,159,133,125,167,97,113,91,74,57,45,48,57,65,72,12.48497200012207,4.104914665222168,1.1256221532821655,2.784745216369629,2.992511749267578,0.0,5.222787857055664,79.3294906616211,76.03215026855469,94.25541687011719
445,-73.898607,40.645965,14.593156366893762,12.810715180647204,31.02789075652053,0.2204127565643491,0.14783757678150425,1.0167191484740972,0.2265670595789802,5.262760109685111,169,6994,363,421,423,397,379,508,666,670,872,604,428,326,221,132,62,93,101,151,177,23.6540470123291,9.272712707519531,4.905813694000244,1.3925837278366089,6.262410640716553,0.0,5.230947017669678,88.42512512207031,80.71673583984375,93.92832946777344
446,-73.916927,40.634451,13.050153793827182,12.370997193039106,31.574945142192224,0.13938288534841228,0.10280363021358367,0.7799519774734334,0.1701728246545279,5.781581427461358,155,2991,260,211,169,201,212,222,206,194,171,177,142,132,161,98,68,82,83,100,102,12.996115684509277,19.378522872924805,8.869253158569336,32.42540740966797,5.814239501953125,0.0,5.2378830909729,83.92446899414062,74.35411071777344,118.63817596435547
447,-73.869305,40.693002,29.564065644235313,15.482123211176708,19.11664153590347,0.1625754616477273,0.6542485169690065,0.9230372881648515,0.137114284014461,6.955378464978151,66,1066,88,132,116,87,118,59,78,70,49,37,36,44,26,27,5,20,18,22,34,24.015735626220703,7.2600016593933105,6.198854923248291,2.2408737365697817e-10,7.7130656242370605,0.0,6.134472370147705,130.07534790039062,113.95760345458984,106.06949615478516
448,-73.898601,40.640543,15.376057036935467,13.98669878641764,29.953697936175622,0.19099440204498433,0.03074097306761023,0.8553896864799602,0.22930924750898524,6.312795752259695,146,2059,148,185,151,132,140,159,133,125,167,97,113,91,74,57,45,48,57,65,72,12.48497200012207,4.104914665222168,1.1256221532821655,2.784745216369629,2.992511749267578,0.0,5.222787857055664,79.3294906616211,76.03215026855469,94.25541687011719
449,-73.906662,40.655644,18.676575176781657,8.102747437300957,31.513208239448044,0.13691017329060093,0.04676567774163183,1.006768463523525,0.20397797764739664,6.08646368524831,157,6759,586,541,371,459,479,545,558,450,500,405,364,265,220,207,178,111,141,185,194,12.355191230773926,19.554384231567383,14.45653247833252,22.25094223022461,5.220418930053711,0.0,5.774618148803711,126.1121597290039,96.27806854248047,161.55653381347656
450,-73.915106,40.678124,21.766103558267414,9.318038991806084,27.611441564078277,0.11509837526263612,0.037937292747626,0.648507686576458,0.1368773103964449,5.942752947309603,198,8959,449,722,664,657,681,795,824,616,607,652,469,251,197,198,153,111,134,330,449,14.477392196655273,2.6480796337127686,14.972136497497559,0.0,12.024900436401367,0.0,5.151178359985352,103.08186340332031,87.35932159423828,127.01551055908203
451,-73.923881,40.666251,22.66844618554209,14.94043406318216,22.508363910749846,0.1806180617388557,0.27607861687155333,0.6100031908820657,0.1355734058454925,6.109168856751684,170,12358,605,770,809,948,949,1054,1158,1092,902,693,654,452,479,325,187,193,220,379,489,6.117867469787598,23.35000991821289,7.448338508605957,3.737614870071411,13.885682106018066,0.0,5.3387980461120605,116.30105590820312,91.1998519897461,152.22486877441406
452,-73.906662,40.655644,18.676575176781657,8.102747437300957,31.513208239448044,0.13691017329060093,0.04676567774163183,1.006768463523525,0.20397797764739664,6.08646368524831,157,6759,586,541,371,459,479,545,558,450,500,405,364,265,220,207,178,111,141,185,194,12.355191230773926,19.554384231567383,14.45653247833252,22.25094223022461,5.220418930053711,0.0,5.774618148803711,126.1121597290039,96.27806854248047,161.55653381347656
453,-73.932066,40.68797,25.294530391693108,13.452767858318254,19.720471372791366,0.1141676715776032,0.057679064133588004,0.5391261156867532,0.18044266046262256,6.47509448668536,136,5118,308,360,408,456,515,505,438,324,341,246,221,208,157,130,59,98,92,129,123,1.6218087673187256,4.635783672332764,1.646055791670875e-10,77.21886444091797,1.0220247507095337,0.0,5.290306091308594,121.00364685058594,95.8831787109375,147.02188110351562
454,-73.932066,40.68797,25.294530391693108,13.452767858318254,19.720471372791366,0.1141676715776032,0.057679064133588004,0.5391261156867532,0.18044266046262256,6.47509448668536,136,5118,308,360,408,456,515,505,438,324,341,246,221,208,157,130,59,98,92,129,123,1.6218087673187256,4.635783672332764,1.646055791670875e-10,77.21886444091797,1.0220247507095337,0.0,5.290306091308594,121.00364685058594,95.8831787109375,147.02188110351562
455,-74.003372,40.675936,28.584605915230593,8.457899301853763,25.78497071800621,0.16487807339108843,0.18068144241621747,1.1601002455798815,0.13292290411314764,5.597861538460853,229,8032,690,554,596,563,466,399,453,396,371,343,523,517,543,436,161,185,160,322,354,29.764934539794922,34.40473175048828,97.68840789794922,12.079280853271484,34.526100158691406,0.0,5.772661209106445,93.29834747314453,76.85958099365234,120.82653045654297
456,-73.92044,40.661945,23.690769710238015,7.497955958048499,27.439171019054594,0.15276954287574404,0.224198235405816,0.696270957825676,0.13263823494078622,5.262919986058796,210,12284,605,672,716,814,827,1186,1243,900,956,697,671,464,493,365,324,302,251,359,439,16.21808433532715,28.981876373291016,39.44996643066406,1.9872062958882054e-18,32.124053955078125,35.06999588012695,5.2614240646362305,146.2643585205078,121.43267822265625,168.58767700195312
457,-73.885704,40.659934,12.212898070553699,15.499660959205478,28.95229312789488,0.09163316473903427,0.054781120943735884,0.5696273711790523,0.13235103653137942,4.756042373228264,166,9261,536,542,457,674,828,805,768,690,689,631,526,348,322,216,144,167,271,317,330,22.1273193359375,23.030906677246094,20.81131935119629,4.932477169761196e-12,28.07183265686035,0.0,5.703786373138428,103.35289764404297,92.29226684570312,129.79824829101562
458,-73.980266,40.683951,28.39822753349544,9.801206857608523,21.170318185986577,0.29172675921944635,0.17847975292806803,0.7694672984665701,0.11176620154436155,7.32293563893383,201,15845,888,1014,1158,1038,1169,1180,1057,1026,900,969,798,782,554,487,304,317,508,859,837,23.82923126220703,18.729385375976562,92.59732055664062,0.0003735274076461792,41.16399383544922,0.0,5.304347991943359,159.71298217773438,183.98423767089844,141.50839233398438
459,-73.869305,40.693002,29.564065644235313,15.482123211176708,19.11664153590347,0.1625754616477273,0.6542485169690065,0.9230372881648515,0.137114284014461,6.955378464978151,66,1066,88,132,116,87,118,59,78,70,49,37,36,44,26,27,5,20,18,22,34,24.015735626220703,7.2600016593933105,6.198854923248291,2.2408737365697817e-10,7.7130656242370605,0.0,6.134472370147705,130.07534790039062,113.95760345458984,106.06949615478516
460,-73.895976,40.673766,22.46563284652039,5.9991110795698805,30.634746461544395,0.13424225573269827,0.1333893470044406,1.1224770695908268,0.1903371990851636,6.747168864843979,212,7822,620,572,737,629,700,677,572,554,457,346,264,275,171,158,108,109,156,315,402,24.17160987854004,21.78835105895996,13.628646850585938,0.0,12.47382640838623,0.0,5.24691915512085,109.55724334716797,108.00796508789062,103.58428955078125
461,-73.884211,40.677112,24.132242494699906,8.257480056918396,27.57174028020327,0.15680416911637698,0.3270386027641036,1.1864315084859631,0.14873151065540963,7.27940708601556,196,7199,564,542,641,650,620,614,599,483,469,411,284,216,196,162,81,88,137,221,221,7.569611549377441,12.386302947998047,11.56149959564209,1.0928875859850251e-11,18.49073600769043,9.07328060497871e-32,5.369041919708252,95.93665313720703,85.63346099853516,107.65171813964844
462,-73.884211,40.677112,24.132242494699906,8.257480056918396,27.57174028020327,0.15680416911637698,0.3270386027641036,1.1864315084859631,0.14873151065540963,7.27940708601556,196,7199,564,542,641,650,620,614,599,483,469,411,284,216,196,162,81,88,137,221,221,7.569611549377441,12.386302947998047,11.56149959564209,1.0928875859850251e-11,18.49073600769043,9.07328060497871e-32,5.369041919708252,95.93665313720703,85.63346099853516,107.65171813964844
463,-73.897604,40.665446,30.95274366453815,8.116824582496784,22.966886208417744,0.16682271384797973,0.4050560866330228,0.7939447280536279,0.1355860297477517,6.180108506733832,161,17711,937,1059,1067,1284,1403,1454,1583,1435,1274,1033,966,686,423,356,270,275,486,785,935,0.21604880690574646,27.409929275512695,18.690603256225586,0.0003194081364199519,41.59946823120117,0.0,5.30517578125,138.1053466796875,115.91326141357422,158.4725341796875
464,-73.910719,40.680679,26.129687074950787,11.648113179094915,21.85173333157583,0.12305368653298916,0.3609819964437231,0.7800138052640386,0.12025415244423351,6.618704221244897,213,13120,709,1340,1214,1086,1146,1327,1127,756,907,985,558,342,241,211,140,98,146,331,456,0.0,13.246238708496094,0.0,0.0,3.0688633918762207,0.0,5.284692287445068,122.5597152709961,86.95726776123047,158.13687133789062
465,-74.004342,40.655583,28.151518089183867,4.963311319765837,27.308491278385773,0.1418203547380973,0.2096770466237828,0.6590500430784363,0.09022878563922385,6.395756127177806,230,5775,277,328,298,303,367,426,351,341,366,300,277,346,303,273,158,200,179,342,340,5.982231140136719,16.824893951416016,2.2709619998931885,13.252114295959473,35.312808990478516,0.0,5.416757106781006,125.95166778564453,132.88668823242188,105.46731567382812
466,-73.913508,40.659618,26.441092025942925,8.783319713623543,23.784169530480863,0.12743182298613756,0.5168472848287442,0.7217323876977937,0.12747698683079667,6.136681200042974,164,10587,619,716,743,822,979,1039,886,762,558,617,482,432,324,314,227,197,205,306,359,19.43111228942871,23.95446014404297,25.91991424560547,2.781797409057617,18.59311866760254,0.0,5.43931245803833,129.635009765625,89.08596801757812,169.6096954345703
467,-73.931604,40.678478,20.900969528125234,13.451245260771003,25.183812891277203,0.15045162973601664,0.38970782996364756,0.9256108906090355,0.1845843483956807,6.474013381787655,209,11292,604,667,665,773,1014,989,998,998,913,874,614,499,325,283,156,153,151,237,379,20.860321044921875,5.732905387878418,4.896966457366943,30.656282424926758,20.41035270690918,0.0,5.074916839599609,76.15333557128906,72.15689086914062,99.52986145019531
468,-73.968759,40.695389,33.56751924032693,7.021096861842788,22.564594387571447,0.17113877740098443,0.2262852567456144,0.7370293795407473,0.13406215569911858,7.5186874403621715,182,3600,196,279,178,190,271,265,239,204,239,225,248,201,121,103,101,94,106,137,203,7.68177448734475e-12,16.28558349609375,2.6140334341562266e-10,65.68773651123047,1.0790317424291818e-11,0.0,5.217228412628174,169.16595458984375,122.15786743164062,202.5922088623047
469,-73.911279,40.666187,24.3350821893334,13.599303490357382,23.18256750874136,0.24903560506886457,0.09516719657342554,1.0576597118743079,0.1255789935817207,6.6695026967717315,174,15422,1049,1061,1000,1386,1431,1541,1359,1238,926,787,624,542,530,391,224,234,283,380,436,5.19474983215332,6.828186988830566,8.21243953704834,2.8509652614593506,15.56203556060791,0.0,5.480556964874268,118.28534698486328,102.4002456665039,143.7661590576172
470,-73.920658,40.659914,22.95103699948306,8.687638415603756,26.530958005520098,0.14276161253545577,0.09071994835222272,0.7502008118726464,0.12291309792484287,5.699566794859599,213,11163,604,676,672,762,824,982,994,849,864,602,551,409,429,357,294,293,272,337,392,22.021486282348633,21.870704650878906,72.760009765625,1.9028757949212408e-16,28.897764205932617,584.22216796875,5.223995685577393,166.59237670898438,137.68856811523438,192.74024963378906
471,-73.986105,40.695444,33.78856953957098,10.443242276601081,16.75712439081937,0.44695250421976884,0.09763509535389266,1.0917398283521622,0.21033470007441316,6.5385619513422455,278,28430,1492,1477,1514,1719,1819,1910,1635,1740,1695,1476,1607,1806,1601,1432,845,768,1291,1203,1400,29.7989559173584,13.915350914001465,199.99119567871094,23.723621368408203,51.147315979003906,0.0,6.3050312995910645,615.814208984375,1328.1795654296875,407.43182373046875
472,-74.005151,40.677914,25.730581269185098,8.751340725123432,27.860319991996388,0.16497788925516116,0.1112056174069688,1.1696671648442654,0.12900509266112545,5.222925413428028,221,7161,597,489,481,479,460,393,451,354,357,307,490,449,500,378,161,158,138,243,276,25.75904655456543,33.82199478149414,77.72955322265625,135.197998046875,44.69903564453125,0.0,5.8562846183776855,94.19194030761719,86.91201782226562,120.22515869140625
473,-73.879131,40.669358,20.69298589797247,12.169277191162111,27.430242810930526,0.10835702078683038,0.22104027157738093,0.9535253615606399,0.18070348103841147,5.187248229980468,175,7590,687,653,597,525,512,633,546,533,532,484,360,312,328,283,170,136,78,92,129,14.096158027648926,29.489124298095703,25.3347225189209,1.2620550438047218e-11,26.54205894470215,0.0,5.591233253479004,107.89178466796875,91.2112808227539,131.44692993164062
474,-73.879131,40.669358,20.69298589797247,12.169277191162111,27.430242810930526,0.10835702078683038,0.22104027157738093,0.9535253615606399,0.18070348103841147,5.187248229980468,175,7590,687,653,597,525,512,633,546,533,532,484,360,312,328,283,170,136,78,92,129,14.096158027648926,29.489124298095703,25.3347225189209,1.2620550438047218e-11,26.54205894470215,0.0,5.591233253479004,107.89178466796875,91.2112808227539,131.44692993164062
475,-73.876084,40.665817,17.412282137980952,8.41544185927992,33.04489862800825,0.09181491612601203,0.08104720918258818,0.871608280899501,0.17649757586690065,4.785010995644547,202,4616,396,376,299,285,345,493,426,427,318,314,200,119,123,105,61,55,65,96,113,4.2753472328186035,21.968839645385742,20.517473220825195,2.6012725830078125,29.808326721191406,0.0,5.880839824676514,93.65438079833984,68.3367919921875,112.4972152709961
476,-73.9317,40.6921,29.417650589090314,9.547609367117975,20.927794879635435,0.20625343912221475,0.259289520465775,0.6541828972351209,0.1579815188780526,7.959457422723833,151,8924,495,552,661,606,852,802,732,652,553,455,510,400,269,210,126,191,211,272,375,0.844157338142395,11.713272094726562,1.3942663690258428e-10,108.21102905273438,2.4970400747115207e-10,0.0,5.261795997619629,112.18960571289062,84.47708892822266,141.40151977539062
477,-73.986678,40.606994,21.099029887806278,12.602618065747349,25.42872266335921,0.19992535764520822,0.07044510407881303,0.6776585723414565,0.09748953761476459,6.752150347738556,176,1644,146,118,113,110,90,90,108,76,101,106,76,66,48,41,26,43,104,74,108,0.0,0.0,0.0,0.0,0.0,0.0,5.316398620605469,143.5489959716797,127.36356353759766,179.2111053466797
478,-73.874537,40.67002,18.619934611139147,12.74144068126977,27.84270472174523,0.18006352503561068,0.11756436136744966,0.832729851639511,0.16315639419043623,5.314695755107289,149,6788,465,526,410,448,425,683,783,613,440,503,311,202,161,188,99,83,125,141,182,9.232836723327637,27.231592178344727,14.144829750061035,1.3906853199005127,15.880563735961914,0.0,5.444810390472412,107.97608947753906,82.43218231201172,147.4995880126953
479,-73.97858,40.669255,25.970690178148676,16.187547818578853,17.933262526386915,0.20707063000611586,0.16679185809511127,0.5915537747469817,0.11180685024068814,9.121425513065224,165,1581,137,81,89,101,183,182,154,86,84,92,60,64,39,44,17,27,40,53,48,28.528810501098633,18.81700897216797,140.26463317871094,0.0,105.16612243652344,2.4140350813723986e-39,5.444252967834473,173.1231689453125,226.95849609375,138.67080688476562
480,-73.955741,40.70554,30.353836036238828,10.977476889934016,18.367462566504056,0.22219138772480346,0.32275692767688624,0.7770138778453209,0.12870666083939578,7.0253367817729995,218,2932,263,193,223,168,205,203,196,197,174,152,108,112,121,120,66,100,109,98,124,35.69926834106445,19.619401931762695,47.07699203491211,2.298604535877491e-11,39.89826583862305,0.0,5.4751152992248535,269.0422668457031,315.6100158691406,208.17855834960938
481,-73.986678,40.606994,21.099029887806278,12.602618065747349,25.42872266335921,0.19992535764520822,0.07044510407881303,0.6776585723414565,0.09748953761476459,6.752150347738556,176,1644,146,118,113,110,90,90,108,76,101,106,76,66,48,41,26,43,104,74,108,0.0,0.0,0.0,0.0,0.0,0.0,5.316398620605469,143.5489959716797,127.36356353759766,179.2111053466797
482,-73.932254,40.691467,27.81826942055314,9.904081733138474,21.635695519270723,0.1911777037161368,0.19290270628752534,0.6022486421797011,0.15999078750610352,7.624015101680048,144,8977,543,641,729,655,810,813,720,632,571,425,489,392,274,195,121,192,188,240,347,2.714313507080078,10.43957805633545,1.6433140959115633e-10,113.23741912841797,2.63887717233402e-10,0.0,5.301502704620361,114.478271484375,88.3701171875,141.3177947998047
483,-73.995084,40.60498,28.163347176626218,10.665147073443617,21.94598989283785,0.2926307930732169,0.1973948016516142,0.7059956273288592,0.09525740963911052,7.928733284591783,141,1707,135,100,116,113,115,147,140,111,107,81,108,96,59,44,25,32,27,46,105,0.0,0.0,0.0,0.0,0.0,0.0,5.349465847015381,136.79844665527344,112.08125305175781,161.48519897460938
484,-73.971644,40.69453,33.28421377824895,11.166249706758467,19.83095520701488,0.25879115809719433,0.1645157457063984,0.8417864751549406,0.13872409444059516,6.626564785976872,179,6979,434,544,335,372,524,479,488,481,470,463,480,335,218,236,175,159,204,267,315,4.928654272901012e-12,3.8898446559906006,2.8829719667555764e-05,36.020668029785156,6.635182857513428,0.0,5.313163757324219,162.38909912109375,114.38800811767578,188.99693298339844
485,-73.947932,40.719818,24.327983022705325,11.879227801067069,24.951493352409305,0.22073586781819665,0.09148120880126953,0.9586837233566659,0.15204766901527958,4.952332159368005,328,1238,63,65,84,67,61,54,141,149,175,55,29,68,30,28,11,31,60,55,12,13.594938278198242,15.359052658081055,10.864847183227539,6.945011138916016,17.09000015258789,0.0,5.456602096557617,88.33209228515625,96.31692504882812,112.58302307128906
486,-73.912102,40.665568,24.06608530206463,14.225046975272042,23.094415763396903,0.22237118233311495,0.18766849430945104,1.0178631136876455,0.13001305716378347,6.63311703604941,161,11070,742,770,744,937,972,1128,872,881,693,619,476,402,389,270,174,183,205,289,324,12.118546485900879,7.7389936447143555,10.487749099731445,0.010930627584457397,17.414003372192383,0.0,5.458272457122803,111.35545349121094,95.49923706054688,135.01454162597656
487,-74.014363,40.677968,20.77662101899734,6.398855556141246,32.720793377269395,0.18312112249509252,0.02325857528532394,1.2083072855014996,0.14503748729975535,4.732963533112497,132,1274,111,107,115,113,92,81,103,52,65,58,75,61,44,38,26,29,20,46,38,0.0,2.6709139347076416,1.5796514389876393e-06,138.02703857421875,6.01024055480957,2.325668477243248e-11,5.372035026550293,67.82231140136719,62.63644027709961,58.363990783691406
488,-73.947256,40.69447,24.659250577290848,13.264694213867191,22.11190170711941,0.20393133163452148,0.07620493570963542,0.5878864394293889,0.10047223832872179,8.073115613725452,120,11864,845,1005,968,1253,1012,952,1005,902,718,514,471,395,320,225,182,237,224,284,352,23.918851852416992,24.50113296508789,45.729610443115234,114.81097412109375,22.495943069458008,0.0,5.402985095977783,169.1410369873047,122.15836334228516,217.7786407470703
489,-73.960808,40.689499,25.139145706639145,21.237813198205195,17.347429641569505,0.1855590126731179,0.15994678844105115,0.7621557062322443,0.12173084297565498,7.061553145899917,165,11350,574,661,697,906,775,621,801,790,815,629,584,474,413,444,343,332,476,458,557,8.5462064743042,29.998580932617188,19.75806999206543,53.45941162109375,4.093678951263428,0.0,5.547993183135986,188.81593322753906,199.39744567871094,224.80006408691406
490,-73.951575,40.656423,25.28713324974323,10.09838581085205,24.92891125295354,0.21556081442997377,0.20896237472008014,0.7944655144351651,0.16313174675250872,9.738376770896474,116,7439,368,518,467,584,679,632,536,595,528,538,360,387,274,200,128,142,159,165,179,14.91388988494873,17.040916442871094,2.723129987716675,0.001423079171217978,4.951761656962761e-13,0.0,5.3885579109191895,150.44277954101562,106.1268081665039,201.23516845703125
491,-73.960093,40.6771,26.899516048022416,6.522673147696038,26.83693010207505,0.15338336282770998,0.1316665441204465,0.5776758547182437,0.1110210753323739,7.61491448326185,171,6085,424,496,417,436,359,416,300,287,310,253,458,366,318,278,249,158,216,176,168,0.2274167686700821,11.256195068359375,4.793959617614746,49.32975387573242,6.130290985107422,0.0,5.1988115310668945,119.80941772460938,103.16482543945312,139.24008178710938
492,-74.007222,40.653277,28.800715939851184,4.172118145236422,27.376565746232576,0.11421853780386855,0.21285205225419496,0.7316084469065944,0.10257752592567226,7.124724611078092,221,7297,441,421,454,440,455,532,460,427,428,409,367,429,322,320,204,221,205,383,379,6.537211478906347e-40,11.711655616760254,0.03784980624914169,65.39192962646484,0.0,0.0,5.4674973487854,148.13421630859375,161.3424072265625,121.74214935302734
493,-73.944,40.706729,29.04775508244833,12.956192016601557,18.434744358062748,0.19216569264729816,0.21705055236816406,0.7340221405029298,0.09916973114013672,7.563051700592041,200,9273,654,653,679,719,663,891,727,710,568,438,400,467,369,307,151,173,191,229,284,29.291994094848633,16.180200576782227,40.4492073059082,1.6473558628327112e-11,29.054615020751953,0.0,5.392735004425049,170.23118591308594,129.1983642578125,217.46435546875
494,-73.906662,40.655644,18.676575176781657,8.102747437300957,31.513208239448044,0.13691017329060093,0.04676567774163183,1.006768463523525,0.20397797764739664,6.08646368524831,157,6759,586,541,371,459,479,545,558,450,500,405,364,265,220,207,178,111,141,185,194,12.355191230773926,19.554384231567383,14.45653247833252,22.25094223022461,5.220418930053711,0.0,5.774618148803711,126.1121597290039,96.27806854248047,161.55653381347656
495,-73.924422,40.6881,31.470900547655322,8.881508951951684,20.0153501727913,0.22408590035096498,0.35427431517009494,0.7691713325081998,0.17477872502451705,7.92088568965091,158,20577,1108,1336,1369,1594,1617,1494,1752,1447,1303,1104,1146,870,763,639,538,521,706,602,668,2.109886224066493e-11,2.7636022567749023,1.6877248210089846e-10,52.037086486816406,2.0578508377075195,0.0,5.158940315246582,132.07008361816406,122.50157928466797,144.32012939453125
496,-73.981925,40.58807,22.17492317968561,12.361858057421307,26.171979978103046,0.09318950564362281,0.15172071235124454,1.0835969170858695,0.14487495718076246,6.314978488655978,86,2019,189,189,164,142,139,165,112,118,123,110,103,107,83,53,42,37,43,63,37,0.0,0.0,0.0,0.0,0.0,0.0,5.208977222442627,95.63418579101562,123.4426040649414,112.80656433105469
497,-73.936313,40.662092,23.785092132260104,12.065939277109473,23.61367004086273,0.14677876173847854,0.06728432395241478,0.6319560426654235,0.14350390193438287,7.743912513809976,165,4727,268,374,287,286,308,311,302,275,267,244,307,320,196,159,101,152,186,206,178,11.393145561218262,19.171390533447266,22.786666870117188,37.84010696411133,12.643434524536133,0.0,5.117705821990967,148.82635498046875,126.4421615600586,183.8155975341797
498,-73.892797,40.644134,15.38703142306505,16.61082139778963,27.507341888559843,0.1479830060686384,0.034324844162185474,0.8680320921398346,0.21137468742601795,5.467789100878167,154,1837,119,99,139,135,160,115,144,96,124,57,96,145,78,57,39,46,59,67,62,13.875364303588867,11.426314353942871,7.076920032501221,2.780949592590332,1.412036418914795,0.0,5.253378391265869,103.0607681274414,85.61909484863281,121.06169891357422
499,-73.985413,40.576976,21.64026962386238,4.502446563155563,34.24563584504304,0.223251846101549,0.18596251805623373,1.0620929576732494,0.1950996893423575,5.43060788401851,144,12321,479,531,716,812,824,805,669,841,883,1057,889,782,663,417,269,262,235,574,613,0.0,0.0,0.0,0.0,0.0,0.0,5.217534065246582,82.34008026123047,50.36275863647461,106.4615707397461
500,-74.005151,40.677914,25.730581269185098,8.751340725123432,27.860319991996388,0.16497788925516116,0.1112056174069688,1.1696671648442654,0.12900509266112545,5.222925413428028,221,7161,597,489,481,479,460,393,451,354,357,307,490,449,500,378,161,158,138,243,276,25.75904655456543,33.82199478149414,77.72955322265625,135.197998046875,44.69903564453125,0.0,5.8562846183776855,94.19194030761719,86.91201782226562,120.22515869140625
501,-73.925087,40.689569,30.025766835068218,9.107610157557898,20.446404956635977,0.22015819301852932,0.40650801225142047,0.7354610410087553,0.1615988743769658,7.033826365615384,154,19210,948,1177,1227,1429,1550,1460,1598,1334,1221,992,1052,815,702,636,515,522,708,636,688,1.031537529005977e-11,6.894570350646973,1.886473199874672e-10,76.68695831298828,2.0519564151763916,0.0,5.1435112953186035,131.08926391601562,116.91907501220703,148.31533813476562
502,-73.915217,40.695875,23.69946756306485,8.974512841339411,25.678959118543997,0.20244944495327136,0.3122547909588033,0.7671126717411318,0.1435007099098943,5.6143525554348495,169,21589,1561,1409,1543,1426,1306,1388,1283,1170,1063,934,929,954,949,950,779,821,1004,987,1133,17.8503475189209,15.664066314697266,0.5546772480010986,2.4675702453569315e-11,2.9941389560699463,91.66407775878906,5.457422256469727,141.4599609375,137.54251098632812,148.2930450439453
503,-73.914282,40.651642,16.51485389445251,8.73965989975702,32.879748076071465,0.12703932724989853,0.04925046648297992,0.8311775339630256,0.19652048746744794,5.790536847465483,154,1643,82,79,74,92,62,92,113,108,88,107,111,76,77,71,64,91,74,78,104,24.12726593017578,14.856534957885742,96.64368438720703,2.1196953525759454e-07,20.794261932373047,0.0,5.565804481506348,80.18448638916016,57.535831451416016,102.60462188720703
504,-73.918123,40.668608,21.391166407742606,10.265523399519402,27.381631964092314,0.11999956172574718,0.1583253854531737,0.6725684133274162,0.12464166801666544,6.009896299177984,214,9525,556,542,589,683,913,1074,703,777,736,547,546,415,367,209,146,152,170,193,207,8.277801513671875,10.714426040649414,16.47262954711914,0.0,11.262677192687988,0.0,5.144049167633057,100.47531127929688,74.13485717773438,126.3168716430664
505,-73.936635,40.593157,15.968295667298444,21.455223790757525,22.444589039277748,0.10430225018683742,0.023271910537629437,0.9683928781242294,0.1330864735138722,5.946118168576935,169,3738,270,316,229,276,292,259,270,276,186,177,173,197,153,83,59,100,101,129,192,21.962799072265625,13.709880828857422,16.331830978393555,3.112569802834961e-17,33.828853607177734,0.0,5.262770175933838,100.59895324707031,90.65237426757812,136.15560913085938
506,-73.936635,40.593157,15.968295667298444,21.455223790757525,22.444589039277748,0.10430225018683742,0.023271910537629437,0.9683928781242294,0.1330864735138722,5.946118168576935,169,3738,270,316,229,276,292,259,270,276,186,177,173,197,153,83,59,100,101,129,192,21.962799072265625,13.709880828857422,16.331830978393555,3.112569802834961e-17,33.828853607177734,0.0,5.262770175933838,100.59895324707031,90.65237426757812,136.15560913085938
507,-73.867138,40.669356,14.746492729255015,11.797598296520759,31.315786528289845,0.135163529883944,0.03150287158986464,0.8655177505683558,0.1701936364811372,5.139593984566481,187,3654,253,202,292,290,239,322,274,259,197,252,220,165,106,104,68,74,94,109,134,9.72079086303711,17.422863006591797,12.00719928741455,1.3911067247390747,18.28093147277832,0.0,5.631988525390625,106.00613403320312,70.40845489501953,140.8941192626953
508,-73.949243,40.665757,26.695737122111233,11.451447951770701,22.82027352981715,0.207290392160875,0.09235903936544135,0.6770876331366096,0.12164345596107673,8.121145024235307,173,16909,1032,1110,1087,1065,1096,944,1059,1071,1038,1006,954,852,744,752,462,522,698,695,722,18.911773681640625,10.611335754394531,14.567238807678223,104.44380950927734,13.306007385253906,0.0,5.317508697509766,175.70559692382812,165.89669799804688,190.08831787109375
509,-73.928917,40.67271,26.797100404898316,7.865823556979495,24.239874879519146,0.18573005994160965,0.32104700803756714,0.699059416850408,0.1476225753625234,8.269496013720829,128,25464,1184,1234,1322,1355,1647,1736,1583,1632,1579,1277,1292,1413,1393,1170,964,976,1216,1280,1211,20.6882381439209,2.1271097660064697,23.9583797454834,2.7812740802764893,33.7237434387207,0.0,5.277384281158447,130.03384399414062,97.58952331542969,164.42730712890625
510,-73.972009,40.582518,17.632700419692146,23.193802597800314,19.336919160931114,0.1411133785947468,0.039962147981926585,0.6347487417704751,0.10633620729096578,6.269637629556122,209,916,65,55,45,42,50,39,73,30,49,55,57,41,53,31,39,30,27,59,76,0.0,0.0,0.0,0.0,0.0,0.0,5.30629825592041,160.72630310058594,144.64930725097656,205.76974487304688
511,-73.943839,40.658671,21.69640212095985,13.96265695261401,23.985026049059492,0.15823064848434087,0.18049838931061502,0.8829114973083022,0.11073489521825035,8.253878955693207,172,4023,249,307,232,296,310,337,290,219,220,160,234,238,195,146,80,107,92,153,158,32.78596878051758,19.664552688598633,10.606244087219238,15.752408027648926,5.492669582366943,0.0,5.253499984741211,127.17578887939453,164.55421447753906,155.73049926757812
512,-73.914312,40.612258,11.779481523177205,16.227537510441802,30.773004597308585,0.1589200075934915,0.07382070316987879,1.218422253926595,0.15547439163806392,5.25680383046468,136,657,17,36,58,29,35,46,38,51,37,32,46,24,14,21,14,33,59,39,28,8.206153869628906,0.4747363030910492,1.0867574214935303,7.354511795301232e-16,16.351125717163086,0.0,5.2416300773620605,25.704845428466797,38.82735061645508,27.23914337158203
513,-74.007469,40.606739,18.837882037186507,11.563431801487557,28.316607404111036,0.12547815617044175,0.13370798594916045,0.7835509172126426,0.12372311074935378,6.856085174712376,134,883,37,61,65,70,45,61,54,67,46,36,46,46,28,50,27,31,24,41,48,0.0,0.0,0.0,0.0,0.0,0.0,5.324757099151611,107.58416748046875,92.42999267578125,123.03105926513672
514,-73.939282,40.675905,25.745918378548282,12.9608796115666,20.950762229629706,0.19553059767067177,0.20211256003078026,0.6875450601054646,0.1446466405683429,7.36415416379518,158,8605,678,752,730,733,791,654,699,656,601,361,350,308,273,217,141,94,138,223,206,10.80040168762207,5.411303520202637,3.4223361015319824,65.67996978759766,13.478851318359375,0.0,5.315816402435303,118.92378234863281,87.04548645019531,154.64405822753906
515,-73.936635,40.593157,15.968295667298444,21.455223790757525,22.444589039277748,0.10430225018683742,0.023271910537629437,0.9683928781242294,0.1330864735138722,5.946118168576935,169,3738,270,316,229,276,292,259,270,276,186,177,173,197,153,83,59,100,101,129,192,21.962799072265625,13.709880828857422,16.331830978393555,3.112569802834961e-17,33.828853607177734,0.0,5.262770175933838,100.59895324707031,90.65237426757812,136.15560913085938
516,-73.969248,40.682576,24.688328283804427,8.796264860365122,26.996219599688494,0.26492842921504267,0.07201936509874132,0.8253941712556061,0.15596495734320748,5.936386320326063,180,4376,257,308,240,310,320,333,417,344,345,296,295,206,122,101,86,79,91,98,128,6.389548612428797e-11,6.813306169251021e-11,2.467026305463804e-10,36.0528450012207,4.945208469310359e-26,0.0,5.153954982757568,124.23038482666016,112.31214141845703,136.4701385498047
517,-73.807991,40.70283,27.081538649166333,8.063605875750772,24.303271567899422,0.23919289408166422,0.2324235205556832,0.8114969029146082,0.1275347728355258,9.246911098754486,204,16432,811,920,1119,1148,910,777,837,1101,1226,1252,921,763,636,547,376,419,450,996,1223,12.139019012451172,21.40500259399414,2.7202439308166504,51.68037414550781,15.349270820617676,0.0,5.400695323944092,164.944580078125,120.93480682373047,189.35733032226562
518,-73.951559,40.673943,28.119899309598484,11.63551232753656,19.056698236709984,0.21989186604817712,0.13374475332406852,0.5996163686116537,0.14343848595252404,7.582402840638772,130,5481,612,608,480,542,457,506,418,304,303,224,203,179,181,135,83,49,69,72,56,17.67819595336914,18.243297576904297,41.648616790771484,1.3915281295776367,36.488014221191406,0.0,5.321527481079102,143.74935913085938,114.26966857910156,172.71368408203125
519,-73.940859,40.686213,26.498700109656873,13.488401191821996,18.627556971305808,0.1748877447008511,0.1211968021116395,0.5300411279650702,0.09557267893915591,7.502786894351385,138,8777,548,664,688,819,897,880,781,797,532,320,324,239,246,233,143,153,131,176,206,2.9034583568573,31.553247451782227,1.0858981609344482,122.77864837646484,2.993366003036499,0.0,5.322659969329834,122.18359375,82.15693664550781,165.71658325195312
520,-73.982624,40.656202,15.523300063138626,20.134285479615635,24.400459440414515,0.1306140490170926,0.048482216010659426,0.5968821250786216,0.12799494684079274,5.721239046861896,118,551,35,27,43,61,51,51,21,25,28,21,35,33,28,18,32,9,6,13,14,19.994543075561523,23.920501708984375,149.92501831054688,5.566114902496338,35.206687927246094,0.0,5.515828609466553,71.1176986694336,64.36775970458984,81.66858673095703
521,-73.900432,40.643834,15.693088303641314,14.207178090119406,29.35013449490645,0.2044374543118339,0.0923090587461615,0.9947973409369729,0.22268038034898469,6.121511771729455,173,6609,315,410,371,360,347,505,647,645,848,606,432,297,204,121,58,80,93,123,147,22.027067184448242,3.4114670753479004,10.364845275878906,3.4965143229894263e-37,7.758951187133789,0.0,5.263789176940918,81.3593978881836,78.88640594482422,85.66607666015625
522,-73.869434,40.685852,28.399932266927557,9.16898923042493,24.38472017969135,0.12847084030362038,0.3198804234611918,1.1162934688891653,0.15622690114279003,7.617374284732977,169,4587,405,483,431,401,386,425,243,256,264,209,208,151,162,112,60,65,70,140,116,21.26133918762207,13.785633087158203,7.568933963775635,0.0,28.872194290161133,0.0,5.441577434539795,129.0792236328125,84.01754760742188,174.69544982910156
523,-73.925592,40.647851,16.045863781409725,13.296906252085051,29.03937760347165,0.08579751719599185,0.05001320848800627,0.8900555517856135,0.1703102396141669,5.084016653815165,161,1588,176,170,74,122,66,85,95,79,92,98,99,83,63,63,33,40,48,46,56,24.94499397277832,17.4005069732666,37.83982467651367,1.3936009407043457,17.40240478515625,292.3325500488281,5.134410858154297,82.04755401611328,88.7564926147461,92.52001953125
524,-73.869305,40.693002,29.564065644235313,15.482123211176708,19.11664153590347,0.1625754616477273,0.6542485169690065,0.9230372881648515,0.137114284014461,6.955378464978151,66,1066,88,132,116,87,118,59,78,70,49,37,36,44,26,27,5,20,18,22,34,24.015735626220703,7.2600016593933105,6.198854923248291,2.2408737365697817e-10,7.7130656242370605,0.0,6.134472370147705,130.07534790039062,113.95760345458984,106.06949615478516
525,-73.931604,40.678478,20.900969528125234,13.451245260771003,25.183812891277203,0.15045162973601664,0.38970782996364756,0.9256108906090355,0.1845843483956807,6.474013381787655,209,11292,604,667,665,773,1014,989,998,998,913,874,614,499,325,283,156,153,151,237,379,20.860321044921875,5.732905387878418,4.896966457366943,30.656282424926758,20.41035270690918,0.0,5.074916839599609,76.15333557128906,72.15689086914062,99.52986145019531
526,-74.007222,40.653277,28.800715939851184,4.172118145236422,27.376565746232576,0.11421853780386855,0.21285205225419496,0.7316084469065944,0.10257752592567226,7.124724611078092,221,7297,441,421,454,440,455,532,460,427,428,409,367,429,322,320,204,221,205,383,379,6.537211478906347e-40,11.711655616760254,0.03784980624914169,65.39192962646484,0.0,0.0,5.4674973487854,148.13421630859375,161.3424072265625,121.74214935302734
527,-73.998973,40.661059,25.331444210476345,4.712956553757793,29.997548382691665,0.12434217664930557,0.15373923561789773,0.9664460384484491,0.1268311702843868,7.129544730138295,165,11627,556,669,581,467,480,564,584,642,670,531,571,664,667,804,572,565,791,607,642,22.70184898376465,14.487939834594727,45.86088180541992,1.3915284872055054,34.21969223022461,292.06683349609375,5.505428314208984,86.46634674072266,88.39402770996094,82.8612060546875
528,-74.025734,40.622039,22.701076777509694,12.817618655980857,23.315749887647577,0.14376134179823893,0.15001101644789486,0.9695742161358312,0.19320251777407402,7.552130040287747,179,6547,320,367,398,467,520,450,430,473,394,366,408,355,364,283,113,136,170,271,262,0.0,0.0,0.0,0.0,0.0,0.0,5.419661521911621,104.71290588378906,94.50425720214844,123.86609649658203
529,-73.898249,40.667985,27.636062951735507,6.3165314824072345,27.613719052107875,0.1644751802743848,0.13025441918213324,0.7457051958356585,0.15139588182775643,5.543085969524617,189,16377,763,832,879,981,1174,1314,1337,1307,1178,926,1001,701,542,455,276,266,492,863,1090,14.576416969299316,31.328828811645508,58.04781723022461,0.0,26.99454116821289,0.0,5.359218597412109,133.7001495361328,102.1120834350586,149.18431091308594
530,-73.927979,40.663388,20.84085645601731,10.76827030773311,26.413187500118287,0.19443681997846265,0.18269775449767592,0.7198095321655273,0.11386224465776783,7.970558950143268,172,7188,428,500,458,605,459,535,701,439,525,435,334,260,292,259,136,166,167,236,253,14.614355087280273,24.464298248291016,18.428525924682617,4.853598594665527,28.22834014892578,0.0,5.322474002838135,120.91913604736328,94.74856567382812,161.1289520263672
531,-73.955856,40.58026,24.312142007719217,10.85559488312016,24.855182461622288,0.1778604150787602,0.07870929997141768,0.8156902034108232,0.1244771383642181,6.4486525310733445,205,2487,179,186,204,191,168,185,136,115,121,121,136,97,111,90,58,62,77,92,158,0.0,10.577282905578613,0.0,6.967146396636963,0.0,0.0,5.292457580566406,183.4934844970703,202.43017578125,166.5771484375
532,-73.984985,40.608135,21.270025267583147,10.97522478425101,26.587527342949915,0.21813121181302303,0.11821453937430508,0.7736254274175408,0.10898550797937516,6.6007694501555365,178,1825,179,124,121,116,92,103,116,73,111,113,85,83,59,50,27,58,119,83,113,0.0,0.0,0.0,0.0,0.0,0.0,5.331879615783691,143.02102661132812,120.72250366210938,183.53500366210938
533,-73.884211,40.677112,24.132242494699906,8.257480056918396,27.57174028020327,0.15680416911637698,0.3270386027641036,1.1864315084859631,0.14873151065540963,7.27940708601556,196,7199,564,542,641,650,620,614,599,483,469,411,284,216,196,162,81,88,137,221,221,7.569611549377441,12.386302947998047,11.56149959564209,1.0928875859850251e-11,18.49073600769043,9.07328060497871e-32,5.369041919708252,95.93665313720703,85.63346099853516,107.65171813964844
534,-73.906018,40.672216,23.254110610562975,11.362541111466152,26.2862778956594,0.21060058494019354,0.2757957558226741,0.9765762129640266,0.13271079343907974,5.50228754679362,204,16483,1007,1084,1525,1506,1465,1493,1341,962,1178,809,751,657,566,431,277,249,299,452,431,28.875215530395508,10.285727500915527,55.947357177734375,0.0,19.379575729370117,0.0,5.345496654510498,131.85696411132812,100.11795806884766,174.59815979003906
535,-73.915106,40.678124,21.766103558267414,9.318038991806084,27.611441564078277,0.11509837526263612,0.037937292747626,0.648507686576458,0.1368773103964449,5.942752947309603,198,8959,449,722,664,657,681,795,824,616,607,652,469,251,197,198,153,111,134,330,449,14.477392196655273,2.6480796337127686,14.972136497497559,0.0,12.024900436401367,0.0,5.151178359985352,103.08186340332031,87.35932159423828,127.01551055908203
536,-73.919818,40.657712,18.114557437712055,10.193469943182432,29.048235221852238,0.12007696170200119,0.06149919860755424,0.7796766352356718,0.15034141382241153,5.394187441835101,241,8806,508,553,570,679,620,661,782,655,647,462,376,308,385,292,211,272,240,266,319,26.58548355102539,12.885004043579102,103.039794921875,4.0185670968639897e-07,26.509260177612305,583.9567260742188,5.300889492034912,152.38418579101562,106.21643829345703,197.82107543945312
537,-73.912914,40.620537,13.016095434185084,15.47905867386617,30.424317993826183,0.06325964391584228,0.05272521069769323,0.8565201091578257,0.23202896118164057,5.721298571404151,169,536,40,32,29,32,31,37,52,36,40,35,23,20,28,31,17,5,13,25,10,7.524457916110873e-26,5.461893558502197,2.2610134250977687e-12,31.35564613342285,1.0256856128321168e-12,0.0,5.216121673583984,46.298805236816406,58.92891311645508,48.26325988769531
538,-73.937717,40.694676,28.64235047580435,13.113270973672675,19.181216168565815,0.2522616159348261,0.32338220245984134,0.6606510707310268,0.11572983800148477,7.417267682600993,196,13084,818,1002,1139,1088,1164,818,702,923,811,629,615,693,556,370,243,285,268,386,574,13.794452667236328,14.576430320739746,7.7724127769470215,139.64251708984375,13.225578308105469,0.0,5.300415515899658,139.4474334716797,95.4609146118164,182.9659881591797
539,-73.915159,40.693542,20.06575516292027,11.239779790242512,26.738647733415878,0.1250160308111282,0.08994238717215401,0.4995184852963402,0.10788440704345705,5.6799820491245825,140,6125,673,478,603,595,457,578,549,314,300,237,198,248,201,153,99,86,96,118,142,10.418830871582031,14.024662017822266,1.1241678421480827e-10,2.3569787788169094e-10,2.035930633544922,291.88995361328125,5.548290252685547,126.0171890258789,100.67216491699219,153.00303649902344
540,-73.883469,40.660077,12.296084148508397,16.085416017622062,28.897350989967766,0.08358984637114168,0.052083489353671394,0.6971601084453684,0.13129267468286682,5.0774582080802055,163,7427,394,400,387,588,684,639,594,556,569,514,340,308,264,149,119,142,230,279,271,22.284534454345703,20.471527099609375,23.975875854492188,1.1650709910715484e-11,34.990943908691406,0.0,5.719189643859863,94.72830963134766,86.9883041381836,122.59740447998047
541,-73.885704,40.659934,12.212898070553699,15.499660959205478,28.95229312789488,0.09163316473903427,0.054781120943735884,0.5696273711790523,0.13235103653137942,4.756042373228264,166,9261,536,542,457,674,828,805,768,690,689,631,526,348,322,216,144,167,271,317,330,22.1273193359375,23.030906677246094,20.81131935119629,4.932477169761196e-12,28.07183265686035,0.0,5.703786373138428,103.35289764404297,92.29226684570312,129.79824829101562
542,-73.971474,40.688769,23.410286925768073,19.22573595539505,16.42758073941083,0.23937740236380847,0.15809233759490537,0.8857953156663777,0.11664421905374305,7.438419682319176,142,1233,127,114,77,87,104,67,92,100,91,56,69,48,46,32,30,14,25,33,21,3.5898311138153076,1.8803772926330566,0.5440487861633301,71.87739562988281,5.28525972366333,0.0,5.268431186676025,160.560546875,171.19454956054688,150.1292266845703
543,-73.948982,40.638957,25.86000939092693,8.91456039699577,24.471253991362143,0.18158184706106695,0.1257386668429102,0.7113951432869514,0.12880453226364103,8.254933780467018,169,7000,406,443,385,391,465,481,503,539,573,523,382,336,276,209,120,137,184,249,398,30.883668899536133,5.4730706214904785,106.88236999511719,0.031488846987485886,27.892276763916016,0.0,5.333810329437256,132.4844970703125,97.09368133544922,176.2504425048828
544,-73.969887,40.632149,18.966020381055372,18.483298569657624,21.413863849473458,0.17167951840172677,0.06435953509745174,0.8113912678929938,0.1444139197650796,6.754464420764649,191,14405,641,742,788,706,637,581,627,724,735,861,802,773,803,697,591,658,887,922,1230,26.943716049194336,6.446426868438721,31.867013931274414,23.64923095703125,18.265949249267578,0.0,5.403987407684326,185.40298461914062,173.60557556152344,197.3211212158203
545,-73.908341,40.65452,18.88952167554833,8.374293754840723,31.078463148796693,0.11758146614863954,0.07256255752738866,0.9910660228510015,0.20400430964327407,6.937739712068406,145,5052,243,245,258,330,266,359,413,400,438,329,317,258,233,176,142,140,130,183,192,14.608370780944824,16.931974411010742,16.330869674682617,13.91950511932373,10.584206581115723,0.0,5.755795001983643,126.78363037109375,106.42581939697266,145.42282104492188
546,-73.90892,40.693748,26.035123882871687,10.175578521959707,23.081977439649176,0.18747190032342465,0.1500033368968,0.6409151385528872,0.09189037361530343,6.610302732448385,132,7055,553,719,589,675,678,596,685,418,301,303,250,263,208,233,131,102,91,122,138,24.177175521850586,23.628681182861328,5.106222629547119,2.2786612874359236e-10,4.3159565925598145,244.15655517578125,5.496318817138672,152.71859741210938,108.11400604248047,199.69241333007812
547,-73.987399,40.70043,36.098582067607374,9.682178104855884,22.36434628443463,0.3239655200346017,0.05127471170307678,0.8656467429894968,0.11503725876042875,4.940095065552511,324,4518,311,325,369,360,342,419,385,279,287,209,225,192,107,85,51,59,102,151,260,39.03307342529297,12.495989799499512,132.02508544921875,254.4043731689453,65.94426727294922,0.0,6.3786725997924805,258.272216796875,251.51344299316406,200.65072631835938
548,-73.888775,40.65787,13.016299369550563,10.679414933344281,32.838093380318995,0.12403604026152708,0.06355481727100978,0.8181463520846262,0.15802264584930517,5.439064732964537,214,8605,548,706,474,734,828,778,665,585,601,511,375,294,260,172,98,110,204,308,354,24.851886749267578,20.696033477783203,13.815887451171875,1.390896201133728,24.010692596435547,0.0,5.431551933288574,117.41681671142578,102.58050537109375,136.51791381835938
549,-73.93861,40.591132,17.104396996674712,19.618271677582353,22.698182750631258,0.10592584256772641,0.021835168202718098,0.7257569719243931,0.13690568782665113,6.695315352192632,144,2614,211,254,182,228,201,193,174,143,124,119,123,148,107,57,36,72,78,67,97,27.6732234954834,16.035348892211914,13.085463523864746,8.40081997022235e-12,43.122982025146484,0.0,5.224526405334473,101.61994171142578,97.91633605957031,128.90589904785156
550,-74.007596,40.652127,28.500689573066175,5.192596819973732,27.091555780218556,0.1271006857701974,0.1905819796776587,0.7599759656329484,0.10988886042158735,7.112658744634584,215,8365,523,501,550,503,537,552,462,473,474,476,440,529,414,364,231,281,218,421,416,0.0,9.154687881469727,5.950280741212895e-27,67.61830139160156,0.0,0.0,5.411637783050537,143.92591857910156,141.16287231445312,142.3073272705078
551,-73.973363,40.647598,17.75303594993822,16.882530559192997,24.5891624508482,0.155479402253122,0.06365602666681464,0.7983359423550692,0.14336398153594046,5.7803094748294725,220,1822,154,189,151,134,120,160,109,112,126,97,63,94,55,58,22,44,52,42,40,8.558876037597656,30.05362892150879,2.2186124324798584,42.791255950927734,6.095336437225342,0.0,5.568460941314697,128.22311401367188,101.2229232788086,148.16831970214844
552,-73.978094,40.616487,20.339096917046444,10.815283192528618,27.198184861077205,0.11929326587253146,0.40331151750352645,0.6694804297553169,0.094607671101888,6.664657062954372,120,848,66,48,47,47,39,38,34,43,71,62,51,48,40,24,25,34,28,50,53,0.0006160929333418608,23.20482063293457,0.0,12.695778846740723,0.0,0.0,5.286374092102051,112.1501693725586,88.99795532226562,131.19264221191406
553,-73.966208,40.630109,21.452185876258824,22.075205814989303,18.613017158669262,0.169576371269387,0.09589376328866693,0.9165357436811873,0.17157164304065303,6.539134737811511,158,1448,113,140,122,99,94,99,74,70,61,53,61,92,75,65,48,31,40,43,68,20.003389358520508,11.807348251342773,0.9736603498458862,18.779891967773438,9.941854476928711,0.0,5.342292785644531,131.77491760253906,117.6958999633789,146.47048950195312
554,-73.983116,40.656952,16.723388753911493,19.042328352569257,24.199753166526875,0.15043853431619625,0.07236747331516719,0.5437858643070344,0.11842045732723772,6.505260672620548,124,620,37,33,47,74,57,54,26,29,34,21,39,36,31,19,33,9,10,14,17,18.36329460144043,23.320106506347656,163.46482849121094,5.598287582397461,34.35115432739258,0.0,5.534854412078857,71.83373260498047,63.32796859741211,83.82897186279297
555,-73.992076,40.702952,38.417607071579134,11.809464423887187,20.914084014072213,0.4634822312221731,0.1488956328361265,0.9771334740423387,0.12107767084593417,3.489956701955488,310,1311,57,123,101,161,141,128,42,52,62,58,65,57,43,32,24,37,31,42,55,37.578155517578125,24.613296508789062,115.58158874511719,252.40809631347656,52.232208251953125,0.0,6.346360683441162,192.7364959716797,209.0502166748047,154.1863555908203
556,-73.95381,40.656276,26.366547913293214,12.089174765127678,21.958177245919863,0.24445607112004208,0.19976216503697583,0.6044137851465122,0.14091040673758568,9.493484116687396,117,7667,380,527,480,630,738,655,547,583,542,541,368,386,297,206,147,143,151,165,181,18.34418487548828,11.825289726257324,3.2667276859283447,2.7761688232421875,6.904221534729004,0.0,5.4449968338012695,162.19155883789062,113.78572845458984,218.34661865234375
557,-73.956832,40.681102,26.573701119637704,6.984630103583807,25.599612158698,0.17968736253343184,0.2865153819591076,0.87095054420265,0.18179111652546098,6.920341457332576,185,9639,1004,830,640,789,789,659,592,735,735,522,464,439,357,217,162,110,129,211,255,24.082748413085938,18.519926071166992,36.234466552734375,136.41236877441406,7.952920436859131,0.0,5.136295318603516,87.86819458007812,68.17703247070312,105.99076843261719
558,-73.919653,40.695975,26.188704033037688,9.633480323539986,24.131604428693052,0.23461278978284894,0.30875433058965773,0.8686537271017555,0.1287062089521806,5.769688218504518,182,21267,1371,1390,1391,1434,1372,1363,1221,1231,1152,974,911,943,930,908,752,800,1008,984,1132,9.23799991607666,19.381603240966797,0.5438840389251709,9.926937103271484,1.0371540784835815,0.0,5.446666717529297,130.4638671875,120.84159088134766,140.1130828857422
559,-73.940749,40.691472,25.984657409528616,9.426479252506063,23.61239211200035,0.14153920352186783,0.10278780166416952,0.5459358703055884,0.12315941727869044,7.1520905516463325,146,8642,562,761,794,815,756,603,616,711,535,385,365,349,244,204,153,155,204,195,235,16.355337142944336,24.823360443115234,15.440461158752441,170.3756103515625,9.208012580871582,0.0,5.359783172607422,128.88404846191406,83.62712860107422,174.5305633544922
560,-73.957501,40.64879,30.812070820782637,7.221104218079162,22.401033221064388,0.23840182536357157,0.14107828741675024,0.7930927448444538,0.12387864224545592,8.581918424314209,148,10601,693,719,762,986,921,800,565,582,874,505,351,510,500,340,233,229,273,348,410,39.85852813720703,8.118705749511719,112.49795532226562,1.3695768117904663,29.474712371826172,0.0,5.247920989990234,148.42628479003906,167.5379180908203,188.57208251953125
561,-73.97101,40.644861,16.28647953474603,17.62309544751433,25.033643132164368,0.181301110455779,0.07904111122598453,0.8851354624949346,0.1684886257664687,6.890173834197374,196,1804,127,192,156,113,112,158,99,112,133,100,71,90,62,48,23,40,62,61,45,11.105382919311523,30.108280181884766,4.051660060882568,2.2652658828586913e-12,7.047797203063965,0.0,5.370635986328125,96.30138397216797,71.03170776367188,121.3581314086914
562,-73.97101,40.644861,16.28647953474603,17.62309544751433,25.033643132164368,0.181301110455779,0.07904111122598453,0.8851354624949346,0.1684886257664687,6.890173834197374,196,1804,127,192,156,113,112,158,99,112,133,100,71,90,62,48,23,40,62,61,45,11.105382919311523,30.108280181884766,4.051660060882568,2.2652658828586913e-12,7.047797203063965,0.0,5.370635986328125,96.30138397216797,71.03170776367188,121.3581314086914
563,-73.972767,40.702258,0.0,0.0,0.0,0.0,0.0,0.0,0.0,0.0,0,0,0,0,0,0,0,0,0,0,0,0,0,0,0,0,0,0,0,0,0,2.3602226065122522e-05,1.1800999641418457,1.5577869549865397e-10,1.7699232704448953e-11,8.50309731958987e-07,0.0,5.453333377838135,,7.934640407562256,
564,-73.932254,40.691467,27.81826942055314,9.904081733138474,21.635695519270723,0.1911777037161368,0.19290270628752534,0.6022486421797011,0.15999078750610352,7.624015101680048,144,8977,543,641,729,655,810,813,720,632,571,425,489,392,274,195,121,192,188,240,347,2.714313507080078,10.43957805633545,1.6433140959115633e-10,113.23741912841797,2.63887717233402e-10,0.0,5.301502704620361,114.478271484375,88.3701171875,141.3177947998047
565,-73.986345,40.600808,22.889420213992434,9.239689621801352,27.761095466343228,0.11867405956800385,0.11764012329967309,1.210437486075904,0.16687992898566786,7.025579583278504,141,839,62,63,49,40,49,43,50,59,38,61,70,47,23,27,22,11,25,46,54,0.0,0.0,0.0,0.0,0.0,0.0,5.2482686042785645,103.0124282836914,86.99462127685547,129.9673309326172
566,-74.004306,40.643018,24.999370941748982,10.71884265312782,22.97519740895328,0.2411267696282802,0.1887329623230502,0.6720149618947608,0.14587630573500934,9.036716029175325,156,3915,320,253,253,181,241,271,229,203,221,196,161,205,164,212,141,124,146,181,213,0.0,6.5992255210876465,0.0,12.63522720336914,0.0,0.0,5.4210524559021,210.27964782714844,165.44345092773438,260.1841735839844
567,-73.928673,40.674491,25.766221579019113,9.219339089992243,24.89321923359132,0.12828426443653188,0.3362469858937449,0.8390053010090088,0.17443776646733805,7.479379497049177,154,24302,1131,1149,1272,1280,1524,1572,1464,1555,1524,1205,1256,1353,1375,1154,930,957,1194,1222,1185,29.11811065673828,3.6163902282714844,26.502273559570312,2.7851674556732178,37.97148513793945,0.0,5.112336158752441,116.39693450927734,87.36772918701172,145.98585510253906
568,-73.894877,40.662243,26.2161369733913,8.002528939195859,25.861984170893187,0.12607348862514697,0.33531558129095257,0.8549954814295617,0.17742321055422547,5.940001703077746,155,10866,776,819,777,1088,870,886,1011,894,914,636,453,309,192,207,127,155,176,260,316,22.70087242126465,19.02751922607422,7.360163688659668,2.786012887954712,37.861209869384766,0.0,5.381532192230225,119.15290069580078,88.58887481689453,150.27976989746094
569,-73.867071,40.681183,23.955681653526735,10.558141150125643,25.834879836415855,0.17962765887500795,0.1768399060257082,1.2194631545524286,0.18315664151819744,7.634799848727094,164,3807,328,355,326,320,359,342,227,223,310,179,184,122,104,80,40,72,66,93,77,31.0846004486084,17.269916534423828,19.640621185302734,0.0,20.207304000854492,0.0,5.41158390045166,120.80249786376953,72.01481628417969,170.04530334472656
570,-73.987399,40.70043,36.098582067607374,9.682178104855884,22.36434628443463,0.3239655200346017,0.05127471170307678,0.8656467429894968,0.11503725876042875,4.940095065552511,324,4518,311,325,369,360,342,419,385,279,287,209,225,192,107,85,51,59,102,151,260,39.03307342529297,12.495989799499512,132.02508544921875,254.4043731689453,65.94426727294922,0.0,6.3786725997924805,258.272216796875,251.51344299316406,200.65072631835938
571,-73.910292,40.665264,26.373411996023997,14.062289828345888,20.565388997395836,0.22586005074637278,0.1905019850957961,1.0041907174246654,0.13957069033668154,6.4970061892554885,175,18029,1218,1302,1252,1580,1642,1648,1498,1395,1180,952,784,739,575,398,235,232,306,481,612,5.727344989776611,10.297022819519043,12.331780433654785,12.353070259094238,15.395722389221191,0.0,5.454501628875732,133.7482147216797,106.59458923339844,168.89495849609375
572,-73.973492,40.682163,25.63887448171682,10.658316458425213,23.940865711499285,0.2418919459282894,0.10174606252925188,0.7910155664024998,0.1301343539892803,6.859059194632205,217,15212,867,997,881,926,778,719,851,857,880,1079,1086,998,710,605,381,482,673,723,719,3.2455830574035645,4.501949787139893,1.0876034498214722,7.844587326049805,13.700345039367676,0.0,5.2965087890625,141.52354431152344,122.54299926757812,162.33697509765625
573,-73.916927,40.634451,13.050153793827182,12.370997193039106,31.574945142192224,0.13938288534841228,0.10280363021358367,0.7799519774734334,0.1701728246545279,5.781581427461358,155,2991,260,211,169,201,212,222,206,194,171,177,142,132,161,98,68,82,83,100,102,12.996115684509277,19.378522872924805,8.869253158569336,32.42540740966797,5.814239501953125,0.0,5.2378830909729,83.92446899414062,74.35411071777344,118.63817596435547
574,-73.922733,40.643897,12.992655897939667,17.176039036869778,28.462616691376244,0.08808292268152788,0.1924163136402322,0.8865992228190103,0.17482608390254017,5.521883689269451,179,1174,82,69,65,91,58,60,58,73,63,105,109,66,51,41,21,30,34,54,44,24.802751541137695,14.585421562194824,21.126619338989258,11.803150177001953,19.42251968383789,0.0,5.0366411209106445,54.92811584472656,39.17399215698242,75.88047790527344
575,-73.97872,40.647893,17.912087295994613,17.619505410242564,23.96206171825679,0.1499777129202178,0.06182699492483428,0.7365286470663669,0.11432262382122,5.789703407672921,165,920,82,102,74,81,64,49,60,50,44,43,43,36,26,38,29,23,30,25,21,35.42655563354492,22.873212814331055,46.96366882324219,112.26666259765625,29.284568786621094,0.0,5.482329368591309,111.90438842773438,121.735595703125,136.1435546875
576,-73.882154,40.678076,22.83048840607104,8.770294578707947,28.05725538811716,0.1421370473848719,0.4521940841155799,1.0077251058046512,0.13496113472244367,6.959962196090596,196,6526,468,468,566,573,549,607,555,476,468,394,250,202,186,117,75,78,114,206,174,21.351701736450195,13.85319709777832,44.03353500366211,1.3328882268737186e-11,24.608966827392578,0.0,5.315540790557861,98.79388427734375,89.80274963378906,103.52017211914062
577,-74.012089,40.642877,25.578587452570595,10.19570052623749,22.04204281171163,0.3257169326146444,0.24497270584106445,0.7293901840845743,0.17940322558085123,7.925406694412233,160,7167,459,529,502,515,517,413,387,330,327,396,429,396,376,308,209,182,212,278,402,0.0,0.0,0.0,0.0,0.0,0.0,5.221816062927246,214.02835083007812,147.14476013183594,281.3781433105469
578,-73.954306,40.652706,25.969108636828448,8.625555176665817,24.342871126921285,0.2351318580516871,0.15832901000976562,0.6979817929475205,0.10662769925767096,8.70581032573313,115,8514,584,663,682,745,868,623,573,537,565,433,322,411,325,252,149,165,151,208,258,19.6956729888916,5.453206539154053,33.110164642333984,0.0,16.492656707763672,0.0,5.241065979003906,165.94668579101562,124.43101501464844,225.9273681640625
579,-73.939706,40.652671,19.812253770374117,13.942035720461888,25.592142286754797,0.15365464346749438,0.10309219360351562,0.7626908166067942,0.1494205565679641,7.588294801257905,140,4066,219,290,254,289,266,305,284,281,296,246,196,178,229,149,98,116,91,129,150,15.997798919677734,28.615163803100586,4.89558744430542,6.488408477167695e-09,5.780447483062744,0.0,5.393225193023682,104.40404510498047,84.39893341064453,124.8324203491211
580,-73.875152,40.680655,22.96070811724422,9.771441064699731,27.47717674332436,0.18983417087131074,0.4128419510041825,1.2388123406304252,0.160724755489465,5.8909599227134635,165,4339,279,279,277,394,378,351,357,317,392,225,212,198,150,86,55,76,70,121,122,23.299449920654297,21.59010124206543,32.51551055908203,0.0,29.914085388183594,0.0,5.464399337768555,75.70452880859375,66.59706115722656,89.4407958984375
581,-74.020748,40.642914,31.231550630808602,5.825977587918621,25.2722735798687,0.21231779629301953,0.2967901550666273,0.7186857567650097,0.10920722914762819,6.045538642719979,218,5750,330,328,291,296,342,269,323,323,400,287,353,462,323,248,138,177,200,346,314,0.0,0.0,0.0,0.0,0.0,0.0,5.4334025382995605,164.91122436523438,146.09214782714844,168.08975219726562
582,-73.981971,40.688909,36.859667398096086,6.501937494045352,16.617942903099987,0.5942366375186579,0.1986294257931593,1.0652231976268736,0.13952735962906504,6.410795692505875,205,24199,1218,1202,1236,1702,1728,1787,1433,1432,1630,1570,1478,1414,1039,837,393,579,982,1190,1349,31.517730712890625,22.128782272338867,199.27333068847656,3.8370907306671143,37.30608367919922,0.0,5.314218044281006,334.2095031738281,383.2796630859375,249.68739318847656
583,-73.875152,40.680655,22.96070811724422,9.771441064699731,27.47717674332436,0.18983417087131074,0.4128419510041825,1.2388123406304252,0.160724755489465,5.8909599227134635,165,4339,279,279,277,394,378,351,357,317,392,225,212,198,150,86,55,76,70,121,122,23.299449920654297,21.59010124206543,32.51551055908203,0.0,29.914085388183594,0.0,5.464399337768555,75.70452880859375,66.59706115722656,89.4407958984375
584,-74.020748,40.642914,31.231550630808602,5.825977587918621,25.2722735798687,0.21231779629301953,0.2967901550666273,0.7186857567650097,0.10920722914762819,6.045538642719979,218,5750,330,328,291,296,342,269,323,323,400,287,353,462,323,248,138,177,200,346,314,0.0,0.0,0.0,0.0,0.0,0.0,5.4334025382995605,164.91122436523438,146.09214782714844,168.08975219726562
585,-73.9456,40.68192,28.179850824562042,12.583780736430713,17.948911559413855,0.3033857390354497,0.19326411502462038,0.7598265795640541,0.11844187275344777,9.51262483014747,142,7995,666,621,558,639,715,703,623,642,463,320,324,285,291,236,156,156,166,196,235,8.183367729187012,28.262107849121094,0.00022401331807486713,86.18708038330078,1.879349708557129,0.0,5.261663436889648,122.45470428466797,93.65087127685547,151.87533569335938
586,-73.885704,40.659934,12.212898070553699,15.499660959205478,28.95229312789488,0.09163316473903427,0.054781120943735884,0.5696273711790523,0.13235103653137942,4.756042373228264,166,9261,536,542,457,674,828,805,768,690,689,631,526,348,322,216,144,167,271,317,330,22.1273193359375,23.030906677246094,20.81131935119629,4.932477169761196e-12,28.07183265686035,0.0,5.703786373138428,103.35289764404297,92.29226684570312,129.79824829101562
587,-73.922296,40.658834,19.183539188269407,10.872955611257845,27.785679065819945,0.11655229510683003,0.06324421275745738,0.7011273412993461,0.12777068398215552,6.137657454519562,220,8584,490,556,520,653,556,655,743,607,689,477,420,306,343,276,233,235,207,277,341,24.272367477416992,17.561302185058594,87.69969940185547,3.497177768399148e-18,28.302532196044922,584.4878540039062,5.190027713775635,155.769287109375,119.59717559814453,190.95535278320312
588,-74.002162,40.653344,21.59308028105952,7.552913536772059,29.866423814193062,0.14486151616930387,0.16703812972359036,0.758513851442199,0.14209470887115036,7.0816489233486895,138,4632,274,300,310,300,326,407,305,290,266,247,252,280,186,165,99,127,116,190,192,12.484699249267578,18.33510398864746,3.8213107585906982,23.400314331054688,29.032140731811523,0.0,5.3098039627075195,139.4658660888672,127.30414581298828,126.96587371826172
589,-73.898607,40.645965,14.593156366893762,12.810715180647204,31.02789075652053,0.2204127565643491,0.14783757678150425,1.0167191484740972,0.2265670595789802,5.262760109685111,169,6994,363,421,423,397,379,508,666,670,872,604,428,326,221,132,62,93,101,151,177,23.6540470123291,9.272712707519531,4.905813694000244,1.3925837278366089,6.262410640716553,0.0,5.230947017669678,88.42512512207031,80.71673583984375,93.92832946777344
590,-73.973492,40.682163,25.63887448171682,10.658316458425213,23.940865711499285,0.2418919459282894,0.10174606252925188,0.7910155664024998,0.1301343539892803,6.859059194632205,217,15212,867,997,881,926,778,719,851,857,880,1079,1086,998,710,605,381,482,673,723,719,3.2455830574035645,4.501949787139893,1.0876034498214722,7.844587326049805,13.700345039367676,0.0,5.2965087890625,141.52354431152344,122.54299926757812,162.33697509765625
591,-73.92044,40.661945,23.690769710238015,7.497955958048499,27.439171019054594,0.15276954287574404,0.224198235405816,0.696270957825676,0.13263823494078622,5.262919986058796,210,12284,605,672,716,814,827,1186,1243,900,956,697,671,464,493,365,324,302,251,359,439,16.21808433532715,28.981876373291016,39.44996643066406,1.9872062958882054e-18,32.124053955078125,35.06999588012695,5.2614240646362305,146.2643585205078,121.43267822265625,168.58767700195312
592,-73.893319,40.671601,23.833757577483173,8.428405978016016,28.119615836651473,0.13555349762906735,0.12315278200759101,1.040923390601509,0.1781542276598744,6.407746908181314,194,12030,826,809,1076,996,1182,1164,895,881,716,614,492,449,265,263,169,176,195,364,498,21.03496551513672,18.76764678955078,61.28607940673828,0.0,18.557031631469727,0.0,5.44674015045166,120.16846466064453,110.19709777832031,129.77806091308594
593,-73.937717,40.694676,28.64235047580435,13.113270973672675,19.181216168565815,0.2522616159348261,0.32338220245984134,0.6606510707310268,0.11572983800148477,7.417267682600993,196,13084,818,1002,1139,1088,1164,818,702,923,811,629,615,693,556,370,243,285,268,386,574,13.794452667236328,14.576430320739746,7.7724127769470215,139.64251708984375,13.225578308105469,0.0,5.300415515899658,139.4474334716797,95.4609146118164,182.9659881591797
594,-74.020343,40.639518,25.479634238866762,8.612501833578408,27.282187410893332,0.14133780967188245,0.28433375079516543,0.8521789812859687,0.10535055747772294,5.798146924899734,262,13704,804,777,698,636,674,642,705,761,858,682,772,962,755,587,428,515,690,881,877,0.0,0.0,0.0,0.0,0.0,0.0,5.434210300445557,170.5540008544922,143.30914306640625,187.40127563476562
595,-73.938969,40.670841,21.12894542433041,17.77487790610879,20.06682107516998,0.20023813310837899,0.1000019098749224,0.6415762911832358,0.1972135329088628,8.504220192006093,151,8149,517,616,655,637,703,652,579,630,626,383,378,359,323,250,132,143,155,214,197,12.599954605102539,8.743066787719727,19.832130432128906,6.9258646965026855,28.4405574798584,0.0,5.366370677947998,144.9240264892578,114.37187957763672,175.78114318847656
596,-73.963764,40.583263,20.137700703708653,15.97527364440274,25.61635309394848,0.1102588475200026,0.06757019871500283,0.8852025142802012,0.1346260174367223,6.15543736591598,221,2814,231,151,199,188,196,161,162,143,145,150,118,105,129,113,83,79,76,143,242,0.0,0.11246754974126816,0.0,6.87082576751709,0.0,0.0,5.291231155395508,171.6766815185547,260.466796875,148.92572021484375
597,-73.97858,40.669255,25.970690178148676,16.187547818578853,17.933262526386915,0.20707063000611586,0.16679185809511127,0.5915537747469817,0.11180685024068814,9.121425513065224,165,1581,137,81,89,101,183,182,154,86,84,92,60,64,39,44,17,27,40,53,48,28.528810501098633,18.81700897216797,140.26463317871094,0.0,105.16612243652344,2.4140350813723986e-39,5.444252967834473,173.1231689453125,226.95849609375,138.67080688476562
598,-73.9456,40.68192,28.179850824562042,12.583780736430713,17.948911559413855,0.3033857390354497,0.19326411502462038,0.7598265795640541,0.11844187275344777,9.51262483014747,142,7995,666,621,558,639,715,703,623,642,463,320,324,285,291,236,156,156,166,196,235,8.183367729187012,28.262107849121094,0.00022401331807486713,86.18708038330078,1.879349708557129,0.0,5.261663436889648,122.45470428466797,93.65087127685547,151.87533569335938
599,-73.944961,40.67377,25.338085202405047,17.282840979360316,16.50015721936005,0.20504786730392716,0.058481815087534215,0.5290428217310106,0.1452615371295716,8.519385214849692,137,4106,246,292,205,336,354,412,294,336,282,176,190,213,162,119,99,66,74,118,132,13.755247116088867,7.8580427169799805,8.43039608001709,34.11315155029297,15.06363582611084,0.0,5.428494453430176,147.48667907714844,91.47718048095703,201.52703857421875
600,-73.929693,40.702332,27.394349052792506,3.895263126918248,27.6511108761742,0.18869182041713164,0.11294337681361608,0.7064448765345982,0.09185173397972472,8.040111360095795,175,6356,575,547,472,473,351,412,387,465,423,321,336,353,218,194,113,126,181,188,221,11.366791725158691,21.17243003845215,3.2608284950256348,1.38957679271698,7.148759841918945,0.0,5.365342140197754,129.0625457763672,97.4023666381836,157.6246795654297
601,-74.005168,40.654306,27.516355736311095,5.041672906210257,27.8123138486877,0.13164091479870701,0.2119691242543302,0.7196433784425719,0.09212301683056262,6.65206229039865,215,6897,368,405,374,392,445,530,438,420,422,384,339,412,327,306,180,219,204,357,375,3.836637496948242,17.13388442993164,0.7363076210021973,34.127201080322266,20.7004337310791,0.0,5.400552272796631,143.39022827148438,153.70375061035156,108.54679870605469
602,-73.827642,40.831829,17.028024361568423,11.453851064046228,32.032853252482866,0.09767064508402122,0.07993770095537293,1.084856717091686,0.1763751671749091,5.103107368421256,106,14491,805,791,885,906,672,636,858,891,916,710,723,729,748,791,495,556,665,783,931,11.314949035644531,0.0,2.268216609954834,0.0,15.473443984985352,0.0,4.132167339324951,54.784523010253906,53.30081558227539,58.35118865966797
603,-73.997478,40.71255,42.23352672169047,7.640138302209242,16.110201901609795,0.581787517235714,0.24889460149801002,1.0702629809109674,0.12487639421187105,6.756872980849547,265,18767,962,1048,1113,1143,1162,1302,1134,969,957,856,827,892,954,762,468,607,1204,1106,1301,1.6298547983169556,19.544443130493164,7.597043991088867,2.801776645355858e-06,4.331316947937012,0.0,5.701807022094727,404.5337219238281,323.7125244140625,434.5460205078125
604,-73.991523,40.712907,39.66824593650587,10.049054967882105,16.42257905446638,0.4180239982345477,0.2356428214945297,1.014425038596284,0.11966638592867393,5.665095971555127,343,11700,704,768,683,778,739,858,958,911,840,1005,702,657,392,379,198,229,285,296,318,11.486150741577148,26.28944969177246,39.68238830566406,24.71121597290039,14.529207229614258,0.0,5.6464338302612305,501.9378356933594,216.52818298339844,676.195068359375
605,-74.005949,40.732603,36.74313999357677,9.74612383615403,14.228315353393558,0.5436944961547852,0.2332989374796549,1.1210819653102329,0.15726793380010695,5.215181396121069,280,17562,1076,1118,1131,1275,1297,1202,823,908,914,717,607,659,836,814,816,718,907,958,786,9.730888366699219,9.661319732666016,16.75473976135254,17.868831634521484,15.531957626342773,0.0,5.570768356323242,250.15838623046875,311.7914733886719,197.65760803222656
606,-73.941594,40.834877,28.711669250104414,10.944559289224491,19.03318054271194,0.23876301147652865,0.13352999897123133,0.6403398213896363,0.11906938732794996,7.09862784019806,212,19534,1302,1472,1542,1856,1749,1628,1220,1578,1487,1016,964,845,501,448,282,456,342,371,475,11.366888999938965,0.0,1.6278955936431885,0.0,9.941361427307129,0.0,5.301626205444336,240.9842071533203,149.73776245117188,328.7689514160156
607,-73.922277,40.857633,10.2659796809291,32.819619909063114,19.50447194211118,0.032192092758041246,0.04651868665540541,0.6182601859977654,0.07132538804062852,3.5950918455381644,74,1268,172,126,79,91,79,92,59,48,82,66,62,60,52,26,28,28,19,46,53,0.0,0.0,0.0,0.0,0.0,0.0,6.946624755859375,110.17293548583984,100.97178649902344,163.11277770996094
608,-73.960427,40.777737,39.05138482852858,9.410813714371246,10.123041697910857,0.435430500783077,0.27423878105319277,0.8044924054827011,0.1191239778687354,7.9586202595509645,196,1119,112,92,92,63,47,82,96,92,73,53,48,41,42,30,21,23,44,32,36,11.339472770690918,15.45093059539795,3.877732515335083,1.2732818271965485e-12,17.77208709716797,0.0,5.041870594024658,260.1871032714844,282.2882995605469,238.63084411621094
609,-73.939374,40.800616,33.77735093503015,6.012145080019497,20.062321146756517,0.36140206039592776,0.2855651267540497,0.6340129401094171,0.09415055688564067,6.9166038198710345,186,50052,2778,3229,3499,3204,3637,3535,3835,3568,3300,3034,2901,2600,2059,1635,1168,1241,1552,1740,1537,0.2974967658519745,11.281001091003418,0.5415363311767578,0.0,10.395779609680176,291.8457946777344,4.942744255065918,216.7594757080078,186.46165466308594,244.4110565185547
610,-73.936614,40.839235,24.570109373257488,12.952178054385719,21.196056000980327,0.22648955568855195,0.24046279765941478,0.693341537758156,0.11657932658254364,6.525460731836013,216,26456,1576,1881,1991,1931,1685,1597,1470,1952,1802,1659,1402,1278,1084,909,696,891,794,895,963,3.2367730140686035,0.0,1.0849765539169312,0.0,2.2996414494880213e-10,0.0,5.841348648071289,194.94752502441406,172.32090759277344,241.8282928466797
611,-73.974256,40.785234,33.66056551474979,11.92387968972173,12.46413482478791,0.37625045620346853,0.22294487202338162,0.9415997074181803,0.12496565992359246,7.731275812004728,163,10984,677,682,688,727,594,523,572,621,716,604,553,647,617,509,357,451,512,471,463,14.470669746398926,6.5693359375,8.451092720031738,1.6399992258317453e-12,25.96442985534668,0.0,5.063331604003906,247.7355194091797,249.2259521484375,260.7079772949219
612,-74.000743,40.744186,35.09222063524969,12.01482257623782,13.10987655230409,0.4681172498798006,0.22128423055013022,0.8819388247084343,0.08626660167942558,8.48270924155283,174,20461,1275,1110,1401,1411,922,1081,1179,1404,1207,1414,1253,1155,935,902,537,730,833,850,862,2.6733832359313965,19.8364315032959,10.80221939086914,0.0,20.906394958496094,0.0,5.283535003662109,339.6641540527344,419.2516174316406,258.7726745605469
613,-73.942285,40.792556,29.292878488294114,10.245250520252046,18.722624357054833,0.36888625346073484,0.31852592416361075,0.5396886747710559,0.06495608764440834,7.131769867981373,196,21043,1553,1394,1376,1652,1694,1585,1669,1536,1364,1326,1312,1030,838,639,368,285,312,541,569,24.53497314453125,16.942323684692383,1.1828932762145996,0.0,21.0257568359375,0.0,5.161886215209961,198.9884490966797,170.612060546875,238.81497192382812
614,-73.978747,40.722075,27.332969172349966,16.45215515778444,15.764138408910451,0.3102388708762291,0.1619377611582153,0.6861059836509442,0.10396075025897158,7.2231396707790285,214,15729,1401,1280,964,1024,1029,1131,1082,986,1016,923,887,823,655,534,335,488,411,371,389,4.863216876983643,22.188833236694336,9.509673118591309,9.728201866149902,30.13400650024414,0.0,5.413949012756348,206.88648986816406,164.54832458496094,269.2716064453125
615,-73.921474,40.860961,22.58034796610366,14.511442068429472,23.128867787456276,0.1630372374597257,0.6745312915811283,0.7875263835971955,0.11031041760224204,5.609559432723518,137,10551,967,929,881,920,829,748,571,611,833,503,508,451,345,240,135,135,158,353,434,0.0,0.0,0.0,0.0,0.0,0.0,5.664112567901611,288.0495910644531,96.0122299194336,421.7258605957031
616,-73.986312,40.721305,31.058099210869624,8.858314525265529,17.898516120521954,0.41027915876852206,0.24758037694850515,0.9708870966882163,0.1777497615009069,6.7765355283689965,229,20222,1215,1227,1218,1365,1469,1659,1598,1433,1188,1355,1210,1015,860,721,355,388,521,630,795,28.725072860717773,18.428430557250977,54.73785400390625,20.84449577331543,41.32462692260742,0.0,5.149341583251953,250.6136016845703,222.70675659179688,264.7026672363281
617,-73.942023,40.83163,26.509725897161818,12.288009368621553,20.675824483235676,0.17715265085031318,0.10254524849556587,0.5777254190530862,0.1395570909654772,6.631249608220282,185,21212,1242,1625,1630,1867,1615,1570,1275,1422,1302,1148,1079,893,698,693,470,589,818,588,688,16.082611083984375,0.8151808381080627,2.1507863998413086,0.0,13.277416229248047,0.0,5.352160930633545,207.49398803710938,128.92349243164062,275.4275817871094
618,-73.935461,40.805653,29.515425223516495,8.100793635950678,24.59238623447475,0.22423246265512653,0.09447761693183651,0.7099062995573061,0.11780887930090798,5.901198682531845,226,43336,2891,3209,2951,3172,3651,2666,3205,3762,3453,2562,1736,1636,1711,1579,1004,877,542,1631,1098,21.7025203704834,17.753759384155273,2.8358228959524112e-11,0.0,12.301045417785645,0.0,5.409116268157959,184.0031280517578,184.43692016601562,178.72109985351562
619,-74.000238,40.749014,34.38347135699771,14.49594662624336,13.323244808604882,0.34755280932540417,0.10449931306659051,0.8797537605717498,0.12050184813685387,6.166830002886691,212,7300,727,527,514,519,545,611,497,671,509,369,425,295,239,213,107,132,143,121,136,3.14204478263855,18.4085636138916,1.6151522397994995,0.0,6.130367755889893,0.0,5.368699073791504,269.58880615234375,234.7150421142578,288.0185241699219
620,-73.975058,40.726008,26.681487602100038,15.427756936926588,18.71884789383202,0.24183904915525206,0.07812307592023882,0.755004088083903,0.11840786850243283,6.2024457412853575,152,9483,951,865,668,574,683,657,792,681,545,557,490,411,323,246,181,246,244,196,173,15.547964096069336,20.435588836669922,41.58585739135742,0.3024307191371918,16.426237106323242,0.0,5.906674861907959,201.8865509033203,112.58636474609375,284.0444030761719
621,-73.985899,40.764129,45.930918981862625,4.910260762355123,7.966199771378393,0.9534876475962555,0.36597418230633405,1.031617415967838,0.0812412232391594,7.2081523348194665,172,26726,1188,1323,1218,1263,1206,1445,1480,1825,2001,1717,1505,1690,1447,1167,816,1189,1232,1240,1774,1.1281883716583252,19.73100471496582,1.2591415757268187e-11,2.2821386447269276e-10,0.25918975472450256,0.0,5.140278339385986,511.61529541015625,720.7029418945312,342.5500183105469
622,-73.957409,40.810705,30.163067389225613,14.57653957864513,15.487654589224556,0.23250593655351282,0.07814490276834239,0.6642000226006993,0.081541089044101,7.541307228198949,230,8987,580,627,646,773,712,682,688,714,515,474,350,386,369,258,181,210,221,324,277,14.859115600585938,18.705739974975586,13.773880004882812,7.704106992113824e-13,24.52324104309082,0.0,5.300415515899658,350.2403869628906,583.7090454101562,333.67535400390625
623,-73.93374,40.799265,24.277918937646945,14.594295766869621,21.257050832112633,0.2509219574890619,0.09933715747995964,0.8222903873871478,0.08944289944183205,7.159018102227039,211,19072,1202,1560,1709,1408,1554,1299,1626,1190,1177,833,876,934,691,562,397,510,441,554,549,12.259552001953125,6.461846351623535,4.347782611846924,0.0,11.198970794677734,0.0,5.373276710510254,193.83926391601562,155.05377197265625,230.22813415527344
624,-73.944762,40.788668,28.885164919558243,13.517063730829824,16.820625929503116,0.33402915473456857,0.2571040087634021,0.6848726186666404,0.06676350269947683,8.051779606678823,222,32326,2108,2099,2176,2241,2257,2099,1807,2153,2141,1988,1715,1531,1577,1308,981,931,1041,1012,1161,8.110270500183105,24.02528190612793,1.628942847251892,0.0,13.78940486907959,0.0,5.130558013916016,213.0098114013672,177.1526336669922,253.12054443359375
625,-73.981536,40.735328,30.767804223137926,16.3061558049618,13.098640883751358,0.38026787599541517,0.12671864631093147,0.7108892099584238,0.10475173419967122,8.179187283706176,259,25825,907,944,1019,1262,1335,1766,1710,1957,2189,2053,1580,1492,1225,1167,846,899,1162,1128,1184,25.690587997436523,16.750703811645508,63.467750549316406,2.755863029099692e-12,38.28065490722656,0.0,5.349371433258057,360.86871337890625,437.2903137207031,311.5306091308594
626,-73.999094,40.73545,36.57722182832715,10.7181109249864,12.891464726928524,0.6401289906494513,0.22838946709712707,0.9338233750341871,0.17713012579187776,6.71039723551618,219,10180,590,613,712,797,919,770,727,750,718,599,501,514,363,295,269,188,238,299,318,4.856183052062988,12.355185508728027,48.223785400390625,1.401298464324817e-45,29.466936111450195,0.0,5.423874378204346,421.7828369140625,599.1876220703125,231.9800567626953
627,-73.990826,40.716126,33.401559948247694,9.47495713745807,17.44842206017446,0.47756022652663743,0.24034252274507856,1.270146666273559,0.14824635564944166,5.8157304451290495,295,19526,963,1051,1049,1092,1309,1376,1507,1806,1499,1540,1100,1089,752,636,382,450,560,613,752,21.81295394897461,26.028623580932617,56.08030700683594,3.172700713260923e-10,35.2795524597168,0.0,5.546021938323975,303.503662109375,240.47940063476562,327.1813049316406
628,-73.9363,40.8304,23.69506913002091,14.348444697832827,26.472597025861642,0.24020512898763022,0.18302956012764363,0.7953724716648911,0.23278766208224824,5.286143331816701,165,10192,667,797,847,854,831,824,710,591,606,584,725,475,275,293,219,180,175,240,299,20.29401397705078,4.04829216003418,2.1726646423339844,0.0,9.342423439025879,0.0,5.5774736404418945,316.89361572265625,103.42878723144531,479.2537536621094
629,-73.981329,40.738374,36.493026595754706,9.294954444124935,13.597377796762997,0.3341007888112282,0.131367817777129,0.7732958318441595,0.06635410269511115,8.567833490797744,194,26217,932,1014,1037,1307,1369,1757,1756,1963,2165,2139,1617,1496,1256,1173,854,894,1155,1120,1213,19.638540267944336,16.667356491088867,85.66022491455078,4.525372505187988,36.946983337402344,0.0,5.206549167633057,549.598388671875,727.2847900390625,370.3122863769531
630,-73.933629,40.853193,31.728226880867545,8.78614559202615,17.909028649874475,0.3073377333456704,0.2496042933819682,0.6296655721678944,0.10794127187046648,7.389749529880659,219,20827,1305,1557,1347,1510,1471,1327,1310,1233,1142,1218,1109,1049,892,767,535,532,796,793,934,0.0,0.10673539340496063,0.0,0.0,1.2645608171713008e-10,0.0,5.360329627990723,237.20870971679688,187.37083435058594,281.9319763183594
631,-73.995825,40.761487,36.31577222203186,4.633672427945202,18.751759371097553,0.46345039650245945,0.17492506239149305,0.9100670470596522,0.09342346042685108,8.092886383770503,171,8598,762,618,550,509,492,497,465,573,611,464,482,434,410,344,182,197,227,322,459,3.9597182273864746,23.163066864013672,0.12285599112510681,0.0,4.242340087890625,0.0,5.184170246124268,370.2652893066406,306.799560546875,397.196044921875
632,-73.925464,40.865556,27.190086612232044,12.132019964640573,19.663645810462217,0.20480998677161982,0.10257183305369127,0.5447650115761979,0.10870820457236612,7.897759977336432,149,14720,1134,1233,1171,1268,1345,1168,986,916,1176,604,659,627,497,422,233,236,246,385,414,0.0,0.0,0.0,0.0,0.0,0.0,5.193673610687256,234.29592895507812,141.80569458007812,323.8138122558594
633,-73.96327,40.8007,30.775291505067234,12.529859508293258,15.63462468161099,0.2555192380711652,0.4397596138111059,0.4719245261040287,0.08574776027513586,6.74339290978252,184,6372,421,523,498,514,415,479,499,459,317,348,253,313,200,162,170,205,207,190,199,19.499813079833984,20.952037811279297,4.647989749908447,1.1563060621846977e-12,23.973499298095703,0.0,5.166749954223633,253.53221130371094,199.76841735839844,310.5887451171875
634,-73.941598,40.797205,33.1585762092659,8.293625599629168,19.047091200545026,0.37609839224600583,0.3962274499841639,0.6196389756761155,0.09906923448717274,6.349947817690738,185,39479,2686,2761,2623,2936,3149,3109,3232,3027,2641,2555,2530,2005,1232,956,603,628,745,1056,1005,17.4724063873291,15.875699043273926,0.543308436870575,0.0,16.59503173828125,0.00044167088344693184,5.018886566162109,205.20480346679688,159.12950134277344,248.57672119140625
635,-73.967204,40.759248,45.64197192116388,5.303145817347935,7.75372338673425,0.6155481792631605,0.25274700588650173,0.9703910161578465,0.059421781509641614,8.111198213365341,210,5190,293,417,349,317,413,386,369,369,299,187,195,315,256,182,70,91,237,232,213,0.03845047578215599,19.63680076599121,1.630171775817871,1.5367585676218098e-12,1.170935034751892,0.0,5.23701810836792,480.9761047363281,751.15771484375,300.8748474121094
636,-73.986214,40.72444,31.467507958026392,10.561789972496651,15.815648909139785,0.3814342338290415,0.2443085210608819,0.8589280076011484,0.14826611021961594,8.060217366635221,206,20086,926,1142,1333,1344,1360,1418,1359,1175,1041,948,1102,874,901,782,549,803,1039,1064,926,38.97776412963867,16.08376121520996,112.34947204589844,13.560586929321289,49.07354736328125,0.0,5.106017112731934,247.00665283203125,207.3633270263672,285.3396301269531
637,-73.981597,40.72313,30.752942377469353,13.012297627099038,15.111557160965125,0.3640778538353917,0.22410206521801676,0.6809188059283428,0.11184480455186632,8.458514968152802,198,13573,1220,1104,911,902,872,1031,840,756,774,788,808,636,563,458,312,406,417,375,400,11.835841178894043,21.479211807250977,33.618919372558594,13.563916206359863,30.378372192382812,0.0,5.272164821624756,211.79031372070312,160.07240295410156,269.4408264160156
638,-73.935335,40.801547,25.813594384756502,11.88922363190017,21.83227624593829,0.28866623905563915,0.13477271269611535,0.7502561549256557,0.09578026285442356,7.636489354976091,223,43351,2464,3173,3501,3374,3883,2853,3576,3433,3288,2533,1840,1776,1560,1415,919,870,662,1255,976,14.385002136230469,9.583247184753418,0.00014591570652555674,0.0,7.96492862701416,264.8087463378906,5.135241985321045,221.49508666992188,190.52627563476562,246.28460693359375
639,-73.935815,40.839139,24.20628335740831,14.27500000706426,20.847745824743203,0.17482598622639975,0.23903846740722656,0.6222733744868526,0.09811224760832611,6.416431532965766,180,23510,1401,1699,1803,1701,1485,1411,1313,1734,1543,1508,1248,1085,990,770,632,801,738,803,845,3.1941845417022705,0.0,1.086124300956726,0.0,2.5728413843850717e-10,0.0,5.97093391418457,192.67779541015625,182.43479919433594,234.9499053955078
640,-73.94745,40.791444,33.63758464492756,13.180256665237545,15.807082917955187,0.3455269304394398,0.22623041457923124,0.7999249590121634,0.10719816213054707,7.248367138994418,246,30639,1904,1907,1945,1960,2167,2289,1851,1982,1875,1696,1734,1597,1544,1316,935,906,1028,916,1087,11.598372459411621,24.731374740600586,6.233702976417765e-15,0.0,16.723522186279297,0.0,4.95510196685791,249.00091552734375,277.86273193359375,237.88587951660156
641,-73.973996,40.795109,32.16679034530664,15.685965481414097,12.072100124039784,0.2697128864909598,0.19562748832063948,0.77045402933292,0.08246597452613678,6.787784204816891,219,10876,573,859,799,817,883,641,634,681,711,771,616,499,434,285,248,328,324,457,316,6.469630241394043,15.413107872009277,4.121900303716286e-13,1.774488325376189e-12,11.858196258544922,0.0,5.506486892700195,300.8928527832031,211.80859375,386.2080078125
642,-73.951451,40.806534,31.666948892236725,5.125750720016356,20.56070048634599,0.2644469098346989,0.11045595494712271,0.6660379239214146,0.09686539812785824,6.62308778220076,205,22964,1323,1658,1644,1930,1658,1269,1347,1395,1430,1262,1284,954,813,812,612,784,1064,869,856,28.398916244506836,18.478912353515625,7.296391010284424,0.0,33.58478546142578,0.0,5.163727760314941,186.63916015625,161.03717041015625,211.28836059570312
643,-73.95042,40.785018,36.30994160970053,9.75632433031426,12.819049136886179,0.32502158743436216,0.1489924602821225,0.7765453369891057,0.09728194585914819,7.839392443172265,244,6266,440,414,386,478,379,416,383,370,368,405,421,394,258,256,169,133,176,195,225,22.860267639160156,12.98277473449707,3.002894878387451,0.0,24.61782455444336,0.0,5.10997200012207,330.10418701171875,243.60130310058594,408.5765075683594
644,-73.942009,40.802547,32.2709181729485,10.108940897424235,18.98603003009472,0.32960340088489015,0.19953858618642772,0.8701028387530956,0.16845628327014395,6.114401381000194,204,35741,1987,2240,2194,2268,2271,2572,2460,2501,2498,1996,1989,1952,1641,1368,980,909,1282,1454,1179,5.405209541320801,16.85601043701172,2.171264171600342,0.0,16.281902313232422,291.4046630859375,5.227653503417969,197.90939331054688,159.9794464111328,231.5670623779297
645,-73.986051,40.713362,29.44843613404997,16.582707605001442,15.421476287667003,0.39450578809740333,0.10331144037934922,0.7560069072150964,0.08800447601632974,6.185096509131641,291,19259,1165,1402,1262,1308,1232,1182,1330,1253,1175,1214,1146,1029,978,946,696,686,426,417,412,11.349048614501953,28.181352615356445,40.218421936035156,8.765279769897461,5.743841648101807,0.0,5.431917190551758,237.8771514892578,156.74989318847656,302.0498962402344
646,-73.941955,40.793363,29.025600925998113,10.472757196343178,18.81105912293439,0.33640320596478585,0.19756436972093833,0.4878914585080238,0.06864374636771582,7.05220953124148,191,21704,1649,1471,1442,1723,1725,1649,1774,1618,1447,1351,1327,1013,820,594,365,274,336,543,583,29.14159393310547,17.935705184936523,1.086452603340149,0.0,21.038246154785156,0.0,5.212445259094238,204.97982788085938,169.6569366455078,252.57376098632812
647,-73.968419,40.789479,26.984913889567054,23.043804168701175,10.984353383382164,0.39539693196614584,0.16771240234375,0.5680577596028645,0.11027526855468749,6.225313568115236,125,2897,167,159,199,190,216,217,182,213,165,137,142,143,124,86,101,99,158,109,90,30.68967056274414,16.8675479888916,2.136080026626587,2.0740978379230057e-12,19.447364807128906,0.0,5.648473262786865,273.14862060546875,247.08319091796875,296.70721435546875
648,-73.934951,40.81698,25.55912385384242,8.341207603613535,25.21170328060786,0.1953113410207961,0.14973415268792048,0.7496005958980981,0.11338690916697185,5.686804817782508,192,3857,244,319,295,345,298,298,220,202,228,192,248,217,174,139,59,71,71,126,111,18.03076934814453,14.078990936279297,11.42307186126709,13.84920597076416,15.338266372680664,0.0,5.774229526519775,180.8877410888672,82.37055969238281,253.24169921875
649,-73.97802,40.78171,36.49022608017468,10.634154976958442,11.50422433909151,0.4819659165561921,0.2423327615635794,1.0095339364956077,0.13300215436181048,7.14616297851984,193,11380,720,818,721,812,621,578,539,595,704,631,581,634,641,537,397,483,521,439,408,6.545411109924316,16.081708908081055,8.288639068603516,0.0,25.814956665039062,0.0,5.075240135192871,220.40725708007812,229.6240234375,202.91978454589844
650,-74.013967,40.71701,38.793210206208414,9.56640582614475,13.89925483421043,0.58781984117296,0.07009802924262153,1.2858277780038339,0.29152057788990154,4.94680079707393,225,817,49,53,50,35,28,43,37,40,34,55,75,55,55,42,20,26,26,31,63,7.235557556152344,0.0,6.992079734802246,1.4522103409120996e-13,7.630595684051514,0.0,6.370693683624268,365.0147399902344,609.2816772460938,372.5155334472656
651,-73.945838,40.814917,27.486657614659777,13.007474668098219,18.34110202211322,0.26039226287944556,0.09045938048699889,0.6460806336065735,0.0826167739200271,6.467775704483392,198,27859,1780,1754,2129,1923,1914,1971,1650,1655,1586,1553,1489,1213,1153,1150,779,1054,1119,934,1053,20.62436294555664,15.436027526855469,9.570134162902832,0.0,18.583972930908203,0.0,5.270723819732666,188.36915588378906,163.15133666992188,220.1315460205078
652,-74.017456,40.706384,37.47773531423623,13.22390251109008,12.737438688240205,0.6802961645848246,0.09646168742996764,1.4487427385996379,0.3285028070092676,4.586829100630357,251,2263,234,186,166,138,160,180,207,168,128,78,120,105,77,89,36,35,38,43,75,15.765783309936523,0.43268275260925293,29.824167251586914,2.858191967010498,11.455452919006348,292.1553649902344,6.606448173522949,681.7716674804688,673.2330932617188,789.6380615234375
653,-73.937179,40.79969,29.46690290402144,9.808567731808392,19.628313667753822,0.34360429160615313,0.22563298543294272,0.5907013069870126,0.07991562541733441,8.244993258745243,195,49674,2899,3458,3665,3329,3629,3433,3794,3432,3189,2898,2851,2612,2068,1558,1120,1230,1489,1477,1543,2.178629159927368,8.887322425842285,0.012840479612350464,0.0,6.36921501159668,291.4046630859375,5.129958152770996,218.14122009277344,190.5751190185547,246.60116577148438
654,-73.917814,40.867741,28.96984219551085,13.422116306093002,17.868412203258938,0.22913813591003418,0.4218927136173955,0.8539219697316489,0.14475385348002115,7.666545223306725,144,9902,454,545,487,550,680,740,761,743,958,604,741,598,415,303,118,140,170,398,497,0.0,0.0,0.0,0.0,0.0,0.0,5.211409568786621,208.6042938232422,87.60699462890625,274.7822570800781
655,-73.945427,40.823676,30.695508706449264,10.413444242894851,17.129212678080858,0.2175167353466304,0.1515915096809567,0.609665045433173,0.13696208144679212,6.965117502694179,198,22948,1486,1610,1743,2007,1600,1779,1690,1993,1714,1661,1237,839,610,620,298,448,474,513,626,12.953588485717773,11.935186386108398,2.990697145462036,13.873231887817383,5.406957626342773,0.0,5.342012882232666,195.23562622070312,147.1336669921875,249.6807861328125
656,-73.938418,40.795,28.05531282961628,9.774104444495528,20.54259766747941,0.2789443705505107,0.12196999091606636,0.5062697769759537,0.07788484746759589,7.384400553517526,154,18229,1575,1589,1459,1495,1314,1170,1204,1249,1254,1030,924,780,600,428,302,368,400,523,565,26.71225357055664,17.18526268005371,0.5434728264808655,0.0,26.191917419433594,0.0,5.293426036834717,172.81991577148438,130.5211944580078,219.22653198242188
657,-73.933964,40.850561,35.73395870625973,4.222356900572777,18.917797133326534,0.29206275939941406,0.2802344659964244,0.7758339246114094,0.11639197667439778,7.862658426165581,256,32621,2078,2370,2184,2167,2325,2176,2488,2220,1814,1952,1647,1579,1336,1134,671,775,1131,1148,1426,0.0,1.5395886898040771,0.0,0.0,2.449387637160072e-10,0.0,5.467971324920654,239.21214294433594,217.85789489746094,253.31175231933594
658,-73.981034,40.735879,31.30369276858281,15.195302006998038,13.20911267908608,0.3512136981416201,0.11601409291833396,0.7222427585260655,0.0927260897670012,8.65070542022788,246,23594,859,920,973,1054,717,933,1324,1937,2145,2045,1584,1487,1228,1179,844,889,1161,1129,1186,23.7739200592041,18.675920486450195,76.6299057006836,2.675345622121794e-12,39.42870330810547,0.0,5.333481311798096,391.6458435058594,472.6045837402344,337.30059814453125
659,-73.947855,40.795032,31.254315721815917,15.031438081160832,16.358894818071008,0.3101102856622226,0.1841959745987602,0.7085010970848193,0.12526083683622058,5.960997844087904,230,20847,1403,1333,1400,1660,1600,1853,1723,1595,1241,1178,1343,1111,721,616,416,356,359,425,514,13.273351669311523,18.68486976623535,0.5432263016700745,0.0,20.766769409179688,0.0,5.019345760345459,248.47605895996094,226.69656372070312,293.76904296875
660,-73.9798,40.7162,32.46764445010526,12.133407151257554,18.614820639292397,0.26700835169097525,0.29969038786711516,0.6887487423272781,0.0890057763935607,6.149892453794125,216,19104,1179,1268,1049,1144,1151,1025,1060,1068,1073,1022,972,1014,909,870,609,789,1034,879,989,16.23896026611328,21.069137573242188,2.7902491092681885,2.770845651626587,10.525001525878906,0.0,5.77669095993042,218.90333557128906,178.29574584960938,271.0002746582031
661,-73.989776,40.76588,37.570513619316934,7.998973131179811,13.796548931686965,0.43155617184109146,0.313902563518948,0.6060783509854917,0.059152090990984875,6.641169168331006,144,18174,930,950,919,924,844,849,698,956,997,904,929,1062,1124,988,736,1062,991,1012,1299,5.247093991939122e-12,18.479225158691406,1.0316927867570769e-11,3.4518857217058496e-10,3.217195954086094e-11,0.0,5.007518768310547,377.558837890625,359.2132263183594,376.3630065917969
662,-73.930528,40.796889,27.342453709355105,12.743871174161397,22.417441625443715,0.22128246448658132,0.09180856129479786,0.8493617728904441,0.0830935422705595,6.385968980335055,126,8637,291,402,397,404,497,533,642,559,621,461,607,599,500,616,217,273,376,372,270,18.91070556640625,13.422768592834473,4.346965789794922,0.0,12.202234268188477,0.0,6.002139568328857,174.6468505859375,158.8855438232422,196.27508544921875
663,-73.947379,40.780452,33.909692996885724,11.797877365980687,13.449101796964325,0.23186861984128873,0.23352522190993397,0.9572657143197407,0.11070995796017533,7.935629433732691,205,4663,459,422,312,302,323,327,254,248,230,207,195,234,231,212,144,151,155,108,149,36.059837341308594,15.103038787841797,2.6975061893463135,0.0,27.25636863708496,0.0,5.3063554763793945,404.47747802734375,269.26739501953125,518.9298706054688
664,-73.93514,40.846116,35.1862074557559,5.599981568396312,19.27824771125671,0.24205626596823834,0.22000973221707315,0.8005853068784593,0.0976878045376523,7.463431387663183,271,30097,2609,3201,3009,2420,2323,2062,2293,1947,1463,1335,1306,1141,870,730,420,610,638,810,910,0.0,0.0,0.0,0.0,3.149327465479246e-10,0.0,5.4815850257873535,265.6725769042969,168.86309814453125,353.01654052734375
665,-73.977906,40.744511,39.05243094450507,8.789449579575482,11.110777480929505,0.3636846355363435,0.3714820138769212,0.971007658765207,0.06485265844008502,7.753548279307244,204,7027,481,537,478,423,471,449,590,578,543,419,372,350,259,181,104,141,160,266,225,9.716913223266602,12.829081535339355,59.939369201660156,27.688161849975586,26.612733840942383,0.0,5.067683696746826,392.271240234375,430.6048889160156,376.3638000488281
666,-73.944551,40.820216,28.520578885040035,12.095716725225031,17.68237588486234,0.18640892901090414,0.06321524652306008,0.5721554472058674,0.12408331780425974,6.381351513947074,207,14383,1062,990,1344,1319,1174,1270,963,835,810,834,744,551,515,529,241,301,244,281,376,15.719783782958984,14.193614959716797,7.603196620941162,6.950981593460139e-16,12.996772766113281,0.0,5.292344570159912,194.53550720214844,193.22633361816406,229.13369750976562
667,-73.996017,40.715097,40.459731034558224,6.982645169653074,15.932622293029167,0.6923495398627387,0.3609456919660472,1.1161237774473247,0.11859103886768073,6.465110875139332,330,26001,1955,2008,1790,1627,1598,1576,1471,1626,1491,1368,1124,1352,1114,1057,694,846,954,1001,1349,5.275341987609863,23.23836326599121,14.658559799194336,9.444581969120819e-36,13.291763305664062,0.0,5.547996997833252,411.7865295410156,333.15972900390625,441.0010070800781
668,-73.955722,40.810793,29.246836303049314,12.745876234721365,17.276995356489973,0.20711622264004015,0.10051494691430068,0.5134103097889806,0.07332424484294281,7.514366806361087,246,29454,1594,1901,2130,2294,2389,1999,2111,2165,1900,1821,1527,1334,1075,893,602,761,970,971,1017,13.337076187133789,19.041519165039062,5.140162944793701,0.0,23.975830078125,0.0,5.309904098510742,305.5132141113281,287.4034423828125,314.0073547363281
669,-73.99742,40.710651,40.02640709551144,7.1390898157861935,18.909521648242045,0.4091024731326136,0.27216215679003763,0.947486473094137,0.11009604694786765,6.203345773609112,239,7278,518,535,540,620,480,616,599,410,477,412,414,358,326,273,99,126,151,139,185,0.6985172629356384,13.95655345916748,4.703875541687012,0.6603469252586365,4.789267063140869,0.0,5.7272725105285645,308.2333068847656,233.64866638183594,338.5406188964844
670,-73.938701,40.841032,28.806384069171802,8.689651408778968,19.596295014715395,0.28668630307569115,0.19159732823968773,0.7199017810419135,0.11928064746025074,6.956598359656568,237,30166,1931,2288,2488,2150,1763,1777,1676,2100,1948,1800,1603,1452,1238,1087,780,1021,892,1038,1134,2.450463056564331,0.0,1.0846236944198608,0.0,4.847277068620315e-07,0.0,5.304451942443848,210.8170623779297,170.41433715820312,272.1285095214844
671,-73.95202,40.814914,27.95426841345624,13.108193432843244,18.713386138700724,0.32703056537285047,0.07685807646897735,0.7089179239155337,0.09932644152767443,6.691227430178796,189,18292,1023,1046,1117,1134,1151,1183,1239,1222,1102,967,1001,888,899,952,641,610,676,767,674,19.559280395507812,24.253177642822266,21.786174774169922,0.0,20.275211334228516,0.0,5.385554790496826,216.23716735839844,176.3625946044922,282.2337341308594
672,-73.998326,40.71866,41.62182161801554,4.636442887427686,13.08627387049399,0.826769211104892,0.4976828246904905,0.954582633041754,0.107962135376969,6.6677419150747905,246,29490,2374,2426,2188,2074,1993,1650,1566,1690,1593,1497,1430,1510,1269,1187,788,913,969,964,1409,1.250553615739572e-13,20.89494514465332,7.019021511077881,0.0,2.8816444873809814,0.0,5.372416973114014,341.95343017578125,467.8251037597656,199.5089874267578
673,-73.993607,40.716231,39.19245653813427,6.4000203139973415,16.824168130771817,0.6006894463097434,0.33851850150835394,1.2356044697945137,0.11817608991734135,5.821733611120512,303,27340,1996,1939,1666,1583,1677,1677,1638,1794,1665,1577,1322,1504,1216,1110,766,882,974,1002,1352,16.181034088134766,23.707035064697266,34.75486755371094,1.4118822777575701e-10,24.94172477722168,0.0,5.643359184265137,386.61871337890625,312.84332275390625,394.03302001953125
674,-73.933964,40.850561,35.73395870625973,4.222356900572777,18.917797133326534,0.29206275939941406,0.2802344659964244,0.7758339246114094,0.11639197667439778,7.862658426165581,256,32621,2078,2370,2184,2167,2325,2176,2488,2220,1814,1952,1647,1579,1336,1134,671,775,1131,1148,1426,0.0,1.5395886898040771,0.0,0.0,2.449387637160072e-10,0.0,5.467971324920654,239.21214294433594,217.85789489746094,253.31175231933594
675,-73.939178,40.809665,31.014141158678036,8.867086976717161,20.254153319654574,0.2134236134897615,0.1550698161718264,0.675968309342367,0.08796467314509808,6.4507833958462895,201,16561,1284,1482,1356,1171,1365,1093,1010,1199,1319,931,854,787,465,362,258,320,307,578,420,29.611408233642578,13.568984031677246,1.741277478109482e-12,0.0,10.345222473144531,0.0,5.366615295410156,178.15478515625,143.37356567382812,211.12863159179688
676,-73.983854,40.714248,29.370940000491036,14.397813204237096,17.627697182179688,0.3319017271648971,0.1342500959123884,0.7081107089394018,0.09009246539352533,6.323915376400291,266,19776,1044,1294,1175,1203,1113,964,1151,1075,1018,1007,1010,908,931,912,659,944,1173,1067,1128,14.587261199951172,25.962539672851562,26.20575523376465,7.024745464324951,7.912905693054199,0.0,5.424718379974365,208.02212524414062,162.78109741210938,252.8260498046875
677,-74.000851,40.711441,38.075638551785495,10.445228635412368,15.613445957632868,0.5571756688150504,0.2795140735387015,1.2411364103176676,0.1535490138827115,5.317094695843486,303,9578,406,536,491,654,602,837,668,792,828,631,494,366,346,303,134,205,457,375,453,1.6240241527557373,8.059991836547852,27.10575294494629,9.503136992605743e-12,11.390471458435059,0.0,5.8356218338012695,332.5849914550781,450.74005126953125,242.7887725830078
678,-73.935461,40.805653,29.515425223516495,8.100793635950678,24.59238623447475,0.22423246265512653,0.09447761693183651,0.7099062995573061,0.11780887930090798,5.901198682531845,226,43336,2891,3209,2951,3172,3651,2666,3205,3762,3453,2562,1736,1636,1711,1579,1004,877,542,1631,1098,21.7025203704834,17.753759384155273,2.8358228959524112e-11,0.0,12.301045417785645,0.0,5.409116268157959,184.0031280517578,184.43692016601562,178.72109985351562
679,-73.990318,40.763655,38.49343420445234,8.159825116738505,12.437887520625676,0.5478521325122351,0.36642403438173493,0.9019555716679014,0.088989213965405,7.847009856125404,145,9933,738,585,595,699,874,945,726,636,611,406,407,486,424,284,180,278,248,259,552,3.2640043012149844e-12,21.625226974487305,9.324256644571705e-12,3.382336355439719e-10,2.7960824627859537e-11,0.0,4.938997745513916,366.1898498535156,399.99578857421875,319.229736328125
680,-73.983769,40.719148,30.316735783210977,9.852372898774988,19.618297491420883,0.42446534506747047,0.2429853968259667,0.867699508239575,0.1354001149409959,6.5736665111295975,238,28651,1560,1774,1516,1735,1706,1933,2014,1723,1672,1780,1608,1421,1253,1245,767,1006,1269,1213,1456,19.76915740966797,22.8776912689209,9.295011520385742,20.866601943969727,38.7369270324707,0.0,5.486536502838135,245.86802673339844,206.20748901367188,275.07470703125
681,-73.984116,40.718121,30.542806535959237,10.021744420131052,19.889782990018524,0.4208321372667948,0.21321463088194528,0.8834286282459891,0.12801562746365863,5.994413048028946,256,28652,1516,1770,1565,1739,1717,1759,1902,1773,1662,1718,1526,1394,1294,1270,796,1059,1386,1285,1521,24.774885177612305,22.936660766601562,9.288468360900879,14.171958923339844,34.266639709472656,0.0,5.454627513885498,254.382568359375,201.29547119140625,288.4428405761719
682,-73.930991,40.849311,30.12823091331103,9.629901858931737,21.59158436119134,0.3654746468185532,0.22328099460466533,0.9134383235417359,0.09826092009848739,6.9109238969518785,235,18973,1376,1653,1622,1504,1497,1310,1685,1363,1029,1164,914,789,493,425,244,263,403,486,753,0.0,8.04887580871582,0.0,0.0,2.5791116464723984e-10,0.0,5.786365985870361,247.11190795898438,250.82540893554688,237.342529296875
683,-73.965611,40.799098,33.080652855142105,10.960063406948665,14.838758078954553,0.2728724443051856,0.2681984146985408,0.7151873247231572,0.08915858700894358,6.7709054082586295,217,19685,1297,1669,1473,1413,1210,1155,1281,1221,1052,1106,953,957,780,688,609,702,758,653,708,21.38007926940918,21.142900466918945,3.1657490730285645,4.533370478055493e-13,27.472869873046875,0.0,5.1276397705078125,230.4863739013672,185.05746459960938,284.810302734375
684,-73.938727,40.789535,25.661020684295586,14.472434238032735,19.437870776626617,0.21313212861950764,0.15701959597184353,0.6277660395475043,0.09619010908224972,6.3637633184991955,149,11237,884,979,841,822,832,801,736,682,883,734,579,521,355,307,200,222,205,341,313,15.32003402709961,16.546167373657227,1.6322928667068481,0.0,17.584354400634766,0.0,5.719018459320068,200.57177734375,127.63014221191406,271.3260803222656
685,-73.947151,40.817228,26.13938552181738,14.521926276537835,18.540295938245293,0.2335185096377418,0.07734298706054688,0.6587646445449518,0.10090879842537599,6.57253395132467,196,21671,1257,1328,1578,1383,1438,1402,1330,1234,1205,1223,1160,1023,966,963,682,889,943,807,860,16.44259262084961,18.533002853393555,13.3524808883667,0.0,20.433942794799805,0.0,5.352762222290039,183.8883514404297,268.7381896972656,199.284423828125
686,-73.948088,40.802649,27.929440091278405,11.29477876343878,19.506418651045713,0.2756797709975668,0.11565782365755797,0.8442763649320533,0.16277695852886678,6.150556797355549,221,16534,1428,1244,1166,1393,1228,1588,1224,1214,1083,854,919,703,415,419,307,334,374,289,352,13.630636215209961,13.255526542663574,2.1722443103790283,0.0,22.997621536254883,0.0,5.286713123321533,188.38421630859375,143.47537231445312,243.8414764404297
687,-74.01358,40.707355,47.791378987758655,7.326222589923076,7.604137815610328,0.8885768126156994,0.2899983113863653,1.7265742073958172,0.25453832414415145,5.348756497957891,396,13207,960,1014,911,838,813,1304,1399,871,879,738,754,468,545,614,152,113,174,250,410,52.90079879760742,1.5797935724258423,90.75121307373047,8.630912824714176e-12,48.10382843017578,582.1382446289062,6.21983528137207,895.1497802734375,1374.44189453125,546.7156372070312
688,-73.947287,40.777948,32.807298124882216,13.26729021574321,12.566031740422837,0.2501194937187328,0.24822720310144256,0.7625081246359307,0.09747070178650973,8.564923938951994,190,3140,324,246,196,203,263,238,210,184,147,110,119,127,153,141,113,102,83,71,110,21.82123374938965,16.707910537719727,3.260176181793213,0.0,18.51280975341797,0.0,5.215834617614746,342.39569091796875,243.73809814453125,436.6383361816406
689,-73.927578,40.859804,25.01344952666969,16.55182336506091,18.66077414730139,0.16890534183435274,0.22041463015372292,0.5784371442962111,0.09574388202868009,6.062065300188567,152,9392,756,713,715,727,718,768,700,587,672,515,460,409,325,271,194,123,148,238,353,0.0,0.0,0.0,0.0,0.0,0.0,5.632857799530029,273.9123840332031,175.85498046875,346.9241638183594
690,-73.947599,40.826514,30.886797655641647,8.937389866199368,18.040152312883368,0.22024422689201006,0.20369797750236163,0.5405759499743095,0.10836077671425015,7.0506477667615295,204,31093,2070,2666,2359,2671,2003,2118,2188,2497,2215,1909,1352,1039,796,816,543,753,1097,909,1092,21.037261962890625,9.74141788482666,5.717732906341553,13.23856258392334,12.238458633422852,0.0,5.142857074737549,203.24974060058594,130.62451171875,273.2356262207031
691,-73.948902,40.810499,31.32414895724627,10.809444757848004,17.995556195576988,0.2841304330264821,0.10911249646953508,0.696660802255269,0.08167207630631193,6.260707019980438,204,43070,2399,2726,3219,3887,3586,3009,2962,2923,2831,2508,2255,1732,1420,1324,786,1121,1403,1396,1583,17.001222610473633,18.590993881225586,6.567945514714124e-13,0.0,13.813475608825684,0.0,5.120930194854736,213.08990478515625,165.03533935546875,247.8910369873047
692,-73.935895,40.797507,29.13341418330706,9.169550087457127,20.181103002012165,0.22954982350334885,0.20556792714237387,0.47097777489223763,0.05325346470918011,7.680291651640584,153,21876,1338,1682,1746,1666,1603,1428,1616,1364,1437,1043,1133,1063,893,837,431,558,684,732,622,11.27401065826416,11.210270881652832,4.300938606262207,0.0,17.1142578125,6.1869288234060864e-30,5.146275043487549,182.6328582763672,149.13528442382812,218.92762756347656
693,-73.938714,40.807019,32.03260757534363,8.88376428623392,21.19658223822347,0.24474613250248017,0.11862745188703441,0.711365213985911,0.11541372081762095,5.977064052873532,231,46435,3042,3358,3195,3478,3756,2969,3519,4025,3774,2819,2079,1912,1701,1575,971,888,600,1664,1110,27.11029815673828,18.214536666870117,0.5348793268203735,0.0,14.17078685760498,0.0,5.3298869132995605,175.4806671142578,191.0855255126953,173.20950317382812
694,-73.950745,40.770215,39.23275423365713,7.123492200906174,13.326624897668431,0.3234130657271834,0.3504923637339611,0.6912707229850045,0.13235420580731322,7.58353184916852,151,1710,152,139,124,112,105,128,111,95,68,85,102,63,69,66,58,67,58,52,56,3.2436118125915527,18.52190399169922,4.663208484649658,0.0,16.408124923706055,0.0,5.59592342376709,385.62518310546875,310.608154296875,448.7328796386719
695,-73.952476,40.817719,27.593118215660493,13.472982774297877,19.62290633634391,0.3257102276905473,0.14321890222020897,0.8354158286588738,0.11796338491171718,6.188852624242086,166,11222,734,810,851,868,852,1009,997,962,648,588,554,382,346,288,232,329,240,254,278,17.177257537841797,25.825729370117188,27.28805923461914,0.0,22.58781623840332,0.0,5.371004581451416,233.29612731933594,281.50128173828125,292.84674072265625
696,-73.96847,40.795163,35.55764191680484,10.165502793259087,13.04231335719426,0.31426466173595863,0.3053045935100979,0.7714380820592245,0.07381240526835123,7.58361021677653,192,23582,1392,1788,1630,1569,1515,1324,1386,1361,1388,1507,1268,1144,1001,827,609,799,1009,1112,953,8.409650802612305,15.393909454345703,1.3335901498794556,2.081771387218989e-12,20.87088394165039,0.0,5.204990386962891,249.89785766601562,184.2035369873047,320.5434265136719
697,-73.965949,40.802653,31.70589682174055,14.658545576818458,13.214038605015025,0.30205492922523075,0.3864810891347389,0.5942266281336954,0.08523598472095878,6.284803161156597,219,6982,450,604,639,628,485,548,571,523,365,379,228,287,205,188,166,184,192,192,148,9.675198554992676,20.744108200073242,1.0874005556106567,3.87908997458164e-13,28.52925682067871,0.0,5.172595977783203,284.8148193359375,250.7208251953125,319.76763916015625
698,-73.972557,40.788925,36.08592105168169,10.228773547757058,11.114026756696807,0.3447452668220767,0.2798037375173261,0.6671321007513231,0.10888294507098453,7.528753383185273,155,5991,430,423,431,421,379,396,422,369,367,326,305,319,251,206,179,164,202,194,207,19.383865356445312,15.404852867126465,4.888798713684082,2.2377258466349526e-12,25.044179916381836,0.0,5.204104900360107,262.599853515625,273.326416015625,254.43927001953125
699,-73.957827,40.771541,42.06916014353434,6.461652473167135,10.235323376125756,0.4621246125963,0.5404677214445892,0.6647290123833549,0.0709056854248047,8.43530919816759,180,3270,270,271,207,156,191,244,223,226,225,181,168,169,108,135,92,104,93,86,121,14.583683967590332,16.77627182006836,8.919546127319336,9.081108803300764e-13,20.31489372253418,0.0,5.033832550048828,345.3542785644531,308.432861328125,382.86517333984375
700,-73.948488,40.793649,31.735278872161985,15.386628036599538,15.908834585559228,0.353914067365121,0.1281735768274199,0.7413413056585944,0.12449809842115962,6.313473496669522,253,21349,1301,1332,1289,1587,1885,2040,1726,1748,1397,1191,1377,1076,736,665,376,337,369,401,516,14.834197998046875,22.791675567626953,2.7109825850857305e-07,0.0,21.274032592773438,0.0,5.028067111968994,269.9074401855469,288.8746337890625,271.8990478515625
701,-73.955594,40.780798,41.27138180610461,7.266726860633264,9.484749726760082,0.4252783763102996,0.29377998449863535,0.826118542597844,0.07852514584859212,7.982444916016015,208,7619,425,347,315,394,477,546,606,515,429,526,592,468,299,284,112,132,319,363,470,23.36936378479004,12.538690567016602,4.262214660644531,0.0,34.80904006958008,0.0,4.9841742515563965,330.95843505859375,319.6502990722656,348.3575744628906
702,-73.990318,40.763655,38.49343420445234,8.159825116738505,12.437887520625676,0.5478521325122351,0.36642403438173493,0.9019555716679014,0.088989213965405,7.847009856125404,145,9933,738,585,595,699,874,945,726,636,611,406,407,486,424,284,180,278,248,259,552,3.2640043012149844e-12,21.625226974487305,9.324256644571705e-12,3.382336355439719e-10,2.7960824627859537e-11,0.0,4.938997745513916,366.1898498535156,399.99578857421875,319.229736328125
703,-73.951425,40.792302,28.11620058836759,22.37543632954727,14.73851822040699,0.3367097289473921,0.0786954973950798,0.7868647575378418,0.12294686870810426,5.869873806282326,216,10042,626,700,639,719,961,1036,671,769,643,501,547,511,347,360,194,201,189,184,244,18.0393009185791,21.350975036621094,8.852168537033453e-15,0.0,15.53207015991211,0.0,5.2920355796813965,334.5084533691406,519.1204833984375,237.6698455810547
704,-73.939785,40.845459,35.41757360714207,8.870609253051272,16.91364855721969,0.28372330177985977,0.179366761469746,0.5537912031885478,0.07712362930277587,6.9847648995489395,251,18307,1719,1924,1708,1491,1326,1275,1308,1081,914,811,916,809,596,527,288,416,305,422,471,0.0,0.0,0.0,0.0,0.0,0.0,5.255803108215332,275.0772705078125,185.3320770263672,351.8434143066406
705,-73.987064,40.735361,37.16062540295479,9.928092600285323,14.415990758216248,0.7005322938677907,0.2703329612468851,0.9341596186846151,0.15868825474004636,7.483866433987672,232,42744,1720,1933,2047,2310,2615,3249,3162,3253,3322,3290,2439,2346,1877,1605,979,1142,1650,1687,2118,11.339319229125977,20.57551383972168,19.38724136352539,2.9523161693134625e-10,15.633920669555664,0.0,5.368772029876709,501.973876953125,686.9572143554688,305.0345153808594
706,-73.942706,40.814388,29.266300479185233,8.18195481902187,20.534988360111765,0.29336873767445387,0.17586772881665277,0.6596520494874627,0.07922194150659259,7.077988837529155,206,29736,1844,1821,2029,1826,1835,2024,1923,2178,1950,1691,1674,1351,1250,1144,795,1093,1150,1007,1151,25.08303451538086,17.369178771972656,8.225712776184082,0.0,16.395071029663086,0.0,5.1744890213012695,195.88211059570312,180.00656127929688,219.88211059570312
707,-73.950745,40.770215,39.23275423365713,7.123492200906174,13.326624897668431,0.3234130657271834,0.3504923637339611,0.6912707229850045,0.13235420580731322,7.58353184916852,151,1710,152,139,124,112,105,128,111,95,68,85,102,63,69,66,58,67,58,52,56,3.2436118125915527,18.52190399169922,4.663208484649658,0.0,16.408124923706055,0.0,5.59592342376709,385.62518310546875,310.608154296875,448.7328796386719
708,-73.928301,40.85924,25.592595172184776,17.47641881306966,17.7220336339807,0.19077957317393313,0.14399907922232022,0.5231492237378191,0.08216078563403058,6.5364673573483705,155,8759,724,682,652,614,637,695,661,551,614,500,438,414,302,232,181,120,145,233,364,0.0,0.0,0.0,0.0,0.0,0.0,5.652537822723389,276.7291259765625,188.1038360595703,352.6561584472656
709,-73.955861,40.80757,29.813785162585525,12.414813320539155,16.92811773534407,0.22507006661933768,0.08207705982944422,0.5068887744033547,0.10489734292727465,7.037089303223012,228,16294,1077,981,973,1126,991,941,1148,1201,1075,899,897,712,595,548,442,577,810,640,661,32.41497039794922,18.07693099975586,26.09527587890625,0.0,27.11189079284668,0.0,5.418089389801025,246.225830078125,264.4389343261719,256.39678955078125
710,-73.941955,40.793363,29.025600925998113,10.472757196343178,18.81105912293439,0.33640320596478585,0.19756436972093833,0.4878914585080238,0.06864374636771582,7.05220953124148,191,21704,1649,1471,1442,1723,1725,1649,1774,1618,1447,1351,1327,1013,820,594,365,274,336,543,583,29.14159393310547,17.935705184936523,1.086452603340149,0.0,21.038246154785156,0.0,5.212445259094238,204.97982788085938,169.6569366455078,252.57376098632812
711,-73.957731,40.763804,41.09884107344155,9.322405281941517,10.916459455271458,0.37922480749705484,0.3286180042085194,0.9313692701766939,0.08712563354922771,7.355259755721588,189,1896,144,124,141,138,143,111,130,114,115,83,105,173,73,74,33,45,54,47,49,26.44847297668457,22.064056396484375,92.05903625488281,8.834812764181577e-13,20.41092300415039,0.0,5.537185192108154,415.5528564453125,624.0689697265625,386.38006591796875
712,-73.985438,40.711125,30.836301682487342,16.261526743570958,16.161302384876073,0.3377476949540395,0.12847082955496653,0.7291480473109655,0.08572563292488218,5.918217916337271,210,5854,388,508,411,414,414,429,383,350,348,358,298,248,230,206,118,161,199,212,179,0.0005839185323566198,31.300151824951172,21.922889709472656,31.341039657592773,1.6904651289895156e-11,0.0,5.849822521209717,232.15206909179688,124.95304870605469,304.1978454589844
713,-73.950146,40.798461,23.396405895936837,20.196073803701054,16.993181759485527,0.30909170996409796,0.06714422725936742,0.7145600797289011,0.11841085736419776,4.733323742270856,206,24591,2033,2144,1699,2003,1856,1973,1795,1683,1431,1304,1386,1243,720,675,367,441,582,577,679,2.4994893074035645,12.983501434326172,3.3199212551116943,0.0,15.185867309570312,0.0,5.37076997756958,225.80865478515625,128.64071655273438,321.6488037109375
714,-73.952751,40.804559,33.19119327186208,5.130929353704863,19.325272774582277,0.29958712807492593,0.17182868823670508,0.6263018034671864,0.11131310957280452,6.163756356855328,209,21215,2048,1633,1723,1809,1350,1683,1861,1876,1409,1091,1054,705,479,474,339,393,480,393,415,19.39476776123047,14.13671588897705,8.652400016784668,0.0,33.089393615722656,0.0,5.20672607421875,193.25613403320312,150.5056610107422,232.1977996826172
715,-73.93684,40.856239,24.80517768074946,21.612320613468626,14.385920198856557,0.16691969255361042,0.19063400142967946,0.7452305452323253,0.1074673217019917,7.467931582603925,162,1671,138,111,121,98,110,109,108,120,130,87,92,79,63,54,38,33,40,63,77,0.0,0.0,0.0,0.0,0.0,0.0,6.10661506652832,214.69476318359375,140.18893432617188,279.47967529296875
716,-73.97738,40.719888,24.07876141552855,18.757499419213907,18.00874215237221,0.2732737311001482,0.10791960216703869,0.7139080655202882,0.11801398642153182,5.969723104843364,203,13418,856,1008,819,1028,1016,1038,937,1000,871,694,757,714,607,426,253,398,323,337,336,13.032500267028809,23.29610252380371,9.520813941955566,9.725951194763184,26.535951614379883,0.0,5.666837692260742,214.35841369628906,161.37303161621094,282.9395751953125
717,-73.928048,40.853045,27.960724924124925,14.19620009029613,18.095611310472673,0.2347121519200942,0.14140970566693475,0.5101390913421031,0.10171778061810662,6.131609187406652,170,9740,688,932,794,894,761,830,805,573,506,500,424,427,234,218,156,115,154,276,453,0.0,4.74134635925293,0.0,0.0,7.322957362911809e-39,0.0,5.92294979095459,265.9350891113281,258.8385314941406,307.77679443359375
718,-73.990902,40.7722,39.07542361893467,5.569148285650896,16.81375539058635,0.2282769542388632,0.11544254239045042,0.9099262386726934,0.13077538772668254,5.896881217175134,179,4366,228,306,366,497,488,369,238,242,217,191,198,204,174,122,68,91,103,129,135,13.347938537597656,19.06242561340332,8.935336112976074,3.234159329235098e-10,16.76408576965332,0.0,5.698209762573242,521.587158203125,504.9221496582031,558.5054321289062
719,-73.952023,40.82051,29.42642542914426,11.246191758880094,19.343298325423937,0.3368128615965958,0.11169132088467838,0.9227993562049472,0.13717474396695795,6.170713450900468,194,14034,1041,1108,985,1168,1047,1181,1145,1182,800,812,693,473,356,332,240,401,311,309,450,1.620112419128418,23.367679595947266,13.512964248657227,0.0,18.367921829223633,0.0,5.36771297454834,271.9744873046875,322.2747497558594,341.49114990234375
720,-73.941111,40.821208,31.47538673310053,7.167138182927694,19.451668148949036,0.26775201161702467,0.14159187437996032,0.5548632334149074,0.0923194582500155,7.287813557518851,168,22244,1667,1586,1965,1857,1730,1728,1497,1299,1326,1368,1205,946,804,798,411,499,445,491,622,16.41028594970703,15.779176712036133,16.919469833374023,0.0010334018152207136,7.586708068847656,0.0,5.1640625,249.54542541503906,153.9305877685547,329.7585144042969
721,-73.938347,40.813532,27.30694994514371,10.47084979069086,21.2996357752953,0.27449793285793733,0.19989101975052445,0.7716196554678456,0.09487823203757957,6.445475566534348,216,17009,1096,1275,1275,1053,1278,1266,1265,1548,1429,933,1018,832,501,403,262,382,348,377,468,30.309396743774414,17.557302474975586,6.514825344085693,0.0,12.477801322937012,0.0,5.528780460357666,188.3123016357422,140.82070922851562,253.1207275390625
722,-73.95042,40.785018,36.30994160970053,9.75632433031426,12.819049136886179,0.32502158743436216,0.1489924602821225,0.7765453369891057,0.09728194585914819,7.839392443172265,244,6266,440,414,386,478,379,416,383,370,368,405,421,394,258,256,169,133,176,195,225,22.860267639160156,12.98277473449707,3.002894878387451,0.0,24.61782455444336,0.0,5.10997200012207,330.10418701171875,243.60130310058594,408.5765075683594
723,-73.984423,40.777603,38.5292985919365,8.447386326927019,11.216757947014875,0.42993025933022017,0.24268832908669094,0.946847234683997,0.10821718451537056,6.5463288786447595,197,6319,393,433,431,463,512,537,422,440,432,358,315,297,291,230,108,147,145,132,233,15.964217185974121,18.75904083251953,5.971752643585205,2.8193612375271293e-11,24.331649780273438,0.0,5.119375705718994,449.26727294921875,397.79833984375,523.2562255859375
724,-73.935746,40.823988,23.16034222062016,9.0458091719326,27.11175984634465,0.15850108423274312,0.05601371005500033,0.690839197728541,0.10489199584696712,4.748905479133902,154,8830,681,714,795,749,705,573,638,529,521,510,545,364,318,248,161,186,175,182,236,4.2294440269470215,9.303802490234375,8.033265113830566,0.0,8.096353530883789,0.0,5.570379257202148,244.1218719482422,132.8909149169922,346.7914733886719
725,-74.0029,40.730564,34.407675931001684,11.507466350493967,14.310393043905684,0.5829397482795194,0.33157660615488505,1.1769165927740426,0.14533133902662013,5.387057336289643,269,17539,1088,1369,1340,1301,1437,1615,1369,1200,1365,910,690,786,599,374,282,292,371,449,702,6.390740871429443,21.8653564453125,27.681671142578125,28.379709243774414,18.59800910949707,0.0,5.4117112159729,336.5830383300781,515.880126953125,213.4093475341797
726,-73.938735,40.808339,32.390136253543005,9.333686983682272,20.23827017807379,0.22644632230929243,0.13003527633542938,0.7365133704208746,0.10542148497046494,6.563489650323141,205,23164,1768,1864,1602,1550,1765,1473,1524,1678,1807,1282,1174,1079,868,722,449,434,427,980,718,28.077468872070312,15.169365882873535,2.4485168666904533e-12,0.0,13.928783416748047,0.0,5.385535717010498,180.3822021484375,165.1612548828125,197.91720581054688
727,-73.930528,40.796889,27.342453709355105,12.743871174161397,22.417441625443715,0.22128246448658132,0.09180856129479786,0.8493617728904441,0.0830935422705595,6.385968980335055,126,8637,291,402,397,404,497,533,642,559,621,461,607,599,500,616,217,273,376,372,270,18.91070556640625,13.422768592834473,4.346965789794922,0.0,12.202234268188477,0.0,6.002139568328857,174.6468505859375,158.8855438232422,196.27508544921875
728,-73.952023,40.82051,29.42642542914426,11.246191758880094,19.343298325423937,0.3368128615965958,0.11169132088467838,0.9227993562049472,0.13717474396695795,6.170713450900468,194,14034,1041,1108,985,1168,1047,1181,1145,1182,800,812,693,473,356,332,240,401,311,309,450,1.620112419128418,23.367679595947266,13.512964248657227,0.0,18.367921829223633,0.0,5.36771297454834,271.9744873046875,322.2747497558594,341.49114990234375
729,-73.944666,40.830004,27.23521609792231,10.75854046151222,19.965920917728408,0.17777098686995693,0.12202287585006477,0.5546001572683067,0.09118361794269146,6.835623726325948,193,21325,1393,1952,1741,1998,1573,1447,1331,1420,1267,1041,977,740,673,698,448,567,813,598,648,22.360994338989258,4.086679458618164,6.173001289367676,1.7376100957627732e-43,5.964601516723633,0.0,5.246059894561768,196.61572265625,133.5404815673828,256.1142883300781
730,-73.925464,40.865556,27.190086612232044,12.132019964640573,19.663645810462217,0.20480998677161982,0.10257183305369127,0.5447650115761979,0.10870820457236612,7.897759977336432,149,14720,1134,1233,1171,1268,1345,1168,986,916,1176,604,659,627,497,422,233,236,246,385,414,0.0,0.0,0.0,0.0,0.0,0.0,5.193673610687256,234.29592895507812,141.80569458007812,323.8138122558594
731,-73.988665,40.761327,44.7334058549669,6.320613861083984,8.357631047566732,1.1492830912272134,0.44997829861111116,1.326288011338976,0.09892951117621528,8.193815231323244,150,14991,1009,976,995,1154,1170,1209,1057,911,939,698,823,852,600,368,215,347,401,505,762,1.177189830059433e-07,12.897462844848633,3.806279380569322e-08,3.4134903237337255e-10,1.6363612413406372,0.0,5.174386978149414,484.1248474121094,770.2445678710938,345.858642578125
732,-73.956435,40.753598,26.679398616154995,18.327108025550842,24.695499241352078,0.2754891912142436,0.13280510902404785,0.908719003200531,0.09645919005076091,2.169831097126007,64,93,11,46,13,0,1,5,7,3,1,0,2,0,0,0,0,1,0,0,3,19.15764808654785,13.633013725280762,19.86063003540039,2.2422919098742666e-13,19.987577438354492,0.0,6.1294965744018555,57.35409927368164,64.34444427490234,38.681968688964844
733,-73.937263,40.836982,25.086589411002436,13.818765659721537,20.637446682469374,0.17087735286375288,0.2049040632183049,0.6409192571834643,0.08622610650095,6.431572777884346,196,11781,912,900,940,992,851,842,743,946,956,658,630,532,357,284,199,333,189,216,301,4.852200984954834,0.0,1.0854681730270386,0.0,0.4039233922958374,0.0,5.874285697937012,203.0546112060547,167.43093872070312,270.2920227050781
734,-73.942154,40.785107,26.067056636381242,12.200939435900358,21.78382776022445,0.20264526086350892,0.10486907022862346,0.8443130305939657,0.07989762507089565,6.866587695412352,163,9661,808,816,888,790,701,569,467,634,652,597,449,377,392,289,218,247,150,263,354,13.37751293182373,26.975357055664062,1.6471067667007446,0.0,18.36569595336914,0.0,5.660340309143066,187.83807373046875,165.46376037597656,220.98101806640625
735,-73.959777,40.765638,41.01451497499634,8.103672987749789,10.735233949155226,0.40034047600363387,0.3476580794976682,0.8395769158188179,0.0718147576260729,8.428457480709568,196,2550,196,184,184,202,175,138,177,163,135,93,160,203,126,109,51,46,79,50,79,29.082242965698242,18.724666595458984,93.5745620727539,1.2326484234367885e-12,21.019855499267578,0.0,5.251113414764404,378.53204345703125,514.1758422851562,357.7043762207031
736,-73.98259,40.732665,29.30571803340204,19.642354588449738,12.206305044668692,0.4874523775077162,0.14287807323314525,0.8851426913414473,0.10992733048804013,7.37075216976213,270,7359,328,362,404,480,589,653,546,553,656,547,393,344,210,184,155,196,265,213,281,28.91868782043457,17.11370277404785,46.2581672668457,2.1031741886251565e-12,41.43260192871094,0.0,5.3835015296936035,281.814208984375,344.1652526855469,242.49725341796875
737,-74.01088,40.71953,38.00597988539912,8.531372136490644,15.254567015126735,0.4152299155385373,0.16456518917721888,1.1719750944418827,0.18854732111631864,5.046587096714178,269,3092,42,48,45,44,31,21,42,54,33,62,79,38,39,20,19,33,882,755,805,1.2115891514889732e-13,1.0977446436299942e-05,2.3453657418959217e-11,1.7668088129682569e-13,0.03347434103488922,0.0,6.185014724731445,456.4334716796875,940.3367919921875,270.25
738,-73.955583,40.801573,29.25401035944622,13.92990493774414,16.471846898396812,0.22090307871500653,0.1340525945027669,0.6965093612670897,0.10735607147216795,5.688080628712971,200,19586,2022,1676,1713,1646,1559,1438,1677,1671,1357,931,943,615,382,331,255,282,365,376,347,6.551985740661621,14.568934440612793,3.736917734146118,0.0,20.625856399536133,0.0,5.3617424964904785,220.732421875,159.3700714111328,279.9980163574219
739,-73.948385,40.806055,30.188227536385526,7.105223337809244,20.658765926695704,0.28522926464415427,0.07550222831859923,0.7114478998016892,0.16476263079726905,6.6530696132726845,190,23278,1400,1608,1669,2178,1629,1640,1698,1714,1724,1275,1237,812,608,603,357,618,813,840,855,18.914642333984375,18.53021812438965,2.60386200448548e-12,0.0,26.65512466430664,0.0,5.170166969299316,190.01754760742188,163.49440002441406,208.11895751953125
740,-73.974256,40.785234,33.66056551474979,11.92387968972173,12.46413482478791,0.37625045620346853,0.22294487202338162,0.9415997074181803,0.12496565992359246,7.731275812004728,163,10984,677,682,688,727,594,523,572,621,716,604,553,647,617,509,357,451,512,471,463,14.470669746398926,6.5693359375,8.451092720031738,1.6399992258317453e-12,25.96442985534668,0.0,5.063331604003906,247.7355194091797,249.2259521484375,260.7079772949219
741,-73.977602,40.780536,35.99516051684239,12.427195652510774,10.540717886399852,0.46811196231102764,0.24311671885409095,0.8845155553300251,0.13407071431477866,7.527095033216844,172,3258,284,363,258,299,237,226,174,173,170,185,171,119,107,98,68,70,118,68,70,1.618382215499878,18.243175506591797,8.473320960998535,0.0,28.22596549987793,0.0,5.090200424194336,235.2756805419922,247.11009216308594,213.68099975585938
742,-73.977602,40.780536,35.99516051684239,12.427195652510774,10.540717886399852,0.46811196231102764,0.24311671885409095,0.8845155553300251,0.13407071431477866,7.527095033216844,172,3258,284,363,258,299,237,226,174,173,170,185,171,119,107,98,68,70,118,68,70,1.618382215499878,18.243175506591797,8.473320960998535,0.0,28.22596549987793,0.0,5.090200424194336,235.2756805419922,247.11009216308594,213.68099975585938
743,-73.973996,40.795109,32.16679034530664,15.685965481414097,12.072100124039784,0.2697128864909598,0.19562748832063948,0.77045402933292,0.08246597452613678,6.787784204816891,219,10876,573,859,799,817,883,641,634,681,711,771,616,499,434,285,248,328,324,457,316,6.469630241394043,15.413107872009277,4.121900303716286e-13,1.774488325376189e-12,11.858196258544922,0.0,5.506486892700195,300.8928527832031,211.80859375,386.2080078125
744,-73.981536,40.735328,30.767804223137926,16.3061558049618,13.098640883751358,0.38026787599541517,0.12671864631093147,0.7108892099584238,0.10475173419967122,8.179187283706176,259,25825,907,944,1019,1262,1335,1766,1710,1957,2189,2053,1580,1492,1225,1167,846,899,1162,1128,1184,25.690587997436523,16.750703811645508,63.467750549316406,2.755863029099692e-12,38.28065490722656,0.0,5.349371433258057,360.86871337890625,437.2903137207031,311.5306091308594
745,-73.971011,40.791395,36.709130359178964,9.257756017189658,11.555496588157249,0.3468216673006231,0.30492831769349604,0.6954182577396624,0.10412156472109517,7.560887872404374,181,11066,638,848,915,865,840,697,629,679,679,770,578,449,408,294,247,351,417,436,326,22.175947189331055,18.75778579711914,0.03725970908999443,2.411328515333766e-12,21.101747512817383,0.0,5.231491565704346,263.20513916015625,239.2794189453125,286.61517333984375
746,-73.971011,40.791395,36.709130359178964,9.257756017189658,11.555496588157249,0.3468216673006231,0.30492831769349604,0.6954182577396624,0.10412156472109517,7.560887872404374,181,11066,638,848,915,865,840,697,629,679,679,770,578,449,408,294,247,351,417,436,326,22.175947189331055,18.75778579711914,0.03725970908999443,2.411328515333766e-12,21.101747512817383,0.0,5.231491565704346,263.20513916015625,239.2794189453125,286.61517333984375
747,-73.992727,40.736526,40.8138136278119,7.1664172724673625,13.050314083433985,0.8977672509979783,0.3024034332810787,0.9756043082789371,0.09729669805158647,7.922806990774054,190,25644,1262,1399,1557,1672,2044,2194,2060,1954,1721,1880,1316,1261,1039,723,391,400,670,831,1270,4.840106010437012,21.18665313720703,52.41731262207031,2.4420165889438294e-10,14.33797550201416,0.0,5.501278877258301,653.2939453125,1032.9600830078125,217.56008911132812
748,-74.013303,40.705688,48.461343765258796,7.218069235483803,8.334988435109459,0.8704651196797687,0.26116426785786945,1.5200906594594326,0.2329457600911458,5.709213018417361,400,6240,447,366,356,300,356,592,785,432,430,285,312,325,220,272,76,104,144,146,292,50.48634719848633,6.329300880432129,82.86019134521484,1.6681845791885475e-12,44.00634765625,566.6329956054688,6.1349406242370605,987.67333984375,1551.35107421875,520.8441772460938
749,-73.935231,40.85765,22.785176794513376,23.320017089511314,14.810605142630783,0.15210087262986788,0.063375086566202,0.6351173833045046,0.08732457046675007,6.276108444646033,153,2252,180,178,154,112,127,167,143,163,200,108,147,140,81,61,32,34,47,73,105,0.0,0.0,0.0,0.0,0.0,0.0,6.024482250213623,197.0389862060547,122.58061218261719,260.07177734375
750,-73.963861,40.763883,42.26165077903054,5.94229640382709,11.038001811865607,0.5235232728900332,0.43366822329434473,0.9608579404426341,0.08864214926054982,7.859537673719,220,5039,307,379,419,384,339,264,299,330,333,251,274,314,189,176,86,103,229,184,179,25.063278198242188,15.04892635345459,54.137969970703125,1.060493489898895e-12,13.643306732177734,0.0,5.259668350219727,286.29571533203125,296.7227478027344,292.13616943359375
751,-74.017456,40.706384,37.47773531423623,13.22390251109008,12.737438688240205,0.6802961645848246,0.09646168742996764,1.4487427385996379,0.3285028070092676,4.586829100630357,251,2263,234,186,166,138,160,180,207,168,128,78,120,105,77,89,36,35,38,43,75,15.765783309936523,0.43268275260925293,29.824167251586914,2.858191967010498,11.455452919006348,292.1553649902344,6.606448173522949,681.7716674804688,673.2330932617188,789.6380615234375
752,-73.921474,40.860961,22.58034796610366,14.511442068429472,23.128867787456276,0.1630372374597257,0.6745312915811283,0.7875263835971955,0.11031041760224204,5.609559432723518,137,10551,967,929,881,920,829,748,571,611,833,503,508,451,345,240,135,135,158,353,434,0.0,0.0,0.0,0.0,0.0,0.0,5.664112567901611,288.0495910644531,96.0122299194336,421.7258605957031
753,-73.955583,40.801573,29.25401035944622,13.92990493774414,16.471846898396812,0.22090307871500653,0.1340525945027669,0.6965093612670897,0.10735607147216795,5.688080628712971,200,19586,2022,1676,1713,1646,1559,1438,1677,1671,1357,931,943,615,382,331,255,282,365,376,347,6.551985740661621,14.568934440612793,3.736917734146118,0.0,20.625856399536133,0.0,5.3617424964904785,220.732421875,159.3700714111328,279.9980163574219
754,-74.000851,40.711441,38.075638551785495,10.445228635412368,15.613445957632868,0.5571756688150504,0.2795140735387015,1.2411364103176676,0.1535490138827115,5.317094695843486,303,9578,406,536,491,654,602,837,668,792,828,631,494,366,346,303,134,205,457,375,453,1.6240241527557373,8.059991836547852,27.10575294494629,9.503136992605743e-12,11.390471458435059,0.0,5.8356218338012695,332.5849914550781,450.74005126953125,242.7887725830078
755,-73.972592,40.744288,39.939983728310224,7.3241198126645015,15.829024425377398,0.23794429187468674,0.20913244781222146,1.0108359569746754,0.10019071174390388,6.030348065490177,187,2847,270,325,232,169,187,154,192,205,196,166,119,123,75,93,40,68,58,86,89,7.274191856384277,1.0115835666656494,38.20478820800781,37.00323486328125,35.7122917175293,0.0,5.351265907287598,392.7070617675781,267.7136535644531,472.16033935546875
756,-74.000851,40.711441,38.075638551785495,10.445228635412368,15.613445957632868,0.5571756688150504,0.2795140735387015,1.2411364103176676,0.1535490138827115,5.317094695843486,303,9578,406,536,491,654,602,837,668,792,828,631,494,366,346,303,134,205,457,375,453,1.6240241527557373,8.059991836547852,27.10575294494629,9.503136992605743e-12,11.390471458435059,0.0,5.8356218338012695,332.5849914550781,450.74005126953125,242.7887725830078
757,-73.947317,40.811882,29.54881329639239,11.787331835745185,18.373207231461507,0.3294669573579855,0.12845281344741138,0.5729939411726362,0.08002719278161602,6.497394662986744,201,23777,1445,1384,1908,2313,2098,2006,1668,1569,1484,1224,1125,864,754,698,376,573,643,741,904,7.934097766876221,13.536198616027832,4.762663821536537e-15,0.0,15.440608978271484,0.0,5.137058734893799,220.12423706054688,171.777587890625,252.92857360839844
758,-73.939974,40.807692,34.13934336499312,8.328549793327316,19.613331989991885,0.24584094078205967,0.13485503479107183,0.7246203027199165,0.11814443391390057,6.574766284923263,197,28540,1828,2111,1841,2011,2234,1920,2111,2219,2063,1516,1398,1310,1039,945,603,597,564,1312,918,29.686023712158203,17.573057174682617,0.004989399574697018,0.0,15.76809310913086,0.0,5.257716178894043,179.04835510253906,171.4213104248047,180.30323791503906
759,-73.95552,40.815747,33.00600529540594,9.980571990597843,17.448854693477017,0.27933285438129113,0.22829678392163213,0.7594721304937967,0.0843110685727345,7.4039869357884855,193,22126,1257,1378,1332,1418,1404,1495,1719,1655,1324,1128,1045,1010,1118,1057,728,707,735,839,777,17.730756759643555,21.955516815185547,30.945756912231445,0.0,23.38554573059082,0.0,5.224822044372559,194.20416259765625,158.64697265625,242.80767822265625
760,-73.9927,40.765474,34.26257359406733,7.421066875977586,18.741885171246476,0.3172584549685944,0.21197241057389937,0.6908508716639231,0.07789679793191906,7.637623321085354,159,4182,423,262,292,273,238,235,215,274,280,185,195,177,187,153,103,151,145,130,264,5.9425402966495344e-12,25.21347999572754,8.983756447089597e-12,2.477912597331766e-10,5.410288655194794e-39,0.0,5.227414131164551,349.4486999511719,299.8289794921875,361.6966247558594
761,-74.013967,40.71701,38.793210206208414,9.56640582614475,13.89925483421043,0.58781984117296,0.07009802924262153,1.2858277780038339,0.29152057788990154,4.94680079707393,225,817,49,53,50,35,28,43,37,40,34,55,75,55,55,42,20,26,26,31,63,7.235557556152344,0.0,6.992079734802246,1.4522103409120996e-13,7.630595684051514,0.0,6.370693683624268,365.0147399902344,609.2816772460938,372.5155334472656
762,-73.952777,40.775181,39.46468504992397,7.06472649718776,11.254648909424292,0.39455764221422596,0.4068383664795846,0.625911264708548,0.05922353628909949,8.202880801576557,176,3072,232,280,216,173,203,225,222,186,142,134,157,120,126,152,76,127,105,115,81,25.922401428222656,13.347352027893066,19.39540672302246,0.0,26.13676643371582,0.0,5.094624996185303,365.07196044921875,306.7769470214844,424.629638671875
763,-73.988338,40.772608,39.78714224852482,6.821988359118881,14.008559470652724,0.28020435985171455,0.14043895121153235,1.1176185156084766,0.0897794810648497,6.980295068318065,197,4842,275,374,401,472,436,353,303,261,263,229,227,218,234,161,80,111,128,164,152,23.78766441345215,17.03226661682129,9.344432830810547,3.302057793863611e-10,13.306093215942383,0.0,5.544273376464844,518.207763671875,662.2158813476562,530.5291137695312
764,-73.986051,40.713362,29.44843613404997,16.582707605001442,15.421476287667003,0.39450578809740333,0.10331144037934922,0.7560069072150964,0.08800447601632974,6.185096509131641,291,19259,1165,1402,1262,1308,1232,1182,1330,1253,1175,1214,1146,1029,978,946,696,686,426,417,412,11.349048614501953,28.181352615356445,40.218421936035156,8.765279769897461,5.743841648101807,0.0,5.431917190551758,237.8771514892578,156.74989318847656,302.0498962402344
765,-73.930082,40.860951,20.071156161955038,26.061902101012485,16.268022252225325,0.13763559275660023,0.07846218416060524,0.5678251419944325,0.08466830198792205,5.182741318625965,145,5963,485,457,438,394,417,521,503,351,413,300,271,303,207,162,143,90,100,166,242,0.0,0.0,0.0,0.0,0.0,0.0,5.581827640533447,271.4306335449219,194.1496124267578,339.6644287109375
766,-73.989329,40.717329,31.526273648524228,9.368285181458559,17.95845669841534,0.45292916959219603,0.24749820829888036,1.3438760799213048,0.16224482923818623,5.807247649144082,274,22773,1049,1235,1229,1364,1568,1624,1822,1856,1647,1696,1366,1326,986,827,438,493,599,725,923,27.578323364257812,22.50629234313965,35.49138259887695,3.317927599333359e-10,36.19991683959961,0.0,5.393765449523926,273.7984619140625,244.76023864746094,280.74517822265625
767,-73.936073,40.848864,40.21265805472156,3.208510982792992,17.109947227135336,0.2887269283862824,0.2121769790108322,0.7142369065160727,0.10763274298773871,7.48360636104647,282,37133,2574,3040,2834,2549,2807,2445,2822,2442,1969,2072,1872,1752,1440,1204,726,904,1171,1171,1339,0.0,4.275081453309611e-27,0.0,0.0,2.8716756750313266e-10,0.0,5.45905065536499,238.39125061035156,185.15655517578125,280.7700500488281
768,-73.9927,40.765474,34.26257359406733,7.421066875977586,18.741885171246476,0.3172584549685944,0.21197241057389937,0.6908508716639231,0.07789679793191906,7.637623321085354,159,4182,423,262,292,273,238,235,215,274,280,185,195,177,187,153,103,151,145,130,264,5.9425402966495344e-12,25.21347999572754,8.983756447089597e-12,2.477912597331766e-10,5.410288655194794e-39,0.0,5.227414131164551,349.4486999511719,299.8289794921875,361.6966247558594
769,-74.007192,40.731006,36.663932222308524,9.071626605409566,15.853782885002365,0.4074281634706439,0.20214635675603693,1.0268946560946375,0.1460508866743608,5.401192751797761,275,15247,898,903,900,995,911,947,644,798,847,670,556,675,808,770,752,676,861,861,775,8.204730033874512,14.259380340576172,7.974505424499512,23.533519744873047,6.992957592010498,0.0,5.797836780548096,255.58120727539062,469.23370361328125,194.48049926757812
770,-73.993607,40.716231,39.19245653813427,6.4000203139973415,16.824168130771817,0.6006894463097434,0.33851850150835394,1.2356044697945137,0.11817608991734135,5.821733611120512,303,27340,1996,1939,1666,1583,1677,1677,1638,1794,1665,1577,1322,1504,1216,1110,766,882,974,1002,1352,16.181034088134766,23.707035064697266,34.75486755371094,1.4118822777575701e-10,24.94172477722168,0.0,5.643359184265137,386.61871337890625,312.84332275390625,394.03302001953125
771,-73.9927,40.765474,34.26257359406733,7.421066875977586,18.741885171246476,0.3172584549685944,0.21197241057389937,0.6908508716639231,0.07789679793191906,7.637623321085354,159,4182,423,262,292,273,238,235,215,274,280,185,195,177,187,153,103,151,145,130,264,5.9425402966495344e-12,25.21347999572754,8.983756447089597e-12,2.477912597331766e-10,5.410288655194794e-39,0.0,5.227414131164551,349.4486999511719,299.8289794921875,361.6966247558594
772,-73.9927,40.765474,34.26257359406733,7.421066875977586,18.741885171246476,0.3172584549685944,0.21197241057389937,0.6908508716639231,0.07789679793191906,7.637623321085354,159,4182,423,262,292,273,238,235,215,274,280,185,195,177,187,153,103,151,145,130,264,5.9425402966495344e-12,25.21347999572754,8.983756447089597e-12,2.477912597331766e-10,5.410288655194794e-39,0.0,5.227414131164551,349.4486999511719,299.8289794921875,361.6966247558594
773,-73.947151,40.817228,26.13938552181738,14.521926276537835,18.540295938245293,0.2335185096377418,0.07734298706054688,0.6587646445449518,0.10090879842537599,6.57253395132467,196,21671,1257,1328,1578,1383,1438,1402,1330,1234,1205,1223,1160,1023,966,963,682,889,943,807,860,16.44259262084961,18.533002853393555,13.3524808883667,0.0,20.433942794799805,0.0,5.352762222290039,183.8883514404297,268.7381896972656,199.284423828125
774,-73.989329,40.717329,31.526273648524228,9.368285181458559,17.95845669841534,0.45292916959219603,0.24749820829888036,1.3438760799213048,0.16224482923818623,5.807247649144082,274,22773,1049,1235,1229,1364,1568,1624,1822,1856,1647,1696,1366,1326,986,827,438,493,599,725,923,27.578323364257812,22.50629234313965,35.49138259887695,3.317927599333359e-10,36.19991683959961,0.0,5.393765449523926,273.7984619140625,244.76023864746094,280.74517822265625
775,-73.985608,40.774891,37.26865683478869,9.03266654617485,12.165435703321437,0.3906992660171683,0.1995070227261247,0.8962818945961439,0.08740685451989885,6.737496661043715,232,7479,424,486,492,563,559,584,480,477,576,483,461,428,392,381,106,133,125,161,168,28.83221435546875,18.551122665405273,7.259354591369629,1.9364593262238827e-10,21.382783889770508,0.0,5.349707126617432,587.4913940429688,506.5293884277344,670.7781372070312
776,-73.989329,40.717329,31.526273648524228,9.368285181458559,17.95845669841534,0.45292916959219603,0.24749820829888036,1.3438760799213048,0.16224482923818623,5.807247649144082,274,22773,1049,1235,1229,1364,1568,1624,1822,1856,1647,1696,1366,1326,986,827,438,493,599,725,923,27.578323364257812,22.50629234313965,35.49138259887695,3.317927599333359e-10,36.19991683959961,0.0,5.393765449523926,273.7984619140625,244.76023864746094,280.74517822265625
777,-73.945647,40.784112,29.64452555876298,11.570721680897448,17.94622620121848,0.27049494559894405,0.10348654703596791,0.8481153132456862,0.10406169247172128,7.813736695725139,227,8886,690,668,685,723,616,589,452,543,525,473,419,403,432,375,243,248,217,240,345,27.58731460571289,17.461891174316406,3.5080626010894775,0.0,26.298444747924805,0.0,5.3205695152282715,363.3171691894531,249.8202362060547,463.85723876953125
778,-73.923818,40.866381,27.614806066105015,10.864719704015933,19.955803505816863,0.26876463818905955,0.05745389568271922,0.5496281296459596,0.1132504857001613,7.71502665619352,134,17349,1258,1404,1247,1332,1423,1310,1144,1134,1571,808,939,801,600,504,259,265,296,487,567,0.0,0.0,0.0,0.0,0.0,0.0,5.21388578414917,235.49278259277344,141.6361846923828,324.73297119140625
779,-74.002222,40.742512,37.73528805710455,8.791075339995624,13.794530880678995,0.6364498421897808,0.18944183479195695,1.0383004595519632,0.10830581567849323,8.361159363116935,157,20594,1152,1034,1401,1347,938,974,1125,1530,1628,1527,1285,1115,964,902,521,716,793,829,813,3.2438371181488037,10.058759689331055,18.546998977661133,1.6475862264633179,23.710237503051758,0.0,5.325371742248535,351.7569274902344,489.5718688964844,227.2543487548828
780,-74.00254,40.743407,38.33717386384577,8.370583815592914,14.08879071816631,0.4921646410478029,0.17820190195836327,1.0671288574335676,0.11829873154446541,8.464573717665399,174,18536,1139,1005,1284,1268,818,885,984,1257,1114,1161,1093,1020,909,869,521,715,810,850,834,3.021566152572632,11.253153800964355,10.334840774536133,2.0066747665405273,20.482038497924805,0.0,5.306185722351074,349.533203125,491.2103576660156,225.04820251464844
781,-73.923818,40.866381,27.614806066105015,10.864719704015933,19.955803505816863,0.26876463818905955,0.05745389568271922,0.5496281296459596,0.1132504857001613,7.71502665619352,134,17349,1258,1404,1247,1332,1423,1310,1144,1134,1571,808,939,801,600,504,259,265,296,487,567,0.0,0.0,0.0,0.0,0.0,0.0,5.21388578414917,235.49278259277344,141.6361846923828,324.73297119140625
782,-73.984496,40.730009,32.4496280408185,12.3302456521908,14.321264110418221,0.5068478672148993,0.22650132426864136,0.895642675147384,0.10955449524436964,7.3998804268126115,199,9051,484,456,520,576,760,862,769,627,776,667,546,417,276,194,156,196,252,249,268,29.174230575561523,18.40900421142578,95.93584442138672,3.325666825260143e-11,44.775123596191406,0.0,5.166082859039307,265.716064453125,300.20220947265625,253.71087646484375
783,-74.013303,40.705688,48.461343765258796,7.218069235483803,8.334988435109459,0.8704651196797687,0.26116426785786945,1.5200906594594326,0.2329457600911458,5.709213018417361,400,6240,447,366,356,300,356,592,785,432,430,285,312,325,220,272,76,104,144,146,292,50.48634719848633,6.329300880432129,82.86019134521484,1.6681845791885475e-12,44.00634765625,566.6329956054688,6.1349406242370605,987.67333984375,1551.35107421875,520.8441772460938
784,-73.937833,40.825831,26.68373061791191,11.369900876376294,23.05546613966657,0.26976366323098827,0.09350751965774773,0.6411251008819423,0.1572548004835587,6.250975910246064,193,12142,833,935,1077,1029,917,733,735,703,696,712,734,528,435,353,239,297,311,375,500,12.958206176757812,11.512168884277344,13.789087295532227,1.0492237632840765e-28,9.378872871398926,0.0,5.479679107666016,218.6693572998047,122.82452392578125,312.2959289550781
785,-73.935815,40.839139,24.20628335740831,14.27500000706426,20.847745824743203,0.17482598622639975,0.23903846740722656,0.6222733744868526,0.09811224760832611,6.416431532965766,180,23510,1401,1699,1803,1701,1485,1411,1313,1734,1543,1508,1248,1085,990,770,632,801,738,803,845,3.1941845417022705,0.0,1.086124300956726,0.0,2.5728413843850717e-10,0.0,5.97093391418457,192.67779541015625,182.43479919433594,234.9499053955078
786,-73.984116,40.718121,30.542806535959237,10.021744420131052,19.889782990018524,0.4208321372667948,0.21321463088194528,0.8834286282459891,0.12801562746365863,5.994413048028946,256,28652,1516,1770,1565,1739,1717,1759,1902,1773,1662,1718,1526,1394,1294,1270,796,1059,1386,1285,1521,24.774885177612305,22.936660766601562,9.288468360900879,14.171958923339844,34.266639709472656,0.0,5.454627513885498,254.382568359375,201.29547119140625,288.4428405761719
787,-73.930082,40.860951,20.071156161955038,26.061902101012485,16.268022252225325,0.13763559275660023,0.07846218416060524,0.5678251419944325,0.08466830198792205,5.182741318625965,145,5963,485,457,438,394,417,521,503,351,413,300,271,303,207,162,143,90,100,166,242,0.0,0.0,0.0,0.0,0.0,0.0,5.581827640533447,271.4306335449219,194.1496124267578,339.6644287109375
788,-73.935815,40.839139,24.20628335740831,14.27500000706426,20.847745824743203,0.17482598622639975,0.23903846740722656,0.6222733744868526,0.09811224760832611,6.416431532965766,180,23510,1401,1699,1803,1701,1485,1411,1313,1734,1543,1508,1248,1085,990,770,632,801,738,803,845,3.1941845417022705,0.0,1.086124300956726,0.0,2.5728413843850717e-10,0.0,5.97093391418457,192.67779541015625,182.43479919433594,234.9499053955078
789,-73.937263,40.836982,25.086589411002436,13.818765659721537,20.637446682469374,0.17087735286375288,0.2049040632183049,0.6409192571834643,0.08622610650095,6.431572777884346,196,11781,912,900,940,992,851,842,743,946,956,658,630,532,357,284,199,333,189,216,301,4.852200984954834,0.0,1.0854681730270386,0.0,0.4039233922958374,0.0,5.874285697937012,203.0546112060547,167.43093872070312,270.2920227050781
790,-73.950146,40.798461,23.396405895936837,20.196073803701054,16.993181759485527,0.30909170996409796,0.06714422725936742,0.7145600797289011,0.11841085736419776,4.733323742270856,206,24591,2033,2144,1699,2003,1856,1973,1795,1683,1431,1304,1386,1243,720,675,367,441,582,577,679,2.4994893074035645,12.983501434326172,3.3199212551116943,0.0,15.185867309570312,0.0,5.37076997756958,225.80865478515625,128.64071655273438,321.6488037109375
791,-73.982472,40.729152,29.124019090519372,17.4091102540955,13.447589726411094,0.5064715895541879,0.22139024364855864,0.9102215138516685,0.10812522829041,6.837160273115765,215,9913,528,568,666,654,865,845,812,637,744,713,557,421,276,247,166,225,331,317,341,40.37399673461914,21.785451889038086,112.30480194091797,0.0,45.69633102416992,0.0,5.336997985839844,232.9482421875,231.83311462402344,239.9710235595703
792,-73.945647,40.784112,29.64452555876298,11.570721680897448,17.94622620121848,0.27049494559894405,0.10348654703596791,0.8481153132456862,0.10406169247172128,7.813736695725139,227,8886,690,668,685,723,616,589,452,543,525,473,419,403,432,375,243,248,217,240,345,27.58731460571289,17.461891174316406,3.5080626010894775,0.0,26.298444747924805,0.0,5.3205695152282715,363.3171691894531,249.8202362060547,463.85723876953125
793,-73.986051,40.713362,29.44843613404997,16.582707605001442,15.421476287667003,0.39450578809740333,0.10331144037934922,0.7560069072150964,0.08800447601632974,6.185096509131641,291,19259,1165,1402,1262,1308,1232,1182,1330,1253,1175,1214,1146,1029,978,946,696,686,426,417,412,11.349048614501953,28.181352615356445,40.218421936035156,8.765279769897461,5.743841648101807,0.0,5.431917190551758,237.8771514892578,156.74989318847656,302.0498962402344
794,-73.971011,40.791395,36.709130359178964,9.257756017189658,11.555496588157249,0.3468216673006231,0.30492831769349604,0.6954182577396624,0.10412156472109517,7.560887872404374,181,11066,638,848,915,865,840,697,629,679,679,770,578,449,408,294,247,351,417,436,326,22.175947189331055,18.75778579711914,0.03725970908999443,2.411328515333766e-12,21.101747512817383,0.0,5.231491565704346,263.20513916015625,239.2794189453125,286.61517333984375
795,-73.977602,40.780536,35.99516051684239,12.427195652510774,10.540717886399852,0.46811196231102764,0.24311671885409095,0.8845155553300251,0.13407071431477866,7.527095033216844,172,3258,284,363,258,299,237,226,174,173,170,185,171,119,107,98,68,70,118,68,70,1.618382215499878,18.243175506591797,8.473320960998535,0.0,28.22596549987793,0.0,5.090200424194336,235.2756805419922,247.11009216308594,213.68099975585938
796,-73.93374,40.799265,24.277918937646945,14.594295766869621,21.257050832112633,0.2509219574890619,0.09933715747995964,0.8222903873871478,0.08944289944183205,7.159018102227039,211,19072,1202,1560,1709,1408,1554,1299,1626,1190,1177,833,876,934,691,562,397,510,441,554,549,12.259552001953125,6.461846351623535,4.347782611846924,0.0,11.198970794677734,0.0,5.373276710510254,193.83926391601562,155.05377197265625,230.22813415527344
797,-73.956814,40.819793,33.42918554941813,6.905721911677607,20.626440578036835,0.26487191518147785,0.21704638445818866,0.8078757038822881,0.09587217260290076,5.702158610026042,180,12287,914,975,891,1062,857,976,1019,1062,784,713,604,399,329,251,202,329,272,281,367,12.958909034729004,22.05758285522461,36.756351470947266,4.738241591618897e-13,22.265222549438477,0.0,5.449026107788086,282.7135925292969,169.97296142578125,381.8205261230469
798,-73.940919,40.785559,27.161486827544056,11.841666785469892,22.145163171772833,0.19208091308890757,0.09435806831304175,0.8942870908119962,0.08128785738979813,7.107068964454668,137,12210,1029,1034,1071,958,849,758,662,840,925,842,585,552,416,305,260,272,219,289,344,11.666448593139648,27.03655242919922,1.040423035621643,0.0,17.723657608032227,0.0,5.806911945343018,157.944580078125,152.77670288085938,187.9241485595703
799,-73.939921,40.837994,28.36742107488384,9.786941982815708,19.648404357583328,0.24169132891428993,0.17598418985185532,0.7268518807897605,0.12115864070703386,7.010396704616316,249,20647,1410,1554,1658,1921,1599,1556,1337,1668,1629,1262,1024,896,599,448,277,482,326,468,533,8.161515235900879,0.0,1.085960030555725,0.0,2.464578866958618,0.0,5.429695129394531,218.88607788085938,162.31936645507812,278.2750244140625
800,-73.995534,40.739145,43.45283441140618,3.6688925514758473,14.582506591725242,0.8106186916011039,0.23721708378321688,0.9268532336597711,0.04654333625041263,8.146395705675294,142,11847,793,808,814,941,916,797,805,794,704,635,639,542,478,376,220,231,314,468,572,8.305191040039062,20.189308166503906,42.504981994628906,0.0,15.226478576660156,0.0,5.288086891174316,529.639892578125,813.9434814453125,245.48765563964844
801,-73.940871,40.806139,34.56604165374917,9.232751486372901,19.024161855169492,0.26725654669329396,0.11953357245766505,0.815106615608121,0.14872626652793278,6.118769368166646,189,43015,2411,3103,2912,3454,3586,2905,3162,3497,3285,2448,2035,1914,1580,1465,915,848,710,1665,1120,25.924827575683594,18.359086990356445,0.5428980588912964,0.0,13.989078521728516,0.0,5.324649333953857,177.36561584472656,175.7126922607422,165.07376098632812
802,-74.002407,40.708774,42.47227429810254,6.513260941644111,15.738242637924428,0.5248566868587896,0.2789682989952549,1.320936429153886,0.10771271366401007,4.143219932880445,298,3413,203,260,225,224,261,202,244,181,257,195,215,179,146,118,75,70,85,120,153,19.537513732910156,0.8243035674095154,58.443389892578125,1.0912464508405773e-11,22.019216537475586,291.8897399902344,5.974233627319336,405.10772705078125,538.1627807617188,285.5204162597656
803,-73.942074,40.833695,26.307428258020185,12.4379075548184,19.911934444739384,0.20871207399188343,0.1134719488755712,0.6075301260318396,0.1102874863822505,6.655609532722137,212,16517,1017,1214,1365,1631,1459,1380,1070,1380,1269,866,791,686,423,386,232,360,289,331,368,12.616715431213379,2.6243749387328292e-28,2.0102317333221436,0.0,11.951218605041504,0.0,5.318932056427002,221.00634765625,139.03994750976562,297.3467712402344
804,-73.981329,40.738374,36.493026595754706,9.294954444124935,13.597377796762997,0.3341007888112282,0.131367817777129,0.7732958318441595,0.06635410269511115,8.567833490797744,194,26217,932,1014,1037,1307,1369,1757,1756,1963,2165,2139,1617,1496,1256,1173,854,894,1155,1120,1213,19.638540267944336,16.667356491088867,85.66022491455078,4.525372505187988,36.946983337402344,0.0,5.206549167633057,549.598388671875,727.2847900390625,370.3122863769531
805,-73.930991,40.849311,30.12823091331103,9.629901858931737,21.59158436119134,0.3654746468185532,0.22328099460466533,0.9134383235417359,0.09826092009848739,6.9109238969518785,235,18973,1376,1653,1622,1504,1497,1310,1685,1363,1029,1164,914,789,493,425,244,263,403,486,753,0.0,8.04887580871582,0.0,0.0,2.5791116464723984e-10,0.0,5.786365985870361,247.11190795898438,250.82540893554688,237.342529296875
806,-73.938347,40.813532,27.30694994514371,10.47084979069086,21.2996357752953,0.27449793285793733,0.19989101975052445,0.7716196554678456,0.09487823203757957,6.445475566534348,216,17009,1096,1275,1275,1053,1278,1266,1265,1548,1429,933,1018,832,501,403,262,382,348,377,468,30.309396743774414,17.557302474975586,6.514825344085693,0.0,12.477801322937012,0.0,5.528780460357666,188.3123016357422,140.82070922851562,253.1207275390625
807,-73.948088,40.802649,27.929440091278405,11.29477876343878,19.506418651045713,0.2756797709975668,0.11565782365755797,0.8442763649320533,0.16277695852886678,6.150556797355549,221,16534,1428,1244,1166,1393,1228,1588,1224,1214,1083,854,919,703,415,419,307,334,374,289,352,13.630636215209961,13.255526542663574,2.1722443103790283,0.0,22.997621536254883,0.0,5.286713123321533,188.38421630859375,143.47537231445312,243.8414764404297
808,-73.945368,40.82884,29.650149702214865,9.739347217845266,18.890840991013718,0.1966693774372542,0.11954242680348508,0.5380046610929526,0.08846934960812938,7.1039120356241865,196,21713,1552,2094,1735,1996,1459,1421,1340,1396,1317,1114,992,717,674,692,483,569,844,655,663,20.677406311035156,5.890806198120117,3.775432586669922,0.0032419925555586815,8.03403091430664,0.0,5.253663539886475,198.19329833984375,134.4314727783203,258.13836669921875
809,-73.95357,40.816158,30.168908335095853,11.19594080987886,19.12089516134823,0.3300807905282141,0.19173341638901653,0.7866912134615921,0.09633300563655861,6.5585481504280505,187,19912,1173,1279,1217,1204,1212,1320,1398,1445,1143,947,1006,958,1030,976,676,694,709,804,721,19.254236221313477,24.79075813293457,27.407310485839844,0.0,22.070730209350586,0.0,5.302694320678711,205.43211364746094,186.79405212402344,258.44451904296875
810,-73.996499,40.758759,42.155707381193146,3.786307758326152,17.769165142023287,0.369440817479019,0.1797090496933251,1.0064497006888655,0.07467565909731887,7.13886822122633,247,7132,658,546,488,319,334,334,323,487,440,385,476,380,388,307,168,199,179,298,423,9.716139793395996,14.490277290344238,14.038201332092285,0.0,24.636381149291992,0.0,5.247015476226807,401.2240905761719,314.2869567871094,429.9570617675781
811,-73.992832,40.747398,47.11028536160787,3.677883633860835,11.118972301483153,0.8610672420925563,0.3621253702375624,1.1235800054338245,0.10213675322356047,8.467467625935875,144,26041,2027,1741,1447,1742,2031,1635,1787,1901,1824,1579,1245,1126,1333,962,418,508,743,915,1077,12.395950317382812,8.961475372314453,28.838659286499023,2.3949883742879763e-10,31.05197525024414,0.0,5.52557897567749,739.5528564453125,1512.9942626953125,268.9874267578125
812,-73.978254,40.727537,29.049397141279638,15.244623318877318,14.79113113703986,0.39486282173244436,0.11609927774062885,0.8323890235036463,0.10714726690784072,7.602867665157726,203,8503,929,754,586,551,637,595,536,463,410,507,471,346,272,257,158,204,277,288,262,29.809539794921875,19.824052810668945,57.88007736206055,0.0,29.27842140197754,0.0,5.5355000495910645,202.68128967285156,135.17190551757812,265.6824951171875
813,-73.955722,40.810793,29.246836303049314,12.745876234721365,17.276995356489973,0.20711622264004015,0.10051494691430068,0.5134103097889806,0.07332424484294281,7.514366806361087,246,29454,1594,1901,2130,2294,2389,1999,2111,2165,1900,1821,1527,1334,1075,893,602,761,970,971,1017,13.337076187133789,19.041519165039062,5.140162944793701,0.0,23.975830078125,0.0,5.309904098510742,305.5132141113281,287.4034423828125,314.0073547363281
814,-73.986214,40.72444,31.467507958026392,10.561789972496651,15.815648909139785,0.3814342338290415,0.2443085210608819,0.8589280076011484,0.14826611021961594,8.060217366635221,206,20086,926,1142,1333,1344,1360,1418,1359,1175,1041,948,1102,874,901,782,549,803,1039,1064,926,38.97776412963867,16.08376121520996,112.34947204589844,13.560586929321289,49.07354736328125,0.0,5.106017112731934,247.00665283203125,207.3633270263672,285.3396301269531
815,-73.981597,40.72313,30.752942377469353,13.012297627099038,15.111557160965125,0.3640778538353917,0.22410206521801676,0.6809188059283428,0.11184480455186632,8.458514968152802,198,13573,1220,1104,911,902,872,1031,840,756,774,788,808,636,563,458,312,406,417,375,400,11.835841178894043,21.479211807250977,33.618919372558594,13.563916206359863,30.378372192382812,0.0,5.272164821624756,211.79031372070312,160.07240295410156,269.4408264160156
816,-73.921631,40.865575,31.58632103054003,6.489928673053609,20.336231801701686,0.2900511642982219,0.6283117710858925,0.7010319589198322,0.119610490470097,6.804152302358343,145,20181,1309,1542,1471,1477,1618,1524,1368,1329,1841,1012,1140,928,724,555,275,300,321,655,792,0.0,0.0,0.0,0.0,0.0,0.0,5.147397041320801,263.1791687011719,144.40455627441406,362.7012939453125
817,-73.947599,40.826514,30.886797655641647,8.937389866199368,18.040152312883368,0.22024422689201006,0.20369797750236163,0.5405759499743095,0.10836077671425015,7.0506477667615295,204,31093,2070,2666,2359,2671,2003,2118,2188,2497,2215,1909,1352,1039,796,816,543,753,1097,909,1092,21.037261962890625,9.74141788482666,5.717732906341553,13.23856258392334,12.238458633422852,0.0,5.142857074737549,203.24974060058594,130.62451171875,273.2356262207031
818,-73.95552,40.815747,33.00600529540594,9.980571990597843,17.448854693477017,0.27933285438129113,0.22829678392163213,0.7594721304937967,0.0843110685727345,7.4039869357884855,193,22126,1257,1378,1332,1418,1404,1495,1719,1655,1324,1128,1045,1010,1118,1057,728,707,735,839,777,17.730756759643555,21.955516815185547,30.945756912231445,0.0,23.38554573059082,0.0,5.224822044372559,194.20416259765625,158.64697265625,242.80767822265625
819,-73.95202,40.814914,27.95426841345624,13.108193432843244,18.713386138700724,0.32703056537285047,0.07685807646897735,0.7089179239155337,0.09932644152767443,6.691227430178796,189,18292,1023,1046,1117,1134,1151,1183,1239,1222,1102,967,1001,888,899,952,641,610,676,767,674,19.559280395507812,24.253177642822266,21.786174774169922,0.0,20.275211334228516,0.0,5.385554790496826,216.23716735839844,176.3625946044922,282.2337341308594
820,-73.942285,40.792556,29.292878488294114,10.245250520252046,18.722624357054833,0.36888625346073484,0.31852592416361075,0.5396886747710559,0.06495608764440834,7.131769867981373,196,21043,1553,1394,1376,1652,1694,1585,1669,1536,1364,1326,1312,1030,838,639,368,285,312,541,569,24.53497314453125,16.942323684692383,1.1828932762145996,0.0,21.0257568359375,0.0,5.161886215209961,198.9884490966797,170.612060546875,238.81497192382812
821,-73.911924,40.871132,30.286513546056916,6.077511436060854,25.634797748766452,0.16119003295898438,0.29097439949972587,0.8140333075272409,0.11754420765659265,8.006198615358587,95,989,57,65,67,85,80,43,87,52,79,76,57,42,47,40,9,16,10,49,28,0.0,0.0,0.0,0.0,0.0,0.0,5.150000095367432,100.35652160644531,62.67646026611328,137.3565216064453
822,-73.987064,40.735361,37.16062540295479,9.928092600285323,14.415990758216248,0.7005322938677907,0.2703329612468851,0.9341596186846151,0.15868825474004636,7.483866433987672,232,42744,1720,1933,2047,2310,2615,3249,3162,3253,3322,3290,2439,2346,1877,1605,979,1142,1650,1687,2118,11.339319229125977,20.57551383972168,19.38724136352539,2.9523161693134625e-10,15.633920669555664,0.0,5.368772029876709,501.973876953125,686.9572143554688,305.0345153808594
823,-73.944546,40.796098,33.462282610528256,10.03289811405135,17.986615057344792,0.3396982028160567,0.24167078512686266,0.6733073128594292,0.11418866522518203,6.342034722551888,216,34295,2153,2081,2149,2519,2770,2875,2973,2772,2313,2254,2354,1882,1032,781,489,468,617,907,906,26.85845184326172,14.903850555419922,0.5437195301055908,0.0,20.863365173339844,0.0,5.010251522064209,228.99075317382812,165.6231231689453,297.7029724121094
824,-74.005058,40.72463,38.9494433649269,6.084670595160111,13.86250587696201,0.3333725280045344,0.17143191306244038,1.1495416712872861,0.12071916195148594,6.353078873504496,284,7967,373,769,707,803,658,554,514,672,596,485,416,310,211,186,137,110,114,145,207,0.09394974261522293,21.285104751586914,1.1152317523956299,1.1610358953475952,0.0031118243932724,0.0,5.558588981628418,311.30963134765625,595.938720703125,117.83287811279297
825,-73.935895,40.797507,29.13341418330706,9.169550087457127,20.181103002012165,0.22954982350334885,0.20556792714237387,0.47097777489223763,0.05325346470918011,7.680291651640584,153,21876,1338,1682,1746,1666,1603,1428,1616,1364,1437,1043,1133,1063,893,837,431,558,684,732,622,11.27401065826416,11.210270881652832,4.300938606262207,0.0,17.1142578125,6.1869288234060864e-30,5.146275043487549,182.6328582763672,149.13528442382812,218.92762756347656
826,-73.986038,40.72004,30.789441136237517,8.100580856243141,19.449333130843993,0.4011538397921665,0.21266999832914257,1.0479089781993955,0.169308229381331,6.128271107911438,254,22893,1297,1361,1281,1438,1594,1838,1792,1667,1438,1540,1341,1186,983,857,396,445,667,757,1015,16.231159210205078,17.504629135131836,13.898431777954102,20.85712242126465,43.320430755615234,0.0,5.288444995880127,253.00648498535156,216.9986114501953,268.0334777832031
827,-73.919949,40.818645,30.788696212256507,6.749153350556989,21.70521119563638,0.4749336498695733,0.21399854280271255,0.6653698232083246,0.09577941041131414,7.00016107068499,149,32020,2036,1740,1703,2225,2269,2048,2223,2132,2394,2428,1646,1361,1207,1517,638,546,884,1201,1822,9.972200842867096e-11,7.656449794769287,2.0177349374650433e-11,0.0,3.6187288517293414e-13,0.0,4.790200233459473,212.8154296875,231.82437133789062,229.58485412597656
828,-73.945603,40.80669,29.0742323739188,8.769854954310823,20.725428444998606,0.28072865804036445,0.11139460972377233,0.8089863005138578,0.18522716703869044,6.837728591192338,175,27132,1498,1766,1853,2488,2136,2084,2168,2148,2162,1409,1475,1123,680,616,349,639,829,856,853,18.21354103088379,19.437524795532227,2.6268657388195393e-12,0.0,14.45832633972168,0.0,5.328452110290527,183.4748077392578,166.25608825683594,184.5338592529297
829,-73.945101,40.789174,29.71526600464047,12.842972236767146,16.809341782017757,0.3372401521916975,0.26769219783314485,0.6462580976430436,0.06216645937914039,7.911946341308237,228,31348,2056,1997,2079,2149,2190,2011,1753,2052,2017,1902,1666,1501,1575,1311,957,897,1040,1022,1173,8.091020584106445,24.442455291748047,1.517318606376648,0.0,13.756412506103516,0.0,5.0846662521362305,216.75885009765625,173.88638305664062,257.8130187988281
830,-73.937717,40.807581,31.60469987657336,9.169872566505711,21.355918884277344,0.22725253634982642,0.12176654956958913,0.7113537258572049,0.10639967741789641,5.938441523799191,225,36977,2474,2730,2569,2707,2962,2255,2626,3126,2848,2264,1681,1515,1458,1294,764,732,524,1440,1008,27.522857666015625,17.10333251953125,8.900385636834152e-12,0.0,11.01226806640625,0.0,5.461498260498047,177.96286010742188,189.71917724609375,178.52645874023438
831,-73.935461,40.805653,29.515425223516495,8.100793635950678,24.59238623447475,0.22423246265512653,0.09447761693183651,0.7099062995573061,0.11780887930090798,5.901198682531845,226,43336,2891,3209,2951,3172,3651,2666,3205,3762,3453,2562,1736,1636,1711,1579,1004,877,542,1631,1098,21.7025203704834,17.753759384155273,2.8358228959524112e-11,0.0,12.301045417785645,0.0,5.409116268157959,184.0031280517578,184.43692016601562,178.72109985351562
832,-73.942154,40.785107,26.067056636381242,12.200939435900358,21.78382776022445,0.20264526086350892,0.10486907022862346,0.8443130305939657,0.07989762507089565,6.866587695412352,163,9661,808,816,888,790,701,569,467,634,652,597,449,377,392,289,218,247,150,263,354,13.37751293182373,26.975357055664062,1.6471067667007446,0.0,18.36569595336914,0.0,5.660340309143066,187.83807373046875,165.46376037597656,220.98101806640625
833,-73.955583,40.801573,29.25401035944622,13.92990493774414,16.471846898396812,0.22090307871500653,0.1340525945027669,0.6965093612670897,0.10735607147216795,5.688080628712971,200,19586,2022,1676,1713,1646,1559,1438,1677,1671,1357,931,943,615,382,331,255,282,365,376,347,6.551985740661621,14.568934440612793,3.736917734146118,0.0,20.625856399536133,0.0,5.3617424964904785,220.732421875,159.3700714111328,279.9980163574219
834,-73.945776,40.82477,31.434376710126188,9.858287434999635,17.456925807356026,0.20103341057187038,0.15296806283548575,0.6021979714737458,0.13852362730065168,7.189522470746722,196,21961,1527,1726,1693,1901,1521,1584,1659,1948,1703,1542,1107,764,542,532,285,414,461,490,562,20.86516761779785,10.611631393432617,3.262901782989502,13.879523277282715,7.758864879608154,0.0,5.3462748527526855,189.99929809570312,117.6181640625,259.2931823730469
835,-73.945838,40.814917,27.486657614659777,13.007474668098219,18.34110202211322,0.26039226287944556,0.09045938048699889,0.6460806336065735,0.0826167739200271,6.467775704483392,198,27859,1780,1754,2129,1923,1914,1971,1650,1655,1586,1553,1489,1213,1153,1150,779,1054,1119,934,1053,20.62436294555664,15.436027526855469,9.570134162902832,0.0,18.583972930908203,0.0,5.270723819732666,188.36915588378906,163.15133666992188,220.1315460205078
836,-73.960761,40.811107,32.162700248227885,17.257188218235083,13.113755424282832,0.27578194223355457,0.044371657663753034,0.8286065584875547,0.0889324821164255,6.441478700737605,223,3193,283,247,241,278,309,289,240,193,147,125,126,110,116,109,64,65,46,115,90,19.980152130126953,18.432186126708984,4.982100009918213,1.2857292270782028e-12,24.69820785522461,0.0,5.294439315795898,446.54443359375,867.2223510742188,357.1188049316406
837,-73.91754,40.87028,26.43300400299279,16.75213188811495,18.107814096809786,0.1481573057282809,0.3894676156595451,0.8026933994422965,0.1359548157845495,8.515860974923825,147,2523,123,152,148,184,163,205,175,131,175,144,156,158,136,86,37,39,48,119,144,0.0,0.0,0.0,0.0,0.0,0.0,5.366919994354248,193.66531372070312,90.28363800048828,261.5302734375
838,-74.015929,40.704892,38.115874878083815,13.386446345936172,12.811868552005652,0.8780864754108465,0.11589917269620029,1.4615166789353502,0.30309041341145837,4.452464845445419,330,4219,358,285,241,234,286,418,372,344,243,227,265,245,153,131,48,68,65,56,180,22.155441284179688,6.023449420928955,38.93731689453125,5.089882506581489e-07,24.409074783325195,583.514892578125,6.498327732086182,956.8385620117188,1298.2216796875,774.74462890625
839,-74.00254,40.743407,38.33717386384577,8.370583815592914,14.08879071816631,0.4921646410478029,0.17820190195836327,1.0671288574335676,0.11829873154446541,8.464573717665399,174,18536,1139,1005,1284,1268,818,885,984,1257,1114,1161,1093,1020,909,869,521,715,810,850,834,3.021566152572632,11.253153800964355,10.334840774536133,2.0066747665405273,20.482038497924805,0.0,5.306185722351074,349.533203125,491.2103576660156,225.04820251464844
840,-73.990318,40.763655,38.49343420445234,8.159825116738505,12.437887520625676,0.5478521325122351,0.36642403438173493,0.9019555716679014,0.088989213965405,7.847009856125404,145,9933,738,585,595,699,874,945,726,636,611,406,407,486,424,284,180,278,248,259,552,3.2640043012149844e-12,21.625226974487305,9.324256644571705e-12,3.382336355439719e-10,2.7960824627859537e-11,0.0,4.938997745513916,366.1898498535156,399.99578857421875,319.229736328125
841,-73.993607,40.716231,39.19245653813427,6.4000203139973415,16.824168130771817,0.6006894463097434,0.33851850150835394,1.2356044697945137,0.11817608991734135,5.821733611120512,303,27340,1996,1939,1666,1583,1677,1677,1638,1794,1665,1577,1322,1504,1216,1110,766,882,974,1002,1352,16.181034088134766,23.707035064697266,34.75486755371094,1.4118822777575701e-10,24.94172477722168,0.0,5.643359184265137,386.61871337890625,312.84332275390625,394.03302001953125
842,-74.012465,40.708971,48.70828408135308,6.97530280219184,6.9020180596245675,1.047953372531467,0.306233639187283,1.8665989345974392,0.23075493706597225,5.044900173611111,375,13350,771,989,956,892,833,1259,1363,836,884,803,741,443,532,633,155,107,266,385,502,52.937191009521484,8.058959749535077e-12,121.53004455566406,1.3913177251815796,50.138248443603516,583.7799072265625,6.3681159019470215,824.7089233398438,1256.340576171875,389.99169921875
843,-74.005473,40.711321,44.49311125512216,8.276869362475827,10.698659092772244,0.8517601910759421,0.32118161519368493,1.3739580266615923,0.1686524409873813,5.164577353234383,340,8619,304,470,481,628,657,970,569,774,725,595,460,364,330,271,144,137,157,215,368,18.40350341796875,0.5876362919807434,95.51880645751953,1.1008262877643116e-11,21.521041870117188,2.1625886859055754e-08,5.852458953857422,627.6922607421875,896.5557250976562,315.4151916503906
844,-73.987064,40.735361,37.16062540295479,9.928092600285323,14.415990758216248,0.7005322938677907,0.2703329612468851,0.9341596186846151,0.15868825474004636,7.483866433987672,232,42744,1720,1933,2047,2310,2615,3249,3162,3253,3322,3290,2439,2346,1877,1605,979,1142,1650,1687,2118,11.339319229125977,20.57551383972168,19.38724136352539,2.9523161693134625e-10,15.633920669555664,0.0,5.368772029876709,501.973876953125,686.9572143554688,305.0345153808594
845,-73.98861,40.767848,39.834524712435794,6.86641490288795,12.533851537723969,0.3859810546375735,0.19879194856421348,0.6844050557579242,0.06066655820132766,6.900478043195416,163,16701,813,855,800,843,779,748,612,830,904,831,898,990,1073,945,707,979,941,987,1166,4.8612953940097015e-12,16.379243850708008,0.010718731209635735,3.406841753150758e-10,3.792230765520266e-11,0.0,5.131062984466553,413.16180419921875,545.463134765625,425.795654296875
846,-73.827642,40.831829,17.028024361568423,11.453851064046228,32.032853252482866,0.09767064508402122,0.07993770095537293,1.084856717091686,0.1763751671749091,5.103107368421256,106,14491,805,791,885,906,672,636,858,891,916,710,723,729,748,791,495,556,665,783,931,11.314949035644531,0.0,2.268216609954834,0.0,15.473443984985352,0.0,4.132167339324951,54.784523010253906,53.30081558227539,58.35118865966797
847,-73.974483,40.786134,35.751459668960244,9.328610384011569,12.439365427202313,0.37460246669592234,0.2094610833920507,0.7780604221649812,0.08105708576958894,7.68869858753832,158,11778,766,770,787,798,628,568,643,663,755,629,567,665,636,535,374,477,542,490,485,16.23419761657715,8.840703964233398,8.927979469299316,1.4974642619652867e-12,25.881458282470703,0.0,5.060836315155029,246.3957977294922,257.36822509765625,252.14854431152344
848,-73.974483,40.786134,35.751459668960244,9.328610384011569,12.439365427202313,0.37460246669592234,0.2094610833920507,0.7780604221649812,0.08105708576958894,7.68869858753832,158,11778,766,770,787,798,628,568,643,663,755,629,567,665,636,535,374,477,542,490,485,16.23419761657715,8.840703964233398,8.927979469299316,1.4974642619652867e-12,25.881458282470703,0.0,5.060836315155029,246.3957977294922,257.36822509765625,252.14854431152344
849,-73.974483,40.786134,35.751459668960244,9.328610384011569,12.439365427202313,0.37460246669592234,0.2094610833920507,0.7780604221649812,0.08105708576958894,7.68869858753832,158,11778,766,770,787,798,628,568,643,663,755,629,567,665,636,535,374,477,542,490,485,16.23419761657715,8.840703964233398,8.927979469299316,1.4974642619652867e-12,25.881458282470703,0.0,5.060836315155029,246.3957977294922,257.36822509765625,252.14854431152344
850,-73.98259,40.732665,29.30571803340204,19.642354588449738,12.206305044668692,0.4874523775077162,0.14287807323314525,0.8851426913414473,0.10992733048804013,7.37075216976213,270,7359,328,362,404,480,589,653,546,553,656,547,393,344,210,184,155,196,265,213,281,28.91868782043457,17.11370277404785,46.2581672668457,2.1031741886251565e-12,41.43260192871094,0.0,5.3835015296936035,281.814208984375,344.1652526855469,242.49725341796875
851,-73.988665,40.761327,44.7334058549669,6.320613861083984,8.357631047566732,1.1492830912272134,0.44997829861111116,1.326288011338976,0.09892951117621528,8.193815231323244,150,14991,1009,976,995,1154,1170,1209,1057,911,939,698,823,852,600,368,215,347,401,505,762,1.177189830059433e-07,12.897462844848633,3.806279380569322e-08,3.4134903237337255e-10,1.6363612413406372,0.0,5.174386978149414,484.1248474121094,770.2445678710938,345.858642578125
852,-73.985723,40.741888,41.79548378902816,8.259961574892454,13.617844185916347,0.6689240660848494,0.21183695303572211,1.1781577151871259,0.07488878467414953,6.576121473781839,237,10231,465,719,812,794,776,922,845,789,657,815,639,487,281,215,128,115,129,202,441,22.7471866607666,18.482975006103516,66.04149627685547,1.3054431676864624,32.8082275390625,0.0,5.317474842071533,724.4732666015625,1221.8231201171875,298.9250183105469
853,-74.002222,40.742512,37.73528805710455,8.791075339995624,13.794530880678995,0.6364498421897808,0.18944183479195695,1.0383004595519632,0.10830581567849323,8.361159363116935,157,20594,1152,1034,1401,1347,938,974,1125,1530,1628,1527,1285,1115,964,902,521,716,793,829,813,3.2438371181488037,10.058759689331055,18.546998977661133,1.6475862264633179,23.710237503051758,0.0,5.325371742248535,351.7569274902344,489.5718688964844,227.2543487548828
854,-73.985323,40.739121,41.013311809963646,6.940914941212486,15.78250022161575,0.4425241076757037,0.2100451030428447,1.0646344744969927,0.1022232903374566,7.599558905949671,210,27764,1002,1149,1194,1330,1384,1860,1959,2108,2303,2316,1745,1566,1282,1182,851,889,1154,1142,1348,17.970359802246094,17.674884796142578,45.353431701660156,1.6288498327909906e-10,28.791227340698242,0.0,5.30067253112793,658.7667846679688,1056.695068359375,333.9356384277344
855,-74.002222,40.742512,37.73528805710455,8.791075339995624,13.794530880678995,0.6364498421897808,0.18944183479195695,1.0383004595519632,0.10830581567849323,8.361159363116935,157,20594,1152,1034,1401,1347,938,974,1125,1530,1628,1527,1285,1115,964,902,521,716,793,829,813,3.2438371181488037,10.058759689331055,18.546998977661133,1.6475862264633179,23.710237503051758,0.0,5.325371742248535,351.7569274902344,489.5718688964844,227.2543487548828
856,-73.954152,40.80261,31.417018101539156,8.143813227429803,18.368251235396777,0.28033197661976755,0.1692130241864993,0.7593394797525287,0.10847780439588758,6.201756589206648,216,24414,2394,2000,1928,2007,1848,1936,2083,2117,1636,1213,1215,804,507,472,349,392,549,489,475,17.623340606689453,13.059540748596191,4.701991081237793,0.0,15.02448844909668,0.0,5.195374965667725,209.56019592285156,152.8369140625,264.0848083496094
857,-73.953276,40.770288,40.07839846187795,6.945685851268279,11.55279712564141,0.40633899455474914,0.43075305705474914,0.6007324309038693,0.0834145254402236,8.64254878117488,169,2642,245,242,180,167,162,182,171,143,117,123,135,126,94,113,70,122,90,73,87,3.7468369007110596,18.456594467163086,0.6062942147254944,0.0,17.553953170776367,0.0,5.181568622589111,378.8013000488281,315.45257568359375,433.6539306640625
858,-73.974483,40.786134,35.751459668960244,9.328610384011569,12.439365427202313,0.37460246669592234,0.2094610833920507,0.7780604221649812,0.08105708576958894,7.68869858753832,158,11778,766,770,787,798,628,568,643,663,755,629,567,665,636,535,374,477,542,490,485,16.23419761657715,8.840703964233398,8.927979469299316,1.4974642619652867e-12,25.881458282470703,0.0,5.060836315155029,246.3957977294922,257.36822509765625,252.14854431152344
859,-74.011202,40.704697,49.42025168736777,4.745581388473513,9.734468221664427,0.8030031522115069,0.25702810287475586,1.4444220860799164,0.15049465497334796,5.904938618342083,400,5290,286,280,226,235,270,550,713,373,403,253,290,286,206,197,72,100,136,131,283,61.46532440185547,13.150691986083984,122.8138198852539,0.0005230650422163308,51.10478210449219,306.7892761230469,5.937357425689697,1171.8828125,1936.92822265625,525.3220825195312
860,-74.00254,40.743407,38.33717386384577,8.370583815592914,14.08879071816631,0.4921646410478029,0.17820190195836327,1.0671288574335676,0.11829873154446541,8.464573717665399,174,18536,1139,1005,1284,1268,818,885,984,1257,1114,1161,1093,1020,909,869,521,715,810,850,834,3.021566152572632,11.253153800964355,10.334840774536133,2.0066747665405273,20.482038497924805,0.0,5.306185722351074,349.533203125,491.2103576660156,225.04820251464844
861,-73.98259,40.732665,29.30571803340204,19.642354588449738,12.206305044668692,0.4874523775077162,0.14287807323314525,0.8851426913414473,0.10992733048804013,7.37075216976213,270,7359,328,362,404,480,589,653,546,553,656,547,393,344,210,184,155,196,265,213,281,28.91868782043457,17.11370277404785,46.2581672668457,2.1031741886251565e-12,41.43260192871094,0.0,5.3835015296936035,281.814208984375,344.1652526855469,242.49725341796875
862,-73.96561,40.80209,31.78042988073154,12.481753466880482,14.527666768345474,0.30528014834794465,0.3826434572356295,0.5976128251585242,0.08944869948667296,6.655834145741921,219,8295,571,747,767,722,574,642,660,611,428,453,279,333,243,214,191,215,232,227,186,9.423763275146484,20.322551727294922,2.7049295902252197,4.627586291591768e-13,27.746227264404297,0.0,5.123552322387695,275.8621520996094,243.5564727783203,307.89544677734375
863,-74.00254,40.743407,38.33717386384577,8.370583815592914,14.08879071816631,0.4921646410478029,0.17820190195836327,1.0671288574335676,0.11829873154446541,8.464573717665399,174,18536,1139,1005,1284,1268,818,885,984,1257,1114,1161,1093,1020,909,869,521,715,810,850,834,3.021566152572632,11.253153800964355,10.334840774536133,2.0066747665405273,20.482038497924805,0.0,5.306185722351074,349.533203125,491.2103576660156,225.04820251464844
864,-73.925464,40.865556,27.190086612232044,12.132019964640573,19.663645810462217,0.20480998677161982,0.10257183305369127,0.5447650115761979,0.10870820457236612,7.897759977336432,149,14720,1134,1233,1171,1268,1345,1168,986,916,1176,604,659,627,497,422,233,236,246,385,414,0.0,0.0,0.0,0.0,0.0,0.0,5.193673610687256,234.29592895507812,141.80569458007812,323.8138122558594
865,-74.012465,40.708971,48.70828408135308,6.97530280219184,6.9020180596245675,1.047953372531467,0.306233639187283,1.8665989345974392,0.23075493706597225,5.044900173611111,375,13350,771,989,956,892,833,1259,1363,836,884,803,741,443,532,633,155,107,266,385,502,52.937191009521484,8.058959749535077e-12,121.53004455566406,1.3913177251815796,50.138248443603516,583.7799072265625,6.3681159019470215,824.7089233398438,1256.340576171875,389.99169921875
866,-73.98107,40.74651,45.240388109676566,5.555028113249309,8.120655790667668,0.5593525657772646,0.3013013679290486,0.8873413656359522,0.08971847106363172,6.8364719735499095,214,5935,381,379,369,354,413,394,520,497,467,373,353,292,222,157,86,96,136,246,200,24.81180763244629,19.092016220092773,81.96739959716797,0.5270448327064514,26.381954193115234,0.0,5.0,506.2225646972656,728.213623046875,358.82269287109375
867,-73.923094,40.864644,30.780573491449964,5.714508092208898,21.879232402170175,0.2651472469587704,0.6826912050758486,0.6691568103425709,0.12971615735745373,6.128980729963396,143,24270,1673,1863,1807,1918,2062,1839,1610,1621,2162,1162,1313,1044,830,659,357,333,372,755,890,0.0,0.0,0.0,0.0,0.0,0.0,4.988088607788086,239.40379333496094,134.85781860351562,329.25830078125
868,-73.98107,40.74651,45.240388109676566,5.555028113249309,8.120655790667668,0.5593525657772646,0.3013013679290486,0.8873413656359522,0.08971847106363172,6.8364719735499095,214,5935,381,379,369,354,413,394,520,497,467,373,353,292,222,157,86,96,136,246,200,24.81180763244629,19.092016220092773,81.96739959716797,0.5270448327064514,26.381954193115234,0.0,5.0,506.2225646972656,728.213623046875,358.82269287109375
869,-73.942154,40.785107,26.067056636381242,12.200939435900358,21.78382776022445,0.20264526086350892,0.10486907022862346,0.8443130305939657,0.07989762507089565,6.866587695412352,163,9661,808,816,888,790,701,569,467,634,652,597,449,377,392,289,218,247,150,263,354,13.37751293182373,26.975357055664062,1.6471067667007446,0.0,18.36569595336914,0.0,5.660340309143066,187.83807373046875,165.46376037597656,220.98101806640625
870,-73.932868,40.794184,28.353756684082764,11.7614605763295,22.293976906899573,0.1802390044157928,0.11729334925746059,0.680076037799274,0.1152044301992422,6.058841854244382,111,7187,330,423,324,357,375,423,461,405,491,451,477,490,422,534,133,197,313,337,244,19.463720321655273,19.36850357055664,1.6304187774658203,0.0,20.30848503112793,0.0,5.961793899536133,162.5861053466797,146.91676330566406,176.03472900390625
871,-74.00254,40.743407,38.33717386384577,8.370583815592914,14.08879071816631,0.4921646410478029,0.17820190195836327,1.0671288574335676,0.11829873154446541,8.464573717665399,174,18536,1139,1005,1284,1268,818,885,984,1257,1114,1161,1093,1020,909,869,521,715,810,850,834,3.021566152572632,11.253153800964355,10.334840774536133,2.0066747665405273,20.482038497924805,0.0,5.306185722351074,349.533203125,491.2103576660156,225.04820251464844
872,-73.987064,40.735361,37.16062540295479,9.928092600285323,14.415990758216248,0.7005322938677907,0.2703329612468851,0.9341596186846151,0.15868825474004636,7.483866433987672,232,42744,1720,1933,2047,2310,2615,3249,3162,3253,3322,3290,2439,2346,1877,1605,979,1142,1650,1687,2118,11.339319229125977,20.57551383972168,19.38724136352539,2.9523161693134625e-10,15.633920669555664,0.0,5.368772029876709,501.973876953125,686.9572143554688,305.0345153808594
873,-73.991966,40.741963,40.24405497913212,7.0837019025817405,18.50621201271235,0.701337452082671,0.2627134323120117,1.0727462842482929,0.0629694886909899,7.13361603345058,172,12061,920,947,785,723,608,760,725,758,770,769,710,509,466,399,256,307,421,561,667,15.349562644958496,20.311948776245117,14.245245933532715,2.924051556441043e-10,6.987366199493408,0.0,5.523012638092041,656.2561645507812,1067.151123046875,217.37257385253906
874,-73.989481,40.738521,39.78242478612381,7.100350369689285,17.273845906997423,0.7421886133525049,0.22904092815065163,1.1081174038888488,0.13177479100849954,6.9640698703935815,217,13884,777,820,812,927,1452,1874,1400,905,776,881,671,490,432,340,158,159,223,277,510,8.101025581359863,21.8751277923584,20.291419982910156,3.455700725574218e-10,10.202153205871582,0.0,5.571563243865967,688.320556640625,1123.9407958984375,231.05728149414062
875,-73.984128,40.712269,28.28117197957532,16.05455395819127,17.031995318401822,0.2794136946228729,0.06279534307019465,0.6599011092350402,0.0865549876772124,5.964532939867042,232,12760,838,950,825,846,810,736,814,791,784,814,790,687,692,732,534,492,204,227,194,4.249864101409912,24.587940216064453,26.126659393310547,9.731849670410156,0.24459922313690186,0.0,5.617135047912598,210.11558532714844,140.4564208984375,259.0221252441406
876,-73.959777,40.765638,41.01451497499634,8.103672987749789,10.735233949155226,0.40034047600363387,0.3476580794976682,0.8395769158188179,0.0718147576260729,8.428457480709568,196,2550,196,184,184,202,175,138,177,163,135,93,160,203,126,109,51,46,79,50,79,29.082242965698242,18.724666595458984,93.5745620727539,1.2326484234367885e-12,21.019855499267578,0.0,5.251113414764404,378.53204345703125,514.1758422851562,357.7043762207031
877,-73.982472,40.729152,29.124019090519372,17.4091102540955,13.447589726411094,0.5064715895541879,0.22139024364855864,0.9102215138516685,0.10812522829041,6.837160273115765,215,9913,528,568,666,654,865,845,812,637,744,713,557,421,276,247,166,225,331,317,341,40.37399673461914,21.785451889038086,112.30480194091797,0.0,45.69633102416992,0.0,5.336997985839844,232.9482421875,231.83311462402344,239.9710235595703
878,-73.987515,40.771603,39.943020136289796,7.942983317257738,12.126975067339117,0.3676461468776458,0.1572012314068273,1.1686035369221608,0.08181225881592197,7.0609335437392575,203,5386,327,405,446,579,510,442,313,268,269,240,240,239,241,169,96,123,119,176,184,19.450096130371094,17.545034408569336,7.6140899658203125,3.125702752182491e-10,9.157072067260742,0.0,5.505618095397949,516.577392578125,682.2943725585938,510.6315612792969
879,-73.990468,40.722415,30.59654296046557,10.357218077688506,17.26171512796421,0.47078843068594883,0.1870521391280974,1.1950893835587935,0.15747354488180143,6.838400797410447,264,17392,1033,1049,1046,1283,1436,1518,1440,1382,1264,1137,974,911,649,535,211,253,335,429,507,34.48423385620117,16.09821319580078,87.55147552490234,1.2689450979232788,45.51426315307617,0.0,4.9380340576171875,270.2333679199219,244.53433227539062,276.9433898925781
880,-73.959777,40.765638,41.01451497499634,8.103672987749789,10.735233949155226,0.40034047600363387,0.3476580794976682,0.8395769158188179,0.0718147576260729,8.428457480709568,196,2550,196,184,184,202,175,138,177,163,135,93,160,203,126,109,51,46,79,50,79,29.082242965698242,18.724666595458984,93.5745620727539,1.2326484234367885e-12,21.019855499267578,0.0,5.251113414764404,378.53204345703125,514.1758422851562,357.7043762207031
881,-73.92606,40.856532,22.22816523383646,23.217237229440723,16.62066894419053,0.11451384600471048,0.061634007622213924,0.5450697506175322,0.09114508535347732,5.232678207696653,136,5817,378,570,442,504,416,461,450,350,356,336,265,242,174,131,102,78,97,170,295,0.0,0.0,0.0,0.0,0.0,0.0,6.508654594421387,267.643310546875,213.7237091064453,355.2508544921875
882,-73.92606,40.856532,22.22816523383646,23.217237229440723,16.62066894419053,0.11451384600471048,0.061634007622213924,0.5450697506175322,0.09114508535347732,5.232678207696653,136,5817,378,570,442,504,416,461,450,350,356,336,265,242,174,131,102,78,97,170,295,0.0,0.0,0.0,0.0,0.0,0.0,6.508654594421387,267.643310546875,213.7237091064453,355.2508544921875
883,-73.92606,40.856532,22.22816523383646,23.217237229440723,16.62066894419053,0.11451384600471048,0.061634007622213924,0.5450697506175322,0.09114508535347732,5.232678207696653,136,5817,378,570,442,504,416,461,450,350,356,336,265,242,174,131,102,78,97,170,295,0.0,0.0,0.0,0.0,0.0,0.0,6.508654594421387,267.643310546875,213.7237091064453,355.2508544921875
884,-73.92606,40.856532,22.22816523383646,23.217237229440723,16.62066894419053,0.11451384600471048,0.061634007622213924,0.5450697506175322,0.09114508535347732,5.232678207696653,136,5817,378,570,442,504,416,461,450,350,356,336,265,242,174,131,102,78,97,170,295,0.0,0.0,0.0,0.0,0.0,0.0,6.508654594421387,267.643310546875,213.7237091064453,355.2508544921875
885,-74.013921,40.718025,36.86619942484339,10.421946625304383,15.640111686357484,0.5015538408865337,0.05751684600231694,1.2429871590308894,0.26292489245046974,5.0737516552794215,204,865,50,54,52,37,31,43,38,42,37,63,81,58,56,43,21,32,26,33,68,0.017918899655342102,0.0,4.891992092132568,1.462174294402513e-13,4.090392589569092,0.0,6.467939376831055,365.3759460449219,722.637451171875,369.92572021484375
886,-73.918591,40.865508,30.818378518572622,7.1376680389164004,21.103071478095266,0.2872316856083907,0.7165047753201382,0.8776849961969172,0.12668124021194738,7.607507830842587,127,15563,857,1001,976,1007,1133,1122,1129,1032,1398,856,1022,848,675,468,192,247,261,606,733,0.0,0.0,0.0,0.0,0.0,0.0,5.058305263519287,266.83935546875,110.55277252197266,368.6794738769531
887,-73.996262,40.760858,39.674307505289725,3.91173537572225,18.658532142639153,0.3876945177714029,0.16784000396728516,0.8066654205322266,0.07728481292724608,7.680855592091877,200,8841,754,653,599,521,507,535,510,597,624,476,498,421,412,347,180,200,219,326,462,7.870064735412598,19.878507614135742,1.633111596107483,0.0,9.24892807006836,0.0,5.195061683654785,380.65057373046875,297.6792297363281,406.7428283691406
888,-73.945,40.814598,28.147208408156843,10.612648245282648,19.53078627021392,0.2930922907487287,0.14411058471101154,0.5889104629203231,0.08589065093753086,6.660536906165534,211,32756,2047,1977,2317,2115,2159,2276,2194,2416,2098,1872,1831,1450,1291,1249,848,1148,1218,1037,1213,21.067346572875977,14.690184593200684,8.00478458404541,0.0,20.01264762878418,0.0,5.199275493621826,192.5069580078125,161.0492401123047,228.86260986328125
889,-73.944551,40.820216,28.520578885040035,12.095716725225031,17.68237588486234,0.18640892901090414,0.06321524652306008,0.5721554472058674,0.12408331780425974,6.381351513947074,207,14383,1062,990,1344,1319,1174,1270,963,835,810,834,744,551,515,529,241,301,244,281,376,15.719783782958984,14.193614959716797,7.603196620941162,6.950981593460139e-16,12.996772766113281,0.0,5.292344570159912,194.53550720214844,193.22633361816406,229.13369750976562
890,-73.954228,40.807537,28.2825890140257,11.519862188809164,18.659581170565836,0.221962306810462,0.07836300393809444,0.5184546760890796,0.09868165721064029,6.377959044083305,230,29045,1817,1920,2060,2245,2229,1869,2123,2153,2067,1795,1590,1241,945,904,581,742,987,852,925,31.576244354248047,18.90252113342285,22.82535743713379,0.0,28.05646324157715,0.0,5.331299781799316,201.73959350585938,167.5206298828125,246.9541473388672
891,-73.985976,40.774202,37.90314489620024,8.826408630762344,12.21104972382896,0.35476861176667385,0.19704514419251357,1.0538146027132995,0.09519082528573496,6.424536800112819,234,6870,350,432,448,529,513,540,467,443,547,454,423,395,331,333,90,123,128,161,163,31.90162467956543,17.40604019165039,8.835795402526855,2.2799895305070095e-10,18.271732330322266,0.0,5.403097152709961,583.9728393554688,532.0286254882812,658.5753173828125
892,-74.012328,40.70927,48.82987289832383,6.966305620035376,6.863622312192564,1.1272854275173614,0.2906980127674352,1.8971239658470087,0.2287341593855062,4.8394482392272415,378,13200,767,980,953,889,823,1252,1352,836,875,796,735,437,524,604,154,102,245,380,496,57.031883239746094,1.1902722731049753e-11,130.00372314453125,1.3890023231506348,47.48005294799805,583.6915893554688,6.356496334075928,819.3402099609375,1216.1632080078125,379.6048583984375
893,-73.985608,40.774891,37.26865683478869,9.03266654617485,12.165435703321437,0.3906992660171683,0.1995070227261247,0.8962818945961439,0.08740685451989885,6.737496661043715,232,7479,424,486,492,563,559,584,480,477,576,483,461,428,392,381,106,133,125,161,168,28.83221435546875,18.551122665405273,7.259354591369629,1.9364593262238827e-10,21.382783889770508,0.0,5.349707126617432,587.4913940429688,506.5293884277344,670.7781372070312
894,-73.985608,40.774891,37.26865683478869,9.03266654617485,12.165435703321437,0.3906992660171683,0.1995070227261247,0.8962818945961439,0.08740685451989885,6.737496661043715,232,7479,424,486,492,563,559,584,480,477,576,483,461,428,392,381,106,133,125,161,168,28.83221435546875,18.551122665405273,7.259354591369629,1.9364593262238827e-10,21.382783889770508,0.0,5.349707126617432,587.4913940429688,506.5293884277344,670.7781372070312
895,-73.944092,40.790191,28.019297234365872,12.780915613857752,17.961169329016382,0.3536124838475498,0.3033230980608694,0.5920943441420701,0.06172738714010172,7.523810603536922,214,34321,2320,2244,2270,2273,2372,2301,2040,2332,2344,2149,1842,1703,1683,1369,991,903,1020,1028,1137,10.097748756408691,23.6004638671875,1.6282020807266235,0.0,20.921586990356445,0.0,5.124880790710449,215.25758361816406,187.8230438232422,248.04830932617188
896,-73.948488,40.793649,31.735278872161985,15.386628036599538,15.908834585559228,0.353914067365121,0.1281735768274199,0.7413413056585944,0.12449809842115962,6.313473496669522,253,21349,1301,1332,1289,1587,1885,2040,1726,1748,1397,1191,1377,1076,736,665,376,337,369,401,516,14.834197998046875,22.791675567626953,2.7109825850857305e-07,0.0,21.274032592773438,0.0,5.028067111968994,269.9074401855469,288.8746337890625,271.8990478515625
897,-73.935746,40.823988,23.16034222062016,9.0458091719326,27.11175984634465,0.15850108423274312,0.05601371005500033,0.690839197728541,0.10489199584696712,4.748905479133902,154,8830,681,714,795,749,705,573,638,529,521,510,545,364,318,248,161,186,175,182,236,4.2294440269470215,9.303802490234375,8.033265113830566,0.0,8.096353530883789,0.0,5.570379257202148,244.1218719482422,132.8909149169922,346.7914733886719
898,-73.98107,40.74651,45.240388109676566,5.555028113249309,8.120655790667668,0.5593525657772646,0.3013013679290486,0.8873413656359522,0.08971847106363172,6.8364719735499095,214,5935,381,379,369,354,413,394,520,497,467,373,353,292,222,157,86,96,136,246,200,24.81180763244629,19.092016220092773,81.96739959716797,0.5270448327064514,26.381954193115234,0.0,5.0,506.2225646972656,728.213623046875,358.82269287109375
899,-73.827642,40.831829,17.028024361568423,11.453851064046228,32.032853252482866,0.09767064508402122,0.07993770095537293,1.084856717091686,0.1763751671749091,5.103107368421256,106,14491,805,791,885,906,672,636,858,891,916,710,723,729,748,791,495,556,665,783,931,11.314949035644531,0.0,2.268216609954834,0.0,15.473443984985352,0.0,4.132167339324951,54.784523010253906,53.30081558227539,58.35118865966797
900,-73.947171,40.792932,33.91980566946017,11.586629517224369,16.37446371065516,0.3974729005982275,0.24204202249747556,0.7965226724845214,0.11949604060374149,6.965582322101202,245,35497,2070,2035,1978,2230,2617,2755,2515,2637,2268,2028,2195,1866,1629,1409,981,918,1112,1013,1241,16.131980895996094,22.60869598388672,1.0474543454819241e-10,0.0,20.42605972290039,0.0,4.936908721923828,240.0919647216797,239.41326904296875,263.524658203125
901,-73.990318,40.763655,38.49343420445234,8.159825116738505,12.437887520625676,0.5478521325122351,0.36642403438173493,0.9019555716679014,0.088989213965405,7.847009856125404,145,9933,738,585,595,699,874,945,726,636,611,406,407,486,424,284,180,278,248,259,552,3.2640043012149844e-12,21.625226974487305,9.324256644571705e-12,3.382336355439719e-10,2.7960824627859537e-11,0.0,4.938997745513916,366.1898498535156,399.99578857421875,319.229736328125
902,-73.938701,40.841032,28.806384069171802,8.689651408778968,19.596295014715395,0.28668630307569115,0.19159732823968773,0.7199017810419135,0.11928064746025074,6.956598359656568,237,30166,1931,2288,2488,2150,1763,1777,1676,2100,1948,1800,1603,1452,1238,1087,780,1021,892,1038,1134,2.450463056564331,0.0,1.0846236944198608,0.0,4.847277068620315e-07,0.0,5.304451942443848,210.8170623779297,170.41433715820312,272.1285095214844
903,-73.956814,40.819793,33.42918554941813,6.905721911677607,20.626440578036835,0.26487191518147785,0.21704638445818866,0.8078757038822881,0.09587217260290076,5.702158610026042,180,12287,914,975,891,1062,857,976,1019,1062,784,713,604,399,329,251,202,329,272,281,367,12.958909034729004,22.05758285522461,36.756351470947266,4.738241591618897e-13,22.265222549438477,0.0,5.449026107788086,282.7135925292969,169.97296142578125,381.8205261230469
904,-73.986038,40.72004,30.789441136237517,8.100580856243141,19.449333130843993,0.4011538397921665,0.21266999832914257,1.0479089781993955,0.169308229381331,6.128271107911438,254,22893,1297,1361,1281,1438,1594,1838,1792,1667,1438,1540,1341,1186,983,857,396,445,667,757,1015,16.231159210205078,17.504629135131836,13.898431777954102,20.85712242126465,43.320430755615234,0.0,5.288444995880127,253.00648498535156,216.9986114501953,268.0334777832031
905,-73.953317,40.812428,29.20813789596787,12.155564196474918,18.00629899308488,0.2833088597019871,0.0924359570752393,0.5579421470115135,0.07618110817115943,7.238049120516392,222,31761,1759,1983,2247,2455,2446,2100,2339,2312,2054,1926,1709,1492,1307,1302,778,724,823,990,1015,9.732398986816406,22.085845947265625,7.328235782956549e-13,0.0,18.34821319580078,0.0,5.2593674659729,207.11727905273438,164.75282287597656,268.8489990234375
906,-73.942482,40.79001,27.552126232622445,14.101812895700983,17.208274687179415,0.3345764044559364,0.24335713498921505,0.5245073877199733,0.05396576441498315,7.992961832168527,198,21741,1726,1720,1731,1680,1627,1523,1309,1416,1579,1521,1092,1021,891,642,446,372,379,533,533,13.087626457214355,23.27776527404785,1.628201961517334,0.0,20.18214225769043,0.0,5.222438812255859,206.489501953125,172.3290252685547,247.20416259765625
907,-73.959777,40.765638,41.01451497499634,8.103672987749789,10.735233949155226,0.40034047600363387,0.3476580794976682,0.8395769158188179,0.0718147576260729,8.428457480709568,196,2550,196,184,184,202,175,138,177,163,135,93,160,203,126,109,51,46,79,50,79,29.082242965698242,18.724666595458984,93.5745620727539,1.2326484234367885e-12,21.019855499267578,0.0,5.251113414764404,378.53204345703125,514.1758422851562,357.7043762207031
908,-74.000851,40.711441,38.075638551785495,10.445228635412368,15.613445957632868,0.5571756688150504,0.2795140735387015,1.2411364103176676,0.1535490138827115,5.317094695843486,303,9578,406,536,491,654,602,837,668,792,828,631,494,366,346,303,134,205,457,375,453,1.6240241527557373,8.059991836547852,27.10575294494629,9.503136992605743e-12,11.390471458435059,0.0,5.8356218338012695,332.5849914550781,450.74005126953125,242.7887725830078
909,-74.004692,40.723911,39.044477674696175,5.895607373867815,13.99247487386068,0.34780033847741915,0.18532223171657985,1.1519464414719256,0.11742318582813643,6.124535276178729,285,7805,365,759,689,789,649,543,501,652,586,481,408,303,207,184,134,108,110,140,197,1.6214120388031006,21.166959762573242,2.509375810623169,7.099952983662897e-16,0.011052228510379791,0.0,5.573987007141113,304.4644775390625,556.2319946289062,111.814208984375
910,-73.974483,40.786134,35.751459668960244,9.328610384011569,12.439365427202313,0.37460246669592234,0.2094610833920507,0.7780604221649812,0.08105708576958894,7.68869858753832,158,11778,766,770,787,798,628,568,643,663,755,629,567,665,636,535,374,477,542,490,485,16.23419761657715,8.840703964233398,8.927979469299316,1.4974642619652867e-12,25.881458282470703,0.0,5.060836315155029,246.3957977294922,257.36822509765625,252.14854431152344
911,-73.947856,40.780652,34.293007440223754,11.574955911890067,13.148183330123977,0.24051890126976044,0.20242043317576902,0.9443672610000823,0.10866812883594973,7.953395007734939,213,4699,459,409,286,281,318,332,290,257,237,202,192,240,231,229,152,165,161,107,151,36.60845947265625,15.454107284545898,2.173128843307495,0.0,29.363269805908203,0.0,5.212368011474609,402.53955078125,273.36895751953125,511.64862060546875
912,-73.934676,40.850683,37.29067920859344,5.060560313704746,17.404190636927783,0.28311050016116474,0.2786332174064287,0.7512844310087314,0.12217415703667535,7.5772996042289,255,31746,1986,2212,2025,2075,2311,2138,2438,2142,1743,1897,1675,1608,1334,1126,667,816,1111,1097,1345,0.0,0.39227762818336487,0.0,0.0,2.368092111293407e-10,0.0,5.49535608291626,241.7086181640625,207.82723999023438,266.3803405761719
913,-73.98346,40.757626,51.288850908356956,3.3062698395271606,4.676428073790016,1.7916289771475442,0.6622494720831151,1.8758157404457643,0.11715656373558975,8.38711843257997,164,31624,1934,2260,2395,2445,2464,2167,1977,2128,2749,1949,1567,1745,1047,726,334,542,526,1158,1511,5.4879374504089355,8.576457023620605,35.56206512451172,0.0,23.035959243774414,0.0,5.513065338134766,992.6046752929688,2275.239013671875,260.20465087890625
914,-73.984381,40.756089,51.09817855285876,4.190631888129494,4.593653028661555,1.6929971449302899,0.6060659885406495,1.939718470428929,0.13120517586216782,8.524674357789934,176,29464,1780,2115,2177,2196,2265,2023,1800,1921,2589,1760,1432,1653,1033,692,336,517,518,1163,1494,9.582162857055664,3.2273433208465576,49.357303619384766,2.3866247519932493e-11,24.6353702545166,0.0,5.701138496398926,906.7459106445312,2299.521484375,140.84426879882812
915,-73.987064,40.735361,37.16062540295479,9.928092600285323,14.415990758216248,0.7005322938677907,0.2703329612468851,0.9341596186846151,0.15868825474004636,7.483866433987672,232,42744,1720,1933,2047,2310,2615,3249,3162,3253,3322,3290,2439,2346,1877,1605,979,1142,1650,1687,2118,11.339319229125977,20.57551383972168,19.38724136352539,2.9523161693134625e-10,15.633920669555664,0.0,5.368772029876709,501.973876953125,686.9572143554688,305.0345153808594
916,-73.995731,40.736416,39.91108767191569,9.4795782301161,10.932883368598091,0.6277186075846353,0.27060741848415804,0.9544957478841146,0.08075714111328125,8.755113389756948,150,12874,659,638,752,851,1140,1083,1088,1141,987,922,732,729,469,300,292,176,198,275,442,6.492808818817139,14.862277030944824,63.906166076660156,0.0,22.900157928466797,0.0,5.387695789337158,529.4801635742188,797.6959838867188,267.7333679199219
917,-73.979581,40.719416,29.051610275551123,14.669246879624732,17.39846997790866,0.34835529916080427,0.23542421835440178,0.717829480583285,0.10890239550743575,6.694386034836004,216,15710,1029,1142,951,1150,1205,1222,1155,1168,1009,850,843,856,723,546,314,411,367,362,407,12.941591262817383,23.983688354492188,5.9250288009643555,4.6368513107299805,27.991727828979492,0.0,5.480513095855713,224.06951904296875,175.2564239501953,286.36383056640625
918,-73.949929,40.8185,25.066636881947943,15.77474036951646,19.29471176584989,0.25524306895485055,0.058774025209488406,0.8155409153217055,0.12660146186855956,5.982023498917994,186,9599,609,641,753,746,809,820,823,736,523,505,526,344,309,271,181,300,212,238,253,15.32028865814209,23.149377822875977,18.75284767150879,0.0,22.754892349243164,0.0,5.461580276489258,210.47315979003906,319.9520568847656,248.93157958984375
919,-73.985608,40.774891,37.26865683478869,9.03266654617485,12.165435703321437,0.3906992660171683,0.1995070227261247,0.8962818945961439,0.08740685451989885,6.737496661043715,232,7479,424,486,492,563,559,584,480,477,576,483,461,428,392,381,106,133,125,161,168,28.83221435546875,18.551122665405273,7.259354591369629,1.9364593262238827e-10,21.382783889770508,0.0,5.349707126617432,587.4913940429688,506.5293884277344,670.7781372070312
920,-73.9927,40.765474,34.26257359406733,7.421066875977586,18.741885171246476,0.3172584549685944,0.21197241057389937,0.6908508716639231,0.07789679793191906,7.637623321085354,159,4182,423,262,292,273,238,235,215,274,280,185,195,177,187,153,103,151,145,130,264,5.9425402966495344e-12,25.21347999572754,8.983756447089597e-12,2.477912597331766e-10,5.410288655194794e-39,0.0,5.227414131164551,349.4486999511719,299.8289794921875,361.6966247558594
921,-73.989329,40.717329,31.526273648524228,9.368285181458559,17.95845669841534,0.45292916959219603,0.24749820829888036,1.3438760799213048,0.16224482923818623,5.807247649144082,274,22773,1049,1235,1229,1364,1568,1624,1822,1856,1647,1696,1366,1326,986,827,438,493,599,725,923,27.578323364257812,22.50629234313965,35.49138259887695,3.317927599333359e-10,36.19991683959961,0.0,5.393765449523926,273.7984619140625,244.76023864746094,280.74517822265625
922,-73.98861,40.767848,39.834524712435794,6.86641490288795,12.533851537723969,0.3859810546375735,0.19879194856421348,0.6844050557579242,0.06066655820132766,6.900478043195416,163,16701,813,855,800,843,779,748,612,830,904,831,898,990,1073,945,707,979,941,987,1166,4.8612953940097015e-12,16.379243850708008,0.010718731209635735,3.406841753150758e-10,3.792230765520266e-11,0.0,5.131062984466553,413.16180419921875,545.463134765625,425.795654296875
923,-73.989329,40.717329,31.526273648524228,9.368285181458559,17.95845669841534,0.45292916959219603,0.24749820829888036,1.3438760799213048,0.16224482923818623,5.807247649144082,274,22773,1049,1235,1229,1364,1568,1624,1822,1856,1647,1696,1366,1326,986,827,438,493,599,725,923,27.578323364257812,22.50629234313965,35.49138259887695,3.317927599333359e-10,36.19991683959961,0.0,5.393765449523926,273.7984619140625,244.76023864746094,280.74517822265625
924,-73.987064,40.735361,37.16062540295479,9.928092600285323,14.415990758216248,0.7005322938677907,0.2703329612468851,0.9341596186846151,0.15868825474004636,7.483866433987672,232,42744,1720,1933,2047,2310,2615,3249,3162,3253,3322,3290,2439,2346,1877,1605,979,1142,1650,1687,2118,11.339319229125977,20.57551383972168,19.38724136352539,2.9523161693134625e-10,15.633920669555664,0.0,5.368772029876709,501.973876953125,686.9572143554688,305.0345153808594
925,-74.000238,40.74182,38.11944939624304,8.300783661590225,13.178300309455258,0.8350133347785338,0.23897499873720365,1.023139515142331,0.07509735808975394,8.343311835979595,145,20035,1053,1079,1389,1409,942,1021,1135,1517,1537,1439,1125,1010,884,877,504,708,760,827,819,6.48036527633667,12.917325019836426,24.667469024658203,5.368156110222175e-35,25.872695922851562,0.0,5.291118621826172,368.7668762207031,492.8233947753906,240.12034606933594
926,-74.018941,40.689493,0.0,0.0,0.0,0.0,0.0,0.0,0.0,0.0,0,0,0,0,0,0,0,0,0,0,0,0,0,0,0,0,0,0,0,0,0,0.0,4.269938945770264,0.0,236.31629943847656,0.0,0.0,7.502384185791016,,26.497509002685547,
927,-73.9383,40.8381,25.454242722394593,11.997809725304032,20.835101587695245,0.21216731869554054,0.19713319974274238,0.6815808399484796,0.1106822876319939,7.0051890720630325,237,28661,1774,1861,1987,2130,1891,1864,1651,2148,2046,1772,1535,1368,1158,938,731,1019,856,930,1002,6.10443115234375,0.0,1.086124300956726,0.0,9.78246997296317e-11,0.0,5.675550937652588,204.70567321777344,167.37730407714844,259.0504150390625
928,-73.948488,40.793649,31.735278872161985,15.386628036599538,15.908834585559228,0.353914067365121,0.1281735768274199,0.7413413056585944,0.12449809842115962,6.313473496669522,253,21349,1301,1332,1289,1587,1885,2040,1726,1748,1397,1191,1377,1076,736,665,376,337,369,401,516,14.834197998046875,22.791675567626953,2.7109825850857305e-07,0.0,21.274032592773438,0.0,5.028067111968994,269.9074401855469,288.8746337890625,271.8990478515625
929,-74.006155,40.729052,37.06024591341176,8.560134990005203,14.488947833025897,0.38018561566622,0.19884511428774546,1.0701782401950877,0.13018482641851006,6.2598903212663,261,4272,265,255,271,269,357,391,332,335,404,210,187,232,162,100,74,77,90,102,159,1.727249026298523,17.129274368286133,7.567553520202637,27.40987205505371,0.525305449962616,0.0,5.429898262023926,294.2983703613281,546.9590454101562,203.39109802246094
930,-73.959777,40.765638,41.01451497499634,8.103672987749789,10.735233949155226,0.40034047600363387,0.3476580794976682,0.8395769158188179,0.0718147576260729,8.428457480709568,196,2550,196,184,184,202,175,138,177,163,135,93,160,203,126,109,51,46,79,50,79,29.082242965698242,18.724666595458984,93.5745620727539,1.2326484234367885e-12,21.019855499267578,0.0,5.251113414764404,378.53204345703125,514.1758422851562,357.7043762207031
931,-73.990562,40.747425,49.42332192471152,2.499546711904961,9.527315800650078,1.0737477687367223,0.3721603176050019,1.0968904746206183,0.11069084468640779,9.225373519094369,152,33136,2332,2157,2240,2600,2784,2272,2281,2429,2369,2304,1726,1336,1277,971,380,505,839,975,1359,25.603988647460938,7.691981315612793,77.2520523071289,3.3570574098362727e-10,36.60696029663086,0.0,5.605813503265381,780.0609130859375,1659.96533203125,229.89088439941406
932,-73.984333,40.732699,32.58962087821416,15.165827281115055,13.112901894115652,0.4929143139439771,0.17747634496444312,0.7940801799806774,0.11269604718243635,7.524013111733984,234,8143,372,390,443,528,678,751,662,627,729,609,432,385,223,194,157,199,262,224,278,22.43396759033203,18.849943161010742,31.926958084106445,1.874650261413091e-11,31.36592674255371,0.0,5.2147297859191895,330.2095031738281,409.3369445800781,269.9690856933594
933,-74.013303,40.705688,48.461343765258796,7.218069235483803,8.334988435109459,0.8704651196797687,0.26116426785786945,1.5200906594594326,0.2329457600911458,5.709213018417361,400,6240,447,366,356,300,356,592,785,432,430,285,312,325,220,272,76,104,144,146,292,50.48634719848633,6.329300880432129,82.86019134521484,1.6681845791885475e-12,44.00634765625,566.6329956054688,6.1349406242370605,987.67333984375,1551.35107421875,520.8441772460938
934,-73.992343,40.729661,39.55442714552347,7.461842005256309,11.713434410928118,0.5843377703315481,0.32099344844901406,0.8989992100078467,0.09375326498106577,5.645507912448401,229,5998,582,500,580,701,536,440,443,361,272,264,299,200,160,134,133,83,63,150,97,12.582843780517578,10.876545906066895,129.78627014160156,2.6030599897808315e-10,40.42635726928711,291.66912841796875,5.247260570526123,514.5198974609375,886.688232421875,236.1794891357422
935,-73.996354,40.745677,36.097916538678994,12.871326080854157,13.458414430971494,0.5009451722787097,0.2683140873129851,0.961281479314002,0.10495736448333673,7.89739903801147,153,20645,1193,1155,1353,1376,1005,1114,1194,1421,1249,1387,1153,1128,946,929,599,769,852,909,913,9.545259475708008,19.640270233154297,10.725142478942871,0.0,14.32948112487793,0.0,5.252091407775879,476.2914123535156,727.1840209960938,276.4338684082031
936,-74.00254,40.743407,38.33717386384577,8.370583815592914,14.08879071816631,0.4921646410478029,0.17820190195836327,1.0671288574335676,0.11829873154446541,8.464573717665399,174,18536,1139,1005,1284,1268,818,885,984,1257,1114,1161,1093,1020,909,869,521,715,810,850,834,3.021566152572632,11.253153800964355,10.334840774536133,2.0066747665405273,20.482038497924805,0.0,5.306185722351074,349.533203125,491.2103576660156,225.04820251464844
937,-73.966779,40.797136,34.06285737690173,11.277925378778143,13.943465778892305,0.2823603020140239,0.290707918255333,0.7786586524196789,0.08240004665733713,7.2993766748163695,209,20250,1201,1504,1304,1282,1249,1135,1316,1178,1138,1126,1039,1032,888,733,609,729,909,977,901,16.37078285217285,18.211761474609375,3.721754789352417,1.2055784972750394e-12,21.601802825927734,0.0,5.205067157745361,234.09422302246094,184.40260314941406,289.66815185546875
938,-74.005058,40.72463,38.9494433649269,6.084670595160111,13.86250587696201,0.3333725280045344,0.17143191306244038,1.1495416712872861,0.12071916195148594,6.353078873504496,284,7967,373,769,707,803,658,554,514,672,596,485,416,310,211,186,137,110,114,145,207,0.09394974261522293,21.285104751586914,1.1152317523956299,1.1610358953475952,0.0031118243932724,0.0,5.558588981628418,311.30963134765625,595.938720703125,117.83287811279297
939,-73.967204,40.759248,45.64197192116388,5.303145817347935,7.75372338673425,0.6155481792631605,0.25274700588650173,0.9703910161578465,0.059421781509641614,8.111198213365341,210,5190,293,417,349,317,413,386,369,369,299,187,195,315,256,182,70,91,237,232,213,0.03845047578215599,19.63680076599121,1.630171775817871,1.5367585676218098e-12,1.170935034751892,0.0,5.23701810836792,480.9761047363281,751.15771484375,300.8748474121094
940,-73.945647,40.784112,29.64452555876298,11.570721680897448,17.94622620121848,0.27049494559894405,0.10348654703596791,0.8481153132456862,0.10406169247172128,7.813736695725139,227,8886,690,668,685,723,616,589,452,543,525,473,419,403,432,375,243,248,217,240,345,27.58731460571289,17.461891174316406,3.5080626010894775,0.0,26.298444747924805,0.0,5.3205695152282715,363.3171691894531,249.8202362060547,463.85723876953125
941,-73.990468,40.722415,30.59654296046557,10.357218077688506,17.26171512796421,0.47078843068594883,0.1870521391280974,1.1950893835587935,0.15747354488180143,6.838400797410447,264,17392,1033,1049,1046,1283,1436,1518,1440,1382,1264,1137,974,911,649,535,211,253,335,429,507,34.48423385620117,16.09821319580078,87.55147552490234,1.2689450979232788,45.51426315307617,0.0,4.9380340576171875,270.2333679199219,244.53433227539062,276.9433898925781
942,-73.945933,40.783286,30.355907119480918,11.632728998639948,17.267915140562703,0.2710298802648674,0.11958977465784304,0.849290723997583,0.10620907696299146,7.726225388788544,226,7176,603,573,452,494,455,474,411,358,381,359,344,364,379,343,209,234,213,224,306,33.54291534423828,16.278499603271484,3.163287878036499,0.0,24.242921829223633,0.0,5.296167373657227,388.69580078125,278.7010192871094,477.6045227050781
943,-73.944299,40.815237,28.05733179937215,9.900478903017088,20.310955976605232,0.2661404544360017,0.14350403389429936,0.5949603912492866,0.08642640832352312,6.801220416296925,219,31649,1969,1914,2256,1997,2042,2202,2116,2324,2016,1778,1763,1400,1287,1210,830,1147,1184,1031,1183,24.88513946533203,16.719371795654297,8.734349250793457,0.0,20.74656105041504,0.0,5.168977737426758,187.29022216796875,166.83642578125,219.41111755371094
944,-73.946879,40.791966,32.85363607170168,12.75279541646153,16.18053656964263,0.36672600044691844,0.24758672582873298,0.7623689562164392,0.10840071791131303,7.326999774649123,242,36114,2195,2139,2155,2367,2617,2818,2481,2576,2266,2079,2188,1933,1694,1438,1024,935,1071,954,1184,13.980829238891602,22.17394256591797,4.7642625962244795e-15,0.0,17.568817138671875,0.0,4.963959693908691,225.78970336914062,225.3547821044922,246.53341674804688
945,-73.950354,40.820208,26.66284447416253,13.527026599335738,19.236603570640632,0.28577186281163386,0.06658950712338137,0.8364671596328783,0.15033056976598339,5.794590474633267,218,12405,880,980,991,1047,1025,1079,1053,1006,605,677,606,417,299,260,160,331,280,277,432,1.944522738456726,22.612104415893555,15.259317398071289,0.0,18.067283630371094,0.0,5.450052261352539,203.52659606933594,301.8112487792969,235.26792907714844
946,-73.976093,40.718276,28.664550931731156,16.252988141904456,18.79629007222854,0.25235050058458924,0.18713610647227874,0.786689329429491,0.12184440266686312,5.504767852422048,169,10388,706,820,624,812,882,714,778,793,721,546,575,572,489,330,174,204,197,218,233,9.747528076171875,22.654129028320312,11.018004417419434,6.9460601806640625,23.20238494873047,0.0,5.937427520751953,208.04946899414062,162.5350799560547,283.1954040527344
947,-73.951292,40.816626,25.431322337624568,15.076819817701026,19.246377773627547,0.3127351254522205,0.07386692983661583,0.779451724297986,0.11409295057346246,6.636288161287288,167,10898,707,714,921,794,931,945,932,897,643,535,515,419,324,308,214,328,231,278,262,17.958206176757812,23.934343338012695,23.60942268371582,0.0,21.78896141052246,0.0,5.408351421356201,245.73374938964844,266.3896484375,326.62640380859375
948,-73.944449,40.795404,33.92872910184752,10.176693183788357,17.75829358185355,0.32257503933376735,0.24379232655400815,0.7056078089224161,0.10896888524053946,6.501565463301064,207,25582,1912,1738,1708,1996,2006,2011,2146,1967,1704,1463,1581,1264,817,691,431,332,456,681,678,22.964004516601562,15.630532264709473,0.5428980588912964,0.0,21.89503288269043,0.0,5.009038925170898,229.8196563720703,184.41502380371094,290.2231140136719
949,-73.943904,40.790932,29.115848393403283,12.179473167242,17.8804545439491,0.38293779358383295,0.3131896026374758,0.6475518100945524,0.06693936133569524,7.553395263908446,215,31864,2118,2012,2016,2048,2186,2095,1899,2110,2074,2013,1724,1555,1616,1340,943,874,1035,1057,1149,19.36684799194336,24.44672203063965,1.1082816123962402,0.0,18.394624710083008,0.0,5.086182117462158,210.93902587890625,195.29315185546875,233.1174774169922
950,-74.015837,40.705605,40.410456657409675,12.21176654100418,11.876983642578121,0.8455017209053036,0.11670529842376709,1.5452841917673754,0.2989420294761658,4.670493602752685,320,4043,319,266,224,219,271,394,376,336,233,202,247,229,147,135,51,61,72,76,185,27.754270553588867,3.773752212524414,44.6516227722168,1.2764856446162431e-12,18.604822158813477,583.5068969726562,6.479835510253906,896.86181640625,1195.8428955078125,719.54833984375
951,-73.935335,40.801547,25.813594384756502,11.88922363190017,21.83227624593829,0.28866623905563915,0.13477271269611535,0.7502561549256557,0.09578026285442356,7.636489354976091,223,43351,2464,3173,3501,3374,3883,2853,3576,3433,3288,2533,1840,1776,1560,1415,919,870,662,1255,976,14.385002136230469,9.583247184753418,0.00014591570652555674,0.0,7.96492862701416,264.8087463378906,5.135241985321045,221.49508666992188,190.52627563476562,246.28460693359375
952,-73.941111,40.821208,31.47538673310053,7.167138182927694,19.451668148949036,0.26775201161702467,0.14159187437996032,0.5548632334149074,0.0923194582500155,7.287813557518851,168,22244,1667,1586,1965,1857,1730,1728,1497,1299,1326,1368,1205,946,804,798,411,499,445,491,622,16.41028594970703,15.779176712036133,16.919469833374023,0.0010334018152207136,7.586708068847656,0.0,5.1640625,249.54542541503906,153.9305877685547,329.7585144042969
953,-74.006155,40.729052,37.06024591341176,8.560134990005203,14.488947833025897,0.38018561566622,0.19884511428774546,1.0701782401950877,0.13018482641851006,6.2598903212663,261,4272,265,255,271,269,357,391,332,335,404,210,187,232,162,100,74,77,90,102,159,1.727249026298523,17.129274368286133,7.567553520202637,27.40987205505371,0.525305449962616,0.0,5.429898262023926,294.2983703613281,546.9590454101562,203.39109802246094
954,-73.955722,40.810793,29.246836303049314,12.745876234721365,17.276995356489973,0.20711622264004015,0.10051494691430068,0.5134103097889806,0.07332424484294281,7.514366806361087,246,29454,1594,1901,2130,2294,2389,1999,2111,2165,1900,1821,1527,1334,1075,893,602,761,970,971,1017,13.337076187133789,19.041519165039062,5.140162944793701,0.0,23.975830078125,0.0,5.309904098510742,305.5132141113281,287.4034423828125,314.0073547363281
955,-73.987791,40.725892,31.562257171035185,9.730246689942506,16.190025398323126,0.41518555031166415,0.20462213693796333,0.9252899043910855,0.14642537893117724,7.458870976536841,222,20260,901,1067,1285,1349,1414,1544,1509,1303,1206,1096,1077,915,868,757,509,741,925,977,817,47.852638244628906,17.569860458374023,165.4391632080078,3.10945186265954e-10,44.462894439697266,0.0,5.03533411026001,249.0283660888672,224.09402465820312,273.62542724609375
956,-73.979217,40.78633,33.54910036485142,12.972694319728012,12.548850110015392,0.3180796483595423,0.14337824883862077,0.7767637199330552,0.0806451957916545,6.436706554852542,214,11252,689,720,726,834,645,582,575,625,706,630,546,643,655,547,398,483,419,416,413,25.892566680908203,11.715147018432617,8.791545867919922,0.0,23.566394805908203,0.0,5.218765735626221,279.24468994140625,244.64431762695312,303.49029541015625
957,-73.932868,40.794184,28.353756684082764,11.7614605763295,22.293976906899573,0.1802390044157928,0.11729334925746059,0.680076037799274,0.1152044301992422,6.058841854244382,111,7187,330,423,324,357,375,423,461,405,491,451,477,490,422,534,133,197,313,337,244,19.463720321655273,19.36850357055664,1.6304187774658203,0.0,20.30848503112793,0.0,5.961793899536133,162.5861053466797,146.91676330566406,176.03472900390625
958,-73.981597,40.72313,30.752942377469353,13.012297627099038,15.111557160965125,0.3640778538353917,0.22410206521801676,0.6809188059283428,0.11184480455186632,8.458514968152802,198,13573,1220,1104,911,902,872,1031,840,756,774,788,808,636,563,458,312,406,417,375,400,11.835841178894043,21.479211807250977,33.618919372558594,13.563916206359863,30.378372192382812,0.0,5.272164821624756,211.79031372070312,160.07240295410156,269.4408264160156
959,-73.982976,40.775256,37.442911861309945,9.899195075640218,10.668869147647658,0.4780719324618627,0.23042546512713488,1.0079046594713346,0.11449481428375502,7.237751471814772,197,7278,491,532,510,450,474,580,440,463,522,437,443,399,405,383,123,149,134,165,178,27.596281051635742,18.750852584838867,26.263498306274414,0.0,20.156301498413086,0.0,5.186400413513184,476.17138671875,500.2191467285156,477.5854797363281
960,-73.954152,40.80261,31.417018101539156,8.143813227429803,18.368251235396777,0.28033197661976755,0.1692130241864993,0.7593394797525287,0.10847780439588758,6.201756589206648,216,24414,2394,2000,1928,2007,1848,1936,2083,2117,1636,1213,1215,804,507,472,349,392,549,489,475,17.623340606689453,13.059540748596191,4.701991081237793,0.0,15.02448844909668,0.0,5.195374965667725,209.56019592285156,152.8369140625,264.0848083496094
961,-73.948385,40.806055,30.188227536385526,7.105223337809244,20.658765926695704,0.28522926464415427,0.07550222831859923,0.7114478998016892,0.16476263079726905,6.6530696132726845,190,23278,1400,1608,1669,2178,1629,1640,1698,1714,1724,1275,1237,812,608,603,357,618,813,840,855,18.914642333984375,18.53021812438965,2.60386200448548e-12,0.0,26.65512466430664,0.0,5.170166969299316,190.01754760742188,163.49440002441406,208.11895751953125
962,-73.965949,40.802653,31.70589682174055,14.658545576818458,13.214038605015025,0.30205492922523075,0.3864810891347389,0.5942266281336954,0.08523598472095878,6.284803161156597,219,6982,450,604,639,628,485,548,571,523,365,379,228,287,205,188,166,184,192,192,148,9.675198554992676,20.744108200073242,1.0874005556106567,3.87908997458164e-13,28.52925682067871,0.0,5.172595977783203,284.8148193359375,250.7208251953125,319.76763916015625
963,-74.013303,40.705688,48.461343765258796,7.218069235483803,8.334988435109459,0.8704651196797687,0.26116426785786945,1.5200906594594326,0.2329457600911458,5.709213018417361,400,6240,447,366,356,300,356,592,785,432,430,285,312,325,220,272,76,104,144,146,292,50.48634719848633,6.329300880432129,82.86019134521484,1.6681845791885475e-12,44.00634765625,566.6329956054688,6.1349406242370605,987.67333984375,1551.35107421875,520.8441772460938
964,-73.933629,40.853193,31.728226880867545,8.78614559202615,17.909028649874475,0.3073377333456704,0.2496042933819682,0.6296655721678944,0.10794127187046648,7.389749529880659,219,20827,1305,1557,1347,1510,1471,1327,1310,1233,1142,1218,1109,1049,892,767,535,532,796,793,934,0.0,0.10673539340496063,0.0,0.0,1.2645608171713008e-10,0.0,5.360329627990723,237.20870971679688,187.37083435058594,281.9319763183594
965,-73.940919,40.785559,27.161486827544056,11.841666785469892,22.145163171772833,0.19208091308890757,0.09435806831304175,0.8942870908119962,0.08128785738979813,7.107068964454668,137,12210,1029,1034,1071,958,849,758,662,840,925,842,585,552,416,305,260,272,219,289,344,11.666448593139648,27.03655242919922,1.040423035621643,0.0,17.723657608032227,0.0,5.806911945343018,157.944580078125,152.77670288085938,187.9241485595703
966,-73.933042,40.850819,32.41294590293938,5.538285032231758,19.98505206818276,0.2895874672747673,0.30941144794437053,0.7741757656665558,0.10728849586865581,8.139407786917179,235,30469,1989,2341,2134,2123,2208,1974,2247,2002,1681,1830,1552,1459,1197,989,636,692,1022,1024,1369,0.0,3.113924503326416,0.0,0.0,2.3156108974742295e-10,0.0,5.400187969207764,245.59768676757812,235.3310546875,248.77777099609375
967,-73.992832,40.747398,47.11028536160787,3.677883633860835,11.118972301483153,0.8610672420925563,0.3621253702375624,1.1235800054338245,0.10213675322356047,8.467467625935875,144,26041,2027,1741,1447,1742,2031,1635,1787,1901,1824,1579,1245,1126,1333,962,418,508,743,915,1077,12.395950317382812,8.961475372314453,28.838659286499023,2.3949883742879763e-10,31.05197525024414,0.0,5.52557897567749,739.5528564453125,1512.9942626953125,268.9874267578125
968,-73.98861,40.767848,39.834524712435794,6.86641490288795,12.533851537723969,0.3859810546375735,0.19879194856421348,0.6844050557579242,0.06066655820132766,6.900478043195416,163,16701,813,855,800,843,779,748,612,830,904,831,898,990,1073,945,707,979,941,987,1166,4.8612953940097015e-12,16.379243850708008,0.010718731209635735,3.406841753150758e-10,3.792230765520266e-11,0.0,5.131062984466553,413.16180419921875,545.463134765625,425.795654296875
969,-74.01244,40.706232,51.82305259543634,5.84898188144346,6.157385588698247,0.9047852689203832,0.2879612757686824,1.6669423871905498,0.2123674964099997,6.040646597302916,395,6580,474,396,380,315,350,812,925,418,394,255,300,296,207,271,83,104,159,157,284,48.54097366333008,4.549238681793213,109.47848510742188,3.8362234396072115e-12,47.512840270996094,193.68739318847656,6.085285663604736,934.42138671875,1646.6146240234375,427.5799255371094
970,-73.992405,40.753038,48.078263600667306,1.3631697623960435,10.105234781901041,0.9027187798612862,0.20533325851604503,1.3645812003843245,0.13952644922400034,9.17689251643355,155,60101,4543,4753,5236,5297,4000,3066,3453,3708,3869,3477,2691,2391,2324,1741,1068,1641,2250,2044,2549,12.981694221496582,7.722721767633445e-12,60.033016204833984,2.676436572368601e-10,40.89323043823242,0.0,5.381054878234863,978.5411987304688,2149.678955078125,476.84918212890625
971,-73.938714,40.807019,32.03260757534363,8.88376428623392,21.19658223822347,0.24474613250248017,0.11862745188703441,0.711365213985911,0.11541372081762095,5.977064052873532,231,46435,3042,3358,3195,3478,3756,2969,3519,4025,3774,2819,2079,1912,1701,1575,971,888,600,1664,1110,27.11029815673828,18.214536666870117,0.5348793268203735,0.0,14.17078685760498,0.0,5.3298869132995605,175.4806671142578,191.0855255126953,173.20950317382812
972,-73.933042,40.850819,32.41294590293938,5.538285032231758,19.98505206818276,0.2895874672747673,0.30941144794437053,0.7741757656665558,0.10728849586865581,8.139407786917179,235,30469,1989,2341,2134,2123,2208,1974,2247,2002,1681,1830,1552,1459,1197,989,636,692,1022,1024,1369,0.0,3.113924503326416,0.0,0.0,2.3156108974742295e-10,0.0,5.400187969207764,245.59768676757812,235.3310546875,248.77777099609375
973,-73.894108,40.769798,14.199318390726392,18.58592337380776,26.43705552175831,0.06521673150401297,0.02323421624188866,0.6332722300823052,0.14530018596267005,6.075159013814178,183,325,23,13,17,29,29,24,23,17,22,26,11,17,15,6,8,8,11,13,13,13.431239128112793,18.195438385009766,0.5433906316757202,10.33028793334961,15.356539726257324,0.0,5.567831993103027,75.2894058227539,58.78214645385742,92.50761413574219
974,-73.778118,40.7417,8.517759720045342,26.462496622271743,23.553482779262254,0.053918954417191814,0.02624026978213484,0.5253556464038942,0.12788052497428204,4.861336035403538,181,158,8,9,9,9,9,5,9,11,4,4,13,9,4,12,4,10,7,11,11,11.34478759765625,12.50349235534668,4.3229660987854,0.0,12.043474197387695,0.0,5.532142639160156,42.80683135986328,122.33004760742188,57.7008171081543
975,-73.888133,40.737405,18.999005668183678,10.290059635781834,31.387503045236965,0.07370842827690972,0.07047506479116586,1.011375199016343,0.1283396207369291,6.1054792159642925,195,957,71,83,74,88,54,37,82,73,45,41,21,29,29,25,30,49,49,44,33,14.4491605758667,25.65047264099121,7.833134651184082,1.6056035624309462e-12,11.997855186462402,0.0,5.194750785827637,67.09598541259766,79.47264099121094,80.03387451171875
976,-73.882446,40.739644,19.30448946745499,9.394339409427365,29.329357147216797,0.13687866321508435,0.12438566788383153,0.8485300644584324,0.11477995609891589,6.614860037098759,230,3802,304,353,293,292,271,221,203,210,192,219,151,183,136,125,101,110,120,151,167,9.007413864135742,25.279905319213867,4.227537155151367,0.0,19.21478843688965,0.0,5.2585625648498535,148.87033081054688,92.13760375976562,201.36227416992188
977,-73.786403,40.69691,16.52431937412442,13.367645902783458,31.236687006126523,0.21535963288152404,0.0647400062121646,1.0809102815691292,0.16827192190013843,5.491925783806447,191,3520,244,231,264,353,433,253,335,235,167,150,132,80,109,128,69,75,83,87,92,0.01992155611515045,19.851890563964844,6.61290846300927e-13,78.08329772949219,9.219079971313477,0.0,5.321119785308838,67.91873931884766,59.562034606933594,76.939208984375
978,-73.912458,40.718234,27.68694611005886,4.434391760057019,29.66654428871729,0.0911927992297757,0.1071991459015877,1.0692768199469456,0.09636878967285156,7.595918768195697,124,536,32,47,35,34,51,61,55,43,55,23,14,22,12,4,9,14,3,4,18,34.73538589477539,20.558250427246094,71.71179962158203,6.63574743270874,26.455894470214844,0.0,5.0,48.962154388427734,61.78743362426758,28.49789810180664
979,-73.911962,40.760122,23.784416786178976,9.601652877837363,25.252404687000297,0.17410709611621283,0.1602459139758848,0.7297106886002986,0.13795763428448238,8.67206729643526,171,2639,252,260,174,211,215,173,142,149,159,143,142,101,115,70,51,74,65,75,68,26.2893123626709,21.565385818481445,1.7264525890350342,0.0,33.288204193115234,0.0,5.445723533630371,126.78180694580078,137.4953155517578,132.9302215576172
980,-73.909032,40.746127,30.86860898029374,12.633198810868473,17.723467263830713,0.16579589690549307,0.48884464554997337,0.7495119868512136,0.12980809652182948,6.858672482900352,166,1300,100,121,93,97,82,81,60,81,88,75,74,70,45,41,20,52,41,46,33,33.17972183227539,23.00697898864746,4.888332843780518,0.0,29.66085433959961,0.0,5.522418975830078,136.10902404785156,111.67340087890625,160.07159423828125
981,-73.893466,40.742284,22.436984637836083,10.959447053101686,26.594041875890785,0.10347091399871552,0.07477528340107686,0.7807527146897874,0.13671840633357965,6.742239256162901,185,1165,93,101,93,98,84,63,63,89,63,39,51,68,67,32,20,24,52,35,30,22.542699813842773,24.753938674926758,4.380829334259033,0.0,33.359954833984375,0.0,5.363228797912598,124.40460205078125,99.4805679321289,147.3422393798828
982,-73.867662,40.737441,24.079786476336032,12.785933728803666,22.25250905020195,0.15405270091274326,0.09413518403705798,0.6540419762594658,0.17808320229513605,7.284513481876307,152,6483,533,596,506,504,553,502,363,344,565,518,399,165,133,111,79,73,67,202,270,18.508590698242188,24.141555786132812,2.712785005569458,1.5299365507120966e-12,25.178939819335938,0.0,5.448704242706299,168.06192016601562,202.80738830566406,185.18008422851562
983,-73.85457,40.74102,22.419823815812283,10.282656709525147,26.760648201726386,0.09397559007696947,0.08230993758032332,0.7050544496566529,0.09456073050891167,7.048705680373772,231,2542,135,138,178,180,145,152,162,143,159,113,92,107,115,120,77,111,119,126,170,12.852313041687012,14.885809898376465,2.204991340637207,8.810479255882964e-12,2.0310428142547607,0.0,5.3910813331604,166.10714721679688,133.96739196777344,198.72227478027344
984,-73.756546,40.68605,14.708314500413504,21.31499757279863,26.449129316541885,0.14615101857228321,0.09144104278839386,1.105036177076735,0.14047880430479306,4.640150786162139,111,783,31,26,31,43,52,98,51,81,48,50,40,32,25,38,27,15,22,33,40,4.847366258386998e-11,20.712125778198242,0.9752273559570312,35.996986389160156,8.010970115661621,0.0,5.329714298248291,35.74228286743164,24.9458065032959,47.614505767822266
985,-73.860547,40.748996,29.661294486787572,9.698444770442114,22.7597971757253,0.229926241768731,0.30437774128384065,1.0129218300183613,0.13081166479322645,7.6241650515132475,192,12491,1022,1078,1016,1056,840,856,871,894,832,594,443,421,337,335,151,204,233,537,771,26.105222702026367,1.4213801622390747,1.3780282735824585,1.337035059928894,9.231319427490234,0.0,5.341618061065674,155.81625366210938,113.68153381347656,200.7221221923828
986,-73.922544,40.768034,27.534569634331604,9.170430677908438,21.255384727760596,0.19759831605134182,0.1760299117476852,0.7484298282199435,0.12287722693549262,7.175415180347584,180,2670,208,236,159,196,158,120,132,163,174,163,204,158,104,93,47,73,90,68,124,29.548662185668945,15.769458770751953,0.100848488509655,0.0,26.43857765197754,0.0,5.358945369720459,158.160400390625,149.7657012939453,166.05897521972656
987,-73.73229,40.731853,10.792249043782553,25.74822284557201,25.129283975671832,0.06281393545645254,0.047272576226128474,0.8085522828278717,0.12680583530002168,3.903322573061343,90,349,20,28,28,22,23,29,27,20,13,16,12,22,8,11,1,3,16,27,23,10.290764808654785,10.23998737335205,3.2051976090602396e-13,0.2734977602958679,8.168773651123047,0.0,3.8079469203948975,59.76750564575195,46.4059944152832,85.98552703857422
988,-73.866557,40.7486,30.50879831504529,7.9729244273196,22.291190796367218,0.26954703616656467,0.43441959972938265,1.1875923145018783,0.18048616048927135,8.358850347281601,217,13983,1073,1231,1067,1249,1033,957,1067,1005,906,698,535,444,317,339,187,262,265,526,822,39.58367919921875,9.97645092010498,0.09449222683906555,5.556849479675293,17.36126136779785,0.0,5.3039960861206055,177.64329528808594,153.33474731445312,209.69708251953125
989,-73.824388,40.758347,24.625011033649688,15.501406625353333,17.930481906681624,0.1996833060864155,0.125043201044139,0.7162617228705168,0.10511080423990887,7.497867350839864,158,2455,170,175,129,127,162,202,185,183,201,152,92,99,66,83,70,70,67,116,106,1.9455041885375977,6.300592236526195e-14,0.0,0.0,5.103175163269043,0.0,5.4170355796813965,230.79331970214844,191.2942352294922,288.9402160644531
990,-73.818581,40.774134,10.64499890362775,24.66908066361039,23.7899978072555,0.10044050805362653,0.014363041630497685,0.6677620499222365,0.15050888061523435,5.844086305594739,135,224,12,29,10,25,14,11,10,8,27,5,18,5,9,5,13,3,10,7,3,0.0,0.0,0.0,0.0,0.0,0.0,5.38829231262207,51.82572555541992,90.91671752929688,49.09251403808594
991,-73.811373,40.761744,16.331095647330237,18.822313944498696,24.1690911187066,0.10432965827710701,0.04470247210878314,0.8956508443813133,0.13862532798690025,6.1910057067871085,165,733,69,76,52,38,37,62,31,45,57,27,27,46,51,17,26,10,20,25,17,3.3960633277893066,0.0,5.588515761267843e-12,0.0,3.153226137161255,0.0,5.336719989776611,82.05963134765625,99.1221694946289,81.81262969970703
992,-73.92864,40.739438,24.4661236106421,6.222723577624169,29.63550796389951,0.08476174137674018,0.06664460321824497,0.9023375228929369,0.12175494636702017,6.157880111646802,214,846,63,74,80,69,60,47,39,47,47,39,35,51,32,21,13,23,45,30,31,26.73503875732422,16.828502655029297,6.262711524963379,0.0,29.562057495117188,0.0,5.592011451721191,151.9114227294922,158.90084838867188,131.72885131835938
993,-73.8181,40.751972,18.908001910681016,15.285807203972475,25.074991248119833,0.1327992581773078,0.03370350804822198,0.9158726396231818,0.16318091030778553,7.433084948309537,145,1181,58,59,65,62,75,66,86,65,65,147,82,54,56,80,26,20,28,55,32,1.471717322473646e-20,2.7381103027274145e-13,0.0,0.0,3.06449818611145,0.0,5.357321739196777,121.13721466064453,118.89766693115234,125.29257202148438
994,-73.789365,40.764884,13.204439481099449,21.495908812472702,23.906230089957255,0.0807985924837882,0.09530970924778988,0.6973764352631151,0.12760392406530546,6.285312719512405,152,473,23,44,36,33,40,42,26,32,22,33,17,11,13,12,16,21,15,20,17,0.0009693797910586,0.3158682882785797,6.624854564666748,0.0,6.1200971603393555,0.0,5.176860332489014,60.697471618652344,73.23416900634766,63.674991607666016
995,-73.777607,40.735935,11.219407678619634,28.540885480761865,18.395747208013766,0.053737092470412015,0.013323528010670731,0.34482563091164353,0.07723702324761285,6.248361954521035,123,175,9,11,11,22,2,14,21,5,9,5,1,10,5,9,2,9,1,25,4,15.862133979797363,22.019725799560547,6.207041263580322,2.515627138023613e-13,9.563047409057617,0.0,5.471480846405029,43.97343063354492,47.10439682006836,61.37989044189453
996,-73.854268,40.747017,16.906183853484034,15.781002086505554,26.84864119479531,0.12920258337991278,0.05519892040051912,0.8133578718754282,0.11267557478787606,6.2409281730651855,152,2748,216,187,177,181,198,176,177,201,176,135,122,98,101,93,59,67,90,103,191,3.238713026046753,9.177584648132324,8.180481910705566,4.8154475199013724e-12,7.15396785736084,0.0,5.442111015319824,129.01922607421875,82.44159698486328,173.57843017578125
997,-73.842967,40.778029,18.688726552327477,12.62271525065104,28.994538370768225,0.06577529907226562,0.01435394287109375,1.2930346171061198,0.2326133728027344,6.723208109537761,125,409,43,23,22,15,20,30,24,30,18,12,18,15,27,18,15,14,16,27,22,6.547623229193056e-13,6.37806335523905e-11,0.0,0.0,0.0,0.0,5.552292823791504,75.61031341552734,56.91044235229492,93.82047271728516
998,-73.768994,40.757701,14.490883791888198,17.11592020811858,26.188421425996,0.12333975897894965,0.02555529276529948,0.7623435832836012,0.16916010114881727,6.77196326079192,180,1875,296,253,245,238,96,66,76,92,70,63,63,52,48,50,60,40,17,28,22,12.255867004394531,4.050579858506931e-13,3.260331392288208,0.0,9.659579277038574,0.0,5.250339031219482,62.245933532714844,88.20970916748047,56.04374694824219
999,-73.794323,40.765459,11.94962770510943,27.375727677956604,20.421596673818733,0.0537561758970603,0.016907912034254808,0.6444581349690754,0.09397849058493589,4.761566504454001,130,241,8,23,18,25,26,28,7,11,13,14,12,5,5,4,8,14,8,9,3,1.6210722923278809,1.7163947129902879e-12,9.035719871520996,0.0,0.6500362157821655,0.0,5.140117168426514,46.36874008178711,54.438636779785156,47.57845687866211
1000,-73.734102,40.727172,14.384482020423523,23.20561257619706,23.43337989988781,0.06507918948218935,0.013587588355654762,0.7944088133554611,0.1420933102804517,5.371491492740692,84,18479,708,801,662,752,650,781,889,1007,1170,1111,1124,1207,1193,1054,878,861,1249,1232,1150,10.189501762390137,11.174787521362305,0.9081532955169678,13.813486099243164,3.0360219478607178,0.0,2.857988119125366,66.74858093261719,59.84006118774414,74.15740966796875
1001,-73.737702,40.710986,15.791000198640257,14.407028030671505,31.04936787016324,0.12434040237150758,0.04000996434411337,1.1063312067233932,0.1614590331873536,4.229960823551937,129,899,87,60,54,80,61,57,59,59,67,32,37,58,38,21,25,20,16,35,33,19.297744750976562,1.7899274826049805,5.979182243347168,37.44535446166992,3.4980030059814453,0.0,4.362942218780518,54.62007522583008,53.19390106201172,63.3598518371582
1002,-73.768894,40.713438,16.318235362785444,13.226097217504533,30.060274704642918,0.11256138483683267,0.17641938250997793,0.9077740752178691,0.14181638109511224,5.242759594018908,184,1758,118,144,127,152,115,141,117,104,102,78,81,47,72,75,41,44,73,63,64,11.438714027404785,7.102863311767578,5.360530853271484,1.388935923576355,7.154781818389893,0.0,5.152997016906738,74.43605041503906,59.57862091064453,89.34465026855469
1003,-73.764081,40.691306,16.467794246627182,13.160756150591405,31.187677267404084,0.10456354368632148,0.15691260641798774,1.1560180181424407,0.19811388929975007,5.669614926451894,137,1984,68,109,77,109,124,125,167,210,146,114,128,99,112,99,51,29,59,83,75,9.751176834106445,16.565284729003906,1.74568262623076e-10,5.820352077484131,4.090577125549316,0.0,5.372219085693359,56.505470275878906,55.24977111816406,50.6473388671875
1004,-73.758778,40.676201,13.267536421079889,15.542480107900252,32.26475629720602,0.1243488208667652,0.10827811988624367,1.068208239100001,0.13006206031318185,3.9441018491177937,148,742,26,37,38,45,53,61,32,46,61,55,51,66,38,25,14,17,12,30,35,9.69514274597168,0.6318321824073792,11.976325988769531,18.10585594177246,7.152990818023682,291.8899230957031,5.065825462341309,40.2178955078125,45.60639190673828,38.87620544433594
1005,-73.733774,40.67115,11.684664896720854,19.567220337724915,30.988507339919824,0.07150345954342165,0.09088285879236489,0.7840292465283675,0.11739822977406966,3.686518369665469,138,786,69,44,21,26,45,69,45,74,73,72,38,53,20,22,12,13,28,37,25,1.7738111326992545e-12,3.62138032913208,0.0,0.15234330296516418,1.0218700170516968,0.0,5.0355706214904785,29.293235778808594,28.247554779052734,39.525047302246094
1006,-73.790975,40.693559,17.88928953267761,15.467360060093771,27.9948792215121,0.2213591236179158,0.03793037543862553,0.9662964923233637,0.15190981202206372,4.887534804263358,118,5186,354,331,471,458,422,325,434,291,244,271,230,193,140,149,103,132,151,217,270,14.092517852783203,21.692657470703125,11.917259216308594,143.34405517578125,13.896646499633789,0.0,5.389017105102539,64.01927185058594,45.23342514038086,88.03631591796875
1007,-73.771225,40.770155,11.259825317947955,28.337960773044166,21.998613498829027,0.0880093044704861,0.0253952874077691,1.0297598662199796,0.16455544365776908,4.307768786395038,90,368,24,30,47,22,31,27,42,26,14,22,20,20,9,5,11,4,5,5,4,4.677502959613e-13,2.6985377907934316e-12,2.7173643112182617,0.0,1.378681348772337e-12,0.0,5.325646877288818,34.842079162597656,41.901737213134766,33.75828552246094
1008,-73.794804,40.594358,19.077404938291046,7.600565195938164,34.757519793766804,0.14110483149046538,0.16181973146281364,0.9112552929950015,0.1323231659482457,3.8621772574694773,93,1980,64,84,120,61,115,119,88,94,170,172,145,126,117,95,105,89,56,73,87,0.0,1.152283787727356,0.0,0.0,0.0,0.0,3.7738606929779053,58.45358657836914,51.380950927734375,65.99453735351562
1009,-73.761086,40.59348,18.727442797492536,4.981356664420732,37.708577922746244,0.12644724129072202,0.02389234655043658,1.214200686785131,0.23619614395440794,2.74809949538287,102,2198,126,161,129,126,158,192,189,91,176,108,104,93,96,111,58,65,74,66,75,0.0,0.0,0.0,0.0,0.0,0.0,5.097719669342041,64.78604888916016,54.931617736816406,80.05319213867188
1010,-73.788866,40.671871,13.35435764763945,14.965167096866079,30.672612959338768,0.07912420457409274,0.04085786880985383,1.1237817169517597,0.15107103573378694,4.624653477822581,155,3745,250,289,241,604,286,191,271,231,301,209,145,112,92,113,36,31,52,118,173,9.003771781921387,6.375748157501221,6.38733979762422e-17,8.06022834777832,3.0674681663513184,0.0,5.371270656585693,49.95039367675781,48.025630950927734,69.11265563964844
1011,-73.758042,40.745744,10.87246582777858,25.482838306951965,21.392131945408813,0.06077238543682507,0.01819505604035264,0.5468762249027918,0.12727410786013357,4.627922769715662,109,375,35,22,49,28,33,33,21,15,16,14,13,17,14,15,11,4,18,7,10,16.203914642333984,5.384097099304199,1.097510814666748,0.0,8.16356372833252,0.0,4.559558868408203,54.28934860229492,49.109771728515625,76.35311126708984
1012,-73.820445,40.606352,28.26331346884541,4.94106665424917,34.81918568812111,0.1814462215964365,0.0918859722970546,1.8159954027197827,0.13350051938345606,5.215596970013731,87,296,25,22,16,24,11,38,7,26,13,10,11,20,17,17,5,9,13,6,6,2.0966865396654377e-12,1.4753798246383667,0.0,1.39406418800354,9.700235068521579e-07,0.0,5.804878234863281,30.191062927246094,30.960472106933594,28.814428329467773
1013,-73.796358,40.693736,18.48419863193189,15.713805582985952,25.90298225630575,0.13420522509522698,0.05733717733354711,0.9398628823199676,0.1820054220322946,6.828444988573368,134,4033,221,248,330,295,379,292,329,213,188,157,186,149,97,99,56,123,143,216,312,12.66966724395752,20.079391479492188,9.78812026977539,133.7019805908203,6.1367974281311035,0.0,5.432541847229004,81.19087219238281,54.33653259277344,116.24908447265625
1014,-73.875493,40.719567,12.176992114545518,22.974890089195593,23.979714101412483,0.0994491256045974,0.08533747509272412,0.7144061001864348,0.12157051651566113,4.798115784873064,198,249,12,16,6,19,17,33,13,37,15,14,12,10,6,9,2,12,7,4,5,0.0,20.009130477905273,0.0,2.549692392349243,1.4719421767062958e-14,0.0,5.471323013305664,43.174652099609375,56.280601501464844,61.649349212646484
1015,-73.806842,40.694868,18.19054461315851,8.836141168302813,31.990522837770573,0.1256616076053177,0.033293244588440955,1.0489978403895817,0.1952914243244993,6.475653393712054,181,1629,124,72,85,120,115,114,88,94,108,101,83,75,58,60,51,50,42,80,109,28.861230850219727,17.841068267822266,19.027423858642578,48.07219314575195,19.576017379760742,0.0,5.328100681304932,88.40776824951172,65.39433288574219,107.60321807861328
1016,-73.831532,40.698286,27.97642409801483,12.082714835802715,22.117820978164673,0.13022780418395993,0.28885801633199054,1.0679145654042559,0.12264132499694824,7.533842325210574,160,21983,1226,1581,1680,1317,1306,1062,1075,1232,1238,1091,1243,1241,1149,915,775,874,1000,967,1011,17.51511001586914,16.008102416992188,19.72267723083496,13.909891128540039,17.73765754699707,291.8016052246094,5.403695583343506,96.26994323730469,121.66151428222656,83.50843048095703
1017,-73.767161,40.661427,16.731643676757812,10.466014587127415,33.69277619026803,0.0688106090098888,0.08095277322305215,1.108967506133758,0.19916070474160685,6.535877837791099,148,801,34,37,30,41,44,83,50,61,83,37,27,40,38,34,13,23,22,54,50,16.288373947143555,2.854098320007324,7.518115997314453,1.3548887968063354,3.0757968425750732,0.0,5.327735900878906,54.1629524230957,50.051719665527344,59.62385177612305
1018,-73.749891,40.604019,22.547434980396346,11.294679505205837,27.92286141518435,0.19926898074783916,0.19109292995710314,1.2188425824686058,0.2000034464892678,5.928858852581501,163,14835,904,796,795,709,683,591,723,794,948,948,900,884,862,795,632,620,672,792,787,0.0,0.0,0.0,0.0,0.0,0.0,5.471686840057373,115.79342651367188,128.05580139160156,111.85652923583984
1019,-73.824629,40.702656,20.510480441236393,11.71444737137831,27.69856591619368,0.07209948511998393,0.2679543207155778,0.9926254050576981,0.12627074649136605,7.217772908392101,149,1638,112,122,121,83,95,82,104,126,121,109,132,112,41,48,52,36,44,40,58,9.119044303894043,19.887340545654297,5.010247707366943,64.00875091552734,6.1314873695373535,1.1908976147593052e-19,5.257639408111572,76.04425811767578,56.10147476196289,104.5597152709961
1020,-73.816156,40.69361,22.022775849107955,9.264702748770667,29.33834409874296,0.09354485405815972,0.1129362318250868,0.963538905185481,0.12333352959115901,6.310876210530599,198,1408,118,108,104,137,105,91,90,86,55,68,69,74,58,53,32,42,41,37,40,6.493114948272705,14.55418872833252,2.718597412109375,13.078328132629395,11.442564964294434,0.0,5.380218505859375,62.64111328125,47.46739196777344,88.30028533935547
1021,-73.835735,40.698989,24.98282595797702,17.601313032545484,19.67398703635276,0.11079805391328826,0.2233938268713049,1.1690069318891643,0.11737411086623731,7.693595542564049,185,21774,1200,1567,1671,1287,1281,1055,1057,1206,1204,1080,1244,1256,1132,912,759,878,995,970,1020,15.362017631530762,13.209386825561523,30.38690757751465,13.581255912780762,37.37762451171875,0.0,5.405391216278076,93.24391174316406,110.88920593261719,79.63581848144531
1022,-73.890638,40.728517,21.890602675564764,10.994530507104933,28.30175750557034,0.03352533224572493,0.1352789366773784,1.0081975526606115,0.17817564590028162,5.2055672080254505,203,1053,70,49,72,60,63,65,84,70,85,51,57,59,58,61,29,26,43,30,21,7.006492321624085e-45,25.690786361694336,7.687680244998496e-13,0.0,6.126583099365234,0.0,5.565262794494629,102.40628814697266,132.0990447998047,85.0827407836914
1023,-73.752772,40.681881,13.189256838125777,12.461084912913714,33.87714134630306,0.14738204867340798,0.0525563262229742,1.2296392012012094,0.17240435578102292,4.470296238743981,172,1834,161,115,139,137,102,114,99,79,84,103,91,80,53,41,32,38,52,215,99,6.604557514190674,18.307626724243164,0.8637567758560181,28.356834411621094,10.21151351928711,0.0,4.936524391174316,40.73859786987305,51.668601989746094,40.61649703979492
1024,-73.852792,40.691467,25.50304115717135,14.881105758436957,20.74218906549553,0.12789475458550892,0.4226532813092972,1.0765411146921129,0.18140882303566988,7.512459363569967,199,2041,116,146,142,126,145,110,144,160,140,127,137,119,67,48,43,40,70,78,83,23.141956329345703,21.39010238647461,36.041748046875,2.383463704180855e-10,57.38655471801758,0.0,5.321646213531494,91.75430297851562,82.08817291259766,100.93293762207031
1025,-73.862886,40.741898,20.096224781432884,12.665142038817047,26.48746309314577,0.16278126761050207,0.03763937181042087,0.8747119630109451,0.14578723565651952,6.920141302129273,186,2200,136,209,205,172,167,132,113,164,135,97,89,85,101,54,61,42,62,76,100,16.19687271118164,7.0952467918396,2.085040256769033e-12,1.605302002438691e-11,18.91098403930664,0.0,5.451597213745117,140.4163055419922,104.09769439697266,190.69570922851562
1026,-73.835567,40.688359,18.851301601394216,12.173076519750271,27.574014663696296,0.11309125295882363,0.13774471518434125,0.7814071796558523,0.13006802939583734,7.469888969703957,162,1599,92,91,112,107,120,104,95,111,91,92,95,64,69,58,48,38,71,61,80,1.609941840171814,16.793392181396484,2.329165194048244e-10,16.390186309814453,4.785783767700195,285.52935791015625,5.421949863433838,94.5006103515625,69.81651306152344,119.64434051513672
1027,-73.846796,40.676978,18.84061740815506,14.306564885764576,27.439286831508017,0.06368197584045547,0.09680028996478258,1.1572831429091077,0.2203341831830257,6.697043049788848,149,703,42,43,50,43,56,36,40,58,42,28,31,36,48,37,21,13,28,25,26,1.6222999095916748,20.937808990478516,0.0,4.419860943016829e-06,5.10701847076416,0.0,5.302987098693848,72.72708892822266,62.9912109375,82.95975494384766
1028,-73.856956,40.681901,20.59811394790124,12.338669729415486,26.791676342258967,0.10629558928624878,0.2477390099302562,1.0947163534347126,0.12624382515976712,8.316055385545752,174,2739,121,144,162,184,229,271,290,288,234,189,101,78,181,49,31,55,45,48,39,20.176010131835938,18.27617645263672,7.402228355407715,0.0,13.51567268371582,0.0,5.448575496673584,95.92302703857422,65.29875946044922,127.03294372558594
1029,-73.841675,40.682293,26.192515236990786,7.822142858353873,26.209766297113323,0.14651343936011904,0.2883473653641958,1.212907670036195,0.15395997062562009,6.244786580403645,210,16743,775,874,898,978,876,819,950,1087,1085,996,956,827,743,754,607,664,892,978,984,0.0,28.14717674255371,0.0,16.673072814941406,5.358330236049369e-05,291.71331787109375,5.176085948944092,79.6404037475586,71.25898742675781,92.01206970214844
1030,-73.846135,40.697941,23.98044294346877,20.361905019791408,18.640860052056652,0.09557744844363686,0.22822494715289338,1.035419057627193,0.13459210838776467,7.206672918601115,122,1471,81,125,95,87,103,98,121,104,82,56,83,89,67,27,18,45,36,75,79,0.29918137192726135,5.603490352630615,74.53657531738281,4.454185955486018e-24,56.28291320800781,291.7574462890625,5.557398796081543,76.31825256347656,64.09480285644531,87.66284942626953
1031,-73.734832,40.762241,10.515126010827853,32.522539506878765,21.040417520623457,0.07965824060272751,0.025245264956825657,0.6595220063862048,0.10945771869860198,2.914126546759354,95,117,12,10,2,3,11,15,11,6,3,9,10,8,4,5,0,0,2,2,4,4.854494571685791,0.0,0.0,0.0,1.0217485427856445,0.0,4.090457439422607,27.028011322021484,33.74938201904297,20.64427947998047
1032,-73.897372,40.696961,20.9912072366743,13.902811980366115,24.3587111952293,0.12918942010224754,0.16701114711476794,0.9006827624876108,0.11614685627951553,6.704999202519509,134,1690,153,132,112,127,124,120,114,131,111,76,66,94,66,49,49,47,43,34,42,7.2398176193237305,15.806279182434082,6.392473039795732e-08,0.06465401500463486,0.6084017753601074,0.0,5.41952657699585,87.31507110595703,68.01720428466797,120.43983459472656
1033,-73.888457,40.748804,34.261338819157,8.654281587311713,17.743941328742288,0.4500985145568848,0.43648499431032123,0.6845918568697842,0.1509536396373402,8.624673070329608,176,11962,1094,958,1133,1104,988,789,650,781,853,678,510,485,325,261,102,166,160,249,676,17.492216110229492,26.52751922607422,0.0,0.0,2.043158531188965,0.0,5.405790328979492,199.69248962402344,172.70932006835938,225.6679229736328
1034,-73.913964,40.761762,25.52442999447094,7.646062888351142,25.504005656522864,0.24979030384736906,0.19185645907532933,0.8700238022149779,0.13705496694527422,8.09488577001235,170,2643,183,219,167,207,188,138,122,129,161,158,230,139,124,75,51,72,88,98,94,25.972898483276367,21.245803833007812,5.236635843175463e-06,0.0,37.32404708862305,0.0,5.446888446807861,118.15728759765625,110.55048370361328,125.7771987915039
1035,-73.904798,40.711388,21.174488549737188,11.288153089429905,25.748215655768274,0.08968094137230943,0.2658286554176849,0.9910743195110399,0.16352079490914728,7.591069027145892,211,1694,141,91,105,118,145,122,108,136,98,74,77,89,70,50,61,53,58,46,52,44.1008186340332,13.152663230895996,60.68451690673828,0.0,15.995223999023438,0.0,5.409903049468994,89.73468017578125,91.88094329833984,89.270751953125
1036,-73.775643,40.675014,13.505667957064206,26.318989115313062,24.702805921065906,0.1055152619837401,0.024286380484084453,0.9258827230490275,0.2158396171801018,4.079900168847119,121,2183,104,132,131,140,130,144,161,216,153,132,129,95,78,77,54,61,60,105,81,11.47793960571289,9.835558891296387,0.794282078742981,20.52540397644043,7.143990516662598,0.0,5.300298690795898,99.01652526855469,85.71849060058594,139.84451293945312
1037,-73.893318,40.728558,20.97093512614568,11.183343165450625,27.619115014870967,0.06857464710871379,0.18588503201802573,1.0494978891478643,0.16576945781707766,6.037114891741012,192,770,47,34,53,58,53,44,59,53,61,24,45,35,35,42,31,20,36,21,19,0.0,29.435693740844727,6.993563714252637e-13,0.0,6.0863776206970215,0.0,5.539280414581299,109.55841827392578,127.82608795166016,92.5616683959961
1038,-73.766653,40.744743,9.212213754653929,28.407465749316746,23.592395914925472,0.06546709272596571,0.05014340082804362,0.6635540061526828,0.14404058456420896,3.3107747634251905,96,111,19,7,7,5,5,4,0,6,4,4,6,5,5,8,1,7,10,2,6,18.484909057617188,17.563528060913086,2.2915146350860596,0.0,11.226966857910156,0.0,5.577287197113037,21.952329635620117,57.9725456237793,21.931926727294922
1039,-73.904888,40.698699,25.585566344836078,7.938283216868734,24.284630971597444,0.16969958095685808,0.34763424109059865,0.782075841376122,0.11437886150170726,6.595138624204811,188,4161,379,325,273,281,312,275,244,259,233,216,200,176,178,187,102,112,93,161,155,15.439638137817383,27.622360229492188,6.891809940338135,0.0,10.009387016296387,0.0,5.411276817321777,140.48960876464844,146.7340545654297,137.68809509277344
1040,-73.94163,40.760862,23.45092439912056,7.076186299975454,29.776768345650428,0.14184263885998336,0.06514377281314036,0.9683126960295795,0.12930963860183464,6.337578570256466,122,2138,154,205,132,123,102,132,119,131,121,96,90,141,93,57,60,72,82,100,128,13.800718307495117,17.1389217376709,2.7165422439575195,0.0,19.940940856933594,0.0,5.306441783905029,94.11514282226562,106.27416229248047,71.3145523071289
1041,-73.902147,40.699101,26.098172388214994,9.112684623054838,22.427208527274754,0.16179775846177252,0.28423779252646625,0.8276324341262594,0.12807742409084155,6.282949447631836,184,3796,347,296,244,250,283,251,227,258,218,197,191,179,172,161,105,99,72,117,129,22.758832931518555,23.41254997253418,6.75338888168335,0.0,8.202287673950195,0.0,5.3785247802734375,131.8080291748047,139.44924926757812,128.7134246826172
1042,-73.957177,40.744368,38.760084828371724,4.090523593640202,20.812057313464933,0.2240128828314456,0.16246876388630538,0.9788926947053778,0.1490922621738763,6.880151153241516,189,10700,601,547,529,499,485,679,477,505,573,612,555,615,510,524,361,526,658,705,739,35.422969818115234,15.740276336669922,65.01446533203125,7.403509771387873e-13,27.15354347229004,0.0,5.713075637817383,236.69989013671875,192.8874053955078,280.9203186035156
1043,-73.817338,40.786201,13.172281592337837,19.594009120110606,27.899653557867442,0.06654551952560513,0.058386918437274206,0.8778491231517754,0.1663970579761071,4.708430670589382,173,182,10,19,10,13,15,11,8,11,10,11,11,8,6,6,9,6,7,4,7,0.0,0.0,0.0,0.0,0.0,0.0,5.551485061645508,44.85007858276367,61.03758239746094,45.343299865722656
1044,-73.769119,40.673483,12.680888424317041,27.67110268274943,21.263700723648075,0.10598848263422649,0.013425946235656738,0.7413424551486968,0.12596721450487772,6.08289415637652,128,986,37,55,64,63,69,69,78,83,71,54,48,43,87,49,33,18,19,23,23,1.397449016571045,5.9431023597717285,0.0,9.51129150390625,1.023419976234436,0.0,5.35995626449585,82.99118041992188,63.21607971191406,103.14111328125
1045,-73.911885,40.703942,28.28143119812011,8.095437592151118,21.017057381424248,0.1726361817004634,0.28486476225011487,0.8302735347373813,0.13249472075817628,7.104514813890644,170,3344,225,204,221,233,305,276,230,242,250,182,134,146,101,97,78,95,87,111,127,22.79078483581543,27.435806274414062,13.714497566223145,2.0317292986904434e-11,7.152774333953857,292.15533447265625,5.460834980010986,174.2455596923828,118.2475357055664,230.8214569091797
1046,-73.8122,40.703897,21.900187219892228,7.2368433078130066,29.828660686810814,0.1774467173076811,0.158001979192098,0.8946197373526434,0.12976470447721936,8.03438396680923,224,5310,259,243,347,368,292,266,258,406,453,372,335,281,162,124,129,147,189,322,357,6.232263331185095e-06,22.726306915283203,1.1812828276322462e-12,54.440208435058594,10.605639457702637,0.0,5.316431999206543,92.98433685302734,83.52352905273438,103.32756805419922
1047,-73.875053,40.736886,19.237576397982508,11.421451713099621,26.36211510860558,0.14324852914521188,0.05639596418900923,0.9217217474272758,0.15227982492157907,5.983591946688565,220,4675,312,371,272,272,329,300,305,269,268,307,195,177,199,230,63,55,148,223,380,15.217729568481445,21.484237670898438,7.088348388671875,1.9344237583290846e-12,16.288650512695312,0.0,5.253716468811035,139.79640197753906,115.88997650146484,173.28448486328125
1048,-73.906117,40.771154,18.302086652335475,13.03984809056514,27.318152734788796,0.10589646305292563,0.12658401173162373,0.7537888492792565,0.11523169537273055,5.861404117217844,177,1005,88,99,78,76,57,49,45,38,51,50,77,53,57,38,20,28,42,26,33,23.94085121154785,18.295963287353516,5.438017845153809,6.749924560016355e-22,16.596145629882812,0.0,5.3995771408081055,79.54869842529297,68.23982238769531,91.35295867919922
1049,-73.915039,40.773126,26.063942140148537,12.255069944593643,21.55671564054318,0.1301319368423954,0.26180718534736225,0.728381577358451,0.11801480392401363,7.358408486971292,186,893,58,63,81,62,66,65,47,57,48,53,58,44,20,24,29,25,25,30,38,0.6381796002388,12.944475173950195,1.0867812633514404,0.0,11.111150741577148,0.0,5.31696891784668,104.82576751708984,86.35266876220703,121.65706634521484
1050,-73.803001,40.709461,17.518042882283524,15.2431394788954,26.59768189324273,0.12973446316189235,0.10302734375,0.9180501302083334,0.14342647128634983,6.225388632880317,150,4964,417,258,308,320,393,323,294,363,467,403,273,243,127,102,61,89,165,181,177,40.334625244140625,23.03692054748535,33.367984771728516,57.78518295288086,19.514667510986328,291.88995361328125,5.43228006362915,111.39457702636719,137.91397094726562,110.33628845214844
1051,-73.871674,40.711559,20.300070957470968,11.713264834496282,28.18215329159973,0.11460140187253234,0.09443221553679436,1.0988455946727467,0.20065589617657403,7.136654597456738,124,683,39,31,53,53,36,35,41,52,51,37,23,21,23,33,34,23,27,25,46,17.829133987426758,1.3744900226593018,2.4932923316955566,4.256245136260986,10.448803901672363,0.0,5.287951946258545,82.81434631347656,69.4997329711914,97.38609313964844
1052,-73.896437,40.704105,26.78233387188517,11.273462473820546,21.907284819049597,0.10837289181125646,0.22075390689587468,1.0382354574859456,0.14561042583808695,7.7717284887135545,189,15148,641,644,695,867,879,1130,1005,1030,1042,850,794,820,873,799,597,574,692,551,665,18.222110748291016,24.17171859741211,22.867942810058594,2.0412895332388992e-11,7.339107513427734,0.0,5.430777072906494,124.46239471435547,93.64823913574219,154.2845001220703
1053,-73.879641,40.745963,32.309491674327326,9.467230251603507,18.1436060971166,0.2767790185228628,0.4652932591500451,0.7420323192518293,0.13955700552885317,7.570703779962921,179,6811,685,642,497,480,427,371,424,464,393,339,299,230,266,178,138,123,144,226,485,27.302391052246094,21.45482063293457,0.30126839876174927,0.0,1.030714988708496,0.0,5.487412929534912,276.7149658203125,185.65179443359375,368.2909240722656
1054,-73.839517,40.696653,27.88274460010699,17.85487505766723,17.26288666596284,0.1236851150925095,0.2705784531326981,0.9527212864643818,0.12758014438388585,8.2210381825765,148,2407,153,204,155,116,204,172,139,138,126,128,159,166,67,67,53,73,60,119,108,11.454204559326172,10.11235523223877,59.004154205322266,1.0579181086711742e-08,46.64392852783203,0.0,5.560649871826172,79.33287048339844,70.22599029541016,88.89427185058594
1055,-73.883995,40.703503,19.93184709936623,15.740772379123106,23.58868160868079,0.08729066306013401,0.12475649515787762,0.8906916874211009,0.18261118632991138,6.846546157588804,164,1500,74,76,116,112,139,147,127,116,87,70,48,56,64,39,43,43,43,36,64,21.792016983032227,19.75685691833496,2.667267322540283,1.963332101062587e-11,15.21275806427002,0.0,5.472687721252441,94.23284149169922,86.87294006347656,101.97306060791016
1056,-73.868773,40.755983,22.78054502275255,9.057484556127475,27.397976451449924,0.16456974877251518,0.14451062237774884,0.8552588356865776,0.1502639276010019,6.298906361615218,180,4828,403,322,370,502,366,381,289,324,306,244,223,164,148,171,98,93,99,134,191,11.349298477172852,2.7285237312316895,0.2538672983646393,0.0,9.209066390991211,0.0,5.204257488250732,137.01815795898438,99.5694351196289,175.07627868652344
1057,-73.903057,40.705609,28.43449271582311,9.688572790108475,21.26693896997988,0.13852867425656787,0.2411708333133872,0.7331223269693211,0.1446430979211346,6.923421535616606,204,2043,127,126,140,160,161,140,162,156,182,122,87,90,78,68,61,50,47,47,39,29.551433563232422,25.11261749267578,39.408626556396484,1.961042959963688e-11,19.454448699951172,0.0,5.536830902099609,119.3515625,93.29034423828125,163.4084930419922
1058,-73.738703,40.771258,12.044050207185501,24.137473225000484,25.95631755999665,0.12349655379110308,0.06406413975046642,1.2363875090186278,0.1709677093657688,4.2706826433020435,67,319,24,23,20,15,39,27,30,18,15,24,23,12,12,12,6,2,9,4,4,0.0,0.5764597654342651,0.0,0.0,3.964350007122641e-13,0.0,4.006079196929932,33.79228210449219,33.46369171142578,37.12712860107422
1059,-73.783283,40.711295,20.536058671909753,9.949401874638081,28.80261323759504,0.193835662637324,0.1110412367624254,0.9355698398609255,0.12120881072640217,7.1382546544674055,199,3678,237,234,204,278,299,275,207,298,231,210,221,171,94,138,62,66,128,135,190,23.2912654876709,22.67488670349121,12.05428695678711,58.46481704711914,18.175668716430664,0.0,5.121259689331055,118.86787414550781,117.07099914550781,132.93223571777344
1060,-73.808128,40.675369,15.819490107567868,15.671091103978434,28.613080808527904,0.10057211528904264,0.05440699841836633,0.9898991378512396,0.14869432716272563,6.975656611318807,131,1811,111,148,93,100,92,208,185,174,117,72,53,63,77,50,44,45,48,61,70,19.5600643157959,14.806313514709473,0.5442135334014893,12.846003532409668,7.1654863357543945,4.700967171089587e-09,5.304961204528809,55.53740310668945,47.866607666015625,62.53302001953125
1061,-73.860031,40.694232,24.623038532497645,24.079237542710864,15.075377515844394,0.15507732425724066,0.15402269792986348,1.1687540793204092,0.13960460284808734,7.1598310728330885,148,1222,74,99,76,83,87,58,86,85,51,56,79,93,42,35,31,22,38,56,71,0.0071092089638113976,14.191658020019531,0.7506058216094971,1.9851378874058412e-10,1.619503359542862e-12,0.0,5.672004222869873,93.4876708984375,70.64808654785156,116.79135131835938
1062,-73.749998,40.768906,9.36618135088966,36.69033504667737,19.214303152901785,0.10841687520345052,0.04697527204241071,1.1591928345816476,0.15266395750499906,3.7649364698500856,56,50,1,1,3,6,4,2,4,9,2,3,2,0,2,2,2,0,0,1,6,0.0,3.936874264087731e-12,0.0,0.0,7.645115009807801e-13,0.0,4.915700912475586,29.104650497436523,35.267642974853516,24.933624267578125
1063,-73.827722,40.711502,16.325050153230364,23.3589470177366,20.399847030639652,0.17888353582014116,0.05930549220034951,0.7098142724288138,0.09234478599146793,6.19111094558448,190,7699,87,116,222,306,304,497,339,430,404,471,521,504,542,598,231,272,296,760,799,15.712294578552246,21.00691795349121,9.253637313842773,2.7810449600219727,11.228029251098633,0.0,5.176599025726318,153.6676483154297,140.82046508789062,166.69139099121094
1064,-73.821545,40.679694,18.070290883382164,15.543757252309517,26.066422298036773,0.12990491143588362,0.08008233432112069,0.6989281753013874,0.19280598081391434,6.409360293684334,145,1455,91,135,107,81,78,87,84,122,78,71,84,55,64,46,36,39,64,66,67,9.001093864440918,13.524152755737305,4.3538432121276855,9.063014721194905e-19,5.484355449676514,0.0,5.4322967529296875,91.8881607055664,83.35322570800781,101.16724395751953
1065,-73.8434,40.715543,9.782887116456642,40.18220310537224,12.739462933988653,0.12369889479417068,0.017723670372596152,0.41330798059447205,0.03295474582248264,3.8983962474725193,156,77,11,5,7,9,6,9,4,3,4,2,6,1,0,2,1,0,4,2,1,8.095993995666504,17.332996368408203,3.5443098109211313e-12,4.585394382476807,5.102718830108643,0.0,5.410778045654297,34.804603576660156,37.81344985961914,32.161415100097656
1066,-73.878243,40.733033,20.410876582014208,12.105159692947359,26.907352627259893,0.12419236268048513,0.031040850734211388,0.8138754813042821,0.13763584183564775,5.737399056319791,191,2984,193,214,164,134,182,196,201,148,179,155,84,110,149,168,39,40,121,189,318,6.075080394744873,26.460474014282227,11.482705116271973,2.0647171038862266e-12,16.324628829956055,0.0,5.470622539520264,110.76143646240234,100.24720764160156,124.28369903564453
1067,-73.764621,40.608002,12.266982396443689,19.67837905883789,29.71727180480957,0.11369705200195312,0.0080413818359375,1.0754337310791013,0.14911206563313803,3.3307323455810547,50,213,20,25,11,10,22,8,14,12,17,12,7,14,17,7,2,6,3,4,2,0.0,0.0,0.0,0.0,0.0,0.0,3.928744077682495,30.513107299804688,32.18342590332031,35.7417106628418
1068,-73.780961,40.595911,20.13996531454365,9.442680158865139,33.85816531234913,0.12862959158108028,0.07235709201084094,1.211001721214266,0.24964228997962754,2.9806972889418013,89,3363,197,214,304,375,290,186,218,190,303,177,155,165,135,92,69,64,79,83,67,0.0,0.0,0.0,0.0,0.0,0.0,4.501808166503906,78.00863647460938,59.60111999511719,114.98110961914062
1069,-73.766846,40.594738,19.232020073065456,5.230855139016303,34.95270507504241,0.11576899775752314,0.4038319443211411,1.1916298657555369,0.19498786540946572,2.2772798634538747,99,1807,121,122,99,137,123,115,98,89,143,104,101,94,92,79,53,47,60,58,72,0.0,0.0,0.0,0.0,0.0,0.0,4.879909515380859,62.25961685180664,36.173221588134766,87.08911895751953
1070,-73.799476,40.755364,13.42340196881975,26.451357281397264,20.803230527847536,0.052868071056547616,0.0012969970703125,0.9382338750930058,0.1920112730964782,6.58147448585147,105,171,18,10,9,5,10,12,14,15,6,9,10,10,4,11,2,11,4,4,7,3.953968048095703,3.301076889038086,4.277670383453369,0.0,6.120097637176514,0.0,5.387754917144775,33.19780349731445,44.31037139892578,47.660518646240234
1071,-73.831025,40.679083,17.190832138061527,12.620528750949434,30.091313468085392,0.08174705505371094,0.09966150919596355,0.8405632442898222,0.17966757880316844,6.476968341403537,150,3839,69,100,105,104,98,102,260,271,249,304,410,320,407,320,100,163,120,165,172,3.275903605557669e-27,3.676293134689331,0.0,0.0,2.4099224722727105e-18,0.0,5.301534175872803,79.34484100341797,74.97364807128906,84.13623046875
1072,-73.746375,40.720074,15.117496801606308,16.76292622343023,29.93763862772191,0.08411069288321421,0.007458950610871011,0.7296995068272801,0.13196079443532527,5.361454537574281,94,543,44,57,31,39,50,37,29,36,34,32,23,30,28,16,7,9,11,15,15,24.853744506835938,6.1818742752075195,12.112144470214844,19.82947540283203,17.356630325317383,0.0,4.457973480224609,54.1281852722168,50.0892333984375,58.61154556274414
1073,-73.866372,40.745995,26.075365867671774,10.520285020494676,24.308946777708684,0.19398063465796955,0.2044121780737633,1.0672145894824656,0.15665889677267264,7.679375903667,223,19105,1133,1206,1160,1108,836,803,870,950,895,896,952,978,1072,1012,732,884,914,1140,1564,25.44803810119629,10.299745559692383,0.2174762785434723,5.556849956512451,16.38532066345215,0.0,5.320506572723389,171.6165313720703,142.93338012695312,208.67079162597656
1074,-73.939181,40.758342,21.324969314774098,7.631388367665325,30.49813187100146,0.18351002556429674,0.07186229002542335,0.9164360870418158,0.10670656598480056,6.705932333038728,179,3423,234,281,188,199,158,197,178,201,192,150,156,232,159,97,125,196,128,176,176,16.21317481994629,8.48897933959961,2.328976631164551,0.0,10.211301803588867,0.0,5.332629203796387,110.43965911865234,128.81866455078125,85.10901641845703
1075,-73.933562,40.757293,24.18924770998151,10.924378405796006,23.939994211946985,0.13495670275741747,0.29282444871766733,0.792611225713951,0.11726747291364922,6.451149022534546,178,3053,226,218,206,232,165,207,170,195,192,143,204,218,171,76,67,87,87,85,104,2.4606645107269287,14.206201553344727,4.263600826263428,0.0,15.853471755981445,0.0,5.385880947113037,135.49142456054688,141.24514770507812,147.5919647216797
1076,-73.861493,40.705476,16.10918442408244,19.42411480527936,25.25314327442285,0.07328517509229257,0.03586465662175959,0.8438646793365475,0.14964522737445252,5.054913867603648,176,367,25,17,34,43,41,31,18,34,20,13,16,12,12,14,6,8,7,11,5,15.199629783630371,1.8041852712631226,5.447671890258789,0.5703719258308411,24.234407424926758,584.7529296875,5.2911176681518555,50.00872039794922,52.904090881347656,58.79277420043945
1077,-73.854364,40.577552,13.245103540200212,14.047910671422976,32.075683039800566,0.04863927860071164,0.01914524795985458,0.9178731307731606,0.1540001469476782,3.2263491413380834,101,53,1,3,6,3,6,2,1,5,5,1,2,2,2,7,0,1,1,3,2,15.301243782043457,10.149778366088867,11.198134422302246,0.0,9.975273132324219,0.0,5.418193340301514,30.08213233947754,31.421110153198242,29.11599349975586
1078,-73.709404,40.744201,9.997623685806516,24.73132269723075,24.530400927104644,0.05959707593160962,0.004477727980840774,0.6153939262269036,0.16129508851066468,3.6641347975957963,42,81,3,10,5,5,2,9,2,7,6,1,3,10,2,2,3,1,2,3,5,0.0,0.0,0.0,0.0,0.0,0.0,3.599033832550049,32.57511520385742,36.25921630859375,30.699848175048828
1079,-73.781839,40.70084,18.1679451691749,14.071587559976548,31.217260283183276,0.09831425943348789,0.021518924371982977,1.144944684615303,0.15477539724127712,5.565410448606744,123,1379,65,95,69,97,99,97,107,70,105,140,62,70,64,40,37,19,52,35,56,19.133031845092773,18.69894027709961,25.140989303588867,24.987529754638672,13.639688491821289,0.0,5.456232070922852,64.68508911132812,49.49617004394531,78.61185455322266
1080,-73.812968,40.710428,22.54939377307892,19.32924464344978,19.193187604347866,0.06283124287923178,0.024887919425964355,0.8833090464274089,0.11211956540743509,8.979923774798712,128,923,89,84,60,81,91,76,58,51,54,33,40,37,33,22,20,23,23,34,14,30.62606430053711,19.382932662963867,30.319917678833008,25.318477630615234,12.04362964630127,3.4882846936500067e-13,5.507400989532471,109.04885864257812,113.82025909423828,136.81509399414062
1081,-73.765237,40.703182,14.526860115459428,18.047678323439616,28.71953351998035,0.11489656236436632,0.13260782500843943,0.8765218679797014,0.1439033712379236,3.670865518075448,162,1049,68,71,74,76,64,110,77,103,60,65,71,32,27,31,23,20,16,33,28,15.07042407989502,15.080002784729004,8.525461196899414,0.00020410481374710798,30.717670440673828,0.0,5.363168716430664,40.184200286865234,31.72901153564453,48.949344635009766
1082,-73.875073,40.705187,19.009096550218988,18.720617775965216,23.444232940673825,0.04776463364109849,0.037064985795454544,0.9025425381130642,0.16275290286902225,6.98463266546076,165,477,24,24,34,34,51,29,29,45,28,16,13,54,13,8,16,20,15,9,15,12.571978569030762,5.169281005859375,27.540071487426758,2.0295867417252644e-11,11.271794319152832,0.0,5.449039936065674,67.71807861328125,66.41288757324219,67.95598602294922
1083,-73.828674,40.745215,16.373723482538992,13.440995157500845,30.384659136413898,0.06713177581733287,0.07721330753709904,0.9524301666851815,0.13947007517335275,6.3912945029176305,189,578,36,30,39,38,37,20,27,49,53,17,24,30,35,27,17,17,27,17,38,2.7736318612691665e-26,5.229073524475098,1.8420010308717316e-11,2.391387462615967,0.0,0.0,5.370071887969971,81.80200958251953,77.4764633178711,88.81133270263672
1084,-73.81533,40.683585,20.765806428084133,13.0350976407387,27.998957171789577,0.0825642975791408,0.05670506903465758,0.8401546072452628,0.14014345534304357,5.827670176260297,141,1386,85,96,105,89,101,90,109,100,63,75,63,66,58,58,43,39,46,47,53,27.48164939880371,18.959487915039062,3.8968043327331543,6.9650092124938965,10.503561973571777,0.0,5.500772953033447,62.238643646240234,60.14374542236328,82.1017837524414
1085,-73.915785,40.780507,17.187874119635495,20.15230439761241,21.238708312341476,0.08186310931666968,0.0675873949348582,0.6034893337242406,0.08598889918685647,6.518999184257494,173,619,51,34,39,47,37,40,52,27,35,43,30,27,31,27,23,18,13,24,21,25.679067611694336,16.165029525756836,0.5433905720710754,0.0,20.107303619384766,0.0,5.412256240844727,96.77671813964844,88.28468322753906,106.92276763916016
1086,-73.795571,40.678913,15.969890938665634,16.93733114945261,26.82591058257827,0.142617094188107,0.08081852045274318,0.9081945682229254,0.15280802447096742,4.702576180747278,133,1398,133,122,74,115,119,94,94,83,79,59,47,55,53,60,24,36,43,50,58,21.433841705322266,20.414270401000977,10.895695686340332,15.99184799194336,12.366580963134766,0.0,5.412499904632568,58.10527801513672,42.15359115600586,74.52153778076172
1087,-73.811266,40.665669,9.855254491170246,12.586932515901793,36.44940784438648,0.058014598893530576,0.06653114601417824,0.8551821296597703,0.16884843017829299,4.404588393223139,162,315,15,27,16,30,16,20,15,20,26,9,26,5,15,7,8,14,10,10,26,6.594283519234523e-08,14.702701568603516,0.5450390577316284,0.00014137111429590732,5.110123634338379,0.0,5.458491802215576,42.120941162109375,68.90947723388672,59.7772102355957
1088,-73.918762,40.740452,25.33946671428252,8.338802877897221,25.26071660465115,0.24943639989138058,0.31678557190046824,0.8107577374973858,0.12319792119950208,6.763518041897311,193,3050,301,337,237,201,260,255,196,189,182,130,108,132,71,68,47,73,112,74,77,21.91657257080078,23.374000549316406,11.911614418029785,0.0,21.449819564819336,0.0,5.264836311340332,180.33799743652344,139.39984130859375,235.24249267578125
1089,-73.92999,40.766008,23.47604022306554,8.74974942674824,25.47144665437586,0.14958138559378834,0.06487678079044118,0.8054361156388824,0.10244556501799938,6.326215781417547,170,2233,200,192,145,127,179,153,126,109,98,104,125,100,94,72,42,100,100,86,81,14.574210166931152,18.180431365966797,0.5433084964752197,0.0,30.07020378112793,0.0,5.199777603149414,128.0340576171875,122.1260757446289,139.4280242919922
1090,-73.870931,40.765507,17.856661145807774,12.855158467983493,30.32036576595606,0.12342359799157054,0.06822016850816018,0.9711451971510109,0.1681287875350233,6.780726747363025,191,1721,133,155,159,182,134,101,133,119,113,73,77,79,45,53,44,23,31,28,39,1.1028934153845605e-23,2.4211625501912116e-22,7.837803363800049,0.0,9.20504379272461,0.0,5.29115104675293,70.81320190429688,65.0242919921875,92.0053482055664
1091,-73.885974,40.715005,15.475418153873157,18.08367642489346,26.228300993107567,0.06419883286657412,0.019666183093362603,0.8133433738687478,0.19466305567213327,6.04574292816078,121,293,12,21,12,15,20,14,27,28,16,18,15,22,15,13,8,7,13,9,8,13.12329387664795,5.760461807250977,13.909329414367676,0.0,17.731155395507812,0.0,5.334956645965576,69.45479583740234,54.339691162109375,72.73324584960938
1092,-73.839505,40.789926,15.98004458243387,17.25689347027338,27.906893847281474,0.05332266378123857,0.0011577940823739035,0.87153590910616,0.17093050549601949,4.958916825857776,114,288,20,9,23,22,28,15,17,17,20,8,12,15,17,10,8,7,13,13,14,8.607875696953204e-12,0.0,0.0,0.0,0.0,0.0,5.469309329986572,46.98511505126953,52.606651306152344,54.17841720581055
1093,-73.784009,40.760219,12.532499995097583,17.565810919765497,27.071380040731775,0.09287753737116435,0.04561550645943148,0.8525808173489858,0.11154370135571581,5.950547605154505,166,484,39,33,44,48,50,17,22,26,19,36,23,31,29,21,9,4,6,18,9,5.081094507815298e-13,2.1871323585510254,2.283983115483612e-12,0.0,1.0152537294424883e-28,0.0,5.0197529792785645,58.590171813964844,49.76022720336914,67.57391357421875
1094,-73.794061,40.71715,11.428694235972872,25.399536760444313,24.380490311190613,0.0925384016118498,0.013084900684845753,0.7538322709564469,0.11738019111828926,4.029550104059723,156,707,62,41,35,31,33,34,73,84,49,37,40,31,46,23,20,8,12,25,23,15.358678817749023,20.180509567260742,5.460910797119141,4.83013391494751,24.50688362121582,0.0,5.5472331047058105,73.17019653320312,104.05003356933594,69.19476318359375
1095,-73.7493,40.681948,13.971779670244379,12.119011623869214,33.558947363017516,0.15394324628413952,0.0767825562276958,1.1546215402736582,0.18694233992462794,4.3210259190312135,162,1372,115,61,87,94,80,101,100,58,69,81,73,76,38,24,20,25,42,156,72,12.628503799438477,18.08819580078125,11.431947708129883,16.390321731567383,5.117099285125732,0.0,5.084394931793213,40.95998764038086,52.74353790283203,41.784175872802734
1096,-73.717819,40.732458,9.781618551774459,27.826306314179398,24.639349995237406,0.08713115345348012,0.023365020751953125,0.7512034791888614,0.15093955126675695,3.013512582489938,88,108,4,4,6,4,7,2,9,10,9,1,5,4,10,12,3,1,3,3,11,0.0,0.0,0.0,0.0,0.0,0.0,4.440221309661865,26.588088989257812,26.23431396484375,27.41900062561035
1097,-73.754747,40.707535,16.46430507984036,14.636411646092897,29.16037553276112,0.11441785525652318,0.12339008140148419,0.9843300630324284,0.16376956615572663,5.433135770245055,153,2305,157,154,140,206,241,158,123,148,147,90,157,99,104,85,66,44,73,61,52,22.863950729370117,17.510879516601562,11.19390869140625,6.25886344909668,13.866719245910645,0.0,5.239119529724121,53.505393981933594,55.68837356567383,59.00653076171875
1098,-73.757591,40.720864,12.598564227422077,16.96725487709046,28.7188583612442,0.14080047607421872,0.10650515556335449,0.7220099369684855,0.09876171747843424,6.29457155863444,160,703,49,63,47,50,59,37,36,63,44,44,37,53,27,12,12,16,14,24,16,14.181144714355469,12.788786888122559,10.907379150390625,0.0005419085500761867,5.055516242980957,0.0,5.0431928634643555,55.990501403808594,60.874691009521484,63.95615768432617
1099,-73.752694,40.69894,17.677815258502964,15.978203217188515,28.449852516253788,0.11916756629943848,0.051650404930114746,0.9659086664517721,0.1960289975007375,5.549724400043488,128,1441,57,79,109,135,128,93,86,98,123,73,75,50,62,49,60,22,30,52,60,20.18790626525879,16.9428653717041,4.589186668395996,22.926345825195312,9.102582931518555,0.0,5.45355749130249,55.03667068481445,39.602352142333984,70.94937133789062
1100,-73.839377,40.678112,21.916344123974167,13.01499450415895,26.803891198676933,0.1382908068205181,0.1863124914336623,1.1732518045525802,0.1707251030102111,6.567906664128889,190,2279,152,194,122,162,165,175,182,204,150,118,127,94,52,39,63,39,54,63,124,0.0,10.070249557495117,0.0,1.3904787302017212,0.13467970490455627,0.0,5.343111515045166,81.05652618408203,112.390380859375,77.02490234375
1101,-73.734342,40.659876,13.503574555920014,21.87538249518282,27.201488966582925,0.03946673485540574,0.026272189232610887,0.8627019902711274,0.15965738604145666,4.622764484856718,62,558,41,41,42,45,39,35,35,58,19,36,22,36,16,11,16,8,15,11,32,3.391015707165934e-05,0.5930466055870056,7.394097487067874e-12,0.0,5.774387836456299,0.0,4.48114013671875,48.215911865234375,39.88001251220703,56.97914505004883
1102,-73.862561,40.728012,22.583544604312987,9.898375476580211,24.982624679855324,0.18466478390603072,0.1287308793405589,0.6945677577728638,0.13794100140454646,6.588418001955655,193,3374,304,328,342,276,199,170,253,250,267,152,119,74,61,74,42,87,139,114,123,7.085987091064453,23.05950164794922,2.106551170349121,17.77227210998535,0.21326203644275665,0.0,5.244290828704834,139.82260131835938,154.93209838867188,142.1012725830078
1103,-73.781255,40.687486,14.340749487176641,17.154136960045168,29.028146250264626,0.09572800500687463,0.016947392817143792,0.8280940822788051,0.14413620208526826,5.688471227259069,143,3584,184,185,164,237,222,221,225,254,265,257,248,217,208,171,125,81,75,108,137,25.846200942993164,6.323849201202393,24.671995162963867,26.657974243164062,9.95744514465332,0.0,5.294629096984863,57.295799255371094,50.643470764160156,69.18871307373047
1104,-73.904508,40.775766,19.123825946999663,11.003848915881507,27.883704947359735,0.09206349179287417,0.1268212799697393,0.6942828940279657,0.12477256732280027,6.4684166366605576,179,799,68,69,52,54,74,70,61,42,46,30,39,40,20,28,9,21,30,21,25,28.843801498413086,15.577103614807129,7.01879931952476e-09,0.0,14.927677154541016,0.0,5.3456220626831055,95.20772552490234,88.28447723388672,101.3717269897461
1105,-73.855715,40.755393,18.91844321451596,15.776732958006908,27.321567748511974,0.08407873370349962,0.12001058908814159,0.7889783138225418,0.11135523989657893,5.564584856370751,179,3823,186,284,392,367,340,263,192,253,214,211,148,171,129,115,103,91,86,127,151,8.724052730224585e-12,1.317207519273278e-12,0.0,0.0,2.26100431779952e-12,0.0,5.505038738250732,177.94515991210938,123.05310821533203,233.6929931640625
1106,-73.852398,40.71489,11.758795679580043,30.415782650697583,18.7300410471302,0.057403478036034836,0.020972501884386378,0.5262095565548993,0.08116262244560957,5.194537462154253,206,112,5,10,3,14,2,2,10,11,6,7,7,2,3,8,4,3,5,8,2,14.583024024963379,23.318639755249023,1.631405234336853,11.184178352355957,5.109548568725586,0.0,5.499512672424316,44.64812088012695,47.46527099609375,42.43373489379883
1107,-73.887523,40.754389,20.109187795760782,16.49094439567403,21.107506582922966,0.18255761329163897,0.1379987026782746,0.6688572836260422,0.12618819027082295,7.180413794010242,188,3001,238,220,250,243,190,226,136,220,315,171,153,139,124,94,49,71,38,53,71,20.580810546875,19.480899810791016,0.04697743058204651,0.0,14.476142883300781,0.0,5.6549201011657715,168.79539489746094,130.7747039794922,211.07763671875
1108,-73.834896,40.660531,16.02864320250763,13.820542138198322,31.612742906329277,0.07879432590528467,0.03170802675444504,1.1190784388575061,0.1898107857539736,6.31583887955238,116,189,10,11,4,14,6,7,10,8,14,13,11,18,10,13,7,8,13,7,5,5.862316608428955,13.740890502929688,15.004301071166992,0.0,20.023651123046875,0.0,5.610331058502197,39.903934478759766,39.11201858520508,41.054237365722656
1109,-73.74014,40.698028,12.563255530636328,13.750149927982665,33.21100481513406,0.07691221172306813,0.021940348099689096,0.8709615590621017,0.17599118810121703,4.915568293357381,98,843,57,44,62,85,57,70,79,50,52,29,36,44,22,25,19,14,32,43,23,15.527584075927734,6.788393020629883,5.9894914627075195,24.216596603393555,12.507207870483398,0.0,4.373193264007568,48.178253173828125,43.9406852722168,52.810935974121094
1110,-73.878638,40.757629,20.914662189972702,15.64493633451916,21.916572689573403,0.16710155612819796,0.037963573749248795,0.5629324651026463,0.11187176128010173,6.668120688134497,182,27808,1203,1492,1620,1678,1816,1594,1420,1206,1396,1451,1609,1727,1747,1614,1080,967,1245,1419,1524,24.842058181762695,10.19395923614502,0.0,0.0,13.636551856994629,0.0,5.484887599945068,186.98831176757812,160.15921020507812,231.185546875
1111,-73.874505,40.755759,22.092686170413163,13.963786466622063,21.953567625984313,0.17932592455882457,0.09560627071104773,0.6589724693769289,0.12690158958367778,6.3471047335831585,189,29885,1373,1664,1750,1898,1999,1737,1515,1287,1489,1595,1719,1796,1790,1708,1120,1010,1289,1471,1675,6.478398323059082,5.2593302726745605,4.098904578925776e-14,0.0,6.642323017120361,0.0,5.4819655418396,208.53659057617188,155.27162170410156,259.9403991699219
1112,-73.923375,40.745887,29.087963104248047,6.292546795260522,24.865614778252056,0.24167809435116355,0.1763485323998236,0.7749473407704344,0.11351041896368869,8.048763275146484,155,1914,118,126,146,148,124,139,88,157,127,96,87,82,64,56,47,58,61,90,100,41.703975677490234,25.40598487854004,3.8202102184295654,0.0,27.036848068237305,0.0,5.267908096313477,158.46910095214844,125.14424133300781,183.74673461914062
1113,-73.908146,40.758027,17.97493846627503,16.81839589120753,23.718205144849875,0.136368782057825,0.10899258198711158,0.6671032663119041,0.12061788986407206,8.261821409178767,177,3289,334,360,250,235,213,266,182,192,227,157,169,104,142,89,57,85,75,79,73,26.54133415222168,18.595947265625,3.2672696113586426,0.0,12.220848083496094,0.0,5.478539943695068,118.31825256347656,112.01141357421875,142.68643188476562
1114,-73.900584,40.753094,19.05929400370671,8.586211082262869,31.267391871183346,0.10200708340375851,0.0713504277742826,0.8547275494306515,0.11930328149061936,6.794811670596783,208,1480,89,114,100,97,88,74,83,104,78,73,101,88,65,54,40,47,63,61,61,5.341044902801514,9.759331703186035,1.0871100425720215,0.0,6.277699947357178,0.0,5.4708027839660645,91.53181457519531,75.88865661621094,103.0672607421875
1115,-73.904463,40.716296,19.865961975804844,11.306148331858045,28.02132795201266,0.09808021858201732,0.10130911162405301,1.125965356401794,0.12585713051644662,7.365942256335906,187,946,70,41,54,67,62,61,68,65,63,63,38,45,38,23,31,47,46,27,37,33.61764907836914,11.149664878845215,95.94966125488281,0.0,36.2066535949707,0.0,5.470647811889648,70.99102020263672,63.09587478637695,78.53099822998047
1116,-73.80775,40.726473,13.644265870790221,21.477905995136982,23.449987463048988,0.08124136709952139,0.047887853673986486,0.8006910375646643,0.14930312697951856,5.275814296962979,185,1045,58,76,53,79,72,73,47,77,55,52,57,45,44,39,24,34,53,43,64,17.082096099853516,18.693546295166016,7.804736137390137,22.146940231323242,6.304734230041504,0.0,5.4434494972229,91.73799896240234,97.00730895996094,86.43295288085938
1117,-73.810067,40.679105,17.070986322090455,15.45175132104906,28.342745667797026,0.09390890261547713,0.04398539914923199,0.7296206587452,0.13432637446344237,5.8814240040752175,118,1096,58,86,85,56,84,98,63,65,63,37,51,38,49,31,40,30,41,42,79,14.546822547912598,19.75313377380371,1.0881682634353638,27.19401741027832,4.4006147384643555,584.8424072265625,5.371299743652344,60.348716735839844,40.14885330200195,80.6429214477539
1118,-73.743327,40.672259,11.828780420047721,19.47076312455115,28.174099479753945,0.06394795945419887,0.03827281833923969,0.8779545420223906,0.13910470549593265,2.3287635488608447,97,319,17,16,24,17,29,34,22,28,25,11,14,11,20,11,5,3,9,8,15,1.0035313644527269e-13,13.246197700500488,8.995082781924901e-13,24.178386688232422,0.0,0.0,4.056197166442871,34.17424392700195,33.19422912597656,42.44480514526367
1119,-73.852879,40.732348,21.00360830266913,16.637396311258776,21.91742690833839,0.1257247752971477,0.053839067797045094,0.5771214539582307,0.11138243002218529,7.718853334764819,222,1276,106,114,101,100,89,72,77,59,61,59,40,54,46,36,44,44,65,42,67,10.353250503540039,13.731205940246582,4.8798041343688965,0.0,17.71834373474121,0.0,5.326714992523193,159.33309936523438,127.9669418334961,191.57754516601562
1120,-73.771878,40.756562,13.600261490066327,17.82296416047332,26.410969408043535,0.07329049048485695,0.033913649521864854,0.6977512722923642,0.1409520318497827,6.007042591705982,154,608,61,51,58,61,52,29,42,47,42,31,31,28,15,9,8,13,8,10,12,13.990279197692871,2.9238808707483627e-20,2.174548864364624,0.0,18.141931533813477,0.0,5.238461494445801,52.12575149536133,65.73390197753906,54.39874267578125
1121,-73.783973,40.770108,11.198232469767548,23.722675768998425,25.334186507547567,0.06343210410607701,0.0661822131080349,0.758029770677107,0.15304686089211716,3.8226860863158887,137,391,82,32,30,33,24,41,28,22,13,12,16,11,7,2,1,6,8,17,6,1.5263913869857788,2.705917304460237e-12,12.499979972839355,0.0,15.314676284790039,0.0,5.628225326538086,44.52347183227539,96.23162841796875,35.96723937988281
1122,-73.799685,40.688373,16.51882603054955,15.442435173761279,27.732990809849333,0.15851747421991258,0.03170285906110491,0.880511828831264,0.2011585235595703,5.71481023515974,140,1628,76,80,69,76,132,118,141,138,126,96,114,71,59,71,52,39,51,63,56,0.04946674779057503,15.750641822814941,1.695630164055828e-10,51.659202575683594,4.086242198944092,0.0,5.378847122192383,63.3088264465332,43.79483413696289,83.20240020751953
1123,-73.82108,40.690439,21.531653237509563,8.980217291202857,29.21312638929674,0.13781571999574319,0.08774337235030594,0.9289434739759752,0.16227268672489623,6.890687520131643,143,1821,146,157,158,126,147,101,125,124,105,73,98,75,93,54,45,44,52,53,45,9.729378700256348,12.876704216003418,8.35754680633545,11.119818687438965,20.867525100708008,0.0,5.422535419464111,78.33364868164062,59.38050079345703,97.88572692871094
1124,-73.776576,40.748405,11.074032354607153,26.157180342093977,22.85338608676163,0.09404944364355985,0.0009930323040674603,0.48947914567573997,0.17906168781260337,3.2380598562735097,63,198,21,8,9,16,16,24,14,11,13,12,14,6,1,7,5,2,4,10,5,8.594322204589844,2.9106545448303223,2.5143799781799316,0.0,6.11003303527832,0.0,5.297815799713135,33.482391357421875,33.08557891845703,33.77432632446289
1125,-73.808765,40.741107,12.111941321951447,22.66882807830644,25.191787813530592,0.0648910230626174,0.0235260510053791,0.8717708900326587,0.12725011898520214,4.699799532447356,122,351,27,17,12,11,26,15,8,24,21,28,16,21,22,23,9,16,14,20,21,16.439929962158203,8.784395217895508,6.939117431640625,4.719622470616969e-09,7.499399185180664,0.0,5.62266206741333,59.98074722290039,48.04684066772461,69.10118865966797
1126,-73.823569,40.721514,9.719598521674733,25.208314807935697,24.4727054318249,0.054132161926035684,0.03896472097813398,0.479945551846676,0.1419334119307127,5.601250988313521,174,285,13,31,17,22,13,14,30,20,12,21,22,20,7,11,4,1,3,12,12,26.910442352294922,14.9025297164917,2.9602065086364746,23.01580238342285,11.028843879699707,0.0,5.532806873321533,50.14124298095703,53.41388702392578,46.9719352722168
1127,-73.816966,40.729746,11.423508326212563,20.278225880043177,25.092735664517267,0.10407634809905408,0.04123313754212622,0.4233049878887102,0.11053908104990044,6.360771328795192,170,1510,80,84,101,117,124,104,91,142,115,101,77,96,54,39,23,37,37,40,48,20.15932846069336,17.912044525146484,15.236467361450195,39.798526763916016,21.685346603393555,0.0,5.347048282623291,89.51587677001953,95.80970764160156,105.01625061035156
1128,-73.926249,40.757497,27.594059403105806,9.388774593934317,21.598501394916056,0.14464060465494794,0.45076332344914116,0.6985066479141875,0.09492427834348702,7.032943035066786,151,2487,189,301,231,223,157,132,116,149,155,116,176,140,79,47,27,50,74,55,70,14.623863220214844,23.338544845581055,0.06667763739824295,0.0,24.92989730834961,0.0,5.355493068695068,136.13421630859375,142.96160888671875,131.71597290039062
1129,-73.855543,40.708431,16.798083175568884,15.899437372030825,29.22499128112191,0.12501880262025009,0.14079882078151965,0.9006009299374188,0.13867233396752113,5.222195092978092,169,275,5,20,21,24,24,23,14,20,11,8,8,6,2,13,2,5,13,29,27,4.923360347747803,16.23749542236328,12.489118576049805,13.017414093017578,28.37843894958496,584.3106689453125,4.952295780181885,48.92057418823242,97.7106704711914,69.6429672241211
1130,-73.77843,40.782331,11.131779049105957,19.427294437546134,25.767528631125288,0.034719009561396966,0.0132323829991043,0.42758646031600406,0.14309812250157578,5.296015486342638,157,225,18,9,18,24,20,19,10,14,11,3,12,7,9,9,5,16,9,8,4,1.620091438293457,0.0,1.080664873123169,0.0,0.0,0.0,5.478944778442383,54.774784088134766,60.116363525390625,68.3817367553711
1131,-73.752565,40.600659,22.728506531378233,9.631181196732955,29.238753848605686,0.23871681906960227,0.1350479896622475,1.2038641264944363,0.1982211103343,5.795023561728121,165,14922,913,808,775,673,681,605,723,838,917,974,883,909,856,831,650,635,678,797,776,0.0,0.0,0.0,0.0,0.0,0.0,5.4279069900512695,107.62410736083984,91.9708480834961,135.17990112304688
1132,-73.929093,40.770926,22.90211875159462,8.13565932952606,27.27772515099328,0.11717495617565808,0.15036918021537163,0.8923355308738913,0.12438507767410967,7.226937955564207,185,1989,169,174,126,129,128,118,99,116,128,104,132,91,102,77,45,86,52,60,53,15.090727806091309,26.008209228515625,0.5436372756958008,0.0,22.02031898498535,0.0,5.349610328674316,97.35261535644531,77.44300842285156,120.46723175048828
1133,-73.713245,40.741409,10.520979336329868,27.095442158835276,23.540163040161133,0.07737874984741211,0.0031062534877232145,0.6729216802687873,0.15249592917306082,3.4679492314656573,56,121,10,9,6,9,7,17,4,14,7,7,3,7,0,2,3,4,1,5,6,0.0,0.0,0.0,0.0,0.0,0.0,3.4292829036712646,39.022464752197266,43.90922927856445,34.63296890258789
1134,-73.795651,40.734097,12.714848200480144,20.43491713205974,25.6786781946818,0.12948322296142578,0.20763206481933594,0.9456211725870769,0.18223063151041669,5.028062502543131,100,298,15,35,30,23,31,16,9,16,18,14,11,19,5,18,1,13,4,5,15,10.286164283752441,20.478219985961914,2.7222580909729004,15.372096061706543,7.253594398498535,0.0,4.2306599617004395,52.23536682128906,85.76289367675781,47.26189041137695
1135,-73.861462,40.720583,12.698550451369517,25.61866401077865,22.052091334289283,0.055966645608216646,0.0,0.6274283190310259,0.12363417324049647,4.958148229689824,154,173,30,10,11,10,11,21,11,14,2,4,2,3,2,1,9,11,10,5,6,0.0,32.606712341308594,7.813643932342529,68.26341247558594,4.154971599578857,273.3785095214844,5.400463104248047,41.939632415771484,38.84333419799805,45.51778793334961
1136,-73.85221,40.731016,22.389418049588226,17.87141333512271,19.459365756133867,0.1296534564325718,0.03688791410519126,0.5287672001155999,0.11540306070463255,8.027640717928527,244,1197,101,109,85,94,85,67,75,58,50,64,44,50,38,33,45,41,56,43,59,14.709867477416992,15.666281700134277,4.3500189781188965,0.0,13.35263442993164,0.0,5.394958019256592,169.64620971679688,142.92189025878906,198.60296630859375
1137,-73.729226,40.684987,8.351578134478949,23.789821249065973,29.347171566703103,0.10309219360351562,0.0015865672718394887,0.6632739847356622,0.1426783475008878,2.5312701861063647,88,254,15,9,14,17,16,26,17,30,21,13,13,17,11,4,10,3,7,8,3,7.384063720703125,4.584352970123291,3.409819926414315e-10,0.0005506764864549041,5.111663341522217,0.0,4.9238386154174805,30.830364227294922,30.788663864135742,30.498619079589844
1138,-73.787419,40.7434,7.121265556917612,25.312097580078614,25.607553926337673,0.061647576021860884,0.0418640044798334,0.7222506894644005,0.1732106189651183,2.6189853867373785,166,143,14,15,5,10,5,18,7,7,6,16,8,5,3,8,1,3,8,3,1,15.154837608337402,1.1293954849243164,3.2603440284729004,0.0,7.145506381988525,0.0,5.364583492279053,26.723196029663086,27.83942413330078,26.584997177124023
1139,-73.777314,40.724061,7.414589987860786,32.79826294662606,20.239364591419186,0.06542287321172209,0.006998502291165865,0.6583931099655284,0.06528104472364116,3.483158910376394,78,118,10,6,6,3,2,5,8,6,5,1,5,11,1,4,9,3,11,11,11,21.372440338134766,14.954977989196777,3.2643654346466064,2.777153491973877,14.139256477355957,0.0,5.718270778656006,26.27031135559082,36.314327239990234,19.141620635986328
1140,-73.752948,40.655674,13.817798450428954,17.498692133093392,31.07223818379064,0.1098960958501344,0.04855740454889113,0.8140389637280535,0.13608009584488406,5.2958703810168855,31,295,18,25,17,26,18,27,12,25,19,13,19,14,5,9,2,0,7,10,29,3.243616819381714,6.131046772003174,1.9469128999943797e-12,0.0,4.194934368133545,0.0,4.237903118133545,43.69798278808594,35.12674331665039,52.25851058959961
1141,-73.803183,40.70675,21.611998201620697,12.802893513380875,23.875142299767695,0.19098513054125238,0.15830531264796402,0.704068463258069,0.13029175575333413,7.747137474291252,165,8512,593,446,533,512,610,585,593,703,785,729,493,360,204,160,130,171,255,338,312,38.466068267822266,16.83214569091797,31.3004207611084,66.6695327758789,12.710343360900879,291.8016052246094,5.518702030181885,182.70602416992188,169.8036346435547,205.85423278808594
1142,-73.805866,40.58922,19.618408892636015,8.10422718245099,32.73300542518007,0.06694883248056044,0.007554175148547535,0.7502987910884088,0.18199777379282203,3.139576441805127,142,1631,116,175,167,137,102,85,99,92,107,91,113,96,51,40,22,41,33,26,38,0.0,1.1541354656219482,0.0,0.0,0.0,0.0,5.318255424499512,107.00682830810547,65.28855895996094,141.68746948242188
1143,-73.799158,40.778334,10.124939701013398,19.238981447721784,29.187719612790826,0.06424351742393092,0.0200619613915159,0.5632517630593818,0.1481937943843373,3.881790763453433,190,115,9,10,5,4,5,7,11,5,13,9,8,1,5,1,1,7,5,5,4,0.0,1.0873678395412548e-13,8.781287464754498e-14,0.0,6.470990843859825e-12,0.0,5.111367702484131,25.8023624420166,26.469745635986328,25.665233612060547
1144,-73.818607,40.774906,11.603416762985553,23.894514515127614,23.669778383695164,0.08958758729876895,0.015940366091428102,0.7315978025778744,0.16282777408341984,6.018814673790564,143,224,12,29,10,25,14,11,10,8,27,5,18,5,9,5,13,3,10,7,3,0.0,0.0,0.0,0.0,0.0,0.0,5.385181427001953,51.82572555541992,90.91671752929688,49.09251403808594
1145,-73.721594,40.749556,6.034900146780662,24.861881725224855,27.588445546171812,0.05478164524707979,0.005636863338137136,0.5628162988952834,0.11459122197913506,5.811636038968478,103,123,9,10,22,13,10,3,1,8,8,5,2,17,4,4,0,0,3,4,0,0.0,0.06736530363559723,0.0,1.389633059501648,4.5083128717834584e-14,0.0,5.024370193481445,38.2243766784668,46.24283981323242,45.00970458984375
1146,-73.753985,40.736063,8.62169907951997,23.333602481418176,26.68899799436832,0.0832130611946286,0.034663653132891416,0.7722482135400226,0.1767431445394702,3.570284345736007,99,131,17,4,8,9,6,8,12,7,5,4,5,12,8,3,3,2,7,3,8,20.465444564819336,12.867255210876465,14.997307777404785,5.787973880767822,18.700462341308594,0.0,4.258887767791748,31.74232292175293,39.66973114013672,30.357999801635742
1147,-73.818399,40.759963,20.602405580699944,18.424385972851706,19.967187843431436,0.16212680740573804,0.014769725310496794,0.8254048491475249,0.09318403369001513,6.959461690353871,117,1257,83,103,74,67,77,125,80,62,92,63,49,65,55,46,45,29,34,57,51,6.432647925609658e-13,0.0,0.0,0.0,6.524819431845148e-33,0.0,5.416163921356201,179.54685974121094,126.68521118164062,232.8437957763672
1148,-73.8517,40.723478,22.914069039481035,12.69021319903536,22.64237264700566,0.16180762131276405,0.13649672407159058,0.5588595951390889,0.11130902807467175,6.374926794142949,217,12768,716,663,650,738,558,570,692,729,645,697,706,654,725,746,462,659,768,702,688,24.386518478393555,24.85347557067871,23.644052505493164,7.077081203460693,27.61727523803711,0.0,5.215935707092285,206.36187744140625,208.89816284179688,199.63046264648438
1149,-73.708617,40.734266,11.927611487252372,20.783162798200333,27.04233033316476,0.06583077566964286,0.11880602155412946,0.7258819398425875,0.18041656130836126,5.16190801348005,70,119,12,13,4,4,3,6,7,6,9,7,7,5,13,1,1,5,2,12,2,0.0,0.0,0.0,0.0,0.0,0.0,3.463531732559204,41.338897705078125,41.01527404785156,42.02486801147461
1150,-73.752885,40.705989,16.663444488946734,12.848539559328579,30.583866390250844,0.09339857383592595,0.128258097571499,0.9848342609593617,0.19264334052272097,5.200041633621005,169,2488,166,172,154,217,284,170,136,156,151,99,169,106,106,89,64,47,78,67,57,24.46498680114746,17.825681686401367,7.7650909423828125,28.633689880371094,23.271827697753906,0.0,5.265957355499268,51.99663162231445,52.58130645751953,58.57801818847656
1151,-73.808987,40.792053,13.488443846343662,18.203976743964734,27.954904904929535,0.06797462381342406,0.04040010513797883,0.9640589068012853,0.14263706822549146,5.83098647414997,155,242,21,8,14,13,23,19,22,17,15,1,10,34,9,6,10,4,5,6,5,0.0,1.5472864429732165e-19,0.0,0.0,0.0,0.0,5.39912748336792,20.691272735595703,36.57978820800781,25.384992599487305
1152,-73.80699,40.783231,10.876125882762347,22.18334027963091,26.28228553505831,0.06386402041413063,0.03907662029414214,0.9527134340862895,0.1513508863227312,4.8360977986062235,172,165,11,7,8,3,11,15,10,9,13,7,9,19,6,12,5,4,9,1,6,0.0,0.0,0.0,0.0,0.0,0.0,5.2731781005859375,58.13386535644531,60.446651458740234,57.31620788574219
1153,-73.735618,40.652641,11.728286743164059,25.225901329654377,23.769122156603583,0.06241414738797593,0.018889328529094827,0.6542704571252582,0.1563609331503682,4.018973756110531,58,512,52,39,40,43,30,15,34,33,27,28,21,26,28,20,13,11,12,20,20,1.6224520206451416,4.826823669645819e-07,1.5765547504639765e-12,0.0,3.782254695892334,0.0,3.377563238143921,70.1094970703125,53.905921936035156,86.23796081542969
1154,-73.837379,40.722792,15.841401503390111,23.126133656341764,20.36142861283065,0.07374014630413696,0.01691907844287437,0.6949832242073897,0.13402367064883514,7.071823615089094,149,222,18,16,18,13,9,14,6,11,12,8,17,11,13,10,2,9,8,12,15,23.108774185180664,13.361014366149902,8.198545455932617,2.5940134525299072,9.957915306091309,0.0,5.751163005828857,118.51537322998047,118.52140045166016,149.33152770996094
1155,-73.744128,40.599664,14.79367185759064,16.87282331837903,29.20381622826493,0.12468598299645202,0.05532847154860528,1.0298532660908877,0.1946376740799121,3.841857355446357,149,217,9,7,9,7,20,8,15,19,22,21,12,13,12,14,5,14,4,2,4,0.0,0.0,0.0,0.0,0.0,0.0,4.853316307067871,52.4610481262207,74.9853286743164,43.31275939941406
1156,-73.926081,40.739831,23.656755948613345,8.968846928295427,26.82445061900628,0.1101441694525394,0.14555088426700977,0.6470586046760465,0.11519561579198012,7.460364757181262,189,1423,109,125,133,113,114,83,65,80,78,46,51,71,54,41,30,48,65,62,55,31.9981689453125,16.68064308166504,10.995950698852539,0.0,27.895584106445312,0.0,5.42255973815918,157.7935791015625,135.01492309570312,172.78768920898438
1157,-73.805759,40.73107,13.808508153996474,20.996623071248102,22.72144078674999,0.09070914863740037,0.011107425561687291,0.47841381439959973,0.1300449072647948,6.2741399078027795,149,557,39,29,32,37,43,30,28,28,40,30,19,26,27,41,11,14,12,34,37,22.005849838256836,16.498939514160156,2.6852927207946777,2.7535881907958526e-10,7.042668342590332,0.0,5.366336822509766,75.36717987060547,52.86819839477539,106.5394287109375
1158,-73.813011,40.736541,12.895642033329718,21.359099870846592,23.21206881676191,0.07618233009620949,0.057476184986255785,0.6274720180181809,0.06827366204909335,7.426961498495973,135,2074,142,140,140,174,144,153,149,181,122,72,109,92,50,73,35,53,84,80,81,1.7163146139864693e-06,16.952377319335938,9.769013722960018e-12,8.069291114807129,10.213603019714355,0.0,5.533420085906982,73.23792266845703,85.98313903808594,92.18254089355469
1159,-73.845992,40.670905,11.60331008780716,18.12130936190613,29.883122892461273,0.09489825648120326,0.06076519305889423,0.9703585632845889,0.14741734561757147,5.4209537995167265,195,850,78,53,31,38,59,54,53,72,56,62,42,43,45,41,10,21,31,25,36,1.489396279918953e-12,9.762725830078125,3.012544631958008,5.650040765109443e-12,3.5303817161325135e-12,0.0,5.6051483154296875,80.69514465332031,84.56505584716797,70.46580505371094
1160,-73.759822,40.753606,8.414728720266899,25.021047849912904,25.64909050056526,0.12029012044270833,0.000498316309473536,0.6376146196245075,0.14038801909209014,3.8719383445945947,111,569,63,41,72,52,29,43,31,39,26,13,39,51,12,11,8,3,11,9,16,3.2407572269439697,0.789073646068573,0.11126372218132019,0.0,8.926642417907715,0.0,5.4408793449401855,48.69559097290039,147.5786590576172,34.24837875366211
1161,-73.932628,40.756471,26.182546888078964,8.788352966308592,23.51257142566499,0.1398885817754836,0.3290049235026042,0.7577792576381138,0.12152390252976192,6.269878024146672,175,3265,221,254,237,248,178,206,187,202,193,147,278,240,161,81,73,88,97,85,89,7.755712509155273,16.5240478515625,6.532424449920654,0.0,19.971590042114258,0.0,5.382767677307129,134.50352478027344,146.5692138671875,138.56948852539062
1162,-73.756374,40.738008,9.434707118015664,24.179748834348196,23.93332013896867,0.0883932674632353,0.04216362448299632,0.6989449145747166,0.14367084877163758,4.846231423172297,85,188,26,6,14,18,10,12,20,12,7,9,7,10,9,4,6,4,5,3,6,13.277878761291504,13.091019630432129,13.567683219909668,2.7482047080993652,17.245159149169922,0.0,4.771729469299316,46.03559494018555,45.66802215576172,52.340572357177734
1163,-73.861004,40.73404,23.609692883339658,13.044385646811971,22.05141638494601,0.15824615575705364,0.08603235718550956,0.5943087762075371,0.10420805329729797,5.189449974432619,157,3648,77,54,62,49,328,414,341,423,417,309,201,197,200,139,71,65,70,109,122,14.585817337036133,17.336421966552734,6.1545939445495605,4.603229999542236,14.738923072814941,0.0,5.373542785644531,264.4937744140625,246.06881713867188,308.9659423828125
1164,-73.843881,40.657736,12.751071644075775,14.88217247856988,32.356271817702655,0.05930671396181565,0.05649744078170422,1.0826258696326916,0.2346129996523993,5.024592820988146,129,149,4,10,11,12,17,9,4,9,9,6,10,6,5,9,11,0,3,10,4,4.878340244293213,0.7905274033546448,1.631405234336853,1.6388505173381418e-05,2.046839952468872,0.0,5.306036472320557,22.57390594482422,31.86431121826172,27.222984313964844
1165,-73.727632,40.744276,8.112991487497112,25.09196421067663,28.11290497349059,0.019840585108486665,0.03258179281359521,0.7177403411389882,0.11726391278323353,3.3771806045484687,107,163,14,22,18,10,13,16,12,14,9,5,1,5,4,6,2,4,3,5,0,12.887937545776367,0.33618029952049255,3.2613303661346436,6.389920234680176,4.084989070892334,0.0,5.514207363128662,45.802581787109375,106.72140502929688,65.04515838623047
1166,-73.795845,40.783777,10.838966444869484,25.680763575687454,24.133435273781803,0.05138592842297677,0.0061080300596338755,0.6771264461840868,0.14086145856206467,3.9596762647760446,169,174,9,6,10,7,13,21,20,8,11,19,8,7,2,7,7,0,5,6,8,0.0,1.450469301958468e-12,0.0,0.0,5.5586073938185265e-12,0.0,5.4782609939575195,38.88734817504883,37.697086334228516,53.25648498535156
1167,-73.847633,40.68476,18.683947506723367,11.486014250282928,28.66657144184053,0.10568508849337092,0.13251482883346416,0.9741517242241502,0.1524856900128991,5.760096909472504,214,1280,92,91,88,78,97,56,77,97,60,84,78,75,77,48,21,36,28,47,50,18.448211669921875,30.02912139892578,15.801257133483887,10.28016185760498,54.151248931884766,292.3325500488281,5.1442484855651855,112.51992797851562,124.58609008789062,100.8400650024414
1168,-73.863408,40.741139,19.389129439767736,13.192258689212624,26.147654691443982,0.18476454239317824,0.03695461337126833,0.8370481167869638,0.1533478109974213,6.83720231722187,179,2080,117,199,192,144,155,124,104,151,143,105,90,76,97,49,61,41,61,72,99,15.693052291870117,9.718832015991211,8.982255508271919e-07,9.809184714493213e-12,28.615745544433594,0.0,5.440808296203613,132.57774353027344,100.23587799072266,179.7322540283203
1169,-73.884458,40.753035,24.292386120015934,17.23426453994982,16.546273773366753,0.28324741305726947,0.1513903791254217,0.5663992780627626,0.11905287251327978,7.889702283974848,176,3645,278,251,260,308,218,244,181,302,364,212,144,180,136,111,77,92,94,80,113,23.33383560180664,18.30282211303711,0.0,0.0,15.56709098815918,0.0,5.674088001251221,208.71405029296875,169.57159423828125,251.67628479003906
1170,-73.74539,40.747457,8.717946400718082,26.546880177089147,23.209091216798814,0.02899169921875,0.0,0.4476827288430835,0.14355447557237414,4.358815389966208,42,58,0,3,4,3,9,2,4,1,6,0,2,9,0,1,0,5,0,3,6,4.861006259918213,1.8366189002990723,0.0064726322889328,0.0,2.0437169075012207,0.0,6.6678571701049805,45.79000473022461,42.77049255371094,52.54623031616211
1171,-73.827606,40.770215,13.728843984149748,24.025816198379264,19.842400248088534,0.09888543023003474,0.0012579418364025298,0.5806773427932981,0.15933494719247968,5.314971341027152,168,792,37,63,52,56,62,58,65,47,46,38,29,34,47,25,12,29,19,46,27,0.0,0.15812557935714722,9.937681753890981e-12,0.0,0.0,0.0,5.356616020202637,114.03484344482422,96.27732849121094,143.93670654296875
1172,-73.794501,40.737188,13.510742488208116,16.957636781640957,28.77149861138146,0.10687660526584934,0.39221531636006124,0.8911081262536951,0.13216980942734727,4.485235128316794,148,599,63,62,44,35,51,41,36,33,34,31,26,33,20,37,5,14,10,11,13,9.73232364654541,14.617932319641113,2.173891305923462,34.06824493408203,6.1284356117248535,0.0,4.467318058013916,53.39418029785156,130.57644653320312,47.10293960571289
1173,-73.811461,40.710384,19.192283590942687,20.55081409385346,21.16523269535035,0.05529438186369509,0.024937474450399708,0.9799834061654655,0.13702772076431785,7.408714540861065,129,1010,96,98,66,83,104,86,63,53,62,39,42,37,36,22,21,26,24,35,17,27.87248992919922,22.39622688293457,27.659292221069336,31.019548416137695,9.299328804016113,219.4400634765625,5.541383266448975,99.94873046875,102.3030014038086,126.23324584960938
1174,-73.823841,40.737448,11.762166450527834,24.095832660634034,22.59578055378357,0.044644263482862906,0.00507395754578293,0.6300868099308355,0.18251207139756948,6.70691630319028,93,382,38,32,29,29,16,33,24,36,17,21,14,29,5,11,5,9,17,9,8,23.185283660888672,12.831101417541504,8.707855224609375,6.942911148071289,18.791053771972656,0.0,5.0385332107543945,131.84751892089844,339.02740478515625,60.19581985473633
1175,-73.852621,40.736314,16.806701819101963,13.953082050595961,28.261472497667587,0.07185822441464378,0.09224329675946917,0.5861533539635794,0.09215757960364934,6.046595885640099,224,1811,124,106,108,104,96,106,103,88,132,95,69,71,89,59,61,88,92,92,128,5.025545597076416,16.648500442504883,3.8027772903442383,0.0,10.740928649902344,0.0,5.403330326080322,133.2332305908203,102.04187774658203,161.823974609375
1176,-73.731518,40.758808,10.567355712761037,28.649334796168493,21.902457923646185,0.09000539273466526,0.025249894257563694,0.6049771723980104,0.13314751303120023,5.0213392626201525,157,119,10,10,8,11,11,8,12,4,3,7,7,6,4,4,1,3,3,3,4,19.910564422607422,7.439185623070443e-08,0.0,0.0,2.0425026416778564,0.0,4.962444305419922,33.932926177978516,42.8997917175293,43.47938537597656
1177,-73.879991,40.750442,31.314725857264346,11.495245548716763,16.985082161589215,0.3397688763415836,0.5706634670205516,0.7265881023444162,0.16196959199961167,8.57393792730558,171,8480,815,710,610,682,566,594,528,597,565,400,301,299,316,240,145,172,176,242,522,25.84886932373047,16.031015396118164,0.543719470500946,0.0,3.0656845569610596,0.0,5.372159004211426,194.004150390625,135.34710693359375,253.09231567382812
1178,-73.78953,40.673898,13.512786336126476,16.257701890847297,29.54694334025885,0.10425345742995841,0.03911088777068478,1.1655948306090083,0.14621939435101194,4.331344672764173,149,3999,273,321,277,655,301,206,294,235,326,223,133,106,90,105,44,35,58,131,186,23.251426696777344,11.087342262268066,14.125114440917969,8.852799415588379,4.598291397094727,0.0,5.3240437507629395,52.66666793823242,50.69454574584961,73.67119598388672
1179,-73.721594,40.749556,6.034900146780662,24.861881725224855,27.588445546171812,0.05478164524707979,0.005636863338137136,0.5628162988952834,0.11459122197913506,5.811636038968478,103,123,9,10,22,13,10,3,1,8,8,5,2,17,4,4,0,0,3,4,0,0.0,0.06736530363559723,0.0,1.389633059501648,4.5083128717834584e-14,0.0,5.024370193481445,38.2243766784668,46.24283981323242,45.00970458984375
1180,-73.81673,40.675021,15.15510030036425,14.9778818562083,28.734830870245496,0.08100894825881995,0.10275829157400015,0.7047555742472629,0.13602203406266633,6.3405781766794025,137,1500,75,113,138,110,141,107,85,91,85,90,59,53,48,48,23,39,54,62,79,22.121366500854492,9.932661056518555,9.244524002075195,2.781792402267456,5.109601974487305,0.0,5.296189308166504,65.86688995361328,97.625,74.44526672363281
1181,-73.874614,40.757567,20.26413833885861,13.71397001701489,24.19274982653166,0.16949402658562912,0.095994514331483,0.6715434894227144,0.12397899962308115,6.1986051525986,190,28983,1287,1606,1701,1814,1925,1676,1497,1270,1470,1517,1649,1769,1769,1664,1103,990,1255,1434,1587,6.586068630218506,2.55369234085083,0.5438017249107361,0.0,12.253161430358887,0.0,5.410325050354004,176.03497314453125,150.76174926757812,213.76321411132812
1182,-73.874947,40.756931,21.239038777147595,14.234669188148953,22.758050576234474,0.16568289862738717,0.09155534271501067,0.6648207118368555,0.1228515103331998,6.289458152575371,195,29209,1318,1615,1702,1814,1927,1673,1494,1291,1455,1552,1697,1787,1784,1670,1109,1008,1262,1445,1606,8.428023338317871,3.8621554374694824,0.015512029640376568,0.0,12.260124206542969,0.0,5.451540946960449,187.86575317382812,156.2057342529297,231.7938690185547
1183,-73.897108,40.734682,18.45818481876352,14.010167166787125,27.00295457283207,0.09177292358628326,0.023258877339336157,1.0170060138019914,0.16469021525984656,5.45895804568648,177,368,20,36,24,25,19,21,20,14,14,18,13,14,23,19,14,21,24,19,10,5.590749740600586,31.270185470581055,1.5347139835357666,8.330233573913574,1.1206223964691162,0.0,5.579342842102051,89.46147918701172,82.44900512695312,96.3564682006836
1184,-73.892883,40.752618,20.00434968607995,14.380385498406513,23.895296103223806,0.12702123083249486,0.15937631780450995,0.599294238620334,0.09189551125471841,8.58477791551789,198,2059,148,135,179,134,126,166,147,127,163,96,120,70,79,74,53,62,45,52,83,29.98506736755371,17.328161239624023,0.0,0.0,11.334270477294922,0.0,5.658195495605469,162.10223388671875,112.56417846679688,211.64373779296875
1185,-73.850622,40.665408,8.888960157121932,29.040444691975903,20.84003829956055,0.09321957542782737,0.012841360909598214,0.5275297619047619,0.09169878278459821,4.38451930454799,175,430,31,43,30,24,38,29,18,18,25,24,17,34,19,19,11,19,4,12,15,6.488226890563965,17.640878677368164,9.168188095092773,0.0,3.065459966659546,0.0,5.444248676300049,62.49385070800781,59.01676940917969,81.08685302734375
1186,-73.855543,40.708431,16.798083175568884,15.899437372030825,29.22499128112191,0.12501880262025009,0.14079882078151965,0.9006009299374188,0.13867233396752113,5.222195092978092,169,275,5,20,21,24,24,23,14,20,11,8,8,6,2,13,2,5,13,29,27,4.923360347747803,16.23749542236328,12.489118576049805,13.017414093017578,28.37843894958496,584.3106689453125,4.952295780181885,48.92057418823242,97.7106704711914,69.6429672241211
1187,-73.923044,40.766898,28.031989588881984,9.856462382306956,19.80433839740175,0.19618159592753712,0.23301750722557604,0.7331553372469817,0.1093114987768308,7.601321249297171,165,2470,197,250,143,165,141,109,114,150,167,148,190,136,98,89,44,62,80,69,118,26.81095314025879,16.719181060791016,0.542892575263977,0.0,25.580238342285156,0.0,5.350285530090332,162.43157958984375,149.3104248046875,174.99420166015625
1188,-73.923044,40.766898,28.031989588881984,9.856462382306956,19.80433839740175,0.19618159592753712,0.23301750722557604,0.7331553372469817,0.1093114987768308,7.601321249297171,165,2470,197,250,143,165,141,109,114,150,167,148,190,136,98,89,44,62,80,69,118,26.81095314025879,16.719181060791016,0.542892575263977,0.0,25.580238342285156,0.0,5.350285530090332,162.43157958984375,149.3104248046875,174.99420166015625
1189,-73.874129,40.740824,23.131827846363706,14.278722475360892,21.712411493340465,0.1151775736604545,0.06750202711734025,0.8681918877685093,0.14899145513495468,7.539147993261809,179,4501,247,249,274,268,221,193,250,318,302,332,186,157,143,170,88,95,283,287,438,22.700271606445312,22.52718734741211,8.175848007202148,0.0,19.30107307434082,0.0,5.508546829223633,167.22076416015625,138.40562438964844,203.02699279785156
1190,-73.821402,40.74943,15.55044334432297,16.142796048626987,26.4480500363399,0.16142165434715872,0.023186432959910654,0.7452546096429592,0.0913175463999513,6.870883073264022,123,1270,68,67,67,63,75,89,118,78,86,153,82,57,49,74,24,15,21,44,40,3.243164300918579,1.7137131557570795e-12,3.8030343055725098,0.0,5.103166580200195,0.0,5.987417221069336,143.7716522216797,145.01063537597656,148.10049438476562
1191,-73.779653,40.712743,19.55740851422038,12.966597641479721,28.001922851677442,0.16789786559713762,0.06940593827242232,0.910840869623389,0.12917976594914152,6.935770138957856,177,2131,151,118,157,149,179,167,126,166,133,153,112,101,68,60,31,40,49,60,111,26.790870666503906,18.829614639282227,2.176854133605957,33.788780212402344,4.310946941375732,0.0,5.133598804473877,104.70317077636719,106.14729309082031,119.22107696533203
1192,-73.903838,40.699431,26.641327175286293,8.021427807695012,22.994787011207347,0.16724754986650087,0.36085646443462543,0.8620333367575277,0.12478420208929236,6.16177157626126,183,4486,405,329,296,304,339,296,267,286,256,232,227,195,197,193,114,123,95,162,170,24.89863395690918,27.053058624267578,8.214527130126953,0.0,8.276057243347168,0.0,5.423775672912598,140.97970581054688,146.08624267578125,139.51991271972656
1193,-73.826811,40.764892,21.621493748256142,13.770239875430155,22.242107754661927,0.2237056550525483,0.11670357840401786,0.7800018673851375,0.12306049891880583,7.418871380033946,175,7383,614,503,513,561,397,479,443,523,488,346,276,337,349,249,188,237,382,244,254,1.6204181909561157,4.203895392974451e-45,4.647156140805131e-13,0.0,8.818460227122023e-23,0.0,5.298757076263428,177.88629150390625,172.1441192626953,187.625244140625
1194,-73.826811,40.764892,21.621493748256142,13.770239875430155,22.242107754661927,0.2237056550525483,0.11670357840401786,0.7800018673851375,0.12306049891880583,7.418871380033946,175,7383,614,503,513,561,397,479,443,523,488,346,276,337,349,249,188,237,382,244,254,1.6204181909561157,4.203895392974451e-45,4.647156140805131e-13,0.0,8.818460227122023e-23,0.0,5.298757076263428,177.88629150390625,172.1441192626953,187.625244140625
1195,-73.832005,40.769752,15.981882998817845,11.359439649079977,30.184094947681096,0.07685343424479167,0.032822458367598686,0.9078833931370783,0.16332325182462995,5.050092161747446,190,1600,132,125,117,141,145,126,136,97,61,65,71,66,54,51,19,42,45,52,55,0.01407560147345066,1.1057063341140747,2.6409442341335243e-11,0.0,2.3990491508089583e-20,0.0,5.371272563934326,122.67378997802734,88.97698974609375,149.37094116210938
1196,-73.74633,40.698786,14.588316563455207,14.1080865341439,31.518807647921516,0.17518320827619402,0.03930355640167885,0.9851067906012213,0.20403850726765663,4.558376781202097,141,1403,120,101,95,143,142,124,91,90,76,50,62,48,49,39,27,19,34,47,46,12.973567962646484,16.944616317749023,11.04997444152832,4.171990871429443,17.1385498046875,0.0,5.1755266189575195,59.14408874511719,63.318363189697266,62.60028076171875
1197,-73.826192,40.754483,26.01634572504964,12.68075800830533,19.577392830858564,0.22779330456972613,0.12569072083656832,0.5876604321086875,0.06699611434778566,9.074569291456394,161,2234,144,136,109,127,121,160,164,137,182,121,105,95,98,102,52,67,84,110,120,3.2382233142852783,1.1994715929031372,0.00013604994455818087,0.0,9.647028923034668,0.0,5.369336128234863,283.0324401855469,217.47410583496094,353.7916259765625
1198,-73.757744,40.66903,12.233084269932338,17.78971853710356,31.633843921479723,0.06714502970377603,0.059833526611328125,0.9264089947655089,0.1727447055634998,5.235777809506371,140,1372,99,102,84,111,106,98,91,120,98,69,66,80,50,42,29,15,27,45,40,19.527957916259766,4.458364963531494,25.57416343688965,5.562741279602051,12.223031044006348,292.1553649902344,5.248815059661865,43.074951171875,74.86897277832031,54.09980010986328
1199,-73.80938,40.724195,13.968787590662636,22.269561721218952,23.552948898739285,0.10521511236826579,0.033571322758992515,0.7220447063446045,0.14513383309046426,5.536063181029426,192,1043,59,74,64,76,63,80,54,70,59,44,58,48,42,31,27,37,49,44,64,21.992029190063477,19.86663818359375,11.344565391540527,30.35931968688965,15.424985885620117,0.0,5.404294967651367,93.58724975585938,102.17414093017578,83.50955200195312
1200,-73.759396,40.664809,9.663980870159124,21.328190060480974,30.744288157831672,0.07030783499189193,0.04048610757465011,0.9279686005325162,0.1840550475325321,4.421124526571887,163,1244,114,95,79,84,86,88,80,122,102,61,54,74,35,38,20,22,26,36,28,21.26591682434082,3.8575613498687744,5.902703285217285,2.786720037460327,6.007309436798096,0.0,5.303999900817871,51.231449127197266,89.41109466552734,56.55342102050781
1201,-73.80938,40.724195,13.968787590662636,22.269561721218952,23.552948898739285,0.10521511236826579,0.033571322758992515,0.7220447063446045,0.14513383309046426,5.536063181029426,192,1043,59,74,64,76,63,80,54,70,59,44,58,48,42,31,27,37,49,44,64,21.992029190063477,19.86663818359375,11.344565391540527,30.35931968688965,15.424985885620117,0.0,5.404294967651367,93.58724975585938,102.17414093017578,83.50955200195312
1202,-73.748799,40.607247,17.252082612779404,15.598899205525713,29.44993040296767,0.09867604573567708,0.06478500366210938,1.3196381462944877,0.2136175367567274,5.261790593465172,150,1947,128,149,148,130,121,134,144,121,164,107,129,72,99,57,23,40,46,56,79,0.0,0.0,0.0,0.0,0.0,0.0,5.465943336486816,90.79901123046875,103.82141876220703,84.6985092163086
1203,-73.847886,40.6972,24.75015826956936,19.037752807455725,18.47468911024629,0.08333221314445374,0.24975191348444215,1.0161389749516887,0.13670441965577465,7.962689576325594,126,1447,74,125,91,86,102,93,115,111,77,59,83,94,72,25,17,40,36,65,82,8.097461700439453,8.58448600769043,57.67235565185547,0.0,52.25299835205078,292.3325500488281,5.544492721557617,79.06906127929688,66.64534759521484,90.48108673095703
1204,-73.80938,40.724195,13.968787590662636,22.269561721218952,23.552948898739285,0.10521511236826579,0.033571322758992515,0.7220447063446045,0.14513383309046426,5.536063181029426,192,1043,59,74,64,76,63,80,54,70,59,44,58,48,42,31,27,37,49,44,64,21.992029190063477,19.86663818359375,11.344565391540527,30.35931968688965,15.424985885620117,0.0,5.404294967651367,93.58724975585938,102.17414093017578,83.50955200195312
1205,-73.932628,40.756471,26.182546888078964,8.788352966308592,23.51257142566499,0.1398885817754836,0.3290049235026042,0.7577792576381138,0.12152390252976192,6.269878024146672,175,3265,221,254,237,248,178,206,187,202,193,147,278,240,161,81,73,88,97,85,89,7.755712509155273,16.5240478515625,6.532424449920654,0.0,19.971590042114258,0.0,5.382767677307129,134.50352478027344,146.5692138671875,138.56948852539062
1206,-73.752885,40.705989,16.663444488946734,12.848539559328579,30.583866390250844,0.09339857383592595,0.128258097571499,0.9848342609593617,0.19264334052272097,5.200041633621005,169,2488,166,172,154,217,284,170,136,156,151,99,169,106,106,89,64,47,78,67,57,24.46498680114746,17.825681686401367,7.7650909423828125,28.633689880371094,23.271827697753906,0.0,5.265957355499268,51.99663162231445,52.58130645751953,58.57801818847656
1207,-73.763995,40.601537,22.312721293023298,11.350841725126221,29.255822026137764,0.16727244600336602,0.36667729100437024,1.2078981872991466,0.1737344349529726,3.653855019427361,94,2818,145,180,164,181,194,217,180,164,262,190,226,151,167,81,65,63,53,64,71,0.0,0.0,0.0,0.0,0.0,0.0,4.7426252365112305,54.02741241455078,59.28104019165039,72.88299560546875
1208,-73.782684,40.673949,10.865571085611977,18.04717432657878,31.03550771077474,0.052718607584635424,0.016937255859375,0.9222033182779946,0.19675547281901043,4.434329986572266,125,1536,65,120,112,150,130,92,104,110,106,86,86,77,48,47,20,37,32,58,56,13.92599868774414,14.772838592529297,2.255439281463623,9.758431434631348,0.00830552913248539,0.0,5.345731735229492,34.106109619140625,52.97671127319336,44.14445114135742
1209,-73.825317,40.586012,21.63557590000213,3.8949977783929732,33.82045844244579,0.07055449107336619,0.11842364356631324,0.6731710736713712,0.1262819956219386,3.345345315479096,84,948,66,78,86,80,70,69,43,79,51,40,43,45,44,30,11,17,23,39,34,5.021787166595459,1.1089099645614624,2.1880152225494385,0.0,20.543840408325195,0.0,4.647873401641846,92.75251007080078,121.30846405029297,102.99817657470703
1210,-73.818399,40.759963,20.602405580699944,18.424385972851706,19.967187843431436,0.16212680740573804,0.014769725310496794,0.8254048491475249,0.09318403369001513,6.959461690353871,117,1257,83,103,74,67,77,125,80,62,92,63,49,65,55,46,45,29,34,57,51,6.432647925609658e-13,0.0,0.0,0.0,6.524819431845148e-33,0.0,5.416163921356201,179.54685974121094,126.68521118164062,232.8437957763672
1211,-73.937004,40.744175,32.29034008856067,2.9270887850763323,25.2204461012058,0.1745507626714345,0.10044874545342908,1.0073370562342112,0.1284005399235708,7.272630489752915,167,848,53,51,71,61,60,46,41,51,58,46,35,47,42,43,13,37,33,33,27,14.749237060546875,14.459298133850098,6.551717758178711,0.0,17.327165603637695,0.0,5.440046787261963,386.2765808105469,673.0472412109375,10.962724685668945
1212,-73.757744,40.66903,12.233084269932338,17.78971853710356,31.633843921479723,0.06714502970377603,0.059833526611328125,0.9264089947655089,0.1727447055634998,5.235777809506371,140,1372,99,102,84,111,106,98,91,120,98,69,66,80,50,42,29,15,27,45,40,19.527957916259766,4.458364963531494,25.57416343688965,5.562741279602051,12.223031044006348,292.1553649902344,5.248815059661865,43.074951171875,74.86897277832031,54.09980010986328
1213,-73.728415,40.746128,6.635259545367697,28.07353982602917,27.574025951145927,0.05264927223684707,0.005838145380434783,0.7027257467813537,0.09680900020875792,2.570249032283175,69,169,11,18,17,11,13,15,13,14,10,7,6,7,4,7,2,4,3,7,0,8.514189720153809,1.7765531539916992,0.0992131382226944,7.978171348571777,3.6002445220947266,0.0,5.2227783203125,40.18735885620117,109.40779113769531,57.17042922973633
1214,-73.937004,40.744175,32.29034008856067,2.9270887850763323,25.2204461012058,0.1745507626714345,0.10044874545342908,1.0073370562342112,0.1284005399235708,7.272630489752915,167,848,53,51,71,61,60,46,41,51,58,46,35,47,42,43,13,37,33,33,27,14.749237060546875,14.459298133850098,6.551717758178711,0.0,17.327165603637695,0.0,5.440046787261963,386.2765808105469,673.0472412109375,10.962724685668945
1215,-73.78521,40.707648,22.538361404881336,8.63943793556907,29.11914825439453,0.1561979814009233,0.22677411936750314,1.1350363914412678,0.12832911327631788,7.192145646220505,165,4658,244,224,189,279,284,328,279,328,306,332,251,177,128,167,146,149,194,255,398,19.872028350830078,24.601619720458984,35.72456741333008,54.541236877441406,22.66007423400879,0.0,5.11015510559082,110.9854507446289,83.8437271118164,136.5816650390625
1216,-73.736232,40.67507,10.622754960662514,20.02890745072967,29.751404453085982,0.11050458005211307,0.10700138736533248,0.9007517787056609,0.15179780701705495,3.725235792418412,219,1543,174,105,50,82,79,89,102,118,123,120,96,94,48,30,15,30,41,94,53,6.502361297607422,6.392904758453369,0.0,19.537405014038086,2.073942184448242,3.791407139820289e-15,5.439126014709473,43.30807113647461,45.55484390258789,42.30807113647461
1217,-73.757744,40.66903,12.233084269932338,17.78971853710356,31.633843921479723,0.06714502970377603,0.059833526611328125,0.9264089947655089,0.1727447055634998,5.235777809506371,140,1372,99,102,84,111,106,98,91,120,98,69,66,80,50,42,29,15,27,45,40,19.527957916259766,4.458364963531494,25.57416343688965,5.562741279602051,12.223031044006348,292.1553649902344,5.248815059661865,43.074951171875,74.86897277832031,54.09980010986328
1218,-73.844335,40.693613,30.71243476867675,14.782558017306858,17.811223559909394,0.1517342461480035,0.3533424801296658,1.0023629930284288,0.1582556830512153,8.583054860432942,150,2512,128,205,157,142,166,142,180,163,143,144,174,174,86,55,48,64,71,127,143,32.50384521484375,16.882226943969727,69.14786529541016,2.2167034874343017e-10,107.4388427734375,378.1400146484375,5.493707180023193,82.28595733642578,56.92497253417969,108.1969985961914
1219,-73.921346,40.73668,23.24031462914513,12.790720419306458,26.57069195166947,0.1009401792712868,0.31957863575190454,0.6579965303588664,0.10926909312284605,6.400902907844403,201,1370,127,124,95,93,103,95,77,63,77,59,47,92,45,35,28,48,53,47,62,27.029098510742188,24.195026397705078,23.84033203125,2.0375162061020413e-12,16.579057693481445,0.0,5.535794734954834,128.197265625,71.29016876220703,185.5540008544922
1220,-73.874109,40.753345,23.389620313457407,14.047372107412302,20.351957620358935,0.2180856816908893,0.11085940342323451,0.5986711090686272,0.12573616177428,6.703578163595763,170,28678,1189,1324,1320,1731,2087,1848,1566,1254,1434,1593,1670,1732,1603,1626,927,936,1347,1586,1905,7.736079216003418,15.298550605773926,0.0009379114490002394,0.0,11.03963851928711,0.0,5.5411152839660645,218.25563049316406,142.16018676757812,292.96905517578125
1221,-73.821402,40.74943,15.55044334432297,16.142796048626987,26.4480500363399,0.16142165434715872,0.023186432959910654,0.7452546096429592,0.0913175463999513,6.870883073264022,123,1270,68,67,67,63,75,89,118,78,86,153,82,57,49,74,24,15,21,44,40,3.243164300918579,1.7137131557570795e-12,3.8030343055725098,0.0,5.103166580200195,0.0,5.987417221069336,143.7716522216797,145.01063537597656,148.10049438476562
1222,-73.763995,40.601537,22.312721293023298,11.350841725126221,29.255822026137764,0.16727244600336602,0.36667729100437024,1.2078981872991466,0.1737344349529726,3.653855019427361,94,2818,145,180,164,181,194,217,180,164,262,190,226,151,167,81,65,63,53,64,71,0.0,0.0,0.0,0.0,0.0,0.0,4.7426252365112305,54.02741241455078,59.28104019165039,72.88299560546875
1223,-73.757744,40.66903,12.233084269932338,17.78971853710356,31.633843921479723,0.06714502970377603,0.059833526611328125,0.9264089947655089,0.1727447055634998,5.235777809506371,140,1372,99,102,84,111,106,98,91,120,98,69,66,80,50,42,29,15,27,45,40,19.527957916259766,4.458364963531494,25.57416343688965,5.562741279602051,12.223031044006348,292.1553649902344,5.248815059661865,43.074951171875,74.86897277832031,54.09980010986328
1224,-73.786403,40.69691,16.52431937412442,13.367645902783458,31.236687006126523,0.21535963288152404,0.0647400062121646,1.0809102815691292,0.16827192190013843,5.491925783806447,191,3520,244,231,264,353,433,253,335,235,167,150,132,80,109,128,69,75,83,87,92,0.01992155611515045,19.851890563964844,6.61290846300927e-13,78.08329772949219,9.219079971313477,0.0,5.321119785308838,67.91873931884766,59.562034606933594,76.939208984375
1225,-73.789365,40.764884,13.204439481099449,21.495908812472702,23.906230089957255,0.0807985924837882,0.09530970924778988,0.6973764352631151,0.12760392406530546,6.285312719512405,152,473,23,44,36,33,40,42,26,32,22,33,17,11,13,12,16,21,15,20,17,0.0009693797910586,0.3158682882785797,6.624854564666748,0.0,6.1200971603393555,0.0,5.176860332489014,60.697471618652344,73.23416900634766,63.674991607666016
1226,-73.92383,40.770769,26.50835071598088,7.942522753466359,24.875580212017436,0.13681274276595934,0.11169124293971706,0.8647360243238845,0.1226306605983425,7.2753461201985665,185,2110,176,154,112,159,127,107,109,118,146,110,163,125,104,85,36,73,82,57,67,27.492860794067383,18.14606285095215,0.5429801344871521,0.0,21.33248519897461,0.0,5.388565540313721,134.92909240722656,127.74932098388672,142.53012084960938
1227,-73.786403,40.69691,16.52431937412442,13.367645902783458,31.236687006126523,0.21535963288152404,0.0647400062121646,1.0809102815691292,0.16827192190013843,5.491925783806447,191,3520,244,231,264,353,433,253,335,235,167,150,132,80,109,128,69,75,83,87,92,0.01992155611515045,19.851890563964844,6.61290846300927e-13,78.08329772949219,9.219079971313477,0.0,5.321119785308838,67.91873931884766,59.562034606933594,76.939208984375
1228,-73.743327,40.672259,11.828780420047721,19.47076312455115,28.174099479753945,0.06394795945419887,0.03827281833923969,0.8779545420223906,0.13910470549593265,2.3287635488608447,97,319,17,16,24,17,29,34,22,28,25,11,14,11,20,11,5,3,9,8,15,1.0035313644527269e-13,13.246197700500488,8.995082781924901e-13,24.178386688232422,0.0,0.0,4.056197166442871,34.17424392700195,33.19422912597656,42.44480514526367
1229,-73.908307,40.71303,21.762263168059363,11.926954172319185,25.57495756102313,0.10023696473470856,0.20741116628662512,0.9426843552362348,0.1455756439559761,6.740726038740187,203,2211,182,137,156,186,210,169,164,161,117,96,98,98,81,49,71,59,60,53,64,40.28581237792969,18.952342987060547,85.15296173095703,0.0,23.689971923828125,0.0,5.433931350708008,87.81928253173828,91.96794891357422,85.75627899169922
1230,-73.959183,40.742964,38.826273547278504,3.206493173326765,22.67906135982937,0.17651943933396114,0.16304197765531994,0.918769647204687,0.15236782649206737,5.9935984157380595,168,10606,600,541,528,491,480,670,476,503,571,613,552,613,509,522,359,528,651,672,727,29.212902069091797,13.8654146194458,78.83316802978516,19.181076049804688,22.301986694335938,0.0,5.942602157592773,197.90335083007812,167.2587432861328,229.04100036621094
1231,-73.871505,40.743228,23.230409033504532,13.637091285126974,22.759641919817238,0.11305481037765584,0.1064320720692791,0.9669882490100894,0.1333238376301222,8.047228010873946,189,18882,953,1015,1145,996,731,739,846,968,945,1032,938,940,1049,1007,692,871,1068,1237,1710,30.49897003173828,16.942089080810547,7.628703594207764,0.0,15.79321575164795,0.0,5.4997334480285645,176.2383270263672,162.22605895996094,196.9868927001953
1232,-73.77843,40.782331,11.131779049105957,19.427294437546134,25.767528631125288,0.034719009561396966,0.0132323829991043,0.42758646031600406,0.14309812250157578,5.296015486342638,157,225,18,9,18,24,20,19,10,14,11,3,12,7,9,9,5,16,9,8,4,1.620091438293457,0.0,1.080664873123169,0.0,0.0,0.0,5.478944778442383,54.774784088134766,60.116363525390625,68.3817367553711
1233,-73.731398,40.720617,17.21640061796381,10.842176144489189,33.29539531179135,0.10186884733621546,0.05126267336727528,0.8802363935034819,0.18933899840165616,6.6750072807854925,89,764,37,39,32,49,62,63,52,80,70,48,53,30,13,17,14,16,19,33,37,4.91499137878418,9.979700088500977,6.153182506561279,32.694358825683594,3.0881223678588867,0.0,4.823195457458496,69.50086212158203,63.773048400878906,76.39185333251953
1234,-73.871505,40.743228,23.230409033504532,13.637091285126974,22.759641919817238,0.11305481037765584,0.1064320720692791,0.9669882490100894,0.1333238376301222,8.047228010873946,189,18882,953,1015,1145,996,731,739,846,968,945,1032,938,940,1049,1007,692,871,1068,1237,1710,30.49897003173828,16.942089080810547,7.628703594207764,0.0,15.79321575164795,0.0,5.4997334480285645,176.2383270263672,162.22605895996094,196.9868927001953
1235,-73.81673,40.675021,15.15510030036425,14.9778818562083,28.734830870245496,0.08100894825881995,0.10275829157400015,0.7047555742472629,0.13602203406266633,6.3405781766794025,137,1500,75,113,138,110,141,107,85,91,85,90,59,53,48,48,23,39,54,62,79,22.121366500854492,9.932661056518555,9.244524002075195,2.781792402267456,5.109601974487305,0.0,5.296189308166504,65.86688995361328,97.625,74.44526672363281
1236,-73.888325,40.710973,17.069320073203436,13.771763049736222,30.31291961669922,0.060937265870432376,0.04756665103649967,0.89771482679579,0.21197303893074157,4.258139675887173,63,1161,25,46,64,142,140,106,132,117,107,57,59,64,37,14,7,9,12,10,13,2.299959897994995,8.42958927154541,1.505183219909668,0.0,2.014573574066162,0.0,5.137437343597412,49.37409973144531,82.69074249267578,67.25419616699219
1237,-73.937004,40.744175,32.29034008856067,2.9270887850763323,25.2204461012058,0.1745507626714345,0.10044874545342908,1.0073370562342112,0.1284005399235708,7.272630489752915,167,848,53,51,71,61,60,46,41,51,58,46,35,47,42,43,13,37,33,33,27,14.749237060546875,14.459298133850098,6.551717758178711,0.0,17.327165603637695,0.0,5.440046787261963,386.2765808105469,673.0472412109375,10.962724685668945
1238,-73.922544,40.768034,27.534569634331604,9.170430677908438,21.255384727760596,0.19759831605134182,0.1760299117476852,0.7484298282199435,0.12287722693549262,7.175415180347584,180,2670,208,236,159,196,158,120,132,163,174,163,204,158,104,93,47,73,90,68,124,29.548662185668945,15.769458770751953,0.100848488509655,0.0,26.43857765197754,0.0,5.358945369720459,158.160400390625,149.7657012939453,166.05897521972656
1239,-73.959183,40.742964,38.826273547278504,3.206493173326765,22.67906135982937,0.17651943933396114,0.16304197765531994,0.918769647204687,0.15236782649206737,5.9935984157380595,168,10606,600,541,528,491,480,670,476,503,571,613,552,613,509,522,359,528,651,672,727,29.212902069091797,13.8654146194458,78.83316802978516,19.181076049804688,22.301986694335938,0.0,5.942602157592773,197.90335083007812,167.2587432861328,229.04100036621094
1240,-73.763995,40.601537,22.312721293023298,11.350841725126221,29.255822026137764,0.16727244600336602,0.36667729100437024,1.2078981872991466,0.1737344349529726,3.653855019427361,94,2818,145,180,164,181,194,217,180,164,262,190,226,151,167,81,65,63,53,64,71,0.0,0.0,0.0,0.0,0.0,0.0,4.7426252365112305,54.02741241455078,59.28104019165039,72.88299560546875
1241,-73.844032,40.725787,18.506647573935016,21.341786427540814,20.89858871322494,0.1296747912157763,0.0028857669314822634,0.6386755178640555,0.1159991015185107,7.573507841642913,185,497,46,68,36,41,39,30,36,40,17,11,20,20,22,25,3,6,6,17,14,10.37723445892334,26.854570388793945,8.159496307373047,0.0,6.305924415588379,0.0,5.528321266174316,51.88365173339844,45.82040023803711,66.39826965332031
1242,-73.939984,40.760376,21.42291544855527,8.68648966406561,29.54329188968472,0.15559510314034303,0.09016778059066481,0.9765179547028427,0.13056631553957673,6.378945879116179,157,2909,210,251,169,166,134,168,137,163,165,122,130,203,135,81,96,145,116,156,162,13.215065002441406,11.694902420043945,2.718597412109375,0.0,18.460050582885742,0.0,5.338964939117432,94.358642578125,108.87931060791016,74.48771667480469
1243,-73.91499,40.706837,22.28275752158915,11.91467234001306,24.20312563578288,0.14854665003517117,0.06944722142712824,0.6484079178265685,0.13185259939610272,6.322531499168424,174,2132,183,120,184,152,177,160,134,153,151,88,87,96,75,67,55,71,60,60,59,16.74075698852539,23.43403434753418,8.727331161499023,1.560368674546897e-11,8.20993423461914,2.337612130531852e-07,5.420875549316406,139.1583251953125,102.34986114501953,173.73361206054688
1244,-73.848577,40.691482,23.011581512660918,15.125128985270596,22.629602012765368,0.11422494842424426,0.3586370920397572,1.1049853977059174,0.18602728434035048,6.690100705910384,194,1522,98,119,116,118,94,85,89,94,101,86,115,93,53,35,31,29,33,62,71,34.43700408935547,18.062183380126953,35.12297821044922,2.449829505923873e-10,110.87319946289062,291.4115905761719,5.142245769500732,77.61146545410156,65.96037292480469,89.44586181640625
1245,-73.865787,40.749175,31.17280591208981,7.066368456906493,22.806155906533295,0.27992020612992585,0.49260067489911924,1.131085629733104,0.17569994776503847,7.971046555717035,212,16134,1292,1444,1309,1489,1199,1127,1176,1105,1034,816,586,491,342,370,196,267,275,623,993,35.42860412597656,10.030879974365234,0.4562186002731323,5.55264949798584,17.379507064819336,0.0,5.31654691696167,176.0448455810547,149.2938690185547,205.00433349609375
1246,-73.845992,40.670905,11.60331008780716,18.12130936190613,29.883122892461273,0.09489825648120326,0.06076519305889423,0.9703585632845889,0.14741734561757147,5.4209537995167265,195,850,78,53,31,38,59,54,53,72,56,62,42,43,45,41,10,21,31,25,36,1.489396279918953e-12,9.762725830078125,3.012544631958008,5.650040765109443e-12,3.5303817161325135e-12,0.0,5.6051483154296875,80.69514465332031,84.56505584716797,70.46580505371094
1247,-73.763995,40.601537,22.312721293023298,11.350841725126221,29.255822026137764,0.16727244600336602,0.36667729100437024,1.2078981872991466,0.1737344349529726,3.653855019427361,94,2818,145,180,164,181,194,217,180,164,262,190,226,151,167,81,65,63,53,64,71,0.0,0.0,0.0,0.0,0.0,0.0,4.7426252365112305,54.02741241455078,59.28104019165039,72.88299560546875
1248,-73.798658,40.714551,16.17281780448011,20.881133951166625,24.784648238971666,0.07466736660208753,0.0025866108555947583,0.761454592468918,0.1188782722719254,4.865460549631425,155,1366,242,146,71,103,101,55,83,82,77,47,60,69,54,31,18,16,21,40,50,45.70519256591797,21.38164520263672,35.81703186035156,2.138446092605591,30.764310836791992,0.0,5.532054901123047,83.90101623535156,133.4705352783203,102.57612609863281
1249,-73.865239,40.74592,24.17811036807055,10.75214405505978,25.404676777577542,0.18725576456527263,0.13403808861448055,1.0329508642007037,0.14966356824016017,7.385320412485222,228,5301,420,461,374,404,376,333,301,303,289,257,247,213,210,160,138,117,137,249,312,26.277271270751953,6.827053546905518,0.575986921787262,5.556009292602539,16.388004302978516,0.0,5.3520188331604,170.578369140625,139.63577270507812,209.43511962890625
1250,-73.790975,40.693559,17.88928953267761,15.467360060093771,27.9948792215121,0.2213591236179158,0.03793037543862553,0.9662964923233637,0.15190981202206372,4.887534804263358,118,5186,354,331,471,458,422,325,434,291,244,271,230,193,140,149,103,132,151,217,270,14.092517852783203,21.692657470703125,11.917259216308594,143.34405517578125,13.896646499633789,0.0,5.389017105102539,64.01927185058594,45.23342514038086,88.03631591796875
1251,-73.74633,40.698786,14.588316563455207,14.1080865341439,31.518807647921516,0.17518320827619402,0.03930355640167885,0.9851067906012213,0.20403850726765663,4.558376781202097,141,1403,120,101,95,143,142,124,91,90,76,50,62,48,49,39,27,19,34,47,46,12.973567962646484,16.944616317749023,11.04997444152832,4.171990871429443,17.1385498046875,0.0,5.1755266189575195,59.14408874511719,63.318363189697266,62.60028076171875
1252,-73.81673,40.675021,15.15510030036425,14.9778818562083,28.734830870245496,0.08100894825881995,0.10275829157400015,0.7047555742472629,0.13602203406266633,6.3405781766794025,137,1500,75,113,138,110,141,107,85,91,85,90,59,53,48,48,23,39,54,62,79,22.121366500854492,9.932661056518555,9.244524002075195,2.781792402267456,5.109601974487305,0.0,5.296189308166504,65.86688995361328,97.625,74.44526672363281
1253,-73.739726,40.733888,9.619205551918109,29.731322587138482,21.024756961398655,0.07414133861811475,0.02902869022253788,0.5148230658637152,0.09737804682567867,4.07624581847528,165,519,59,75,44,64,34,44,38,47,26,19,10,12,13,5,3,4,3,8,11,0.0,6.022377967834473,3.667695487596934e-12,22.402225494384766,1.020790934562683,0.0,4.944774150848389,39.76044845581055,69.9505615234375,46.07612609863281
1254,-73.850123,40.683112,19.79817069551479,11.596534986915824,27.341123646910084,0.13721798950771116,0.25266611351157137,0.9919536938457371,0.12704441382450127,6.275582013640014,212,1355,98,90,106,96,100,69,83,96,67,81,70,70,67,48,20,35,48,61,50,24.000160217285156,24.23033332824707,16.188920974731445,9.727431297302246,47.953853607177734,3.890972166686879e-08,5.338687419891357,109.43636322021484,114.1109619140625,105.21524047851562
1255,-73.83277,40.579977,20.150772241445697,3.8104199140499793,37.305816992735245,0.16889987847743893,0.11862974900465745,1.001873994484926,0.2508606054844,3.9752060327774434,130,1684,58,103,101,90,75,93,111,135,133,140,114,102,96,84,40,31,56,71,51,1.5189075469970703,4.811234474182129,2.5114548206329346,0.0,6.1258625984191895,292.28826904296875,5.245045185089111,50.81666564941406,53.95132064819336,47.30178451538086
1256,-73.83109,40.580907,17.40216227138744,3.8137358777663297,39.120247317295444,0.126493444629744,0.05156012142405791,0.964543398688821,0.27178292180977615,3.415518180996764,136,1456,46,84,77,69,60,80,100,113,115,117,87,86,88,80,32,26,53,69,74,12.43397045135498,3.6353917121887207,2.68208646774292,0.0,6.331766128540039,292.4656066894531,5.095394611358643,57.88151550292969,52.28620529174805,59.1129035949707
1257,-73.749891,40.604019,22.547434980396346,11.294679505205837,27.92286141518435,0.19926898074783916,0.19109292995710314,1.2188425824686058,0.2000034464892678,5.928858852581501,163,14835,904,796,795,709,683,591,723,794,948,948,900,884,862,795,632,620,672,792,787,0.0,0.0,0.0,0.0,0.0,0.0,5.471686840057373,115.79342651367188,128.05580139160156,111.85652923583984
1258,-73.782684,40.673949,10.865571085611977,18.04717432657878,31.03550771077474,0.052718607584635424,0.016937255859375,0.9222033182779946,0.19675547281901043,4.434329986572266,125,1536,65,120,112,150,130,92,104,110,106,86,86,77,48,47,20,37,32,58,56,13.92599868774414,14.772838592529297,2.255439281463623,9.758431434631348,0.00830552913248539,0.0,5.345731735229492,34.106109619140625,52.97671127319336,44.14445114135742
1259,-73.93562,40.753503,28.304213099487516,5.970896954215415,24.157769182828456,0.10736571939903722,0.1656161153257774,0.792997106542728,0.14476666505309357,6.669725533972429,203,1988,98,97,98,114,70,84,79,86,98,87,124,120,104,80,86,144,154,137,128,26.5958251953125,20.544559478759766,6.48162317276001,0.0,25.15427589416504,0.0,5.315404891967773,185.99356079101562,260.1747131347656,106.20276641845703
1260,-73.825162,40.584543,21.165138731400173,3.64409734805425,34.168799718221024,0.0798011819521586,0.11205077171325684,0.6863124668598175,0.14177237947781884,3.797670950492223,128,1130,66,80,89,82,77,83,53,92,63,49,46,52,52,35,17,22,36,58,78,23.478715896606445,2.5864956378936768,2.72271728515625,0.0,20.658977508544922,0.0,4.914762020111084,98.10075378417969,112.51372528076172,117.03863525390625
1261,-73.825317,40.586012,21.63557590000213,3.8949977783929732,33.82045844244579,0.07055449107336619,0.11842364356631324,0.6731710736713712,0.1262819956219386,3.345345315479096,84,948,66,78,86,80,70,69,43,79,51,40,43,45,44,30,11,17,23,39,34,5.021787166595459,1.1089099645614624,2.1880152225494385,0.0,20.543840408325195,0.0,4.647873401641846,92.75251007080078,121.30846405029297,102.99817657470703
1262,-73.798658,40.714551,16.17281780448011,20.881133951166625,24.784648238971666,0.07466736660208753,0.0025866108555947583,0.761454592468918,0.1188782722719254,4.865460549631425,155,1366,242,146,71,103,101,55,83,82,77,47,60,69,54,31,18,16,21,40,50,45.70519256591797,21.38164520263672,35.81703186035156,2.138446092605591,30.764310836791992,0.0,5.532054901123047,83.90101623535156,133.4705352783203,102.57612609863281
1263,-73.771196,40.711857,17.922007552976527,11.758797730856799,30.907825144325816,0.11056070405293286,0.1190185546875,0.9619579082582055,0.14160086468952457,6.138576724664951,164,1524,102,101,133,133,108,120,97,96,83,60,76,47,58,59,35,36,71,58,51,12.110722541809082,13.407695770263672,1.0998355150222778,1.3902595043182373,6.212601184844971,0.0,5.1499714851379395,73.72113800048828,57.83405303955078,86.25031280517578
1264,-73.778924,40.69172,12.418740745482403,20.111568187310443,28.44288504220606,0.08677021274721719,0.05090411116437214,0.8537222699421212,0.17298120793288316,4.401518852730107,164,1938,69,56,76,109,124,109,149,149,172,155,106,116,83,98,45,54,88,87,93,6.541543006896973,19.69896125793457,1.737989197003742e-10,33.63411331176758,5.106466293334961,0.0,5.215607643127441,38.492591857910156,37.796302795410156,46.5
1265,-73.798658,40.714551,16.17281780448011,20.881133951166625,24.784648238971666,0.07466736660208753,0.0025866108555947583,0.761454592468918,0.1188782722719254,4.865460549631425,155,1366,242,146,71,103,101,55,83,82,77,47,60,69,54,31,18,16,21,40,50,45.70519256591797,21.38164520263672,35.81703186035156,2.138446092605591,30.764310836791992,0.0,5.532054901123047,83.90101623535156,133.4705352783203,102.57612609863281
1266,-73.872244,40.761573,16.43604825964957,10.896936054543353,31.18138306165846,0.14150431337912522,0.08829655668660664,0.8901184093435426,0.15386587122987028,5.723908485674893,223,2679,216,238,252,286,190,162,168,171,222,134,101,103,80,86,60,39,52,56,63,4.825383186340332,0.4744040369987488,9.832877159118652,0.0,12.286466598510742,0.0,5.164660453796387,85.00049591064453,64.58904266357422,108.03694152832031
1267,-73.859202,40.757888,16.72780136468034,11.09841648577038,31.170004546040236,0.08321980434636075,0.12004062382861821,0.8260413853809085,0.11164507881960886,6.310705544571283,198,3612,183,237,322,335,324,252,190,279,241,181,134,153,131,120,69,77,112,120,152,1.2102473537223268e-11,0.0,0.0,0.0,0.0,0.0,5.288888931274414,131.41758728027344,105.87547302246094,158.83087158203125
1268,-73.883878,40.701694,20.481632561083664,14.53249449235188,23.97403464412058,0.10146926307257173,0.145946696367748,0.8685366733711026,0.18751237039797616,7.098745720802293,151,1455,77,76,99,114,128,140,127,113,87,69,45,54,62,38,40,41,43,39,63,23.335222244262695,21.23440170288086,1.0888727903366089,1.1080730950852047e-11,16.145357131958008,0.0,5.539616584777832,101.5457992553711,94.25762176513672,108.46863555908203
1269,-73.775643,40.675014,13.505667957064206,26.318989115313062,24.702805921065906,0.1055152619837401,0.024286380484084453,0.9258827230490275,0.2158396171801018,4.079900168847119,121,2183,104,132,131,140,130,144,161,216,153,132,129,95,78,77,54,61,60,105,81,11.47793960571289,9.835558891296387,0.794282078742981,20.52540397644043,7.143990516662598,0.0,5.300298690795898,99.01652526855469,85.71849060058594,139.84451293945312
1270,-73.786649,40.594008,23.319055280114846,10.332979979338466,29.98222992291138,0.18390698989911639,0.057846460586939104,0.9426078905067552,0.17507775896295186,3.2639446421566163,117,4650,246,281,392,548,349,224,277,308,422,307,256,231,183,120,72,69,111,148,106,0.0,0.0,0.0,0.0,0.0,0.0,4.740544319152832,121.09819793701172,77.89453125,156.25613403320312
1271,-73.829409,40.693013,18.392850325359568,14.114057920812598,26.58486909013454,0.09082584846310499,0.05245208740234375,1.0278744426200064,0.133260866490806,6.9259984706475475,164,1965,134,150,144,117,127,112,113,141,99,123,125,83,122,78,49,64,53,60,71,3.826900601966443e-12,15.216103553771973,8.467443413096021e-11,2.446064172545448e-05,1.0228309631347656,0.0,5.356993675231934,80.71524047851562,65.56368255615234,96.32789611816406
1272,-73.820221,40.702178,20.204721671947535,8.983481448629627,31.00336479104084,0.09354940359143245,0.11114797730376753,1.0979807895162828,0.12959466464277627,7.030098161835601,184,1497,86,82,84,59,78,78,68,104,100,88,133,113,50,37,49,38,68,75,107,7.038848876953125,18.47775650024414,2.179664055582814e-13,64.28734588623047,17.233057022094727,0.0,5.330565452575684,79.17210388183594,86.2474594116211,92.41707611083984
1273,-73.857176,40.671903,9.997394410046663,14.523402127352627,35.6406007752274,0.08995749733664772,0.026036392558704723,0.8214874701066449,0.1416547731919722,4.204797383510707,176,642,43,44,43,35,34,26,46,40,33,17,35,27,35,32,18,12,30,36,56,21.873300552368164,19.07249641418457,47.14656066894531,0.0,17.42593765258789,0.0,5.7970051765441895,21.42705726623535,14.934215545654297,29.49772834777832
1274,-73.738793,40.655811,12.243154937145757,23.28393272325104,25.595325582167682,0.03376287572524127,0.03856771132525276,0.9175875607658835,0.11973614786185471,3.6366766574336036,68,605,43,42,71,40,53,30,33,58,27,30,18,36,22,18,16,16,12,20,20,1.9155442032570136e-07,0.0,2.1209577063391327e-12,0.0,1.0225127935409546,0.0,4.343573093414307,49.86506271362305,35.4322509765625,64.72284698486328
1275,-73.799532,40.708204,23.747176369704768,11.702684089962371,22.992793943473398,0.30407303919675427,0.30066387801520567,0.9062743680849806,0.15325564224616733,6.777219359259597,177,9767,661,489,554,563,623,701,708,807,1077,883,562,381,275,239,146,176,255,352,315,48.015167236328125,13.170716285705566,52.248268127441406,37.83472442626953,20.690601348876953,291.7574462890625,5.3662190437316895,198.76158142089844,203.68304443359375,218.32955932617188
1276,-73.752772,40.681881,13.189256838125777,12.461084912913714,33.87714134630306,0.14738204867340798,0.0525563262229742,1.2296392012012094,0.17240435578102292,4.470296238743981,172,1834,161,115,139,137,102,114,99,79,84,103,91,80,53,41,32,38,52,215,99,6.604557514190674,18.307626724243164,0.8637567758560181,28.356834411621094,10.21151351928711,0.0,4.936524391174316,40.73859786987305,51.668601989746094,40.61649703979492
1277,-73.764065,40.600137,23.941165379115503,9.0581909058586,30.153825850713822,0.16040196494450648,0.32445604839022196,1.2719781058175221,0.16469380212208581,3.1807972135997957,105,3089,152,203,199,192,221,239,186,193,282,205,237,163,179,90,70,65,62,69,82,0.0,0.0,0.0,0.0,0.0,0.0,4.818913459777832,58.442344665527344,59.66340637207031,79.58042907714844
1278,-73.763609,40.68943,17.030934309348076,13.50920212574494,30.309784473517002,0.1437822977701823,0.16195492866711736,1.1080318842178738,0.18581708272298178,5.7438632769462385,130,2107,74,109,83,112,116,135,172,229,167,141,136,106,110,100,48,32,59,97,81,9.727904319763184,17.5306453704834,1.9804077822094257e-10,6.722005367279053,4.036909580230713,0.0,5.469066143035889,53.71946334838867,50.192474365234375,53.8892707824707
1279,-73.778613,40.680016,12.57082884478721,14.743608324897268,34.50713390504225,0.12111906792707504,0.03782017215801652,0.976851841952897,0.19438717269087546,4.513019918129954,157,40552,1997,2137,2228,2055,906,1138,1821,2283,2771,2717,2692,2697,2860,3036,1518,1775,1837,1989,2095,13.034928321838379,11.49931526184082,2.1765248775482178,7.048412322998047,2.0444188117980957,0.0,5.208417892456055,54.001670837402344,71.66706848144531,68.99248504638672
1280,-73.922604,40.74258,29.239952659302727,6.058905873762553,24.008281075022815,0.2859234239496112,0.22340132669208532,0.775860903555887,0.11896212515458343,7.6340241865678236,209,3124,227,300,250,225,259,233,156,220,208,132,135,136,91,75,68,74,99,109,127,35.517547607421875,23.132888793945312,5.680280685424805,0.0,18.476179122924805,0.0,5.234694004058838,180.27212524414062,143.34523010253906,217.38571166992188
1281,-73.8839,40.7888,0.0,0.0,0.0,0.0,0.0,0.0,0.0,0.0,0,444,9,15,19,12,26,20,16,21,19,40,38,29,22,20,18,21,26,32,41,5.424426355401367e-42,0.0,0.0,0.0,2.0617828369140625,0.0,5.286277770996094,123.0907974243164,123.32310485839844,123.0907974243164
1282,-73.797981,40.708698,24.084235359640683,10.45428238663019,23.965046452540975,0.3312638226677389,0.2632361767338771,0.8932605444216258,0.15708081862505746,6.445129244935278,170,7105,450,337,395,369,440,495,510,589,790,638,409,291,234,212,113,131,207,261,234,52.28509521484375,11.765080451965332,85.1735610961914,32.47818374633789,21.61366844177246,291.93414306640625,5.338675022125244,188.13856506347656,171.38565063476562,215.3207244873047
1283,-73.798658,40.714551,16.17281780448011,20.881133951166625,24.784648238971666,0.07466736660208753,0.0025866108555947583,0.761454592468918,0.1188782722719254,4.865460549631425,155,1366,242,146,71,103,101,55,83,82,77,47,60,69,54,31,18,16,21,40,50,45.70519256591797,21.38164520263672,35.81703186035156,2.138446092605591,30.764310836791992,0.0,5.532054901123047,83.90101623535156,133.4705352783203,102.57612609863281
1284,-73.825317,40.586012,21.63557590000213,3.8949977783929732,33.82045844244579,0.07055449107336619,0.11842364356631324,0.6731710736713712,0.1262819956219386,3.345345315479096,84,948,66,78,86,80,70,69,43,79,51,40,43,45,44,30,11,17,23,39,34,5.021787166595459,1.1089099645614624,2.1880152225494385,0.0,20.543840408325195,0.0,4.647873401641846,92.75251007080078,121.30846405029297,102.99817657470703
1285,-73.774668,40.679843,14.312011132508646,19.543846345051026,28.352457104307238,0.1281899291199523,0.05640921654639306,0.9962645444003017,0.18858414191704295,5.052421619365742,154,39891,1954,2106,2189,2014,832,1101,1774,2213,2734,2679,2651,2682,2840,2998,1505,1764,1805,1964,2086,13.000060081481934,4.994650840759277,2.1752068996429443,8.779449462890625,7.154173374176025,0.0,5.254642009735107,79.33103942871094,81.31332397460938,106.9330062866211
1286,-73.759396,40.664809,9.663980870159124,21.328190060480974,30.744288157831672,0.07030783499189193,0.04048610757465011,0.9279686005325162,0.1840550475325321,4.421124526571887,163,1244,114,95,79,84,86,88,80,122,102,61,54,74,35,38,20,22,26,36,28,21.26591682434082,3.8575613498687744,5.902703285217285,2.786720037460327,6.007309436798096,0.0,5.303999900817871,51.231449127197266,89.41109466552734,56.55342102050781
1287,-73.759396,40.664809,9.663980870159124,21.328190060480974,30.744288157831672,0.07030783499189193,0.04048610757465011,0.9279686005325162,0.1840550475325321,4.421124526571887,163,1244,114,95,79,84,86,88,80,122,102,61,54,74,35,38,20,22,26,36,28,21.26591682434082,3.8575613498687744,5.902703285217285,2.786720037460327,6.007309436798096,0.0,5.303999900817871,51.231449127197266,89.41109466552734,56.55342102050781
1288,-73.797981,40.708698,24.084235359640683,10.45428238663019,23.965046452540975,0.3312638226677389,0.2632361767338771,0.8932605444216258,0.15708081862505746,6.445129244935278,170,7105,450,337,395,369,440,495,510,589,790,638,409,291,234,212,113,131,207,261,234,52.28509521484375,11.765080451965332,85.1735610961914,32.47818374633789,21.61366844177246,291.93414306640625,5.338675022125244,188.13856506347656,171.38565063476562,215.3207244873047
1289,-73.902197,40.756181,19.015265384436525,12.308795111519952,29.67089279230698,0.09708544273516197,0.031586531754378436,0.8974728566822988,0.10744136768382982,6.9013714353680164,182,1063,50,76,53,68,68,55,63,82,82,59,73,53,49,34,38,40,41,39,40,12.372861862182617,14.516385078430176,1.6281206607818604,1.3883723020553589,7.225248336791992,0.0,5.519521236419678,87.37537384033203,71.74943542480469,103.37195587158203
1290,-73.756259,40.702329,15.91190338134766,18.321256990785958,27.446937561035153,0.05398408866222994,0.03509945339626736,0.8711673595287182,0.17465002742814434,4.7644299636652425,135,1343,57,96,100,102,115,72,84,114,121,67,85,49,49,42,43,28,31,35,53,24.61240577697754,15.194294929504395,7.8387556076049805,21.56818199157715,27.42310905456543,0.0,5.3831000328063965,41.731536865234375,25.344974517822266,58.51106262207031
1291,-73.90643,40.747701,25.97792387008667,11.793065468470253,22.813630104064945,0.1230327288309733,0.2022715409596761,0.8942619959513347,0.1425983508427938,6.547531485557558,160,1188,97,96,85,85,65,72,58,70,69,60,64,71,55,43,21,36,45,52,44,36.11790466308594,23.210607528686523,2.7174665927886963,0.0,20.419878005981445,0.0,5.422598361968994,109.04390716552734,98.59949493408203,118.78646850585938
1292,-73.758587,40.599467,23.747166752593255,8.840053174748768,30.586097227128523,0.180596435092237,0.19543166489130512,1.2450697701736537,0.19562311012651662,3.68736274193563,179,3384,188,235,230,172,203,294,215,196,303,230,246,153,185,114,110,86,70,73,81,0.0,0.0,0.0,0.0,0.0,0.0,5.267848491668701,86.94151306152344,65.50686645507812,117.9945068359375
1293,-73.915929,40.749753,18.406983287141635,20.77491278714212,22.706236829889367,0.1043125957662067,0.06933945875901443,0.7463408174834545,0.1242575560801128,7.1558335358809675,169,288,20,23,13,16,33,24,25,18,17,7,17,11,10,9,9,8,9,7,12,22.69063377380371,23.226051330566406,2.7183945178985596,0.0,32.66242599487305,0.0,5.354277610778809,69.18028259277344,44.74646759033203,86.59368133544922
1294,-73.807561,40.713084,17.982567681206593,17.439262376239817,26.52461359409687,0.08405640259900814,0.06859263435738985,0.9191836164297299,0.13838457062379045,5.415886738261237,183,1110,96,74,68,64,79,88,65,61,54,48,45,45,43,50,28,17,62,52,71,49.947059631347656,23.508832931518555,52.41181182861328,36.282230377197266,19.983083724975586,291.7574462890625,5.590390205383301,54.750797271728516,37.54621124267578,73.61587524414062
1295,-73.825317,40.586012,21.63557590000213,3.8949977783929732,33.82045844244579,0.07055449107336619,0.11842364356631324,0.6731710736713712,0.1262819956219386,3.345345315479096,84,948,66,78,86,80,70,69,43,79,51,40,43,45,44,30,11,17,23,39,34,5.021787166595459,1.1089099645614624,2.1880152225494385,0.0,20.543840408325195,0.0,4.647873401641846,92.75251007080078,121.30846405029297,102.99817657470703
1296,-73.799756,40.675626,16.893460847292843,14.58017292056345,29.246035244519536,0.10041971896270806,0.10328276027026842,1.100222437890539,0.1633232022509163,5.317286671364328,189,1724,94,116,100,128,161,149,118,101,116,82,64,62,80,65,47,31,48,81,81,9.786420822143555,19.225656509399414,0.5415871143341064,11.36341381072998,1.9232680797576904,0.0,5.374819278717041,54.76020812988281,35.17481994628906,72.80523681640625
1297,-73.749891,40.604019,22.547434980396346,11.294679505205837,27.92286141518435,0.19926898074783916,0.19109292995710314,1.2188425824686058,0.2000034464892678,5.928858852581501,163,14835,904,796,795,709,683,591,723,794,948,948,900,884,862,795,632,620,672,792,787,0.0,0.0,0.0,0.0,0.0,0.0,5.471686840057373,115.79342651367188,128.05580139160156,111.85652923583984
1298,-73.770314,40.754954,12.506839284869681,21.076490125085563,25.182044472110235,0.07449201708845264,0.019893483218983706,0.7483006882192064,0.1481895772819845,5.34183252231348,117,412,51,28,40,42,35,21,31,33,25,13,15,21,7,10,9,8,5,9,9,17.102794647216797,0.056085456162691116,5.34633207321167,0.0,5.729150295257568,0.0,5.300971031188965,49.34242248535156,60.57880783081055,53.329322814941406
1299,-73.83685,40.668083,11.212896090206455,17.18939513823318,33.78129879107276,0.07840634444954642,0.0753263764034044,0.9971736545857479,0.13318303931364683,3.786858186027073,151,487,20,25,27,24,27,38,50,50,52,37,27,15,14,7,12,10,7,22,23,8.09847354888916,0.5340712070465088,4.618737575561027e-13,0.0,4.096164703369141,0.0,5.998225688934326,39.040767669677734,25.77106285095215,51.34713363647461
1300,-73.843504,40.785129,24.250786412845965,11.57940012035948,26.11849615068147,0.09509921073913574,0.14486764416550146,1.298883105769302,0.17851103435863147,6.643630338437629,176,1022,91,50,46,69,75,66,49,92,78,39,46,60,35,27,24,24,39,79,33,3.577555461077575e-13,6.76906586338788e-11,0.0,0.0,0.0,0.0,5.6348981857299805,66.67125701904297,61.14746856689453,74.7078628540039
1301,-73.87786,40.737387,19.989213654489223,11.221835107514353,26.19903058716745,0.13283411661783856,0.05824869329279119,0.8052812923084606,0.14249483744303387,6.28255728519324,220,4911,343,373,297,274,346,313,294,274,276,310,194,202,202,243,64,58,167,262,419,10.841004371643066,23.064210891723633,9.712400436401367,1.6247346350251046e-12,19.40769386291504,0.0,5.255456447601318,138.9480438232422,108.00184631347656,177.61209106445312
1302,-73.791304,40.706724,25.198645565096893,7.953283817852453,25.94618131328561,0.3251890896418907,0.27639612805243974,1.060064766882074,0.12551153172327817,5.980044281460498,179,25529,1072,1166,1272,1371,1226,1385,1219,1504,1698,1481,1209,1107,1112,1213,952,1152,1529,1655,2206,68.56990051269531,13.839704513549805,88.73526763916016,53.67204284667969,17.258121490478516,292.06683349609375,5.1470112800598145,133.2711944580078,115.05511474609375,173.31668090820312
1303,-73.960836,40.738864,21.432493398855403,5.682881243594057,32.552527522181606,0.12554134334529843,0.24706350790487752,0.8130937009244352,0.14798791558892876,7.793670946413331,74,55,0,0,0,0,2,0,1,0,0,1,0,0,0,0,2,6,13,12,18,25.851552963256836,12.164146423339844,48.315799713134766,20.101560592651367,20.54010009765625,0.0,6.000957012176514,39.23389434814453,28.243938446044922,50.46702575683594
1304,-73.883528,40.73793,18.50637433160779,8.99644290213977,31.222201701022502,0.09474073137555804,0.07855881860245874,0.8928759961589247,0.12327554766061848,6.30398897553591,231,1545,112,114,103,118,104,81,103,94,78,72,33,58,53,54,61,75,72,82,78,12.954853057861328,25.008865356445312,4.291935443878174,1.0787239157483697e-12,17.997900009155273,0.0,5.250117301940918,117.92789459228516,106.05742645263672,151.34555053710938
1305,-73.856042,40.671281,10.469435639522244,14.673880886930952,35.281863192465735,0.08504481255253658,0.026426436025885087,0.8597722033408121,0.139542672201551,4.203698806118865,158,634,44,43,41,36,34,26,45,40,33,17,35,26,35,30,18,12,30,36,53,21.49456214904785,19.101295471191406,46.00213623046875,0.0,18.36629295349121,0.0,5.863109111785889,22.158416748046875,15.291521072387695,30.516935348510742
1306,-73.858853,40.729413,24.582078362588838,12.539216219368631,21.01306659353655,0.20563871847034174,0.07584458690578655,0.5527707816517283,0.12487866784219685,6.783564077258783,236,2316,214,175,184,207,140,151,185,130,104,95,75,49,50,60,40,62,139,118,138,14.507942199707031,14.60253620147705,2.1752071380615234,13.723533630371094,10.454121589660645,0.0,5.145862579345703,207.95863342285156,205.04454040527344,227.44834899902344
1307,-73.799776,40.706074,27.81578475353765,9.74895028507008,21.150968776029696,0.41398796380734915,0.2999720853917739,0.8769061518650425,0.1389316484039905,8.165691787121343,170,27366,1215,1399,1767,1862,2230,2260,2310,2639,2733,2712,1363,880,632,485,259,328,389,787,1116,32.47333908081055,11.454184532165527,33.14453887939453,66.08067321777344,13.205846786499023,291.6250305175781,5.460135459899902,207.06935119628906,166.0753631591797,262.2854309082031
1308,-73.874094,40.76836,14.856414441709163,16.29972457885742,30.351797739664715,0.14182157477233634,0.03284878200954861,0.7786195464585544,0.1376120641888905,5.509166560545871,162,1195,59,79,85,52,68,80,75,92,81,57,72,71,68,83,38,30,31,37,37,1.2364281411553538e-29,3.0929963451553633e-12,0.5430771112442017,7.683561225419952e-14,5.06960916519165,0.0,5.295454502105713,67.6601333618164,59.10466766357422,89.92058563232422
1309,-73.764954,40.749673,9.06239946683248,26.51924217740695,25.912902007500332,0.09383410215377808,0.010144710540771484,0.6504533191521962,0.14324833949406943,2.4503673116366063,128,158,12,13,8,9,18,9,6,8,8,13,11,5,10,10,2,5,4,5,2,12.6981840133667,10.856666564941406,1.902572512626648,0.0,4.386723518371582,0.0,5.045044898986816,24.96015739440918,18.05323028564453,32.97749328613281
1310,-73.896705,40.752773,20.317484393264316,10.72217681191184,28.141920783302997,0.11207493868741122,0.08946592157537286,0.7879069357207329,0.10723865393436316,7.083748759645403,220,1860,115,133,150,137,109,139,105,122,118,79,113,80,81,75,59,63,54,61,67,22.311771392822266,13.174373626708984,0.005797388032078743,0.0,8.023481369018555,0.0,5.58521032333374,134.931884765625,113.4796371459961,149.6585693359375
1311,-73.782684,40.673949,10.865571085611977,18.04717432657878,31.03550771077474,0.052718607584635424,0.016937255859375,0.9222033182779946,0.19675547281901043,4.434329986572266,125,1536,65,120,112,150,130,92,104,110,106,86,86,77,48,47,20,37,32,58,56,13.92599868774414,14.772838592529297,2.255439281463623,9.758431434631348,0.00830552913248539,0.0,5.345731735229492,34.106109619140625,52.97671127319336,44.14445114135742
1312,-73.826154,40.785787,11.805611820847773,21.246467285872622,27.97108390521555,0.07302369310262617,0.0037905196068992075,0.9450641596261323,0.14009475708007812,3.6249053310340558,142,185,9,5,7,11,6,6,17,27,10,12,4,2,8,7,8,3,16,12,15,0.0,1.423561692237854,0.0,0.0,0.0,0.0,5.415975093841553,22.22679901123047,48.04210662841797,23.531513214111328
1313,-73.881555,40.741153,22.22363233566284,11.796816507975263,24.57233953475952,0.17731030782063806,0.10455799102783203,0.8885642687479653,0.12703514099121097,7.341789086659747,200,3885,314,387,274,269,270,235,207,232,199,241,191,182,143,134,91,94,113,138,171,7.636777877807617,22.753873825073242,3.2607991695404053,0.0,17.562580108642578,0.0,5.386940002441406,190.38966369628906,113.64868927001953,264.9154968261719
1314,-73.757271,40.752343,9.647827753945004,20.99884911189003,27.26011185418992,0.14106023879278273,0.0018601190476190475,0.5358078366234188,0.12415325830853177,4.155960083007813,105,611,65,45,85,54,36,49,33,36,27,14,43,53,12,8,9,4,12,10,16,3.6898722648620605,0.5557858347892761,5.9818196296691895,0.0,14.520527839660645,0.0,5.51226806640625,64.07826232910156,144.2674102783203,52.652095794677734
1315,-73.763472,40.688263,17.019257853873327,16.842971156485632,27.92469968843223,0.11838561859890002,0.0971884276736435,1.0348393549373496,0.17247793093249575,5.484822496252867,134,1635,61,86,69,77,88,106,131,174,142,115,102,92,82,66,35,22,44,78,65,6.589156627655029,11.731193542480469,1.82752007971132e-10,5.182559013366699,0.2213069200515747,0.0,5.4777655601501465,55.77240753173828,52.78761291503906,56.691673278808594
1316,-73.936592,40.751838,34.01931006194167,6.127698042557043,19.322740847216036,0.18842364497660918,0.20350927039037778,0.993576666809168,0.16164632118536285,6.3428546138285915,237,1747,67,78,74,113,62,76,74,70,79,76,112,109,97,85,71,117,151,124,112,21.884517669677734,20.138784408569336,4.962306976318359,0.0,24.096378326416016,0.0,5.623236179351807,221.90721130371094,325.181640625,114.96393585205078
1317,-73.858255,40.750857,30.31539172562868,8.051956555008388,23.197452730267358,0.183101847201963,0.24267389804502076,0.9193005944103129,0.11034494713891911,7.771884942356543,158,11462,827,893,994,976,858,738,769,820,763,606,429,429,345,318,165,188,219,451,674,2.5436806678771973,0.9038700461387634,4.25200756291118e-15,6.4998605456279e-12,1.1306273937225342,0.0,5.352711200714111,162.43917846679688,113.38864135742188,216.27700805664062
1318,-73.858714,40.759436,15.573876328779495,11.104846799604893,32.88739757773317,0.07211257961481757,0.12685483094876404,0.7449684950409744,0.10248483593922232,5.550766663997052,189,2532,137,191,185,222,199,158,130,186,169,141,97,121,100,89,45,55,91,97,119,1.0504046417392221e-11,0.0,0.0,0.0,1.8745569332900835e-12,0.0,5.527472496032715,115.52495574951172,86.18606567382812,142.0476531982422
1319,-73.813926,40.683802,19.844469837113916,13.698276117736215,27.638562754088756,0.10303749757654526,0.056223308338838464,0.8110041711844653,0.1376126326766669,5.835203563465793,136,1392,81,99,112,92,100,90,106,101,64,73,62,67,56,59,43,40,47,47,53,26.133411407470703,19.101125717163086,8.436031341552734,12.296881675720215,11.693166732788086,0.0,5.482433319091797,61.972801208496094,58.87496566772461,82.09587860107422
1320,-73.875053,40.736886,19.237576397982508,11.421451713099621,26.36211510860558,0.14324852914521188,0.05639596418900923,0.9217217474272758,0.15227982492157907,5.983591946688565,220,4675,312,371,272,272,329,300,305,269,268,307,195,177,199,230,63,55,148,223,380,15.217729568481445,21.484237670898438,7.088348388671875,1.9344237583290846e-12,16.288650512695312,0.0,5.253716468811035,139.79640197753906,115.88997650146484,173.28448486328125
1321,-73.823841,40.737448,11.762166450527834,24.095832660634034,22.59578055378357,0.044644263482862906,0.00507395754578293,0.6300868099308355,0.18251207139756948,6.70691630319028,93,382,38,32,29,29,16,33,24,36,17,21,14,29,5,11,5,9,17,9,8,23.185283660888672,12.831101417541504,8.707855224609375,6.942911148071289,18.791053771972656,0.0,5.0385332107543945,131.84751892089844,339.02740478515625,60.19581985473633
1322,-73.915929,40.749753,18.406983287141635,20.77491278714212,22.706236829889367,0.1043125957662067,0.06933945875901443,0.7463408174834545,0.1242575560801128,7.1558335358809675,169,288,20,23,13,16,33,24,25,18,17,7,17,11,10,9,9,8,9,7,12,22.69063377380371,23.226051330566406,2.7183945178985596,0.0,32.66242599487305,0.0,5.354277610778809,69.18028259277344,44.74646759033203,86.59368133544922
1323,-73.795049,40.740875,10.547792465291554,20.323520803196544,28.644504989107233,0.10298050661138035,0.23117575415952957,0.7723677392099417,0.12492606559114233,3.966281333284156,187,476,63,46,34,32,29,35,33,21,25,21,30,25,15,23,4,7,13,12,8,22.586254119873047,4.48206090927124,4.3772172927856445,15.311223983764648,6.320241451263428,0.0,5.055240154266357,82.6563720703125,166.31729125976562,49.668453216552734
1324,-73.739726,40.733888,9.619205551918109,29.731322587138482,21.024756961398655,0.07414133861811475,0.02902869022253788,0.5148230658637152,0.09737804682567867,4.07624581847528,165,519,59,75,44,64,34,44,38,47,26,19,10,12,13,5,3,4,3,8,11,0.0,6.022377967834473,3.667695487596934e-12,22.402225494384766,1.020790934562683,0.0,4.944774150848389,39.76044845581055,69.9505615234375,46.07612609863281
1325,-73.843972,40.730017,11.026004176811885,24.02954933627339,26.661309833227918,0.04164164498348364,0.0010676031944735738,0.6568545996476074,0.10568588905419814,4.559824130679137,149,634,68,60,35,43,58,39,46,40,38,29,28,14,32,43,14,10,11,14,12,18.086931228637695,24.211326599121094,7.0214619636535645,0.0,21.484254837036133,0.0,5.6382598876953125,57.94565200805664,130.99644470214844,39.285980224609375
1326,-73.911165,40.757072,18.574068705240883,16.47108809153239,23.174107869466148,0.1354360580444336,0.1274607976277669,0.6707143783569336,0.10710891087849932,8.130293846130371,200,4611,393,456,318,345,336,342,261,302,371,251,262,179,172,117,85,126,91,103,101,27.576494216918945,19.65897560119629,5.952953815460205,0.0,11.841170310974121,0.0,5.492485046386719,121.35722351074219,123.56314086914062,138.22860717773438
1327,-73.933907,40.765881,20.43652567257176,12.043622269253547,26.32619998709033,0.12879568276946077,0.07400676556878893,0.742700911059822,0.11609362572738804,6.205401961336431,194,2117,192,150,140,135,145,159,126,110,93,82,120,95,88,73,58,96,106,75,74,16.047109603881836,18.744348526000977,1.0312563180923462,0.0,26.320369720458984,0.0,5.2606706619262695,109.54756927490234,118.3493423461914,100.0133056640625
1328,-73.874129,40.740824,23.131827846363706,14.278722475360892,21.712411493340465,0.1151775736604545,0.06750202711734025,0.8681918877685093,0.14899145513495468,7.539147993261809,179,4501,247,249,274,268,221,193,250,318,302,332,186,157,143,170,88,95,283,287,438,22.700271606445312,22.52718734741211,8.175848007202148,0.0,19.30107307434082,0.0,5.508546829223633,167.22076416015625,138.40562438964844,203.02699279785156
1329,-73.826811,40.764892,21.621493748256142,13.770239875430155,22.242107754661927,0.2237056550525483,0.11670357840401786,0.7800018673851375,0.12306049891880583,7.418871380033946,175,7383,614,503,513,561,397,479,443,523,488,346,276,337,349,249,188,237,382,244,254,1.6204181909561157,4.203895392974451e-45,4.647156140805131e-13,0.0,8.818460227122023e-23,0.0,5.298757076263428,177.88629150390625,172.1441192626953,187.625244140625
1330,-73.833815,40.695171,24.219488888456112,14.036166458799126,22.24502187026175,0.11420730958905137,0.2249621508414285,1.0822739517479614,0.11702922352573326,7.883681121625398,152,3083,196,249,196,193,441,368,241,147,137,135,142,127,87,73,51,74,51,95,80,4.141313076019287,16.7753849029541,0.9433482885360718,32.987945556640625,3.0867931842803955,0.0,5.403234958648682,85.270263671875,91.92032623291016,94.33616638183594
1331,-73.838616,40.680065,25.343577067057282,11.376622350592365,25.072880293193617,0.14017673960903235,0.20285121181554963,1.1218574590850292,0.15695304201360336,7.280366295262386,190,15334,761,818,746,821,674,620,709,939,953,925,896,770,742,751,630,678,903,990,1008,0.0,11.588587760925293,0.0,0.15263594686985016,1.2851007584468999e-11,0.0,5.3521504402160645,92.79618072509766,116.8040542602539,90.58296966552734
1332,-73.909202,40.711881,22.21643995355677,13.225343315689654,23.958928496749316,0.08217246444137008,0.20985285441080728,0.8482085333930122,0.1482071699919524,6.640417310926648,180,2235,175,143,153,208,203,174,165,168,127,92,94,103,86,49,67,60,58,50,60,32.115966796875,16.101696014404297,64.65178680419922,0.0,20.092885971069336,0.0,5.418050765991211,95.40290069580078,99.8217544555664,93.43521881103516
1333,-73.74633,40.698786,14.588316563455207,14.1080865341439,31.518807647921516,0.17518320827619402,0.03930355640167885,0.9851067906012213,0.20403850726765663,4.558376781202097,141,1403,120,101,95,143,142,124,91,90,76,50,62,48,49,39,27,19,34,47,46,12.973567962646484,16.944616317749023,11.04997444152832,4.171990871429443,17.1385498046875,0.0,5.1755266189575195,59.14408874511719,63.318363189697266,62.60028076171875
1334,-73.781041,40.771398,10.448917036964781,28.44483965919131,21.9464917977651,0.08513132731119792,0.03985507147652762,0.5538230850583031,0.12091398239135742,3.89210269564674,112,381,83,34,28,33,29,34,24,21,15,14,21,14,4,3,1,2,4,13,4,1.6196014881134033,2.2514045749238987e-12,24.22923469543457,0.0,13.241009712219238,0.0,5.600744247436523,35.757896423339844,89.85133361816406,25.13072967529297
1335,-73.74633,40.698786,14.588316563455207,14.1080865341439,31.518807647921516,0.17518320827619402,0.03930355640167885,0.9851067906012213,0.20403850726765663,4.558376781202097,141,1403,120,101,95,143,142,124,91,90,76,50,62,48,49,39,27,19,34,47,46,12.973567962646484,16.944616317749023,11.04997444152832,4.171990871429443,17.1385498046875,0.0,5.1755266189575195,59.14408874511719,63.318363189697266,62.60028076171875
1336,-73.820821,40.738599,10.208765168984728,19.63543072342873,27.365599075953163,0.05963444709777832,0.023496150970458984,0.6720724205176035,0.19778634111086532,5.891088396310807,128,412,36,37,26,28,16,36,22,38,18,21,17,31,10,13,12,17,18,8,8,13.15731143951416,13.992549896240234,8.247525215148926,7.32974910736084,18.743886947631836,0.0,5.343684196472168,96.43405151367188,301.5403137207031,53.82368850708008
1337,-73.925182,40.756099,25.036272494430715,8.179389322155457,24.4968105065309,0.11652732382015306,0.35597959072952096,0.7017563800422513,0.10923852725904815,6.933305701430964,147,3631,245,388,371,328,235,181,226,252,298,195,238,202,94,55,24,40,77,78,104,16.81643295288086,24.414457321166992,0.5788979530334473,0.0,23.78409194946289,0.0,5.420755863189697,128.84083557128906,136.90147399902344,117.37147521972656
1338,-73.946488,40.748502,30.012130177143558,5.307952948078709,24.726571770666627,0.17617333477989344,0.2848007605464448,0.904091094208884,0.13574272525468065,7.1845948083460245,227,835,77,67,50,37,64,45,34,68,52,43,37,48,38,38,14,25,31,27,40,25.194812774658203,14.626546859741211,12.807697296142578,0.0,25.36577606201172,0.0,5.319308280944824,145.31724548339844,300.5435485839844,133.1013946533203
1339,-73.803001,40.709461,17.518042882283524,15.2431394788954,26.59768189324273,0.12973446316189235,0.10302734375,0.9180501302083334,0.14342647128634983,6.225388632880317,150,4964,417,258,308,320,393,323,294,363,467,403,273,243,127,102,61,89,165,181,177,40.334625244140625,23.03692054748535,33.367984771728516,57.78518295288086,19.514667510986328,291.88995361328125,5.43228006362915,111.39457702636719,137.91397094726562,110.33628845214844
1340,-73.933316,40.743253,32.15369274413661,2.7799621906155862,25.036886159111468,0.17239050148359314,0.08128733416787941,0.9173111198774351,0.1306454340616862,6.96229233461268,204,1469,100,104,120,117,129,70,72,151,120,82,57,63,44,56,17,43,40,40,44,24.221101760864258,16.6859130859375,10.604574203491211,0.0,21.7470760345459,0.0,5.4946675300598145,318.2821044921875,510.02178955078125,7.960870742797852
1341,-73.821532,40.737038,10.68360862863023,22.018915353362097,24.445686799144422,0.07431187580541238,0.0018916179224387887,0.6198529115657216,0.18453434160894538,6.72156966428986,97,345,27,22,28,20,15,28,19,36,14,17,14,28,7,13,10,13,17,9,8,18.389705657958984,16.322071075439453,6.559182167053223,8.528328895568848,15.326313972473145,0.0,5.224971771240234,131.44146728515625,336.3519287109375,61.65823745727539
1342,-73.933316,40.743253,32.15369274413661,2.7799621906155862,25.036886159111468,0.17239050148359314,0.08128733416787941,0.9173111198774351,0.1306454340616862,6.96229233461268,204,1469,100,104,120,117,129,70,72,151,120,82,57,63,44,56,17,43,40,40,44,24.221101760864258,16.6859130859375,10.604574203491211,0.0,21.7470760345459,0.0,5.4946675300598145,318.2821044921875,510.02178955078125,7.960870742797852
1343,-73.828279,40.765624,21.22113197312293,12.972728456256533,23.287400462982124,0.17105828121781572,0.1338481005077757,0.8317022449328177,0.13717464583517247,7.031051003551306,177,7632,650,537,531,578,435,487,436,538,490,365,297,348,364,268,189,244,381,240,254,4.761072158813477,0.44081589579582214,1.6533142910279963e-11,0.0,9.072565577556918e-23,0.0,5.343533992767334,166.09716796875,157.152099609375,175.67161560058594
1344,-73.853412,40.737673,19.27234505288292,13.052668286896857,27.554256600236965,0.07284211626566481,0.06875033982455991,0.6079637674612074,0.08345552580498887,6.15155887742577,229,2114,120,127,150,136,114,126,111,114,145,105,85,80,94,71,58,109,99,115,155,11.461821556091309,17.57025146484375,1.5509312152862549,0.0,8.010106086730957,0.0,5.41824197769165,146.51486206054688,114.13932037353516,175.48703002929688
1345,-73.936592,40.751838,34.01931006194167,6.127698042557043,19.322740847216036,0.18842364497660918,0.20350927039037778,0.993576666809168,0.16164632118536285,6.3428546138285915,237,1747,67,78,74,113,62,76,74,70,79,76,112,109,97,85,71,117,151,124,112,21.884517669677734,20.138784408569336,4.962306976318359,0.0,24.096378326416016,0.0,5.623236179351807,221.90721130371094,325.181640625,114.96393585205078
1346,-73.936442,40.742217,28.437365363625915,3.118191887350644,27.660009159761305,0.16209303164014632,0.06889530256682752,0.8831401899749158,0.1287533255184398,7.232122234269685,170,823,56,63,70,57,57,39,39,44,68,46,32,44,46,37,13,31,35,28,18,18.59749984741211,15.631978988647461,6.4780402183532715,0.0,25.7114315032959,0.0,5.5561370849609375,347.357421875,589.1466674804688,10.204705238342285
1347,-73.728834,40.744197,8.121942218981294,26.260381999768708,28.358313911839534,0.016484176903440242,0.04079584489788926,0.6650733947753906,0.09853262650339227,2.3253347162614784,95,173,14,22,18,10,13,16,12,14,10,5,3,6,4,11,2,4,4,5,0,16.193546295166016,0.4661085307598114,3.2613298892974854,6.945001125335693,6.061809062957764,0.0,5.601495742797852,46.55580520629883,104.33906555175781,66.69109344482422
1348,-73.936596,40.751839,34.01931006194167,6.127698042557043,19.322740847216036,0.18842364497660918,0.20350927039037778,0.993576666809168,0.16164632118536285,6.3428546138285915,237,1747,67,78,74,113,62,76,74,70,79,76,112,109,97,85,71,117,151,124,112,21.884756088256836,20.147926330566406,4.96079683303833,0.0,24.09273338317871,0.0,5.623236179351807,221.98135375976562,325.25836181640625,115.00202941894531
1349,-73.926977,40.754975,27.275977578274027,5.900348988614341,24.950647723767187,0.11814860410468522,0.3204663594563802,0.7898554321407346,0.12398542359817857,5.758654609207036,172,2668,187,259,254,232,164,141,142,164,186,120,257,165,71,57,28,38,60,56,87,13.924059867858887,21.992557525634766,1.8318352699279785,0.0,24.056196212768555,0.0,5.346216678619385,129.78697204589844,163.756103515625,100.63851928710938
1350,-73.887909,40.729104,21.34125481353947,9.998567265235573,31.702443183321655,0.035367665359091416,0.07627054226179064,0.8645843630675645,0.1705573380359112,4.482586203421064,163,716,51,33,43,30,41,39,53,43,61,40,36,45,39,45,14,17,32,29,25,4.648919105529785,27.31711769104004,2.727704401326442e-13,0.0,6.156729698181152,0.0,5.577030658721924,78.45977020263672,105.26199340820312,67.23908233642578
1351,-73.927995,40.741658,28.650288073877284,4.255401145961278,27.419986266041125,0.16840839713709463,0.21236426232197028,0.7042486643053824,0.1227822910059768,6.871315867630476,194,1513,119,121,137,111,136,88,67,112,90,66,61,71,46,30,36,44,62,57,59,23.737083435058594,16.594133377075195,10.842815399169922,0.0,25.665420532226562,0.0,5.429444789886475,167.80197143554688,187.99819946289062,122.33475494384766
1352,-73.929577,40.743309,30.02659360939097,2.7835168571115654,26.94086374894852,0.1656792245549948,0.20645979408905885,0.7621683435648029,0.1373320725105262,6.5437573881535505,214,1534,113,112,145,131,138,77,81,168,110,71,64,60,38,43,17,36,37,46,47,28.48582649230957,17.053199768066406,12.630526542663574,0.0,25.175138473510742,0.0,5.3243489265441895,164.0998992919922,226.9185028076172,42.535343170166016
1353,-73.799692,40.716071,15.333193824404761,21.129674639020642,25.119847252255397,0.07448850359235491,0.018816266741071428,0.7590170360746836,0.11448233468191962,5.2864020211356015,175,1508,249,141,82,101,110,65,85,96,78,54,69,72,55,39,34,26,35,56,61,23.246137619018555,20.15880584716797,17.47386932373047,4.191261866650503e-13,27.31955337524414,0.0,5.516888618469238,82.1749267578125,133.6031494140625,99.87016296386719
1354,-73.841475,40.689177,20.867023762021226,12.530098439181703,26.764801150342176,0.08878505758237747,0.08046218195861933,0.9943600105182744,0.1428359735448466,6.69736531428519,173,1841,92,127,177,99,110,92,98,144,121,121,129,127,93,51,57,32,43,56,72,9.624516487121582,18.41112518310547,2.4652879737629974e-10,1.391528606414795,13.918004989624023,764.4979248046875,5.277151584625244,75.20855712890625,66.9756851196289,100.22311401367188
1355,-73.811408,40.72528,15.032925429167578,19.012328029080276,24.99447832203875,0.11624647712065315,0.035869713985558715,0.6962037648416127,0.1450085880780461,5.599057875096998,198,1093,66,77,65,78,61,84,58,77,58,53,60,49,40,35,26,39,54,46,67,19.475801467895508,21.72569465637207,16.322994232177734,24.63088607788086,15.470009803771973,0.0,5.391624450683594,98.37825012207031,103.35202026367188,91.51190185546875
1356,-73.805923,40.718027,17.225498733125207,16.297490279703354,26.998785740353288,0.09771966357717038,0.07529678740031978,0.8247650554966639,0.1170108973053453,6.10946447738094,193,979,58,39,46,46,62,71,61,48,41,36,47,36,31,44,41,27,57,85,103,33.00324249267578,16.6872615814209,20.561437606811523,41.59687423706055,15.933241844177246,0.0,5.345906734466553,61.521183013916016,62.51652908325195,73.41936492919922
1357,-73.855543,40.708431,16.798083175568884,15.899437372030825,29.22499128112191,0.12501880262025009,0.14079882078151965,0.9006009299374188,0.13867233396752113,5.222195092978092,169,275,5,20,21,24,24,23,14,20,11,8,8,6,2,13,2,5,13,29,27,4.923360347747803,16.23749542236328,12.489118576049805,13.017414093017578,28.37843894958496,584.3106689453125,4.952295780181885,48.92057418823242,97.7106704711914,69.6429672241211
1358,-73.798364,40.700884,21.52090924949461,6.963391465265392,30.973627025954396,0.2477189768915591,0.14594119528065558,0.6554211971264533,0.12966423218952858,6.983089447021484,138,18407,711,1104,1327,1455,1697,1545,1643,1813,1671,1740,828,567,405,292,132,170,152,430,725,6.9349589347839355,14.859070777893066,1.449235200881958,70.28157806396484,3.871155261993408,0.0,5.232876777648926,65.0434799194336,223.10995483398438,89.66666412353516
1359,-73.783438,40.685838,13.42605481044852,19.348903811521094,28.269059709507783,0.09883725099998125,0.010700363049404226,0.7947235656299181,0.14227174168868031,4.878620906985349,139,3246,161,182,153,219,217,203,195,241,254,214,225,186,201,153,121,78,60,88,95,24.364116668701172,7.970077037811279,26.415876388549805,9.53758716583252,6.719234943389893,0.0,5.327457427978516,63.90657424926758,55.3666877746582,78.24559020996094
1360,-73.753009,40.676318,15.130186610751682,12.470316092173254,34.25317102008396,0.10583930545383029,0.12380282084147136,1.1295106675889754,0.1810585127936469,3.727520571814643,120,1264,115,101,116,103,104,72,68,67,61,71,47,55,47,19,18,34,32,81,53,12.62590217590332,5.096457481384277,2.7488480554893613e-05,9.350887298583984,4.473624358070083e-06,0.0,4.629557132720947,64.55890655517578,71.33263397216797,56.13473129272461
1361,-73.884817,40.749934,33.225510875630825,11.72110140940664,15.30494058107491,0.4483236782792686,0.23020335606166298,0.8243021757706354,0.15466188545306028,8.643412343216731,161,13163,1122,973,1171,1317,991,928,749,925,945,754,563,516,420,298,120,184,173,301,713,19.026504516601562,19.05141258239746,0.0,0.0,2.0400731563568115,0.0,5.382254123687744,212.35816955566406,178.3421630859375,246.68431091308594
1362,-73.924175,40.755714,22.98815556061573,7.863556217943499,26.922371041061535,0.10656597267868174,0.18294652303059897,0.6793757789155358,0.11254762991880761,6.802210033449353,156,3004,211,326,298,280,186,147,189,219,260,171,171,156,84,43,19,29,57,65,93,23.400928497314453,25.827760696411133,1.925055980682373,0.0,36.0181884765625,0.0,5.413078784942627,130.8294677734375,143.06182861328125,113.69817352294922
1363,-73.867882,40.735613,25.458860728475774,9.102835754553476,25.694484843148132,0.17821043729782102,0.09434223175048828,0.8904053105248343,0.17202943563461304,6.08008470800188,192,6289,531,586,492,482,547,496,360,344,548,511,380,155,116,102,67,66,61,184,261,22.471193313598633,22.42271614074707,0.09007441252470016,2.2035719603186177e-12,18.588077545166016,0.0,5.246264934539795,185.10580444335938,249.4365997314453,189.15396118164062
1364,-73.871505,40.743228,23.230409033504532,13.637091285126974,22.759641919817238,0.11305481037765584,0.1064320720692791,0.9669882490100894,0.1333238376301222,8.047228010873946,189,18882,953,1015,1145,996,731,739,846,968,945,1032,938,940,1049,1007,692,871,1068,1237,1710,30.49897003173828,16.942089080810547,7.628703594207764,0.0,15.79321575164795,0.0,5.4997334480285645,176.2383270263672,162.22605895996094,196.9868927001953
1365,-73.800875,40.683473,13.92833025027544,21.833750189539376,24.420659426610353,0.0813171734497418,0.026637672359107904,0.7954067654079859,0.17247811341897035,5.267195959716103,117,1359,63,100,71,81,83,118,88,133,109,69,99,68,63,40,33,34,36,29,42,5.228210926055908,19.599472045898438,1.6328880786895752,43.32866668701172,4.093392848968506,0.0,5.350186347961426,56.229984283447266,36.590431213378906,76.26475524902344
1366,-73.819664,40.720586,10.527033465249199,24.236070825940093,23.605760648137046,0.07835257621038529,0.05191734858921596,0.46201149622599286,0.12235584713163829,6.11251677785601,224,370,25,24,23,25,19,12,28,23,23,25,27,27,15,25,9,4,7,15,14,25.836599349975586,15.883875846862793,1.9876824617385864,28.05582618713379,6.774137496948242,0.0,5.237209320068359,72.56651306152344,64.76866912841797,80.90402221679688
1367,-73.728412,40.756481,9.922502911280072,29.7733296792974,19.90386140409601,0.06584641794679026,0.013263641841827876,0.43357011502381987,0.11684528734318164,5.329303388242368,126,116,13,13,20,14,9,7,8,1,3,1,2,1,4,3,3,8,3,1,2,11.421419143676758,0.2104422003030777,0.03913085162639618,0.0,0.9806821346282959,0.0,5.1334147453308105,39.10382843017578,45.36448669433594,53.044715881347656
1368,-73.804166,40.708409,18.330699006716408,14.151257673899334,26.226825912793476,0.13310233751932782,0.12831449508666992,0.8187586069107056,0.12922426064809164,6.624932686487836,160,5998,483,334,392,378,450,395,372,467,563,531,317,268,151,106,94,114,184,200,199,35.6581916809082,21.5319881439209,31.419153213500977,60.22862243652344,13.184771537780762,291.7574462890625,5.4531426429748535,128.9044189453125,143.76268005371094,138.99290466308594
1369,-73.826811,40.764892,21.621493748256142,13.770239875430155,22.242107754661927,0.2237056550525483,0.11670357840401786,0.7800018673851375,0.12306049891880583,7.418871380033946,175,7383,614,503,513,561,397,479,443,523,488,346,276,337,349,249,188,237,382,244,254,1.6204181909561157,4.203895392974451e-45,4.647156140805131e-13,0.0,8.818460227122023e-23,0.0,5.298757076263428,177.88629150390625,172.1441192626953,187.625244140625
1370,-73.807991,40.70283,27.081538649166333,8.063605875750772,24.303271567899422,0.23919289408166422,0.2324235205556832,0.8114969029146082,0.1275347728355258,9.246911098754486,204,16432,811,920,1119,1148,910,777,837,1101,1226,1252,921,763,636,547,376,419,450,996,1223,12.139019012451172,21.40500259399414,2.7202439308166504,51.68037414550781,15.349270820617676,0.0,5.400695323944092,164.944580078125,120.93480682373047,189.35733032226562
1371,-73.805044,40.702776,26.180113407603475,10.179354851705982,23.113920479490044,0.2142484564530222,0.19952004415947094,0.8027013142903643,0.1254945052297492,9.219121263738263,190,16829,819,1067,1150,1176,1033,831,930,1188,1236,1292,918,757,630,528,349,386,422,948,1169,18.883996963500977,17.94402503967285,4.353708267211914,73.13085174560547,17.06937599182129,0.0,5.476408004760742,219.78977966308594,131.79051208496094,274.2762756347656
1372,-73.833164,40.769649,16.017641703287765,10.354611555735273,31.547132651011154,0.07334645589192709,0.03308868408203125,0.9438703854878742,0.16768026351928714,4.6797130902608215,200,1507,128,116,111,139,140,122,128,91,59,58,69,61,44,48,16,39,43,45,50,1.249704360961914,1.1050373315811157,5.696285825251834e-07,0.0,1.5571906566619873,0.0,5.361876964569092,120.64114379882812,77.27526092529297,146.42942810058594
1373,-73.805044,40.702776,26.180113407603475,10.179354851705982,23.113920479490044,0.2142484564530222,0.19952004415947094,0.8027013142903643,0.1254945052297492,9.219121263738263,190,16829,819,1067,1150,1176,1033,831,930,1188,1236,1292,918,757,630,528,349,386,422,948,1169,18.883996963500977,17.94402503967285,4.353708267211914,73.13085174560547,17.06937599182129,0.0,5.476408004760742,219.78977966308594,131.79051208496094,274.2762756347656
1374,-73.708617,40.734266,11.927611487252372,20.783162798200333,27.04233033316476,0.06583077566964286,0.11880602155412946,0.7258819398425875,0.18041656130836126,5.16190801348005,70,119,12,13,4,4,3,6,7,6,9,7,7,5,13,1,1,5,2,12,2,0.0,0.0,0.0,0.0,0.0,0.0,3.463531732559204,41.338897705078125,41.01527404785156,42.02486801147461
1375,-73.782684,40.673949,10.865571085611977,18.04717432657878,31.03550771077474,0.052718607584635424,0.016937255859375,0.9222033182779946,0.19675547281901043,4.434329986572266,125,1536,65,120,112,150,130,92,104,110,106,86,86,77,48,47,20,37,32,58,56,13.92599868774414,14.772838592529297,2.255439281463623,9.758431434631348,0.00830552913248539,0.0,5.345731735229492,34.106109619140625,52.97671127319336,44.14445114135742
1376,-73.825317,40.586012,21.63557590000213,3.8949977783929732,33.82045844244579,0.07055449107336619,0.11842364356631324,0.6731710736713712,0.1262819956219386,3.345345315479096,84,948,66,78,86,80,70,69,43,79,51,40,43,45,44,30,11,17,23,39,34,5.021787166595459,1.1089099645614624,2.1880152225494385,0.0,20.543840408325195,0.0,4.647873401641846,92.75251007080078,121.30846405029297,102.99817657470703
1377,-73.800875,40.683473,13.92833025027544,21.833750189539376,24.420659426610353,0.0813171734497418,0.026637672359107904,0.7954067654079859,0.17247811341897035,5.267195959716103,117,1359,63,100,71,81,83,118,88,133,109,69,99,68,63,40,33,34,36,29,42,5.228210926055908,19.599472045898438,1.6328880786895752,43.32866668701172,4.093392848968506,0.0,5.350186347961426,56.229984283447266,36.590431213378906,76.26475524902344
1378,-73.875668,40.7596,18.26816259645948,13.702107325807189,26.55392679088681,0.14384859598469185,0.033565256047376334,0.6029802210190716,0.12549079038242605,5.942691456187856,187,26696,1254,1536,1588,1565,1374,1205,1287,1221,1409,1413,1573,1716,1729,1616,1082,961,1235,1412,1520,8.095037460327148,5.695364475250244,1.0859973430633545,0.0,12.424591064453125,0.0,5.2720489501953125,135.52337646484375,122.63932800292969,163.66273498535156
1379,-73.708999,40.753379,13.772814912222778,20.642009068056538,26.522708851131586,0.08781203806726007,0.0170410656538166,0.8744526430557333,0.21331714150684125,5.491327588024036,61,270,6,9,7,3,10,7,8,11,16,20,16,18,13,19,17,20,20,22,28,0.0,0.0,0.0,0.0,0.0,0.0,4.9049506187438965,54.63459014892578,271.1649475097656,78.17815399169922
1380,-74.24395,40.508638,14.462813059488937,23.43665084838867,23.657009124755856,0.1610997517903646,0.08189849853515625,1.0199991861979165,0.1594215393066406,4.041730499267578,125,253,17,19,21,21,13,15,11,14,9,9,16,21,16,10,5,7,11,11,7,0.0,0.0,0.0,0.0,0.0,0.0,5.310838222503662,35.20136260986328,55.104305267333984,24.626502990722656
1381,-74.099685,40.576728,15.416980394857195,15.891238598250695,29.76208362482526,0.053299260018440674,0.03602371603099223,0.9401753872582551,0.13815223061292103,3.8927851191228635,197,613,42,45,61,39,43,40,36,30,33,35,41,28,31,31,14,15,19,15,15,0.0,0.0,0.0,0.0,0.0,0.0,5.253653049468994,35.33256530761719,48.11909103393555,38.68320846557617
1382,-74.21185,40.520812,11.894366900126137,24.03700351715088,26.888827959696457,0.06944656372070312,0.04989051818847656,1.13424555460612,0.10863240559895834,3.388250350952149,100,84,7,1,4,4,8,0,8,6,7,5,5,8,5,7,1,2,1,5,0,0.0,0.0,0.0,0.0,0.0,0.0,5.249791622161865,25.99462890625,36.199913024902344,22.026409149169922
1383,-74.195281,40.552059,13.844201801059484,18.9851071383502,27.1979132214108,0.05138457358420433,0.009186203415329391,0.6762412217286257,0.10997647637719506,5.769007699983614,148,151,2,10,14,4,8,17,11,18,20,9,10,4,6,1,2,2,6,4,3,0.0,0.0,0.0,0.0,0.0,0.0,5.565717697143555,38.14617919921875,43.68326950073242,54.881473541259766
1384,-74.187276,40.529389,6.720342361387401,37.31649422351226,19.351684507519128,0.05646693853684413,0.009710994767554012,0.7754526020568093,0.06428000367717979,2.7511286637420027,81,87,3,5,11,6,4,6,13,3,4,2,11,4,3,1,2,0,0,6,3,0.0,0.0,0.0,0.0,0.0,0.0,4.87932825088501,14.209312438964844,17.056636810302734,11.476324081420898
1385,-74.230118,40.510207,8.729048625963955,25.568774944180056,26.76278459074352,0.07503760252760049,0.02510715538347271,0.7703346825541464,0.13650168835277288,2.61048285614157,71,124,5,3,2,6,3,7,6,5,5,6,15,10,12,6,8,6,7,4,8,0.0,0.0,0.0,0.0,0.0,0.0,4.585067272186279,12.386107444763184,31.847930908203125,16.049909591674805
1386,-74.186096,40.522971,6.231691976072927,42.245089818560885,17.27261568503405,0.03457750592912946,0.0,0.6800828156647859,0.0415781818369709,1.9700847605548837,63,120,9,3,19,15,7,6,4,4,3,7,7,5,9,5,1,7,3,1,5,0.0,0.0,0.0,0.0,0.0,0.0,5.660170555114746,15.899821281433105,70.56262969970703,9.4152250289917
1387,-74.152212,40.547567,12.808292213527636,23.286742542895325,26.00613626940497,0.07003586867759967,0.07384581584126557,1.0992576336038524,0.1357982898580617,3.114449840852584,174,348,18,21,25,23,24,46,33,18,10,16,28,9,6,20,7,6,10,16,12,0.0,0.0,0.0,0.0,0.0,0.0,5.297872543334961,47.509918212890625,65.80773162841797,28.998607635498047
1388,-74.090245,40.60265,11.08965433560885,23.531642816005608,25.94192700508313,0.033533145219851755,0.021183307354266826,1.009477713169196,0.15533642891125804,3.57225124652569,130,278,7,18,19,17,18,21,29,21,20,10,13,13,21,10,7,9,6,9,10,0.0,0.0,0.0,0.0,0.0,0.0,5.3972086906433105,51.92232894897461,56.843509674072266,47.45915603637695
1389,-74.079594,40.639638,20.85332477583867,19.84219747536191,21.342792582422614,0.17077806737092552,0.1403408550591058,0.9501389349891007,0.12791344289029583,6.085955337638713,178,6921,400,375,388,404,338,306,289,308,344,329,585,550,490,336,181,212,299,391,396,0.0,0.0,0.0,0.0,0.0,0.0,5.366494655609131,68.63949584960938,94.51425170898438,68.18318939208984
1390,-74.098252,40.590887,12.949748926384505,23.315587154654565,24.023651891900585,0.06023007769917333,0.105183623557867,0.9480812752893728,0.20337215689725657,4.177738899408384,172,305,18,22,19,14,17,30,20,11,16,20,13,18,13,11,11,20,7,8,17,0.0,0.0,0.0,0.0,0.0,0.0,5.243574619293213,35.44118881225586,36.97910690307617,38.6645622253418
1391,-74.180964,40.605658,4.613136389316656,27.78686181092873,28.548118884746845,0.06606077536558493,0.010687021108774038,0.7016886197603666,0.13462262275891423,1.6858692658253207,65,34,0,0,0,0,2,1,0,6,3,1,5,0,0,0,0,2,5,4,5,0.0,0.0,0.0,0.0,0.0,0.0,5.447807788848877,,193.65554809570312,
1392,-74.068963,40.613322,18.760901730076796,11.903701185369167,30.338024390257402,0.08356479290120997,0.047806979847603105,1.2099015199137921,0.18171193648357778,4.273468674986271,147,764,38,59,53,48,67,69,52,69,22,28,38,44,35,36,17,15,16,26,32,0.0,0.0,0.0,0.0,0.0,0.0,5.302352428436279,51.46562957763672,50.60637283325195,51.99855422973633
1393,-74.079594,40.639638,20.85332477583867,19.84219747536191,21.342792582422614,0.17077806737092552,0.1403408550591058,0.9501389349891007,0.12791344289029583,6.085955337638713,178,6921,400,375,388,404,338,306,289,308,344,329,585,550,490,336,181,212,299,391,396,0.0,0.0,0.0,0.0,0.0,0.0,5.366494655609131,68.63949584960938,94.51425170898438,68.18318939208984
1394,-74.116817,40.636521,19.68940461235207,15.42404291499013,26.653771863205016,0.09785060641131822,0.04424445236785502,1.3141499289983438,0.1768971294290406,5.135589309885533,158,4040,249,292,428,302,272,295,383,245,253,171,164,175,144,99,44,66,90,132,236,0.0,0.0,0.0,0.0,0.0,0.0,5.5493950843811035,66.98828887939453,53.69736862182617,77.35823822021484
1395,-74.126851,40.630563,19.58034057025762,14.326668771354417,27.382767847342084,0.07054306739984556,0.0928464786026829,1.2322213914659288,0.20352642049469075,4.5575947724571515,129,782,37,56,63,56,69,61,65,40,36,29,34,48,43,27,20,36,15,28,19,0.0,0.0,0.0,0.0,0.0,0.0,5.475478649139404,47.37409210205078,43.95900344848633,55.7096061706543
1396,-74.132382,40.636729,21.682448945034945,13.298997605346946,26.40897969799589,0.09990885820873001,0.1894748763532828,1.0393178489297696,0.14937571342417735,3.9729008874619502,151,3635,157,250,279,245,204,272,218,212,360,232,231,148,143,106,72,114,101,118,173,0.0,0.0,0.0,0.0,0.0,0.0,5.537899971008301,65.97361755371094,63.64801788330078,69.03392028808594
1397,-74.144599,40.631165,15.828972458839417,15.535493890444439,30.346109867095947,0.1033016045888265,0.03718376159667969,1.1780498425165813,0.1648267110188802,4.245534737904867,160,1250,80,52,108,92,143,86,88,64,81,46,71,53,36,50,39,28,45,40,48,0.0,0.0,0.0,0.0,0.0,0.0,5.669709205627441,48.09163284301758,50.626792907714844,54.27614974975586
1398,-74.150544,40.624847,13.31109853438389,13.811601238486208,32.877027105402064,0.12206751623271425,0.1142457679465965,1.2999294716634866,0.16519449375293874,4.367313414444158,216,10925,83,64,92,136,126,130,123,574,1217,993,1075,952,816,891,754,732,775,682,710,0.0,0.0,0.0,0.0,0.0,0.0,5.266022205352783,47.622650146484375,69.38917541503906,29.764095306396484
1399,-74.133216,40.570765,9.675783833498677,29.632126591192982,24.19447242898285,0.05792839817269138,0.014306628514849951,0.6957346800143127,0.14059884207589285,3.3535538527069906,126,54,3,5,3,2,1,3,6,4,4,2,3,6,6,0,0,2,4,0,0,0.0,0.0,0.0,0.0,0.0,0.0,5.60828971862793,25.7282657623291,27.43547821044922,23.295827865600586
1400,-74.145558,40.54549,10.949389336040483,25.22019790523827,24.579911369355127,0.11796755064662102,0.06558335857626832,0.9059499811243128,0.11357044486842525,3.598322495511531,162,217,11,11,18,27,13,22,19,12,11,13,13,7,7,10,5,4,3,5,6,0.0,0.0,0.0,0.0,0.0,0.0,4.97827672958374,33.780059814453125,48.64815902709961,31.908187866210938
1401,-74.218688,40.512019,7.716297472595539,16.801915849958146,37.20581872122629,0.15019462222144717,0.003136528862847222,0.42354896585777324,0.11416541205512153,0.8807338734783193,63,39,0,1,2,13,2,5,1,0,0,1,4,4,1,5,0,0,0,0,0,0.0,0.0,0.0,0.0,0.0,0.0,5.3412699699401855,19.426286697387695,15.704330444335938,21.327816009521484
1402,-74.190093,40.591546,11.88948194471766,20.95485522592668,28.672052973465952,0.1192312446429575,0.03685573879763377,1.1565784756228226,0.14228980889995035,3.8116882745024694,139,196,6,20,6,8,10,18,12,14,16,16,16,14,11,13,4,4,5,1,2,0.0,0.0,0.0,0.0,0.0,0.0,5.397185325622559,32.402442932128906,29.571428298950195,36.59046173095703
1403,-74.117818,40.628291,14.062894969226017,26.166671813895164,21.496805861660334,0.18151426968509202,0.06950718082793772,1.1431648306650657,0.11631800159471763,4.3951922900056175,146,797,35,27,91,83,71,74,87,58,26,31,15,29,39,22,12,16,15,31,35,0.0,0.0,0.0,0.0,0.0,0.0,5.404355525970459,45.61991882324219,48.97171401977539,42.0955696105957
1404,-74.080695,40.620443,15.637916189069774,17.721148356951502,26.660976769789208,0.21534485886931667,0.07476446763524469,1.0216165138740458,0.15075331713918372,4.492967833512985,159,4791,316,262,434,381,447,339,317,245,229,126,147,229,180,170,78,96,172,276,347,0.0,0.0,0.0,0.0,0.0,0.0,5.320943832397461,76.103515625,67.39804077148438,100.5693130493164
1405,-74.116197,40.614039,11.508077397335065,24.768899784957206,24.7969243166258,0.03094844680895908,0.024279587560420413,0.9323490609367975,0.14020567603534362,4.020577940723592,139,202,11,11,25,13,20,18,7,5,11,10,10,17,7,8,2,4,10,6,7,0.0,0.0,0.0,0.0,0.0,0.0,5.440866470336914,32.47641372680664,43.42079162597656,22.798728942871094
1406,-74.13308,40.618097,16.276852462602694,27.467132824054655,19.095434313235074,0.07981079212133435,0.01572629679804263,1.152991557466811,0.13089300929636197,3.4495680228523593,184,145,6,6,7,14,10,16,17,8,8,7,3,8,3,7,3,3,3,7,9,0.0,0.0,0.0,0.0,0.0,0.0,5.641626834869385,41.716461181640625,40.056636810302734,43.803184509277344
1407,-74.08542,40.64209,17.324527104695637,28.624289047314928,18.844962465590324,0.09160387343254642,0.06928927656533061,1.0222824299393067,0.14313960420912591,5.2125096896996235,138,1939,124,126,171,144,104,129,125,104,80,97,108,119,85,75,30,47,71,84,116,0.0,0.0,0.0,0.0,0.0,0.0,5.41024112701416,48.41196060180664,36.588966369628906,67.20584106445312
1408,-74.1554,40.5579,11.428589207606676,22.79461487697492,25.545118236792057,0.05973755843996063,0.028252789354699805,0.6815539883190566,0.12923563559224285,4.452789737170762,127,200,10,11,16,16,12,15,11,25,13,12,4,8,19,2,4,1,10,4,7,0.0,0.0,0.0,0.0,0.0,0.0,5.31604528427124,41.92402648925781,36.55583190917969,47.81731414794922
1409,-74.2434,40.5083,14.57313879942283,23.86220024521874,23.550068618904827,0.1678765669167891,0.08325658292851897,1.0294080120206217,0.15469439688571157,3.9332362661334517,117,253,17,19,21,21,13,15,11,14,9,9,16,21,16,10,5,7,11,11,7,0.0,0.0,0.0,0.0,0.0,0.0,5.267534255981445,35.20136260986328,55.104305267333984,24.626502990722656
1410,-74.098994,40.613548,11.897219516846786,24.47703742559909,25.561748277272613,0.036752460808153975,0.04852244396083402,0.7640990200421669,0.10058316700242739,4.365457446369904,151,347,20,12,22,16,19,36,23,26,14,19,14,20,31,11,12,7,10,18,17,0.0,0.0,0.0,0.0,0.0,0.0,5.4876322746276855,39.340415954589844,40.3816032409668,43.10487365722656
1411,-74.182548,40.543433,7.9521654700698665,31.09714684366178,22.705005196964038,0.026675098750437675,0.002760045668658088,0.8191274327724253,0.1195592372691264,2.5990208323930153,119,82,3,3,6,1,5,9,4,10,4,7,6,3,3,1,3,3,0,2,9,0.0,0.0,0.0,0.0,0.0,0.0,5.4892473220825195,18.734468460083008,40.81681823730469,21.376516342163086
1412,-74.151368,40.5641,9.579669835466987,28.22039739382221,22.5610860919587,0.050965670881600214,0.015030784168462643,0.5686387248422908,0.10939411733342315,4.195586018178655,87,60,1,4,2,8,3,4,9,3,3,2,0,2,6,6,3,0,2,2,0,0.0,0.0,0.0,0.0,0.0,0.0,5.285464286804199,20.045848846435547,25.94522476196289,20.658857345581055
1413,-74.099409,40.574799,14.669525181805637,20.782441342318496,26.90593026302479,0.04636667392871998,0.016687975989447698,0.8492430051167807,0.12930145970097295,4.001215872941193,144,406,26,41,44,27,31,33,33,17,23,14,28,14,18,16,7,5,11,11,7,0.0,0.0,0.0,0.0,0.0,0.0,5.328035831451416,36.9312629699707,47.94744873046875,42.36002731323242
1414,-74.07061,40.597824,13.586112084212125,23.964717432304667,23.64717589484321,0.10717444949679905,0.03487004174126519,0.8993155426449246,0.12592320088986997,4.308806304578427,144,394,28,24,27,34,23,18,26,42,26,17,31,24,10,8,15,7,8,8,18,0.0,0.0,0.0,0.0,0.0,0.0,5.404098033905029,36.01316452026367,51.98854064941406,44.694602966308594
1415,-74.108492,40.573599,13.357589327055834,23.012889993601835,22.460359376052327,0.08957457268375091,0.08576886407260237,0.873669372207817,0.13995861185008082,5.068987046165027,145,12162,971,869,1001,805,695,646,746,716,590,541,591,541,601,548,416,454,526,465,440,0.0,0.0,0.0,0.0,0.0,0.0,5.242706298828125,40.945308685302734,88.26301574707031,27.358505249023438
1416,-74.169038,40.552213,9.936019352504188,22.104566924426024,26.598622847576532,0.07283736248405612,0.010455384546396683,0.791918825941021,0.1261775996409306,3.8862105129527396,147,199,19,16,13,21,15,18,22,9,11,15,2,3,7,10,1,3,4,4,6,0.0,0.0,0.0,0.0,0.0,0.0,5.2362494468688965,27.5067195892334,44.18501281738281,36.183799743652344
1417,-74.157303,40.631689,18.367539382562406,17.854632400884856,27.980733111621888,0.090833731136994,0.05680797545890498,0.9635015554867461,0.12228120633257114,3.4509154839244323,123,696,54,59,48,44,31,54,35,36,38,32,39,21,21,19,11,31,36,45,42,0.0,0.0,0.0,0.0,0.0,0.0,5.371115207672119,47.59221267700195,45.88672637939453,49.84708023071289
1418,-74.107537,40.628419,14.471065542085578,21.855476254322486,24.562488444733052,0.08106579111790613,0.09667895096464453,1.161220599176236,0.16593134034092527,4.002507875091608,183,315,13,11,14,19,26,34,27,29,10,23,16,22,23,5,7,5,9,15,7,0.0,0.0,0.0,0.0,0.0,0.0,5.563824653625488,38.415958404541016,43.678253173828125,33.29774475097656
1419,-74.080829,40.594455,12.748366028723053,17.654448414080914,28.977132829726468,0.04457162824570407,0.031241535270301095,0.9791717622111892,0.1567791848287095,5.089828045698847,137,1446,98,100,176,121,123,84,81,61,68,52,105,83,32,56,28,34,35,60,49,0.0,0.0,0.0,0.0,0.0,0.0,5.2852349281311035,51.44697570800781,40.40589904785156,68.62805938720703
1420,-74.159343,40.581958,9.904363661101371,19.500647169170964,29.741646304275047,0.06954260546751698,0.013224283854166666,0.5493636083121253,0.12149569964168049,4.084300994873047,132,1053,74,52,78,125,142,165,57,110,126,38,15,14,1,7,11,5,17,5,11,0.0,0.0,0.0,0.0,0.0,0.0,5.221766948699951,61.64417266845703,85.29733276367188,74.41554260253906
1421,-74.091239,40.603492,12.13658300496764,23.8847398488535,25.743103296743275,0.05926250737939177,0.02630847995564089,0.9367026851675606,0.13227893807793742,3.8016777254093834,118,272,8,17,19,19,17,17,29,20,19,9,13,13,21,10,7,9,6,9,10,0.0,0.0,0.0,0.0,0.0,0.0,5.336056709289551,51.409324645996094,56.54833984375,46.728546142578125
1422,-74.080695,40.620443,15.637916189069774,17.721148356951502,26.660976769789208,0.21534485886931667,0.07476446763524469,1.0216165138740458,0.15075331713918372,4.492967833512985,159,4791,316,262,434,381,447,339,317,245,229,126,147,229,180,170,78,96,172,276,347,0.0,0.0,0.0,0.0,0.0,0.0,5.320943832397461,76.103515625,67.39804077148438,100.5693130493164
1423,-74.124332,40.560954,9.839452743530273,23.338642968071834,26.78104888068305,0.08045917087131077,0.033763885498046875,0.640706592135959,0.10138193766276044,3.4453839196099185,150,146,16,4,16,14,6,4,9,3,8,6,14,5,10,7,2,7,5,3,7,0.0,0.0,0.0,0.0,0.0,0.0,5.004959583282471,24.185775756835938,34.6241569519043,27.523948669433594
1424,-74.145522,40.623077,11.668182128951658,14.926417100997197,31.94843800294967,0.1554158471879505,0.11766808373587472,1.259995358330863,0.1890324410938081,4.008700592177255,224,11230,116,80,162,181,213,195,164,585,1211,986,1094,950,816,854,728,699,793,692,711,0.0,0.0,0.0,0.0,0.0,0.0,5.3296332359313965,31.361507415771484,60.800376892089844,35.33552932739258
1425,-74.089012,40.58255,10.25365760468081,16.049996210931187,31.61693346284773,0.044798542978843676,0.04574679589086725,0.6788620961112877,0.14618890846114443,4.0074055201015435,129,440,29,22,27,15,26,38,26,21,22,31,34,32,30,27,22,20,6,3,9,0.0,0.0,0.0,0.0,0.0,0.0,5.204841613769531,43.70420455932617,46.393394470214844,45.15870666503906
1426,-74.13664,40.551926,9.940753758117843,23.741605196445768,24.935001446852674,0.05463844488474948,0.00840494455384814,0.8715038457192666,0.13667177562871255,3.502522881037604,121,179,6,9,13,13,10,15,11,10,8,12,14,6,8,10,6,6,5,10,7,0.0,0.0,0.0,0.0,0.0,0.0,5.172667026519775,33.2900390625,44.01864242553711,46.19394302368164
1427,-74.137259,40.602779,12.184896285212075,21.120866927890415,26.60704815026486,0.04100326664191632,0.01195481986053719,0.8395147717688694,0.1256081026776106,3.266762242172703,121,82,8,5,6,6,1,9,9,5,1,4,2,2,4,2,3,0,8,5,2,0.0,0.0,0.0,0.0,0.0,0.0,5.471153736114502,41.50177001953125,38.51274871826172,45.033287048339844
1428,-74.163037,40.536625,7.343483449223646,21.78560534216706,30.005283403516117,0.05235648095458372,0.011345139123443374,0.7964879946601122,0.12176245973821273,2.5669714561978676,133,110,6,5,7,10,10,7,3,4,3,4,5,7,2,0,5,16,9,3,4,0.0,0.0,0.0,0.0,0.0,0.0,5.317541122436523,23.609790802001953,26.103227615356445,21.57006072998047
1429,-74.213943,40.541856,8.47819267062966,25.629801852258332,26.686159478050484,0.0704464926996727,0.13266397178719896,0.6640370103561917,0.08115797596969371,2.8029231850160365,109,732,27,26,59,60,88,86,108,95,88,32,9,8,4,13,2,10,2,6,9,0.0,0.0,0.0,0.0,0.0,0.0,5.3678297996521,38.78937530517578,34.28007507324219,42.94307327270508
1430,-74.083799,40.611136,14.993318656965485,17.02608703877884,28.017573825196724,0.07967939725960381,0.08825033845699362,0.7355339035592787,0.1539465549593946,4.831270905129024,173,2059,104,92,155,134,140,182,133,173,107,66,103,80,95,49,35,74,103,100,134,0.0,0.0,0.0,0.0,0.0,0.0,5.308323383331299,55.40776443481445,52.599998474121094,71.32118225097656
1431,-74.160867,40.582791,10.292803520812399,14.572144112391785,33.74026951036955,0.07655011747780367,0.03238700286686769,0.635210858915749,0.15778420729014375,3.5964276126021293,171,1047,74,52,76,124,144,167,60,104,127,38,20,14,1,7,10,3,10,4,12,0.0,0.0,0.0,0.0,0.0,0.0,5.355400562286377,60.18998336791992,86.60984802246094,71.16234588623047
1432,-74.083408,40.647898,14.61659428486571,26.66684593367056,20.401016425492234,0.05445123832916545,0.0062496862678884345,0.7290578705499478,0.12645721435546872,7.060704275826428,107,1255,109,76,105,99,72,91,78,106,66,79,47,57,36,32,20,17,32,48,85,0.0,0.0,0.0,0.0,0.0,0.0,5.253451824188232,99.65791320800781,134.65176391601562,113.47401428222656
1433,-74.162634,40.610604,11.263680796251236,13.605002646750592,32.553972589208726,0.06819481545306266,0.1591252942457267,0.7850307099362636,0.21339781740878494,5.3226981602661985,188,534,28,32,18,42,40,30,26,45,44,52,33,22,20,13,10,20,23,26,10,0.0,0.0,0.0,0.0,0.0,0.0,5.209844589233398,45.57296371459961,56.942325592041016,59.6029167175293
1434,-74.097941,40.634497,11.745678416469644,32.23399547108434,16.556734787790397,0.052490903620134324,0.013132597270764802,0.8604109914679277,0.12054142199064556,3.83974644175747,95,359,14,26,27,27,37,45,27,24,10,19,19,15,15,8,3,5,10,12,16,0.0,0.0,0.0,0.0,0.0,0.0,5.762942790985107,40.22237777709961,63.07453918457031,42.2275276184082
1435,-74.217934,40.541563,10.701899746664209,24.51153019674463,26.216437458212862,0.059133417466107535,0.13730292226753982,0.5566877477309282,0.07838080911075368,3.452188205095678,102,769,29,27,62,63,92,90,101,97,84,32,12,12,5,12,6,10,7,9,19,0.0,0.0,0.0,0.0,0.0,0.0,5.0597758293151855,40.05739974975586,37.749267578125,42.26487350463867
1436,-74.159343,40.581958,9.904363661101371,19.500647169170964,29.741646304275047,0.06954260546751698,0.013224283854166666,0.5493636083121253,0.12149569964168049,4.084300994873047,132,1053,74,52,78,125,142,165,57,110,126,38,15,14,1,7,11,5,17,5,11,0.0,0.0,0.0,0.0,0.0,0.0,5.221766948699951,61.64417266845703,85.29733276367188,74.41554260253906
1437,-74.159343,40.581958,9.904363661101371,19.500647169170964,29.741646304275047,0.06954260546751698,0.013224283854166666,0.5493636083121253,0.12149569964168049,4.084300994873047,132,1053,74,52,78,125,142,165,57,110,126,38,15,14,1,7,11,5,17,5,11,0.0,0.0,0.0,0.0,0.0,0.0,5.221766948699951,61.64417266845703,85.29733276367188,74.41554260253906
1438,-74.078337,40.633666,14.37493375552598,19.166995633033018,28.193488787579277,0.0668396488312752,0.0907528784967238,1.1330333832771549,0.1450911901330435,3.780408674670804,155,1500,82,87,100,92,79,61,59,77,83,80,112,87,105,81,31,43,70,63,108,0.0,0.0,0.0,0.0,0.0,0.0,5.148765563964844,40.02581024169922,32.110023498535156,47.295249938964844
1439,-74.076955,40.643,18.629368299092995,14.338418306448515,26.788920622605538,0.13332504492539626,0.12294634794577573,0.886577062117748,0.14350567108545548,5.759791227487417,208,32407,1531,1792,1936,1880,1800,1782,1795,1759,1626,1422,1769,1798,1809,1646,1175,1298,1676,1964,1949,0.0,0.0,0.0,0.0,0.0,0.0,5.580994606018066,96.09733581542969,111.78175354003906,96.5284652709961
1440,-74.180964,40.605658,4.613136389316656,27.78686181092873,28.548118884746845,0.06606077536558493,0.010687021108774038,0.7016886197603666,0.13462262275891423,1.6858692658253207,65,34,0,0,0,0,2,1,0,6,3,1,5,0,0,0,0,2,5,4,5,0.0,0.0,0.0,0.0,0.0,0.0,5.447807788848877,,193.65554809570312,
1441,-74.142526,40.624781,14.64938112774735,15.848242111925805,29.96838497665693,0.24637846077013315,0.07662053378123157,1.1736980774117716,0.16571440786685585,3.9167612603625406,212,1789,102,110,146,122,135,131,114,84,97,91,112,76,72,43,63,43,68,98,82,0.0,0.0,0.0,0.0,0.0,0.0,5.392874717712402,33.055416107177734,54.7276496887207,39.95610046386719
1442,-74.157327,40.59148,10.651210390565769,17.400948206583653,29.770229637371337,0.09711422497713113,0.0071030628832080694,0.5478631595016028,0.12212322734076261,4.841321027731595,158,480,22,23,32,36,23,38,35,60,54,40,33,18,10,15,9,4,7,7,14,0.0,0.0,0.0,0.0,0.0,0.0,5.372063636779785,51.401329040527344,70.80827331542969,55.99304962158203
1443,-74.180964,40.605658,4.613136389316656,27.78686181092873,28.548118884746845,0.06606077536558493,0.010687021108774038,0.7016886197603666,0.13462262275891423,1.6858692658253207,65,34,0,0,0,0,2,1,0,6,3,1,5,0,0,0,0,2,5,4,5,0.0,0.0,0.0,0.0,0.0,0.0,5.447807788848877,,193.65554809570312,
1444,-74.158618,40.592132,9.983431902464641,16.23467333284646,31.104857200372653,0.097701453060084,0.005126688521721459,0.5848647542082506,0.14355499620382497,4.724239430216237,173,462,20,23,30,33,20,37,34,61,55,39,33,17,9,14,8,4,7,6,12,0.0,0.0,0.0,0.0,0.0,0.0,5.282332420349121,51.28156280517578,70.9211196899414,55.669090270996094
1445,-74.125447,40.63324,20.57806219758287,11.808258530783784,28.83050697671491,0.054793169269454,0.0565835985086732,1.4007883556818561,0.2136618404065148,5.7056012126685545,118,1035,53,93,109,57,82,83,74,47,45,37,56,63,69,32,18,37,23,34,23,0.0,0.0,0.0,0.0,0.0,0.0,5.42716646194458,47.60044860839844,48.07758712768555,50.38315200805664
1446,-74.079438,40.638993,21.05457325174351,18.890048325663866,21.92370559229996,0.18864641285905934,0.1265816736702967,0.9286919025459678,0.12274077444365528,5.678793011289656,165,6604,362,344,366,368,318,282,260,288,318,315,569,529,469,337,177,205,290,399,408,0.0,0.0,0.0,0.0,0.0,0.0,5.38169527053833,61.32282638549805,79.44078063964844,66.45941925048828
1447,-74.197033,40.544535,9.139807224273682,21.591475605964657,28.102807998657227,0.05660653114318848,0.0026988983154296875,0.5707957347234089,0.09181002775828043,3.761584162712098,160,201,12,21,21,9,9,8,9,11,16,10,10,10,9,9,3,4,9,13,8,0.0,0.0,0.0,0.0,0.0,0.0,5.339062690734863,25.330467224121094,58.43838882446289,28.243364334106445
1448,-74.105883,40.607637,8.467325087516539,28.586901900588828,25.61337050571237,0.019618003599105344,0.14749342395413306,0.5134536373999811,0.10579529628958753,1.4598118361606396,62,31,2,4,2,1,2,2,0,1,1,0,0,2,4,6,4,0,0,0,0,0.0,0.0,0.0,0.0,0.0,0.0,5.828922271728516,5.864016532897949,85.43475341796875,8.321637153625488
1449,-74.161318,40.608079,12.01862717909334,12.321980485638369,33.82519919509641,0.10414493894114078,0.20460264582464224,0.7915669660352194,0.19573995596382615,5.397670708813713,206,586,30,34,20,39,46,32,31,46,53,50,35,25,25,18,14,21,25,29,13,0.0,0.0,0.0,0.0,0.0,0.0,5.10435676574707,40.34513473510742,55.05870056152344,50.91552734375
1450,-74.079228,40.622415,15.823628720509477,18.880302551759776,24.702048397447207,0.19168700559072227,0.0928717923451619,0.9610842509442064,0.12141537953572101,4.547088117484587,166,4567,326,261,405,334,401,311,290,225,211,141,141,192,199,163,86,83,161,285,352,0.0,0.0,0.0,0.0,0.0,0.0,5.279403209686279,88.44680786132812,78.07820129394531,115.36845397949219
1451,-74.105883,40.607637,8.467325087516539,28.586901900588828,25.61337050571237,0.019618003599105344,0.14749342395413306,0.5134536373999811,0.10579529628958753,1.4598118361606396,62,31,2,4,2,1,2,2,0,1,1,0,0,2,4,6,4,0,0,0,0,0.0,0.0,0.0,0.0,0.0,0.0,5.828922271728516,5.864016532897949,85.43475341796875,8.321637153625488
1452,-74.180964,40.605658,4.613136389316656,27.78686181092873,28.548118884746845,0.06606077536558493,0.010687021108774038,0.7016886197603666,0.13462262275891423,1.6858692658253207,65,34,0,0,0,0,2,1,0,6,3,1,5,0,0,0,0,2,5,4,5,0.0,0.0,0.0,0.0,0.0,0.0,5.447807788848877,,193.65554809570312,
1453,-74.084382,40.618479,20.081013427383596,18.926772632818114,23.90864339368097,0.12319016730648347,0.11034866859172952,1.0083843099659888,0.14707850313734736,4.604275363615189,145,2950,169,166,245,234,282,207,201,161,138,84,114,166,113,97,60,95,110,152,156,0.0,0.0,0.0,0.0,0.0,0.0,5.1878204345703125,43.191322326660156,39.91807174682617,59.21603012084961
1454,-74.084382,40.618479,20.081013427383596,18.926772632818114,23.90864339368097,0.12319016730648347,0.11034866859172952,1.0083843099659888,0.14707850313734736,4.604275363615189,145,2950,169,166,245,234,282,207,201,161,138,84,114,166,113,97,60,95,110,152,156,0.0,0.0,0.0,0.0,0.0,0.0,5.1878204345703125,43.191322326660156,39.91807174682617,59.21603012084961
1455,-74.083179,40.575685,6.586328706784883,21.79456301475768,34.805940166455976,0.0854945073933362,0.007624168918557363,0.7489047638357502,0.10882120698554332,1.320115180864726,73,106,9,11,20,10,7,6,4,7,9,4,6,1,4,2,0,2,2,0,2,0.0,0.0,0.0,0.0,0.0,0.0,5.13350772857666,10.75,9.26443099975586,10.577106475830078
1456,-74.095454,40.64118,13.876282085071908,30.665382668991715,18.311726488686137,0.05584590691180268,0.08634141654022469,1.020025090409376,0.13417514559322807,3.352595820571437,121,405,10,27,22,29,26,18,42,26,27,17,25,18,20,21,7,13,15,22,20,0.0,0.0,0.0,0.0,0.0,0.0,5.456534385681152,56.74684524536133,52.97627639770508,59.71752166748047
1457,-74.105878,40.570909,13.13964525858561,11.841465054136334,31.876960812192976,0.10704300620339134,0.23138161861535272,1.1443161241935962,0.17724383961070667,4.7816868984338,110,12424,1017,894,1014,813,712,679,760,735,616,553,602,551,608,561,410,455,533,468,443,0.0,0.0,0.0,0.0,0.0,0.0,5.221777439117432,43.980342864990234,142.53468322753906,22.200162887573242
1458,-74.141924,40.635562,19.951868357148562,15.29813862446719,27.743456798529472,0.11406004803735506,0.10291765320975825,1.1243436321522455,0.15673907297962117,4.185899698509361,106,1639,109,120,124,112,137,106,100,118,121,87,91,67,43,60,25,41,51,56,71,0.0,0.0,0.0,0.0,0.0,0.0,5.648819923400879,58.58476257324219,63.90900421142578,63.49580764770508
1459,-74.082149,40.645436,16.07188361031669,26.736736660911916,19.66718219575428,0.0800038292294457,0.023856026785714284,0.9516339983258927,0.12210428147088916,7.102791740780787,175,1903,165,129,163,132,108,157,113,145,83,91,77,108,73,51,26,37,63,71,111,0.0,0.0,0.0,0.0,0.0,0.0,5.367458820343018,85.1693344116211,102.79312133789062,96.58623504638672
1460,-74.193431,40.528152,7.5591375116716355,30.964515752959667,23.354278698302153,0.05052968075400904,0.008996662340666118,0.6543480722527755,0.06833461293003015,2.7052581519411314,95,331,33,34,43,27,24,21,18,9,10,11,27,20,16,11,3,3,7,6,8,0.0,0.0,0.0,0.0,0.0,0.0,6.71327018737793,9.247015953063965,174.28297424316406,11.856911659240723
1461,-74.130819,40.588985,3.094126383463542,57.25937843322754,10.22216796875,0.0202178955078125,0.0,0.20233154296875,0.004730224609375,0.4607391357421875,10,0,0,0,0,0,0,0,0,0,0,0,0,0,0,0,0,0,0,0,0,0.0,0.0,0.0,0.0,0.0,0.0,7.040241241455078,2.0,43.916229248046875,3.0
1462,-74.087072,40.61062,12.93768063443633,17.737617525448098,29.921504312364505,0.07300753773692546,0.13295760269427218,0.9678994667079439,0.1556013048309641,4.223280182409123,194,1669,88,67,116,135,97,122,99,114,83,50,96,67,73,54,28,82,79,99,120,0.0,0.0,0.0,0.0,0.0,0.0,5.257743835449219,41.915924072265625,46.467430114746094,49.924381256103516
1463,-74.079263,40.64282,18.773535246490148,20.145788500385894,22.04763512091336,0.12106639082713794,0.08107403639457925,1.0200868187595258,0.14438233617264004,6.549258312688264,217,32601,1585,1836,1983,1931,1840,1835,1801,1814,1663,1466,1779,1798,1804,1654,1174,1292,1666,1897,1783,0.0,0.0,0.0,0.0,0.0,0.0,5.430562496185303,88.53701782226562,134.24847412109375,94.56658172607422
1464,-74.117086,40.568299,11.666216196945593,24.434662840361494,24.000219723442093,0.07676473668260321,0.04097289102940472,0.7817707178782834,0.10440959033302977,3.2688158421428666,163,159,14,7,9,7,19,12,12,11,6,8,10,8,6,11,3,2,4,6,4,0.0,0.0,0.0,0.0,0.0,0.0,5.352144241333008,41.43659591674805,52.473609924316406,29.961956024169922
1465,-74.108045,40.608374,11.486295751623203,23.997157328837627,27.62437425218187,0.008706788758973818,0.4036774506440034,0.7489513706516576,0.11518667410085869,1.0838164939536705,37,31,2,4,2,1,2,2,0,1,1,0,0,2,4,6,4,0,0,0,0,0.0,0.0,0.0,0.0,0.0,0.0,6.583808422088623,6.682926654815674,110.92646026611328,9.160337448120117
1466,-74.164427,40.62031,10.139276142473571,17.596642617826113,31.727099418640137,0.044204129113091364,0.03418525060017904,0.6784209498652705,0.14517616342615203,4.909707440270318,144,381,19,17,14,28,59,42,37,29,29,9,15,16,15,12,7,7,2,9,15,0.0,0.0,0.0,0.0,0.0,0.0,5.467621803283691,69.1019515991211,70.60546875,66.35741424560547
1467,-74.105883,40.607637,8.467325087516539,28.586901900588828,25.61337050571237,0.019618003599105344,0.14749342395413306,0.5134536373999811,0.10579529628958753,1.4598118361606396,62,31,2,4,2,1,2,2,0,1,1,0,0,2,4,6,4,0,0,0,0,0.0,0.0,0.0,0.0,0.0,0.0,5.828922271728516,5.864016532897949,85.43475341796875,8.321637153625488
1468,-74.077564,40.638388,19.83143098892704,13.09677472678564,26.443194522652583,0.17786497710853497,0.1556847685126848,0.939104223764071,0.138438235047043,4.975852966308595,155,6396,322,323,354,379,318,257,250,282,322,299,553,501,461,328,174,187,271,407,408,0.0,0.0,0.0,0.0,0.0,0.0,5.332824230194092,60.68075942993164,81.37139129638672,61.903076171875
1469,-74.14837,40.554498,13.531267889614766,24.24523123379412,24.54939831262347,0.05841090761382004,0.0833208807583513,0.8869839810776986,0.12239565794495331,3.4894346916812595,145,161,5,4,6,13,16,18,12,20,9,7,10,7,10,8,6,2,2,5,1,0.0,0.0,0.0,0.0,0.0,0.0,5.282467365264893,21.674930572509766,16.470226287841797,29.43722915649414
1470,-74.095454,40.64118,13.876282085071908,30.665382668991715,18.311726488686137,0.05584590691180268,0.08634141654022469,1.020025090409376,0.13417514559322807,3.352595820571437,121,405,10,27,22,29,26,18,42,26,27,17,25,18,20,21,7,13,15,22,20,0.0,0.0,0.0,0.0,0.0,0.0,5.456534385681152,56.74684524536133,52.97627639770508,59.71752166748047
1471,-73.827642,40.831829,17.028024361568423,11.453851064046228,32.032853252482866,0.09767064508402122,0.07993770095537293,1.084856717091686,0.1763751671749091,5.103107368421256,106,14491,805,791,885,906,672,636,858,891,916,710,723,729,748,791,495,556,665,783,931,11.314949035644531,0.0,2.268216609954834,0.0,15.473443984985352,0.0,4.132167339324951,54.784523010253906,53.30081558227539,58.35118865966797
1472,-73.919634,40.819331,30.140376856297625,8.014636569552952,21.411822990134908,0.43299262906298225,0.1739139321409626,0.6959646719473379,0.10353300306532119,7.243979889669537,135,31157,1846,1711,1539,2108,2318,2040,2124,2135,2406,2467,1843,1558,1184,1260,598,534,739,1181,1566,1.000698066078165e-10,6.9167609214782715,3.147055879781924e-11,0.0,3.3557022178359874e-13,0.0,4.80186653137207,211.07302856445312,218.55233764648438,230.1611328125
1473,-73.89163,40.850131,23.796180310308827,7.652437580673029,26.419157820376906,0.2275825609285351,0.10502861145345922,0.6754375396565321,0.12232649560068168,5.736787731422247,187,10705,446,625,662,843,876,791,882,730,634,621,593,467,445,344,243,297,365,421,420,0.0,0.0,0.0,0.0,4.078832149505615,0.0,5.34011173248291,163.0635223388672,144.8725128173828,187.24209594726562
1474,-73.897943,40.841758,18.28012212117513,15.10090026855469,27.380150858561198,0.13005752563476564,0.09048665364583333,0.7851674397786457,0.12632675170898436,5.57636489868164,125,20970,816,1100,1023,1091,1064,983,912,1275,1467,1368,1242,1329,1197,1147,976,821,937,1118,1104,0.0,0.04652059078216553,0.0,0.0,0.0,0.0,5.2937703132629395,150.2460479736328,109.33734130859375,139.86962890625
1475,-73.908358,40.813896,28.712158476580004,10.322366734986664,20.30452981217361,0.19393838861937168,0.3176719911636845,0.5633316586949064,0.10198230811771952,5.964447007811625,93,17981,1159,1179,1425,1583,1287,1303,947,1086,1531,1215,1155,650,553,493,402,364,372,594,683,2.7124884128570557,0.43522050976753235,0.0,0.0,3.818427067321228e-15,0.0,4.184523582458496,183.55552673339844,148.3433074951172,226.34869384765625
1476,-73.882531,40.840445,25.25082231772067,8.863855419736923,26.047240748549953,0.15337086687184343,0.20660458189068417,0.7818929113522923,0.14120352388632415,5.602970893936929,165,12632,937,1204,995,897,1134,893,839,1034,685,727,640,422,422,360,195,203,244,384,417,3.466710696720804e-13,1.5397778749465942,0.0,0.0,0.0,0.0,4.979861736297607,130.88980102539062,102.09664916992188,167.76556396484375
1477,-73.905697,40.881562,24.02485461462111,15.940838768368673,20.253290675935293,0.14636425744919548,0.2644688742501395,0.7796614510672434,0.12871560596284415,6.232793444678897,140,11684,502,668,645,774,647,733,677,654,743,657,719,597,529,548,406,458,655,533,539,0.0,0.0,0.0,0.0,0.0,0.0,4.911375522613525,157.98147583007812,123.5369644165039,180.3030242919922
1478,-73.883339,40.872259,22.764208675842802,16.918846879110315,19.062357384541315,0.15600885433190564,0.024159749348958336,0.604039884460759,0.11896804706295935,5.6494406233785925,197,3149,158,174,192,252,250,261,228,196,221,209,177,145,142,107,71,99,72,88,107,0.0,0.0,0.0,0.0,0.0,0.0,5.270588397979736,220.16940307617188,142.41615295410156,290.1016845703125
1479,-73.898821,40.85644,30.334659351608813,5.540864111968826,22.478918212553413,0.1762307590323039,0.21765131098569868,0.6766500174450393,0.10268929694019409,6.606989100054042,181,46518,3339,3959,3808,3159,2814,2654,2521,2591,2702,2158,2078,2021,2008,1763,1380,1311,1851,2030,2371,0.0,0.0,0.0,0.0,0.0,0.0,5.138003349304199,284.3629150390625,220.2144775390625,353.0321350097656
1480,-73.829211,40.82708,10.613008645864632,18.758834936679936,29.93911205193935,0.052942129281850964,0.024249737079326924,0.935503641764323,0.13251084547776443,3.5534178904997997,65,230,13,10,12,7,8,8,4,5,8,13,20,17,17,8,15,7,8,29,21,1.401298464324817e-45,3.1211137771606445,2.1085367826745305e-11,0.0,0.0,0.0,4.666281700134277,49.80027770996094,59.60895919799805,56.95530700683594
1481,-73.92589,40.839693,22.048552831013996,14.081546238490512,24.14553846631731,0.07774801481337776,0.04776205335344587,0.5881743771689278,0.11767517952691942,4.934159063157581,112,8469,670,657,641,654,653,617,524,379,443,435,353,266,362,319,224,250,316,331,375,0.0,9.850460030991215e-11,0.0,0.0,0.0,0.0,4.49653959274292,211.07102966308594,133.90548706054688,273.47119140625
1482,-73.844685,40.840625,22.604737995903275,7.781263250083737,27.80563220885641,0.09614741744626548,0.3242322212256095,0.8653972459876018,0.14137622814823464,6.159093875240012,138,2429,189,226,204,178,153,126,110,94,127,112,111,100,106,67,50,56,92,158,170,10.307466506958008,0.0,2.577277829396795e-32,0.0,4.949600696563721,0.0,4.974483489990234,126.99713897705078,86.25447082519531,154.9718475341797
1483,-73.826277,40.835318,15.456341637505426,13.305947409735785,31.497046364678276,0.0875867207845052,0.07919057210286458,0.973322550455729,0.13793139987521702,4.605135599772137,150,908,27,55,55,66,43,62,36,55,59,33,53,46,54,42,20,27,26,85,64,6.469627857208252,0.0,3.357769727706909,0.0,25.497344970703125,0.0,5.08802604675293,46.7320556640625,54.41837692260742,53.060359954833984
1484,-73.909763,40.859243,21.778151438786438,17.00254342494867,21.237209515693863,0.1742431444999499,0.12974665715144232,0.6279422075320511,0.10533944154397035,5.756953312800482,130,8328,907,852,771,727,752,575,491,429,469,293,287,387,331,240,165,148,156,165,183,0.0,0.0,4.1156172337240996e-19,0.0,0.0,0.0,5.1115851402282715,238.50535583496094,197.77569580078125,294.8414001464844
1485,-73.854231,40.902311,25.57728646815508,10.816235925959447,24.308457867852574,0.09790617844154094,0.2294836373164736,0.6533677550567978,0.1522179307608769,7.094686880879019,58,2232,45,113,129,166,171,144,182,185,157,130,105,105,107,91,53,74,76,84,115,0.0,0.0,0.0,0.0,0.0,0.0,4.618081092834473,66.6723861694336,46.81423568725586,83.49502563476562
1486,-73.905389,40.818703,28.18081169797664,13.056915684750203,19.565966087475157,0.2337773640950521,0.38932097585577713,0.8230774862724439,0.10998207226134182,5.383571825529399,95,20391,1364,1517,1479,1751,1622,1525,1368,1428,1217,1419,1535,961,620,517,290,279,353,498,648,0.0,2.3633577733717104e-12,0.0,0.0,0.0,0.0,3.6993274688720703,163.38438415527344,137.80532836914062,196.81700134277344
1487,-73.922697,40.816369,28.60768324409434,13.541246759086393,19.16937568348737,0.32266708241049236,0.20667680727890114,0.5474435477994365,0.08914756359357978,6.33021564525197,153,19801,1454,1198,1240,1394,1391,1195,1464,1281,1521,1232,874,730,854,1218,487,380,537,650,701,8.305756082904736e-11,17.8487491607666,0.0,0.0,4.52078668554054e-13,0.0,4.799463272094727,227.9754638671875,275.3766174316406,222.76904296875
1488,-73.866949,40.899351,21.14567647035094,21.8445662794442,19.063363404109563,0.1339704140849497,0.05159706904970367,1.1623588101617222,0.1542866915121846,8.743453847950901,116,458,10,11,32,23,26,37,24,24,50,25,24,21,16,27,22,17,23,15,31,0.0,0.0,0.0,0.0,0.0,0.0,4.777346611022949,72.50283813476562,58.84408187866211,86.66477966308594
1489,-73.878731,40.869482,16.21091951403701,23.10651666239688,20.936942518803114,0.1220611103794031,0.06315248054370545,0.6484255456087883,0.08076554850528116,5.178530592667428,152,25265,1181,1256,1262,1382,1240,1262,1253,1557,1619,1556,1575,1537,1489,1277,1004,966,1279,1182,1388,0.0,0.0,0.0,0.0,0.0,0.0,5.625,183.5517578125,150.5275421142578,214.79266357421875
1490,-73.85942,40.887888,30.357743335026573,8.818599229217858,21.724981902748027,0.16875728484122984,0.5785224258258779,0.8305042020736203,0.12762828539776544,8.138648412560903,62,8281,518,857,709,698,610,439,472,507,533,457,355,370,312,342,204,190,136,216,356,0.0,0.0,0.0,0.0,0.0,0.0,3.4504830837249756,106.26201629638672,77.21259307861328,146.17982482910156
1491,-73.91435,40.832022,30.495527267456048,7.1176906161838085,20.956249237060547,0.25415632459852433,0.3684908548990886,0.592379887898763,0.10776646931966145,6.465894063313803,150,24323,1980,2359,2007,1944,2617,2407,1761,1540,1098,1168,725,761,692,499,431,406,459,667,802,3.865370709498192e-24,0.0,7.408712532352979e-11,0.0,0.0,0.0,5.166501998901367,239.60220336914062,173.18807983398438,303.9266052246094
1492,-73.894951,40.853294,25.2117274184821,6.91206527478767,26.60718750873399,0.15569295144643042,0.08893863922016387,0.8170980395692768,0.108458779074929,5.862733731767548,198,10821,608,778,751,819,724,736,671,728,634,509,616,457,524,328,285,342,342,452,517,0.0,0.0,0.0,0.0,4.078831672668457,0.0,5.232731342315674,160.08131408691406,143.74916076660156,184.20870971679688
1493,-73.915114,40.886922,16.90692748778906,28.63019796518179,16.918398783757137,0.07805151817126153,0.018974450918344352,0.530405533619416,0.08551096304869041,4.128883129511125,104,296,12,28,18,17,12,21,31,12,21,25,20,11,18,5,6,13,10,12,4,0.0,0.0,0.0,0.0,0.0,0.0,4.961187362670898,108.87855529785156,132.12879943847656,154.25064086914062
1494,-73.905751,40.812895,26.454971282462772,7.576229901817755,24.346895140361013,0.1638873805844687,0.11653434939500762,0.8157404457650533,0.11577683735669143,5.6486106500393,82,15510,909,988,1316,1318,1137,1063,955,960,1311,996,930,583,434,430,338,331,346,569,596,0.0,0.9409682154655457,0.0,0.0,0.0,0.0,3.718546152114868,176.8657989501953,140.00039672851562,211.0034637451172
1495,-73.903821,40.848344,27.60430728687959,6.966683007533253,25.035749447891135,0.21726932400971458,0.18973855411305146,0.8312579385595384,0.1262344410216886,6.574707903893165,255,21094,1771,1834,1955,1783,1310,1185,1247,874,1304,990,862,753,908,775,380,371,623,978,1191,0.0,5.927492504093976e-43,0.0,0.0,0.0,0.0,5.136842250823975,230.98411560058594,145.62680053710938,306.5119934082031
1496,-73.916419,40.821544,29.07691286099667,8.52587428314007,21.131182664277535,0.25763459026681923,0.13172831756389694,0.9020083261115138,0.1524116819268031,7.14993697918014,151,18926,1183,1160,1058,1413,1560,1216,1103,1161,1187,1096,1137,1051,714,668,488,492,482,823,934,6.27882468240415e-11,1.746084084157226e-33,7.383357120138712e-11,0.0,0.0,0.0,4.884130954742432,188.4865264892578,138.67262268066406,245.5194549560547
1497,-73.917417,40.809023,26.270788022787254,12.102152884203214,20.832424037920752,0.19774515636683296,0.11121919839689047,0.6972105196206875,0.12089568789642637,6.958601734425762,101,22123,1840,1949,1670,1354,1559,1573,1640,1436,1693,1255,1190,990,703,616,490,388,540,656,581,6.919632911682129,5.639877106999869e-11,1.5636382102966309,0.0,2.21044659614563,0.0,4.097154140472412,200.5861358642578,159.51986694335938,236.40895080566406
1498,-73.92114,40.822574,26.80581699718129,11.169092057493435,21.524697295890363,0.6674398732251046,0.06358091496239024,0.952822314806221,0.243163568586029,6.482924311614233,121,13917,810,721,917,1169,1220,1149,988,992,963,824,787,648,483,511,252,215,339,434,495,11.311505317687988,0.4061901271343231,2.157344341278076,0.0,0.5662540793418884,0.0,5.058783531188965,225.9008026123047,177.6061248779297,286.5024108886719
1499,-73.88622,40.851724,25.069402849845343,11.000179674066423,21.776733824320765,0.23996377485600762,0.20313065207936168,0.6128309636214895,0.12622921470629922,5.588777289626322,209,10568,524,761,735,708,909,817,675,694,784,575,596,491,444,332,223,263,305,378,354,1.2555732009644771e-09,0.0,0.5433906316757202,0.0,5.095338344573975,0.0,5.43408203125,199.95596313476562,146.478759765625,252.17906188964844
1500,-73.901268,40.861698,32.294643536592126,6.894180255058485,19.45089758970798,0.31673587285555327,0.412457111554268,0.7903181589566746,0.109404478317652,7.158088225584764,208,28245,2098,2652,2808,2284,2888,2191,2112,1771,1914,1202,831,1030,1037,658,434,412,451,563,909,0.0,0.0,0.0,0.0,0.0,0.0,5.0789475440979,270.02691650390625,233.17098999023438,308.2867736816406
1501,-73.917705,40.828009,29.24983836651601,7.90431262192568,22.178468056388002,0.4752409213338796,0.24511207713146724,0.9267868777210303,0.20234377651606314,6.259930868284397,211,26679,1604,1982,1901,1961,2198,2325,1876,1761,1341,1448,1328,1108,1218,1250,502,499,716,786,875,8.107815742492676,7.275513524973576e-11,6.6044392177389e-11,0.0,1.0203245878219604,0.0,5.121865749359131,251.37843322753906,188.1566925048828,318.9931335449219
1502,-73.849791,40.82948,21.391586823896944,8.622813465619332,30.72583924238931,0.1417932285604252,0.1070308364200271,0.83915488888519,0.13416784780996815,5.533380861635561,198,2962,180,157,218,243,279,257,189,118,162,161,153,126,140,86,55,80,92,155,111,0.0,17.074413299560547,0.0,0.0,2.5357131325232096e-11,0.0,5.41719913482666,91.25835418701172,73.12309265136719,116.51264953613281
1503,-73.913694,40.877935,21.654158782958987,22.411674245198558,18.521038055419922,0.13871231079101562,0.026091003417968748,0.7370201110839841,0.11325658162434896,4.69113260904948,125,993,94,55,97,82,77,70,55,50,59,48,48,34,36,23,36,23,33,34,39,0.0,0.0,0.0,0.0,0.0,0.0,5.203431606292725,129.18618774414062,156.37525939941406,164.5930938720703
1504,-73.867834,40.874754,18.445818592803633,19.677094016412294,22.355104456044206,0.12517890544852825,0.10109092250014796,0.8784823947482638,0.1033101419005731,4.67400478594231,132,4482,274,247,315,347,339,279,281,210,261,158,195,138,168,170,81,131,174,235,479,0.0,0.0,0.0,0.0,0.0,0.0,4.908698558807373,104.82109069824219,74.80979919433594,130.53302001953125
1505,-73.903243,40.838636,18.73346540662977,16.197749546595983,24.02102636912512,0.14959789457775297,0.04107883998325893,0.5369089520166791,0.11872942485506574,5.5969447181338365,105,8770,553,580,504,743,750,668,569,522,546,501,465,408,293,248,179,255,195,396,395,0.0,1.6478084088195066e-12,1.0089914743559997e-13,0.0,0.0,0.0,4.90657901763916,168.10511779785156,155.5639190673828,174.05319213867188
1506,-73.921593,40.806452,22.65751313548501,9.842516440712945,26.39387843797659,0.16586503929854757,0.15086354910778516,0.847808037014956,0.10856572216167414,5.32761603648711,181,16215,994,1288,1241,1016,1120,1009,1071,1029,1219,1030,991,779,529,496,407,359,477,587,573,31.06075668334961,1.8153084591077118e-10,4.892735481262207,0.0,20.257612228393555,0.0,4.8929290771484375,183.13539123535156,123.82318115234375,216.8119659423828
1507,-73.891086,40.842564,23.842918784530085,9.717907199153194,25.510743812278466,0.16393131679958767,0.0708414007116247,0.8006168294835971,0.11193946555808741,5.347528457641601,180,10036,580,1205,888,985,775,567,712,735,608,531,453,346,257,231,177,150,235,322,279,0.0,0.9425033330917358,0.0,0.0,0.0,0.0,5.747314929962158,144.58172607421875,125.88197326660156,161.881103515625
1508,-73.887026,40.858389,21.107055001910744,14.375432478850524,24.189138046241208,0.14176932714318718,0.15033716064078104,0.7381724871798043,0.15676633187336492,5.621514708581974,217,6939,386,427,489,506,615,422,454,423,460,381,401,393,348,228,118,116,195,288,289,0.0,0.0,0.0,0.0,0.0,0.0,5.520096778869629,164.65516662597656,195.6933135986328,162.7945556640625
1509,-73.890402,40.867169,27.741024436453426,8.996591621271056,20.948321948060332,0.22090151767268967,0.11958330037207579,0.6951209553127183,0.1114394189703176,6.41193656282052,179,17974,815,1232,1338,1251,1744,1527,1488,1307,1061,846,763,847,598,577,374,400,483,654,669,0.0,0.0,0.0,0.0,0.0,0.0,5.113888740539551,255.17750549316406,161.97433471679688,343.8537292480469
1510,-73.866974,40.832529,23.3366268347963,10.549362591856738,25.66395554962742,0.16016759178190854,0.5021343742750614,0.9378171971931311,0.15144165448302052,5.921119017619284,174,4766,350,337,359,448,408,338,333,283,286,232,208,154,143,123,75,116,181,188,204,0.0,5.705907821655273,4.760488878097213e-13,2.679949998855591,0.0,0.0,5.281638145446777,124.15237426757812,88.15679931640625,158.01773071289062
1511,-73.886834,40.814034,23.52481396337555,6.266118406839796,28.7040767800767,0.14361892778848862,0.06923970487928882,0.8777038338258093,0.11539918040901524,5.884947891497529,194,8614,1018,1106,1059,824,597,553,478,462,463,331,320,288,202,137,170,74,127,184,221,0.0,5.956658912864912e-14,0.0,0.0,0.0,0.0,5.50324821472168,167.3411865234375,142.80413818359375,151.47286987304688
1512,-73.92273,40.810413,23.070398415214523,13.546772958685665,21.572213365852487,0.3668121749495725,0.1426255771879516,0.7749970937739905,0.10205380948752106,6.521456870959213,173,48440,2605,2870,2980,3037,2711,2561,2855,2889,3406,3121,2859,2496,2147,2177,1474,1551,2222,2292,2187,6.348522663116455,2.5442686080932617,1.3685979843139648,0.0,14.278995513916016,0.0,4.866106033325195,210.7611083984375,190.405517578125,242.9583282470703
1513,-73.886997,40.850674,24.417290703616157,9.435923252041492,23.95351101653744,0.25433257774070456,0.11148324317803687,0.6236444017301103,0.12668985309022845,5.512621266271931,198,9297,487,661,604,604,778,680,627,574,609,484,549,424,414,293,213,248,314,400,334,0.0005491743795573711,0.0,0.5428980588912964,0.0,5.3015217781066895,0.0,5.398608207702637,179.0279541015625,133.84423828125,224.15069580078125
1514,-73.911906,40.832648,27.99839208155502,8.776576666184416,21.833922303753134,0.22090535105010609,0.17718279803240738,0.648302384364752,0.12058210961612653,6.966262393527561,135,20214,1470,1896,1786,1727,2093,2182,1361,1159,802,958,582,743,578,395,367,348,386,589,792,0.0,0.0,5.145420547969515e-11,0.0,0.0,0.0,5.069169044494629,205.3943328857422,140.3853759765625,263.9118957519531
1515,-73.88794,40.864872,25.057445007777776,19.56245074100049,18.25502905876014,0.2564952631664884,0.06324419803173932,0.6746628228772724,0.1428828877248582,6.006649649067291,157,10826,532,826,629,765,1085,747,693,679,706,523,422,451,353,328,224,247,826,418,372,0.0,0.0,0.0,0.0,0.0,0.0,5.384881496429443,235.45664978027344,185.45997619628906,305.3174133300781
1516,-73.90497,40.835934,23.896140478999232,15.394992515689038,20.101663975116335,0.262176013383709,0.10780584616739242,0.5286623219974705,0.10352264987966402,6.785512100803395,122,14383,888,983,938,1202,1225,1071,952,925,878,915,850,732,480,366,228,297,303,527,623,0.0,1.9185692531203946e-12,6.445950002063883e-13,0.0,0.0,0.0,4.8726806640625,204.4456787109375,172.11532592773438,254.1919708251953
1517,-73.874912,40.875481,23.56626683590458,16.16978808945301,20.508547623952232,0.1558439404356713,0.038182034212000227,0.7414450832441742,0.12732977960623948,5.417058514613734,136,4406,195,260,194,327,401,341,331,340,332,221,215,192,201,172,127,119,111,140,187,0.0,0.0,0.0,0.0,0.0,0.0,5.716516494750977,194.77572631835938,130.38088989257812,251.54864501953125
1518,-73.888987,40.848748,23.559464968688108,7.769052018510536,26.07565382693676,0.2637053212375506,0.10912401456359432,0.6822466004824806,0.12644013614519267,4.7076191462523544,188,10619,536,729,856,956,878,724,853,690,652,645,489,422,384,302,209,264,266,404,360,0.0,0.0,0.5438840985298157,0.0,0.14628775417804718,0.0,5.415311813354492,166.91937255859375,156.8506622314453,193.50640869140625
1519,-73.898826,40.846383,22.588756865104738,9.085660557479633,28.007001089135457,0.19056030430976617,0.18913696649151915,0.9699053468957414,0.13602040158612186,6.8594097036176045,226,26579,1240,1490,1382,1459,1370,1286,1321,1583,1841,1687,1571,1520,1424,1280,1059,954,1159,1440,1513,0.0,2.8923865102115087e-05,0.0,0.0,0.0,0.0,5.288561820983887,140.3054962158203,108.78753662109375,137.73043823242188
1520,-73.893639,40.853141,22.426722024540734,8.169232306617058,28.274826981902667,0.16439187580643735,0.1268622742159514,0.77210206251878,0.11689429189644611,5.404747377513583,221,10639,523,696,685,805,681,708,671,728,616,514,692,516,550,346,282,333,384,432,477,0.0,0.0,0.0,0.0,4.079448223114014,0.0,5.2111334800720215,133.989501953125,125.58726501464844,150.55526733398438
1521,-73.892784,40.836156,19.104731015566383,16.814098519794012,22.343377474337647,0.08829138373251015,0.3130120746159958,0.5075780685338597,0.08609227541476319,5.304432723481778,118,4613,210,378,347,347,378,360,302,295,269,209,263,229,205,188,91,96,113,199,134,3.2357776165008545,0.8482428193092346,6.304458365948007e-13,0.0,3.058661937713623,0.0,5.573193550109863,88.71699523925781,82.63050079345703,98.46737670898438
1522,-73.900161,40.813736,22.587736592148282,5.415065360791757,30.31214887445623,0.11140996759588068,0.2930612275094697,0.9756368579286517,0.12573357784386838,5.386468424941554,110,8905,409,683,770,785,747,724,762,587,451,490,539,394,266,245,146,119,173,293,322,9.530271537216972e-13,1.681609869003296,0.0,0.0,0.0,0.0,4.3842058181762695,183.29200744628906,129.9206085205078,220.20458984375
1523,-73.901859,40.83093,25.290353002111907,11.927146849289441,21.298840155009355,0.31854405122644763,0.20464604196984781,0.6249060038647621,0.1046442518047258,7.935479419683322,102,12423,787,828,927,1078,806,917,689,787,864,728,664,533,524,451,267,360,369,422,422,1.710081945840991e-12,1.079952858910882e-12,4.820196501599712e-14,0.0,2.089138984680176,0.0,4.722682952880859,192.91192626953125,190.1969757080078,229.09725952148438
1524,-73.912557,40.807916,24.08574559222692,8.011623908733501,26.980015875279218,0.12420182940603672,0.3471555380985655,0.8071814460315923,0.08268137087767151,5.676575912826363,116,10936,829,1089,949,746,827,664,886,841,757,641,678,396,306,259,228,146,194,274,226,12.954813003540039,1.5067939758300781,6.054293177903958e-11,0.0,1.1715987902061187e-10,0.0,4.599298477172852,153.7454833984375,95.73873138427734,190.59396362304688
1525,-73.88654,40.831493,23.098008418025184,8.231203631472992,29.115204451437997,0.10074652604523077,0.20142019230083827,0.8268467701264541,0.142096544994345,5.8689449245332215,137,6609,407,417,372,455,508,492,470,441,444,317,404,405,275,216,159,211,211,220,185,4.70377195005455e-16,0.0,1.7195775782029993e-13,0.0,0.0,0.0,5.3681769371032715,148.3893585205078,104.97473907470703,186.3356170654297
1526,-73.884192,40.843781,23.2917522302511,9.850214971358021,23.88363166673649,0.22057640481982715,0.10136372944307045,0.5381841866457487,0.14109865448178627,5.0400841165576455,169,12740,889,1260,945,898,880,833,821,941,853,662,590,509,515,345,273,280,330,470,446,5.4737141581684555e-19,0.0,0.0,0.0,0.0,0.0,4.860437393188477,168.60025024414062,135.66043090820312,208.68882751464844
1527,-73.83888,40.891603,16.969609728046493,16.723066841075624,26.79677227743311,0.026938494514016545,0.019585852529488357,0.8848539364883322,0.18412022808798,5.810214023964078,51,478,19,26,19,18,39,31,27,35,28,25,30,34,22,22,17,10,21,33,22,0.0,0.0,0.0,0.0,0.0,0.0,3.1788320541381836,70.90479278564453,53.9390983581543,88.39901733398438
1528,-73.86046,40.8167,13.702704752091881,13.420915031890503,30.666304206390752,0.08758549495852536,0.023840485716895232,0.986042525842607,0.14098302351770928,5.00770106875925,139,1739,120,131,154,158,162,157,112,86,69,84,79,50,46,53,48,53,68,69,40,0.0,0.0,0.0,0.0,0.0,0.0,5.204672336578369,80.66361236572266,84.8952407836914,102.06656646728516
1529,-73.90807,40.844236,27.996466087572514,11.164482771748249,21.23782244595614,0.20005139437588781,0.05516399036754261,0.6718254089355468,0.1119328508473406,7.080227244984021,165,17286,1405,1533,1635,1399,1303,1311,1318,979,1021,843,783,529,489,402,290,339,470,583,654,0.0,2.014291524887085,0.0,0.0,0.0,0.0,5.265708923339844,209.3497772216797,153.35903930664062,251.61851501464844
1530,-73.829562,40.845379,24.42839275870172,11.022618216534338,24.830074633582164,0.11995965702610051,0.20256473519707804,0.8385958195630664,0.13175809899741422,6.365100228404819,177,1384,51,71,93,98,94,97,82,85,79,57,70,54,56,43,38,48,57,118,93,0.0,0.0,0.0,0.0,0.0,0.0,5.514004707336426,92.32183074951172,97.39094543457031,119.6379165649414
1531,-73.818172,40.823237,9.698922961365941,18.91996003443899,30.605040967854023,0.06495145411273233,0.02798940621170343,0.7134914398193359,0.15633776296977123,4.078011419258866,102,808,41,33,62,51,61,48,62,79,44,24,41,35,29,35,14,18,29,45,57,1.8671011731054982e-13,14.09027099609375,2.8080444219868994e-11,0.0,0.0,0.0,5.029725551605225,53.58123779296875,65.23851776123047,51.07621383666992
1532,-73.926415,40.832609,25.99457071887123,18.00756851832072,15.306986040539213,0.21497706572214761,0.24336708916558158,0.6127711799409655,0.10611646705203587,7.710295584466722,96,12352,863,870,1131,1407,1245,1311,753,638,497,534,449,400,368,325,205,251,339,373,393,5.674191202390456e-19,5.015064058477847e-11,0.9028962850570679,0.0,2.1948447227478027,0.0,4.748120307922363,183.9620819091797,132.36817932128906,230.06915283203125
1533,-73.888948,40.822314,24.098454202924454,6.429251262119839,30.473228182111463,0.16354674384707493,0.3307174500964936,0.9049315679640997,0.1123287564232236,6.685816901070732,140,21043,1124,1176,1413,1646,1852,1602,1571,1816,1836,1520,1059,813,509,373,248,268,463,782,972,0.0,2.945072650909424,0.0,0.0,0.0,0.0,5.208176612854004,172.0672607421875,103.93898010253906,221.56991577148438
1534,-73.860928,40.869059,16.999722386265667,10.060773883853948,30.78891135550834,0.11623743418100718,0.08454709439664274,0.866221522425746,0.1552779395301063,5.216144871067357,74,1629,76,91,88,87,83,80,128,102,121,81,110,120,104,101,38,33,44,57,85,0.0,0.0,0.0,0.0,0.0,0.0,3.7036728858947754,107.544921875,79.6025390625,133.3623046875
1535,-73.875375,40.872559,20.78426319098323,13.054111468716988,23.70069551767793,0.15963608363889298,0.09964157200459416,0.6554117742574441,0.1319909245712952,5.9635273315621635,106,3477,178,255,189,209,312,276,184,238,229,176,188,150,180,142,117,104,93,106,151,0.0,0.0,0.0,0.0,0.0,0.0,6.071535110473633,198.81805419921875,157.34475708007812,234.9119873046875
1536,-73.850563,40.878474,22.511979686471573,8.162672790415558,29.294716831528664,0.09014912140675081,0.05146138397328583,0.7117250463464756,0.14093035743350074,6.368798126667847,91,2070,141,158,126,171,175,113,138,85,110,131,106,71,86,68,53,59,86,102,91,0.0,0.0,0.0,0.0,0.0,0.0,3.8822412490844727,113.90323638916016,82.92809295654297,144.82589721679688
1537,-73.881245,40.876819,20.568580443156513,18.966221156711548,19.50701177600117,0.12020289226046697,0.02903869186622509,0.4842351216240972,0.11575271925872459,6.254860206886574,207,2882,125,141,146,307,242,297,216,218,231,180,145,138,86,72,51,68,57,80,82,0.0,0.0,0.0,0.0,0.0,0.0,5.316878318786621,188.13934326171875,127.98507690429688,230.0764617919922
1538,-73.904657,40.903275,10.97726661348182,33.719438816160476,16.102933402013296,0.11316100354949232,0.026315631288470642,0.5216909980131721,0.06636674155289878,4.54247985223327,99,235,8,14,12,17,8,6,10,7,18,12,14,27,10,17,13,8,6,9,19,0.0,0.0,0.0,0.0,0.0,0.0,4.535986423492432,74.33719635009766,54.83020782470703,106.82044982910156
1539,-73.858769,40.849176,18.636525038516883,13.249461217360063,27.32193397753166,0.09586016337076822,0.0690503553910689,0.8212349631569602,0.13880043318777374,6.939661502838135,88,1105,52,69,58,43,57,54,69,80,84,46,59,77,72,35,32,17,55,105,41,1.2443100342414068e-15,0.0,0.0,0.0,6.204819152916393e-16,0.0,4.161921501159668,96.6501235961914,97.66867065429688,96.13809204101562
1540,-73.894682,40.858689,27.296815047392975,4.921618309822885,26.473885040741425,0.19960403442382815,0.20750750292528858,0.7765519368397938,0.12311133536490591,6.504049959841435,222,20343,1607,1939,1919,1875,1433,1521,1420,1211,1121,977,754,673,806,603,370,381,520,531,682,0.0,0.0,0.0,0.0,0.0,0.0,5.17149543762207,232.1185760498047,189.76116943359375,287.7556457519531
1541,-73.897066,40.869061,27.226068909730934,12.499575139252228,18.77916363904076,0.16719094158089076,0.2611601149658797,0.755029989275039,0.09989587639950198,5.88063311982909,137,11647,687,739,1039,863,1081,999,824,783,795,684,459,540,413,354,239,224,248,279,397,0.0,0.0,0.0,0.0,0.0,0.0,5.226263999938965,209.27783203125,206.0557861328125,282.3140869140625
1542,-73.846198,40.895741,17.16925303141276,18.98250015833045,24.285270321753718,0.07549819125924058,0.05106156872164819,0.8019734454411332,0.1387996058310232,6.318514834168135,62,1103,110,101,57,67,67,52,70,59,66,63,50,68,51,24,31,31,44,45,47,0.0,0.0,0.0,0.0,0.0,0.0,3.761812925338745,62.23643112182617,48.70390319824219,76.29609680175781
1543,-73.913523,40.837019,29.22513133189718,8.175905675835947,21.760243796259978,0.28597253267882294,0.06757121268517331,0.6634782572261623,0.1413243715880347,7.42279896970655,122,25993,1817,2373,2246,2107,2875,2521,1783,1597,1418,1067,991,802,731,683,416,529,521,719,797,0.0,0.0,6.969733123973754e-11,0.0,0.0,0.0,5.129265785217285,252.9597625732422,173.6087646484375,346.08941650390625
1544,-73.859254,40.862481,15.97643345594406,13.877878338098528,28.106653690338135,0.15483895937601724,0.024013221263885498,0.8193746209144591,0.1518492897351583,5.203662067651749,128,2021,83,92,125,117,181,89,151,140,118,106,141,167,94,80,75,41,73,67,81,0.0,0.0,0.0,0.0,0.0,0.0,4.851263999938965,98.91112518310547,128.5546417236328,103.05713653564453
1545,-73.907494,40.858286,28.20813157464152,12.571512911952821,18.995612893400896,0.19906954576740157,0.3128897672319143,0.6341823750296554,0.10368056216482391,6.59855368447169,118,17878,1935,1673,1544,1568,1535,1431,1159,946,1053,648,584,821,832,471,260,272,308,404,434,0.0,0.0,4.297120398071455e-32,0.0,0.0,0.0,4.93383264541626,222.6763916015625,172.79165649414062,278.0439758300781
1546,-73.877274,40.822522,17.47918710476015,13.302852080120301,27.64415062539946,0.11279272839305847,0.09043507459687024,0.7774810480877637,0.10234863777470782,5.655151460228898,164,6158,557,675,489,407,619,557,556,272,277,189,221,227,196,118,141,137,136,203,181,0.0,0.04897574335336685,0.0,0.0,0.0,0.0,5.4252610206604,162.67604064941406,102.7068862915039,213.96112060546875
1547,-73.875268,40.880661,24.897382609049476,15.606834920247397,19.555854797363278,0.20947189331054689,0.09334869384765625,0.5780843098958334,0.10545756022135418,6.81780242919922,125,3574,226,187,182,266,283,236,194,243,227,195,218,194,202,186,98,111,86,121,119,0.0,0.0,0.0,0.0,0.0,0.0,5.2007551193237305,238.352783203125,201.7932586669922,274.27166748046875
1548,-73.891664,40.883049,16.304135404501583,26.873582007549064,17.030111293202822,0.11301532234113242,0.011888484364932346,0.9975797122286767,0.144291907241664,5.5704447821653185,97,544,27,47,35,50,35,53,23,33,21,28,24,16,16,21,9,20,20,22,44,0.0,0.0,0.0,0.0,0.0,0.0,5.343804359436035,181.119140625,181.136962890625,186.85308837890625
1549,-73.868986,40.86073,20.884774376948673,21.09799633423487,19.082451860109966,0.11893883347511292,0.1657739281654358,0.5798930923144022,0.09106248617172241,5.512932439645131,128,2630,111,132,121,149,172,124,168,207,119,119,168,161,138,151,97,54,140,143,156,0.0,0.0,0.0,0.0,0.0,0.0,4.927236080169678,169.87191772460938,133.00450134277344,201.434814453125
1550,-73.846768,40.863524,14.852848658486014,17.402595641121035,27.012675754607663,0.07930695064484126,0.06971813383556548,0.9609543331085689,0.11910362849159846,5.600832076299758,105,392,11,22,24,25,16,35,16,19,16,15,18,13,28,35,10,22,23,21,23,0.0,0.0,0.0,0.0,0.0,0.0,5.083065509796143,56.55172348022461,43.96294021606445,69.0347900390625
1551,-73.86276,40.822552,13.17419997298569,14.891352628004098,28.790294422822836,0.1278601865717434,0.05581289689171123,0.659495878984584,0.12083733570554464,4.42908451943899,187,5516,412,400,500,455,450,506,354,295,273,216,228,251,188,174,104,101,161,202,246,0.0,7.547448451807048e-13,0.0,0.0,0.0,0.0,5.190328121185303,129.47335815429688,101.85291290283203,167.25665283203125
1552,-73.829211,40.82708,10.613008645864632,18.758834936679936,29.93911205193935,0.052942129281850964,0.024249737079326924,0.935503641764323,0.13251084547776443,3.5534178904997997,65,230,13,10,12,7,8,8,4,5,8,13,20,17,17,8,15,7,8,29,21,1.401298464324817e-45,3.1211137771606445,2.1085367826745305e-11,0.0,0.0,0.0,4.666281700134277,49.80027770996094,59.60895919799805,56.95530700683594
1553,-73.86194,40.892198,21.665510177612305,19.813706080118813,19.960035959879562,0.07797495524088542,0.1897767384847005,0.7199474970499673,0.11450703938802084,5.1775312423706055,100,3285,181,249,253,268,242,172,178,157,181,161,147,139,172,164,123,95,85,141,177,0.0,0.0,0.0,0.0,0.0,0.0,4.884210586547852,157.29225158691406,153.99156188964844,200.7754364013672
1554,-73.866264,40.853075,30.49445643569485,13.620525995890299,17.901136513912313,0.13151111024798767,0.734769647771662,0.5835735436641811,0.12542840206261838,7.557758273500384,110,3834,205,247,221,220,246,246,254,267,264,234,229,231,254,162,88,79,113,111,163,0.0,0.0,0.0,0.0,0.0,0.0,4.6965813636779785,185.42730712890625,142.38919067382812,243.15769958496094
1555,-73.854823,40.836974,22.7752988988703,16.312802279437026,20.04444864061143,0.15219630617083926,0.2979259298305319,0.7243540150549274,0.11511105880994188,7.0592072676327895,198,3044,212,243,273,192,204,236,179,152,184,139,124,141,114,110,77,89,111,120,144,10.542195320129395,9.597802090866026e-07,0.36019498109817505,0.0,1.1033486127853394,0.0,5.185149669647217,162.49179077148438,142.0380096435547,197.08889770507812
1556,-73.868735,40.819221,14.03256747276271,21.449460286528005,23.235544222130624,0.08562732504927403,0.007777018089816995,0.6145054891229221,0.10731056944964684,5.469195483482046,146,3663,403,288,292,266,280,286,264,223,184,153,193,189,112,96,94,73,67,89,111,0.0,0.0,0.0,0.0,0.0,0.0,5.553507328033447,94.81153106689453,72.23097229003906,137.91006469726562
1557,-73.8532,40.8547,13.606790898821314,23.892026364662403,21.814761601441294,0.10106332476821069,0.027479347607768174,0.7687275573153306,0.1296180923497987,6.748769187476337,141,766,30,22,33,19,42,30,48,81,71,45,42,41,65,46,35,30,31,29,26,0.0,0.0,0.0,0.0,0.0,0.0,4.95897102355957,55.69557189941406,49.94501876831055,61.93088150024414
1558,-73.918991,40.851661,22.739058469249073,14.629888675205828,21.760285357810055,0.08913253964224395,0.13584710855399612,0.674596578322329,0.1239303993967782,5.8002623836551095,113,8530,766,739,759,849,744,584,432,367,370,276,349,315,379,305,220,239,245,294,298,1.3802925816208678e-11,0.09407438337802887,0.0,0.0,0.0,0.0,5.439024448394775,189.08596801757812,138.8710174560547,249.70989990234375
1559,-73.900654,40.83447,19.623686669716854,17.952782239100728,20.85594305388379,0.20022651021794755,0.17059138886996325,0.5273200436771995,0.09131074259755532,6.432436171736213,129,11436,812,776,762,969,895,819,606,694,849,734,653,499,440,364,214,284,246,416,404,0.0,9.95860295269213e-14,6.616661970930415e-13,0.0,0.0,0.0,5.028975963592529,157.89166259765625,173.06085205078125,178.16551208496094
1560,-73.839288,40.884371,11.293014332100197,19.545259299101648,26.896588007609047,0.10655279512758607,0.0169674555460612,0.6450118841948334,0.1622301560861093,3.9682079244543,72,1303,101,82,117,103,120,73,43,78,58,64,49,83,61,43,27,38,52,50,61,0.0,0.0,0.0,0.0,0.0,0.0,4.361000061035156,71.49949645996094,110.78981018066406,65.21407318115234
1561,-73.843977,40.88494,12.701639801106126,21.754560268745234,23.85017985389346,0.06838904486762153,0.008362058609250992,0.45150348118373324,0.07004990148796607,4.446857694595578,126,3638,343,296,460,311,278,283,243,141,202,233,119,127,123,80,48,73,94,81,103,0.0,0.0,0.0,0.0,0.0,0.0,4.910933971405029,100.44326782226562,116.94546508789062,123.13226318359375
1562,-73.923297,40.834979,27.434749145049594,11.338099917849975,19.608320631422437,0.2874448850706175,0.2424749884161505,0.7083053703422661,0.119843926873651,7.109979681066563,111,17928,1396,1341,1539,1771,1575,1580,1168,1099,893,836,661,606,631,544,393,406,422,467,600,7.288364356483612e-11,1.7389990836225167e-10,1.9638058659023376e-15,0.0,1.8011983506267815e-13,0.0,4.84782600402832,236.75424194335938,158.4454803466797,307.80181884765625
1563,-73.909022,40.848552,32.03254421552022,5.655627846717835,21.947008768717446,0.16925315062204996,0.15922307968139648,0.6686367591222129,0.12164433797200522,6.21135969956716,160,26202,2050,2188,2421,2506,1814,1660,1797,1473,1516,1335,1127,930,861,716,431,450,694,989,1244,0.0,0.00046829230268485844,0.6361573338508606,0.0,0.0,0.0,5.014758110046387,251.658203125,186.47767639160156,312.8023376464844
1564,-73.892482,40.848702,23.01815685043988,7.260554060976729,27.34413554525783,0.24212535629924548,0.1028416299412393,0.7838594811594385,0.11704208504440435,5.94889127291166,195,12198,479,704,818,1077,1017,899,1078,1001,783,734,644,526,469,349,228,255,317,421,399,0.0,0.0,0.0,0.0,2.588374614715576,0.0,5.333169937133789,165.6395721435547,151.40524291992188,182.30535888671875
1565,-73.857392,40.828474,16.949275521671062,12.864984811521046,28.51810006534352,0.0983574811150046,0.05278157252891391,0.7977496876436121,0.13541576909083944,5.7696783776376765,170,5054,317,395,390,447,509,457,354,290,265,154,141,186,161,122,119,120,191,255,181,0.0,13.232952117919922,0.0,0.0,0.0,0.0,5.355620384216309,112.80095672607422,88.17183685302734,152.40155029296875
1566,-73.85051,40.866474,15.265733628045943,19.529451642717635,25.102304276965913,0.15964144752139134,0.06744112287248884,1.0159347170875186,0.0954814184279669,6.376718793596541,70,533,22,27,26,36,35,37,28,24,26,43,32,18,33,21,11,20,21,32,41,0.0,0.0,0.0,0.0,0.0,0.0,5.035959720611572,67.15310668945312,52.78281784057617,98.74992370605469
1567,-73.874162,40.824989,18.731974251249916,13.044015933305786,28.292281321990185,0.13131818200787926,0.08475670447716346,0.8667704590365419,0.11956646911099426,5.669892628987632,195,7352,726,746,516,476,630,776,768,381,346,243,275,242,215,151,143,137,156,235,190,0.0,7.932056704171297e-13,0.0,0.0,0.0,0.0,5.484100818634033,167.8572235107422,99.29735565185547,235.90621948242188
1568,-73.890145,40.843705,24.595695654551193,7.725924015045169,25.738763650258388,0.17868518829345703,0.11094125111897787,0.7840307553609211,0.12261041005452475,5.173791090647379,200,13970,824,1500,1202,1366,1098,905,1052,1018,859,749,587,469,367,360,223,240,322,439,390,0.0,0.2074606567621231,0.0,0.0,0.0,0.0,5.610628604888916,158.02182006835938,141.96096801757812,175.22727966308594
1569,-73.9282,40.835866,25.856810730773134,14.610420573841441,20.11038049474939,0.14624822707403273,0.11425266018161526,0.632762083243498,0.10776354636980857,7.139319052427878,77,12654,995,1106,1105,1234,1059,1186,896,766,541,580,435,387,386,325,218,280,374,369,412,0.0,0.0,7.480686622211707e-33,0.0,1.2438888549804688,0.0,4.440147399902344,186.61146545410156,121.11077880859375,240.73129272460938
1570,-73.853203,40.838759,22.066424329812424,16.026830567955713,20.77855937528294,0.13296241002367032,0.15714994855800737,0.8012784237893212,0.1208143255305343,6.750789751806533,151,2377,180,198,207,154,188,227,160,118,136,114,96,82,98,91,56,56,52,70,94,28.683162689208984,0.0,3.802009344100952,0.0,2.0399649143218994,0.0,4.89976692199707,147.96153259277344,138.3387908935547,174.6534423828125
1571,-73.900654,40.83447,19.623686669716854,17.952782239100728,20.85594305388379,0.20022651021794755,0.17059138886996325,0.5273200436771995,0.09131074259755532,6.432436171736213,129,11436,812,776,762,969,895,819,606,694,849,734,653,499,440,364,214,284,246,416,404,0.0,9.95860295269213e-14,6.616661970930415e-13,0.0,0.0,0.0,5.028975963592529,157.89166259765625,173.06085205078125,178.16551208496094
1572,-73.886721,40.846128,21.852776513027784,8.581280987865762,25.80872859986783,0.29583887838239054,0.11086487889888898,0.67086355570373,0.13939715310357123,5.007591598996365,199,12813,801,1199,1048,1089,892,763,867,844,808,679,604,496,448,328,262,315,358,522,490,9.623417281545699e-05,0.0,0.5429801344871521,0.0,4.783506867148742e-16,0.0,5.233367443084717,160.7598419189453,146.74037170410156,180.9970245361328
1573,-73.901709,40.817742,27.43390244221,10.151291286013254,21.804132971743986,0.1694624316054607,0.38098347039870273,0.9402357501748169,0.1309163285871592,5.254439365716629,81,16553,882,1290,1257,1484,1491,1374,1190,1244,1009,1118,1018,715,491,388,211,193,270,429,499,7.775036040338912e-13,1.9478647708892822,0.0,0.0,0.0,0.0,3.5938143730163574,174.6466064453125,152.23110961914062,207.3713836669922
1574,-73.859998,40.822925,14.64938582206259,12.006033034551708,30.474825456839845,0.15049937630997223,0.02532686505998884,0.7757243655976794,0.1421331548366417,4.450238318670364,196,6050,432,423,543,496,433,444,321,295,288,191,218,271,190,169,98,128,323,453,334,0.0,1.4572996672249094e-12,0.0,0.0,0.0,0.0,5.172984600067139,148.22618103027344,120.06600189208984,182.52528381347656
1575,-73.907133,40.832175,24.50183633118477,10.842244956749946,22.89819016544212,0.25272219199833906,0.19134211102182783,0.6693459558361785,0.10856343066598488,7.519312981232571,127,17191,1083,1307,1182,1419,1328,1338,1131,1025,970,1068,951,887,591,439,306,313,450,573,830,0.0,1.8517552942409754e-12,3.866734406623995e-13,0.0,0.0,0.0,4.908244609832764,226.4886474609375,171.63714599609375,288.73748779296875
1576,-73.897943,40.841758,18.28012212117513,15.10090026855469,27.380150858561198,0.13005752563476564,0.09048665364583333,0.7851674397786457,0.12632675170898436,5.57636489868164,125,20970,816,1100,1023,1091,1064,983,912,1275,1467,1368,1242,1329,1197,1147,976,821,937,1118,1104,0.0,0.04652059078216553,0.0,0.0,0.0,0.0,5.2937703132629395,150.2460479736328,109.33734130859375,139.86962890625
1577,-73.894241,40.831613,22.45594572137903,8.59766161000287,27.0829525258806,0.1474760196827076,0.13344287872314453,0.6301239684776023,0.10555916362338597,4.282808745348896,144,10127,579,709,900,1017,717,660,724,646,678,531,471,354,394,309,178,301,233,357,369,1.9410158395767212,0.0,2.1758369574392117e-13,0.0,1.2662910650607095e-11,0.0,5.072146892547607,122.3065414428711,92.64346313476562,152.5282745361328
1578,-73.853157,40.822288,16.496699895614235,12.504634768257054,29.222963684366572,0.09617483143484121,0.029743968190013112,0.6804724117536922,0.19937995430472846,5.015772706145174,143,1927,96,123,148,142,122,132,123,108,91,82,55,75,39,47,56,62,127,186,113,0.0,1.1647236347198486,0.0,0.0,2.2521557535570835e-11,0.0,5.344708442687988,102.23562622070312,113.27764892578125,122.3403091430664
1579,-73.907489,40.823318,22.126612827695656,11.480033918358815,24.31392143512594,0.1739050328046426,0.03754188274515086,0.6095798536278737,0.11502057656474496,5.951949152453192,145,28639,1499,1217,1464,1754,1733,1870,1614,1605,1722,1564,1720,1631,1421,1376,1088,1209,1336,1407,1409,0.0,2.122182637953607e-12,0.0,0.0,2.0360312461853027,0.0,4.613333225250244,198.4239959716797,150.53965759277344,240.5467529296875
1580,-73.914141,40.887407,18.10358159336043,26.839734889842845,16.69362121158176,0.059031262809847614,0.009314219156901041,0.4921212608431592,0.0897648893756631,4.63682692727925,108,296,12,28,18,17,12,21,31,12,21,25,20,11,18,5,6,13,10,12,4,0.0,0.0,0.0,0.0,0.0,0.0,5.012345790863037,108.96046447753906,132.031005859375,154.3897705078125
1581,-73.836525,40.863842,12.474519712430938,13.15927419576559,33.02881051828195,0.1198863123988246,0.050314052684887034,0.8954011642181122,0.1261698233114706,4.956963685181765,148,1365,98,58,72,87,118,131,69,115,116,85,103,75,36,47,32,23,32,34,34,0.0,0.0,0.0,0.0,0.0,0.0,5.177698612213135,51.72126388549805,80.8751449584961,53.68886184692383
1582,-73.905734,40.824717,22.82571089072306,12.756756485485642,21.96721848242921,0.17529524089208715,0.045626280737704916,0.5661849767132534,0.09929886281164617,5.972697565464374,122,13664,829,655,830,1071,1076,1139,985,863,848,762,890,782,496,455,325,341,342,450,525,0.0,2.3271664543328408e-12,0.0,0.0,2.0406494140625,0.0,4.721009731292725,210.02516174316406,174.4536590576172,242.7661895751953
1583,-73.894349,40.82471,28.27407956699242,9.334862289797282,22.34627221517517,0.13870478828172175,0.10133457644550121,0.9295583347191556,0.13524161444769964,7.052060832148013,69,19555,856,1109,1248,1441,1569,1356,1479,1574,1535,1168,1186,918,661,534,423,397,539,695,867,3.89001808195899e-12,0.7714514136314392,0.0,0.0,0.0,0.0,4.395331859588623,139.88958740234375,139.39112854003906,147.3855438232422
1584,-73.880479,40.823941,21.711126488832694,8.57223728996011,29.07978907153381,0.1768266383688248,0.11317836704538829,0.9052912394205728,0.11503945535688258,6.273867716243611,134,8200,687,932,664,600,852,714,647,415,408,290,320,298,231,175,151,156,181,217,262,0.0,0.4163825213909149,0.0,0.0,0.0,0.0,5.420812129974365,156.20330810546875,91.61766052246094,205.34645080566406
1585,-73.831669,40.874035,14.599036636138829,19.655101573099945,24.482064821473017,0.08402057722503065,0.009591238839285714,0.5216948458460532,0.12138484238910408,4.5428796976554295,119,778,94,74,53,56,42,51,50,37,27,46,41,40,23,29,18,16,20,30,31,0.0,0.0,0.0,0.0,0.0,0.0,5.938348293304443,271.78338623046875,266.9071960449219,392.6561279296875
1586,-73.925459,40.808194,21.78191827013601,9.238669451545265,27.59792383979349,0.24385514602162484,0.11023259630390242,0.8776890686134888,0.1151893653121649,5.945238256766127,204,38813,1734,2069,2099,2136,1978,1728,1926,2273,2587,2633,2438,2170,1853,1998,1389,1447,2113,2168,2074,24.035478591918945,3.5615556240081787,2.6408839225769043,0.0,21.980182647705078,0.0,5.107760906219482,170.77896118164062,141.09507751464844,198.5342254638672
1587,-73.908965,40.819419,26.66883786519369,11.807345284356009,21.88996809500235,0.18234535499855326,0.34776263766818577,0.7252057393391929,0.11587107623064961,5.230597036856192,90,25563,1316,1199,1354,1364,1349,1618,1465,1507,1661,1485,1657,1363,1176,1151,931,1020,1241,1355,1351,0.0,1.7340257918788127e-12,0.0,0.0,5.617434329868133e-23,0.0,3.9365768432617188,161.80718994140625,142.9798583984375,195.72222900390625
1588,-73.893136,40.85568,25.744991650864417,6.9558522472642865,26.855540747330434,0.1711841043271975,0.11732923022869696,0.7526449961205051,0.11950018199067138,5.9560576893241794,219,13070,823,1052,1021,1087,825,877,844,811,833,663,717,496,584,381,300,356,421,454,525,0.0,0.0,0.0,0.0,0.49964019656181335,0.0,5.2310075759887695,183.7635955810547,160.73434448242188,221.86996459960938
1589,-73.823816,40.864073,16.64277785224333,15.875097661236536,27.804634410052,0.14496701475322119,0.009609463427840755,0.5958752434757542,0.1468822587289582,3.639774904271877,153,621,50,44,46,17,41,61,35,42,74,28,28,30,19,20,17,18,13,24,14,0.0,0.0,0.0,0.0,0.0,0.0,6.856783866882324,212.98342895507812,142.123779296875,294.9911193847656
1590,-73.905233,40.814168,28.4019187644676,9.28931491365158,21.134505644747264,0.19760367311077354,0.25288852644555365,0.732901459368168,0.11776229481638213,5.994480038866585,81,19130,1211,1361,1603,1685,1424,1421,1290,1197,1224,1083,1292,759,577,526,386,359,373,635,724,0.0,1.4285968542099,0.0,0.0,0.0,0.0,3.597029685974121,194.63462829589844,149.03163146972656,235.6632537841797
1591,-73.899005,40.8517,25.676659251866717,6.902266441659535,25.335326712676203,0.16796526390961491,0.10890210612436359,0.9110252508956391,0.15104379546776248,6.371084134676931,178,30047,1597,1789,1715,1562,1340,1457,1478,1769,1874,1640,1584,1559,1548,1427,1137,1151,1691,1782,1947,0.0,0.0,0.0,0.0,0.0,0.0,5.1978020668029785,177.86082458496094,124.8619155883789,234.25045776367188
1592,-73.858773,40.818442,12.289891609778767,14.160512043879582,30.867351874327046,0.12161499414688504,0.01090709979717548,0.8270261226556241,0.14870154551970657,4.695485677474584,130,2186,148,165,231,218,210,154,126,122,118,87,71,71,63,65,56,58,70,79,74,0.0,0.0,0.0,0.0,0.0,0.0,5.101319313049316,88.98445892333984,97.82283020019531,110.41633605957031
1593,-73.878731,40.869482,16.21091951403701,23.10651666239688,20.936942518803114,0.1220611103794031,0.06315248054370545,0.6484255456087883,0.08076554850528116,5.178530592667428,152,25265,1181,1256,1262,1382,1240,1262,1253,1557,1619,1556,1575,1537,1489,1277,1004,966,1279,1182,1388,0.0,0.0,0.0,0.0,0.0,0.0,5.625,183.5517578125,150.5275421142578,214.79266357421875
1594,-73.839386,40.881344,16.6584119404832,14.288891831489458,29.42998964492589,0.1545744943836508,0.0266323350880244,0.6495976556926014,0.1424650079039134,5.652982459220713,73,1425,84,81,111,107,127,75,48,81,83,61,60,103,84,54,36,46,56,68,60,0.0,0.0,0.0,0.0,0.0,0.0,3.517760992050171,65.36642456054688,94.46763610839844,73.99463653564453
1595,-73.913253,40.844367,31.021507423181937,9.075061638097361,20.020357767740883,0.21957730089065516,0.16121390639551428,0.7857164799772351,0.1254953295979279,6.762871731722328,151,17908,1401,1520,1644,1593,1342,1369,1273,1061,1018,675,805,568,544,469,384,397,494,643,708,0.0,8.940606117248535,3.1573875458601464e-12,0.0,0.0,0.0,5.103734493255615,217.73348999023438,133.45574951171875,295.0362854003906
1596,-73.78354,40.844353,17.9792210675668,24.916681344958317,24.119961780050527,0.07632435231968977,0.010880180027173914,1.4393944671188574,0.2025604248046875,4.716632677161176,46,135,20,11,10,8,1,8,11,8,3,7,5,7,2,7,5,2,7,5,8,0.0,0.0,0.0,0.0,0.0,0.0,3.8518519401550293,28.544418334960938,31.612350463867188,37.179195404052734
1597,-73.831669,40.874035,14.599036636138829,19.655101573099945,24.482064821473017,0.08402057722503065,0.009591238839285714,0.5216948458460532,0.12138484238910408,4.5428796976554295,119,778,94,74,53,56,42,51,50,37,27,46,41,40,23,29,18,16,20,30,31,0.0,0.0,0.0,0.0,0.0,0.0,5.938348293304443,271.78338623046875,266.9071960449219,392.6561279296875
1598,-73.901859,40.83093,25.290353002111907,11.927146849289441,21.298840155009355,0.31854405122644763,0.20464604196984781,0.6249060038647621,0.1046442518047258,7.935479419683322,102,12423,787,828,927,1078,806,917,689,787,864,728,664,533,524,451,267,360,369,422,422,1.710081945840991e-12,1.079952858910882e-12,4.820196501599712e-14,0.0,2.089138984680176,0.0,4.722682952880859,192.91192626953125,190.1969757080078,229.09725952148438
1599,-73.831669,40.874035,14.599036636138829,19.655101573099945,24.482064821473017,0.08402057722503065,0.009591238839285714,0.5216948458460532,0.12138484238910408,4.5428796976554295,119,778,94,74,53,56,42,51,50,37,27,46,41,40,23,29,18,16,20,30,31,0.0,0.0,0.0,0.0,0.0,0.0,5.938348293304443,271.78338623046875,266.9071960449219,392.6561279296875
1600,-73.919773,40.80908,26.43725543186583,10.23905112825591,21.681487149205704,0.3061280853446872,0.11905308427481816,0.7503852076914119,0.11339132813201554,7.071926950038165,116,22458,1769,1844,1664,1453,1536,1634,1653,1458,1772,1271,1225,999,730,608,465,436,637,688,616,13.587592124938965,1.6347541376138253e-10,3.2841076850891113,0.0,12.22455883026123,0.0,4.123574256896973,203.56227111816406,178.84873962402344,231.2560577392578
1601,-73.831669,40.874035,14.599036636138829,19.655101573099945,24.482064821473017,0.08402057722503065,0.009591238839285714,0.5216948458460532,0.12138484238910408,4.5428796976554295,119,778,94,74,53,56,42,51,50,37,27,46,41,40,23,29,18,16,20,30,31,0.0,0.0,0.0,0.0,0.0,0.0,5.938348293304443,271.78338623046875,266.9071960449219,392.6561279296875
1602,-73.831669,40.874035,14.599036636138829,19.655101573099945,24.482064821473017,0.08402057722503065,0.009591238839285714,0.5216948458460532,0.12138484238910408,4.5428796976554295,119,778,94,74,53,56,42,51,50,37,27,46,41,40,23,29,18,16,20,30,31,0.0,0.0,0.0,0.0,0.0,0.0,5.938348293304443,271.78338623046875,266.9071960449219,392.6561279296875
1603,-73.856976,40.818925,12.973000568413878,15.478581002673259,28.468535681190733,0.13226323157736342,0.009594323500147406,0.6272510912433361,0.13479196800375884,5.619939168294271,106,2154,144,154,232,199,188,152,142,117,124,104,71,78,61,64,51,53,63,89,68,0.0,0.0,0.0,0.0,0.0,0.0,5.173312187194824,106.9552230834961,125.366455078125,131.29811096191406
1604,-73.897394,40.823228,28.162383363957996,8.814149153859994,23.183393645704836,0.21534467998303866,0.1127892209772478,1.0263583534642269,0.12738880358244242,6.588748798035739,95,18115,868,1171,1326,1362,1418,1393,1324,1438,1389,1172,1129,821,524,449,302,353,346,611,719,9.67081341222975e-13,7.846532668401296e-13,0.0,0.0,9.558434159933137e-32,0.0,4.058962345123291,160.64566040039062,147.42263793945312,173.26133728027344
1605,-73.897797,40.831388,23.37326110134449,10.230836845082383,24.553038836105603,0.19903345409681034,0.12592167169798318,0.616027897001763,0.11462840430637924,4.843925327570188,137,11183,747,959,1051,1109,691,743,652,591,689,542,559,413,435,383,236,366,267,363,387,0.22350867092609406,0.0,1.0854282018546782e-13,0.0,2.038491725921631,0.0,5.0192060470581055,155.41238403320312,133.87046813964844,190.4811553955078
1606,-73.883877,40.850168,22.68134350757522,14.722980744388682,21.779038915672455,0.23985866561950928,0.056359471087474904,0.656896231164894,0.11378349549320328,4.7821079392031,166,7183,360,540,481,464,632,508,481,409,584,408,419,316,322,223,163,193,190,250,240,3.23675537109375,0.0,0.5424063801765442,0.0,5.105483055114746,0.0,5.36868143081665,201.81930541992188,133.89805603027344,258.22381591796875
1607,-73.830616,40.882778,13.32514762878417,14.899819237845284,30.577571959722615,0.10481743585495723,0.09342738560267858,0.929047947838193,0.14281386420840306,4.701071012587774,140,2829,208,285,201,211,228,216,188,236,213,110,130,134,108,95,45,56,55,55,55,0.0,0.0,0.0,0.0,0.0,0.0,4.6711812019348145,73.323486328125,64.88545227050781,70.87825012207031
1608,-73.892784,40.836156,19.104731015566383,16.814098519794012,22.343377474337647,0.08829138373251015,0.3130120746159958,0.5075780685338597,0.08609227541476319,5.304432723481778,118,4613,210,378,347,347,378,360,302,295,269,209,263,229,205,188,91,96,113,199,134,3.2357776165008545,0.8482428193092346,6.304458365948007e-13,0.0,3.058661937713623,0.0,5.573193550109863,88.71699523925781,82.63050079345703,98.46737670898438
1609,-73.846594,40.83541,23.789303927194513,8.042422362736293,28.091568038577122,0.11726163682483493,0.21882028806777226,0.992371638615926,0.1624816939944313,6.049284764698574,112,1492,82,114,122,141,137,111,100,72,71,66,54,52,72,35,33,44,52,72,62,20.481569290161133,0.0,3.79024600982666,0.0,2.0415756702423096,0.0,4.735000133514404,102.85892486572266,126.35446166992188,121.15076446533203
1610,-73.877305,40.830811,26.822700317529183,11.194097395423503,21.828028452482155,0.1741187463847281,0.31669122709644787,0.5834849332448104,0.09769604360456946,8.456316611749664,139,14372,1193,1432,973,1086,1018,1485,1663,874,979,709,428,388,353,284,188,238,285,396,400,0.0,1.6173531697943888e-14,2.1614820529128678e-14,2.5269689614207546e-27,0.0,0.0,5.2783918380737305,190.08444213867188,164.57130432128906,221.1962890625
1611,-73.877305,40.830811,26.822700317529183,11.194097395423503,21.828028452482155,0.1741187463847281,0.31669122709644787,0.5834849332448104,0.09769604360456946,8.456316611749664,139,14372,1193,1432,973,1086,1018,1485,1663,874,979,709,428,388,353,284,188,238,285,396,400,0.0,1.6173531697943888e-14,2.1614820529128678e-14,2.5269689614207546e-27,0.0,0.0,5.2783918380737305,190.08444213867188,164.57130432128906,221.1962890625
1612,-73.920826,40.843453,25.064879024730008,9.139653000177123,25.673728643679148,0.12096105837354476,0.15838062061982996,0.7409686668246398,0.1238299351112515,5.223559959262024,170,8536,708,676,806,760,719,593,535,417,557,428,300,257,285,260,192,234,227,298,284,9.249878640815723e-11,3.541053295135498,1.0583509755698709e-32,0.0,0.0,0.0,4.950708866119385,173.0913848876953,119.39019012451172,219.6548309326172
1613,-73.898265,40.823124,27.060209910074875,9.438446446468959,23.44610147308884,0.20819714194849914,0.07343760707922149,1.0016645464980813,0.1286550153765762,6.380261538321512,95,14416,774,991,1197,1112,1059,1265,1056,1019,929,720,772,594,500,437,277,333,305,491,585,9.962639437380294e-13,7.477955971460504e-13,0.0,0.0,1.7674448798530266e-18,0.0,3.9903690814971924,159.79954528808594,143.97511291503906,173.7167510986328
1614,-73.902892,40.821723,25.257861761399266,12.39695843355155,21.227686493485063,0.14112996466365862,0.25703023981165,0.6277552357426396,0.11322380583963276,5.869278201350459,108,17541,962,1071,1236,1425,1502,1349,1191,1265,1167,1167,1202,946,578,518,269,299,321,475,598,4.4865876964138296e-13,2.115206447494966e-12,0.0,0.0,2.041266679763794,0.0,4.080063819885254,155.863525390625,134.99700927734375,182.36073303222656
1615,-73.915217,40.849416,28.508574364521248,9.644330408155302,19.78892919533851,0.13188168764933686,0.05180712827702159,0.5991886571510551,0.11370485181251343,6.4174681594691325,97,13652,1375,1312,1308,1429,978,927,832,755,617,562,490,420,470,360,334,282,293,381,527,4.905553827733167e-12,2.5852739810943604,0.2969079613685608,0.0,0.0,0.0,4.456638336181641,185.34371948242188,131.9347686767578,258.21002197265625
1616,-73.881753,40.855759,20.17844591104208,15.865321725721106,23.042882904695823,0.14443488870087257,0.14983392766609044,0.5352975764950575,0.1314313018915754,4.909880042532852,174,6956,323,426,466,526,592,502,460,482,561,427,378,379,264,210,129,145,179,233,274,0.0,0.0,0.0,0.0,0.0,0.0,5.093310832977295,202.6765899658203,176.33721923828125,247.98992919921875
1617,-73.906285,40.859534,31.662928507878224,9.493591112968248,17.72736109220065,0.18721042535243893,0.35289862217047274,0.6382915301200671,0.10392066759940907,7.400249823545798,130,21495,2023,1939,1780,1787,2366,1670,1393,1212,1343,815,649,954,978,558,331,302,328,466,601,0.0,0.0,0.0,0.0,0.0,0.0,4.9539475440979,238.74423217773438,174.19093322753906,302.7475891113281
1618,-73.906197,40.878327,29.1114169419414,10.16090720590919,20.586221675680143,0.17617851796776357,0.29807004061612213,0.7671406293156171,0.11870644309303982,6.016102607804116,165,6537,387,508,521,607,410,512,316,304,359,282,377,243,192,247,207,200,257,290,318,0.0,0.0,0.0,0.0,0.0,0.0,5.12984037399292,169.64859008789062,137.84754943847656,195.14537048339844
1619,-73.902892,40.821723,25.257861761399266,12.39695843355155,21.227686493485063,0.14112996466365862,0.25703023981165,0.6277552357426396,0.11322380583963276,5.869278201350459,108,17541,962,1071,1236,1425,1502,1349,1191,1265,1167,1167,1202,946,578,518,269,299,321,475,598,4.4865876964138296e-13,2.115206447494966e-12,0.0,0.0,2.041266679763794,0.0,4.080063819885254,155.863525390625,134.99700927734375,182.36073303222656
1620,-73.897635,40.856834,30.814322550671022,5.157584067585187,22.899565621027865,0.17512605724301075,0.18181136465997713,0.6883648127264866,0.09053733193264647,6.607379105986739,189,25354,2379,2909,2828,2309,1974,1728,1548,1244,1317,882,860,865,825,710,543,480,422,662,869,0.0,0.0,0.0,0.0,0.0,0.0,5.18989896774292,265.9791259765625,219.78958129882812,330.70538330078125
1621,-73.890145,40.843705,24.595695654551193,7.725924015045169,25.738763650258388,0.17868518829345703,0.11094125111897787,0.7840307553609211,0.12261041005452475,5.173791090647379,200,13970,824,1500,1202,1366,1098,905,1052,1018,859,749,587,469,367,360,223,240,322,439,390,0.0,0.2074606567621231,0.0,0.0,0.0,0.0,5.610628604888916,158.02182006835938,141.96096801757812,175.22727966308594
1622,-73.912686,40.877379,23.69633639300311,18.676219516330292,19.34816124998493,0.14286465115017358,0.08530322416329089,0.8349406866379726,0.14853889559522088,5.295876397026911,135,2594,174,119,221,223,168,177,177,153,166,168,158,90,75,81,71,67,81,119,106,0.0,0.0,0.0,0.0,0.0,0.0,5.228639125823975,130.68067932128906,146.9772186279297,165.11422729492188
1623,-73.879931,40.839297,24.511034387937734,8.304700717120106,28.806771023172733,0.1964981007464055,0.22435994215414556,0.9611852851831857,0.14437957548759353,5.951299353944303,142,9916,733,1039,1002,763,911,730,639,747,510,550,496,359,338,266,115,110,138,201,269,5.909396236236653e-13,3.0035667419433594,6.092566535097991e-15,0.0,0.0,0.0,5.019933700561523,123.52064514160156,90.87828063964844,160.99838256835938
1624,-73.903951,40.833493,23.64798156643211,13.380326066061711,21.09114804371867,0.26978792802567053,0.2157413328176718,0.6329007609239621,0.09047398314669126,7.617587092509525,107,14809,1014,961,964,1266,1151,1041,830,941,988,1005,895,760,540,435,246,302,374,489,607,0.0,1.8021006778848325e-12,6.056294246485627e-13,0.0,0.0,0.0,4.690317630767822,232.34967041015625,212.40774536132812,278.868408203125
1625,-73.894368,40.822056,27.4527296041831,8.979897927015255,23.863381911546753,0.21945910576062325,0.15722238100492036,1.1198077446375136,0.11796553929646811,7.843230320857122,104,27687,1335,1494,1781,2019,2151,2210,2080,2178,2275,1872,1439,1120,870,692,539,506,704,1055,1367,3.747687381781828e-13,0.662076473236084,0.0,0.0,0.0,0.0,4.314724445343018,167.6480255126953,147.81448364257812,183.1438446044922
1626,-73.919571,40.835681,30.35222829874951,6.7798495562979415,21.201176113552517,0.2798798403231736,0.15417042773326778,0.6493453806490043,0.1334270382143743,6.237527194206948,147,46525,2623,3030,2772,2791,3406,2944,2967,3502,2939,2694,2238,2199,2090,1823,1199,1427,2061,1903,1917,9.973957770803565e-11,1.5629406102668497e-10,3.298978451526935e-11,0.0,8.455969214768433e-14,0.0,4.952556610107422,287.2972717285156,185.0296173095703,375.3190612792969
1627,-73.903951,40.833493,23.64798156643211,13.380326066061711,21.09114804371867,0.26978792802567053,0.2157413328176718,0.6329007609239621,0.09047398314669126,7.617587092509525,107,14809,1014,961,964,1266,1151,1041,830,941,988,1005,895,760,540,435,246,302,374,489,607,0.0,1.8021006778848325e-12,6.056294246485627e-13,0.0,0.0,0.0,4.690317630767822,232.34967041015625,212.40774536132812,278.868408203125
1628,-73.920851,40.813612,28.980435534378806,12.9608205934063,18.98687882270103,0.3717304688016371,0.28737741073376033,0.6211356664873824,0.10151112745255989,6.333089560623296,197,37012,2516,2185,2237,2683,2382,2635,3120,2557,3058,2994,2003,1539,1411,1648,610,434,679,966,1355,9.922419830221685e-11,5.762815475463867,0.0,0.0,0.2598468065261841,0.0,4.999393939971924,215.17733764648438,229.4332275390625,230.53485107421875
1629,-73.920851,40.813612,28.980435534378806,12.9608205934063,18.98687882270103,0.3717304688016371,0.28737741073376033,0.6211356664873824,0.10151112745255989,6.333089560623296,197,37012,2516,2185,2237,2683,2382,2635,3120,2557,3058,2994,2003,1539,1411,1648,610,434,679,966,1355,9.922419830221685e-11,5.762815475463867,0.0,0.0,0.2598468065261841,0.0,4.999393939971924,215.17733764648438,229.4332275390625,230.53485107421875
1630,-73.918774,40.810314,25.740756826885676,11.54849919895668,21.02902460906465,0.2773583945581468,0.1896098508673199,0.7384122428247483,0.12445638408768649,7.551894214867199,118,22190,1779,1791,1477,1462,1564,1633,1704,1468,1842,1431,1241,944,685,584,395,399,552,620,619,1.6654272079467773,1.349096251379578e-10,1.0926477909088135,0.0,3.0602173805236816,0.0,4.320909023284912,202.58209228515625,199.86004638671875,216.82762145996094
1631,-73.897404,40.854257,27.210659904275996,5.993879457633551,25.176332511153873,0.1581074719760507,0.09085303321879178,0.8292378376299471,0.13145065987598875,6.12948344565543,187,32995,1810,2230,1926,1858,1596,1717,1723,2025,2033,1764,1740,1721,1660,1409,1161,1180,1679,1785,1978,0.0,0.0,0.0,0.0,0.0,0.0,5.217575550079346,206.523193359375,176.33937072753906,245.82347106933594
1632,-73.916076,40.855822,20.25851548886767,21.534339742722857,19.17394750258502,0.06114828820322074,0.002539391611136642,0.6459924909803602,0.10480569079031352,5.359062494016161,102,4482,403,424,510,531,362,290,281,221,177,142,138,127,155,126,108,96,135,121,135,0.0,0.0,3.799137592315674,0.0,0.0,0.0,5.613013744354248,156.17547607421875,151.12527465820312,193.5149383544922
1633,-73.911366,40.839307,27.714153216611287,10.842626786632216,21.04818014789828,0.2638128449876817,0.04372082168249775,0.6046082476060167,0.16059715399067465,6.517598954893701,139,20894,1353,1445,1639,1786,2078,1934,1629,1441,1404,875,946,664,561,585,355,456,458,621,664,0.0,0.15767167508602142,3.873489723416057e-11,0.0,0.0,0.0,5.284764766693115,233.0558319091797,164.8333740234375,311.49359130859375
1634,-73.891562,40.860987,24.84813515345256,10.565831979115806,24.735046863555908,0.28351783752441406,0.1272897720336914,0.7608715693155926,0.1375578244527181,6.611656506856281,200,23767,1390,1720,1594,1860,2078,1909,1693,1459,1353,1082,907,1025,945,727,445,372,1310,913,985,0.0,0.0,0.0,0.0,0.0,0.0,5.294284343719482,212.07638549804688,220.0519561767578,240.7078094482422
1635,-73.9216,40.8524,19.005086129171808,23.930686147589427,20.14131412171481,0.06809468854937636,0.14837164627878288,0.5365592554995887,0.10901267068427906,4.357806757876747,95,4596,352,359,400,476,426,321,199,184,188,154,207,194,208,152,144,158,145,169,160,3.3009274567202818e-12,1.976743221282959,0.0,0.0,0.0,0.0,6.4893927574157715,189.87533569335938,133.9548797607422,242.24658203125
1636,-73.897479,40.845366,22.58947135158703,9.04064954182748,27.96571494289563,0.198604121352687,0.1986870164886426,0.9590737557297117,0.12615027420068284,6.69369613915159,209,25431,984,1344,1302,1430,1408,1278,1317,1611,1757,1648,1498,1515,1388,1238,1048,942,1070,1313,1340,0.0,2.4137278287206243e-10,0.0,0.0,0.0,0.0,5.289920330047607,148.0821075439453,122.71464538574219,128.27952575683594
1637,-73.915217,40.849416,28.508574364521248,9.644330408155302,19.78892919533851,0.13188168764933686,0.05180712827702159,0.5991886571510551,0.11370485181251343,6.4174681594691325,97,13652,1375,1312,1308,1429,978,927,832,755,617,562,490,420,470,360,334,282,293,381,527,4.905553827733167e-12,2.5852739810943604,0.2969079613685608,0.0,0.0,0.0,4.456638336181641,185.34371948242188,131.9347686767578,258.21002197265625
1638,-73.925416,40.811562,23.89365905370468,13.12966827653413,22.649671766493054,0.3419385404668302,0.0805967282026242,0.8002108386439135,0.0958035134861612,6.178436442318126,195,46902,2524,2698,2861,2941,2515,2439,2745,2824,3218,3086,2819,2445,2080,2130,1429,1472,2168,2298,2210,9.612293243408203,11.154953002929688,1.574180288343996e-07,0.0,8.185423851013184,0.0,5.1610636711120605,206.18214416503906,156.49818420410156,255.61517333984375
1639,-73.909936,40.848907,30.856716530954735,5.916706720987956,22.094146410624187,0.16712143889859193,0.16331061338767028,0.6826512833945773,0.11927083007290833,5.723919827713926,156,23956,1929,2051,2271,2245,1660,1546,1646,1397,1319,1154,1014,784,744,631,394,419,622,925,1205,0.0,0.24748721718788147,1.0857961177825928,0.0,0.0,0.0,4.860109329223633,235.85035705566406,177.54356384277344,291.73687744140625
1640,-73.901565,40.875636,23.988551372514966,16.950810488147017,20.59935835218921,0.08545773955145244,0.02635680523115335,0.6227594880303976,0.13527722702812905,5.3087421299256,97,4227,216,334,364,324,281,378,214,243,230,194,204,140,126,171,135,144,176,170,183,0.0,0.0,0.0,0.0,0.0,0.0,5.317286491394043,182.64390563964844,142.71849060058594,240.12176513671875
1641,-73.901774,40.839508,16.80302302042643,16.029238877473055,25.451039914731624,0.14129638671875003,0.05208050763165509,0.5732515123155382,0.11746053342466001,5.970695636890552,90,5729,349,397,300,508,527,409,327,282,368,292,285,244,209,161,118,178,160,307,308,0.0,5.082411371404305e-05,0.0,0.0,0.0,0.0,4.861292839050293,146.69857788085938,133.0263214111328,147.60751342773438
1642,-73.878191,40.832508,20.737557253461453,13.724011622615745,25.32138508998104,0.10961430673380845,0.0758469559764134,0.4229079676038436,0.09105187335997136,7.503034625647936,131,9303,1016,1188,745,709,752,725,738,460,533,377,313,296,258,240,161,176,180,221,215,0.0,2.6242061570091145e-14,4.724302004287251e-13,1.3788247108459473,0.0,0.0,5.557755947113037,184.25448608398438,152.76356506347656,218.26329040527344
1643,-73.888625,40.859466,19.96059827907111,15.442569720946514,24.65722147037723,0.1876488259311096,0.16482949440014164,0.7179352544969128,0.16311786141813076,5.622506324779785,217,13957,675,759,810,1146,1278,980,959,927,824,680,689,717,617,382,214,210,946,564,580,0.0,0.0,0.0,0.0,0.0,0.0,5.590651512145996,160.17416381835938,198.04116821289062,155.565673828125
1644,-73.901565,40.875636,23.988551372514966,16.950810488147017,20.59935835218921,0.08545773955145244,0.02635680523115335,0.6227594880303976,0.13527722702812905,5.3087421299256,97,4227,216,334,364,324,281,378,214,243,230,194,204,140,126,171,135,144,176,170,183,0.0,0.0,0.0,0.0,0.0,0.0,5.317286491394043,182.64390563964844,142.71849060058594,240.12176513671875
1645,-73.8953,40.865972,27.86998860600405,11.107671121057354,19.98442421406757,0.21496857430667338,0.11514539095624607,0.6977728263816642,0.11146392055492305,5.635781823290852,199,22588,1540,1514,1750,1477,2167,2020,1726,1351,1391,1111,947,1035,769,763,467,467,529,790,774,0.0,0.0,0.0,0.0,0.0,0.0,5.164687633514404,259.1188049316406,167.355224609375,332.89654541015625
1646,-73.896925,40.827539,22.046544707517846,12.04848436965156,24.752185270958336,0.12725620335320018,0.02786695342702964,0.6754403261794257,0.11943083038854434,5.270424741240301,97,10597,609,864,945,1032,781,846,697,678,616,477,556,396,381,320,191,255,246,343,364,1.618377923965454,4.798000104860867e-13,0.0,0.0,4.0782151222229,0.0,4.588881492614746,137.8974609375,123.35802459716797,162.63876342773438
1647,-73.831669,40.874035,14.599036636138829,19.655101573099945,24.482064821473017,0.08402057722503065,0.009591238839285714,0.5216948458460532,0.12138484238910408,4.5428796976554295,119,778,94,74,53,56,42,51,50,37,27,46,41,40,23,29,18,16,20,30,31,0.0,0.0,0.0,0.0,0.0,0.0,5.938348293304443,271.78338623046875,266.9071960449219,392.6561279296875
1648,-73.902794,40.833884,23.592979443742106,14.307325822685419,21.061599530009158,0.27900450300462176,0.21302692174124638,0.5432475124648696,0.09161631266276042,7.234065996931725,101,13416,931,829,878,1141,1038,979,660,847,983,884,806,626,499,437,253,315,348,442,520,0.0,1.5176599126726087e-12,6.348335485767409e-13,0.0,0.0,0.0,4.697104454040527,203.67738342285156,201.2941436767578,239.87911987304688
1649,-73.890591,40.836245,23.04595914780368,14.440173824338146,21.392749637872924,0.1425144446157191,0.3324870645564838,0.652031074765245,0.09433556067102437,5.423883916107699,137,11624,452,726,817,912,950,846,858,913,828,686,846,710,435,374,208,206,245,351,261,3.2357778549194336,1.3030073642730713,6.258703950066946e-13,0.0,3.058661699295044,0.0,5.329376697540283,129.87628173828125,114.34266662597656,144.2544708251953
1650,-73.901774,40.839508,16.80302302042643,16.029238877473055,25.451039914731624,0.14129638671875003,0.05208050763165509,0.5732515123155382,0.11746053342466001,5.970695636890552,90,5729,349,397,300,508,527,409,327,282,368,292,285,244,209,161,118,178,160,307,308,0.0,5.082411371404305e-05,0.0,0.0,0.0,0.0,4.861292839050293,146.69857788085938,133.0263214111328,147.60751342773438
1651,-73.889878,40.858721,21.35823984850946,11.118013574706662,26.46742960266758,0.18197760143251263,0.17512941432394774,0.7783150421188606,0.14590627287667618,5.986160318596151,221,16298,851,999,1038,1342,1352,1150,1125,1045,937,879,800,801,716,494,261,266,987,605,650,0.0,0.0,0.0,0.0,0.0,0.0,5.401619911193848,165.7965850830078,193.7659149169922,178.45755004882812
1652,-73.858533,40.834025,27.50075116302029,12.215708000491365,20.806676570815274,0.19826780666004531,0.5095207329952356,0.6892572749744762,0.11833003073027641,6.3630659170825075,264,5168,334,444,424,491,380,367,277,264,263,185,179,235,252,198,100,139,201,217,218,0.0,18.002853393554688,6.436281087089657e-13,0.0,8.259912198660402e-10,0.0,5.365740776062012,192.07815551757812,123.70355987548828,248.72264099121094
1653,-73.907528,40.810671,24.892296758638757,8.325435677353216,26.701558041734753,0.09842275762233604,0.07061277117047991,0.6635412877919723,0.10755110760124362,4.5501485162851765,98,9450,527,474,615,666,621,547,644,681,1052,703,605,395,279,251,219,232,220,368,351,6.4735107421875,1.0906729698181152,0.0,0.0,0.0,0.0,4.2238240242004395,154.87393188476562,114.15459442138672,172.8057861328125
1654,-73.902794,40.833884,23.592979443742106,14.307325822685419,21.061599530009158,0.27900450300462176,0.21302692174124638,0.5432475124648696,0.09161631266276042,7.234065996931725,101,13416,931,829,878,1141,1038,979,660,847,983,884,806,626,499,437,253,315,348,442,520,0.0,1.5176599126726087e-12,6.348335485767409e-13,0.0,0.0,0.0,4.697104454040527,203.67738342285156,201.2941436767578,239.87911987304688
1655,-73.901774,40.839508,16.80302302042643,16.029238877473055,25.451039914731624,0.14129638671875003,0.05208050763165509,0.5732515123155382,0.11746053342466001,5.970695636890552,90,5729,349,397,300,508,527,409,327,282,368,292,285,244,209,161,118,178,160,307,308,0.0,5.082411371404305e-05,0.0,0.0,0.0,0.0,4.861292839050293,146.69857788085938,133.0263214111328,147.60751342773438
1656,-73.882487,40.855392,21.87998713558293,12.993926899407501,23.518641106116725,0.15209515889485678,0.1598183826733661,0.5799168754222147,0.13359626988783532,5.437231747480277,186,7982,391,515,519,589,699,564,509,532,642,480,444,434,317,228,148,164,220,270,317,0.0,0.0,0.0,0.0,0.0,0.0,5.129372596740723,204.96243286132812,170.5696563720703,255.89569091796875
1657,-73.861649,40.875172,22.039867892409816,12.27259961041537,25.477087497711178,0.11842178575920335,0.07087317380038174,0.8677027442238547,0.13505220413208008,6.099153648723257,88,3798,257,258,252,317,331,267,202,189,227,172,207,180,155,171,64,117,145,152,135,0.0,0.0,0.0,0.0,0.0,0.0,3.9702885150909424,96.76519012451172,98.1888198852539,129.03610229492188
1658,-73.900593,40.826933,22.748996124786583,13.641167335769756,21.984396499841388,0.19726980300176714,0.03932641477000957,0.5408095664718524,0.12486126958107462,5.837152442153619,98,12972,763,959,1060,1109,1046,1115,849,857,799,697,750,559,458,372,239,294,276,381,389,1.620091438293457,5.352400380548294e-13,0.0,0.0,4.0782151222229,0.0,4.751031398773193,161.99937438964844,147.89578247070312,180.2239532470703
1659,-73.897066,40.869061,27.226068909730934,12.499575139252228,18.77916363904076,0.16719094158089076,0.2611601149658797,0.755029989275039,0.09989587639950198,5.88063311982909,137,11647,687,739,1039,863,1081,999,824,783,795,684,459,540,413,354,239,224,248,279,397,0.0,0.0,0.0,0.0,0.0,0.0,5.226263999938965,209.27783203125,206.0557861328125,282.3140869140625
1660,-73.892961,40.820388,24.58064813723509,7.472707375712776,27.414553631311176,0.16886152070144125,0.2369518937735722,0.8680073968295391,0.0867972976859959,5.922765402958313,145,18954,1061,1109,1281,1483,1491,1706,1530,1434,1470,1142,841,690,557,404,294,337,475,707,942,0.0,0.8450056314468384,0.0,0.0,0.0,0.0,4.657559394836426,166.5535430908203,133.49041748046875,199.49041748046875
1661,-73.852714,40.888242,20.348014608461256,11.992026769626909,27.088953319348786,0.10070466158682839,0.20415322822436952,0.6788119935152824,0.2226433558770787,6.0337473774514,57,1765,97,141,175,160,167,123,81,92,126,68,85,74,62,62,37,61,35,44,75,0.0,0.0,0.0,0.0,0.0,0.0,3.275773286819458,80.18001556396484,57.7515754699707,103.08512115478516
1662,-73.887688,40.836821,25.979282104217248,10.855746226267769,22.20765414538684,0.15422408645217484,0.36394944062104095,0.7261367316718577,0.11804718155044693,5.743138768651463,185,14583,610,910,955,1147,1272,1088,1063,1177,1012,779,976,835,534,484,279,300,365,469,328,0.9702934622764587,1.5937302112579346,5.710276544147741e-13,0.0,3.0535857677459717,0.0,5.3246073722839355,155.72962951660156,119.42452239990234,183.73646545410156
1663,-73.888987,40.848748,23.559464968688108,7.769052018510536,26.07565382693676,0.2637053212375506,0.10912401456359432,0.6822466004824806,0.12644013614519267,4.7076191462523544,188,10619,536,729,856,956,878,724,853,690,652,645,489,422,384,302,209,264,266,404,360,0.0,0.0,0.5438840985298157,0.0,0.14628775417804718,0.0,5.415311813354492,166.91937255859375,156.8506622314453,193.50640869140625
1664,-73.9216,40.8524,19.005086129171808,23.930686147589427,20.14131412171481,0.06809468854937636,0.14837164627878288,0.5365592554995887,0.10901267068427906,4.357806757876747,95,4596,352,359,400,476,426,321,199,184,188,154,207,194,208,152,144,158,145,169,160,3.3009274567202818e-12,1.976743221282959,0.0,0.0,0.0,0.0,6.4893927574157715,189.87533569335938,133.9548797607422,242.24658203125
1665,-73.861649,40.875172,22.039867892409816,12.27259961041537,25.477087497711178,0.11842178575920335,0.07087317380038174,0.8677027442238547,0.13505220413208008,6.099153648723257,88,3798,257,258,252,317,331,267,202,189,227,172,207,180,155,171,64,117,145,152,135,0.0,0.0,0.0,0.0,0.0,0.0,3.9702885150909424,96.76519012451172,98.1888198852539,129.03610229492188
1666,-73.913872,40.813385,23.451441599998944,10.51796748314375,24.314234874866628,0.21168832425717954,0.09805420298635223,0.6659316427913713,0.1375451500033155,6.301797172169625,108,18185,1200,997,1063,1102,987,1006,1129,1307,1632,1309,1015,916,695,795,454,386,624,719,849,4.852200984954834,0.0,7.195966739148574e-11,0.0,1.0190919637680054,0.0,5.083828449249268,178.27435302734375,138.22381591796875,211.63026428222656
1667,-73.904958,40.854666,29.899540065247336,5.5382967976385675,22.183436130790554,0.208028746239933,0.2705762415756414,0.7101906670464408,0.14401541815863714,6.925823070384838,162,40069,2482,2750,2600,2417,2217,2585,2255,2353,2491,2098,1847,1835,1907,1624,1209,1231,1957,1988,2223,0.0,0.0,0.0,0.0,0.0,0.0,4.848672866821289,238.423095703125,177.4845733642578,296.1905212402344
1668,-73.881245,40.876819,20.568580443156513,18.966221156711548,19.50701177600117,0.12020289226046697,0.02903869186622509,0.4842351216240972,0.11575271925872459,6.254860206886574,207,2882,125,141,146,307,242,297,216,218,231,180,145,138,86,72,51,68,57,80,82,0.0,0.0,0.0,0.0,0.0,0.0,5.316878318786621,188.13934326171875,127.98507690429688,230.0764617919922
1669,-73.85607,40.815043,11.928711046180835,15.496364278331441,30.34518342412095,0.1032484223020722,0.026569203433827456,0.7702797566383992,0.13330791071269585,4.669657867518587,117,1327,77,103,120,118,133,143,106,51,61,78,57,35,29,35,30,28,43,55,25,0.0,0.0,0.0,0.0,9.79692997733761e-13,0.0,5.421605110168457,61.566158294677734,65.4202880859375,82.86259460449219
1670,-73.912686,40.877379,23.69633639300311,18.676219516330292,19.34816124998493,0.14286465115017358,0.08530322416329089,0.8349406866379726,0.14853889559522088,5.295876397026911,135,2594,174,119,221,223,168,177,177,153,166,168,158,90,75,81,71,67,81,119,106,0.0,0.0,0.0,0.0,0.0,0.0,5.228639125823975,130.68067932128906,146.9772186279297,165.11422729492188
1671,-73.88654,40.831493,23.098008418025184,8.231203631472992,29.115204451437997,0.10074652604523077,0.20142019230083827,0.8268467701264541,0.142096544994345,5.8689449245332215,137,6609,407,417,372,455,508,492,470,441,444,317,404,405,275,216,159,211,211,220,185,4.70377195005455e-16,0.0,1.7195775782029993e-13,0.0,0.0,0.0,5.3681769371032715,148.3893585205078,104.97473907470703,186.3356170654297
1672,-73.860126,40.880649,32.6365136552131,5.947628788564396,24.798885433153174,0.15880212016489312,0.6817762879119522,1.1057645425029186,0.13225380031541847,6.36439761896243,58,3900,219,297,231,400,380,379,247,221,219,195,149,153,153,137,109,85,104,114,108,0.0,0.0,0.0,0.0,0.0,0.0,3.2146530151367188,98.93968200683594,70.36497497558594,127.95774841308594
1673,-73.860729,40.860443,13.494599054730127,23.881743900359613,21.785124521406868,0.14839202638656374,0.0162506103515625,0.7308484637548054,0.12379540337456597,4.587196773952908,105,2693,100,130,176,159,263,109,187,184,165,138,198,234,144,109,88,48,86,81,94,0.0,0.0,0.0,0.0,0.0,0.0,4.86662483215332,111.08834075927734,135.59619140625,111.01048278808594
1674,-73.861649,40.875172,22.039867892409816,12.27259961041537,25.477087497711178,0.11842178575920335,0.07087317380038174,0.8677027442238547,0.13505220413208008,6.099153648723257,88,3798,257,258,252,317,331,267,202,189,227,172,207,180,155,171,64,117,145,152,135,0.0,0.0,0.0,0.0,0.0,0.0,3.9702885150909424,96.76519012451172,98.1888198852539,129.03610229492188
1675,-73.909763,40.859243,21.778151438786438,17.00254342494867,21.237209515693863,0.1742431444999499,0.12974665715144232,0.6279422075320511,0.10533944154397035,5.756953312800482,130,8328,907,852,771,727,752,575,491,429,469,293,287,387,331,240,165,148,156,165,183,0.0,0.0,4.1156172337240996e-19,0.0,0.0,0.0,5.1115851402282715,238.50535583496094,197.77569580078125,294.8414001464844
1676,-73.839583,40.839775,21.89420644384231,10.774690855448553,26.93020224281181,0.13254959217823334,0.5344627547438128,1.0348507957736943,0.1678824134696719,5.43241872114567,137,2862,160,145,159,173,141,143,112,121,136,167,137,148,164,131,118,160,186,227,134,8.58829116821289,0.0,7.632840633392334,0.0,3.056366443634033,0.0,5.449781894683838,59.05277633666992,118.79658508300781,58.299072265625
1677,-73.915879,40.8404,31.04011663916516,5.138635356523838,21.741167146560045,0.2743567639624166,0.2285513961524294,0.7758346914547924,0.15849704630890782,6.557810933966386,114,25074,1693,1977,1963,2087,2452,2217,1871,1658,1660,1100,1085,847,710,715,417,478,583,707,854,4.112954074542152e-11,0.15832161903381348,4.893591087906657e-11,0.0,0.0,0.0,5.110302448272705,259.7759704589844,182.60223388671875,332.3079833984375
1678,-73.905389,40.818703,28.18081169797664,13.056915684750203,19.565966087475157,0.2337773640950521,0.38932097585577713,0.8230774862724439,0.10998207226134182,5.383571825529399,95,20391,1364,1517,1479,1751,1622,1525,1368,1428,1217,1419,1535,961,620,517,290,279,353,498,648,0.0,2.3633577733717104e-12,0.0,0.0,0.0,0.0,3.6993274688720703,163.38438415527344,137.80532836914062,196.81700134277344
1679,-73.90392,40.827455,24.451268922298325,13.68993590002031,20.57894143854077,0.18562876850093177,0.05723795759568521,0.5028170547718667,0.09132816886318569,6.479028240985465,109,11911,662,623,767,845,907,1050,777,786,771,733,730,613,489,405,268,325,349,372,439,1.930375724319802e-20,1.9655891497771805e-12,0.0,0.0,2.7452213764190674,0.0,4.787077903747559,209.03643798828125,189.8970489501953,230.66839599609375
1680,-73.905389,40.818703,28.18081169797664,13.056915684750203,19.565966087475157,0.2337773640950521,0.38932097585577713,0.8230774862724439,0.10998207226134182,5.383571825529399,95,20391,1364,1517,1479,1751,1622,1525,1368,1428,1217,1419,1535,961,620,517,290,279,353,498,648,0.0,2.3633577733717104e-12,0.0,0.0,0.0,0.0,3.6993274688720703,163.38438415527344,137.80532836914062,196.81700134277344
1681,-73.860729,40.860443,13.494599054730127,23.881743900359613,21.785124521406868,0.14839202638656374,0.0162506103515625,0.7308484637548054,0.12379540337456597,4.587196773952908,105,2693,100,130,176,159,263,109,187,184,165,138,198,234,144,109,88,48,86,81,94,0.0,0.0,0.0,0.0,0.0,0.0,4.86662483215332,111.08834075927734,135.59619140625,111.01048278808594
1682,-73.886721,40.846128,21.852776513027784,8.581280987865762,25.80872859986783,0.29583887838239054,0.11086487889888898,0.67086355570373,0.13939715310357123,5.007591598996365,199,12813,801,1199,1048,1089,892,763,867,844,808,679,604,496,448,328,262,315,358,522,490,9.623417281545699e-05,0.0,0.5429801344871521,0.0,4.783506867148742e-16,0.0,5.233367443084717,160.7598419189453,146.74037170410156,180.9970245361328
1683,-73.906739,40.822291,22.214626443797147,12.909809200243016,23.208892756494983,0.13970835455532732,0.049249057112068964,0.5355991166213464,0.11568946399907956,6.05741999615198,116,14830,923,672,752,987,875,894,810,755,654,641,747,624,470,465,283,697,1103,1233,1245,0.0,2.284462983365154e-12,0.0,0.0,2.040032386779785,0.0,4.396503448486328,190.31832885742188,166.497314453125,215.57666015625
1684,-73.901599,40.816078,24.932751001096243,8.961734771728516,23.839829014796834,0.1594214345894608,0.33492032219381895,0.8638531553979016,0.12924717921836704,5.584438174378637,85,13085,785,1223,1279,1343,1201,1189,908,747,618,664,673,455,350,290,211,171,239,347,392,7.893395681003723e-13,2.1361658573150635,0.0,0.0,0.0,0.0,3.773930788040161,180.1404266357422,141.8230438232422,218.0023651123047
1685,-73.915217,40.849416,28.508574364521248,9.644330408155302,19.78892919533851,0.13188168764933686,0.05180712827702159,0.5991886571510551,0.11370485181251343,6.4174681594691325,97,13652,1375,1312,1308,1429,978,927,832,755,617,562,490,420,470,360,334,282,293,381,527,4.905553827733167e-12,2.5852739810943604,0.2969079613685608,0.0,0.0,0.0,4.456638336181641,185.34371948242188,131.9347686767578,258.21002197265625
1686,-73.829211,40.82708,10.613008645864632,18.758834936679936,29.93911205193935,0.052942129281850964,0.024249737079326924,0.935503641764323,0.13251084547776443,3.5534178904997997,65,230,13,10,12,7,8,8,4,5,8,13,20,17,17,8,15,7,8,29,21,1.401298464324817e-45,3.1211137771606445,2.1085367826745305e-11,0.0,0.0,0.0,4.666281700134277,49.80027770996094,59.60895919799805,56.95530700683594
1687,-73.910827,40.850722,31.20472836656635,7.135554397998213,20.220680301692212,0.13758665850373353,0.07203355127451372,0.6005631012170494,0.11238435498711205,6.613321693576112,98,17146,1539,1662,1604,1755,1287,1149,1194,1041,796,731,571,523,525,413,338,331,439,561,687,0.0,4.8542822829035935e-20,1.086945652961731,0.0,0.0,0.0,4.809048652648926,213.90591430664062,163.13088989257812,273.8122863769531
1688,-73.901821,40.869142,25.287340461956294,12.579179111915298,20.332302624666237,0.13710537037265955,0.02813459951666337,0.3669247848575125,0.0824103375527426,7.5105059498976035,79,6813,352,616,513,577,534,597,444,437,387,275,285,300,217,212,174,213,199,197,284,0.0,0.0,0.0,0.0,0.0,0.0,4.915113925933838,202.88619995117188,149.2056121826172,270.20977783203125
1689,-73.878051,40.885428,22.34645547537968,21.900357323131335,17.739003828202172,0.17057780561775998,0.4618228166952901,0.5902164283840134,0.1087939602205123,4.934216093742985,58,4472,142,185,210,296,239,504,413,429,577,415,154,114,84,191,61,68,113,128,149,0.0,0.0,0.0,0.0,0.0,0.0,5.06362771987915,231.0525665283203,98.37403106689453,304.4109802246094
1690,-73.918037,40.803052,26.516770501422062,8.929991314553812,27.730548891246826,0.10667662335257244,0.13548370100494123,0.7073390178191356,0.09460163931561331,5.527884124690649,156,6853,652,627,662,516,445,399,353,366,441,436,333,336,255,228,120,86,195,208,195,12.95083236694336,1.8272362467541825e-06,0.7346110343933105,0.0,13.754443168640137,0.0,5.266623497009277,155.64625549316406,55.80253982543945,219.04624938964844
1691,-73.905547,40.872477,22.34339501030257,15.299784276903285,23.66768650172912,0.10972957021182346,0.27319590250651044,0.5071587578947192,0.1175883709360234,5.77305895356378,97,10309,328,576,575,597,570,696,702,643,663,527,485,427,362,589,263,305,702,739,560,0.0,0.0,0.0,0.0,0.0,0.0,5.078446388244629,213.1360626220703,131.9209747314453,282.365966796875
1692,-73.915879,40.8404,31.04011663916516,5.138635356523838,21.741167146560045,0.2743567639624166,0.2285513961524294,0.7758346914547924,0.15849704630890782,6.557810933966386,114,25074,1693,1977,1963,2087,2452,2217,1871,1658,1660,1100,1085,847,710,715,417,478,583,707,854,4.112954074542152e-11,0.15832161903381348,4.893591087906657e-11,0.0,0.0,0.0,5.110302448272705,259.7759704589844,182.60223388671875,332.3079833984375
1693,-73.85593,40.821218,15.098981344571676,12.04123035553963,30.228960385886573,0.15747562531502016,0.025958399618825605,0.678515895720451,0.1690017536122312,4.71612540624475,155,3175,211,178,291,268,213,224,203,161,151,122,90,120,84,100,68,72,169,268,182,0.0,0.00018178456230089068,0.0,0.0,1.9971162310700175e-12,0.0,5.251344680786133,119.34149932861328,130.7311553955078,133.5264892578125
1694,-73.904353,40.840536,20.952852417088152,14.346941162205347,24.38274869379007,0.1683190183819465,0.07953403880761103,0.6569067637125652,0.11257825407592005,6.516434111685123,106,7100,529,521,454,623,590,523,462,402,400,363,359,315,263,192,150,194,191,284,285,0.0,0.31511443853378296,0.0,0.0,0.0,0.0,4.965762138366699,143.90982055664062,129.5063934326172,144.5712127685547
1695,-73.886995,40.834188,25.834177445995707,6.698461650877959,26.104967538700546,0.12468774189320646,0.31098321426746456,0.8418970329816949,0.11932018191315406,6.07835747474848,172,15370,671,978,1038,1198,1228,1084,1087,1152,1079,819,1045,895,597,521,315,363,430,502,368,3.2372446060180664,1.7944848522064722e-23,6.510573330453795e-13,0.0,0.7638775706291199,0.0,5.218949317932129,165.8386688232422,129.88253784179688,197.047119140625
1696,-73.900068,40.873659,18.583005347860208,23.264105526017552,16.961568667564862,0.10523227016621658,0.029839409722222224,0.5116046701439123,0.10453918833791474,6.131783238163701,81,3737,240,362,349,298,274,342,194,222,234,168,151,111,75,130,77,144,115,131,120,0.0,0.0,0.0,0.0,0.0,0.0,5.210788249969482,203.04647827148438,169.6515655517578,277.0218505859375
1697,-73.886721,40.846128,21.852776513027784,8.581280987865762,25.80872859986783,0.29583887838239054,0.11086487889888898,0.67086355570373,0.13939715310357123,5.007591598996365,199,12813,801,1199,1048,1089,892,763,867,844,808,679,604,496,448,328,262,315,358,522,490,9.623417281545699e-05,0.0,0.5429801344871521,0.0,4.783506867148742e-16,0.0,5.233367443084717,160.7598419189453,146.74037170410156,180.9970245361328
1698,-73.890145,40.843705,24.595695654551193,7.725924015045169,25.738763650258388,0.17868518829345703,0.11094125111897787,0.7840307553609211,0.12261041005452475,5.173791090647379,200,13970,824,1500,1202,1366,1098,905,1052,1018,859,749,587,469,367,360,223,240,322,439,390,0.0,0.2074606567621231,0.0,0.0,0.0,0.0,5.610628604888916,158.02182006835938,141.96096801757812,175.22727966308594
1699,-73.893744,40.848385,24.18367637457483,6.600464261576878,26.962025790291037,0.2314152777088729,0.10451386531619039,0.787081862940933,0.11208036154136725,6.451192641640731,187,12349,475,694,824,1092,1027,906,1102,1006,802,772,667,525,476,336,221,274,306,431,413,0.0,0.0,0.0,0.0,1.2423143402884307e-07,0.0,5.3346476554870605,155.06365966796875,142.7607421875,170.71922302246094
1700,-73.839583,40.839775,21.89420644384231,10.774690855448553,26.93020224281181,0.13254959217823334,0.5344627547438128,1.0348507957736943,0.1678824134696719,5.43241872114567,137,2862,160,145,159,173,141,143,112,121,136,167,137,148,164,131,118,160,186,227,134,8.58829116821289,0.0,7.632840633392334,0.0,3.056366443634033,0.0,5.449781894683838,59.05277633666992,118.79658508300781,58.299072265625
1701,-73.91435,40.832022,30.495527267456048,7.1176906161838085,20.956249237060547,0.25415632459852433,0.3684908548990886,0.592379887898763,0.10776646931966145,6.465894063313803,150,24323,1980,2359,2007,1944,2617,2407,1761,1540,1098,1168,725,761,692,499,431,406,459,667,802,3.865370709498192e-24,0.0,7.408712532352979e-11,0.0,0.0,0.0,5.166501998901367,239.60220336914062,173.18807983398438,303.9266052246094
1702,-73.917705,40.828009,29.24983836651601,7.90431262192568,22.178468056388002,0.4752409213338796,0.24511207713146724,0.9267868777210303,0.20234377651606314,6.259930868284397,211,26679,1604,1982,1901,1961,2198,2325,1876,1761,1341,1448,1328,1108,1218,1250,502,499,716,786,875,8.107815742492676,7.275513524973576e-11,6.6044392177389e-11,0.0,1.0203245878219604,0.0,5.121865749359131,251.37843322753906,188.1566925048828,318.9931335449219
1703,-73.865028,40.862098,23.0546691478827,13.486230067717724,21.948513006552673,0.13571947048871943,0.20514145875588438,0.7022451131771773,0.11478265126546225,6.165801256130903,104,3536,115,165,175,218,274,176,227,258,179,168,215,240,187,180,134,68,187,171,199,0.0,0.0,0.0,0.0,0.0,0.0,3.9954371452331543,139.98553466796875,118.32666015625,160.55169677734375
1704,-73.916084,40.842503,29.885436256150676,7.461579410350264,21.372041149415832,0.24001771125240604,0.27896977853083954,0.8797866710718126,0.14168997317696538,6.341257417835474,138,21480,1480,1574,1819,1924,1848,1838,1590,1316,1373,928,880,718,689,620,426,475,502,696,784,4.952205659436437e-11,5.509429454803467,2.6715175210911823e-11,0.0,0.0,0.0,5.0992584228515625,218.98779296875,148.59056091308594,274.3447570800781
1705,-73.914067,40.827438,24.946241814472955,7.865325166085849,26.322482765830312,0.17192472661207173,0.1759821186614319,0.9071188731443657,0.12258135929527218,5.731854705035989,197,12738,879,1183,981,961,945,1160,852,748,533,604,526,512,588,364,280,294,362,477,489,0.2949148118495941,0.0,7.246263311611045e-11,0.0,0.0,0.0,5.090524196624756,194.6379852294922,127.1279067993164,247.4969024658203
1706,-73.911366,40.839307,27.714153216611287,10.842626786632216,21.04818014789828,0.2638128449876817,0.04372082168249775,0.6046082476060167,0.16059715399067465,6.517598954893701,139,20894,1353,1445,1639,1786,2078,1934,1629,1441,1404,875,946,664,561,585,355,456,458,621,664,0.0,0.15767167508602142,3.873489723416057e-11,0.0,0.0,0.0,5.284764766693115,233.0558319091797,164.8333740234375,311.49359130859375
1707,-73.910827,40.850722,31.20472836656635,7.135554397998213,20.220680301692212,0.13758665850373353,0.07203355127451372,0.6005631012170494,0.11238435498711205,6.613321693576112,98,17146,1539,1662,1604,1755,1287,1149,1194,1041,796,731,571,523,525,413,338,331,439,561,687,0.0,4.8542822829035935e-20,1.086945652961731,0.0,0.0,0.0,4.809048652648926,213.90591430664062,163.13088989257812,273.8122863769531
1708,-73.898399,40.820108,28.470113650471177,10.171291130740626,21.940466498031096,0.16745320793722765,0.10805584135509672,1.1040921113928972,0.10099605638153698,6.093994452028858,98,17532,809,1107,1277,1371,1504,1588,1268,1368,1171,1120,1043,792,572,468,280,294,335,517,648,9.990518612043586e-13,1.6814414262771606,0.0,0.0,0.0,0.0,3.8799266815185547,170.1675262451172,147.98182678222656,192.84024047851562
1709,-73.918774,40.810314,25.740756826885676,11.54849919895668,21.02902460906465,0.2773583945581468,0.1896098508673199,0.7384122428247483,0.12445638408768649,7.551894214867199,118,22190,1779,1791,1477,1462,1564,1633,1704,1468,1842,1431,1241,944,685,584,395,399,552,620,619,1.6654272079467773,1.349096251379578e-10,1.0926477909088135,0.0,3.0602173805236816,0.0,4.320909023284912,202.58209228515625,199.86004638671875,216.82762145996094
1710,-73.874162,40.824989,18.731974251249916,13.044015933305786,28.292281321990185,0.13131818200787926,0.08475670447716346,0.8667704590365419,0.11956646911099426,5.669892628987632,195,7352,726,746,516,476,630,776,768,381,346,243,275,242,215,151,143,137,156,235,190,0.0,7.932056704171297e-13,0.0,0.0,0.0,0.0,5.484100818634033,167.8572235107422,99.29735565185547,235.90621948242188
1711,-73.904353,40.840536,20.952852417088152,14.346941162205347,24.38274869379007,0.1683190183819465,0.07953403880761103,0.6569067637125652,0.11257825407592005,6.516434111685123,106,7100,529,521,454,623,590,523,462,402,400,363,359,315,263,192,150,194,191,284,285,0.0,0.31511443853378296,0.0,0.0,0.0,0.0,4.965762138366699,143.90982055664062,129.5063934326172,144.5712127685547
1712,-73.897171,40.869407,26.90239942790381,13.489892834522685,18.243815729526876,0.13640825865698641,0.29326996516660264,0.735057768274526,0.09363857123369729,6.305650544296848,122,10873,624,684,968,810,979,919,782,717,732,631,418,485,391,341,226,223,261,285,397,0.0,0.0,0.0,0.0,0.0,0.0,5.255681991577148,205.9154052734375,209.04722595214844,278.5320739746094
1713,-73.894368,40.822056,27.4527296041831,8.979897927015255,23.863381911546753,0.21945910576062325,0.15722238100492036,1.1198077446375136,0.11796553929646811,7.843230320857122,104,27687,1335,1494,1781,2019,2151,2210,2080,2178,2275,1872,1439,1120,870,692,539,506,704,1055,1367,3.747687381781828e-13,0.662076473236084,0.0,0.0,0.0,0.0,4.314724445343018,167.6480255126953,147.81448364257812,183.1438446044922
1714,-73.897066,40.869061,27.226068909730934,12.499575139252228,18.77916363904076,0.16719094158089076,0.2611601149658797,0.755029989275039,0.09989587639950198,5.88063311982909,137,11647,687,739,1039,863,1081,999,824,783,795,684,459,540,413,354,239,224,248,279,397,0.0,0.0,0.0,0.0,0.0,0.0,5.226263999938965,209.27783203125,206.0557861328125,282.3140869140625
1715,-73.918774,40.810314,25.740756826885676,11.54849919895668,21.02902460906465,0.2773583945581468,0.1896098508673199,0.7384122428247483,0.12445638408768649,7.551894214867199,118,22190,1779,1791,1477,1462,1564,1633,1704,1468,1842,1431,1241,944,685,584,395,399,552,620,619,1.6654272079467773,1.349096251379578e-10,1.0926477909088135,0.0,3.0602173805236816,0.0,4.320909023284912,202.58209228515625,199.86004638671875,216.82762145996094
1716,-73.891664,40.883049,16.304135404501583,26.873582007549064,17.030111293202822,0.11301532234113242,0.011888484364932346,0.9975797122286767,0.144291907241664,5.5704447821653185,97,544,27,47,35,50,35,53,23,33,21,28,24,16,16,21,9,20,20,22,44,0.0,0.0,0.0,0.0,0.0,0.0,5.343804359436035,181.119140625,181.136962890625,186.85308837890625
1717,-73.885284,40.815827,21.53819919202887,5.995673007752148,30.348803323992133,0.15321956677109808,0.08590187182266747,0.7579622466408276,0.11175739708129297,5.5971743387468695,209,9929,974,1220,1111,933,737,710,672,548,552,439,391,336,231,151,164,114,184,213,249,0.0,0.27963322401046753,0.0,0.0,0.0,0.0,5.469467639923096,195.2018585205078,138.06895446777344,194.8054962158203
1718,-73.894368,40.822056,27.4527296041831,8.979897927015255,23.863381911546753,0.21945910576062325,0.15722238100492036,1.1198077446375136,0.11796553929646811,7.843230320857122,104,27687,1335,1494,1781,2019,2151,2210,2080,2178,2275,1872,1439,1120,870,692,539,506,704,1055,1367,3.747687381781828e-13,0.662076473236084,0.0,0.0,0.0,0.0,4.314724445343018,167.6480255126953,147.81448364257812,183.1438446044922
1719,-73.909955,40.880853,17.01729982748799,21.729389936074437,21.599744599441003,0.17734505664343123,0.07830521156047952,0.6993300339271281,0.13156890869140628,5.306529560308347,145,1761,179,134,146,121,101,94,136,93,109,90,114,75,50,57,42,49,47,44,80,0.0,0.0,0.0,0.0,0.0,0.0,5.107922554016113,104.46173858642578,106.72406005859375,118.78866577148438
1720,-73.839583,40.839775,21.89420644384231,10.774690855448553,26.93020224281181,0.13254959217823334,0.5344627547438128,1.0348507957736943,0.1678824134696719,5.43241872114567,137,2862,160,145,159,173,141,143,112,121,136,167,137,148,164,131,118,160,186,227,134,8.58829116821289,0.0,7.632840633392334,0.0,3.056366443634033,0.0,5.449781894683838,59.05277633666992,118.79658508300781,58.299072265625
1721,-73.839583,40.839775,21.89420644384231,10.774690855448553,26.93020224281181,0.13254959217823334,0.5344627547438128,1.0348507957736943,0.1678824134696719,5.43241872114567,137,2862,160,145,159,173,141,143,112,121,136,167,137,148,164,131,118,160,186,227,134,8.58829116821289,0.0,7.632840633392334,0.0,3.056366443634033,0.0,5.449781894683838,59.05277633666992,118.79658508300781,58.299072265625
1722,-73.911366,40.839307,27.714153216611287,10.842626786632216,21.04818014789828,0.2638128449876817,0.04372082168249775,0.6046082476060167,0.16059715399067465,6.517598954893701,139,20894,1353,1445,1639,1786,2078,1934,1629,1441,1404,875,946,664,561,585,355,456,458,621,664,0.0,0.15767167508602142,3.873489723416057e-11,0.0,0.0,0.0,5.284764766693115,233.0558319091797,164.8333740234375,311.49359130859375
1723,-73.889011,40.879958,15.233637985673925,19.90377895268808,23.626664849932528,0.10907071308024877,0.1285701122098756,0.7144134793080942,0.12659362990493528,3.8651250326903503,103,709,39,37,31,68,90,80,48,50,48,28,37,31,12,13,10,15,14,19,39,0.0,0.0,0.0,0.0,0.0,0.0,5.0578293800354,224.08045959472656,225.66903686523438,260.4068908691406
1724,-73.882531,40.840445,25.25082231772067,8.863855419736923,26.047240748549953,0.15337086687184343,0.20660458189068417,0.7818929113522923,0.14120352388632415,5.602970893936929,165,12632,937,1204,995,897,1134,893,839,1034,685,727,640,422,422,360,195,203,244,384,417,3.466710696720804e-13,1.5397778749465942,0.0,0.0,0.0,0.0,4.979861736297607,130.88980102539062,102.09664916992188,167.76556396484375
1725,-73.889011,40.879958,15.233637985673925,19.90377895268808,23.626664849932528,0.10907071308024877,0.1285701122098756,0.7144134793080942,0.12659362990493528,3.8651250326903503,103,709,39,37,31,68,90,80,48,50,48,28,37,31,12,13,10,15,14,19,39,0.0,0.0,0.0,0.0,0.0,0.0,5.0578293800354,224.08045959472656,225.66903686523438,260.4068908691406
1726,-73.839682,40.886002,10.139630551923785,22.73533344268798,25.150000003346225,0.04829356544896176,0.02357583296926398,0.5710442860921223,0.11612072325589363,4.392237412302117,76,1366,133,99,186,125,122,102,86,75,63,86,35,50,58,22,20,30,29,25,20,0.0,0.0,0.0,0.0,0.0,0.0,4.7920355796813965,81.36617279052734,122.6350326538086,83.07535552978516
1727,-73.863733,40.854423,27.469476989943626,18.861937908678765,16.64183533307418,0.10893584069310654,0.41313912104634404,0.5261874893336621,0.10484306557664594,7.58505824314352,103,3146,192,214,178,173,205,232,211,224,224,164,172,166,215,145,68,80,92,77,114,0.0,0.0,0.0,0.0,0.0,0.0,3.9018986225128174,185.68043518066406,149.96336364746094,242.24888610839844
1728,-73.912039,40.816974,27.03715218438043,7.91200153411381,23.98375950162373,0.2341134207589286,0.3647740681966145,0.7403537205287387,0.11806094457232762,5.732698591928633,105,17577,1065,997,1021,1063,927,1070,966,1050,1031,1019,926,738,601,703,506,500,882,1090,1422,3.2372448444366455,0.0,5.353703938504317e-11,0.0,1.0200163125991821,0.0,4.389897346496582,153.52740478515625,132.93612670898438,173.98594665527344
1729,-73.902214,40.874717,22.002141782552883,17.872820435577495,20.99811849814437,0.09052603945086893,0.03221341879060953,0.5449386319704969,0.11454635720835268,6.5475910803665816,101,5280,261,433,449,402,364,467,277,290,282,243,246,180,149,205,161,162,232,236,241,0.0,0.0,0.0,0.0,0.0,0.0,5.283057689666748,185.36239624023438,150.23745727539062,235.90220642089844
1730,-73.927892,40.838232,22.10268121986573,15.379468024064956,23.904676022736922,0.0968126859065991,0.05453911380491395,0.7825731655249848,0.07867859181574577,6.0155343318331065,69,8798,653,729,603,764,645,648,626,538,395,416,348,296,340,345,202,226,314,352,358,0.0,0.0,0.0,0.0,0.0,0.0,4.356194496154785,198.76226806640625,132.33070373535156,246.9384765625
1731,-73.877274,40.822522,17.47918710476015,13.302852080120301,27.64415062539946,0.11279272839305847,0.09043507459687024,0.7774810480877637,0.10234863777470782,5.655151460228898,164,6158,557,675,489,407,619,557,556,272,277,189,221,227,196,118,141,137,136,203,181,0.0,0.04897574335336685,0.0,0.0,0.0,0.0,5.4252610206604,162.67604064941406,102.7068862915039,213.96112060546875
1732,-73.90049,40.859496,32.60746440108941,3.721376503405928,21.469240123722827,0.2861603587663093,0.4350889296758742,0.7793815768494895,0.10755337825437791,6.8154325290602085,196,37669,3381,3870,3914,3365,3235,2722,2585,2094,2220,1445,1170,1427,1356,916,633,588,568,888,1292,0.0,0.0,0.0,0.0,0.0,0.0,5.054428577423096,278.5895080566406,220.132568359375,342.38275146484375
1733,-73.925459,40.808194,21.78191827013601,9.238669451545265,27.59792383979349,0.24385514602162484,0.11023259630390242,0.8776890686134888,0.1151893653121649,5.945238256766127,204,38813,1734,2069,2099,2136,1978,1728,1926,2273,2587,2633,2438,2170,1853,1998,1389,1447,2113,2168,2074,24.035478591918945,3.5615556240081787,2.6408839225769043,0.0,21.980182647705078,0.0,5.107760906219482,170.77896118164062,141.09507751464844,198.5342254638672
1734,-73.915217,40.849416,28.508574364521248,9.644330408155302,19.78892919533851,0.13188168764933686,0.05180712827702159,0.5991886571510551,0.11370485181251343,6.4174681594691325,97,13652,1375,1312,1308,1429,978,927,832,755,617,562,490,420,470,360,334,282,293,381,527,4.905553827733167e-12,2.5852739810943604,0.2969079613685608,0.0,0.0,0.0,4.456638336181641,185.34371948242188,131.9347686767578,258.21002197265625
1735,-73.85607,40.815043,11.928711046180835,15.496364278331441,30.34518342412095,0.1032484223020722,0.026569203433827456,0.7702797566383992,0.13330791071269585,4.669657867518587,117,1327,77,103,120,118,133,143,106,51,61,78,57,35,29,35,30,28,43,55,25,0.0,0.0,0.0,0.0,9.79692997733761e-13,0.0,5.421605110168457,61.566158294677734,65.4202880859375,82.86259460449219
1736,-73.913694,40.877935,21.654158782958987,22.411674245198558,18.521038055419922,0.13871231079101562,0.026091003417968748,0.7370201110839841,0.11325658162434896,4.69113260904948,125,993,94,55,97,82,77,70,55,50,59,48,48,34,36,23,36,23,33,34,39,0.0,0.0,0.0,0.0,0.0,0.0,5.203431606292725,129.18618774414062,156.37525939941406,164.5930938720703
1737,-73.919773,40.80908,26.43725543186583,10.23905112825591,21.681487149205704,0.3061280853446872,0.11905308427481816,0.7503852076914119,0.11339132813201554,7.071926950038165,116,22458,1769,1844,1664,1453,1536,1634,1653,1458,1772,1271,1225,999,730,608,465,436,637,688,616,13.587592124938965,1.6347541376138253e-10,3.2841076850891113,0.0,12.22455883026123,0.0,4.123574256896973,203.56227111816406,178.84873962402344,231.2560577392578
1738,-73.860126,40.880649,32.6365136552131,5.947628788564396,24.798885433153174,0.15880212016489312,0.6817762879119522,1.1057645425029186,0.13225380031541847,6.36439761896243,58,3900,219,297,231,400,380,379,247,221,219,195,149,153,153,137,109,85,104,114,108,0.0,0.0,0.0,0.0,0.0,0.0,3.2146530151367188,98.93968200683594,70.36497497558594,127.95774841308594
1739,-73.818083,40.826794,11.022602095914523,17.015530231811994,30.865708347481334,0.052897135416666664,0.038611751863326146,0.7122372302059012,0.1610021481568786,4.871996883231561,87,767,37,37,65,47,54,58,58,72,40,26,29,29,34,20,13,20,28,40,60,5.864067554473877,1.2053111286824958e-10,0.8440586924552917,0.0,7.174723148345947,0.0,4.50444221496582,53.7702751159668,63.051204681396484,56.0439453125
1740,-73.888625,40.859466,19.96059827907111,15.442569720946514,24.65722147037723,0.1876488259311096,0.16482949440014164,0.7179352544969128,0.16311786141813076,5.622506324779785,217,13957,675,759,810,1146,1278,980,959,927,824,680,689,717,617,382,214,210,946,564,580,0.0,0.0,0.0,0.0,0.0,0.0,5.590651512145996,160.17416381835938,198.04116821289062,155.565673828125
1741,-73.85607,40.815043,11.928711046180835,15.496364278331441,30.34518342412095,0.1032484223020722,0.026569203433827456,0.7702797566383992,0.13330791071269585,4.669657867518587,117,1327,77,103,120,118,133,143,106,51,61,78,57,35,29,35,30,28,43,55,25,0.0,0.0,0.0,0.0,9.79692997733761e-13,0.0,5.421605110168457,61.566158294677734,65.4202880859375,82.86259460449219
1742,-73.85593,40.821218,15.098981344571676,12.04123035553963,30.228960385886573,0.15747562531502016,0.025958399618825605,0.678515895720451,0.1690017536122312,4.71612540624475,155,3175,211,178,291,268,213,224,203,161,151,122,90,120,84,100,68,72,169,268,182,0.0,0.00018178456230089068,0.0,0.0,1.9971162310700175e-12,0.0,5.251344680786133,119.34149932861328,130.7311553955078,133.5264892578125
1743,-73.85593,40.821218,15.098981344571676,12.04123035553963,30.228960385886573,0.15747562531502016,0.025958399618825605,0.678515895720451,0.1690017536122312,4.71612540624475,155,3175,211,178,291,268,213,224,203,161,151,122,90,120,84,100,68,72,169,268,182,0.0,0.00018178456230089068,0.0,0.0,1.9971162310700175e-12,0.0,5.251344680786133,119.34149932861328,130.7311553955078,133.5264892578125
1744,-73.857989,40.845023,18.532718672896877,10.374739675810844,30.407377445336543,0.10872609687573981,0.06535053253173828,0.8589271343115604,0.13940442692149768,5.684419111772017,88,961,46,59,46,46,58,57,49,56,76,34,70,54,69,27,23,20,46,82,43,15.05053997039795,0.0,0.0,0.0,1.0301115914597431e-18,0.0,4.495079517364502,89.11589813232422,123.24656677246094,81.5354232788086
1745,-73.905389,40.818703,28.18081169797664,13.056915684750203,19.565966087475157,0.2337773640950521,0.38932097585577713,0.8230774862724439,0.10998207226134182,5.383571825529399,95,20391,1364,1517,1479,1751,1622,1525,1368,1428,1217,1419,1535,961,620,517,290,279,353,498,648,0.0,2.3633577733717104e-12,0.0,0.0,0.0,0.0,3.6993274688720703,163.38438415527344,137.80532836914062,196.81700134277344
1746,-73.914067,40.827438,24.946241814472955,7.865325166085849,26.322482765830312,0.17192472661207173,0.1759821186614319,0.9071188731443657,0.12258135929527218,5.731854705035989,197,12738,879,1183,981,961,945,1160,852,748,533,604,526,512,588,364,280,294,362,477,489,0.2949148118495941,0.0,7.246263311611045e-11,0.0,0.0,0.0,5.090524196624756,194.6379852294922,127.1279067993164,247.4969024658203
1747,-73.919949,40.818645,30.788696212256507,6.749153350556989,21.70521119563638,0.4749336498695733,0.21399854280271255,0.6653698232083246,0.09577941041131414,7.00016107068499,149,32020,2036,1740,1703,2225,2269,2048,2223,2132,2394,2428,1646,1361,1207,1517,638,546,884,1201,1822,9.972200842867096e-11,7.656449794769287,2.0177349374650433e-11,0.0,3.6187288517293414e-13,0.0,4.790200233459473,212.8154296875,231.82437133789062,229.58485412597656
1748,-73.879931,40.839297,24.511034387937734,8.304700717120106,28.806771023172733,0.1964981007464055,0.22435994215414556,0.9611852851831857,0.14437957548759353,5.951299353944303,142,9916,733,1039,1002,763,911,730,639,747,510,550,496,359,338,266,115,110,138,201,269,5.909396236236653e-13,3.0035667419433594,6.092566535097991e-15,0.0,0.0,0.0,5.019933700561523,123.52064514160156,90.87828063964844,160.99838256835938
1749,-73.903139,40.855337,30.582934535701835,5.04611389641696,21.51863372772638,0.22162394175632938,0.29657202124360516,0.7674429778751773,0.14518158440524073,6.425972850129919,169,49465,3438,3861,3712,3269,2865,3159,2730,2800,2967,2409,2181,2282,2250,1901,1486,1449,2020,2183,2503,0.0,0.0,0.0,0.0,0.0,0.0,4.985010623931885,245.9567108154297,184.53952026367188,304.69805908203125
1750,-73.919316,40.812804,27.952855989044775,10.908048106174844,20.835473864686257,0.36011677162320005,0.28191996555702364,0.6389505722943474,0.10084862802542893,6.469136967378502,170,37183,2702,2307,2246,2593,2524,2737,3026,2402,3016,2924,1991,1610,1437,1639,638,464,657,938,1332,9.914112586439927e-11,1.0311806201934814,4.154087490659819e-11,0.0,0.8453232049942017,0.0,4.853515625,217.70162963867188,225.19912719726562,229.32130432128906
1751,-73.878191,40.832508,20.737557253461453,13.724011622615745,25.32138508998104,0.10961430673380845,0.0758469559764134,0.4229079676038436,0.09105187335997136,7.503034625647936,131,9303,1016,1188,745,709,752,725,738,460,533,377,313,296,258,240,161,176,180,221,215,0.0,2.6242061570091145e-14,4.724302004287251e-13,1.3788247108459473,0.0,0.0,5.557755947113037,184.25448608398438,152.76356506347656,218.26329040527344
1752,-73.922527,40.823014,25.45915551446564,11.735317837539595,22.042341849104087,0.5919646267867206,0.044838350210616836,0.8024761332801326,0.1915915095390965,7.254594594091918,134,16313,875,921,981,1142,1418,1465,1180,1040,856,851,900,858,733,883,368,393,458,469,522,11.419493675231934,0.031222600489854813,2.1755363941192627,0.0,1.0192515850067139,0.0,5.022950649261475,234.05967712402344,180.36607360839844,306.5891418457031
1753,-73.913016,40.854335,22.824378543429898,17.036984458802237,20.04871065654452,0.12650747147817462,0.034397670200892856,0.6827266632564485,0.11543395027281744,6.557495783245753,105,9530,913,907,893,1018,806,712,714,496,428,362,276,288,321,258,186,188,227,270,267,0.0,0.0,4.893442153930664,0.0,0.0,0.0,5.011026859283447,181.0837860107422,161.83120727539062,225.23110961914062
1754,-73.897404,40.854257,27.210659904275996,5.993879457633551,25.176332511153873,0.1581074719760507,0.09085303321879178,0.8292378376299471,0.13145065987598875,6.12948344565543,187,32995,1810,2230,1926,1858,1596,1717,1723,2025,2033,1764,1740,1721,1660,1409,1161,1180,1679,1785,1978,0.0,0.0,0.0,0.0,0.0,0.0,5.217575550079346,206.523193359375,176.33937072753906,245.82347106933594
1755,-73.818083,40.826794,11.022602095914523,17.015530231811994,30.865708347481334,0.052897135416666664,0.038611751863326146,0.7122372302059012,0.1610021481568786,4.871996883231561,87,767,37,37,65,47,54,58,58,72,40,26,29,29,34,20,13,20,28,40,60,5.864067554473877,1.2053111286824958e-10,0.8440586924552917,0.0,7.174723148345947,0.0,4.50444221496582,53.7702751159668,63.051204681396484,56.0439453125
1756,-73.912038,40.814857,25.42538596588431,8.775919695116556,24.611835726642298,0.1883244437307216,0.2576383572180294,0.5715604738895946,0.1250881207413658,5.25979934001046,103,18467,1118,992,1019,1055,939,1109,1065,1271,1665,1267,1092,826,672,699,500,470,757,898,1053,3.243624210357666,0.0,5.273552775020285e-11,0.0,1.0200163125991821,0.0,4.715465545654297,176.3262176513672,145.7327880859375,194.08245849609375
1757,-73.92115,40.806389,22.921124482766178,10.315673080556124,26.044957541720766,0.15861961867783095,0.15387866959903704,0.7980000841748582,0.09997930282201521,5.3830300495301415,182,16541,1041,1338,1272,1033,1136,1019,1088,1043,1235,1053,1004,790,543,504,419,365,485,593,580,32.293983459472656,1.7857747225402676e-10,4.883868217468262,0.0,19.563364028930664,0.0,4.886379241943359,175.3565216064453,120.5762710571289,204.30894470214844
1758,-73.910421,40.821682,24.51601213879056,7.729157076941595,26.46346913443671,0.16917652553982207,0.0675646464029948,0.7283838589986167,0.153908199734158,5.63998301823934,120,26384,1317,1123,1288,1506,1494,1712,1517,1460,1655,1491,1449,1440,1349,1293,1069,1192,1291,1379,1359,0.0,3.343474314684153e-13,5.377950255264219e-12,0.0,0.0,0.0,4.378989219665527,181.6967010498047,145.99314880371094,221.4005584716797
1759,-73.913016,40.854335,22.824378543429898,17.036984458802237,20.04871065654452,0.12650747147817462,0.034397670200892856,0.6827266632564485,0.11543395027281744,6.557495783245753,105,9530,913,907,893,1018,806,712,714,496,428,362,276,288,321,258,186,188,227,270,267,0.0,0.0,4.893442153930664,0.0,0.0,0.0,5.011026859283447,181.0837860107422,161.83120727539062,225.23110961914062
1760,-73.912686,40.877379,23.69633639300311,18.676219516330292,19.34816124998493,0.14286465115017358,0.08530322416329089,0.8349406866379726,0.14853889559522088,5.295876397026911,135,2594,174,119,221,223,168,177,177,153,166,168,158,90,75,81,71,67,81,119,106,0.0,0.0,0.0,0.0,0.0,0.0,5.228639125823975,130.68067932128906,146.9772186279297,165.11422729492188
1761,-73.875451,40.872455,21.030852824081617,13.15027372336682,23.505181147728436,0.15860840126320166,0.09779635770821278,0.6570321542245372,0.13105133433400848,6.012056786337018,108,3469,178,255,189,209,312,276,184,238,229,176,188,150,180,142,117,104,93,103,146,0.0,0.0,0.0,0.0,0.0,0.0,6.080657005310059,200.52371215820312,162.6259307861328,236.38406372070312
1762,-73.90392,40.827455,24.451268922298325,13.68993590002031,20.57894143854077,0.18562876850093177,0.05723795759568521,0.5028170547718667,0.09132816886318569,6.479028240985465,109,11911,662,623,767,845,907,1050,777,786,771,733,730,613,489,405,268,325,349,372,439,1.930375724319802e-20,1.9655891497771805e-12,0.0,0.0,2.7452213764190674,0.0,4.787077903747559,209.03643798828125,189.8970489501953,230.66839599609375
1763,-73.839583,40.839775,21.89420644384231,10.774690855448553,26.93020224281181,0.13254959217823334,0.5344627547438128,1.0348507957736943,0.1678824134696719,5.43241872114567,137,2862,160,145,159,173,141,143,112,121,136,167,137,148,164,131,118,160,186,227,134,8.58829116821289,0.0,7.632840633392334,0.0,3.056366443634033,0.0,5.449781894683838,59.05277633666992,118.79658508300781,58.299072265625
1764,-73.919913,40.81264,28.146234368010287,12.682815270921203,19.70388533391348,0.3335730429807323,0.28562838314501054,0.6277946362953731,0.09956281853112217,6.171246199032523,163,24477,1919,1641,1667,1828,1678,1702,1996,1530,2002,1575,1221,963,1015,1146,490,354,434,572,744,1.0078135548319267e-10,2.095935821533203,2.1645242889722915e-11,0.0,2.287116050720215,0.0,4.891622543334961,216.95718383789062,223.5289764404297,231.63262939453125
1765,-73.911366,40.839307,27.714153216611287,10.842626786632216,21.04818014789828,0.2638128449876817,0.04372082168249775,0.6046082476060167,0.16059715399067465,6.517598954893701,139,20894,1353,1445,1639,1786,2078,1934,1629,1441,1404,875,946,664,561,585,355,456,458,621,664,0.0,0.15767167508602142,3.873489723416057e-11,0.0,0.0,0.0,5.284764766693115,233.0558319091797,164.8333740234375,311.49359130859375
1766,-73.911366,40.839307,27.714153216611287,10.842626786632216,21.04818014789828,0.2638128449876817,0.04372082168249775,0.6046082476060167,0.16059715399067465,6.517598954893701,139,20894,1353,1445,1639,1786,2078,1934,1629,1441,1404,875,946,664,561,585,355,456,458,621,664,0.0,0.15767167508602142,3.873489723416057e-11,0.0,0.0,0.0,5.284764766693115,233.0558319091797,164.8333740234375,311.49359130859375
1767,-73.864438,40.851577,28.275049914110888,13.267338669693864,20.170093227077178,0.09438826873137786,0.7101763476122607,0.7270810124394415,0.11922303620759431,7.2220026193796345,111,2916,139,181,161,152,184,204,193,203,199,190,178,198,196,119,61,63,72,90,133,3.7984586497845537e-32,0.0,0.0,0.0,0.9110751152038574,0.0,4.425675868988037,135.15802001953125,111.00141906738281,175.9618377685547
1768,-73.919597,40.839503,26.16176639406484,6.434417027299122,24.336218406649902,0.18809431342668434,0.3381267670662172,0.8586063179918515,0.1701043925404976,6.565755755243336,93,41981,2222,2486,2267,2295,2425,2372,2606,3149,2905,2642,2185,2105,2070,1855,1195,1382,1989,1892,1939,9.933820432905804e-11,1.5668646935473873e-10,3.0977328341341703e-11,0.0,0.0,0.0,4.869025230407715,229.2157745361328,150.93170166015625,286.2762756347656
1769,-73.843013,40.856531,10.673330636171025,23.860069256865955,24.94793794961122,0.21138608314748633,0.016332856306792997,0.875839837617626,0.15446931194188182,5.129236306986346,141,15370,678,784,820,678,595,755,937,995,1112,889,979,949,965,881,605,556,676,707,809,0.0,0.0,0.0,0.0,0.0,0.0,5.166135787963867,97.03376770019531,97.9452133178711,121.64935302734375
1770,-73.885284,40.815827,21.53819919202887,5.995673007752148,30.348803323992133,0.15321956677109808,0.08590187182266747,0.7579622466408276,0.11175739708129297,5.5971743387468695,209,9929,974,1220,1111,933,737,710,672,548,552,439,391,336,231,151,164,114,184,213,249,0.0,0.27963322401046753,0.0,0.0,0.0,0.0,5.469467639923096,195.2018585205078,138.06895446777344,194.8054962158203
1771,-73.92996,40.815712,23.32617180532517,5.646217468122371,31.857645348326805,0.1612038372858474,0.240741799411164,1.063252148562915,0.12860036876103648,4.9502013480826585,146,5386,202,236,281,419,351,260,280,333,337,331,291,219,164,246,108,119,157,314,738,8.164712905883789,11.693687438964844,2.284205198287964,13.64402961730957,7.432944297790527,0.0,5.281824111938477,85.05510711669922,134.17047119140625,92.72447204589844
1772,-73.911708,40.853728,26.22179442304906,12.319961408289466,20.771874838728248,0.1535973897794398,0.07113635055417938,0.619432402820122,0.11168999400565294,7.306633926019438,82,14197,1201,1245,1273,1353,1111,1069,1072,819,750,670,443,502,466,369,243,261,365,483,502,0.0,0.0,4.883131504058838,0.0,0.0,0.0,4.786861419677734,181.69891357421875,151.83998107910156,225.0771942138672
1773,-73.85593,40.821218,15.098981344571676,12.04123035553963,30.228960385886573,0.15747562531502016,0.025958399618825605,0.678515895720451,0.1690017536122312,4.71612540624475,155,3175,211,178,291,268,213,224,203,161,151,122,90,120,84,100,68,72,169,268,182,0.0,0.00018178456230089068,0.0,0.0,1.9971162310700175e-12,0.0,5.251344680786133,119.34149932861328,130.7311553955078,133.5264892578125
1774,-73.897066,40.869061,27.226068909730934,12.499575139252228,18.77916363904076,0.16719094158089076,0.2611601149658797,0.755029989275039,0.09989587639950198,5.88063311982909,137,11647,687,739,1039,863,1081,999,824,783,795,684,459,540,413,354,239,224,248,279,397,0.0,0.0,0.0,0.0,0.0,0.0,5.226263999938965,209.27783203125,206.0557861328125,282.3140869140625
1775,-73.888625,40.859466,19.96059827907111,15.442569720946514,24.65722147037723,0.1876488259311096,0.16482949440014164,0.7179352544969128,0.16311786141813076,5.622506324779785,217,13957,675,759,810,1146,1278,980,959,927,824,680,689,717,617,382,214,210,946,564,580,0.0,0.0,0.0,0.0,0.0,0.0,5.590651512145996,160.17416381835938,198.04116821289062,155.565673828125
1776,-73.888625,40.859466,19.96059827907111,15.442569720946514,24.65722147037723,0.1876488259311096,0.16482949440014164,0.7179352544969128,0.16311786141813076,5.622506324779785,217,13957,675,759,810,1146,1278,980,959,927,824,680,689,717,617,382,214,210,946,564,580,0.0,0.0,0.0,0.0,0.0,0.0,5.590651512145996,160.17416381835938,198.04116821289062,155.565673828125
1777,-73.888625,40.859466,19.96059827907111,15.442569720946514,24.65722147037723,0.1876488259311096,0.16482949440014164,0.7179352544969128,0.16311786141813076,5.622506324779785,217,13957,675,759,810,1146,1278,980,959,927,824,680,689,717,617,382,214,210,946,564,580,0.0,0.0,0.0,0.0,0.0,0.0,5.590651512145996,160.17416381835938,198.04116821289062,155.565673828125
1778,-73.888625,40.859466,19.96059827907111,15.442569720946514,24.65722147037723,0.1876488259311096,0.16482949440014164,0.7179352544969128,0.16311786141813076,5.622506324779785,217,13957,675,759,810,1146,1278,980,959,927,824,680,689,717,617,382,214,210,946,564,580,0.0,0.0,0.0,0.0,0.0,0.0,5.590651512145996,160.17416381835938,198.04116821289062,155.565673828125
1779,-73.889011,40.879958,15.233637985673925,19.90377895268808,23.626664849932528,0.10907071308024877,0.1285701122098756,0.7144134793080942,0.12659362990493528,3.8651250326903503,103,709,39,37,31,68,90,80,48,50,48,28,37,31,12,13,10,15,14,19,39,0.0,0.0,0.0,0.0,0.0,0.0,5.0578293800354,224.08045959472656,225.66903686523438,260.4068908691406
1780,-73.897066,40.869061,27.226068909730934,12.499575139252228,18.77916363904076,0.16719094158089076,0.2611601149658797,0.755029989275039,0.09989587639950198,5.88063311982909,137,11647,687,739,1039,863,1081,999,824,783,795,684,459,540,413,354,239,224,248,279,397,0.0,0.0,0.0,0.0,0.0,0.0,5.226263999938965,209.27783203125,206.0557861328125,282.3140869140625
1781,-73.917526,40.831873,31.11498680981723,6.961840391159057,20.337850036043104,0.23125319769888214,0.2976316394227924,0.6877619208711567,0.11246746236627753,5.976321299870808,176,21835,1721,1995,1800,1917,2669,2078,1599,1386,1070,931,666,632,570,471,367,324,420,574,645,3.1242239475250244,6.370878824490944e-11,6.78489001093574e-11,0.0,2.222294275141222e-14,0.0,5.161443710327148,272.8867492675781,188.65480041503906,354.17218017578125
1782,-73.889011,40.879958,15.233637985673925,19.90377895268808,23.626664849932528,0.10907071308024877,0.1285701122098756,0.7144134793080942,0.12659362990493528,3.8651250326903503,103,709,39,37,31,68,90,80,48,50,48,28,37,31,12,13,10,15,14,19,39,0.0,0.0,0.0,0.0,0.0,0.0,5.0578293800354,224.08045959472656,225.66903686523438,260.4068908691406
1783,-73.898265,40.823124,27.060209910074875,9.438446446468959,23.44610147308884,0.20819714194849914,0.07343760707922149,1.0016645464980813,0.1286550153765762,6.380261538321512,95,14416,774,991,1197,1112,1059,1265,1056,1019,929,720,772,594,500,437,277,333,305,491,585,9.962639437380294e-13,7.477955971460504e-13,0.0,0.0,1.7674448798530266e-18,0.0,3.9903690814971924,159.79954528808594,143.97511291503906,173.7167510986328
1784,-73.903139,40.855337,30.582934535701835,5.04611389641696,21.51863372772638,0.22162394175632938,0.29657202124360516,0.7674429778751773,0.14518158440524073,6.425972850129919,169,49465,3438,3861,3712,3269,2865,3159,2730,2800,2967,2409,2181,2282,2250,1901,1486,1449,2020,2183,2503,0.0,0.0,0.0,0.0,0.0,0.0,4.985010623931885,245.9567108154297,184.53952026367188,304.69805908203125
1785,-73.859998,40.822925,14.64938582206259,12.006033034551708,30.474825456839845,0.15049937630997223,0.02532686505998884,0.7757243655976794,0.1421331548366417,4.450238318670364,196,6050,432,423,543,496,433,444,321,295,288,191,218,271,190,169,98,128,323,453,334,0.0,1.4572996672249094e-12,0.0,0.0,0.0,0.0,5.172984600067139,148.22618103027344,120.06600189208984,182.52528381347656
1786,-73.917705,40.828009,29.24983836651601,7.90431262192568,22.178468056388002,0.4752409213338796,0.24511207713146724,0.9267868777210303,0.20234377651606314,6.259930868284397,211,26679,1604,1982,1901,1961,2198,2325,1876,1761,1341,1448,1328,1108,1218,1250,502,499,716,786,875,8.107815742492676,7.275513524973576e-11,6.6044392177389e-11,0.0,1.0203245878219604,0.0,5.121865749359131,251.37843322753906,188.1566925048828,318.9931335449219
1787,-73.85593,40.821218,15.098981344571676,12.04123035553963,30.228960385886573,0.15747562531502016,0.025958399618825605,0.678515895720451,0.1690017536122312,4.71612540624475,155,3175,211,178,291,268,213,224,203,161,151,122,90,120,84,100,68,72,169,268,182,0.0,0.00018178456230089068,0.0,0.0,1.9971162310700175e-12,0.0,5.251344680786133,119.34149932861328,130.7311553955078,133.5264892578125
1788,-73.917705,40.828009,29.24983836651601,7.90431262192568,22.178468056388002,0.4752409213338796,0.24511207713146724,0.9267868777210303,0.20234377651606314,6.259930868284397,211,26679,1604,1982,1901,1961,2198,2325,1876,1761,1341,1448,1328,1108,1218,1250,502,499,716,786,875,8.107815742492676,7.275513524973576e-11,6.6044392177389e-11,0.0,1.0203245878219604,0.0,5.121865749359131,251.37843322753906,188.1566925048828,318.9931335449219
1789,-73.831669,40.874035,14.599036636138829,19.655101573099945,24.482064821473017,0.08402057722503065,0.009591238839285714,0.5216948458460532,0.12138484238910408,4.5428796976554295,119,778,94,74,53,56,42,51,50,37,27,46,41,40,23,29,18,16,20,30,31,0.0,0.0,0.0,0.0,0.0,0.0,5.938348293304443,271.78338623046875,266.9071960449219,392.6561279296875
1790,-73.917526,40.831873,31.11498680981723,6.961840391159057,20.337850036043104,0.23125319769888214,0.2976316394227924,0.6877619208711567,0.11246746236627753,5.976321299870808,176,21835,1721,1995,1800,1917,2669,2078,1599,1386,1070,931,666,632,570,471,367,324,420,574,645,3.1242239475250244,6.370878824490944e-11,6.78489001093574e-11,0.0,2.222294275141222e-14,0.0,5.161443710327148,272.8867492675781,188.65480041503906,354.17218017578125
1791,-73.885081,40.833595,23.441452050358993,7.4845649911172725,29.43868077276138,0.12204812007880061,0.3187299524463198,0.796015757434773,0.13275766272714803,5.546143169922899,159,9454,447,634,645,789,687,702,621,630,592,376,557,520,412,363,246,294,322,370,247,7.778737439295522e-34,5.888596115251355e-23,6.136676995553703e-13,0.0,0.0,0.0,5.478527545928955,160.26278686523438,109.48344421386719,200.0342254638672
1792,-73.910426,40.875161,30.31350023606244,12.830967809639725,19.440551271625598,0.18245827917959176,0.33381929584577974,0.8168138242235371,0.12963201485428158,6.061526653813382,170,10723,450,477,619,668,588,705,741,680,692,610,577,436,368,603,254,277,680,775,523,0.0,0.0,0.0,0.0,0.0,0.0,5.149093151092529,172.64085388183594,142.44808959960938,223.5969696044922
1793,-73.929797,40.834599,25.10193215041864,13.221528100185704,21.57092641611568,0.17055032031783643,0.16778414366675204,0.7289792670578255,0.11505168643805498,7.59808691472955,61,11456,965,1022,1068,1284,987,988,781,651,455,480,389,350,324,272,174,243,300,352,371,0.04038363695144653,0.0,0.5327226519584656,0.0,8.337790489196777,0.0,4.597376346588135,178.1429443359375,116.27741241455078,224.21702575683594
1794,-73.830616,40.882778,13.32514762878417,14.899819237845284,30.577571959722615,0.10481743585495723,0.09342738560267858,0.929047947838193,0.14281386420840306,4.701071012587774,140,2829,208,285,201,211,228,216,188,236,213,110,130,134,108,95,45,56,55,55,55,0.0,0.0,0.0,0.0,0.0,0.0,4.6711812019348145,73.323486328125,64.88545227050781,70.87825012207031
1795,-73.900121,40.828406,23.864077538559116,12.794936399689245,21.83822356548506,0.22518839623100573,0.13242177537216762,0.5519437626055426,0.12187236772779748,6.103760434180192,97,13328,768,964,1142,1195,978,1086,805,832,849,708,746,527,516,456,261,349,307,410,429,1.6186226606369019,3.778830140509573e-14,0.0,0.0,4.080681800842285,0.0,4.804362773895264,164.1383056640625,166.9196319580078,176.10855102539062
1796,-73.859998,40.822925,14.64938582206259,12.006033034551708,30.474825456839845,0.15049937630997223,0.02532686505998884,0.7757243655976794,0.1421331548366417,4.450238318670364,196,6050,432,423,543,496,433,444,321,295,288,191,218,271,190,169,98,128,323,453,334,0.0,1.4572996672249094e-12,0.0,0.0,0.0,0.0,5.172984600067139,148.22618103027344,120.06600189208984,182.52528381347656
1797,-73.927397,40.820298,17.41532435019811,10.980353256066639,30.099572738011677,0.2183487017949422,0.13435781002044678,0.9824775159358978,0.14043450355529782,5.767556031545004,128,5769,229,217,316,358,415,386,387,425,377,344,313,267,238,225,126,127,167,244,608,9.713201522827148,7.006556510925293,1.4973472356796265,10.954126358032227,4.076388835906982,0.0,4.43552827835083,114.62152862548828,178.54466247558594,138.8530731201172
1798,-73.818083,40.826794,11.022602095914523,17.015530231811994,30.865708347481334,0.052897135416666664,0.038611751863326146,0.7122372302059012,0.1610021481568786,4.871996883231561,87,767,37,37,65,47,54,58,58,72,40,26,29,29,34,20,13,20,28,40,60,5.864067554473877,1.2053111286824958e-10,0.8440586924552917,0.0,7.174723148345947,0.0,4.50444221496582,53.7702751159668,63.051204681396484,56.0439453125
1799,-73.865028,40.862098,23.0546691478827,13.486230067717724,21.948513006552673,0.13571947048871943,0.20514145875588438,0.7022451131771773,0.11478265126546225,6.165801256130903,104,3536,115,165,175,218,274,176,227,258,179,168,215,240,187,180,134,68,187,171,199,0.0,0.0,0.0,0.0,0.0,0.0,3.9954371452331543,139.98553466796875,118.32666015625,160.55169677734375
1800,-73.911366,40.839307,27.714153216611287,10.842626786632216,21.04818014789828,0.2638128449876817,0.04372082168249775,0.6046082476060167,0.16059715399067465,6.517598954893701,139,20894,1353,1445,1639,1786,2078,1934,1629,1441,1404,875,946,664,561,585,355,456,458,621,664,0.0,0.15767167508602142,3.873489723416057e-11,0.0,0.0,0.0,5.284764766693115,233.0558319091797,164.8333740234375,311.49359130859375
1801,-73.917417,40.809023,26.270788022787254,12.102152884203214,20.832424037920752,0.19774515636683296,0.11121919839689047,0.6972105196206875,0.12089568789642637,6.958601734425762,101,22123,1840,1949,1670,1354,1559,1573,1640,1436,1693,1255,1190,990,703,616,490,388,540,656,581,6.919632911682129,5.639877106999869e-11,1.5636382102966309,0.0,2.21044659614563,0.0,4.097154140472412,200.5861358642578,159.51986694335938,236.40895080566406
1802,-73.929949,40.816245,21.830436476954713,5.647410066039476,32.22512271669176,0.2167330847846137,0.13763948723121924,1.028309265772502,0.13588291627389412,4.879942425975091,144,5818,220,255,299,449,372,270,300,408,371,359,309,253,194,255,113,133,177,327,754,9.259955406188965,11.60832691192627,2.173098564147949,13.8732328414917,7.080935955047607,0.0,5.168040752410889,86.86356353759766,126.36493682861328,93.7658920288086
1803,-73.911633,40.818041,27.54339117752878,9.23579533894857,22.658546514678424,0.20802213434587447,0.4345984207956414,0.8026936179713199,0.09870729948344983,5.875159481115508,95,13956,853,804,836,896,804,890,865,858,885,837,840,603,449,419,350,335,612,804,1016,2.9382143020629883,0.0,4.573257397777475e-11,0.0,1.020633339881897,0.0,4.210977554321289,159.3995819091797,128.4703826904297,193.6234893798828
1804,-73.912686,40.877379,23.69633639300311,18.676219516330292,19.34816124998493,0.14286465115017358,0.08530322416329089,0.8349406866379726,0.14853889559522088,5.295876397026911,135,2594,174,119,221,223,168,177,177,153,166,168,158,90,75,81,71,67,81,119,106,0.0,0.0,0.0,0.0,0.0,0.0,5.228639125823975,130.68067932128906,146.9772186279297,165.11422729492188
1805,-73.878191,40.832508,20.737557253461453,13.724011622615745,25.32138508998104,0.10961430673380845,0.0758469559764134,0.4229079676038436,0.09105187335997136,7.503034625647936,131,9303,1016,1188,745,709,752,725,738,460,533,377,313,296,258,240,161,176,180,221,215,0.0,2.6242061570091145e-14,4.724302004287251e-13,1.3788247108459473,0.0,0.0,5.557755947113037,184.25448608398438,152.76356506347656,218.26329040527344
1806,-73.900593,40.826933,22.748996124786583,13.641167335769756,21.984396499841388,0.19726980300176714,0.03932641477000957,0.5408095664718524,0.12486126958107462,5.837152442153619,98,12972,763,959,1060,1109,1046,1115,849,857,799,697,750,559,458,372,239,294,276,381,389,1.620091438293457,5.352400380548294e-13,0.0,0.0,4.0782151222229,0.0,4.751031398773193,161.99937438964844,147.89578247070312,180.2239532470703
1807,-73.898265,40.823124,27.060209910074875,9.438446446468959,23.44610147308884,0.20819714194849914,0.07343760707922149,1.0016645464980813,0.1286550153765762,6.380261538321512,95,14416,774,991,1197,1112,1059,1265,1056,1019,929,720,772,594,500,437,277,333,305,491,585,9.962639437380294e-13,7.477955971460504e-13,0.0,0.0,1.7674448798530266e-18,0.0,3.9903690814971924,159.79954528808594,143.97511291503906,173.7167510986328
1808,-73.865498,40.843531,18.902914965594256,9.820853692513925,29.99693234761556,0.12859203197337962,0.0619612799750434,0.7603871380841289,0.11972921865957756,6.772808145593714,90,3155,133,213,197,204,186,214,214,215,294,196,196,163,155,121,69,56,105,104,120,18.94304084777832,0.0,0.0,0.0,1.003882676512664e-19,0.0,4.474740028381348,130.63992309570312,115.55227661132812,133.5381317138672
1809,-73.900593,40.826933,22.748996124786583,13.641167335769756,21.984396499841388,0.19726980300176714,0.03932641477000957,0.5408095664718524,0.12486126958107462,5.837152442153619,98,12972,763,959,1060,1109,1046,1115,849,857,799,697,750,559,458,372,239,294,276,381,389,1.620091438293457,5.352400380548294e-13,0.0,0.0,4.0782151222229,0.0,4.751031398773193,161.99937438964844,147.89578247070312,180.2239532470703
1810,-73.854402,40.901436,24.928753951500198,10.996035871834591,24.650940401800746,0.09622902705751615,0.14262363828461747,0.6273801299347274,0.16539069427841008,6.946290224448018,58,2232,45,113,129,166,171,144,182,185,157,130,105,105,107,91,53,74,76,84,115,0.0,0.0,0.0,0.0,0.0,0.0,4.379784107208252,66.70264434814453,46.847984313964844,83.51013946533203
1811,-73.836525,40.863842,12.474519712430938,13.15927419576559,33.02881051828195,0.1198863123988246,0.050314052684887034,0.8954011642181122,0.1261698233114706,4.956963685181765,148,1365,98,58,72,87,118,131,69,115,116,85,103,75,36,47,32,23,32,34,34,0.0,0.0,0.0,0.0,0.0,0.0,5.177698612213135,51.72126388549805,80.8751449584961,53.68886184692383
1812,-73.925045,40.820059,19.844047939228172,12.793357456279638,26.28929944542365,0.23673711430412642,0.14543610859692582,0.8087349454884928,0.14850182261893416,7.112743925595994,123,9427,425,410,530,629,738,645,601,630,594,505,506,433,383,380,272,240,332,397,777,9.711282730102539,8.167274475097656,1.615201473236084,0.0,2.122238874435425,0.0,4.374355316162109,154.91798400878906,214.10238647460938,175.36444091796875
1813,-73.901599,40.816078,24.932751001096243,8.961734771728516,23.839829014796834,0.1594214345894608,0.33492032219381895,0.8638531553979016,0.12924717921836704,5.584438174378637,85,13085,785,1223,1279,1343,1201,1189,908,747,618,664,673,455,350,290,211,171,239,347,392,7.893395681003723e-13,2.1361658573150635,0.0,0.0,0.0,0.0,3.773930788040161,180.1404266357422,141.8230438232422,218.0023651123047
1814,-73.823816,40.864073,16.64277785224333,15.875097661236536,27.804634410052,0.14496701475322119,0.009609463427840755,0.5958752434757542,0.1468822587289582,3.639774904271877,153,621,50,44,46,17,41,61,35,42,74,28,28,30,19,20,17,18,13,24,14,0.0,0.0,0.0,0.0,0.0,0.0,6.856783866882324,212.98342895507812,142.123779296875,294.9911193847656
1815,-73.906403,40.829793,24.99138173602876,8.46072236696879,24.58201022375198,0.22419520786830358,0.15382142294020879,0.6586656683967228,0.10305274100530716,6.490059977486021,112,12593,776,775,755,920,850,932,767,777,870,807,709,689,505,419,292,325,390,428,607,0.0,1.921091107373596e-12,0.0,0.0,0.0,0.0,4.871191024780273,195.5134735107422,165.10467529296875,226.3357391357422
1816,-73.912557,40.807916,24.08574559222692,8.011623908733501,26.980015875279218,0.12420182940603672,0.3471555380985655,0.8071814460315923,0.08268137087767151,5.676575912826363,116,10936,829,1089,949,746,827,664,886,841,757,641,678,396,306,259,228,146,194,274,226,12.954813003540039,1.5067939758300781,6.054293177903958e-11,0.0,1.1715987902061187e-10,0.0,4.599298477172852,153.7454833984375,95.73873138427734,190.59396362304688
1817,-73.904223,40.818069,28.909685370627418,11.419195896677309,20.12502084510603,0.20637583643309634,0.4085230023673411,0.8423433768168819,0.10406729880343663,5.5800220046597016,89,18261,1122,1392,1387,1591,1504,1371,1239,1294,1112,1259,1323,813,543,453,248,238,324,459,589,0.0,0.18776044249534607,0.0,0.0,0.0,0.0,3.5883514881134033,163.15835571289062,140.15765380859375,194.0200653076172
1818,-73.925995,40.813681,24.01212337944243,14.264600972334547,22.711362110243908,0.2571895718574524,0.07512867450714111,0.6386500265863205,0.11058035824033947,5.669274595048692,192,41600,1999,2118,2246,2446,2094,2124,2425,2548,2831,2793,2585,2263,1906,2033,1323,1405,2063,2165,2233,2.6610239012292425e-10,17.41785430908203,0.0,0.0,3.0881261825561523,0.0,5.110082149505615,197.43797302246094,163.33404541015625,243.61117553710938
1819,-73.90497,40.835934,23.896140478999232,15.394992515689038,20.101663975116335,0.262176013383709,0.10780584616739242,0.5286623219974705,0.10352264987966402,6.785512100803395,122,14383,888,983,938,1202,1225,1071,952,925,878,915,850,732,480,366,228,297,303,527,623,0.0,1.9185692531203946e-12,6.445950002063883e-13,0.0,0.0,0.0,4.8726806640625,204.4456787109375,172.11532592773438,254.1919708251953
1820,-73.911633,40.818041,27.54339117752878,9.23579533894857,22.658546514678424,0.20802213434587447,0.4345984207956414,0.8026936179713199,0.09870729948344983,5.875159481115508,95,13956,853,804,836,896,804,890,865,858,885,837,840,603,449,419,350,335,612,804,1016,2.9382143020629883,0.0,4.573257397777475e-11,0.0,1.020633339881897,0.0,4.210977554321289,159.3995819091797,128.4703826904297,193.6234893798828
1821,-73.843013,40.856531,10.673330636171025,23.860069256865955,24.94793794961122,0.21138608314748633,0.016332856306792997,0.875839837617626,0.15446931194188182,5.129236306986346,141,15370,678,784,820,678,595,755,937,995,1112,889,979,949,965,881,605,556,676,707,809,0.0,0.0,0.0,0.0,0.0,0.0,5.166135787963867,97.03376770019531,97.9452133178711,121.64935302734375
1822,-73.908773,40.814952,29.720130682864905,11.015528374975855,19.567307622441444,0.2015592414380867,0.33385937030498797,0.577784457922855,0.09951504158886361,5.7009281256260005,91,17747,1154,1197,1364,1506,1226,1286,1015,1100,1485,1228,1154,659,562,462,378,340,379,575,677,3.2426350116729736,1.5616319001821033e-12,0.0,0.0,0.9803491830825806,0.0,4.013121128082275,180.9034881591797,137.66493225097656,225.695068359375
1823,-73.857989,40.845023,18.532718672896877,10.374739675810844,30.407377445336543,0.10872609687573981,0.06535053253173828,0.8589271343115604,0.13940442692149768,5.684419111772017,88,961,46,59,46,46,58,57,49,56,76,34,70,54,69,27,23,20,46,82,43,15.05053997039795,0.0,0.0,0.0,1.0301115914597431e-18,0.0,4.495079517364502,89.11589813232422,123.24656677246094,81.5354232788086
1824,-73.912038,40.814857,25.42538596588431,8.775919695116556,24.611835726642298,0.1883244437307216,0.2576383572180294,0.5715604738895946,0.1250881207413658,5.25979934001046,103,18467,1118,992,1019,1055,939,1109,1065,1271,1665,1267,1092,826,672,699,500,470,757,898,1053,3.243624210357666,0.0,5.273552775020285e-11,0.0,1.0200163125991821,0.0,4.715465545654297,176.3262176513672,145.7327880859375,194.08245849609375
1825,-73.919024,40.827461,29.068012007401173,7.7254128492076255,22.252877984830878,0.4980141940339839,0.2135611946945996,0.966025333778531,0.24946465930967487,6.59483842001062,221,23925,1328,1626,1646,1776,1951,2165,1721,1601,1234,1328,1218,1018,1101,1208,453,446,630,704,771,11.327713012695312,1.408927002843896e-10,4.81100749516461e-11,0.0,1.0189379453659058,0.0,5.099999904632568,250.80191040039062,192.70303344726562,308.3494873046875
1826,-73.860729,40.860443,13.494599054730127,23.881743900359613,21.785124521406868,0.14839202638656374,0.0162506103515625,0.7308484637548054,0.12379540337456597,4.587196773952908,105,2693,100,130,176,159,263,109,187,184,165,138,198,234,144,109,88,48,86,81,94,0.0,0.0,0.0,0.0,0.0,0.0,4.86662483215332,111.08834075927734,135.59619140625,111.01048278808594
1827,-73.860729,40.860443,13.494599054730127,23.881743900359613,21.785124521406868,0.14839202638656374,0.0162506103515625,0.7308484637548054,0.12379540337456597,4.587196773952908,105,2693,100,130,176,159,263,109,187,184,165,138,198,234,144,109,88,48,86,81,94,0.0,0.0,0.0,0.0,0.0,0.0,4.86662483215332,111.08834075927734,135.59619140625,111.01048278808594
1828,-73.890591,40.836245,23.04595914780368,14.440173824338146,21.392749637872924,0.1425144446157191,0.3324870645564838,0.652031074765245,0.09433556067102437,5.423883916107699,137,11624,452,726,817,912,950,846,858,913,828,686,846,710,435,374,208,206,245,351,261,3.2357778549194336,1.3030073642730713,6.258703950066946e-13,0.0,3.058661699295044,0.0,5.329376697540283,129.87628173828125,114.34266662597656,144.2544708251953
1829,-73.852714,40.888242,20.348014608461256,11.992026769626909,27.088953319348786,0.10070466158682839,0.20415322822436952,0.6788119935152824,0.2226433558770787,6.0337473774514,57,1765,97,141,175,160,167,123,81,92,126,68,85,74,62,62,37,61,35,44,75,0.0,0.0,0.0,0.0,0.0,0.0,3.275773286819458,80.18001556396484,57.7515754699707,103.08512115478516
1830,-73.852714,40.888242,20.348014608461256,11.992026769626909,27.088953319348786,0.10070466158682839,0.20415322822436952,0.6788119935152824,0.2226433558770787,6.0337473774514,57,1765,97,141,175,160,167,123,81,92,126,68,85,74,62,62,37,61,35,44,75,0.0,0.0,0.0,0.0,0.0,0.0,3.275773286819458,80.18001556396484,57.7515754699707,103.08512115478516
1831,-73.903951,40.833493,23.64798156643211,13.380326066061711,21.09114804371867,0.26978792802567053,0.2157413328176718,0.6329007609239621,0.09047398314669126,7.617587092509525,107,14809,1014,961,964,1266,1151,1041,830,941,988,1005,895,760,540,435,246,302,374,489,607,0.0,1.8021006778848325e-12,6.056294246485627e-13,0.0,0.0,0.0,4.690317630767822,232.34967041015625,212.40774536132812,278.868408203125
1832,-73.878191,40.832508,20.737557253461453,13.724011622615745,25.32138508998104,0.10961430673380845,0.0758469559764134,0.4229079676038436,0.09105187335997136,7.503034625647936,131,9303,1016,1188,745,709,752,725,738,460,533,377,313,296,258,240,161,176,180,221,215,0.0,2.6242061570091145e-14,4.724302004287251e-13,1.3788247108459473,0.0,0.0,5.557755947113037,184.25448608398438,152.76356506347656,218.26329040527344
1833,-73.919949,40.818645,30.788696212256507,6.749153350556989,21.70521119563638,0.4749336498695733,0.21399854280271255,0.6653698232083246,0.09577941041131414,7.00016107068499,149,32020,2036,1740,1703,2225,2269,2048,2223,2132,2394,2428,1646,1361,1207,1517,638,546,884,1201,1822,9.972200842867096e-11,7.656449794769287,2.0177349374650433e-11,0.0,3.6187288517293414e-13,0.0,4.790200233459473,212.8154296875,231.82437133789062,229.58485412597656
1834,-73.882487,40.855392,21.87998713558293,12.993926899407501,23.518641106116725,0.15209515889485678,0.1598183826733661,0.5799168754222147,0.13359626988783532,5.437231747480277,186,7982,391,515,519,589,699,564,509,532,642,480,444,434,317,228,148,164,220,270,317,0.0,0.0,0.0,0.0,0.0,0.0,5.129372596740723,204.96243286132812,170.5696563720703,255.89569091796875
1835,-73.902969,40.84325,23.499612285666274,9.213428410220907,27.976534900055626,0.18744599329282158,0.21340574848053118,0.9664380931418779,0.11619955437368452,7.663657785006311,146,24640,1255,1471,1424,1364,1232,1279,1250,1430,1704,1576,1425,1355,1307,1203,1025,887,1041,1208,1204,0.0,0.3150101900100708,0.0,0.0,0.0,0.0,4.9882354736328125,113.1528549194336,83.59104919433594,134.3843994140625
1836,-73.922366,40.821828,21.788245519002274,14.24997806549072,24.023883819580078,0.21842670440673828,0.009824752807617188,0.6070833206176758,0.14556248982747394,7.229648907979328,100,7690,430,417,535,680,781,665,579,499,523,383,441,383,239,226,159,130,160,203,257,9.665921211242676,2.745971202850342,2.1732337474823,0.0,0.23210285604000092,0.0,4.971211910247803,235.40386962890625,186.72299194335938,294.45574951171875
1837,-73.839682,40.886002,10.139630551923785,22.73533344268798,25.150000003346225,0.04829356544896176,0.02357583296926398,0.5710442860921223,0.11612072325589363,4.392237412302117,76,1366,133,99,186,125,122,102,86,75,63,86,35,50,58,22,20,30,29,25,20,0.0,0.0,0.0,0.0,0.0,0.0,4.7920355796813965,81.36617279052734,122.6350326538086,83.07535552978516
1838,-73.897876,40.817741,24.418358075416688,9.822381283603818,24.496361899510614,0.15045936498264809,0.3233537835589909,0.9347269090555483,0.11754089829611913,5.690423243463377,118,33200,1320,1786,2080,2177,2348,2586,2343,2398,2241,2144,1944,1536,1321,1187,901,906,1234,1233,1515,9.845141195341522e-13,3.2612416744232178,0.0,0.0,0.0,0.0,4.4139533042907715,170.48646545410156,135.27304077148438,201.97486877441406
1839,-73.866038,40.838151,22.94762085162089,10.9804446189866,25.62165628494291,0.17829309524564868,0.1799143415835393,0.9534573599892595,0.10956837857061413,6.392018808483405,177,7627,604,827,1099,678,552,601,516,448,461,307,196,222,170,146,135,147,176,166,176,7.24708596085144e-13,4.929205894470215,2.7871254566422254e-13,0.0,0.0,0.0,5.266129016876221,160.9497833251953,110.1678695678711,208.3195343017578
1840,-73.839682,40.886002,10.139630551923785,22.73533344268798,25.150000003346225,0.04829356544896176,0.02357583296926398,0.5710442860921223,0.11612072325589363,4.392237412302117,76,1366,133,99,186,125,122,102,86,75,63,86,35,50,58,22,20,30,29,25,20,0.0,0.0,0.0,0.0,0.0,0.0,4.7920355796813965,81.36617279052734,122.6350326538086,83.07535552978516
1841,-73.90557,40.812075,26.363857256041626,6.370696425437927,25.919183426433136,0.11322067843543158,0.11342565218607585,0.7919059859381784,0.126823451783922,4.94500928454929,96,12243,659,752,1002,1090,934,846,801,760,857,717,766,480,354,367,309,287,276,485,501,6.132601546988074e-21,0.9472603797912598,0.0,0.0,0.0,0.0,3.745866060256958,168.2120819091797,134.3765106201172,193.59725952148438
1842,-73.893236,40.861316,27.29703680527741,7.167402463757682,24.599600790466212,0.33371291036063805,0.12351532685591878,0.7780674232682143,0.1251970751128072,6.57901617422265,217,26006,1531,1835,1725,1990,2232,2144,1870,1641,1391,1106,981,1039,1005,767,468,456,1341,1322,1162,0.0,0.0,0.0,0.0,0.0,0.0,5.171882152557373,237.27281188964844,213.98301696777344,278.3890075683594
1843,-73.866038,40.838151,22.94762085162089,10.9804446189866,25.62165628494291,0.17829309524564868,0.1799143415835393,0.9534573599892595,0.10956837857061413,6.392018808483405,177,7627,604,827,1099,678,552,601,516,448,461,307,196,222,170,146,135,147,176,166,176,7.24708596085144e-13,4.929205894470215,2.7871254566422254e-13,0.0,0.0,0.0,5.266129016876221,160.9497833251953,110.1678695678711,208.3195343017578
1844,-73.881187,40.820486,17.185410297278207,10.231213425145004,31.756388346354164,0.13604597611860794,0.023326873779296875,0.8175584041711056,0.08737477389248934,5.121400717532995,110,1983,91,187,214,185,269,158,131,66,76,54,81,54,42,47,45,43,58,71,111,0.0,1.1025160551071167,0.0,0.0,0.0,0.0,5.564903736114502,130.33062744140625,59.4240837097168,155.6589813232422
1845,-73.843013,40.856531,10.673330636171025,23.860069256865955,24.94793794961122,0.21138608314748633,0.016332856306792997,0.875839837617626,0.15446931194188182,5.129236306986346,141,15370,678,784,820,678,595,755,937,995,1112,889,979,949,965,881,605,556,676,707,809,0.0,0.0,0.0,0.0,0.0,0.0,5.166135787963867,97.03376770019531,97.9452133178711,121.64935302734375
1846,-73.912686,40.877379,23.69633639300311,18.676219516330292,19.34816124998493,0.14286465115017358,0.08530322416329089,0.8349406866379726,0.14853889559522088,5.295876397026911,135,2594,174,119,221,223,168,177,177,153,166,168,158,90,75,81,71,67,81,119,106,0.0,0.0,0.0,0.0,0.0,0.0,5.228639125823975,130.68067932128906,146.9772186279297,165.11422729492188
1847,-73.860729,40.860443,13.494599054730127,23.881743900359613,21.785124521406868,0.14839202638656374,0.0162506103515625,0.7308484637548054,0.12379540337456597,4.587196773952908,105,2693,100,130,176,159,263,109,187,184,165,138,198,234,144,109,88,48,86,81,94,0.0,0.0,0.0,0.0,0.0,0.0,4.86662483215332,111.08834075927734,135.59619140625,111.01048278808594
1848,-73.90392,40.827455,24.451268922298325,13.68993590002031,20.57894143854077,0.18562876850093177,0.05723795759568521,0.5028170547718667,0.09132816886318569,6.479028240985465,109,11911,662,623,767,845,907,1050,777,786,771,733,730,613,489,405,268,325,349,372,439,1.930375724319802e-20,1.9655891497771805e-12,0.0,0.0,2.7452213764190674,0.0,4.787077903747559,209.03643798828125,189.8970489501953,230.66839599609375
1849,-73.861649,40.875172,22.039867892409816,12.27259961041537,25.477087497711178,0.11842178575920335,0.07087317380038174,0.8677027442238547,0.13505220413208008,6.099153648723257,88,3798,257,258,252,317,331,267,202,189,227,172,207,180,155,171,64,117,145,152,135,0.0,0.0,0.0,0.0,0.0,0.0,3.9702885150909424,96.76519012451172,98.1888198852539,129.03610229492188
1850,-73.861649,40.875172,22.039867892409816,12.27259961041537,25.477087497711178,0.11842178575920335,0.07087317380038174,0.8677027442238547,0.13505220413208008,6.099153648723257,88,3798,257,258,252,317,331,267,202,189,227,172,207,180,155,171,64,117,145,152,135,0.0,0.0,0.0,0.0,0.0,0.0,3.9702885150909424,96.76519012451172,98.1888198852539,129.03610229492188
1851,-73.912686,40.877379,23.69633639300311,18.676219516330292,19.34816124998493,0.14286465115017358,0.08530322416329089,0.8349406866379726,0.14853889559522088,5.295876397026911,135,2594,174,119,221,223,168,177,177,153,166,168,158,90,75,81,71,67,81,119,106,0.0,0.0,0.0,0.0,0.0,0.0,5.228639125823975,130.68067932128906,146.9772186279297,165.11422729492188
1852,-73.922366,40.821828,21.788245519002274,14.24997806549072,24.023883819580078,0.21842670440673828,0.009824752807617188,0.6070833206176758,0.14556248982747394,7.229648907979328,100,7690,430,417,535,680,781,665,579,499,523,383,441,383,239,226,159,130,160,203,257,9.665921211242676,2.745971202850342,2.1732337474823,0.0,0.23210285604000092,0.0,4.971211910247803,235.40386962890625,186.72299194335938,294.45574951171875
1853,-73.897066,40.869061,27.226068909730934,12.499575139252228,18.77916363904076,0.16719094158089076,0.2611601149658797,0.755029989275039,0.09989587639950198,5.88063311982909,137,11647,687,739,1039,863,1081,999,824,783,795,684,459,540,413,354,239,224,248,279,397,0.0,0.0,0.0,0.0,0.0,0.0,5.226263999938965,209.27783203125,206.0557861328125,282.3140869140625
1854,-73.878191,40.832508,20.737557253461453,13.724011622615745,25.32138508998104,0.10961430673380845,0.0758469559764134,0.4229079676038436,0.09105187335997136,7.503034625647936,131,9303,1016,1188,745,709,752,725,738,460,533,377,313,296,258,240,161,176,180,221,215,0.0,2.6242061570091145e-14,4.724302004287251e-13,1.3788247108459473,0.0,0.0,5.557755947113037,184.25448608398438,152.76356506347656,218.26329040527344
1855,-73.925995,40.813681,24.01212337944243,14.264600972334547,22.711362110243908,0.2571895718574524,0.07512867450714111,0.6386500265863205,0.11058035824033947,5.669274595048692,192,41600,1999,2118,2246,2446,2094,2124,2425,2548,2831,2793,2585,2263,1906,2033,1323,1405,2063,2165,2233,2.6610239012292425e-10,17.41785430908203,0.0,0.0,3.0881261825561523,0.0,5.110082149505615,197.43797302246094,163.33404541015625,243.61117553710938
1856,-73.912686,40.877379,23.69633639300311,18.676219516330292,19.34816124998493,0.14286465115017358,0.08530322416329089,0.8349406866379726,0.14853889559522088,5.295876397026911,135,2594,174,119,221,223,168,177,177,153,166,168,158,90,75,81,71,67,81,119,106,0.0,0.0,0.0,0.0,0.0,0.0,5.228639125823975,130.68067932128906,146.9772186279297,165.11422729492188
1857,-73.921888,40.808703,23.260122550947287,11.110384085567738,24.031861623128254,0.30014946956762534,0.06058072083748427,0.8938859773162228,0.11302256744179949,6.019671011291095,149,45347,2344,2744,2645,2472,2435,2323,2557,2680,3068,2862,2755,2429,2043,2096,1542,1585,2307,2298,2162,24.260770797729492,1.8539897395086768e-10,4.117674350738525,0.0,18.780031204223633,0.0,4.769811153411865,201.47743225097656,175.56353759765625,224.81492614746094
1858,-73.916084,40.842503,29.885436256150676,7.461579410350264,21.372041149415832,0.24001771125240604,0.27896977853083954,0.8797866710718126,0.14168997317696538,6.341257417835474,138,21480,1480,1574,1819,1924,1848,1838,1590,1316,1373,928,880,718,689,620,426,475,502,696,784,4.952205659436437e-11,5.509429454803467,2.6715175210911823e-11,0.0,0.0,0.0,5.0992584228515625,218.98779296875,148.59056091308594,274.3447570800781
1859,-73.865028,40.862098,23.0546691478827,13.486230067717724,21.948513006552673,0.13571947048871943,0.20514145875588438,0.7022451131771773,0.11478265126546225,6.165801256130903,104,3536,115,165,175,218,274,176,227,258,179,168,215,240,187,180,134,68,187,171,199,0.0,0.0,0.0,0.0,0.0,0.0,3.9954371452331543,139.98553466796875,118.32666015625,160.55169677734375
1860,-73.907528,40.810671,24.892296758638757,8.325435677353216,26.701558041734753,0.09842275762233604,0.07061277117047991,0.6635412877919723,0.10755110760124362,4.5501485162851765,98,9450,527,474,615,666,621,547,644,681,1052,703,605,395,279,251,219,232,220,368,351,6.4735107421875,1.0906729698181152,0.0,0.0,0.0,0.0,4.2238240242004395,154.87393188476562,114.15459442138672,172.8057861328125
1861,-73.839583,40.839775,21.89420644384231,10.774690855448553,26.93020224281181,0.13254959217823334,0.5344627547438128,1.0348507957736943,0.1678824134696719,5.43241872114567,137,2862,160,145,159,173,141,143,112,121,136,167,137,148,164,131,118,160,186,227,134,8.58829116821289,0.0,7.632840633392334,0.0,3.056366443634033,0.0,5.449781894683838,59.05277633666992,118.79658508300781,58.299072265625
1862,-73.85593,40.821218,15.098981344571676,12.04123035553963,30.228960385886573,0.15747562531502016,0.025958399618825605,0.678515895720451,0.1690017536122312,4.71612540624475,155,3175,211,178,291,268,213,224,203,161,151,122,90,120,84,100,68,72,169,268,182,0.0,0.00018178456230089068,0.0,0.0,1.9971162310700175e-12,0.0,5.251344680786133,119.34149932861328,130.7311553955078,133.5264892578125
1863,-73.857882,40.829153,18.371054183605107,12.532270786374117,28.042731174202853,0.10716674863830095,0.0482577686161958,0.6797346957894259,0.1238782276478849,6.022756413895953,172,5104,324,403,391,444,505,452,358,304,278,155,135,185,163,120,126,120,196,264,181,0.0,13.087798118591309,0.0,0.0,0.0,0.0,5.439238548278809,118.08589935302734,91.29287719726562,160.35641479492188
1864,-73.911366,40.839307,27.714153216611287,10.842626786632216,21.04818014789828,0.2638128449876817,0.04372082168249775,0.6046082476060167,0.16059715399067465,6.517598954893701,139,20894,1353,1445,1639,1786,2078,1934,1629,1441,1404,875,946,664,561,585,355,456,458,621,664,0.0,0.15767167508602142,3.873489723416057e-11,0.0,0.0,0.0,5.284764766693115,233.0558319091797,164.8333740234375,311.49359130859375
1865,-73.882487,40.855392,21.87998713558293,12.993926899407501,23.518641106116725,0.15209515889485678,0.1598183826733661,0.5799168754222147,0.13359626988783532,5.437231747480277,186,7982,391,515,519,589,699,564,509,532,642,480,444,434,317,228,148,164,220,270,317,0.0,0.0,0.0,0.0,0.0,0.0,5.129372596740723,204.96243286132812,170.5696563720703,255.89569091796875
1866,-73.836525,40.863842,12.474519712430938,13.15927419576559,33.02881051828195,0.1198863123988246,0.050314052684887034,0.8954011642181122,0.1261698233114706,4.956963685181765,148,1365,98,58,72,87,118,131,69,115,116,85,103,75,36,47,32,23,32,34,34,0.0,0.0,0.0,0.0,0.0,0.0,5.177698612213135,51.72126388549805,80.8751449584961,53.68886184692383
1867,-73.853203,40.838759,22.066424329812424,16.026830567955713,20.77855937528294,0.13296241002367032,0.15714994855800737,0.8012784237893212,0.1208143255305343,6.750789751806533,151,2377,180,198,207,154,188,227,160,118,136,114,96,82,98,91,56,56,52,70,94,28.683162689208984,0.0,3.802009344100952,0.0,2.0399649143218994,0.0,4.89976692199707,147.96153259277344,138.3387908935547,174.6534423828125
1868,-73.909022,40.848552,32.03254421552022,5.655627846717835,21.947008768717446,0.16925315062204996,0.15922307968139648,0.6686367591222129,0.12164433797200522,6.21135969956716,160,26202,2050,2188,2421,2506,1814,1660,1797,1473,1516,1335,1127,930,861,716,431,450,694,989,1244,0.0,0.00046829230268485844,0.6361573338508606,0.0,0.0,0.0,5.014758110046387,251.658203125,186.47767639160156,312.8023376464844
1869,-73.864154,40.845897,20.158392371553365,11.553575053359523,27.8193600250013,0.0849955009691643,0.12426159598610619,0.7005514520587344,0.1325643423831824,6.398755131345806,88,2513,131,135,109,127,157,154,176,191,229,133,184,154,148,96,48,48,98,91,104,17.91217041015625,0.0,0.0,0.0,2.0369532108306885,0.0,4.707152366638184,125.73020935058594,126.89183807373047,124.5003662109375
1870,-73.908399,40.828578,24.00181581432692,7.145783981839239,27.259447493990837,0.16333423374931594,0.09485235536731959,0.7919500415451861,0.12286204646750928,5.723739937307753,138,10423,646,570,528,606,654,803,670,664,703,620,540,575,453,369,282,332,373,449,586,0.0,1.6000024655876688e-12,0.0,0.0,0.0,0.0,4.979126930236816,180.82244873046875,119.33746337890625,228.8979949951172
1871,-73.923738,40.843378,24.584371903363397,12.436085121304384,25.721679949292948,0.11492211834277984,0.18353742711684284,0.6814610724355662,0.11499083899205025,4.408923161575218,204,7614,655,610,648,671,649,545,520,365,489,404,282,223,267,205,182,216,192,249,242,5.890898879812312e-11,3.016348123550415,0.0,0.0,0.0,0.0,5.112961769104004,194.94728088378906,125.41410064697266,260.0869140625
1872,-73.859622,40.826949,14.946982880942839,10.601448808979782,31.925194406101845,0.14078498905540532,0.048069098056891024,0.8461800599709539,0.1392353090465578,5.152657337677783,195,4981,273,262,390,356,442,456,359,268,243,166,178,228,177,165,117,120,242,296,243,0.0,6.085118293762207,0.0,0.0,0.0,0.0,5.263665676116943,113.48482513427734,102.35481262207031,141.4408416748047
1873,-73.912038,40.814857,25.42538596588431,8.775919695116556,24.611835726642298,0.1883244437307216,0.2576383572180294,0.5715604738895946,0.1250881207413658,5.25979934001046,103,18467,1118,992,1019,1055,939,1109,1065,1271,1665,1267,1092,826,672,699,500,470,757,898,1053,3.243624210357666,0.0,5.273552775020285e-11,0.0,1.0200163125991821,0.0,4.715465545654297,176.3262176513672,145.7327880859375,194.08245849609375
1874,-73.919979,40.813077,29.059226286477884,11.713962625968833,19.681068150468825,0.4011601709120766,0.2861569935605069,0.6218238915811038,0.09247089009489204,6.340570467588398,179,36575,2584,2262,2258,2628,2483,2620,3014,2378,2953,2888,1976,1556,1400,1605,627,445,653,937,1308,1.0076146861326407e-10,3.1885557174682617,1.8589815450886782e-11,0.0,0.9651806354522705,0.0,4.926767826080322,219.14849853515625,226.32862854003906,237.42416381835938
1875,-73.909565,40.818945,27.274188489624954,11.210702404831395,21.847766818422258,0.1893397533532345,0.3877227956598455,0.7455764394817931,0.11220267324736626,5.225740057049375,88,12456,905,811,827,826,758,959,847,837,815,795,917,579,417,370,283,233,303,478,496,1.3492377825106283e-35,1.36913700862773e-12,0.0,0.0,0.01043801661580801,0.0,3.919426918029785,162.4160919189453,136.93052673339844,200.96424865722656
1876,-73.900121,40.828406,23.864077538559116,12.794936399689245,21.83822356548506,0.22518839623100573,0.13242177537216762,0.5519437626055426,0.12187236772779748,6.103760434180192,97,13328,768,964,1142,1195,978,1086,805,832,849,708,746,527,516,456,261,349,307,410,429,1.6186226606369019,3.778830140509573e-14,0.0,0.0,4.080681800842285,0.0,4.804362773895264,164.1383056640625,166.9196319580078,176.10855102539062
1877,-73.923271,40.823885,27.492076708547582,9.322989907417368,22.661841656528622,0.5464722656709775,0.05202050936424126,0.8388779706649637,0.23693777971573018,6.691173510362875,177,16263,905,926,981,1101,1307,1410,1193,1029,850,857,857,800,744,879,333,356,532,592,611,12.95484447479248,2.0069942929801243e-10,2.171264171600342,0.0,1.1741935014724731,0.0,4.952408313751221,231.11834716796875,179.99476623535156,292.8059387207031
1878,-73.862924,40.888351,24.420639461941192,18.488620758056644,18.832598792182072,0.11483510335286458,0.4735200670030382,0.6809946695963541,0.12152693006727432,6.573284573025173,75,7886,488,762,618,626,603,410,464,490,512,441,353,370,316,353,200,195,148,212,325,0.0,0.0,0.0,0.0,0.0,0.0,4.8539042472839355,121.59265899658203,92.5222396850586,167.30006408691406
1879,-73.907295,40.880738,21.86417334298425,15.794010290363492,21.843908297135528,0.1803105842880488,0.1743841491289587,0.8601402009626895,0.13434924268615858,6.012346067151232,149,4692,243,311,288,375,251,275,269,262,340,276,345,226,126,168,113,118,289,178,239,0.0,0.0,0.0,0.0,0.0,0.0,5.008821487426758,141.00404357910156,122.58290100097656,159.829345703125
1880,-73.914067,40.827438,24.946241814472955,7.865325166085849,26.322482765830312,0.17192472661207173,0.1759821186614319,0.9071188731443657,0.12258135929527218,5.731854705035989,197,12738,879,1183,981,961,945,1160,852,748,533,604,526,512,588,364,280,294,362,477,489,0.2949148118495941,0.0,7.246263311611045e-11,0.0,0.0,0.0,5.090524196624756,194.6379852294922,127.1279067993164,247.4969024658203
1881,-73.914067,40.827438,24.946241814472955,7.865325166085849,26.322482765830312,0.17192472661207173,0.1759821186614319,0.9071188731443657,0.12258135929527218,5.731854705035989,197,12738,879,1183,981,961,945,1160,852,748,533,604,526,512,588,364,280,294,362,477,489,0.2949148118495941,0.0,7.246263311611045e-11,0.0,0.0,0.0,5.090524196624756,194.6379852294922,127.1279067993164,247.4969024658203
1882,-73.889602,40.846205,24.839080318534002,6.392886291197197,25.95150802203359,0.23313391348425067,0.14023740886643504,0.6810132382902468,0.11768580681115538,5.168489874707196,199,16051,852,1553,1362,1574,1344,1078,1290,1196,991,828,721,516,439,361,276,316,368,536,450,0.0,0.0,3.6273318840160973e-22,0.0,0.0,0.0,5.474924564361572,175.6059112548828,175.42176818847656,186.6568145751953
1883,-73.831669,40.874035,14.599036636138829,19.655101573099945,24.482064821473017,0.08402057722503065,0.009591238839285714,0.5216948458460532,0.12138484238910408,4.5428796976554295,119,778,94,74,53,56,42,51,50,37,27,46,41,40,23,29,18,16,20,30,31,0.0,0.0,0.0,0.0,0.0,0.0,5.938348293304443,271.78338623046875,266.9071960449219,392.6561279296875
1884,-73.878191,40.832508,20.737557253461453,13.724011622615745,25.32138508998104,0.10961430673380845,0.0758469559764134,0.4229079676038436,0.09105187335997136,7.503034625647936,131,9303,1016,1188,745,709,752,725,738,460,533,377,313,296,258,240,161,176,180,221,215,0.0,2.6242061570091145e-14,4.724302004287251e-13,1.3788247108459473,0.0,0.0,5.557755947113037,184.25448608398438,152.76356506347656,218.26329040527344
1885,-73.891086,40.842564,23.842918784530085,9.717907199153194,25.510743812278466,0.16393131679958767,0.0708414007116247,0.8006168294835971,0.11193946555808741,5.347528457641601,180,10036,580,1205,888,985,775,567,712,735,608,531,453,346,257,231,177,150,235,322,279,0.0,0.9425033330917358,0.0,0.0,0.0,0.0,5.747314929962158,144.58172607421875,125.88197326660156,161.881103515625
1886,-73.887345,40.851395,24.346629041966388,9.669380808264258,23.68456801747888,0.21438955291499937,0.17733519639426132,0.6512037137659583,0.12823011817001714,5.266796050032949,205,9155,479,650,602,613,799,675,604,591,618,491,542,407,388,285,210,228,290,362,321,2.5588685242756292e-28,0.0,0.5427340269088745,0.0,6.118537902832031,0.0,5.449203014373779,187.48094177246094,142.0159149169922,231.75794982910156
1887,-73.919949,40.818645,30.788696212256507,6.749153350556989,21.70521119563638,0.4749336498695733,0.21399854280271255,0.6653698232083246,0.09577941041131414,7.00016107068499,149,32020,2036,1740,1703,2225,2269,2048,2223,2132,2394,2428,1646,1361,1207,1517,638,546,884,1201,1822,9.972200842867096e-11,7.656449794769287,2.0177349374650433e-11,0.0,3.6187288517293414e-13,0.0,4.790200233459473,212.8154296875,231.82437133789062,229.58485412597656
1888,-73.88819,40.820102,24.572104400190057,5.489515085689358,29.433761485504537,0.1911719205818107,0.2649223869615565,0.8256748942946692,0.1027925418374317,5.953154190424798,183,18086,1263,1306,1373,1446,1367,1445,1371,1308,1409,1147,775,619,459,359,270,260,471,623,815,0.0,1.5963424444198608,0.0,0.0,0.0,0.0,5.2228827476501465,163.93519592285156,108.2184829711914,206.791259765625
1889,-73.890918,40.817257,22.9135142163375,6.935141090612524,28.452126588514815,0.1711312889447672,0.2466924702858965,0.7391219615129448,0.10287209008954301,5.190270483594659,197,19381,1511,1595,1476,1407,1190,1339,1309,1210,1330,1354,973,747,662,646,610,455,365,519,683,0.0,0.4768192172050476,0.0,0.0,0.0,0.0,5.357449054718018,156.5800018310547,121.67221069335938,190.9474639892578
1890,-73.841278,40.898907,15.92661186500832,18.35342866403085,25.679172409905327,0.08252991570366754,0.039609273274739586,0.5668375227186415,0.12260189762821905,5.429425062956634,36,658,64,88,39,39,47,41,56,49,32,23,23,27,27,14,14,17,27,18,13,0.0,0.0,0.0,0.0,0.0,0.0,4.738515853881836,52.3707160949707,58.135196685791016,68.82347106933594
1891,-73.915977,40.816452,31.211454887700267,2.8119662912880496,23.780105753642754,0.42573397721701534,0.33599690693180734,0.7473922357326599,0.12089973542748428,6.586223307663831,164,34913,2111,1857,1740,2217,2091,1972,2362,2219,2475,2735,1823,1598,1366,1831,824,673,1178,1596,2245,3.2382233142852783,0.8196583390235901,7.509200899979973e-11,0.0,1.0200161933898926,0.0,4.89864444732666,178.5348663330078,187.85057067871094,170.47109985351562
1892,-73.903309,40.815506,26.49712121045148,9.027014396808765,22.173250163042987,0.21105695653844764,0.4438704914516873,0.7787183479026512,0.12618833118014866,4.905601342519123,72,15625,904,1274,1345,1527,1316,1242,1110,959,808,880,1013,591,454,418,274,229,306,478,497,2.2111177092835194e-13,1.1744025945663452,0.0,0.0,0.0,0.0,3.3995680809020996,185.53562927246094,150.73851013183594,219.636474609375
1893,-73.917332,40.836945,31.87053127375911,5.2118765164728025,21.75667797593766,0.3113252387199227,0.30528508364882095,0.7418765324980157,0.12919870141434342,6.909885145213507,146,55605,3101,3678,3277,3341,4243,3741,3755,4247,3738,3273,2801,2533,2328,2090,1318,1542,2152,2171,2276,8.18098783161858e-11,5.1146843704774625e-11,6.913113137496651e-11,0.0,0.0,0.0,5.04054069519043,262.9114990234375,173.14222717285156,345.6354675292969
1894,-73.919432,40.816145,31.626973782615746,7.651591878141551,20.536655553892338,0.4283334955822823,0.3243888556624258,0.633420180564042,0.10817401679978465,6.764247475167669,179,35895,2292,1907,1901,2324,2246,2217,2648,2368,2736,2843,1873,1549,1498,1978,733,576,942,1297,1967,9.93583618158489e-11,8.613479614257812,3.8171108635021156e-11,0.0,3.2067564207337307e-13,0.0,4.907886981964111,225.2049102783203,266.45001220703125,190.60617065429688
1895,-73.881894,40.825121,23.841453696977155,4.76797563919853,32.011256179189296,0.20244128012721777,0.1819222923216781,1.1035497918684634,0.13952746300839475,5.894695581782479,123,6894,601,843,551,493,717,592,464,372,359,260,285,268,204,154,118,107,126,171,209,0.0,0.4012168347835541,0.0,0.0,0.0,0.0,5.495022296905518,169.11117553710938,79.36997985839844,217.9696807861328
1896,-73.928762,40.807365,24.487957087430082,6.742152661988229,30.076867883855652,0.17289573496038263,0.07196122949773615,1.0279249061237683,0.1186423229448723,5.389332590681135,176,5779,422,425,485,477,465,249,273,277,331,445,315,260,196,202,144,115,167,247,284,21.79939079284668,7.757627010345459,0.050676289945840836,0.0,15.604804039001465,0.0,5.437121868133545,166.49307250976562,105.11897277832031,208.488037109375
1897,-73.909363,40.811051,23.85612473343358,9.851945169044264,24.658293435067844,0.10876691702640416,0.05424456162886186,0.6665009440797748,0.12137311877626361,5.257931983832157,88,8128,492,434,584,536,512,504,409,600,1024,602,431,313,251,219,196,188,188,327,318,8.018146514892578,0.6345089673995972,0.0,0.0,0.0,0.0,4.5728840827941895,158.19760131835938,116.97694396972656,184.611572265625
1898,-73.896376,40.868781,26.73339822972782,11.953451119217219,19.472260776428357,0.1807057000453176,0.28461464609715414,0.8026413927930113,0.10474793012365538,5.433630268038748,153,15882,1236,986,1119,1009,1466,1497,1342,1132,1070,818,685,747,517,415,259,322,298,430,534,0.0,0.0,0.0,0.0,0.0,0.0,5.20374870300293,229.3873748779297,209.32308959960938,310.94573974609375
1899,-73.929502,40.818347,20.87682875375899,6.509402744353763,31.090062762063646,0.25095107063414557,0.19299522278800843,0.9865279424758184,0.1524558899894593,5.268119630359468,105,5368,225,212,291,334,349,314,301,389,349,309,279,259,220,241,117,120,161,265,633,9.759689331054688,10.651432991027832,0.6074947118759155,13.885820388793945,5.161130428314209,0.0,4.66494083404541,68.10102844238281,158.61166381835938,65.10515594482422
1900,-73.838299,40.825715,18.322889110710044,9.135591329904548,33.99935412507519,0.14216648375434715,0.1408335528796232,1.0907957825479633,0.12372676833269465,3.4047987893663887,158,1002,5,4,4,2,3,4,8,2,28,49,94,117,124,69,28,50,58,145,208,2.7656110040963355e-11,14.903830528259277,0.0,0.0,0.0,0.0,5.652631759643555,,75.20085906982422,
1901,-73.89654,40.847487,24.05232819177771,8.223996111141739,26.823122612464392,0.22513464787527646,0.11079815553507924,0.9792218498858927,0.14333930066836778,6.547747205235198,186,9794,462,591,696,862,908,673,769,663,584,498,479,421,360,242,175,250,297,405,459,0.0,0.0,0.0,0.0,0.0,0.0,5.298280239105225,154.85877990722656,141.67071533203125,157.91561889648438
1902,-73.909019,40.808963,25.543527521638786,6.805201473399103,27.5450891239351,0.07564512073484242,0.1989543947399172,0.7534948169675648,0.11426376820969106,4.505598443186182,117,4623,305,374,417,347,363,224,259,292,358,278,245,170,141,110,152,118,99,205,166,11.328362464904785,1.262326717376709,0.0,0.0,0.0,0.0,4.533082485198975,149.44708251953125,102.76820373535156,165.8682403564453
1903,-73.922366,40.821828,21.788245519002274,14.24997806549072,24.023883819580078,0.21842670440673828,0.009824752807617188,0.6070833206176758,0.14556248982747394,7.229648907979328,100,7690,430,417,535,680,781,665,579,499,523,383,441,383,239,226,159,130,160,203,257,9.665921211242676,2.745971202850342,2.1732337474823,0.0,0.23210285604000092,0.0,4.971211910247803,235.40386962890625,186.72299194335938,294.45574951171875
1904,-73.880672,40.839563,25.373389463469447,8.1927111451055,28.008384883683615,0.17912734842076547,0.21263109126561125,0.930678004949865,0.14710314396961194,5.859873552277613,142,10301,782,1105,1007,792,933,738,653,762,528,568,513,357,349,279,123,132,161,232,287,5.268147571825532e-13,1.4194737672805786,0.0,0.0,0.0,0.0,5.005157947540283,127.33492279052734,93.19213104248047,164.8930206298828
1905,-73.826791,40.879852,14.034588223411923,14.404176984514507,28.667445046561106,0.118362790062314,0.06295558384486608,0.7148795354933966,0.1350386483328683,5.282863253638857,175,1562,111,120,83,90,96,87,115,168,121,54,55,83,54,64,56,38,34,74,59,0.0,0.0,0.0,0.0,0.0,0.0,4.8929595947265625,140.67364501953125,71.14253997802734,194.8236541748047
1906,-73.906158,40.8623,27.438353194671425,14.72421784519879,16.152223816263973,0.1782908190945649,0.17206966201194018,0.5271658605458784,0.09811211064829577,8.13738526670841,147,18227,1408,1906,1565,1347,2210,1289,1217,1075,1235,815,529,771,717,478,328,259,298,298,482,0.0,0.0,0.0,0.0,0.0,0.0,5.155605316162109,230.6342010498047,145.5153045654297,314.13623046875
1907,-73.906158,40.8623,27.438353194671425,14.72421784519879,16.152223816263973,0.1782908190945649,0.17206966201194018,0.5271658605458784,0.09811211064829577,8.13738526670841,147,18227,1408,1906,1565,1347,2210,1289,1217,1075,1235,815,529,771,717,478,328,259,298,298,482,0.0,0.0,0.0,0.0,0.0,0.0,5.155605316162109,230.6342010498047,145.5153045654297,314.13623046875
1908,-73.901821,40.869142,25.287340461956294,12.579179111915298,20.332302624666237,0.13710537037265955,0.02813459951666337,0.3669247848575125,0.0824103375527426,7.5105059498976035,79,6813,352,616,513,577,534,597,444,437,387,275,285,300,217,212,174,213,199,197,284,0.0,0.0,0.0,0.0,0.0,0.0,4.915113925933838,202.88619995117188,149.2056121826172,270.20977783203125
1909,-73.918794,40.838714,27.043644451347845,6.040905955170634,23.96082076591644,0.2413877394803908,0.33609520675789595,0.8267245061716803,0.16368039992460157,6.792295080983741,117,47432,2580,3138,2838,2802,3126,2949,2971,3468,3149,2813,2314,2272,2212,1955,1239,1469,2072,1980,2085,9.653280952370835e-11,1.341031868884457e-10,5.187329385480943e-11,0.0,0.0,0.0,4.9977898597717285,232.56103515625,162.06314086914062,288.0215148925781
1910,-73.893499,40.84539,23.966360324766576,8.963195676726059,26.06144835309285,0.17429196737646085,0.11116213914824695,0.7778170825989267,0.11812845865885416,6.137125589014071,205,15020,653,1350,1214,1453,1275,932,1284,1133,978,827,699,552,441,382,267,292,340,482,466,0.0,0.0,0.0,0.0,0.0,0.0,5.5909953117370605,175.3253936767578,170.59410095214844,170.35702514648438
1911,-73.902409,40.832956,24.41239002067295,13.236260645597882,21.13008190513043,0.3037804538763842,0.2171587403923948,0.6077251002240721,0.09587358888298948,7.593007380908362,103,13883,921,874,937,1158,1000,1007,710,910,1016,923,839,631,520,466,274,339,357,462,539,2.0940948647347002e-36,1.3713273138565851e-12,5.453934287698303e-13,0.0,3.618130610588044e-30,0.0,4.7119011878967285,194.0972900390625,194.63796997070312,225.361328125
1912,-73.850735,40.850089,13.872618902297246,19.840090615408773,24.614107293426677,0.10692884051610552,0.05121987963479663,0.8120589786105685,0.14049237367337344,6.223558748840655,126,575,23,21,24,20,35,29,42,26,50,39,24,46,53,15,34,13,31,27,23,0.0,0.0,0.0,0.0,0.0,0.0,4.7595109939575195,57.20622253417969,48.45582962036133,65.9085922241211
1913,-73.827252,40.845321,18.009763137966978,16.269337663463514,26.486750210032742,0.09571524227366728,0.01870604122386259,0.8933090696147844,0.13600938460406134,6.014050221910663,136,1008,40,60,64,57,56,61,44,62,57,40,51,42,47,43,38,38,47,84,77,0.0,0.0,0.0,0.0,0.0,0.0,5.901794910430908,89.0289077758789,93.47460174560547,117.09036254882812
1914,-73.907489,40.823318,22.126612827695656,11.480033918358815,24.31392143512594,0.1739050328046426,0.03754188274515086,0.6095798536278737,0.11502057656474496,5.951949152453192,145,28639,1499,1217,1464,1754,1733,1870,1614,1605,1722,1564,1720,1631,1421,1376,1088,1209,1336,1407,1409,0.0,2.122182637953607e-12,0.0,0.0,2.0360312461853027,0.0,4.613333225250244,198.4239959716797,150.53965759277344,240.5467529296875
1915,-73.915228,40.806741,26.9179106790782,9.377419484126106,25.22054069486015,0.1700502453428326,0.2516213949624594,0.6965703262395156,0.08520914878680078,4.916501148438556,154,21454,1696,1954,1741,1310,1527,1499,1651,1502,1546,1284,1318,914,598,534,368,324,520,612,556,4.860273838043213,1.4229371547698975,0.35547834634780884,0.0,3.594363212585449,0.0,4.433497428894043,187.6729736328125,130.96133422851562,231.34442138671875
1916,-73.915228,40.806741,26.9179106790782,9.377419484126106,25.22054069486015,0.1700502453428326,0.2516213949624594,0.6965703262395156,0.08520914878680078,4.916501148438556,154,21454,1696,1954,1741,1310,1527,1499,1651,1502,1546,1284,1318,914,598,534,368,324,520,612,556,4.860273838043213,1.4229371547698975,0.35547834634780884,0.0,3.594363212585449,0.0,4.433497428894043,187.6729736328125,130.96133422851562,231.34442138671875
1917,-73.911906,40.832648,27.99839208155502,8.776576666184416,21.833922303753134,0.22090535105010609,0.17718279803240738,0.648302384364752,0.12058210961612653,6.966262393527561,135,20214,1470,1896,1786,1727,2093,2182,1361,1159,802,958,582,743,578,395,367,348,386,589,792,0.0,0.0,5.145420547969515e-11,0.0,0.0,0.0,5.069169044494629,205.3943328857422,140.3853759765625,263.9118957519531
1918,-73.910589,40.823695,25.238348887516906,7.384109089517188,26.54565053108411,0.17996690212151942,0.0662082280868139,0.8873291504688752,0.1647989974062667,5.949874413319123,156,25363,1205,1000,1171,1359,1456,1512,1335,1343,1536,1443,1451,1467,1400,1318,1061,1201,1318,1398,1389,0.0,1.5473799813096184e-13,1.039137526026579e-11,0.0,1.7577077201250986e-36,0.0,4.7849650382995605,183.3697967529297,129.33628845214844,225.07752990722656
1919,-73.890591,40.836245,23.04595914780368,14.440173824338146,21.392749637872924,0.1425144446157191,0.3324870645564838,0.652031074765245,0.09433556067102437,5.423883916107699,137,11624,452,726,817,912,950,846,858,913,828,686,846,710,435,374,208,206,245,351,261,3.2357778549194336,1.3030073642730713,6.258703950066946e-13,0.0,3.058661699295044,0.0,5.329376697540283,129.87628173828125,114.34266662597656,144.2544708251953
1920,-73.922527,40.823014,25.45915551446564,11.735317837539595,22.042341849104087,0.5919646267867206,0.044838350210616836,0.8024761332801326,0.1915915095390965,7.254594594091918,134,16313,875,921,981,1142,1418,1465,1180,1040,856,851,900,858,733,883,368,393,458,469,522,11.419493675231934,0.031222600489854813,2.1755363941192627,0.0,1.0192515850067139,0.0,5.022950649261475,234.05967712402344,180.36607360839844,306.5891418457031
1921,-73.912039,40.816974,27.03715218438043,7.91200153411381,23.98375950162373,0.2341134207589286,0.3647740681966145,0.7403537205287387,0.11806094457232762,5.732698591928633,105,17577,1065,997,1021,1063,927,1070,966,1050,1031,1019,926,738,601,703,506,500,882,1090,1422,3.2372448444366455,0.0,5.353703938504317e-11,0.0,1.0200163125991821,0.0,4.389897346496582,153.52740478515625,132.93612670898438,173.98594665527344
1922,-73.921328,40.83862,27.027350251779616,6.557396222960274,23.708934603996997,0.19281675230781986,0.34204878897037144,0.7777744869016251,0.1532761555797649,6.466297533527111,106,41417,2201,2387,2156,2251,2158,2349,2615,3193,2822,2690,2150,2127,2079,1815,1170,1373,1992,1905,1984,9.629402136779319e-11,1.7915856298511557e-10,0.0,0.0,0.0,0.0,4.678032875061035,215.599365234375,146.5447540283203,274.44488525390625
1923,-73.864113,40.876633,25.708253082187685,10.942916212410765,23.970734387978737,0.15550262626560257,0.07228522465146821,0.9677645803868086,0.13857901781454854,6.1503166439889485,116,6713,427,447,422,511,527,524,377,336,384,251,302,269,319,261,124,164,217,314,537,0.0,0.0,0.0,0.0,0.0,0.0,4.118618488311768,109.90413665771484,109.65467071533203,134.83514404296875
1924,-73.864113,40.876633,25.708253082187685,10.942916212410765,23.970734387978737,0.15550262626560257,0.07228522465146821,0.9677645803868086,0.13857901781454854,6.1503166439889485,116,6713,427,447,422,511,527,524,377,336,384,251,302,269,319,261,124,164,217,314,537,0.0,0.0,0.0,0.0,0.0,0.0,4.118618488311768,109.90413665771484,109.65467071533203,134.83514404296875
1925,-73.851483,40.828911,19.464552714562547,10.693365865977022,30.265885165016485,0.12842930632319957,0.06093196635887053,0.825533941778213,0.12464706394268787,5.79473951516143,191,3299,210,183,230,281,318,287,211,128,168,176,157,141,151,96,60,96,110,173,123,0.0,20.437829971313477,0.0,0.0,2.575286685291278e-11,0.0,5.399327278137207,94.73693084716797,70.39501953125,124.86666870117188
1926,-73.92996,40.815712,23.32617180532517,5.646217468122371,31.857645348326805,0.1612038372858474,0.240741799411164,1.063252148562915,0.12860036876103648,4.9502013480826585,146,5386,202,236,281,419,351,260,280,333,337,331,291,219,164,246,108,119,157,314,738,8.164712905883789,11.693687438964844,2.284205198287964,13.64402961730957,7.432944297790527,0.0,5.281824111938477,85.05510711669922,134.17047119140625,92.72447204589844
1927,-73.885804,40.831212,21.37770764704602,8.010827095855566,30.76282219148018,0.14168690068061363,0.14073949464609925,0.8450926749359274,0.13554801403636663,5.933252522643183,142,5188,355,313,283,351,437,399,365,302,307,225,308,317,223,166,139,182,190,179,147,0.0,0.0,8.186464337369206e-14,0.0,0.0,0.0,5.433166027069092,146.96725463867188,103.02503204345703,184.83177185058594
1928,-73.875262,40.841376,19.41255623439573,11.334043778713395,28.914159798772083,0.24283307153473857,0.18220937476967866,0.7462645476719119,0.12793420995556334,6.2875198868085755,106,9562,526,878,903,607,730,524,529,645,549,668,454,426,377,302,188,168,213,314,561,4.897830188296814e-13,3.077554225921631,0.0,0.0,0.0,0.0,5.154687404632568,100.2871322631836,61.80600357055664,120.51834869384766
1929,-73.866038,40.838151,22.94762085162089,10.9804446189866,25.62165628494291,0.17829309524564868,0.1799143415835393,0.9534573599892595,0.10956837857061413,6.392018808483405,177,7627,604,827,1099,678,552,601,516,448,461,307,196,222,170,146,135,147,176,166,176,7.24708596085144e-13,4.929205894470215,2.7871254566422254e-13,0.0,0.0,0.0,5.266129016876221,160.9497833251953,110.1678695678711,208.3195343017578
1930,-73.913386,40.814614,25.826195844515098,6.754525502522786,25.195641405000462,0.31915924993399875,0.30489793912632257,0.6507625730018914,0.13904746748956798,5.245951905338156,127,28357,1391,1338,1355,1665,1551,1664,1864,2053,2431,2569,1587,1323,1022,1128,590,556,1012,1345,1913,3.8472042083740234,0.0,6.852654554911908e-11,0.0,1.0217152833938599,0.0,4.926519870758057,177.4192657470703,146.39849853515625,197.9414520263672
1931,-73.895543,40.874725,9.655521937779014,25.403779801868257,21.188701447986418,0.07733481270926339,0.05975995744977679,0.25863238743373324,0.054301761445545015,5.284959702264696,70,764,48,45,62,69,71,39,47,58,72,46,27,25,11,50,4,25,20,23,22,0.0,0.0,0.0,0.0,0.0,0.0,5.620020389556885,158.18614196777344,344.60443115234375,131.9604034423828
1932,-73.900123,40.839072,13.236900697271508,22.871842441788637,22.41996665556268,0.1077265145788231,0.024438574610943772,0.4102094106406094,0.09115556157736414,4.415898150708302,83,4034,255,257,181,357,382,243,227,220,274,202,198,174,157,128,82,123,119,234,221,0.0,1.2501969122450664e-27,4.308538795920816e-14,0.0,0.0,0.0,5.199999809265137,152.7299346923828,149.95217895507812,143.27801513671875
1933,-73.92114,40.822574,26.80581699718129,11.169092057493435,21.524697295890363,0.6674398732251046,0.06358091496239024,0.952822314806221,0.243163568586029,6.482924311614233,121,13917,810,721,917,1169,1220,1149,988,992,963,824,787,648,483,511,252,215,339,434,495,11.311505317687988,0.4061901271343231,2.157344341278076,0.0,0.5662540793418884,0.0,5.058783531188965,225.9008026123047,177.6061248779297,286.5024108886719
1934,-73.918665,40.840262,28.43223850378829,6.302167056651598,22.659444987550657,0.19966261217210182,0.3317854377660858,0.7569023732388958,0.15340119265438465,6.617989700831723,89,42732,2253,2480,2280,2494,2494,2427,2700,3169,3003,2661,2219,2142,2105,1887,1216,1424,2007,1870,1901,9.573073583846181e-11,5.8886403309088564e-08,4.022126728897568e-11,0.0,0.0,0.0,4.94866943359375,227.09291076660156,151.80975341796875,286.2205810546875
1935,-73.905771,40.832328,24.083903797885824,11.732187605740732,22.222621538485704,0.27436959116082443,0.1743350112647341,0.6769300204271461,0.1190433725278977,7.343468749732304,114,17873,1089,1291,1280,1523,1400,1341,1119,1092,1045,1108,1022,908,633,480,314,342,465,599,822,0.0,1.9300782760217627e-12,4.317946282646201e-13,0.0,0.0,0.0,4.795358657836914,231.05662536621094,195.48353576660156,290.6714172363281
1936,-73.904703,40.838654,20.182651750969164,15.750438227798002,22.88712270332105,0.17350977117365055,0.046182112260298294,0.538068540168531,0.1046235633618904,6.348123839407254,110,9359,620,638,595,764,833,730,602,548,596,543,477,397,295,272,189,257,209,394,400,0.0,1.8969045084693548e-12,9.478434882673539e-14,0.0,0.0,0.0,4.9807562828063965,164.03004455566406,150.0428466796875,176.35340881347656
1937,-73.839288,40.884371,11.293014332100197,19.545259299101648,26.896588007609047,0.10655279512758607,0.0169674555460612,0.6450118841948334,0.1622301560861093,3.9682079244543,72,1303,101,82,117,103,120,73,43,78,58,64,49,83,61,43,27,38,52,50,61,0.0,0.0,0.0,0.0,0.0,0.0,4.361000061035156,71.49949645996094,110.78981018066406,65.21407318115234
1938,-73.839114,40.842725,21.5285446470147,12.046444073944427,26.545252178941602,0.14605364262662973,0.47515128095681564,0.8904617090625216,0.1314777938472251,5.457121278539662,151,2870,138,134,144,196,129,125,137,116,129,164,144,152,158,146,114,157,205,243,139,0.0,0.0,0.0,0.0,8.862942796122528e-14,0.0,5.626194477081299,64.89667510986328,110.1900405883789,59.66033172607422
1939,-73.831856,40.88298,13.395333225488013,16.326725709082954,29.596713306458017,0.11552846851710706,0.08195551430306784,0.8664870326758076,0.14200779157602367,4.828075729411468,123,2863,208,285,205,218,233,221,191,238,218,113,128,133,110,100,41,57,54,53,57,0.0,0.0,0.0,0.0,0.0,0.0,4.543956279754639,70.47933959960938,64.1271743774414,66.04216003417969
1940,-73.886477,40.821815,24.31095561761965,4.922337148381375,31.83467448442832,0.17048561710050736,0.29866273375763286,0.9294281882801274,0.10310556696749282,5.353584728021731,145,8945,557,580,659,626,777,778,670,668,620,461,352,314,235,160,135,138,243,424,548,0.0,1.9973286390304565,0.0,0.0,0.0,0.0,5.402906894683838,192.05905151367188,78.38396453857422,264.0077209472656
1941,-73.909363,40.811051,23.85612473343358,9.851945169044264,24.658293435067844,0.10876691702640416,0.05424456162886186,0.6665009440797748,0.12137311877626361,5.257931983832157,88,8128,492,434,584,536,512,504,409,600,1024,602,431,313,251,219,196,188,188,327,318,8.018146514892578,0.6345089673995972,0.0,0.0,0.0,0.0,4.5728840827941895,158.19760131835938,116.97694396972656,184.611572265625
1942,-73.886798,40.830552,23.521787936870876,6.775112396631485,29.963652048355495,0.12556124956179887,0.10533993060772236,0.9220201541215945,0.13567533248510114,5.73267936706543,130,5228,362,306,291,336,431,397,363,338,335,260,282,300,238,178,145,174,185,161,146,9.911114988864281e-39,2.24106842865919e-36,0.0,0.0,0.0,0.0,5.241342544555664,142.82162475585938,101.07017517089844,182.85643005371094
1943,-73.901821,40.869142,25.287340461956294,12.579179111915298,20.332302624666237,0.13710537037265955,0.02813459951666337,0.3669247848575125,0.0824103375527426,7.5105059498976035,79,6813,352,616,513,577,534,597,444,437,387,275,285,300,217,212,174,213,199,197,284,0.0,0.0,0.0,0.0,0.0,0.0,4.915113925933838,202.88619995117188,149.2056121826172,270.20977783203125
1944,-73.890278,40.816494,24.346177474312153,6.540424236352893,27.562851222432947,0.1637876513691532,0.17943113514382672,0.6916506854808273,0.10376698344993897,5.129734444733404,207,13672,1243,1416,1268,1077,908,1021,969,871,869,712,626,497,376,257,397,182,291,306,386,0.0,0.3154372274875641,0.0,0.0,0.0,0.0,5.361762046813965,167.98069763183594,142.48281860351562,189.8242950439453
1945,-73.892243,40.829306,25.39904351327933,7.830306283788742,25.4902284908918,0.12690537895252502,0.10507621017156862,0.7001300263249016,0.09553042891757939,4.345729927611507,102,8664,509,548,677,801,673,607,696,607,571,481,402,336,295,249,175,235,215,256,331,7.778478295488956e-38,1.9608576982462475e-18,0.0,0.0,0.0,0.0,4.669491291046143,124.60026550292969,94.34014129638672,160.29957580566406
1946,-73.903165,40.857248,34.09550447721738,4.954976219314713,19.34667750521823,0.18624872774691195,0.41947708473549233,0.7029496871673309,0.10493424561646605,6.715553086083215,148,32608,3362,3460,3409,2984,2775,2536,1968,1558,1737,1079,1022,1233,1278,876,543,452,513,809,1014,0.0,0.0,0.0,0.0,0.0,0.0,4.899725914001465,255.9603729248047,208.1309356689453,302.3952331542969
1947,-73.85593,40.821218,15.098981344571676,12.04123035553963,30.228960385886573,0.15747562531502016,0.025958399618825605,0.678515895720451,0.1690017536122312,4.71612540624475,155,3175,211,178,291,268,213,224,203,161,151,122,90,120,84,100,68,72,169,268,182,0.0,0.00018178456230089068,0.0,0.0,1.9971162310700175e-12,0.0,5.251344680786133,119.34149932861328,130.7311553955078,133.5264892578125
1948,-73.827642,40.831829,17.028024361568423,11.453851064046228,32.032853252482866,0.09767064508402122,0.07993770095537293,1.084856717091686,0.1763751671749091,5.103107368421256,106,14491,805,791,885,906,672,636,858,891,916,710,723,729,748,791,495,556,665,783,931,11.314949035644531,0.0,2.268216609954834,0.0,15.473443984985352,0.0,4.132167339324951,54.784523010253906,53.30081558227539,58.35118865966797
1949,-73.827642,40.831829,17.028024361568423,11.453851064046228,32.032853252482866,0.09767064508402122,0.07993770095537293,1.084856717091686,0.1763751671749091,5.103107368421256,106,14491,805,791,885,906,672,636,858,891,916,710,723,729,748,791,495,556,665,783,931,11.314949035644531,0.0,2.268216609954834,0.0,15.473443984985352,0.0,4.132167339324951,54.784523010253906,53.30081558227539,58.35118865966797
