school_id,school_lon,school_lat,ratio_Enclosure_degree_r300,ratio_Greening_degree_r300,ratio_Openness_r300,ratio_Pedestrian_density_r300,ratio_Protection_r300,ratio_Street_furniture_r300,ratio_Surveillance_and_lighting_r300,ratio_Traffic_flow_r300,svi_count_r300
0,-74.01142,40.648959,29.247035582860313,6.949622858138311,23.515582936150686,0.15020625931876047,0.0806910651070731,0.6932951155162994,0.14035020555768693,6.19719766435169,112
1,-73.951575,40.656423,25.553640190529936,8.839054844805585,25.50874332298979,0.2553990497681254,0.28518317402272986,0.6345592259208936,0.15453716407075593,9.245655041385964,69
2,-73.955219,40.682311,29.448909690414652,8.383477252462637,21.776399405106254,0.2567557321078536,0.2837443697279778,1.061541101206904,0.24256153383116788,7.132229943206346,92
3,-73.879276,40.6585,11.630263412207887,19.706729085821856,26.97886383324339,0.08884363007127194,0.010239450555098685,0.5149091754043311,0.1355632982755962,4.588010352954529,95
4,-73.92197,40.685241,26.86549186706543,14.878646356088145,18.628356721666123,0.15698326958550346,0.10727140638563368,0.5933535540545429,0.1368586222330729,7.620396437468352,90
5,-73.956279,40.648973,31.18069423892634,5.843417237444622,24.43347791346108,0.23867676897746762,0.16593778036474213,0.7453274920703917,0.13277123614055356,9.040808871509583,82
6,-73.872983,40.689213,27.65345955699808,12.020103840888302,22.4002950805149,0.07885719653423325,0.5051962936980815,1.0559741957781184,0.16077218679436148,5.54275351737622,79
7,-73.992841,40.700709,34.261199051771705,11.272942767879826,22.861752238700056,0.27985115361407514,0.02566453887195122,0.856083505521945,0.11987329498539126,3.8976193249710205,205
8,-73.966333,40.678554,25.24861791526457,11.545264768791967,23.048331555592487,0.2394243416537243,0.09452942384773469,0.7667407453299525,0.12320974265715204,6.4229609018348786,83
9,-73.985946,40.660912,19.794790368331107,16.672041262799535,22.860912133378594,0.1551943215710378,0.13911096673262746,0.5972329636066281,0.10278350428531044,7.621682875337657,114
10,-73.96589,40.685896,24.40228235153925,18.240859016539556,17.32343075767396,0.20930426461356028,0.029961268107096355,0.6512804636879572,0.12436102307032026,7.694727655441041,84
11,-73.920095,40.673124,21.55218486544452,10.778932933565939,27.109999193923883,0.09888918590948047,0.0859127768987342,0.8689208372735775,0.15865680034653548,6.22871334542705,79
12,-73.893328,40.664067,29.797102680136433,7.344606769827259,22.518883519993597,0.1303878895965688,0.6232579549153645,0.7349922543480283,0.16749734843606914,5.158716767698854,91
13,-73.938107,40.593232,17.55940210251581,22.659391372922865,20.831040881928942,0.13278900630890375,0.024773733956473216,0.9792597331697978,0.11818658737909228,5.505996583000061,105
14,-74.011864,40.677085,20.96128033267127,10.688262846734789,28.205708662668865,0.18568005826738146,0.01152422693040636,1.0643303394317627,0.12987090481652155,4.792451858520508,96
15,-73.962049,40.706069,24.80946688514369,16.82672800980215,17.429161071777344,0.329804107585917,0.14277480718657726,0.739117619872406,0.10154979435477669,7.502575621517312,127
16,-73.9573,40.715268,26.856585847380018,7.729286543080504,23.145356424537624,0.2794762732277454,0.1306874091636407,0.9660364876330738,0.15477708807573634,5.732836745714358,142
17,-73.946695,40.71088,29.39814641362145,10.585166442961919,20.28197617757888,0.21765884898957757,0.17256736755371094,0.8103311061859131,0.13066899208795457,6.759913762410483,112
18,-73.970896,40.690742,24.474348203100334,18.15356341275302,15.481017334292634,0.23069140887019612,0.11523275664358427,0.7025959515812422,0.09684610848474984,8.01724327935113,66
19,-73.926673,40.68035,18.145030610104822,15.380654436476688,24.658390816221846,0.19316064550521525,0.13701662104180518,0.6209704892855165,0.14589390856154422,6.4622936519325185,94
20,-73.947256,40.69447,25.964055237946685,13.665121572989007,20.60280956288494,0.2603187762870991,0.08247617691282243,0.5662887815445189,0.08874418874266285,9.92053955320328,63
21,-74.004533,40.652832,23.732747944123155,6.111248552981502,29.14456183757257,0.15280633162285576,0.2644267650919223,0.8062377253074529,0.12510165526597142,6.847162859155498,109
22,-73.940749,40.691472,25.29884088894486,10.714797329802048,23.14710858501965,0.1415896516309006,0.13104450853565072,0.5393684161866265,0.11524007290224486,7.479762628611633,79
23,-73.9317,40.6921,28.229906589170046,10.343218453322784,20.780206028419205,0.21304842791979825,0.22338191165199764,0.6571117835708812,0.15818277994791669,7.769867941297057,79
24,-73.997447,40.686843,31.325660032384537,15.272741691738952,14.517289828630833,0.31297627617331114,0.04141564462699142,0.8354473737330218,0.09901570338828891,7.038046020308351,102
25,-74.02395,40.633598,27.507464090983074,9.910259683147755,21.263345705917462,0.21790242662616804,0.18689242842929818,0.5792025647132226,0.12066535700380411,9.29996359582041,102
26,-73.954139,40.72697,29.547302665579362,6.682804933528311,22.085855097295497,0.280725013759128,0.1526744095320554,0.9018471970181284,0.1626663601275572,6.748862446788251,97
27,-73.991141,40.680159,26.403352596141676,12.237394827383534,23.39378745467575,0.21951463487413195,0.03512912326388889,0.7920929237648292,0.10090721978081597,6.515496218646014,90
28,-73.949756,40.726378,27.821604410807293,8.222034081866846,21.680579522643427,0.29716106376262624,0.41000000154129185,0.9958231890643084,0.19284386426110062,6.5666657906991475,99
29,-73.935891,40.681528,22.2385931706083,18.465970564579617,17.76693005492722,0.1415349435115206,0.267053687054178,0.5957869515902754,0.12188234191009965,7.458988134411798,92
30,-73.887195,40.660465,12.735174044921129,12.886725142825997,30.88173268402753,0.07899864733401422,0.06468536656930907,0.5320476100350009,0.15018912265789253,4.572593327326877,109
31,-73.953304,40.703996,29.14098296502624,10.515289756184075,19.854193022756867,0.18292211924337776,0.3967028274279251,0.5356037255489465,0.09311168683498396,7.204556384873309,99
32,-73.982826,40.684945,28.787213748263333,15.096421913592678,16.155085285095005,0.37790803155538555,0.1331165484136732,0.7478507523684158,0.08962342829229085,7.936431124447957,97
33,-73.982909,40.668644,24.44985767019872,14.671776970598929,19.91119265927704,0.35705477277809217,0.24636022027036486,0.6710982396966573,0.10975989225868867,9.054054723721798,107
34,-73.921099,40.680239,21.282190746731224,11.848519518484476,25.03642287908816,0.14878597134858174,0.19266465130974264,0.5475630168042153,0.08981336955151528,7.382223029541812,102
35,-73.906925,40.660455,23.673565867710426,11.693546559550974,24.304174668718094,0.22346162953392504,0.18052960386370667,0.8998068252412398,0.19154784703018643,5.498315162784589,101
36,-73.940859,40.686213,26.952650380689043,13.340174135311631,18.597197347833205,0.1740215360656265,0.126774366511855,0.46561928682549053,0.09487396062806595,7.265657971995744,86
37,-73.91043,40.686424,21.67197805810645,10.432788741636466,25.994575454528075,0.10933320685084087,0.15559828425028238,0.5701245074291307,0.0927833189447242,6.979382373242972,83
38,-73.971644,40.69453,34.22783533732097,11.286495960119998,19.428469051014293,0.2876163251472242,0.212860107421875,0.9423634500214547,0.14370918273925784,7.186015735973013,110
39,-73.987165,40.621481,21.451914310455322,11.0769165886773,27.29834583070543,0.17465043950963902,0.1194017904776114,0.6112774213155111,0.1874314414130317,8.183852390006738,72
40,-73.960137,40.711915,33.55512145143118,7.805784000373035,19.735302145189873,0.23586439049762223,0.3376931137179736,0.7798990601091403,0.08277300722110345,5.257770190821425,161
41,-73.98505,40.672358,22.705772187974716,12.86035974820455,22.33383854230245,0.25778479046291775,0.16010536087883842,0.804807080162896,0.11904769473605686,7.014113333490161,96
42,-73.940135,40.588372,18.417282762198614,16.68646838016437,24.96629510346044,0.07387504723793703,0.037658077546919896,0.6542063307488102,0.1368767456990092,7.944557584565262,87
43,-73.988743,40.660805,21.039544593837253,15.270779468759228,23.81030603782418,0.14869453980750644,0.0245694032649404,0.6333731294087936,0.11719903585427405,8.184300583252794,97
44,-73.952504,40.692616,28.629054949265115,8.238600206005481,24.218816165776214,0.2298125924990158,0.05488284798555596,0.7918683133384053,0.10778811550879665,7.216757027677787,86
45,-73.960536,40.684286,27.141939384349875,12.130238007808076,20.594172892363176,0.215111608090608,0.11544504027435747,0.5331226017164148,0.12660855832307236,8.141374588012695,92
46,-73.932254,40.691467,23.85571521261464,11.796667955923771,22.758894842028045,0.1317213122971392,0.06873918616253397,0.531444918130331,0.17842647534061748,7.465769818439577,69
47,-73.995486,40.680379,24.29650392797258,16.12431241406335,19.68053115738763,0.29644237624274355,0.07445613543192546,0.9953263733122085,0.18324686421288386,7.18556112713284,96
48,-73.943279,40.697619,21.735092615469906,22.287472089131676,19.239510328341755,0.3353186142750275,0.06133959843562199,0.5306152197030874,0.07868974636762571,6.316715326064672,104
49,-73.949198,40.663605,24.087560839123196,10.443020860354105,25.659996602270336,0.19491844707065156,0.08906059794955784,0.7271332873238457,0.1213179694281684,8.642248643769157,96
50,-73.971153,40.638087,19.086193620112905,17.735029187118798,22.187636191384833,0.2155277185272752,0.12771405671772204,0.5950248450563664,0.06935721949527138,8.222651230661493,95
51,-73.878353,40.686534,17.706640001753687,17.941551029402326,24.025219482994977,0.10252312315461783,0.07250611211212588,0.8159606109762416,0.11386826564448542,6.398381873475554,71
52,-73.907064,40.648749,15.817500644259983,8.336489359537758,34.196295420328774,0.0725614759657118,0.10244496663411458,0.9247233072916666,0.2097146775987413,9.143467373318144,75
53,-73.977674,40.695339,33.889071413782794,16.994338743493003,19.978505890576447,0.2371371293268284,0.10225632611443014,0.6725549030036818,0.1039371437051383,5.7670422294894506,119
54,-73.911215,40.635388,15.578731462067248,15.08232041901233,27.758055294261258,0.1863229041006051,0.13378816492417278,0.8992920669854857,0.2120051664464614,6.950242659624885,85
55,-74.009752,40.632392,16.59173242973559,13.411468448060932,28.77610900185325,0.18936446218779596,0.1512423428622159,0.9129723635586825,0.14538938348943536,8.524034962509619,110
56,-73.953304,40.703996,29.14098296502624,10.515289756184075,19.854193022756867,0.18292211924337776,0.3967028274279251,0.5356037255489465,0.09311168683498396,7.204556384873309,99
57,-73.921336,40.693261,20.73790718527401,11.803001329010609,26.00566078634823,0.11693879669787838,0.024429770076976103,0.5699064217361749,0.0881640116373698,5.821809955671721,85
58,-73.976648,40.678809,28.066391103407916,14.657645755343967,15.754396463531293,0.396985945358775,0.37115321439855237,0.9308303882873136,0.09826367197473065,7.255940967135959,102
59,-73.912914,40.620537,13.578448452792324,15.503197624569847,30.137064867403915,0.05022824465573489,0.0268160641848386,0.7688040261740213,0.2419950324537117,6.07714111551697,91
60,-73.935123,40.692866,26.58632689831304,11.8726146922392,21.00609910254385,0.18182791915594362,0.04743015064912684,0.551148956897212,0.14859293021407782,8.049273771398207,85
61,-73.963808,40.715089,29.431456904257498,6.000473166024814,23.86297333625055,0.1428381089241274,0.07661850221695439,0.74438843675839,0.1260416482084541,5.424412347937143,124
62,-73.917804,40.700595,34.70765968848919,4.530559463062505,20.983505523067784,0.38414960620047034,0.6088667902453192,1.1711260368084084,0.1672832445166577,6.339113191626539,116
63,-73.988743,40.660805,21.039544593837253,15.270779468759228,23.81030603782418,0.14869453980750644,0.0245694032649404,0.6333731294087936,0.11719903585427405,8.184300583252794,97
64,-73.886712,40.677707,28.80992006372523,6.469907878357687,25.021436185012632,0.17262093814802756,0.36258344297055844,1.295132401548786,0.12618524056893807,7.279049614329397,108
65,-73.980387,40.578192,21.21131337922195,9.218697164250518,28.692713551137636,0.24397455412766028,0.05652986723801185,0.5972856762765468,0.09234362635119207,6.121017741060805,58
66,-73.940707,40.661806,24.540336480301416,10.762741146016209,23.830321308378874,0.1581031284975202,0.10764518480622366,0.7109867053085499,0.14530889103921613,7.231741630182731,89
67,-73.95381,40.656276,28.41011256127808,11.240091845763857,21.884889745000578,0.24960883221222988,0.14168184194991837,0.6168612200229321,0.1256074478377157,9.423211795180592,67
68,-73.946381,40.679079,32.785120786331454,6.253552624559778,21.631936451268633,0.22567313487135518,0.24783116938873853,1.0252692255135285,0.1421855816378055,7.255976469185096,127
69,-74.008795,40.64373,26.368119751197707,11.331944880278215,20.56321925011234,0.29710444851198053,0.2140542735224185,0.5792932233948639,0.21535762842150705,8.393660835597826,92
70,-73.974664,40.595996,28.954605102539062,9.193744235568575,22.135419209798176,0.091957516140408,0.48068915473090273,1.2784813774956598,0.19548204210069445,7.898765563964844,75
71,-73.984985,40.608135,21.171440135764513,11.973560524549457,25.868906735670606,0.2393078311706363,0.13522201583097115,0.728688197853291,0.0847515455037795,6.706606040662018,113
72,-73.98557,40.601191,20.450843387179905,10.963486989339193,28.7001715766059,0.11745919121636286,0.0303192138671875,1.2839427524142795,0.15331268310546875,6.500424702962239,75
73,-73.954047,40.583893,20.93954400012368,14.53231238482291,26.081481105402897,0.10862475947329871,0.19290823685495476,0.971258523171408,0.13323875895717685,5.725673625343724,152
74,-73.966031,40.621474,20.438078875955384,14.176571205870745,24.215976941531107,0.1839102131046661,0.06668143076439427,0.8636962333226315,0.13490746554718713,8.377112210069074,73
75,-73.97083,40.577591,30.443846620159384,17.087908615300687,17.05102543772003,0.4667830761568046,0.3517913818359375,0.8644308867277923,0.12118775167582949,5.835636280201099,135
76,-73.991962,40.597379,20.506740422640444,13.095424946955436,25.95833810631204,0.18771443390040005,0.07394984148550725,0.7877008926465315,0.20116308461064877,6.884894163712211,69
77,-74.028758,40.634318,29.179951638886426,13.188490361878365,18.524433988513366,0.1603267409584739,0.17281409465905392,0.6236762711496063,0.07982434648455995,9.143139738025086,88
78,-74.028492,40.618077,22.56945646726168,9.28769967494867,27.463780305324455,0.10450436518742487,0.15053198887751654,0.8775735512757912,0.14659624833327073,6.96016122133304,104
79,-74.003635,40.63332,19.57883403134444,9.86251124629268,30.695652667387034,0.14669591016730166,0.11542284930193866,0.7525726600929543,0.1087698916839474,8.544509793505256,81
80,-73.913378,40.693318,21.684856964236914,11.36764204551163,25.256908087082852,0.149174678472825,0.12607574462890625,0.4982818791895737,0.1097769403653871,6.145684905503512,81
81,-73.981181,40.662945,22.98087473935301,16.893760813107278,18.94880690664615,0.33439210375899786,0.17174414868624704,0.7463551167422121,0.13345262539461725,7.701387345415992,106
82,-73.884348,40.681295,30.102736949920654,9.55654541651408,21.882588863372803,0.20294745763142905,0.7076915105183919,0.7575647036234537,0.12510299682617188,7.804518540700276,80
83,-73.933099,40.635842,19.10961287362235,8.570755549839564,31.54925437200637,0.13741629464285715,0.10833013625372025,1.0283497401646204,0.16140574500674293,8.010261626470658,70
84,-73.941926,40.723743,30.15441293791523,10.357646241275658,21.76298456867849,0.11521962683970534,0.17649032312428234,0.679975794994925,0.11804460540531186,6.621353019253789,127
85,-74.000565,40.619417,27.103471088142285,9.74725942317845,23.644568606251095,0.08191154116675968,0.4194382525959603,0.9270961879014302,0.1576939216848849,6.8410571549786905,119
86,-73.971474,40.688769,23.52898035293971,19.75397501236353,15.017319703713442,0.18750850970928484,0.07493532620943509,0.5471483866373698,0.09370754926632612,8.003531724978716,65
87,-73.90788,40.642684,17.36586029465134,12.180958567438898,29.66587479050095,0.05625303801115569,0.032275431864970436,0.7296656703089808,0.16794032878703902,5.598714330174902,74
88,-73.897896,40.634861,16.367292404174805,11.297447284062702,31.60786509513855,0.09430726369222005,0.15415191650390625,0.8691887060801188,0.24213115374247232,5.139923493067423,80
89,-73.916563,40.698077,30.102547840099426,6.949901106345713,23.07911583440221,0.31329529795480604,0.503828039216758,1.0753410965649048,0.15029124359586346,5.364886801041181,134
90,-73.987602,40.671145,24.236309273162746,8.934118696673567,24.34262091960382,0.2100136666487481,0.34559349036727116,0.7144525510455491,0.09743810064566609,7.706139065803738,109
91,-73.938733,40.626038,21.30631533536044,12.268673289905895,26.582912604014076,0.0808354580041134,0.06311662269361092,1.0437474106297349,0.18118800538958924,8.877504955638537,88
92,-73.937888,40.700819,30.48971931715518,14.386638926999005,17.53026344925885,0.22971710721075825,0.23418279085758226,0.7981194390190972,0.14254874077396115,5.654177688746061,138
93,-73.978472,40.622671,23.22712540626526,14.509052038192749,22.95253078142802,0.10369618733723958,0.2793550491333008,1.0335319572024877,0.17866624726189506,8.816443549262152,48
94,-73.939282,40.675905,27.062172239476983,11.045933131015664,20.81029053890344,0.18432140350341797,0.16802007501775568,0.6561474366621538,0.14527060768821023,7.402601025321267,88
95,-73.922388,40.704076,27.58401135603587,7.046842243936326,24.334083663092724,0.24215214782290986,0.3067764970991347,0.7312211725446914,0.17717580000559488,6.6980769236882525,96
96,-73.99062,40.667464,28.603082821692944,6.8289159256734955,23.335308498806423,0.19980477698055316,0.31748789328115956,0.9345937658239292,0.12738881287751375,8.5277772244112,108
97,-73.943279,40.697619,21.735092615469906,22.287472089131676,19.239510328341755,0.3353186142750275,0.06133959843562199,0.5306152197030874,0.07868974636762571,6.316715326064672,104
98,-73.947932,40.719818,24.502443365148597,9.783022768862612,26.689948863811324,0.17355515076233458,0.07590422759184966,1.090507850990639,0.14695244866448479,4.455504889960762,185
99,-74.018429,40.623687,16.389693154229057,20.013712701343355,24.48009422847203,0.08016919332837301,0.03467514401390439,0.9234318657526893,0.11436901395283047,5.774263351682633,84
100,-73.995084,40.60498,28.279889014459425,10.305802198293815,21.903750033361508,0.3553516975867705,0.2490409386200717,0.7893100861580141,0.1086983629452285,7.4316773363339,93
101,-73.993293,40.685006,29.937320026924947,12.298351380883194,21.76884674444431,0.2939747601020627,0.21923344309737042,0.8717467145221988,0.08182952074500603,7.756926373737614,82
102,-73.976053,40.648924,20.742012786865235,17.126253000895183,22.575166066487633,0.14615478515625,0.065545654296875,0.8124226888020835,0.11723276774088542,5.388548278808595,125
103,-73.993247,40.640728,30.75597551133897,8.581965619867498,20.204979482323232,0.17192146994850852,0.535496316774927,0.808432607939749,0.14456498502480866,7.37534026906948,132
104,-73.945663,40.714772,28.490234200471363,8.714979146820268,21.365182539995978,0.20146214104945365,0.12244367911145577,0.7009394028607536,0.15278922186957467,9.181668711643592,102
105,-73.980455,40.679916,25.42189135409818,8.69644058026103,26.197616337943,0.2422685276950546,0.22752403032661664,0.6713514674221329,0.07918014778162387,7.374276894547366,101
106,-73.97318,40.632145,15.7022496064504,19.385892152786255,22.572630643844604,0.17816850117274693,0.04493849618094308,0.6885471798124767,0.12501307896205358,7.515339056650798,112
107,-73.932949,40.653093,19.77476851884709,11.672027351320251,27.22059146378391,0.21010147508724714,0.16989449197931808,0.9086054424906886,0.14587964198386025,5.978122607682104,86
108,-74.007596,40.652127,28.009903736603565,4.308870266645383,28.52749433272924,0.10811145489032452,0.16480519221379206,0.8231815925011268,0.09377504006410257,6.614192815927359,130
109,-73.916641,40.682248,23.88729175647816,14.04504403695688,21.360718380581513,0.11378451510592624,0.10460690335110501,0.46631094213720553,0.12110460985888231,6.506039788415125,111
110,-73.951559,40.673943,27.98516792163514,9.521875883403577,21.287391060277034,0.22909766749331825,0.16567581578304894,0.7340937330011736,0.15433796665124724,6.959751614353114,76
111,-73.965862,40.64134,19.015229794017056,20.507669030574327,21.233541923656798,0.22544902667664649,0.08197583650287829,0.8831898371378581,0.2999657078793174,6.883489876462702,76
112,-73.9456,40.68192,27.92498977095993,12.415458537914134,18.20215896323875,0.2916159453215422,0.06424797905815972,0.8269984633834274,0.11750962999131945,9.061440361870659,90
113,-73.951575,40.656423,25.553640190529936,8.839054844805585,25.50874332298979,0.2553990497681254,0.28518317402272986,0.6345592259208936,0.15453716407075593,9.245655041385964,69
114,-73.932388,40.701107,27.58250862661034,4.617851270168318,27.289017764004793,0.15504464557275227,0.029712253146701388,0.8645173275109493,0.11865763551859743,6.032801798297098,99
115,-74.002022,40.679462,26.103871119649785,9.603041724154824,27.092673276600085,0.12614559708980091,0.1461648104483621,1.1788307574757357,0.11980805480689334,5.416050291897958,152
116,-73.93879,40.705005,26.021073290691287,17.670371106281372,19.18050632384664,0.16668476344306687,0.1458886740864187,0.7006449399938907,0.1132115073826002,7.57256613837348,138
117,-73.89276,40.669361,22.882046978088585,11.953616060342165,24.73640048626772,0.17239482132429929,0.17565304471045426,0.907584645903807,0.15654711379218347,6.600869562208038,97
118,-73.90514,40.668768,25.215705803462438,11.014071532658168,24.91721028373355,0.2910562923976353,0.10903165453956241,1.0420699914296467,0.18803534053620838,5.218670481727237,112
119,-73.908242,40.693432,26.54503716362847,10.092183493782953,22.649057411853178,0.18819526389793115,0.17334816387160817,0.6965491997361674,0.0978250071835616,6.873037785659601,81
120,-73.954269,40.632619,24.029554261101616,17.810082877123797,18.804094526502823,0.1704525064539026,0.22656122843424478,0.6308895570260507,0.2354900042215983,5.441727020122387,72
121,-73.960027,40.601179,21.883249621019296,12.334981877753075,26.416900986475305,0.3027381626426751,0.10014391959981715,0.900902308470814,0.13312549455791503,9.972566915742048,47
122,-73.975967,40.657002,14.309133022321195,29.215967133390382,17.341336979207767,0.15275807493062132,0.02121588196417298,0.4661951803599143,0.08870423442185527,6.2085036075476445,99
123,-73.908682,40.677634,21.87720192803277,7.633980645073785,28.542507312915944,0.18019593792197144,0.09904037287205825,0.9202140054585021,0.14269534452461902,5.397268695595824,135
124,-73.91788,40.665553,20.777460128541975,12.38185791742234,26.949119189428902,0.1838873303125775,0.1746768043154762,0.615103282625713,0.14826835147918216,5.85260618300665,84
125,-73.959999,40.695397,32.593804726868996,6.129464236172762,24.583009827188597,0.16388088077693788,0.21445534446022727,0.7919381707261651,0.12128342797745874,7.283398599335641,77
126,-73.885214,40.67259,21.09803196349879,8.256149291992188,30.732289180960706,0.1453597913078937,0.047734988633022515,0.9844626149823589,0.17415836293210266,5.109683416223013,93
127,-73.869705,40.676111,18.07084562571626,12.958915484006003,29.145961265041404,0.1447091908215388,0.16235456074753854,1.0776088662343482,0.15546872735567835,5.656246725282712,146
128,-73.999045,40.636932,21.6007205418178,12.250176989842975,25.200935242668034,0.2130269247388083,0.07843380882626488,0.5625585525754897,0.14221494160001238,8.63216521247985,105
129,-73.949243,40.665757,25.671750659883205,10.48893022388684,24.987770983734606,0.1831910320531542,0.0596120721454561,0.6614842518839137,0.13108119786342728,8.32507974262178,107
130,-73.919643,40.706816,22.882619326996874,9.0682429275746,26.375951679474717,0.14984877466790905,0.04427848605934633,0.9074733162509557,0.1894714635446531,6.163582233113981,109
131,-74.007469,40.606739,18.752942569013953,13.24316936990489,26.76309917284095,0.11410966587527362,0.12601769488790762,0.7261815278426461,0.11761153953662817,6.588471914835023,69
132,-73.985739,40.637101,26.178177809103943,8.924203041272285,22.803298428527313,0.21357251028729296,0.07686370458358373,0.7859148530878572,0.09942340035723825,10.568684390467455,78
133,-73.910938,40.657061,24.962347477405995,10.448515522587407,24.331657736151065,0.1821127023782816,0.14884536330764359,0.9443235826921892,0.14137061866554054,5.9980813447419585,74
134,-73.911751,40.696457,24.751627205844862,7.515833751264825,25.866179868399378,0.22795343973550453,0.14579956790050827,0.5355260458337255,0.13315821268472328,6.355767843713721,83
135,-74.0017,40.645825,23.820548375447594,15.613491058349608,20.188725789388023,0.25790055592854816,0.20708465576171875,0.6271829605102539,0.15073649088541669,7.667444547017414,100
136,-74.018719,40.630373,19.768376269582976,18.515605172195002,22.471332280649303,0.17828321726308707,0.07072922873631708,0.7880329412255582,0.1130572820113877,7.167492343881035,118
137,-73.869434,40.685852,28.299539334306097,9.268693834821754,23.72970581054687,0.0977623128445349,0.23948396106375344,1.1650786592952929,0.18555115316515772,7.758755253111462,107
138,-74.000191,40.657682,22.019592920939125,5.880316098531087,31.45448820931571,0.11724659374782018,0.19836766379220144,1.0028546764737083,0.11740894544692267,6.77489922160194,112
139,-74.005205,40.624835,22.850631805787604,11.58447916727947,24.476325942809325,0.10809687725511422,0.23460847785673947,0.9155238967343985,0.14747022146201996,6.651480035130756,83
140,-73.974425,40.608169,27.734533945719402,9.526763818202875,22.990993760589856,0.11156603821322451,0.7479251959385016,0.6708984701042502,0.1587060781625601,6.599688733744826,78
141,-73.915337,40.67538,22.298123871070747,8.024057443591133,28.390619029169496,0.0830090564230214,0.014922929846722147,0.7003504297007686,0.1651639523713485,5.718722896299499,92
142,-73.97726,40.640127,24.526075276818297,12.32140858968099,24.63133933612839,0.1731433004999357,0.14225288673683448,0.6932576497395834,0.08856220009886188,8.095703203491711,81
143,-73.98925,40.626454,20.789116329616967,18.76666005452474,22.119761149088543,0.09574974907769097,0.053098042805989586,0.5165714687771267,0.07269795735677083,8.066662682427301,75
144,-73.945883,40.648217,24.20172495384739,11.007090355163296,25.574911457218533,0.10325418759698737,0.23025530114021475,0.7139737203240939,0.11700495192993723,7.963640831376863,73
145,-73.960137,40.711915,33.55512145143118,7.805784000373035,19.735302145189873,0.23586439049762223,0.3376931137179736,0.7798990601091403,0.08277300722110345,5.257770190821425,161
146,-73.905004,40.660385,18.907329207616495,15.047986794870795,26.05594979955795,0.21285807832758477,0.05730771003885472,1.0227528024227062,0.17833574443844194,4.482780618870512,94
147,-74.033429,40.623598,22.88622433626199,14.407122889651529,22.68231387882796,0.1336729476220497,0.35159919835344144,0.6487443980285388,0.1199094555045985,9.51762621915793,79
148,-73.994258,40.610917,19.315029159794012,13.221690325233027,26.494356868712877,0.15141401833635035,0.26885707203934833,0.49792537844277973,0.10250409444173175,7.652455616772659,82
149,-74.003883,40.627929,23.069436461837206,11.09958083541305,27.215874636614764,0.16610180890118634,0.10192447238498265,1.0537892800790294,0.17076209739402487,7.213686130664966,90
150,-74.000489,40.576733,18.34343313201656,12.069531960215995,28.080038908051282,0.11060644940632146,0.023399911275724085,1.0386901173165173,0.2064228057861328,5.308366791019594,82
151,-73.925435,40.665228,23.930960988241527,13.71291402786497,21.713915703788636,0.16354000757610987,0.36447615850539433,0.5976866162012494,0.11332640572199744,6.882481726389082,84
152,-73.894877,40.662243,27.236603853995337,7.355419292784573,25.494511252955387,0.14840477391293172,0.33098120438425166,0.8605056896544339,0.1795296919973273,6.175018444395902,95
153,-73.924127,40.67173,27.57659083918521,6.6450692059700955,25.272178649902344,0.13876965171412417,0.3170481899328399,0.5669911702473959,0.1281855399148506,6.99235389107152,76
154,-73.97954,40.6288,24.18534423365737,16.116448026714906,19.595390955607094,0.16916217225970642,0.5195230426210345,1.0434618863192473,0.10058605309688684,7.536271702159533,110
155,-73.950321,40.62208,14.260760831161283,25.431775822885722,21.12837643690512,0.113180097839642,0.003411736286861796,0.7773385920994719,0.13270042311977331,5.240962426987052,71
156,-73.934163,40.598069,15.295799396656179,23.10461715415672,20.833935207790798,0.052846272786458336,0.029941134982638888,0.7715507789894387,0.1401625739203559,6.9077640109592,90
157,-73.943498,40.580161,13.45486228848681,23.25060455887406,25.61072243584527,0.1308653089735243,0.0,0.7303255575674551,0.1563902254457827,5.165128943360882,54
158,-73.939385,40.708804,29.47178464947325,7.543399478449967,23.768045324267767,0.17545765096491034,0.10522062128240411,1.041255575237852,0.10155764493075284,8.416182344610041,88
159,-73.951398,40.612339,19.272157146592342,14.10493504489609,23.978460582569486,0.15079920047974033,0.004940221805383663,0.7386364952565814,0.15312106695899083,5.850154259810748,101
160,-73.937083,40.637601,17.02903254648273,14.504638414704397,28.27033960863892,0.07292858223790087,0.09441661477535407,0.8048164710569917,0.1280506005447902,6.733924708562843,89
161,-73.963026,40.61631,24.480022274473182,12.49094159348206,22.76186643156616,0.15457141324409146,0.10123702715028007,0.8301156121979718,0.1239626662536237,6.901726932645595,106
162,-74.001915,40.602809,19.55289159502302,11.15212985447475,28.193242663428897,0.11354264758882068,0.06838117327008929,0.6313973381405785,0.11988094874790736,8.005314781552268,70
163,-74.013749,40.619043,15.572237044341806,20.345431704853855,24.59967007008634,0.10395900223606318,0.0027900518373001454,0.9146512940872548,0.1353862673737282,5.617125829060873,86
164,-73.876084,40.665817,16.541328842257276,8.79861366601638,33.24270513322618,0.08090690330222801,0.08961006447120949,0.8474005593193902,0.15704160855140217,4.999772118933406,108
165,-73.925732,40.622108,16.809504965077277,9.586377996177488,32.75439635567043,0.0980377197265625,0.08697233338286911,1.1175243174972167,0.28151544395852207,8.33680986782203,69
166,-74.006137,40.613535,19.308051608857653,13.453528994605655,27.0892790385655,0.13806214408269005,0.07350558326357887,0.8565070137145028,0.12069997333344959,6.283280206105065,84
167,-73.986792,40.614737,19.288677197915533,12.245054156691939,26.085192185861093,0.15705956353081596,0.15207220006872105,0.5824821966665763,0.12795792685614693,7.104217123102259,72
168,-73.948453,40.596876,19.288438366305442,18.279576557938768,20.924478961575417,0.13355337163453462,0.22786663424584172,0.6301936282906481,0.1156401890580372,5.68141116890856,62
169,-73.930485,40.613981,14.261920363814742,24.008386713977703,21.660760793175715,0.14980378955480003,0.05630092856324749,1.0896137221850484,0.16283537625285335,6.692103790157617,81
170,-73.930898,40.6427,19.289483356868292,10.64100579469783,29.940796683354638,0.1097188564975566,0.12994695592809608,0.9997815261652441,0.16945301259986656,7.820750263983331,81
171,-73.961191,40.5868,18.93413308737934,18.824820242066316,25.40239320285079,0.08414171744084013,0.08691082830014438,0.6944214088329371,0.10214508443638896,6.882820267608199,92
172,-73.895224,40.642931,13.828460842955348,19.497657102697037,25.555776334276384,0.10634702794692096,0.017897661994485295,0.8134078979492188,0.21683113247740504,5.957223480822993,85
173,-73.985368,40.587612,24.701501321101535,11.24949432225619,24.70239694567694,0.10824618132218071,0.17135454260784647,1.3849479564722034,0.17828826167157308,5.95541000366211,69
174,-73.889968,40.659845,14.238920356288101,7.656973540180862,34.5082933252508,0.09464880432745422,0.11374733664772728,0.8467746503425367,0.1708177605060616,5.495413144429524,132
175,-73.862961,40.675881,12.462955143140709,16.39177819956904,31.36272679204526,0.13264117033585257,0.013193876846976902,0.9746742248535157,0.18033787824105524,5.794553065645522,115
176,-73.970171,40.602722,24.420924808668055,15.321433025857676,20.463581822344647,0.15414786223628096,0.22707215829747884,0.9225725551734225,0.14387121523060084,9.227356473028948,69
177,-73.969647,40.59,23.433801290151234,9.667545181136948,27.337907241271424,0.13272311236407305,0.15860119381466428,0.8917907336810689,0.14368521200644002,9.846574766141874,74
178,-73.966442,40.633482,20.695378887119578,21.29454043374133,18.948647513318416,0.1925931048037401,0.08540082333692864,0.8462241633021418,0.17963380955938082,6.528318462087147,134
179,-73.874537,40.67002,18.365436130099827,14.110065694056253,26.819374552175006,0.2032575936153017,0.07857399425287356,0.7813961569833574,0.1489522356639877,4.76043964254445,87
180,-73.922296,40.658834,19.447479679086115,11.655667407364495,26.598565053131622,0.12868191562803452,0.08122395660917638,0.7154041764426365,0.13159169989117123,6.050171016973289,118
181,-74.00125,40.640997,25.22247957896037,10.256663862481174,23.347964535755327,0.2428974013730704,0.10284898750274536,0.7359757480851139,0.10377508569433984,8.817322665907772,83
182,-73.935753,40.663964,26.971327927377487,11.070457763142054,21.86033891306983,0.1666158437728882,0.07369716962178548,0.5012174447377522,0.14575454923841688,7.38880071375105,96
183,-73.939205,40.614005,15.582605564233027,18.49857460368764,25.454601735779736,0.1311417781945431,0.14813379807905716,0.8484750082998566,0.15042731256195993,7.644681497053667,88
184,-73.982424,40.6351,22.394084482685503,11.701177767184978,23.3753674466845,0.1747588036765515,0.14121633180430238,0.6227967884618911,0.09358365770796655,10.312966449719639,71
185,-73.866542,40.664143,14.58471100609582,7.5963213637068465,37.409398362443255,0.06741102751310882,0.06348377949482686,0.8287335301304724,0.1960861790287602,3.786520914988475,74
186,-73.955856,40.58026,25.702455620360528,11.06517205830493,23.669386533350725,0.20111744699914472,0.08648330090092678,0.723486008986928,0.12648432862524892,7.01350667118247,102
187,-73.977099,40.615405,21.10356703454021,11.412556624327081,26.52991407661028,0.10074218968764,0.29856500659792223,0.6533527032448827,0.0832068877408154,6.33733400734522,93
188,-73.995961,40.622102,24.999660209373193,9.51697208263256,25.439270867241753,0.1063855489095052,0.31575202941894526,0.8722033324065032,0.18542713589138454,7.57093005710178,90
189,-73.976801,40.60066,23.04999033610026,12.486747560046968,26.175122942243302,0.11153629847935267,0.06276266915457589,0.739681607200986,0.1448195321219308,8.841000511532737,70
190,-74.013585,40.610331,16.999168395996094,17.195031715161875,26.893620924516156,0.07000894257516571,0.021618929776278408,0.751046845407197,0.1284061778675426,6.560268402099609,55
191,-73.980515,40.645609,17.34250298252812,16.066067748599586,25.524993737538654,0.14588391339337384,0.07892979515923394,0.701047314537896,0.10567417851200811,5.736935138702393,72
192,-73.98925,40.626454,20.789116329616967,18.76666005452474,22.119761149088543,0.09574974907769097,0.053098042805989586,0.5165714687771267,0.07269795735677083,8.066662682427301,75
193,-73.914282,40.651642,17.964272456126167,8.448984386684659,32.49671351802242,0.09330113728841147,0.011508529250686234,0.8374953055166984,0.2065319198745865,4.861266333777625,74
194,-73.955217,40.604447,22.421138915256478,18.891966520850335,19.933005470541577,0.17932777974142958,0.015264482640508396,0.7599787925606343,0.10579759208717156,8.973039086185285,67
195,-73.940922,40.655337,19.17097721344385,14.89789027434129,25.0632704832615,0.23562266276432917,0.08664497962364784,0.7121193103301219,0.13060753162090594,9.189253281324337,104
196,-73.912005,40.615494,11.409902059903708,13.480588441253989,32.36260260305097,0.11029294742050991,0.022937405493951613,0.90324955601846,0.1529524403233682,5.557521184285482,62
197,-73.964586,40.608801,18.28937212626139,14.718304475148518,25.15009800593058,0.21477182706197104,0.22455374399820963,1.0461831092834473,0.15946229298909503,9.774476289749146,80
198,-73.992447,40.57864,15.370125673255142,14.208505591567683,31.741183793463673,0.1548630850655692,0.0044647528200733415,0.6896044932255129,0.15406965398464073,5.990788725768627,49
199,-73.946836,40.623788,18.761872022579876,17.193369254087788,24.711033258682644,0.09835854554787661,0.06079453688401442,0.8534925411909055,0.13641357421875,6.784983903933794,65
200,-73.960924,40.668913,17.568136298138164,31.690732522863126,17.890823060187742,0.3180510755898296,0.06865072941434557,0.792550810293299,0.16971855347859108,5.04765510559082,138
201,-73.935093,40.675675,22.004436464345414,11.845494745375957,25.54726047015815,0.10924035690250469,0.46114975147033005,0.6504858924208509,0.16058089581321688,5.629526631215985,89
202,-73.925592,40.647851,16.09973014517223,13.919254188680469,28.996468661876207,0.07933570204602645,0.022609582108058288,0.8491369668910566,0.16301830163162745,4.811042257016071,89
203,-73.962743,40.644927,25.782924228244358,17.304448592357147,18.73124888819507,0.15732528816940436,4.890637520032052e-06,0.4367506402170556,0.14109896798419136,7.042821655925522,78
204,-73.95348,40.648352,27.223252510839657,6.287961782411087,26.799352039662438,0.14162396275719932,0.142771698707758,0.7123270700144213,0.1686720885047617,8.191392218419747,86
205,-73.987195,40.612247,20.028939391627457,11.893746347138375,26.1733661998402,0.18027406750303326,0.19217765692508582,0.5351839643536191,0.11632912086718009,6.706765565005216,88
206,-73.966456,40.649509,18.998085657755535,23.615760349092028,17.95550255548386,0.23592267717633927,0.07216862269810267,0.8356966291155133,0.22950762794131327,8.39088621593657,70
207,-73.945659,40.706708,26.96383234895306,12.28568701096523,19.80375213387572,0.20378636725154922,0.2994378407796224,0.66926626511562,0.09243635483729985,6.406359908021527,108
208,-73.923894,40.63195,13.744931618372595,21.46740198135376,23.367294867833458,0.1157069206237793,0.041179656982421875,0.7272783915201824,0.18866062164306643,6.960963408152262,80
209,-73.961962,40.580237,31.818620999654136,7.517328898111978,25.16469478607178,0.25589656829833984,0.10760498046875,1.1470009485880535,0.11365032196044922,7.882258415222167,100
210,-73.95155,40.591103,18.685429436819895,18.894703274681454,21.741793950398762,0.1636913844517299,0.1611818586077009,0.7155413854689825,0.10771388099307105,7.849958964756557,70
211,-73.955891,40.604461,21.39764857548539,20.36271351639942,19.991028180686374,0.19360408988050234,0.016495489305065524,0.7522675298875376,0.09946771847304477,9.424623366325132,62
212,-73.94961,40.690595,21.69022915410061,12.824214860504748,24.206512675565833,0.14508228675991883,0.10026819565716912,0.5845268099915748,0.13654222675398286,8.30079246969784,85
213,-73.941345,40.702759,30.929430623317998,14.683251202425216,16.625262071742092,0.42090356456192207,0.33413484134776067,0.9456292830686518,0.13125074525992925,6.035775679318025,187
214,-74.014633,40.626089,16.8624809522669,18.498679454819566,24.159244344204286,0.21607604207871836,0.07160041905656646,0.9435303603546529,0.12873315609960115,6.092156438384881,79
215,-73.988667,40.687218,31.94349673059251,12.228962116771276,16.501484645737545,0.3889577256308662,0.25098224480946857,0.7736202743318347,0.1015394926071167,8.326060242123075,96
216,-73.930132,40.682949,26.291467550215025,12.74719283054692,19.107848601721823,0.17230924866009203,0.10409019362758583,0.5212550991577722,0.15046025665713028,7.3754050921946055,71
217,-74.029444,40.621025,24.696231050556207,6.358349404367459,26.34221355931289,0.18142064412434897,0.36863794132154815,1.0030811335764778,0.23778020119180485,8.768811193453212,98
218,-73.976104,40.697177,38.12905373851868,11.344750394526216,19.878461844323017,0.26495858156394303,0.11399062638430252,0.866355437183708,0.12928743133020565,5.100785088293331,97
219,-73.976648,40.678809,28.066391103407916,14.657645755343967,15.754396463531293,0.396985945358775,0.37115321439855237,0.9308303882873136,0.09826367197473065,7.255940967135959,102
220,-73.932066,40.68797,24.309426722144277,14.633355764397084,19.744979681344976,0.09840792241478771,0.04625199716302413,0.5012319057802611,0.1589537672855683,7.001927130332978,79
221,-73.92756,40.657421,21.761528351022008,11.26284749252991,26.071359826333868,0.12128128195708653,0.09598642025353774,0.7700380289329671,0.15399680947357752,6.366090654577099,106
222,-73.960808,40.689499,28.57693933014177,18.586997496776092,15.833668831067207,0.20843897110376602,0.1414788074982472,1.0064879034319494,0.12624610183585402,7.836440893319937,78
223,-73.886373,40.635542,13.10467258576424,20.168443392681823,25.53863320299374,0.15529509513608872,0.05269512053458921,0.6847996865549395,0.08791595376947874,4.487907758323096,62
224,-73.879276,40.6585,11.630263412207887,19.706729085821856,26.97886383324339,0.08884363007127194,0.010239450555098685,0.5149091754043311,0.1355632982755962,4.588010352954529,95
225,-73.92818,40.694179,28.88646315361746,7.007061377942381,23.144309600923407,0.19397823088759675,0.3756899352467388,0.705576380458447,0.10400941247969227,6.595059199435266,109
226,-73.908436,40.634005,15.359850332770549,21.389957660800416,23.229595864882494,0.1405093591537834,0.0049591064453125,0.8400912575878449,0.21273563725287925,6.695482316711138,71
227,-73.92785,40.595798,20.521479182773167,13.25033947273537,31.825045744578045,0.10348425971137153,0.07004208034939235,0.9714740293997307,0.15612134227046262,4.19826242658827,72
228,-73.938721,40.606745,13.323875709816262,19.75679358337151,25.93880602361734,0.10238930031105324,0.06152729929229359,0.7131698200241527,0.10334925396452226,7.525714434713985,81
229,-73.892797,40.644134,15.0619901327723,19.294055877440424,24.64383289995921,0.14150918248188066,0.02038794827748494,1.0193591137008975,0.20904004813198104,5.624729753976845,83
230,-73.993565,40.594648,15.155719448101484,10.672735945086613,31.828028242164685,0.11082883935851098,0.004695286260587033,0.8284515309556623,0.1611905677296291,5.591831326113311,107
231,-73.977983,40.676649,28.713631917195148,16.70475925307676,13.67574714752565,0.38053826634663657,0.39001832525414154,0.8759490936156737,0.10416804547290724,8.37392807006836,83
232,-73.907634,40.666942,26.9631657107123,13.696722874696226,20.500391653214376,0.26114398035509834,0.10327251478173267,1.2122302219785492,0.1471875727861777,4.782095448724155,116
233,-73.920784,40.647818,15.88099672083269,20.449599466825784,23.678975356252568,0.10792916281181471,0.037854177909984923,1.016813412047269,0.15930711177357457,5.290002153630843,76
234,-73.98112,40.697856,26.699098463981382,11.222100770601664,26.74741437358241,0.12157399167296706,0.14633055656186997,0.7008957606489941,0.11582118208690356,6.479019503439625,124
235,-73.992393,40.574029,21.07362570586028,11.09959743641041,26.66675108450431,0.2963115550853588,0.14720704820421007,0.9419497737178095,0.15459555166739003,5.729570742006656,90
236,-73.942401,40.674244,24.744949662735696,18.002130210651124,16.894746933305314,0.19498615828244492,0.08467662183544304,0.568394721308841,0.15605330970216902,7.693903959250148,79
237,-73.889375,40.678182,27.982549929837568,7.723749668226329,24.668338903957917,0.1763795858494003,0.6383831712448634,1.2208877353493226,0.13050814287378154,6.685071764371447,109
238,-73.915217,40.695875,20.347612698872883,11.420161724090576,26.117888689041138,0.16663034756978354,0.0939035415649414,0.4717973868052166,0.09737571080525717,6.011867523193359,80
239,-73.893319,40.671601,22.87220453714823,8.812527756791216,27.91078756521414,0.16728994008657094,0.16472447025883305,1.0324959282402522,0.1973238077249613,6.270857974215671,111
240,-73.988743,40.660805,21.039544593837253,15.270779468759228,23.81030603782418,0.14869453980750644,0.0245694032649404,0.6333731294087936,0.11719903585427405,8.184300583252794,97
241,-73.948166,40.697377,21.82831136803878,15.25990837498715,23.31916616674055,0.2797938229744894,0.09048863461143092,0.6189388141297457,0.1267307683041221,7.549714205557839,76
242,-73.907718,40.671015,23.875407945542104,15.018892572039652,22.736151729311263,0.3006282306852795,0.39009309950329013,0.9446039086296445,0.10974123364403135,6.207553545633951,112
243,-73.917899,40.690755,19.899996916453045,11.324606736501059,26.68480634689331,0.1564037799835205,0.03704071044921875,0.4990355173746745,0.11533578236897786,5.4675447940826425,80
244,-73.946381,40.679079,32.785120786331454,6.253552624559778,21.631936451268633,0.22567313487135518,0.24783116938873853,1.0252692255135285,0.1421855816378055,7.255976469185096,127
245,-73.972009,40.582518,17.441916600459038,23.76624473744193,19.717930131039378,0.1582724899895447,0.017434459621623412,0.5883092934128928,0.10444484861557092,5.890288326026357,118
246,-73.88662,40.65534,13.857406830236854,13.843048523754964,29.28569938483411,0.13272093467586504,0.03111433274675124,0.7428789296165944,0.13359623773656665,4.776838195599346,101
247,-73.981599,40.701789,28.02179261749866,10.994691661759918,22.7447042278215,0.21021263272154564,0.02651663387522978,0.7779828239889706,0.12435539096009499,5.132913776472504,85
248,-73.935509,40.688323,26.989994979486234,11.58812879546871,19.854756874766775,0.12074873699405331,0.04314096962533346,0.42775006798224724,0.16095153684538552,6.654304799025621,82
249,-73.924422,40.6881,30.685656899619698,8.04463629226958,21.231665320721156,0.2566836640826263,0.5174534295194892,0.8527119954427085,0.15777123017123096,7.845803059130159,93
250,-74.007533,40.632143,21.143854581392727,11.148434593563987,29.380815107743818,0.1460159217918312,0.13413062462439904,0.923083029387198,0.12521918440039778,8.842587034344238,91
251,-73.909554,40.622442,11.64251963297526,13.83676068218434,33.01986334980398,0.03501228664232337,0.042890465777853264,0.7595771752693804,0.19974547307848356,5.419780436345345,69
252,-73.992076,40.702952,38.16158322320469,10.874227509982346,21.03587976400403,0.46534192734870355,0.1671376435653023,0.9992457818293918,0.11931951495184413,3.9151590803395147,184
253,-73.954269,40.632619,24.029554261101616,17.810082877123797,18.804094526502823,0.1704525064539026,0.22656122843424478,0.6308895570260507,0.2354900042215983,5.441727020122387,72
254,-73.961418,40.674685,26.926941695036714,9.496872160169815,24.676759507921005,0.23597434714988424,0.07766794275354455,0.5447348841914426,0.11630517465096932,8.058227962917751,90
255,-73.948771,40.703034,29.765979377357095,8.268201959741724,21.788869748960387,0.15462010472386448,0.34034660270622186,0.9917024377588036,0.11175058267496013,5.830342919976862,111
256,-73.953881,40.709632,30.699156579517183,8.01628657749721,21.44309831044031,0.20271123401702396,0.478347899421813,0.7587523687453497,0.13943399701799666,5.110997813088553,168
257,-73.978633,40.671816,28.22633100195406,14.730582840141208,16.134909925789668,0.18405731610411427,0.1699688790858477,0.46543106722192285,0.1149517366255837,8.243899875217013,87
258,-73.911279,40.666187,24.52233390202598,14.515861329578218,22.480590759761746,0.21881103515625,0.05365825834728423,1.0834739321754092,0.1194439237079923,6.64105491032676,105
259,-73.893294,40.653368,11.364306473150485,11.947577174116926,34.07858716763132,0.0965374272044112,0.007685219369283537,0.4384250175662157,0.11189623576838796,4.304690477324695,82
260,-73.92825,40.628417,13.30111164977585,12.485045626543569,31.634117209393047,0.06575100663779439,0.15030114547066067,0.9546452674312869,0.2274644547614498,5.95744416333627,92
261,-73.911788,40.668232,25.006358505140806,11.225304366848993,24.987241731467826,0.2514781681358392,0.32018769717385587,1.4036175207043369,0.1476226968968168,7.300811118267952,94
262,-73.898249,40.667985,29.55072171760328,6.7728039712616885,25.758404298262164,0.15162207863547586,0.08892868504379735,0.7030891649650804,0.13965693387118253,5.293472463434393,110
263,-73.99577,40.574666,21.808125599321112,7.724359428068721,28.710299419111994,0.15761593738234186,0.04975652120199548,0.935788135451964,0.14568390137699233,6.206443893861578,83
264,-74.00089,40.627038,20.329278310139976,11.191996858831036,29.424784810919512,0.18672006172046324,0.06943351344058388,1.0781508997866982,0.18278858117889937,6.6343846237450315,95
265,-73.960093,40.6771,29.016870364808202,6.6458091401217265,25.197697522347436,0.1748984320121899,0.0995610889635588,0.44723017173900936,0.10846204925001712,7.927488025866057,76
266,-73.928673,40.674491,23.644426663716636,10.686722596486408,25.09908676147461,0.14510711034138998,0.12049198150634766,0.6449468930562336,0.15973567962646484,8.755860726038614,80
267,-73.986313,40.593028,22.158693384241175,14.089860739531339,24.381337783954763,0.08570573948047779,0.4868480894300673,0.8330256850631148,0.1661433113945855,4.769126132682518,72
268,-73.970315,40.676357,21.899570868565487,18.735801562284813,18.797971652104305,0.29286360129331934,0.16757647196451825,0.8855706606155785,0.11618809822278144,6.798683680020845,104
269,-73.972009,40.582518,17.441916600459038,23.76624473744193,19.717930131039378,0.1582724899895447,0.017434459621623412,0.5883092934128928,0.10444484861557092,5.890288326026357,118
270,-73.879886,40.676207,21.483947544036177,9.158128905064851,29.608598418991928,0.16202834046002731,0.20207587183486297,1.024702683235835,0.16075862649960812,7.648467091680731,103
271,-73.881997,40.64664,16.952875150856396,16.543530741481916,24.139342409499147,0.1207399030103751,0.03623556583485705,0.45061584905529695,0.12614541019953734,5.040282053304902,94
272,-73.927938,40.70081,29.865641593933105,5.05985140800476,24.70111568768819,0.20683685938517252,0.1511096954345703,0.47681649525960285,0.08298476537068686,9.292572736740112,80
273,-73.986313,40.593028,22.158693384241175,14.089860739531339,24.381337783954763,0.08570573948047779,0.4868480894300673,0.8330256850631148,0.1661433113945855,4.769126132682518,72
274,-73.927938,40.70081,29.865641593933105,5.05985140800476,24.70111568768819,0.20683685938517252,0.1511096954345703,0.47681649525960285,0.08298476537068686,9.292572736740112,80
275,-73.984528,40.69733,27.732329252289563,11.056422799583373,23.307290891321696,0.209513137011024,0.057669383723561354,0.7998359881765473,0.11155663467035061,6.219781898870701,164
276,-73.960536,40.684286,27.141939384349875,12.130238007808076,20.594172892363176,0.215111608090608,0.11544504027435747,0.5331226017164148,0.12660855832307236,8.141374588012695,92
277,-73.959484,40.665199,17.84052022298177,15.158765157063803,28.822865041097007,0.17959314982096353,0.1735575358072917,0.8444709777832031,0.16250508626302082,5.923398844401042,125
278,-73.960093,40.6771,29.016870364808202,6.6458091401217265,25.197697522347436,0.1748984320121899,0.0995610889635588,0.44723017173900936,0.10846204925001712,7.927488025866057,76
279,-73.937601,40.67229,23.34184132370294,13.096061874838437,22.028259670033176,0.15233965481028838,0.13154254240148208,0.4458114212634517,0.11317870196174173,7.094439805722704,68
280,-73.962049,40.706069,24.80946688514369,16.82672800980215,17.429161071777344,0.329804107585917,0.14277480718657726,0.739117619872406,0.10154979435477669,7.502575621517312,127
281,-73.936313,40.662092,23.630171857969593,11.071761984950147,24.14565389968929,0.13185029619195487,0.06570923194456636,0.6304633751344144,0.15454203002015304,7.465744375736079,89
282,-73.937601,40.67229,23.34184132370294,13.096061874838437,22.028259670033176,0.15233965481028838,0.13154254240148208,0.4458114212634517,0.11317870196174173,7.094439805722704,68
283,-73.893328,40.664067,29.797102680136433,7.344606769827259,22.518883519993597,0.1303878895965688,0.6232579549153645,0.7349922543480283,0.16749734843606914,5.158716767698854,91
284,-73.935093,40.675675,22.004436464345414,11.845494745375957,25.54726047015815,0.10924035690250469,0.46114975147033005,0.6504858924208509,0.16058089581321688,5.629526631215985,89
285,-73.947672,40.637625,25.99733438756731,10.87447702884674,22.82507552040948,0.2211699883143107,0.09503033426072861,0.8868753910064697,0.148481461736891,8.970600366592407,96
286,-73.992254,40.662985,25.239126637296856,8.000001367532983,26.15952101893395,0.19314454036688652,0.08439837761645047,0.6212270484780366,0.10319895714333971,6.849430192191646,106
287,-73.907718,40.671015,23.875407945542104,15.018892572039652,22.736151729311263,0.3006282306852795,0.39009309950329013,0.9446039086296445,0.10974123364403135,6.207553545633951,112
288,-73.891743,40.647396,12.3757447136773,13.462940639919704,31.92778142293294,0.16676839192708334,0.037628173828125,0.9651230706108943,0.1848687065972222,5.875633663601346,75
289,-73.947557,40.696698,22.484937420597785,15.713111559549967,22.275046949033385,0.26459340695981626,0.11047257317437066,0.6282691602353696,0.12657995577211734,8.090193183333787,72
290,-73.947557,40.696698,22.484937420597785,15.713111559549967,22.275046949033385,0.26459340695981626,0.11047257317437066,0.6282691602353696,0.12657995577211734,8.090193183333787,72
291,-73.983312,40.687432,36.121519724528,8.450309753417969,14.58077621459961,0.633270263671875,0.28388023376464844,0.9207839965820312,0.1032431920369466,7.0730695724487305,100
292,-73.969872,40.577709,29.25221391903457,16.850289375551284,17.163301693495885,0.4543179337696363,0.5966008094049269,0.9656893822454637,0.12600498814736644,5.747385742843792,155
293,-74.005168,40.654306,27.69566344343908,5.408626930898728,27.698984755772976,0.13370426822470746,0.2218503385918325,0.67687274114182,0.08859525532482966,6.039338351384689,146
294,-73.9855,40.676198,23.890445345924014,5.071414552148984,31.12015336835418,0.25315912497811627,0.13667996190175288,0.841738062412465,0.10133604375588125,5.706621752399691,119
295,-73.945211,40.699214,23.0474038217582,14.645169576009117,24.01845745011872,0.2296765645345052,0.05030014935661765,0.7912007500143612,0.11859332813936121,6.750409369375192,85
296,-73.959484,40.665199,17.84052022298177,15.158765157063803,28.822865041097007,0.17959314982096353,0.1735575358072917,0.8444709777832031,0.16250508626302082,5.923398844401042,125
297,-73.920187,40.69805,30.024957249307224,8.854938300586495,21.850002593124696,0.3130149297904425,0.5014370649288862,1.1000097986639734,0.1619575370071281,5.791026982147129,117
298,-73.915159,40.693542,19.667622778150772,11.277935681519685,27.002200815412735,0.10951934037385164,0.08531146579318577,0.37562229015209053,0.08467215078848381,5.7674783247488515,72
299,-73.90788,40.642684,17.36586029465134,12.180958567438898,29.66587479050095,0.05625303801115569,0.032275431864970436,0.7296656703089808,0.16794032878703902,5.598714330174902,74
300,-73.953702,40.70179,27.955952319470082,11.588640876742074,19.84262920561291,0.17834722777426026,0.0661074460207761,0.3872997158176296,0.08061377556769403,7.6639915997292105,91
301,-73.946836,40.623788,18.761872022579876,17.193369254087788,24.711033258682644,0.09835854554787661,0.06079453688401442,0.8534925411909055,0.13641357421875,6.784983903933794,65
302,-73.957173,40.649602,31.549114070526542,7.256695995592091,22.60454778801905,0.2163799930380904,0.17648156919435826,0.6925665624609821,0.10622451294502712,9.284483243341315,73
303,-73.919088,40.697898,30.256777662571853,8.925155443227712,21.423122230261,0.32419292584344295,0.5395858268427655,1.0964641726113917,0.1671057083419345,5.377796865737212,123
304,-73.904695,40.689883,20.86784017016316,15.435865747998333,25.13147209122864,0.19234718635068304,0.26558546992073284,0.5710640845940126,0.10743503682097497,4.663470753452234,57
305,-73.91788,40.665553,20.777460128541975,12.38185791742234,26.949119189428902,0.1838873303125775,0.1746768043154762,0.615103282625713,0.14826835147918216,5.85260618300665,84
306,-73.928917,40.67271,27.44506116498981,7.043267132943136,24.570548743532417,0.14930566151936853,0.13990151254754318,0.5110828500044974,0.14989459723757023,9.429842547366494,76
307,-73.923881,40.666251,21.885416134685073,14.695283344813756,22.83880305128033,0.1894483760911591,0.2085588416274713,0.6078230280454467,0.14347705711312844,6.2020292087477085,98
308,-73.911788,40.668232,25.006358505140806,11.225304366848993,24.987241731467826,0.2514781681358392,0.32018769717385587,1.4036175207043369,0.1476226968968168,7.300811118267952,94
309,-73.946358,40.658663,22.103937379606478,16.066597669552536,22.24632025638343,0.12449222606617016,0.2607806698306576,1.060604961800488,0.09713784242287661,8.789122235643994,91
310,-73.927979,40.663388,20.950998465220135,12.47947057088216,24.733355442682903,0.17557819684346515,0.24608612060546875,0.7216954231262207,0.0949557622273763,8.839514652887981,80
311,-73.951664,40.648277,27.304791843189914,6.407977833467371,26.729201148538028,0.13449537987802543,0.16808154536228553,0.805674908207912,0.14418994679170496,7.765783048143574,85
312,-73.906018,40.672216,22.42573783511207,12.017795301619032,25.996733563286917,0.18573147909981863,0.2106598445347377,0.9024319194612048,0.11280916986011325,5.286227521442231,112
313,-73.911751,40.696457,24.751627205844862,7.515833751264825,25.866179868399378,0.22795343973550453,0.14579956790050827,0.5355260458337255,0.13315821268472328,6.355767843713721,83
314,-73.874064,40.657266,20.399081739306776,6.812393374559356,32.968835132878,0.09272505597370427,0.0076635097100482726,0.6259504695571858,0.13980891323348046,3.990630534929312,123
315,-73.952356,40.632829,26.283426112956832,15.141717378083651,19.2258358001709,0.12911117828644073,0.18667014869483742,0.642821165892455,0.21289490364693306,7.072721086106859,74
316,-73.930132,40.682949,26.291467550215025,12.74719283054692,19.107848601721823,0.17230924866009203,0.10409019362758583,0.5212550991577722,0.15046025665713028,7.3754050921946055,71
317,-74.022073,40.618628,16.486089150826853,19.22186688259915,25.448939177367063,0.08112875906912773,0.08670531951629364,1.041657502228791,0.12787741583746834,6.0553373159231,111
318,-73.957173,40.649602,31.549114070526542,7.256695995592091,22.60454778801905,0.2163799930380904,0.17648156919435826,0.6925665624609821,0.10622451294502712,9.284483243341315,73
319,-73.886668,40.661102,13.712600583121892,11.173756065822785,31.768017439615157,0.09064163480486188,0.08425031389508929,0.5908279191879998,0.15288960366022014,4.8498343853723425,112
320,-73.968733,40.582627,14.141968450987134,23.262029030607277,21.728694525948406,0.09563937964520607,0.0639435148587192,0.7525877940973805,0.1580797552772392,5.844914884172797,137
321,-73.95818,40.692015,31.518502402723882,9.597751968785337,21.42734778554816,0.20074384254321717,0.1472247274298417,0.5692678585387113,0.12332012778834293,6.297117785403604,76
322,-74.025888,40.637031,20.66309593176916,16.00795728023921,22.34176148506711,0.11125309073665061,0.11247355618580851,0.6063957452031311,0.10196620430159048,6.854543953298409,107
323,-73.954678,40.710107,30.066289527743468,8.624093485813514,21.62086898205327,0.22097550186456416,0.45490863276462934,0.7114447799383425,0.1254745558196423,5.085436503092447,170
324,-73.955004,40.622425,14.887482717156956,24.909120934194625,20.286807839728926,0.1546267505105772,0.004614216007598459,0.6459275337114726,0.12610187269236944,4.831101578664563,73
325,-73.9855,40.676198,23.890445345924014,5.071414552148984,31.12015336835418,0.25315912497811627,0.13667996190175288,0.841738062412465,0.10133604375588125,5.706621752399691,119
326,-73.984528,40.69733,27.732329252289563,11.056422799583373,23.307290891321696,0.209513137011024,0.057669383723561354,0.7998359881765473,0.11155663467035061,6.219781898870701,164
327,-73.874064,40.657266,20.399081739306776,6.812393374559356,32.968835132878,0.09272505597370427,0.0076635097100482726,0.6259504695571858,0.13980891323348046,3.990630534929312,123
328,-73.989369,40.690007,38.31131742114112,4.462202673866636,15.58513641357422,0.6178682758694604,0.2542359488351004,0.9371365819658549,0.12871140525454566,7.984159957794915,112
329,-73.947661,40.610499,15.700175796729932,19.195146146027938,24.90128226902174,0.08771408007340731,0.003145743107450181,0.7765935814898947,0.17510197588786985,4.905397534946312,69
330,-74.008106,40.650793,25.249820883556076,7.30000900965865,26.79363758333268,0.17496667882447603,0.18247788952242944,0.7479559990667528,0.1480287121188256,6.716160620412519,124
331,-73.993293,40.685006,29.937320026924947,12.298351380883194,21.76884674444431,0.2939747601020627,0.21923344309737042,0.8717467145221988,0.08182952074500603,7.756926373737614,82
332,-73.976435,40.688896,28.409624623728323,14.358795431507378,17.38294210189428,0.2913468049996065,0.15023409665285886,1.1856089581500042,0.12025064601129663,7.197265485267501,91
333,-73.984528,40.69733,27.732329252289563,11.056422799583373,23.307290891321696,0.209513137011024,0.057669383723561354,0.7998359881765473,0.11155663467035061,6.219781898870701,164
334,-73.983116,40.656952,16.10743000976041,19.53429034632495,24.96234616662702,0.14120819222213873,0.044397207406850964,0.5471633030818059,0.13264631613706931,5.7875087118556365,78
335,-73.988743,40.660805,21.039544593837253,15.270779468759228,23.81030603782418,0.14869453980750644,0.0245694032649404,0.6333731294087936,0.11719903585427405,8.184300583252794,97
336,-74.002308,40.613041,29.524499782617543,8.936499167179717,22.903730903846633,0.12995125590891077,0.3417847813039586,0.9300926457280698,0.11851338372714278,7.136058116304701,92
337,-73.913508,40.659618,27.678456859312192,8.56588577878648,22.803965167722836,0.1128673553466797,0.47283656355263537,0.7318040598993716,0.11792252029197803,6.619587842968927,92
338,-73.980266,40.683951,28.018176916873816,8.706208431359494,22.59525658707025,0.24852303142098062,0.17382560755668663,0.70827785967175,0.10845492584536776,7.334219807326192,99
339,-74.002022,40.679462,26.103871119649785,9.603041724154824,27.092673276600085,0.12614559708980091,0.1461648104483621,1.1788307574757357,0.11980805480689334,5.416050291897958,152
340,-73.944463,40.709765,29.46431192301088,11.735324266940186,19.004078773455433,0.2057940272961633,0.1610308717199638,0.7682450073587019,0.121445844402421,6.701803746196508,118
341,-73.881997,40.64664,16.952875150856396,16.543530741481916,24.139342409499147,0.1207399030103751,0.03623556583485705,0.45061584905529695,0.12614541019953734,5.040282053304902,94
342,-73.944463,40.709765,29.46431192301088,11.735324266940186,19.004078773455433,0.2057940272961633,0.1610308717199638,0.7682450073587019,0.121445844402421,6.701803746196508,118
343,-73.931604,40.678478,19.13516702927317,13.88352086224894,26.347724283774067,0.15992742823803519,0.40611056830939346,0.9248095234548013,0.1917608766731002,6.547911336102824,127
344,-73.979649,40.686498,32.18819871544838,7.709612945715586,19.671312471230824,0.365802397330602,0.23331046104431152,0.9670312205950418,0.1377907892068227,7.219311346610388,128
345,-73.97858,40.669255,26.99301353919463,14.782767142018963,19.620712512710192,0.17083588466849378,0.17792281284127184,0.5931782466109081,0.1079080779919915,9.286331190430563,93
346,-73.97858,40.669255,26.99301353919463,14.782767142018963,19.620712512710192,0.17083588466849378,0.17792281284127184,0.5931782466109081,0.1079080779919915,9.286331190430563,93
347,-73.97858,40.669255,26.99301353919463,14.782767142018963,19.620712512710192,0.17083588466849378,0.17792281284127184,0.5931782466109081,0.1079080779919915,9.286331190430563,93
348,-73.986313,40.593028,22.158693384241175,14.089860739531339,24.381337783954763,0.08570573948047779,0.4868480894300673,0.8330256850631148,0.1661433113945855,4.769126132682518,72
349,-73.935969,40.703703,24.074449513339736,12.70635418775605,24.654218885633682,0.20761541557828905,0.012839712747713415,0.8431413955481718,0.12627164845867206,5.851887493598752,123
350,-73.938921,40.711134,30.215915389682937,6.225372051847153,24.60735569829526,0.27339043824569037,0.07457525833793309,1.3109089671701626,0.11891558550406191,8.496434792228369,92
351,-73.938921,40.711134,30.215915389682937,6.225372051847153,24.60735569829526,0.27339043824569037,0.07457525833793309,1.3109089671701626,0.11891558550406191,8.496434792228369,92
352,-73.938921,40.711134,30.215915389682937,6.225372051847153,24.60735569829526,0.27339043824569037,0.07457525833793309,1.3109089671701626,0.11891558550406191,8.496434792228369,92
353,-73.983827,40.691124,42.35711362626817,5.408560108934712,13.726584116617838,0.7452689684354342,0.179699343493861,1.3922723949464977,0.20700316143850991,5.431064173706576,156
354,-73.988323,40.694629,34.407980545707375,10.286564066790152,14.728278238416294,0.5618735787949125,0.09367846060490263,1.2224648885680858,0.21965169676260093,6.84137459538409,138
355,-73.920095,40.673124,21.55218486544452,10.778932933565939,27.109999193923883,0.09888918590948047,0.0859127768987342,0.8689208372735775,0.15865680034653548,6.22871334542705,79
356,-74.023419,40.636721,19.48392190907383,11.822095214512936,27.100656349161454,0.13067250652364923,0.19727153829765834,0.806739207528794,0.10716456384839727,6.678040047002034,123
357,-73.990292,40.68291,26.951910179352087,16.370434924449505,20.348109485947084,0.29533689267167423,0.1331614556713639,0.6812912652797044,0.10971176290066445,6.785414449151061,107
358,-73.954815,40.715561,25.709420034330186,6.727301149063458,26.46706267578961,0.19540068221418821,0.0936873971599422,1.0170699254562867,0.13151430103876818,4.698581564916324,146
359,-74.038103,40.626827,11.149201166062127,26.75608725774856,23.11411766778855,0.10330109369187129,0.0115203857421875,0.6784316471644808,0.09984334309895833,4.331526529221307,70
360,-73.94573,40.685653,27.255561477259587,16.052013112787613,16.108290354410805,0.18335559911895216,0.12007763511256168,0.5166677006503991,0.07919094018768845,9.596160001922073,76
361,-73.912685,40.674456,18.225249872880553,10.072021066707416,29.28527428285919,0.1296050357122491,0.03775854180329037,0.7913461856888447,0.14793971449209248,6.131976654349741,137
362,-73.993293,40.685006,29.937320026924947,12.298351380883194,21.76884674444431,0.2939747601020627,0.21923344309737042,0.8717467145221988,0.08182952074500603,7.756926373737614,82
363,-73.920603,40.688399,30.77594439188639,8.099342981974283,20.445193666400332,0.23396318609064276,0.43437264182350854,0.7826949610854641,0.16028404235839844,6.435438791910807,110
364,-73.895122,40.666868,30.093793308033664,6.847038456037933,23.03855403576022,0.14767958447824114,0.1440546871010774,0.6737808776057624,0.1370560889150582,6.318029702878466,102
365,-74.019299,40.64195,34.84390743406781,4.20462223755452,23.365128345978565,0.188756600404397,0.3651487799513312,0.8220850448786239,0.12128469827291849,5.070073009926678,143
366,-73.982583,40.621299,18.463353621654022,13.540219037960737,26.648167463449333,0.05030265221228966,0.03937574533315805,0.5414571517553084,0.0903765360514323,9.41470830868452,52
367,-74.019299,40.64195,34.84390743406781,4.20462223755452,23.365128345978565,0.188756600404397,0.3651487799513312,0.8220850448786239,0.12128469827291849,5.070073009926678,143
368,-73.895122,40.666868,30.093793308033664,6.847038456037933,23.03855403576022,0.14767958447824114,0.1440546871010774,0.6737808776057624,0.1370560889150582,6.318029702878466,102
369,-73.965928,40.682422,25.483200124618584,7.384015735150989,26.71222686767578,0.19363217080883705,0.13781846171677714,0.9244151388354576,0.19603979707968355,5.808796545471808,99
370,-73.895122,40.666868,30.093793308033664,6.847038456037933,23.03855403576022,0.14767958447824114,0.1440546871010774,0.6737808776057624,0.1370560889150582,6.318029702878466,102
371,-73.912102,40.665568,21.677539852784953,13.637243633201901,25.602696531562394,0.19410553798880628,0.0865874751921623,0.8040349543308273,0.11502303530238436,6.779324452936862,93
372,-74.008984,40.650404,27.010469548186364,7.407513835973907,24.80237191183525,0.16732048570064076,0.18184896101031386,0.7700211820546647,0.12301115961799844,6.549146719146193,114
373,-73.9456,40.68192,27.92498977095993,12.415458537914134,18.20215896323875,0.2916159453215422,0.06424797905815972,0.8269984633834274,0.11750962999131945,9.061440361870659,90
374,-73.906662,40.655644,17.41156627222435,8.504379246243086,31.52555223183124,0.14181333718840608,0.0578621408783693,0.9605135704643539,0.2139566690241758,6.070911433688554,97
375,-73.990884,40.684869,27.724020773904364,16.93932951542369,20.287858059531764,0.36005823235762746,0.2179467050652755,0.6346501802143298,0.08575004443787693,7.209256155449048,95
376,-73.906925,40.660455,23.673565867710426,11.693546559550974,24.304174668718094,0.22346162953392504,0.18052960386370667,0.8998068252412398,0.19154784703018643,5.498315162784589,101
377,-73.960689,40.669805,18.536057957896478,28.448306189643013,18.695635265774197,0.3686624544638175,0.06700621710883246,0.8318673681329798,0.19633880367985476,5.431379212273492,144
378,-73.959141,40.619671,27.16625967836068,11.711615518806807,22.669443118026837,0.23141904594072327,0.15134686738057854,0.8583950840569788,0.11328902899050246,7.404297161725612,102
379,-73.988323,40.694629,34.407980545707375,10.286564066790152,14.728278238416294,0.5618735787949125,0.09367846060490263,1.2224648885680858,0.21965169676260093,6.84137459538409,138
380,-73.960689,40.669805,18.536057957896478,28.448306189643013,18.695635265774197,0.3686624544638175,0.06700621710883246,0.8318673681329798,0.19633880367985476,5.431379212273492,144
381,-73.992151,40.642619,28.617757274990993,8.075764633360363,22.6574026402973,0.129027593703497,0.47531468527657644,0.93551618712289,0.09727137429373604,8.250915720349267,112
382,-73.934316,40.669557,22.09403769175212,13.521469751993813,22.892411549886063,0.3842506408691406,0.1673564910888672,1.1229066848754883,0.3131233851114909,8.089438120524086,100
383,-73.934449,40.578356,16.472609837849934,14.874575932820637,29.40805435180664,0.06287256876627605,0.6512260437011719,2.7450942993164062,0.12854258219401044,3.9047908782958984,10
384,-73.977674,40.695339,33.889071413782794,16.994338743493003,19.978505890576447,0.2371371293268284,0.10225632611443014,0.6725549030036818,0.1039371437051383,5.7670422294894506,119
385,-73.957173,40.649602,31.549114070526542,7.256695995592091,22.60454778801905,0.2163799930380904,0.17648156919435826,0.6925665624609821,0.10622451294502712,9.284483243341315,73
386,-73.919088,40.697898,30.256777662571853,8.925155443227712,21.423122230261,0.32419292584344295,0.5395858268427655,1.0964641726113917,0.1671057083419345,5.377796865737212,123
387,-73.957173,40.649602,31.549114070526542,7.256695995592091,22.60454778801905,0.2163799930380904,0.17648156919435826,0.6925665624609821,0.10622451294502712,9.284483243341315,73
388,-73.981925,40.58807,26.437540571818978,11.555583717287048,23.653357158335602,0.09738567263581031,0.25851671085801237,1.5773085660712665,0.17680308615514476,6.273230471352275,43
389,-73.957173,40.649602,31.549114070526542,7.256695995592091,22.60454778801905,0.2163799930380904,0.17648156919435826,0.6925665624609821,0.10622451294502712,9.284483243341315,73
390,-73.929315,40.694723,28.80681842655033,7.614819351975267,23.597208372465484,0.17944370304142032,0.30409495035807294,0.744136031325515,0.10403469876126124,6.955600429225612,111
391,-73.943839,40.658671,19.030701274603185,18.120025581037495,22.345050847586332,0.1093671915117004,0.08707449469767825,0.8853276570638021,0.08245387547452684,8.204523274596308,71
392,-73.960689,40.669805,18.536057957896478,28.448306189643013,18.695635265774197,0.3686624544638175,0.06700621710883246,0.8318673681329798,0.19633880367985476,5.431379212273492,144
393,-73.960689,40.669805,18.536057957896478,28.448306189643013,18.695635265774197,0.3686624544638175,0.06700621710883246,0.8318673681329798,0.19633880367985476,5.431379212273492,144
394,-73.911751,40.696457,24.751627205844862,7.515833751264825,25.866179868399378,0.22795343973550453,0.14579956790050827,0.5355260458337255,0.13315821268472328,6.355767843713721,83
395,-73.911751,40.696457,24.751627205844862,7.515833751264825,25.866179868399378,0.22795343973550453,0.14579956790050827,0.5355260458337255,0.13315821268472328,6.355767843713721,83
396,-73.947873,40.684654,26.295954634100845,14.963296997598754,17.61255966120468,0.22612650157053232,0.2909185566427388,0.5529473870347589,0.10611629073237959,8.88453974868312,77
397,-73.913172,40.697378,29.528932218198424,5.536741091881271,24.614227848288458,0.26619404922296974,0.6069030290768471,0.7739641048290111,0.15901518456729843,5.946192918000398,108
398,-73.972312,40.649055,17.979762834661148,19.738874949660957,22.565578713136563,0.13582472707711013,0.06190748775706572,0.7620037770738788,0.1346256218704523,4.6685854593912754,136
399,-73.902147,40.699101,26.608788088008016,8.726346176282494,22.29077386996739,0.16038270123237003,0.2918361562543211,0.7707367956110861,0.12690169973007698,5.925906864942703,113
400,-73.897604,40.665446,33.05268761114026,7.72862231477778,21.45486385264295,0.16543983567691017,0.2905548041593944,0.8213239358672013,0.14043767401512633,5.588773970908307,94
401,-73.954815,40.715561,25.709420034330186,6.727301149063458,26.46706267578961,0.19540068221418821,0.0936873971599422,1.0170699254562867,0.13151430103876818,4.698581564916324,146
402,-73.986313,40.593028,22.158693384241175,14.089860739531339,24.381337783954763,0.08570573948047779,0.4868480894300673,0.8330256850631148,0.1661433113945855,4.769126132682518,72
403,-73.954815,40.715561,25.709420034330186,6.727301149063458,26.46706267578961,0.19540068221418821,0.0936873971599422,1.0170699254562867,0.13151430103876818,4.698581564916324,146
404,-73.910589,40.688647,20.905350779627895,11.60183940921818,26.024186074196756,0.10774844401591532,0.12293119688291808,0.4815947902095211,0.09571625305725646,6.10068467286256,74
405,-73.922212,40.647728,14.582013229315425,17.139453956303203,27.43643073625462,0.10192078074246753,0.031357084978438615,1.0223224598874328,0.17524329564904653,4.845542976078594,93
406,-73.915217,40.695875,20.347612698872883,11.420161724090576,26.117888689041138,0.16663034756978354,0.0939035415649414,0.4717973868052166,0.09737571080525717,6.011867523193359,80
407,-73.916927,40.634451,12.733837962150574,11.61044438680013,32.29938215679593,0.1270651817321777,0.08894999821980794,0.7944663365681964,0.17266670862833658,5.825812617937724,96
408,-73.916927,40.634451,12.733837962150574,11.61044438680013,32.29938215679593,0.1270651817321777,0.08894999821980794,0.7944663365681964,0.17266670862833658,5.825812617937724,96
409,-73.923881,40.666251,21.885416134685073,14.695283344813756,22.83880305128033,0.1894483760911591,0.2085588416274713,0.6078230280454467,0.14347705711312844,6.2020292087477085,98
410,-73.922212,40.647728,14.582013229315425,17.139453956303203,27.43643073625462,0.10192078074246753,0.031357084978438615,1.0223224598874328,0.17524329564904653,4.845542976078594,93
411,-73.986313,40.593028,22.158693384241175,14.089860739531339,24.381337783954763,0.08570573948047779,0.4868480894300673,0.8330256850631148,0.1661433113945855,4.769126132682518,72
412,-73.916927,40.634451,12.733837962150574,11.61044438680013,32.29938215679593,0.1270651817321777,0.08894999821980794,0.7944663365681964,0.17266670862833658,5.825812617937724,96
413,-73.9573,40.715268,26.856585847380018,7.729286543080504,23.145356424537624,0.2794762732277454,0.1306874091636407,0.9660364876330738,0.15477708807573634,5.732836745714358,142
414,-73.916927,40.634451,12.733837962150574,11.61044438680013,32.29938215679593,0.1270651817321777,0.08894999821980794,0.7944663365681964,0.17266670862833658,5.825812617937724,96
415,-73.928744,40.659088,21.662403415668045,9.456994006195544,28.142866687239888,0.18387583557319048,0.12197761892158294,0.8442141928034036,0.15498603987173873,6.725898338626849,107
416,-73.939385,40.708804,29.47178464947325,7.543399478449967,23.768045324267767,0.17545765096491034,0.10522062128240411,1.041255575237852,0.10155764493075284,8.416182344610041,88
417,-73.869305,40.693002,27.71696945031484,16.434613863627117,20.258382956186928,0.11171102523803711,0.806895891825358,0.9407768646876018,0.11421640714009602,6.386505564053854,32
418,-73.944463,40.709765,29.46431192301088,11.735324266940186,19.004078773455433,0.2057940272961633,0.1610308717199638,0.7682450073587019,0.121445844402421,6.701803746196508,118
419,-73.919818,40.657712,19.650346354434365,11.99320854499326,25.837546900699014,0.13830731486716466,0.03649895651298657,0.7620108755011308,0.1346758234570598,5.573551557217424,114
420,-73.951823,40.66679,27.930680549505983,12.059595368125223,20.43371019941388,0.21965828808871182,0.12204358071991893,0.7117148601647578,0.14058243144642224,8.802706545049494,88
421,-73.979829,40.686147,31.384703217360077,7.870872437007844,20.196029370423975,0.3613156616372406,0.24116152808779762,0.9421964171071531,0.1361793941921658,7.169241879982922,126
422,-73.925851,40.683446,25.428463102460984,13.840031838631846,19.11861789119136,0.17568571073514921,0.16130241187843117,0.4938129906181817,0.12532655183259434,6.6749482541470915,74
423,-73.961636,40.678591,26.664798573930135,4.527897428172504,29.067083107408624,0.11905145275500395,0.14120146285655888,0.48011846320573676,0.1073940779811652,5.95649896666061,86
424,-73.953692,40.685486,28.384790334615623,7.842254638671875,22.821832347560573,0.2190529763161599,0.13292157972181165,0.7216934685234552,0.14135901992385452,6.275869060207057,74
425,-73.910719,40.680679,27.71642129342477,10.288542670172614,21.82118327052028,0.1429577847500821,0.49203866952890385,0.7720858485133083,0.13526051610081763,6.879639840340829,111
426,-73.960689,40.669805,18.536057957896478,28.448306189643013,18.695635265774197,0.3686624544638175,0.06700621710883246,0.8318673681329798,0.19633880367985476,5.431379212273492,144
427,-73.986105,40.695444,34.34366916715441,8.580731398222463,17.63061708698736,0.3733199163777938,0.036470779519996895,0.9484857386574312,0.16452334574516245,6.404954602913088,151
428,-73.929693,40.702332,26.019563779726134,4.5345278449984265,27.600281055157,0.14537559760795846,0.09174975720080701,0.6046385992140998,0.1140852987547934,8.029566405020354,91
429,-73.919818,40.657712,19.650346354434365,11.99320854499326,25.837546900699014,0.13830731486716466,0.03649895651298657,0.7620108755011308,0.1346758234570598,5.573551557217424,114
430,-73.982424,40.6351,22.394084482685503,11.701177767184978,23.3753674466845,0.1747588036765515,0.14121633180430238,0.6227967884618911,0.09358365770796655,10.312966449719639,71
431,-73.953328,40.721448,14.1642016393167,23.227715713006475,23.36554968798602,0.40604781221460406,0.012441476186116537,0.7297111882103813,0.20548657134727197,3.669568344398781,144
432,-73.936635,40.593157,17.616885879133765,25.455852905054673,17.885140449770034,0.12447603287235383,0.017330210695984543,0.9240994743976114,0.11623751732610887,5.834542551348286,93
433,-73.93879,40.705005,26.021073290691287,17.670371106281372,19.18050632384664,0.16668476344306687,0.1458886740864187,0.7006449399938907,0.1132115073826002,7.57256613837348,138
434,-73.875328,40.67878,17.38896870318754,11.189531691280411,31.450631589065363,0.1713664443404586,0.13776531925907842,1.259826730798792,0.18245938383502724,5.82188735773534,108
435,-73.95818,40.692015,31.518502402723882,9.597751968785337,21.42734778554816,0.20074384254321717,0.1472247274298417,0.5692678585387113,0.12332012778834293,6.297117785403604,76
436,-73.898601,40.640543,14.837158293951125,17.259177707490466,27.738439469110396,0.17279670352027532,0.01148269290015811,0.7397958210536412,0.21439166296096074,5.988326905265687,84
437,-73.869305,40.693002,27.71696945031484,16.434613863627117,20.258382956186928,0.11171102523803711,0.806895891825358,0.9407768646876018,0.11421640714009602,6.386505564053854,32
438,-73.963764,40.583263,18.403691532968104,16.64598508812915,25.74256315998647,0.1121359309930911,0.0951520327864022,0.8047671153627592,0.17252215023698478,5.863753132436466,116
439,-73.912685,40.674456,18.225249872880553,10.072021066707416,29.28527428285919,0.1296050357122491,0.03775854180329037,0.7913461856888447,0.14793971449209248,6.131976654349741,137
440,-73.941278,40.693654,25.8169676541301,10.593702763686947,23.241119227782196,0.11623994803722994,0.16326904296875,0.5074022238146622,0.08964303099078896,7.005677399811922,81
441,-73.935891,40.681528,22.2385931706083,18.465970564579617,17.76693005492722,0.1415349435115206,0.267053687054178,0.5957869515902754,0.12188234191009965,7.458988134411798,92
442,-73.922212,40.647728,14.582013229315425,17.139453956303203,27.43643073625462,0.10192078074246753,0.031357084978438615,1.0223224598874328,0.17524329564904653,4.845542976078594,93
443,-73.936635,40.593157,17.616885879133765,25.455852905054673,17.885140449770034,0.12447603287235383,0.017330210695984543,0.9240994743976114,0.11623751732610887,5.834542551348286,93
444,-73.898601,40.640543,14.837158293951125,17.259177707490466,27.738439469110396,0.17279670352027532,0.01148269290015811,0.7397958210536412,0.21439166296096074,5.988326905265687,84
445,-73.898607,40.645965,15.510200484981382,13.946237796690406,30.046614592637475,0.1806061442305402,0.06704330444335938,0.9891304543347864,0.21699734819613825,5.637059172963709,82
446,-73.916927,40.634451,12.733837962150574,11.61044438680013,32.29938215679593,0.1270651817321777,0.08894999821980794,0.7944663365681964,0.17266670862833658,5.825812617937724,96
447,-73.869305,40.693002,27.71696945031484,16.434613863627117,20.258382956186928,0.11171102523803711,0.806895891825358,0.9407768646876018,0.11421640714009602,6.386505564053854,32
448,-73.898601,40.640543,14.837158293951125,17.259177707490466,27.738439469110396,0.17279670352027532,0.01148269290015811,0.7397958210536412,0.21439166296096074,5.988326905265687,84
449,-73.906662,40.655644,17.41156627222435,8.504379246243086,31.52555223183124,0.14181333718840608,0.0578621408783693,0.9605135704643539,0.2139566690241758,6.070911433688554,97
450,-73.915106,40.678124,20.4545015576242,9.85946682677872,27.990967377849007,0.1148116999659045,0.010973831702922952,0.5461155683144755,0.14257924310092268,5.936086862936787,116
451,-73.923881,40.666251,21.885416134685073,14.695283344813756,22.83880305128033,0.1894483760911591,0.2085588416274713,0.6078230280454467,0.14347705711312844,6.2020292087477085,98
452,-73.906662,40.655644,17.41156627222435,8.504379246243086,31.52555223183124,0.14181333718840608,0.0578621408783693,0.9605135704643539,0.2139566690241758,6.070911433688554,97
453,-73.932066,40.68797,24.309426722144277,14.633355764397084,19.744979681344976,0.09840792241478771,0.04625199716302413,0.5012319057802611,0.1589537672855683,7.001927130332978,79
454,-73.932066,40.68797,24.309426722144277,14.633355764397084,19.744979681344976,0.09840792241478771,0.04625199716302413,0.5012319057802611,0.1589537672855683,7.001927130332978,79
455,-74.003372,40.675936,29.04309754570325,7.230290273825328,27.25749686360359,0.20619208614031476,0.17455021540323895,1.3044007122516634,0.1449065903822581,5.954563866058986,128
456,-73.92044,40.661945,22.867709673368015,6.949201975113306,28.335837095211712,0.13886231642503005,0.07772885836087741,0.7413778549585588,0.13100281739846256,4.751460491082608,130
457,-73.885704,40.659934,11.203064994206503,14.951569087921628,30.04834462725927,0.08794633169022817,0.05215599423363095,0.5615494743226066,0.14508958846803693,4.633279830690414,105
458,-73.980266,40.683951,28.018176916873816,8.706208431359494,22.59525658707025,0.24852303142098062,0.17382560755668663,0.70827785967175,0.10845492584536776,7.334219807326192,99
459,-73.869305,40.693002,27.71696945031484,16.434613863627117,20.258382956186928,0.11171102523803711,0.806895891825358,0.9407768646876018,0.11421640714009602,6.386505564053854,32
460,-73.895976,40.673766,21.676009860846513,5.404367342672713,31.636688357493917,0.12459364093717981,0.13034851824651,1.2066111538579554,0.2110887746341893,6.645703185451486,122
461,-73.884211,40.677112,23.55153638552996,8.176307740554313,28.111822776545107,0.1986011181002349,0.13978496875638277,1.1479839000826568,0.14765995000702103,7.251909355712092,102
462,-73.884211,40.677112,23.55153638552996,8.176307740554313,28.111822776545107,0.1986011181002349,0.13978496875638277,1.1479839000826568,0.14765995000702103,7.251909355712092,102
463,-73.897604,40.665446,33.05268761114026,7.72862231477778,21.45486385264295,0.16543983567691017,0.2905548041593944,0.8213239358672013,0.14043767401512633,5.588773970908307,94
464,-73.910719,40.680679,27.71642129342477,10.288542670172614,21.82118327052028,0.1429577847500821,0.49203866952890385,0.7720858485133083,0.13526051610081763,6.879639840340829,111
465,-74.004342,40.655583,29.27216539780299,5.44504647453626,25.70831850171089,0.14807507395744324,0.19291738669077554,0.6500524779160817,0.09935696919759116,6.564842661221823,128
466,-73.913508,40.659618,27.678456859312192,8.56588577878648,22.803965167722836,0.1128673553466797,0.47283656355263537,0.7318040598993716,0.11792252029197803,6.619587842968927,92
467,-73.931604,40.678478,19.13516702927317,13.88352086224894,26.347724283774067,0.15992742823803519,0.40611056830939346,0.9248095234548013,0.1917608766731002,6.547911336102824,127
468,-73.968759,40.695389,34.97592944365282,6.789448016729111,22.45794779215104,0.14226161516629732,0.1293347432063176,0.7031691380036182,0.16195162748679134,6.743872471344776,104
469,-73.911279,40.666187,24.52233390202598,14.515861329578218,22.480590759761746,0.21881103515625,0.05365825834728423,1.0834739321754092,0.1194439237079923,6.64105491032676,105
470,-73.920658,40.659914,21.202708316105667,8.290442087317025,28.13656868473176,0.16574962164766047,0.08344650268554688,0.8184112528319,0.12183804665842364,5.390917101214009,124
471,-73.986105,40.695444,34.34366916715441,8.580731398222463,17.63061708698736,0.3733199163777938,0.036470779519996895,0.9484857386574312,0.16452334574516245,6.404954602913088,151
472,-74.005151,40.677914,26.131646773394415,7.800826735486132,28.86784497429343,0.14492691472205202,0.12302398681640625,1.2236622164192281,0.12173081275424666,5.298731062147352,153
473,-73.879131,40.669358,19.15343906568444,13.387447854746943,27.832400280496348,0.11134659034618434,0.24267113727072012,0.9751076629196387,0.17923051032467166,4.894882976144984,115
474,-73.879131,40.669358,19.15343906568444,13.387447854746943,27.832400280496348,0.11134659034618434,0.24267113727072012,0.9751076629196387,0.17923051032467166,4.894882976144984,115
475,-73.876084,40.665817,16.541328842257276,8.79861366601638,33.24270513322618,0.08090690330222801,0.08961006447120949,0.8474005593193902,0.15704160855140217,4.999772118933406,108
476,-73.9317,40.6921,28.229906589170046,10.343218453322784,20.780206028419205,0.21304842791979825,0.22338191165199764,0.6571117835708812,0.15818277994791669,7.769867941297057,79
477,-73.986678,40.606994,20.046522444573,12.436612170675527,26.483502318893652,0.22706930188165197,0.07352911907693614,0.6915742072506228,0.09680347166199615,6.635794708694236,115
478,-73.874537,40.67002,18.365436130099827,14.110065694056253,26.819374552175006,0.2032575936153017,0.07857399425287356,0.7813961569833574,0.1489522356639877,4.76043964254445,87
479,-73.97858,40.669255,26.99301353919463,14.782767142018963,19.620712512710192,0.17083588466849378,0.17792281284127184,0.5931782466109081,0.1079080779919915,9.286331190430563,93
480,-73.955741,40.70554,29.70507996422904,10.776357707523164,18.14550729024978,0.1967628796895345,0.2484594072614397,0.7404219536554245,0.12908180554707846,6.782830613000052,112
481,-73.986678,40.606994,20.046522444573,12.436612170675527,26.483502318893652,0.22706930188165197,0.07352911907693614,0.6915742072506228,0.09680347166199615,6.635794708694236,115
482,-73.932254,40.691467,23.85571521261464,11.796667955923771,22.758894842028045,0.1317213122971392,0.06873918616253397,0.531444918130331,0.17842647534061748,7.465769818439577,69
483,-73.995084,40.60498,28.279889014459425,10.305802198293815,21.903750033361508,0.3553516975867705,0.2490409386200717,0.7893100861580141,0.1086983629452285,7.4316773363339,93
484,-73.971644,40.69453,34.22783533732097,11.286495960119998,19.428469051014293,0.2876163251472242,0.212860107421875,0.9423634500214547,0.14370918273925784,7.186015735973013,110
485,-73.947932,40.719818,24.502443365148597,9.783022768862612,26.689948863811324,0.17355515076233458,0.07590422759184966,1.090507850990639,0.14695244866448479,4.455504889960762,185
486,-73.912102,40.665568,21.677539852784953,13.637243633201901,25.602696531562394,0.19410553798880628,0.0865874751921623,0.8040349543308273,0.11502303530238436,6.779324452936862,93
487,-74.014363,40.677968,20.703180252559598,5.6801088272579126,33.44458852495466,0.15089890313526938,0.011073975335984003,1.2993180562579443,0.1479928455655537,4.280686000036814,84
488,-73.947256,40.69447,25.964055237946685,13.665121572989007,20.60280956288494,0.2603187762870991,0.08247617691282243,0.5662887815445189,0.08874418874266285,9.92053955320328,63
489,-73.960808,40.689499,28.57693933014177,18.586997496776092,15.833668831067207,0.20843897110376602,0.1414788074982472,1.0064879034319494,0.12624610183585402,7.836440893319937,78
490,-73.951575,40.656423,25.553640190529936,8.839054844805585,25.50874332298979,0.2553990497681254,0.28518317402272986,0.6345592259208936,0.15453716407075593,9.245655041385964,69
491,-73.960093,40.6771,29.016870364808202,6.6458091401217265,25.197697522347436,0.1748984320121899,0.0995610889635588,0.44723017173900936,0.10846204925001712,7.927488025866057,76
492,-74.007222,40.653277,29.007576210330228,3.503785952173098,28.83765673396563,0.11912861255684283,0.16199410563767558,0.7927451470885614,0.07587370246347755,6.698941943621395,132
493,-73.944,40.706729,27.95178264291589,11.182198482277117,20.09811795214988,0.18659636685981865,0.3102310990865252,0.6408789868200072,0.09864874645672013,8.012508291058836,113
494,-73.906662,40.655644,17.41156627222435,8.504379246243086,31.52555223183124,0.14181333718840608,0.0578621408783693,0.9605135704643539,0.2139566690241758,6.070911433688554,97
495,-73.924422,40.6881,30.685656899619698,8.04463629226958,21.231665320721156,0.2566836640826263,0.5174534295194892,0.8527119954427085,0.15777123017123096,7.845803059130159,93
496,-73.981925,40.58807,26.437540571818978,11.555583717287048,23.653357158335602,0.09738567263581031,0.25851671085801237,1.5773085660712665,0.17680308615514476,6.273230471352275,43
497,-73.936313,40.662092,23.630171857969593,11.071761984950147,24.14565389968929,0.13185029619195487,0.06570923194456636,0.6304633751344144,0.15454203002015304,7.465744375736079,89
498,-73.892797,40.644134,15.0619901327723,19.294055877440424,24.64383289995921,0.14150918248188066,0.02038794827748494,1.0193591137008975,0.20904004813198104,5.624729753976845,83
499,-73.985413,40.576976,20.590632403338397,4.473082224527995,34.29362791555899,0.24165895250108507,0.29043833414713544,1.0775294127287687,0.17868289241084345,6.115340833310729,90
500,-74.005151,40.677914,26.131646773394415,7.800826735486132,28.86784497429343,0.14492691472205202,0.12302398681640625,1.2236622164192281,0.12173081275424666,5.298731062147352,153
501,-73.925087,40.689569,32.57315986686283,8.010457621680365,19.3218297428555,0.24014810721079508,0.5246361096700033,0.8104059431287979,0.17829603619045678,7.781257563167148,96
502,-73.915217,40.695875,20.347612698872883,11.420161724090576,26.117888689041138,0.16663034756978354,0.0939035415649414,0.4717973868052166,0.09737571080525717,6.011867523193359,80
503,-73.914282,40.651642,17.964272456126167,8.448984386684659,32.49671351802242,0.09330113728841147,0.011508529250686234,0.8374953055166984,0.2065319198745865,4.861266333777625,74
504,-73.918123,40.668608,20.079743365446724,11.249129474163055,27.129044880469642,0.09970540801684062,0.11535982290903726,0.6967812776565552,0.12067779898643494,5.350644389788309,128
505,-73.936635,40.593157,17.616885879133765,25.455852905054673,17.885140449770034,0.12447603287235383,0.017330210695984543,0.9240994743976114,0.11623751732610887,5.834542551348286,93
506,-73.936635,40.593157,17.616885879133765,25.455852905054673,17.885140449770034,0.12447603287235383,0.017330210695984543,0.9240994743976114,0.11623751732610887,5.834542551348286,93
507,-73.867138,40.669356,14.307507427259425,12.679274602868093,31.071882138307068,0.13516168484742613,0.0160809220938847,0.9117044251540611,0.17911099839484554,5.488810045965787,116
508,-73.949243,40.665757,25.671750659883205,10.48893022388684,24.987770983734606,0.1831910320531542,0.0596120721454561,0.6614842518839137,0.13108119786342728,8.32507974262178,107
509,-73.928917,40.67271,27.44506116498981,7.043267132943136,24.570548743532417,0.14930566151936853,0.13990151254754318,0.5110828500044974,0.14989459723757023,9.429842547366494,76
510,-73.972009,40.582518,17.441916600459038,23.76624473744193,19.717930131039378,0.1582724899895447,0.017434459621623412,0.5883092934128928,0.10444484861557092,5.890288326026357,118
511,-73.943839,40.658671,19.030701274603185,18.120025581037495,22.345050847586332,0.1093671915117004,0.08707449469767825,0.8853276570638021,0.08245387547452684,8.204523274596308,71
512,-73.914312,40.612258,11.192947387695312,13.695028093126087,33.415096282958984,0.1679229736328125,0.1138292948404948,1.244510226779514,0.12201478746202256,4.996460384792752,75
513,-74.007469,40.606739,18.752942569013953,13.24316936990489,26.76309917284095,0.11410966587527362,0.12601769488790762,0.7261815278426461,0.11761153953662817,6.588471914835023,69
514,-73.939282,40.675905,27.062172239476983,11.045933131015664,20.81029053890344,0.18432140350341797,0.16802007501775568,0.6561474366621538,0.14527060768821023,7.402601025321267,88
515,-73.936635,40.593157,17.616885879133765,25.455852905054673,17.885140449770034,0.12447603287235383,0.017330210695984543,0.9240994743976114,0.11623751732610887,5.834542551348286,93
516,-73.969248,40.682576,24.138607101878897,8.596271482007257,27.998731054108717,0.23937280150665632,0.08421108640473464,0.8164682607541138,0.16427341548875832,5.659306734457783,116
517,-73.807991,40.70283,26.85520856808393,7.737525548690404,24.64764864016802,0.2449952639066256,0.29177152193509615,0.858925061348157,0.14251293280185798,9.21081298436874,130
518,-73.951559,40.673943,27.98516792163514,9.521875883403577,21.287391060277034,0.22909766749331825,0.16567581578304894,0.7340937330011736,0.15433796665124724,6.959751614353114,76
519,-73.940859,40.686213,26.952650380689043,13.340174135311631,18.597197347833205,0.1740215360656265,0.126774366511855,0.46561928682549053,0.09487396062806595,7.265657971995744,86
520,-73.982624,40.656202,14.79939853443819,19.15113598692651,25.899044672648113,0.12151306750727633,0.04957984475528493,0.580599261265175,0.11829301422717527,5.204609328625249,68
521,-73.900432,40.643834,14.240755563900795,13.124908929989662,30.684453469735605,0.24895932939317492,0.14037026299370658,1.1624974968992634,0.22871405990035445,5.7659520043267145,108
522,-73.869434,40.685852,28.299539334306097,9.268693834821754,23.72970581054687,0.0977623128445349,0.23948396106375344,1.1650786592952929,0.18555115316515772,7.758755253111462,107
523,-73.925592,40.647851,16.09973014517223,13.919254188680469,28.996468661876207,0.07933570204602645,0.022609582108058288,0.8491369668910566,0.16301830163162745,4.811042257016071,89
524,-73.869305,40.693002,27.71696945031484,16.434613863627117,20.258382956186928,0.11171102523803711,0.806895891825358,0.9407768646876018,0.11421640714009602,6.386505564053854,32
525,-73.931604,40.678478,19.13516702927317,13.88352086224894,26.347724283774067,0.15992742823803519,0.40611056830939346,0.9248095234548013,0.1917608766731002,6.547911336102824,127
526,-74.007222,40.653277,29.007576210330228,3.503785952173098,28.83765673396563,0.11912861255684283,0.16199410563767558,0.7927451470885614,0.07587370246347755,6.698941943621395,132
527,-73.998973,40.661059,27.093523941273357,4.294042558115921,29.198939355506084,0.11012634370669679,0.1701284986023509,0.7560925381628382,0.10421560444963088,7.098408211990963,109
528,-74.025734,40.622039,24.491346629932764,10.42506435129902,22.882599720467038,0.2086746417256472,0.17260309099757634,0.9832366464948498,0.22209941750705833,7.8027139795888765,101
529,-73.898249,40.667985,29.55072171760328,6.7728039712616885,25.758404298262164,0.15162207863547586,0.08892868504379735,0.7030891649650804,0.13965693387118253,5.293472463434393,110
530,-73.927979,40.663388,20.950998465220135,12.47947057088216,24.733355442682903,0.17557819684346515,0.24608612060546875,0.7216954231262207,0.0949557622273763,8.839514652887981,80
531,-73.955856,40.58026,25.702455620360528,11.06517205830493,23.669386533350725,0.20111744699914472,0.08648330090092678,0.723486008986928,0.12648432862524892,7.01350667118247,102
532,-73.984985,40.608135,21.171440135764513,11.973560524549457,25.868906735670606,0.2393078311706363,0.13522201583097115,0.728688197853291,0.0847515455037795,6.706606040662018,113
533,-73.884211,40.677112,23.55153638552996,8.176307740554313,28.111822776545107,0.1986011181002349,0.13978496875638277,1.1479839000826568,0.14765995000702103,7.251909355712092,102
534,-73.906018,40.672216,22.42573783511207,12.017795301619032,25.996733563286917,0.18573147909981863,0.2106598445347377,0.9024319194612048,0.11280916986011325,5.286227521442231,112
535,-73.915106,40.678124,20.4545015576242,9.85946682677872,27.990967377849007,0.1148116999659045,0.010973831702922952,0.5461155683144755,0.14257924310092268,5.936086862936787,116
536,-73.919818,40.657712,19.650346354434365,11.99320854499326,25.837546900699014,0.13830731486716466,0.03649895651298657,0.7620108755011308,0.1346758234570598,5.573551557217424,114
537,-73.912914,40.620537,13.578448452792324,15.503197624569847,30.137064867403915,0.05022824465573489,0.0268160641848386,0.7688040261740213,0.2419950324537117,6.07714111551697,91
538,-73.937717,40.694676,27.235067583369915,13.874529917305761,20.004661513395632,0.21976010150501119,0.2794370738738174,0.6154416168866172,0.1052246910351861,7.750074287437882,109
539,-73.915159,40.693542,19.667622778150772,11.277935681519685,27.002200815412735,0.10951934037385164,0.08531146579318577,0.37562229015209053,0.08467215078848381,5.7674783247488515,72
540,-73.883469,40.660077,9.80548348446442,17.808473453600218,28.469082161232276,0.0819194464035976,0.005003846721884645,0.5875147909784513,0.14258529914259424,4.9452542277520575,81
541,-73.885704,40.659934,11.203064994206503,14.951569087921628,30.04834462725927,0.08794633169022817,0.05215599423363095,0.5615494743226066,0.14508958846803693,4.633279830690414,105
542,-73.971474,40.688769,23.52898035293971,19.75397501236353,15.017319703713442,0.18750850970928484,0.07493532620943509,0.5471483866373698,0.09370754926632612,8.003531724978716,65
543,-73.948982,40.638957,26.01277787251161,9.46229987128084,23.5313477794739,0.21162295259560918,0.17013811983193727,0.6667258403555224,0.13572424138124864,8.979866512862268,97
544,-73.969887,40.632149,17.31033632832189,18.901018429827946,21.564744364830755,0.18199925781578147,0.03705024719238281,0.884684952356482,0.1583909475675193,6.420940993934549,124
545,-73.908341,40.65452,18.664078387735568,7.775952739100302,31.853542874790865,0.13900367162560903,0.051318616422701045,1.0972293047067514,0.19884348770196292,7.184156807520056,93
546,-73.90892,40.693748,27.01170319005063,10.729494429471199,21.481674595883018,0.2638570049352813,0.17230134261281868,0.6868291319462291,0.09563931247644257,6.538510322570801,76
547,-73.987399,40.70043,37.35019286473592,10.112411975860594,23.17472092310588,0.31404844919840497,0.04926776885986328,0.7996730804443359,0.11132272084554039,4.892050425211588,200
548,-73.888775,40.65787,11.109126055682147,9.479535656210816,35.3840215706531,0.0916471599060812,0.03803818314163773,0.9131459836606626,0.15690509183907217,5.121410040207851,135
549,-73.93861,40.591132,18.112635361520866,16.93803686844675,23.73109047872978,0.09709475333230537,0.02975664640727796,0.6063290646201686,0.1329575923451206,7.209225370172868,95
550,-74.007596,40.652127,28.009903736603565,4.308870266645383,28.52749433272924,0.10811145489032452,0.16480519221379206,0.8231815925011268,0.09377504006410257,6.614192815927359,130
551,-73.973363,40.647598,20.302547633483716,14.7523165405946,24.335788169839823,0.16585815051370414,0.09941384812031896,0.8683680174436124,0.13172554247307053,5.801854251830046,121
552,-73.978094,40.616487,17.56392584906684,11.191944281260172,29.405098049728963,0.1062666928326642,0.29497411515977645,0.6304453920435021,0.0887438103004738,6.459478978757504,72
553,-73.966208,40.630109,22.383921606498852,20.795901198136175,19.198083459285264,0.19122215739467688,0.11588146812037418,1.1319704223097418,0.20832429852402,5.797696531864634,76
554,-73.983116,40.656952,16.10743000976041,19.53429034632495,24.96234616662702,0.14120819222213873,0.044397207406850964,0.5471633030818059,0.13264631613706931,5.7875087118556365,78
555,-73.992076,40.702952,38.16158322320469,10.874227509982346,21.03587976400403,0.46534192734870355,0.1671376435653023,0.9992457818293918,0.11931951495184413,3.9151590803395147,184
556,-73.95381,40.656276,28.41011256127808,11.240091845763857,21.884889745000578,0.24960883221222988,0.14168184194991837,0.6168612200229321,0.1256074478377157,9.423211795180592,67
557,-73.956832,40.681102,24.911055209953034,6.2037770416358535,26.886217185208714,0.1625366581296458,0.2812647896677159,1.0026428691777596,0.2054353362148248,6.252806703635405,103
558,-73.919653,40.695975,21.755493314642656,14.43735591152258,23.142912513331364,0.13694846839235542,0.1110051807604338,0.621444300601357,0.09818244398685923,6.12739554622717,76
559,-73.940749,40.691472,25.29884088894486,10.714797329802048,23.14710858501965,0.1415896516309006,0.13104450853565072,0.5393684161866265,0.11524007290224486,7.479762628611633,79
560,-73.957501,40.64879,30.647438222711738,6.888225584319144,23.240695216438986,0.2683827371308297,0.1718513893358635,0.9060050501967921,0.13069925886211975,8.859953013333408,88
561,-73.97101,40.644861,16.05329177566983,17.221892752298494,25.73843570905649,0.21970821266897975,0.06520806289300686,0.8950703835422755,0.14531076115967462,7.330186580254779,123
562,-73.97101,40.644861,16.05329177566983,17.221892752298494,25.73843570905649,0.21970821266897975,0.06520806289300686,0.8950703835422755,0.14531076115967462,7.330186580254779,123
563,-73.972767,40.702258,,,,,,,,,0
564,-73.932254,40.691467,23.85571521261464,11.796667955923771,22.758894842028045,0.1317213122971392,0.06873918616253397,0.531444918130331,0.17842647534061748,7.465769818439577,69
565,-73.986345,40.600808,20.620749753163043,9.494213885571583,29.573775295272885,0.12435874785764152,0.06376289459596197,1.1910591738291054,0.17225962566084652,6.755689061789148,83
566,-74.004306,40.643018,24.74314621771766,10.054283642143792,23.844637138566718,0.2177202746216277,0.1403608572170529,0.5990810608595944,0.1266258039724514,9.139978573116917,89
567,-73.928673,40.674491,23.644426663716636,10.686722596486408,25.09908676147461,0.14510711034138998,0.12049198150634766,0.6449468930562336,0.15973567962646484,8.755860726038614,80
568,-73.894877,40.662243,27.236603853995337,7.355419292784573,25.494511252955387,0.14840477391293172,0.33098120438425166,0.8605056896544339,0.1795296919973273,6.175018444395902,95
569,-73.867071,40.681183,23.51422409216563,10.374740097257826,26.1675990290112,0.17627345191107854,0.16771554946899414,1.2744698259565563,0.20126899083455405,7.542259825600518,96
570,-73.987399,40.70043,37.35019286473592,10.112411975860594,23.17472092310588,0.31404844919840497,0.04926776885986328,0.7996730804443359,0.11132272084554039,4.892050425211588,200
571,-73.910292,40.665264,24.330667136371996,14.843182287354402,22.142305927000187,0.24879842564679577,0.07869264353876529,0.9257302767988563,0.1060136850329413,6.437937073085619,92
572,-73.973492,40.682163,25.101820863323447,9.887826236677759,25.988352269302176,0.29872917834623364,0.10153264175226658,0.7712079271858122,0.14332665337456596,6.644556257459852,135
573,-73.916927,40.634451,12.733837962150574,11.61044438680013,32.29938215679593,0.1270651817321777,0.08894999821980794,0.7944663365681964,0.17266670862833658,5.825812617937724,96
574,-73.922733,40.643897,11.335572008332019,18.408769228643038,28.047479764379638,0.08091717858105796,0.09714184385357481,0.7988220112090962,0.1793129275543521,5.236032274034288,99
575,-73.97872,40.647893,16.86349388555432,16.13036148937036,25.863295074895767,0.1513724631451546,0.07909409543301196,0.6633927636112728,0.11795125109084109,5.314050498583638,94
576,-73.882154,40.678076,21.485350376520405,10.196102888156208,28.395686394129044,0.1488783420660557,0.5082191565097907,0.974578735155937,0.14615211731348282,7.301369691506411,104
577,-74.012089,40.642877,26.281025730971752,9.27227439609825,22.415536515256193,0.3215431321597268,0.2531944437229887,0.6166819985031237,0.18141861503005877,7.771188654798142,94
578,-73.954306,40.652706,25.19596767964336,8.716036370918577,23.737999005506264,0.21431809764797402,0.09369607699119438,0.4220148937850348,0.1175713404423773,8.070196809068237,59
579,-73.939706,40.652671,20.9910585065928,11.78737412754891,26.223502924412855,0.18439822726779512,0.1380708482530382,0.8183907088919431,0.14728145834840375,7.974800847685387,81
580,-73.875152,40.680655,21.07958760526445,11.381269825829401,27.850806050830414,0.14566779136657715,0.4579318894280328,1.2357960144678752,0.15420648786756727,6.095829274919297,96
581,-74.020748,40.642914,37.073210234283124,4.358524404546267,22.697876602090815,0.21928946177164715,0.33869538255917125,0.7583830946235246,0.11746165572956045,4.974161168580415,124
582,-73.981971,40.688909,38.608202763966155,5.770199355624972,16.132677169073194,0.6908726124536423,0.3093395914350237,1.2509856905255998,0.14048218727111814,6.421729212715513,112
583,-73.875152,40.680655,21.07958760526445,11.381269825829401,27.850806050830414,0.14566779136657715,0.4579318894280328,1.2357960144678752,0.15420648786756727,6.095829274919297,96
584,-74.020748,40.642914,37.073210234283124,4.358524404546267,22.697876602090815,0.21928946177164715,0.33869538255917125,0.7583830946235246,0.11746165572956045,4.974161168580415,124
585,-73.9456,40.68192,27.92498977095993,12.415458537914134,18.20215896323875,0.2916159453215422,0.06424797905815972,0.8269984633834274,0.11750962999131945,9.061440361870659,90
586,-73.885704,40.659934,11.203064994206503,14.951569087921628,30.04834462725927,0.08794633169022817,0.05215599423363095,0.5615494743226066,0.14508958846803693,4.633279830690414,105
587,-73.922296,40.658834,19.447479679086115,11.655667407364495,26.598565053131622,0.12868191562803452,0.08122395660917638,0.7154041764426365,0.13159169989117123,6.050171016973289,118
588,-74.002162,40.653344,20.080356923942894,8.850776232205904,30.466272892096104,0.13162580310788927,0.17162469717172477,0.7165925115601629,0.1475008124979133,6.685981995020157,78
589,-73.898607,40.645965,15.510200484981382,13.946237796690406,30.046614592637475,0.1806061442305402,0.06704330444335938,0.9891304543347864,0.21699734819613825,5.637059172963709,82
590,-73.973492,40.682163,25.101820863323447,9.887826236677759,25.988352269302176,0.29872917834623364,0.10153264175226658,0.7712079271858122,0.14332665337456596,6.644556257459852,135
591,-73.92044,40.661945,22.867709673368015,6.949201975113306,28.335837095211712,0.13886231642503005,0.07772885836087741,0.7413778549585588,0.13100281739846256,4.751460491082608,130
592,-73.893319,40.671601,22.87220453714823,8.812527756791216,27.91078756521414,0.16728994008657094,0.16472447025883305,1.0324959282402522,0.1973238077249613,6.270857974215671,111
593,-73.937717,40.694676,27.235067583369915,13.874529917305761,20.004661513395632,0.21976010150501119,0.2794370738738174,0.6154416168866172,0.1052246910351861,7.750074287437882,109
594,-74.020343,40.639518,26.208186245347605,6.531242960428138,28.548089758938094,0.09902663020245044,0.3531390883357649,0.8600390101053629,0.10454855769513602,5.4582952016807464,166
595,-73.938969,40.670841,21.36534833583702,15.405714592966094,21.606008373961156,0.2230543668578271,0.13040231198680644,0.6791023981003533,0.19912070968524126,7.958997674539788,98
596,-73.963764,40.583263,18.403691532968104,16.64598508812915,25.74256315998647,0.1121359309930911,0.0951520327864022,0.8047671153627592,0.17252215023698478,5.863753132436466,116
597,-73.97858,40.669255,26.99301353919463,14.782767142018963,19.620712512710192,0.17083588466849378,0.17792281284127184,0.5931782466109081,0.1079080779919915,9.286331190430563,93
598,-73.9456,40.68192,27.92498977095993,12.415458537914134,18.20215896323875,0.2916159453215422,0.06424797905815972,0.8269984633834274,0.11750962999131945,9.061440361870659,90
599,-73.944961,40.67377,24.20689923976495,18.74081487578105,15.949614842732746,0.17784552845528454,0.06043503924113948,0.42516196646341464,0.1263959621026264,8.592328792665063,82
600,-73.929693,40.702332,26.019563779726134,4.5345278449984265,27.600281055157,0.14537559760795846,0.09174975720080701,0.6046385992140998,0.1140852987547934,8.029566405020354,91
601,-74.005168,40.654306,27.69566344343908,5.408626930898728,27.698984755772976,0.13370426822470746,0.2218503385918325,0.67687274114182,0.08859525532482966,6.039338351384689,146
602,-73.827642,40.831829,19.455081594865877,9.517811920683263,31.99008844666562,0.12356386346332097,0.11233636888407045,1.1688248585846464,0.17155200074621513,5.11681400449936,59
603,-73.997478,40.71255,43.05358364618904,6.659383331703035,15.065904326786269,0.6184702151132209,0.2865928161486358,1.1037856011464369,0.10888771242390141,7.323908016381676,151
604,-73.991523,40.712907,39.640321153582946,10.374381903446082,16.072879271073774,0.44749144351843634,0.18159866333007812,1.0215951457168115,0.11412938435872395,5.585584351510713,220
605,-74.005949,40.732603,37.40033703649829,9.223211977534188,13.774931787730692,0.39100761185149235,0.24934947609663488,0.9930789589643954,0.12830212682545064,4.949293117561264,167
606,-73.941594,40.834877,29.97907660473352,7.6200493450822515,20.314281014190325,0.26150270440112583,0.1675457789980132,0.5490634633206773,0.11684593112989404,8.107249216101636,116
607,-73.922277,40.857633,9.072763269597832,39.60533334751322,15.64001314567797,0.041140932025331436,0.09667367646188448,0.882599570534446,0.08276351774581754,3.2368178319449377,33
608,-73.960427,40.777737,39.73413348871436,7.601067440657965,10.673021596703824,0.4179342991888186,0.20121719877598648,0.7764024249577927,0.12105359869488215,8.467495104687362,118
609,-73.939374,40.800616,35.44468723870571,6.175912595262713,18.702678119435028,0.39038346483816505,0.33596450207280176,0.6196501987432343,0.09080600115208845,7.067573771757238,102
610,-73.936614,40.839235,24.893576454302767,13.231377338799904,20.071458441065992,0.18696071594718874,0.212714428038109,0.6340920455812469,0.08899208128921629,6.745594505249985,127
611,-73.974256,40.785234,36.20539495389756,8.797135200674676,13.14073675843679,0.37883340495906465,0.23463088083484943,0.596984880699959,0.07106049420082405,8.07936594366483,73
612,-74.000743,40.744186,35.02002983762506,11.037002028080456,13.675502643250583,0.5103091189735814,0.21667882015830592,0.984352847986054,0.10880788167317708,8.55858518366228,95
613,-73.942285,40.792556,29.400425246267613,9.900428598577326,19.095531232429273,0.3847931370590672,0.20277370106090198,0.5587809013597893,0.06495620265151515,7.155416084058357,110
614,-73.978747,40.722075,27.557702928955788,17.5087867424502,14.865461427565904,0.30157022308885006,0.1472824498226768,0.6188955920481543,0.07789567200063961,7.131420380887929,114
615,-73.921474,40.860961,20.72594501354076,14.646835680361146,24.14355666549117,0.14118053294994212,0.8610393382884839,0.7162634531656901,0.13057178921169704,5.671342567161278,90
616,-73.986312,40.721305,31.36184056599935,8.511806858910456,17.718727588653564,0.4560677210489909,0.2715701527065701,0.9425841437445748,0.17091565661960179,5.73508898417155,120
617,-73.942023,40.83163,27.463660617054938,11.300550047884283,19.542375217188674,0.18086613658367565,0.15194096516088113,0.5889768043334541,0.0921557449393256,6.569600187216427,97
618,-73.935461,40.805653,29.21997180087961,8.907048250559708,25.013274597607072,0.2257367689832509,0.06738292227546089,0.6926129476057825,0.12149902270566361,5.376666226832986,139
619,-74.000238,40.749014,30.74406535247636,19.49462734284948,12.029336449878462,0.3612374998832661,0.10687718625928534,0.8123095569714822,0.13293412213768466,5.290984325721615,122
620,-73.975058,40.726008,27.472302879112352,13.64561336627905,19.188715064007305,0.271757443745931,0.11458327804786571,0.7476119027621503,0.1395301542420318,5.646501762279565,92
621,-73.985899,40.764129,44.550174700025835,5.429135155432003,8.622581442606817,0.821656623656807,0.30178188048687177,0.9633287121749825,0.06623022335091817,6.903378004880295,97
622,-73.957409,40.810705,28.663171642888198,17.2323087706183,14.572143322649952,0.22336491123023114,0.08074767398138116,0.4642087467685523,0.06998530849633135,7.842172033305297,137
623,-73.93374,40.799265,23.816107874331262,17.159175872802734,18.706202576125875,0.299866441367329,0.16635480134383493,0.6659001889436141,0.08571458899456522,8.103632996047752,115
624,-73.944762,40.788668,27.913048749412997,15.087002092371872,16.684982164309975,0.3591464516895065,0.2871143361909793,0.5353766060917755,0.04690357896148181,8.602313265774418,122
625,-73.981536,40.735328,32.061680157979325,14.083170423320695,13.57799768447876,0.34327857634600467,0.14012701371136835,0.6914994295905618,0.08910263285917393,9.445655579660453,136
626,-73.999094,40.73545,35.651078455128896,10.269061520568325,13.879194830217932,0.6123635164353244,0.23944561298076922,0.8410524438928674,0.16636155609391692,7.234129403051828,117
627,-73.990826,40.716126,33.656604725827464,9.983565422796433,15.606975965602423,0.4804281009140834,0.30366754019132225,1.3963561929682249,0.13550645561628444,6.199802890900642,155
628,-73.9363,40.8304,25.83202749376553,11.323307300436086,28.48831447148232,0.3552232208836581,0.1652092769228179,0.966042120337943,0.3382083556661204,5.156483047309963,87
629,-73.981329,40.738374,39.015875569096316,8.239622469301578,12.036053692853011,0.3474645261411313,0.16956541273328993,0.813940542715567,0.06679746839735243,8.502712249755858,90
630,-73.933629,40.853193,31.28929004615762,8.294022984865332,18.67066337948754,0.27954651861965485,0.2948557963224352,0.6709876180696888,0.1041575306269969,7.387394197180826,119
631,-73.995825,40.761487,38.05902127866391,4.282385155006691,17.173039118448894,0.5285354896827981,0.16089969211154515,0.8565408212167246,0.07299705787941262,8.49124484592014,90
632,-73.925464,40.865556,25.426393566709574,10.87579582676743,21.595722978765313,0.22888833826238458,0.04835995760830966,0.5763664390101577,0.1353747916944099,7.435735427972042,88
633,-73.96327,40.8007,32.13955831227812,8.866092393983084,16.968481795592876,0.20692603393170816,0.17652991432813728,0.37745589730124807,0.08581629339254128,7.051458298785131,106
634,-73.941598,40.797205,32.85161244500544,9.678021329375069,18.59880067228861,0.3349966199946977,0.35337467783505155,0.6824044427511208,0.1194983413538982,6.447076633623785,97
635,-73.967204,40.759248,45.01167582714651,5.470038586714137,7.63169160978062,0.5672061850079714,0.2684645765409695,1.0589356810402057,0.057543857204006725,8.231877905177319,127
636,-73.986214,40.72444,29.286399865761783,11.345815352904491,16.355592470902664,0.41899253160525596,0.18642926827455175,0.8864231598682893,0.14881109580015522,8.862596291762133,104
637,-73.981597,40.72313,31.276612517274454,12.42517159308916,15.03555921860683,0.4269146624906564,0.24673821013650774,0.6831916761987004,0.09166105293933256,9.245736510665328,108
638,-73.935335,40.801547,23.53799995498278,13.903221206285469,21.962996383211507,0.28984012888438665,0.17660482605891442,0.7452708571704466,0.09492831443672752,8.145591868689998,134
639,-73.935815,40.839139,23.277859548920567,15.08735113545143,20.997235381487503,0.11951421842605937,0.24594982850898817,0.6091080822990936,0.07555631372149323,6.627299176064895,103
640,-73.94745,40.791444,33.3663542033274,12.383097900456681,16.263768167206738,0.37827450475651464,0.27996575161492154,0.8565739635781293,0.11688620497137951,7.303143579722484,154
641,-73.973996,40.795109,32.71764348165023,14.215690054767707,12.240256394127863,0.30037722141622636,0.15766180390648418,0.8244331506230563,0.06343420746800996,6.861934616125459,139
642,-73.951451,40.806534,32.54793036697257,4.858262586457776,20.088876686204873,0.2664082410328748,0.09502997765174279,0.6208615425305489,0.08045614954413172,5.8829465143361315,117
643,-73.95042,40.785018,36.9694289039163,9.14549617206349,12.646344596264408,0.34701520321415924,0.19512176513671875,0.699610803641525,0.11680126190185547,8.562042432672838,136
644,-73.942009,40.802547,32.11240537704959,10.64071039999685,18.77822055611559,0.23848651557840325,0.16946946420977194,0.8259788636238344,0.10211442106513567,5.611294828435425,124
645,-73.986051,40.713362,26.219133246550232,19.025607877482905,15.199135997174325,0.36453495488787857,0.05963180238837438,0.7080827590908698,0.07830445076982442,5.893556961160622,151
646,-73.941955,40.793363,28.897855624510974,10.510496262016646,18.94595586560917,0.4014251429006594,0.24677766572444812,0.5785131308646013,0.07122605583354238,7.095825416961577,109
647,-73.968419,40.789479,28.801630297277732,21.238676706949867,10.319193815573668,0.3580248253977197,0.11820915417793469,0.55592528775207,0.1386821779430422,6.627716977372129,78
648,-73.934951,40.81698,26.90690538418368,9.014982847297716,23.23346437898072,0.1445866230898683,0.11442832227023143,0.6773813715520893,0.11634886639673005,5.616853821952387,106
649,-73.97802,40.78171,36.81318818786998,11.768793176721644,10.657118573600863,0.47493952291983144,0.26807549559039834,1.0007334344181014,0.16233597272708095,7.5258575839760855,108
650,-74.013967,40.71701,37.690666344788696,10.363376677573266,14.482429650452758,0.46375141487465243,0.06457534996238914,1.296677460541596,0.2650097683743313,5.221915459847666,148
651,-73.945838,40.814917,28.614305023454193,12.259985171152314,18.04807749908534,0.2598762512207031,0.12217627631293403,0.5763545674815816,0.08025427489538817,7.183946571458778,117
652,-74.017456,40.706384,36.255144771141346,13.236135370117703,13.13947102188561,0.5452182222519242,0.08542990382713607,1.5007365102003394,0.36184918528367693,4.553705931715825,158
653,-73.937179,40.79969,31.875770664556907,7.637000682106154,19.265444902536263,0.35259322026297185,0.35772528699649275,0.5736566358996976,0.07757439835524474,8.600836586354026,93
654,-73.917814,40.867741,29.994039574768316,12.583441400724183,17.415100066259566,0.17913104084784112,0.6260161537201807,0.9517508769722142,0.15398308082863135,6.9424260300373355,81
655,-73.945427,40.823676,30.6144972827947,10.430572783092842,17.159841365160602,0.1896047146520882,0.12953452232099397,0.6098842323754806,0.18237758648358404,6.982745411240052,107
656,-73.938418,40.795,26.792041364922582,10.719131178645245,20.359064584755036,0.2243038162170165,0.11199123888130648,0.3870577218542138,0.05991947220032474,7.394962617192403,83
657,-73.933964,40.850561,32.143371712927724,3.924189829358868,20.556901015487377,0.3222594074174469,0.33173467598709405,0.7659797574959549,0.1053487553316004,8.19532357010187,136
658,-73.981034,40.735879,31.650377120774536,12.90668566405619,13.726801219220619,0.3295629831555585,0.10041081628134084,0.7137695332214199,0.08632600769516108,9.607189139038402,129
659,-73.947855,40.795032,33.20979468723863,12.440094402526707,16.470490290880786,0.33965795289570977,0.10774988327583257,0.7669523104553966,0.15216697451552044,5.64377615341595,137
660,-73.9798,40.7162,35.72471759937427,12.058109412958592,17.2843521023974,0.35340933152187015,0.5163958043227961,0.7046914394990897,0.07683553813416281,5.750516903253249,108
661,-73.989776,40.76588,37.30640118582207,6.638651145131964,14.721573444834926,0.3855504487690173,0.32022375809518916,0.5516043880529571,0.06909788700572231,6.0641631745455555,76
662,-73.930528,40.796889,30.74472766452365,12.123795827229818,22.022338443332245,0.19910473293728298,0.09425862630208333,0.9990704854329427,0.07679451836480033,6.558433956570096,75
663,-73.947379,40.780452,34.46017039024224,13.043027813151731,11.876255509543554,0.2634829720534847,0.1395352142678816,0.9890817652987896,0.12222521722653493,8.142576379291082,118
664,-73.93514,40.846116,36.245142845880416,4.826485164581783,17.8483073673551,0.23228838330223447,0.16786446647038536,0.7492262219625805,0.09025278545561292,7.255465454525418,168
665,-73.977906,40.744511,38.728756661171666,8.158522253637916,11.292091575828758,0.4312959161248651,0.4515375818934168,0.9979981201905029,0.06981067829303914,7.813463125142965,111
666,-73.944551,40.820216,29.395684991772384,13.061375282590907,16.348289641400726,0.2053009989793877,0.07079938136109519,0.47992332995120174,0.12952005462179855,6.658639237056814,109
667,-73.996017,40.715097,42.090367335899195,5.034242551806988,17.324320135269573,0.7638691580869299,0.33601261077717665,1.0004800058728658,0.10600268522048378,6.027994988861357,187
668,-73.955722,40.810793,27.319930438642146,15.082148269370752,16.910744154894793,0.20686829531634293,0.07229248682657878,0.4981113804711236,0.07102423244052464,7.110087739096748,144
669,-73.99742,40.710651,34.61316087858273,9.304923437983613,18.541064549013562,0.3501170319937617,0.2731938179724855,0.934223008286106,0.12074350659313098,7.332318988654132,122
670,-73.938701,40.841032,28.852391292342986,8.545465449615541,19.59090933789871,0.3151236113554202,0.22660683894502945,0.779825214520251,0.13008433592739066,6.537488380574292,161
671,-73.95202,40.814914,27.30192710191776,14.722874225714271,18.68266814794296,0.3974287937848996,0.04382683680607723,0.8120545974144568,0.12177290060581304,6.301674170371815,104
672,-73.998326,40.71866,44.42135519232632,1.579305948304736,12.785049575091067,0.854893098521167,0.5537684627144133,0.9437568916762172,0.09484566932867382,6.620993758692884,121
673,-73.993607,40.716231,38.03701003392537,6.307854859725289,17.352918092755306,0.6246663522029268,0.3436841826508011,1.2824873993362205,0.13574897379115008,5.650892292243846,184
674,-73.933964,40.850561,32.143371712927724,3.924189829358868,20.556901015487377,0.3222594074174469,0.33173467598709405,0.7659797574959549,0.1053487553316004,8.19532357010187,136
675,-73.939178,40.809665,31.511566111750334,8.37978482639829,19.936961938839147,0.18281968119907696,0.12976580327100093,0.6379385592520433,0.08405395860325779,7.220802684821705,101
676,-73.983854,40.714248,27.867809495969446,15.117258132864897,17.371824778378283,0.32757232178291773,0.0588103516461098,0.709525852987211,0.08186749671692174,5.63761632736415,146
677,-74.000851,40.711441,37.025203023638035,11.648344539460684,16.6063810530163,0.4348804837181454,0.23123604910714285,0.9833492551531109,0.10329609825497581,4.885769344511487,140
678,-73.935461,40.805653,29.21997180087961,8.907048250559708,25.013274597607072,0.2257367689832509,0.06738292227546089,0.6926129476057825,0.12149902270566361,5.376666226832986,139
679,-73.990318,40.763655,37.64862131189416,9.394124898400326,12.202893166875645,0.5965727346914785,0.45492148693696954,1.0315094465090904,0.0898632002465519,7.312669479307323,81
680,-73.983769,40.719148,31.22678780261381,9.169029424219955,19.96150475961191,0.35434722900390625,0.16073226928710938,0.9359569314085406,0.12100408106674383,6.746952386549962,135
681,-73.984116,40.718121,32.69283621783418,9.188135810520338,19.731032560413013,0.42826311599805156,0.17411282672974224,0.9909885517065076,0.13067964194477472,6.687462848165761,138
682,-73.930991,40.849311,27.679180505856948,11.019019700994537,21.82085691992916,0.3324390050783679,0.2566285394317475,0.9361103399476008,0.10877865463940066,7.793154408089556,134
683,-73.965611,40.799098,33.707657632798046,9.68403533983082,15.64047091475157,0.2615506775282625,0.2733385080117674,0.7672137560502763,0.07694666259385344,6.834143047392184,107
684,-73.938727,40.789535,24.160327681575914,15.384415163093779,19.342908514551368,0.1458156539733151,0.09196867425757718,0.5620404898402203,0.06934629386687376,6.479221941476845,83
685,-73.947151,40.817228,24.922498358863578,14.562385745733884,19.185192504789484,0.15724835410395163,0.05636477689130591,0.6383487573092865,0.08191216611716362,6.810203750563688,109
686,-73.948088,40.802649,27.733392300813094,10.468127485634625,20.14679314433664,0.3053778496341429,0.08059017900107562,0.854507391003595,0.16220424486243207,6.87144625014153,115
687,-74.01358,40.707355,51.450853476219315,5.483542869388053,6.715695544926807,0.8807994701244214,0.23734240419535527,1.788421271224616,0.23861027727223405,5.4036742509013465,198
688,-73.947287,40.777948,36.50961932014017,10.288338006711472,10.942049961464077,0.2626673380533854,0.3384915520163143,0.7695302776261871,0.09534424426508883,8.63940669041054,85
689,-73.927578,40.859804,24.62181440541442,18.32789568833902,18.167065902495047,0.18684449889850172,0.020092529869975055,0.5198998070658654,0.07884424057365023,7.146471319064288,71
690,-73.947599,40.826514,31.115489830205473,8.122724956936306,18.591837824126824,0.25097970609311704,0.2852033685754847,0.5457524900083188,0.11239022384455175,6.93802656950774,108
691,-73.948902,40.810499,31.48562539191473,11.936821540196735,17.70521118527367,0.2763464337303525,0.15207529067993164,0.6719146456037249,0.07571010362534294,6.305457296825591,112
692,-73.935895,40.797507,30.581703186035156,6.165794190906343,21.27993447440011,0.22102719261532738,0.12035233633858818,0.5023365929013207,0.04604067121233259,8.402907053629558,70
693,-73.938714,40.807019,36.67415558822512,7.280602542747037,19.217002548257824,0.25009345507684344,0.13605803642373074,0.8279968121546146,0.1197061513665467,6.374254001407173,127
694,-73.950745,40.770215,38.236705462137856,7.7276115832121475,13.365688185760941,0.3141361734141474,0.2515108689017918,0.676260132720505,0.11959697889245074,8.001821628515271,92
695,-73.952476,40.817719,25.927299570154258,16.270361653080695,18.863668794985173,0.32108624776204425,0.049304962158203125,1.0016466070104528,0.13532355979636865,6.584527404220015,90
696,-73.96847,40.795163,34.07709815285423,9.16698436544399,14.667585160997177,0.2849100414751355,0.2787618926077178,0.6756805008910721,0.057921104559593324,9.168184967554781,99
697,-73.965949,40.802653,33.176248958763395,10.881486236241452,14.71344707458,0.3941042313407753,0.15817347580824442,0.6062412003514567,0.1016198135003811,6.9362219110090875,123
698,-73.972557,40.788925,36.47340573762592,9.986323306435033,10.881526344700864,0.3700815167343407,0.2964471515856291,0.6367204900373492,0.11291102359169408,7.329203957005551,95
699,-73.957827,40.771541,42.867004662229306,6.219256551642167,10.357808564838612,0.4709053039550781,0.6018702189127605,0.6019732826634459,0.058587726793791116,8.522892332913584,95
700,-73.948488,40.793649,33.399240735551,15.440590952483701,15.037937343400412,0.27767727632477807,0.05117470109966439,0.8147385198745369,0.14668898963032753,6.837316522016211,142
701,-73.955594,40.780798,41.903930240207245,6.785756241751581,9.358745643950863,0.3954613855642865,0.3922464927653626,0.7662652382862968,0.062165272636315015,8.022134864669129,129
702,-73.990318,40.763655,37.64862131189416,9.394124898400326,12.202893166875645,0.5965727346914785,0.45492148693696954,1.0315094465090904,0.0898632002465519,7.312669479307323,81
703,-73.951425,40.792302,27.538675420424518,24.069855727401432,13.884489676531624,0.3225985695334042,0.029134750366210938,0.7903456687927246,0.13755723541858147,5.996773289699181,136
704,-73.939785,40.845459,33.371599018573754,7.964964459339777,17.028548071781792,0.3329259653886159,0.2681215604146322,0.5145035684108735,0.07724414269129434,7.897115995486576,128
705,-73.987064,40.735361,37.212798925213804,10.019126987241021,14.609030639233232,0.6313970570120951,0.2833865937732515,0.8427247979473365,0.17024859819823113,7.2907601354343825,147
706,-73.942706,40.814388,29.151741248973895,7.701345250226449,21.06569373089334,0.31969816788383154,0.19069008205247961,0.5703845922497736,0.07890673651211505,7.314233641693558,115
707,-73.950745,40.770215,38.236705462137856,7.7276115832121475,13.365688185760941,0.3141361734141474,0.2515108689017918,0.676260132720505,0.11959697889245074,8.001821628515271,92
708,-73.928301,40.85924,23.989693943040194,17.848576714982205,18.077103090492677,0.19235528392709178,0.016618703866933846,0.5458683162540584,0.096004040210278,6.851213215749502,77
709,-73.955861,40.80757,27.189667578096746,13.476772220046433,18.07312899165683,0.19675669846711333,0.08901887469821507,0.5283329221937391,0.1175683957559091,6.930038001802234,144
710,-73.941955,40.793363,28.897855624510974,10.510496262016646,18.94595586560917,0.4014251429006594,0.24677766572444812,0.5785131308646013,0.07122605583354238,7.095825416961577,109
711,-73.957731,40.763804,37.88789736036582,12.887940619819354,10.56971599146263,0.3623601906897686,0.19764130058157486,0.8768989458116878,0.07630115522142128,7.7190045228938455,97
712,-73.985438,40.711125,30.46340135792595,16.908675995632194,16.514264291791772,0.32195736519732876,0.1218212184621327,0.6870794059032231,0.09067449996720499,5.694359926442009,134
713,-73.950146,40.798461,22.266414165496826,20.727709664238827,17.0793620745341,0.2724064721001519,0.06739616394042969,0.7868025037977431,0.12122948964436848,4.35858752992418,120
714,-73.952751,40.804559,33.97786910827453,5.1134742416061085,18.789215202446094,0.30337038698855107,0.187452276189764,0.6117929567445864,0.08057116030214788,6.611618408569703,111
715,-73.93684,40.856239,27.221709748973016,20.85834413334943,13.060520006262738,0.14436210411182349,0.07812665856402853,0.6126853003018143,0.11556113975635472,7.95797714288684,92
716,-73.97738,40.719888,24.92449184258779,17.386207977930706,18.82894982894262,0.21489659945170084,0.09196996688842773,0.7194379965464275,0.13367409507433572,6.310681253671647,128
717,-73.928048,40.853045,28.651117667173725,13.89648547539344,17.705360131386,0.15578514490372097,0.11191368103027344,0.5128744320991712,0.09617805480957031,6.011991623120429,104
718,-73.990902,40.7722,43.09453153921888,3.3690203249064927,16.56365862079695,0.19944166046342038,0.10464612175436581,1.1900643118066725,0.13382512759539036,5.65592479082494,102
719,-73.952023,40.82051,27.817917153948827,10.761227210362753,20.929008722305298,0.37601590156555176,0.10624669847034274,0.9423954146248954,0.14267365137736004,5.8344497567131395,112
720,-73.941111,40.821208,32.02595765563263,7.11648546416184,18.26827315991866,0.2994435043627275,0.18311862287850217,0.49452653789885653,0.07466137180839919,7.042387892916742,87
721,-73.938347,40.813532,26.98620741929465,11.190489895621612,20.122746981902495,0.28681845522831445,0.0996736976189342,0.7171054519611968,0.09586675380303608,6.751731934586192,123
722,-73.95042,40.785018,36.9694289039163,9.14549617206349,12.646344596264408,0.34701520321415924,0.19512176513671875,0.699610803641525,0.11680126190185547,8.562042432672838,136
723,-73.984423,40.777603,38.85205618225702,9.363954374105624,9.666698757964786,0.44738310005011733,0.25776022731667697,0.9384554998315995,0.12786349054216944,6.317895631192148,101
724,-73.935746,40.823988,23.096232788235532,10.927227899140004,26.052958357567878,0.15517590092677697,0.0330055461210363,0.6272647895065009,0.09096837511249617,5.078292360492781,68
725,-74.0029,40.730564,33.54782430749191,11.683403609091776,15.20717311323735,0.484094075989305,0.375618014419288,1.1315370860852692,0.11260781371802614,5.597121255439625,152
726,-73.938735,40.808339,35.213706907162,7.269151808473361,19.989927150001215,0.21225164744479597,0.10874566953044293,0.7267726025962304,0.11224589071983149,6.43355577116827,121
727,-73.930528,40.796889,30.74472766452365,12.123795827229818,22.022338443332245,0.19910473293728298,0.09425862630208333,0.9990704854329427,0.07679451836480033,6.558433956570096,75
728,-73.952023,40.82051,27.817917153948827,10.761227210362753,20.929008722305298,0.37601590156555176,0.10624669847034274,0.9423954146248954,0.14267365137736004,5.8344497567131395,112
729,-73.944666,40.830004,28.15305218838229,10.320228475942079,19.607152403777977,0.18172311310720915,0.11256189629583076,0.4770338732023837,0.07936144032494069,7.596173931663185,101
730,-73.925464,40.865556,25.426393566709574,10.87579582676743,21.595722978765313,0.22888833826238458,0.04835995760830966,0.5763664390101577,0.1353747916944099,7.435735427972042,88
731,-73.988665,40.761327,44.13662120648675,7.052843349496114,8.633164933456998,1.019126525039935,0.4072333529233113,1.3623296600027182,0.0879117303697514,8.581786467037661,97
732,-73.956435,40.753598,22.208008942780673,20.227517728452327,27.73318820529514,0.2621580053258825,0.1332770453559028,0.797676510281033,0.079193115234375,1.928675616229022,45
733,-73.937263,40.836982,21.310503469348625,15.908866009469762,22.249995517191916,0.1649659905729994,0.2798064280364473,0.6145617382674569,0.0875559230308748,6.621689446228371,118
734,-73.942154,40.785107,26.384971759937425,11.206142027370056,23.208820137512003,0.2171127884476273,0.03294896597814078,1.0551760895083648,0.09522999978627421,7.117623351639769,99
735,-73.959777,40.765638,41.69166399085003,7.6702963787576435,10.62963568645975,0.4016544507897418,0.4635006448496943,0.8443160679029383,0.07641502048658289,8.8563601175944,115
736,-73.98259,40.732665,28.956292953169292,21.850447111491917,11.748648695804901,0.5076219260944093,0.1546739022943038,0.8438104315649105,0.131048532477914,6.446955475626113,158
737,-74.01088,40.71953,38.839016517583474,8.327929874986339,15.326570246341454,0.47340114621350365,0.20732322748560106,1.1360996831072507,0.18816713579089683,4.864893864541157,137
738,-73.955583,40.801573,30.81627289454142,11.091282897525364,16.83228678173489,0.20615975062052408,0.12935532463921443,0.5958363744947646,0.12235164642333986,5.543188254038493,120
739,-73.948385,40.806055,30.623907003647236,5.2349060009687385,21.392358877719975,0.28671026229858404,0.07010484353089944,0.6739601110800718,0.1113268045278696,6.104300572321966,104
740,-73.974256,40.785234,36.20539495389756,8.797135200674676,13.14073675843679,0.37883340495906465,0.23463088083484943,0.596984880699959,0.07106049420082405,8.07936594366483,73
741,-73.977602,40.780536,36.2117400245061,12.386724683973522,10.831016964382593,0.46976331680540057,0.17003634619334387,0.93841552734375,0.18967371138315353,8.138923796396407,84
742,-73.977602,40.780536,36.2117400245061,12.386724683973522,10.831016964382593,0.46976331680540057,0.17003634619334387,0.93841552734375,0.18967371138315353,8.138923796396407,84
743,-73.973996,40.795109,32.71764348165023,14.215690054767707,12.240256394127863,0.30037722141622636,0.15766180390648418,0.8244331506230563,0.06343420746800996,6.861934616125459,139
744,-73.981536,40.735328,32.061680157979325,14.083170423320695,13.57799768447876,0.34327857634600467,0.14012701371136835,0.6914994295905618,0.08910263285917393,9.445655579660453,136
745,-73.971011,40.791395,36.48233766908999,9.7506279094452,11.230305308846113,0.36117701418070686,0.3608674714059541,0.6549873737373737,0.11929598721590909,6.803988768195463,99
746,-73.971011,40.791395,36.48233766908999,9.7506279094452,11.230305308846113,0.36117701418070686,0.3608674714059541,0.6549873737373737,0.11929598721590909,6.803988768195463,99
747,-73.992727,40.736526,38.85125508384099,8.490727137005518,14.172274271647135,1.0457362825908356,0.20151652987041171,1.1204207889617437,0.12900428166465153,7.002736651708209,105
748,-74.013303,40.705688,52.18026785202968,6.077045570185155,6.8968583036352085,0.9532569367208598,0.20061775490089698,1.6060097717944488,0.20609343493426285,5.768181659557201,216
749,-73.935231,40.85765,19.27540811260095,27.92477268404728,14.38269918777523,0.1174669587210323,0.03075331784366222,0.6128679054060233,0.07112695929709445,6.310173991914099,89
750,-73.963861,40.763883,42.91082866608151,5.826835531406301,10.728018876736757,0.5009885818239243,0.5461286615442347,1.160779831901429,0.08062307166044043,7.78494915634236,126
751,-74.017456,40.706384,36.255144771141346,13.236135370117703,13.13947102188561,0.5452182222519242,0.08542990382713607,1.5007365102003394,0.36184918528367693,4.553705931715825,158
752,-73.921474,40.860961,20.72594501354076,14.646835680361146,24.14355666549117,0.14118053294994212,0.8610393382884839,0.7162634531656901,0.13057178921169704,5.671342567161278,90
753,-73.955583,40.801573,30.81627289454142,11.091282897525364,16.83228678173489,0.20615975062052408,0.12935532463921443,0.5958363744947646,0.12235164642333986,5.543188254038493,120
754,-74.000851,40.711441,37.025203023638035,11.648344539460684,16.6063810530163,0.4348804837181454,0.23123604910714285,0.9833492551531109,0.10329609825497581,4.885769344511487,140
755,-73.972592,40.744288,36.36554486333988,8.665724662737658,17.077329603292174,0.26973465741690944,0.18212108288781118,0.9441542760127009,0.12385858654302392,5.870780567664885,118
756,-74.000851,40.711441,37.025203023638035,11.648344539460684,16.6063810530163,0.4348804837181454,0.23123604910714285,0.9833492551531109,0.10329609825497581,4.885769344511487,140
757,-73.947317,40.811882,30.260290134520755,15.40100546110244,15.976558696656,0.2598453135717483,0.0792179788861956,0.694551354362851,0.08605037416730608,5.748662494477772,112
758,-73.939974,40.807692,36.06927753549761,6.891440219935414,19.950251452690733,0.21743999469948377,0.1483827213973774,0.737796490874614,0.12355765058579346,6.759851450062079,113
759,-73.95552,40.815747,34.307091576712466,8.887392850149245,17.622471139544533,0.2840175515129452,0.3051502364022391,0.7210013412293934,0.07116510754539854,6.848232519058954,112
760,-73.9927,40.765474,35.19906817060528,7.658427773099956,17.05797224333792,0.31391020977135864,0.24722922932017932,0.5868637200557824,0.06867249806722005,7.959525512926507,88
761,-74.013967,40.71701,37.690666344788696,10.363376677573266,14.482429650452758,0.46375141487465243,0.06457534996238914,1.296677460541596,0.2650097683743313,5.221915459847666,148
762,-73.952777,40.775181,39.13109105974969,7.647807623750419,11.545031899619703,0.38123934072405635,0.5263499461621793,0.5539412139564432,0.03405266765197972,8.284510677433355,93
763,-73.988338,40.772608,40.73007757013494,7.75834968924194,12.426981650108148,0.26571625848775393,0.14520755484084452,1.0826139739065461,0.0791252808794174,6.686126561861064,121
764,-73.986051,40.713362,26.219133246550232,19.025607877482905,15.199135997174325,0.36453495488787857,0.05963180238837438,0.7080827590908698,0.07830445076982442,5.893556961160622,151
765,-73.930082,40.860951,22.129803776262282,22.47762067250937,16.863927496484962,0.17971552040682262,0.11678718658814947,0.5108546061688158,0.09672785379800451,6.162035225864394,83
766,-73.989329,40.717329,30.721576837041106,6.76504953873815,20.49230305696849,0.3851007786300257,0.16560360110349218,1.2436340752837183,0.1892641008043175,6.039983305713828,139
767,-73.936073,40.848864,43.20079721050498,2.2988136903739265,15.6071500032527,0.30709706216192045,0.2501134519223814,0.7738264499868386,0.11740653112592031,7.630805812254854,162
768,-73.9927,40.765474,35.19906817060528,7.658427773099956,17.05797224333792,0.31391020977135864,0.24722922932017932,0.5868637200557824,0.06867249806722005,7.959525512926507,88
769,-74.007192,40.731006,37.16696600728728,8.465062669937351,14.83869923160608,0.3525474563941877,0.19954962233092888,0.9511216286501271,0.12309029546008277,5.61382414616934,163
770,-73.993607,40.716231,38.03701003392537,6.307854859725289,17.352918092755306,0.6246663522029268,0.3436841826508011,1.2824873993362205,0.13574897379115008,5.650892292243846,184
771,-73.9927,40.765474,35.19906817060528,7.658427773099956,17.05797224333792,0.31391020977135864,0.24722922932017932,0.5868637200557824,0.06867249806722005,7.959525512926507,88
772,-73.9927,40.765474,35.19906817060528,7.658427773099956,17.05797224333792,0.31391020977135864,0.24722922932017932,0.5868637200557824,0.06867249806722005,7.959525512926507,88
773,-73.947151,40.817228,24.922498358863578,14.562385745733884,19.185192504789484,0.15724835410395163,0.05636477689130591,0.6383487573092865,0.08191216611716362,6.810203750563688,109
774,-73.989329,40.717329,30.721576837041106,6.76504953873815,20.49230305696849,0.3851007786300257,0.16560360110349218,1.2436340752837183,0.1892641008043175,6.039983305713828,139
775,-73.985608,40.774891,37.486723557259275,10.167943466828477,10.114028770175182,0.3123311163152306,0.1899435296413582,0.7426033513831476,0.07658097350481645,7.062216021096437,103
776,-73.989329,40.717329,30.721576837041106,6.76504953873815,20.49230305696849,0.3851007786300257,0.16560360110349218,1.2436340752837183,0.1892641008043175,6.039983305713828,139
777,-73.945647,40.784112,28.944808630634554,11.52251447133309,19.06324564981804,0.2204426186833736,0.08439102904687969,0.7885690501553836,0.09015767122630022,7.305851714502422,139
778,-73.923818,40.866381,28.89887889226278,8.71652086575826,20.30693848927816,0.24550994237263998,0.05471229553222656,0.5517657597859701,0.11899232864379883,7.573228677113851,80
779,-74.002222,40.742512,37.46314178518698,8.95194553193592,13.691221289083261,0.5671861220379264,0.19390599257281038,0.8933767980458786,0.09108627734541082,8.67801134278174,98
780,-74.00254,40.743407,37.786936350294816,9.63892527052627,13.140122587328518,0.516416608672781,0.15430647073332796,0.7750232604770725,0.08725890588924237,8.415749802212536,97
781,-73.923818,40.866381,28.89887889226278,8.71652086575826,20.30693848927816,0.24550994237263998,0.05471229553222656,0.5517657597859701,0.11899232864379883,7.573228677113851,80
782,-73.984496,40.730009,33.68123856143675,8.04762045542399,15.48645738242329,0.46146572500035377,0.19153304721998132,0.8252959320510643,0.11948433475217957,7.873918353647425,92
783,-74.013303,40.705688,52.18026785202968,6.077045570185155,6.8968583036352085,0.9532569367208598,0.20061775490089698,1.6060097717944488,0.20609343493426285,5.768181659557201,216
784,-73.937833,40.825831,24.57951595043314,12.450853435472508,21.964551114487918,0.20303315129773367,0.08741740522713497,0.5552491922488157,0.08826584651552398,5.908398792661469,116
785,-73.935815,40.839139,23.277859548920567,15.08735113545143,20.997235381487503,0.11951421842605937,0.24594982850898817,0.6091080822990936,0.07555631372149323,6.627299176064895,103
786,-73.984116,40.718121,32.69283621783418,9.188135810520338,19.731032560413013,0.42826311599805156,0.17411282672974224,0.9909885517065076,0.13067964194477472,6.687462848165761,138
787,-73.930082,40.860951,22.129803776262282,22.47762067250937,16.863927496484962,0.17971552040682262,0.11678718658814947,0.5108546061688158,0.09672785379800451,6.162035225864394,83
788,-73.935815,40.839139,23.277859548920567,15.08735113545143,20.997235381487503,0.11951421842605937,0.24594982850898817,0.6091080822990936,0.07555631372149323,6.627299176064895,103
789,-73.937263,40.836982,21.310503469348625,15.908866009469762,22.249995517191916,0.1649659905729994,0.2798064280364473,0.6145617382674569,0.0875559230308748,6.621689446228371,118
790,-73.950146,40.798461,22.266414165496826,20.727709664238827,17.0793620745341,0.2724064721001519,0.06739616394042969,0.7868025037977431,0.12122948964436848,4.35858752992418,120
791,-73.982472,40.729152,31.09338154868474,13.588876270112538,14.680731031629776,0.605940440344432,0.23643312000093006,0.9625020102849082,0.11371521722702753,7.290231311132038,105
792,-73.945647,40.784112,28.944808630634554,11.52251447133309,19.06324564981804,0.2204426186833736,0.08439102904687969,0.7885690501553836,0.09015767122630022,7.305851714502422,139
793,-73.986051,40.713362,26.219133246550232,19.025607877482905,15.199135997174325,0.36453495488787857,0.05963180238837438,0.7080827590908698,0.07830445076982442,5.893556961160622,151
794,-73.971011,40.791395,36.48233766908999,9.7506279094452,11.230305308846113,0.36117701418070686,0.3608674714059541,0.6549873737373737,0.11929598721590909,6.803988768195463,99
795,-73.977602,40.780536,36.2117400245061,12.386724683973522,10.831016964382593,0.46976331680540057,0.17003634619334387,0.93841552734375,0.18967371138315353,8.138923796396407,84
796,-73.93374,40.799265,23.816107874331262,17.159175872802734,18.706202576125875,0.299866441367329,0.16635480134383493,0.6659001889436141,0.08571458899456522,8.103632996047752,115
797,-73.956814,40.819793,33.74911007427034,5.850919655391148,20.873203164055237,0.22275362695966444,0.2259214719136556,0.7933102902911957,0.0864062990461077,5.707941736493792,112
798,-73.940919,40.785559,26.296982454614163,11.496477382849916,23.06111032478654,0.1753737643303999,0.11528058983813758,0.9944908463635207,0.09555670493407267,6.760535843070897,87
799,-73.939921,40.837994,29.714823783712184,7.534626133334833,20.167086761330317,0.2519242306973072,0.16866282650201317,0.774570447051497,0.11090668662501847,7.174510369627751,141
800,-73.995534,40.739145,43.66212006352374,3.621292114257813,14.324050479465061,0.7429486887466503,0.350276283595873,0.8328912338772833,0.03279441796639115,7.072777218288846,69
801,-73.940871,40.806139,35.49991174906242,8.76480845176205,18.908046807895524,0.2505769916609222,0.13623865378671002,0.7347435510459066,0.13704112931793813,5.872665266362892,119
802,-74.002407,40.708774,39.758198854153754,6.869710690130002,17.32533570950624,0.371222857655251,0.22964242063922644,1.147455891604146,0.11911207195732748,4.101696216240131,189
803,-73.942074,40.833695,29.175326729404087,10.103330116388632,18.785997851543833,0.2619480867998316,0.12535305198179472,0.6457515448240695,0.1194881007576572,7.342261568121954,109
804,-73.981329,40.738374,39.015875569096316,8.239622469301578,12.036053692853011,0.3474645261411313,0.16956541273328993,0.813940542715567,0.06679746839735243,8.502712249755858,90
805,-73.930991,40.849311,27.679180505856948,11.019019700994537,21.82085691992916,0.3324390050783679,0.2566285394317475,0.9361103399476008,0.10877865463940066,7.793154408089556,134
806,-73.938347,40.813532,26.98620741929465,11.190489895621612,20.122746981902495,0.28681845522831445,0.0996736976189342,0.7171054519611968,0.09586675380303608,6.751731934586192,123
807,-73.948088,40.802649,27.733392300813094,10.468127485634625,20.14679314433664,0.3053778496341429,0.08059017900107562,0.854507391003595,0.16220424486243207,6.87144625014153,115
808,-73.945368,40.82884,30.64278234071084,8.446818889066531,19.163893246721027,0.21402589691072088,0.15064003193272954,0.5103856764711814,0.08209926188871222,7.687315476679169,113
809,-73.95357,40.816158,27.536550097995335,13.346190982394749,19.274550897103772,0.3637402145950882,0.05717171563042535,0.6284713745117188,0.11498274626555267,6.850254270765516,90
810,-73.996499,40.758759,42.398763682744274,3.264342922053925,18.25338738149704,0.3233132297045564,0.15833737099007383,0.7406983745696882,0.0632499450962293,7.256441464707187,146
811,-73.992832,40.747398,50.10600399087976,1.990558041466607,10.543284592805087,0.662692387898763,0.4104777618690773,0.9414827382123028,0.04532337188720703,8.919740164721453,72
812,-73.978254,40.727537,28.616516363053098,16.306170111610776,13.701680728367396,0.334568250746954,0.09186778749738421,0.709382692972819,0.12024499121166411,8.238077731359573,112
813,-73.955722,40.810793,27.319930438642146,15.082148269370752,16.910744154894793,0.20686829531634293,0.07229248682657878,0.4981113804711236,0.07102423244052464,7.110087739096748,144
814,-73.986214,40.72444,29.286399865761783,11.345815352904491,16.355592470902664,0.41899253160525596,0.18642926827455175,0.8864231598682893,0.14881109580015522,8.862596291762133,104
815,-73.981597,40.72313,31.276612517274454,12.42517159308916,15.03555921860683,0.4269146624906564,0.24673821013650774,0.6831916761987004,0.09166105293933256,9.245736510665328,108
816,-73.921631,40.865575,33.7333538315513,3.5384080626747827,21.00221099275531,0.32804373538855347,0.4999189665823272,0.6578878922895951,0.11158639734441583,6.329328724832246,88
817,-73.947599,40.826514,31.115489830205473,8.122724956936306,18.591837824126824,0.25097970609311704,0.2852033685754847,0.5457524900083188,0.11239022384455175,6.93802656950774,108
818,-73.95552,40.815747,34.307091576712466,8.887392850149245,17.622471139544533,0.2840175515129452,0.3051502364022391,0.7210013412293934,0.07116510754539854,6.848232519058954,112
819,-73.95202,40.814914,27.30192710191776,14.722874225714271,18.68266814794296,0.3974287937848996,0.04382683680607723,0.8120545974144568,0.12177290060581304,6.301674170371815,104
820,-73.942285,40.792556,29.400425246267613,9.900428598577326,19.095531232429273,0.3847931370590672,0.20277370106090198,0.5587809013597893,0.06495620265151515,7.155416084058357,110
821,-73.911924,40.871132,29.339970311810895,3.730428859751711,27.894155440791955,0.11613240806005333,0.26369915213636175,0.8045129878546602,0.10097462643859208,8.628131497290827,62
822,-73.987064,40.735361,37.212798925213804,10.019126987241021,14.609030639233232,0.6313970570120951,0.2833865937732515,0.8427247979473365,0.17024859819823113,7.2907601354343825,147
823,-73.944546,40.796098,35.49227133029845,10.244565669114028,17.621143982016296,0.39158410173121505,0.31826515507891895,0.7418679028022579,0.13554994329850525,5.867578149811039,123
824,-74.005058,40.72463,37.9791998694129,6.618103744290399,14.137314566483736,0.34421115902298727,0.16595116743804716,1.212826688238915,0.12109093632258422,6.090445045038317,188
825,-73.935895,40.797507,30.581703186035156,6.165794190906343,21.27993447440011,0.22102719261532738,0.12035233633858818,0.5023365929013207,0.04604067121233259,8.402907053629558,70
826,-73.986038,40.72004,31.642875107385777,6.365833743926016,19.835468774200766,0.44699971393872334,0.2709160568893597,1.0552637038692354,0.21009265735585203,6.002229003496068,124
827,-73.919949,40.818645,32.42068886756896,7.861650983492533,19.15296167135239,0.45810043811798096,0.20342767238616943,0.8293196558952332,0.10313987731933594,8.1044668952624,64
828,-73.945603,40.80669,28.240731118739337,8.902663015314445,21.618501436664683,0.325075419926552,0.10270085828057651,0.8702643529665426,0.19815013783188157,6.449334374789535,87
829,-73.945101,40.789174,29.31414829787388,11.79788779186946,18.202354318352153,0.4061381022135417,0.38501421610514325,0.6043646925239152,0.06433148537912677,7.76871532522222,124
830,-73.937717,40.807581,33.49944533204003,9.457882759954147,20.243587310937382,0.2097905110969818,0.09067864726773268,0.7077077595735911,0.11343830209270085,5.722149727727584,139
831,-73.935461,40.805653,29.21997180087961,8.907048250559708,25.013274597607072,0.2257367689832509,0.06738292227546089,0.6926129476057825,0.12149902270566361,5.376666226832986,139
832,-73.942154,40.785107,26.384971759937425,11.206142027370056,23.208820137512003,0.2171127884476273,0.03294896597814078,1.0551760895083648,0.09522999978627421,7.117623351639769,99
833,-73.955583,40.801573,30.81627289454142,11.091282897525364,16.83228678173489,0.20615975062052408,0.12935532463921443,0.5958363744947646,0.12235164642333986,5.543188254038493,120
834,-73.945776,40.82477,31.469478607177734,9.306364637432676,17.553837227098867,0.22132960232821378,0.21886941158410272,0.5778327132716324,0.13103774099638968,7.221109505855677,110
835,-73.945838,40.814917,28.614305023454193,12.259985171152314,18.04807749908534,0.2598762512207031,0.12217627631293403,0.5763545674815816,0.08025427489538817,7.183946571458778,117
836,-73.960761,40.811107,33.59495845154253,14.48313232756009,13.504022519373835,0.2966265898841431,0.04026733175681455,0.9399100811812129,0.07879832655263933,6.0011490128046105,137
837,-73.91754,40.87028,25.234149448455323,19.8666508992513,16.955059293716673,0.13177720327225942,0.3088397071475074,0.8405576433454242,0.16119911557152158,7.936576358855716,105
838,-74.015929,40.704892,37.03540789535622,13.346137408337563,13.601067175273023,0.8946303448645896,0.10461900748458564,1.4829710418102788,0.3026091195399465,4.418084979836458,204
839,-74.00254,40.743407,37.786936350294816,9.63892527052627,13.140122587328518,0.516416608672781,0.15430647073332796,0.7750232604770725,0.08725890588924237,8.415749802212536,97
840,-73.990318,40.763655,37.64862131189416,9.394124898400326,12.202893166875645,0.5965727346914785,0.45492148693696954,1.0315094465090904,0.0898632002465519,7.312669479307323,81
841,-73.993607,40.716231,38.03701003392537,6.307854859725289,17.352918092755306,0.6246663522029268,0.3436841826508011,1.2824873993362205,0.13574897379115008,5.650892292243846,184
842,-74.012465,40.708971,50.61883332994249,5.876829076696325,6.169329042787906,1.102757489239728,0.3330178437409578,2.0599386427137585,0.22075766104239003,5.209363584165219,225
843,-74.005473,40.711321,42.11686107716929,10.948087194283021,10.932984375601334,0.8651075692012391,0.33966715895679395,1.5768347115352237,0.2006947309121318,4.497054527545798,203
844,-73.987064,40.735361,37.212798925213804,10.019126987241021,14.609030639233232,0.6313970570120951,0.2833865937732515,0.8427247979473365,0.17024859819823113,7.2907601354343825,147
845,-73.98861,40.767848,39.417391859190296,6.679325246632321,12.847438555085256,0.4011268472850099,0.2225200781661473,0.6485856874158766,0.05813484334767088,6.456688727332413,89
846,-73.827642,40.831829,19.455081594865877,9.517811920683263,31.99008844666562,0.12356386346332097,0.11233636888407045,1.1688248585846464,0.17155200074621513,5.11681400449936,59
847,-73.974483,40.786134,35.91284080787942,8.34678473295989,13.238196549592192,0.3736432393391927,0.2560389483416522,0.7563855912950304,0.09930716620551215,7.280264253969545,90
848,-73.974483,40.786134,35.91284080787942,8.34678473295989,13.238196549592192,0.3736432393391927,0.2560389483416522,0.7563855912950304,0.09930716620551215,7.280264253969545,90
849,-73.974483,40.786134,35.91284080787942,8.34678473295989,13.238196549592192,0.3736432393391927,0.2560389483416522,0.7563855912950304,0.09930716620551215,7.280264253969545,90
850,-73.98259,40.732665,28.956292953169292,21.850447111491917,11.748648695804901,0.5076219260944093,0.1546739022943038,0.8438104315649105,0.131048532477914,6.446955475626113,158
851,-73.988665,40.761327,44.13662120648675,7.052843349496114,8.633164933456998,1.019126525039935,0.4072333529233113,1.3623296600027182,0.0879117303697514,8.581786467037661,97
852,-73.985723,40.741888,41.04488418813337,9.73098779979505,13.627861257185018,0.7742419577481453,0.13968275304426225,1.332217768618935,0.08612892083954392,6.085058053334554,152
853,-74.002222,40.742512,37.46314178518698,8.95194553193592,13.691221289083261,0.5671861220379264,0.19390599257281038,0.8933767980458786,0.09108627734541082,8.67801134278174,98
854,-73.985323,40.739121,41.043443064535815,7.008996830191665,15.11987050374349,0.4788601270285986,0.14286195078203756,0.9815467301235404,0.11752651583763861,7.0207703498102,124
855,-74.002222,40.742512,37.46314178518698,8.95194553193592,13.691221289083261,0.5671861220379264,0.19390599257281038,0.8933767980458786,0.09108627734541082,8.67801134278174,98
856,-73.954152,40.80261,35.07659642904012,6.555493672688802,16.97388296728736,0.2889335334479987,0.19890782353398317,0.6529387053068694,0.06827849883574981,6.243616682631116,111
857,-73.953276,40.770288,40.50193173544748,6.445274277338906,11.233107627384246,0.4132384345644996,0.36286853608630953,0.5446494571746342,0.08343439253549727,8.555010008433507,84
858,-73.974483,40.786134,35.91284080787942,8.34678473295989,13.238196549592192,0.3736432393391927,0.2560389483416522,0.7563855912950304,0.09930716620551215,7.280264253969545,90
859,-74.011202,40.704697,53.62453492012713,4.045429762165338,6.22165034752957,0.9217107237266202,0.314005020216768,1.4514035192029233,0.16378158419003042,7.020771640470658,203
860,-74.00254,40.743407,37.786936350294816,9.63892527052627,13.140122587328518,0.516416608672781,0.15430647073332796,0.7750232604770725,0.08725890588924237,8.415749802212536,97
861,-73.98259,40.732665,28.956292953169292,21.850447111491917,11.748648695804901,0.5076219260944093,0.1546739022943038,0.8438104315649105,0.131048532477914,6.446955475626113,158
862,-73.96561,40.80209,33.05951370590034,10.566262541146116,14.987171929458093,0.39187162771992295,0.15743189844591865,0.5900410400039848,0.10078254787401222,6.886039383109958,116
863,-74.00254,40.743407,37.786936350294816,9.63892527052627,13.140122587328518,0.516416608672781,0.15430647073332796,0.7750232604770725,0.08725890588924237,8.415749802212536,97
864,-73.925464,40.865556,25.426393566709574,10.87579582676743,21.595722978765313,0.22888833826238458,0.04835995760830966,0.5763664390101577,0.1353747916944099,7.435735427972042,88
865,-74.012465,40.708971,50.61883332994249,5.876829076696325,6.169329042787906,1.102757489239728,0.3330178437409578,2.0599386427137585,0.22075766104239003,5.209363584165219,225
866,-73.98107,40.74651,45.856737263997395,5.619417572021485,7.545867156982423,0.5276374816894531,0.3810496012369792,0.8386233011881511,0.10728556315104167,6.1370295206705725,125
867,-73.923094,40.864644,30.624709409825943,4.339455155765309,21.446918973735734,0.29136667064591953,1.0328330245672488,0.6408186519847197,0.12836643293792124,5.910127303179572,68
868,-73.98107,40.74651,45.856737263997395,5.619417572021485,7.545867156982423,0.5276374816894531,0.3810496012369792,0.8386233011881511,0.10728556315104167,6.1370295206705725,125
869,-73.942154,40.785107,26.384971759937425,11.206142027370056,23.208820137512003,0.2171127884476273,0.03294896597814078,1.0551760895083648,0.09522999978627421,7.117623351639769,99
870,-73.932868,40.794184,31.07694852919806,12.041720435732886,21.178825015113468,0.21943183172316777,0.13077054704938615,0.7390539986746651,0.10661624726795015,6.308086940220425,70
871,-74.00254,40.743407,37.786936350294816,9.63892527052627,13.140122587328518,0.516416608672781,0.15430647073332796,0.7750232604770725,0.08725890588924237,8.415749802212536,97
872,-73.987064,40.735361,37.212798925213804,10.019126987241021,14.609030639233232,0.6313970570120951,0.2833865937732515,0.8427247979473365,0.17024859819823113,7.2907601354343825,147
873,-73.991966,40.741963,41.06615211652673,3.886940513831982,21.382981106854867,0.725890242535135,0.21685413692308508,0.8612435796986455,0.050666366798290306,6.691330066625624,92
874,-73.989481,40.738521,42.10907471485626,4.297085052881486,18.19331951630421,0.6701723734537761,0.2642719562237079,0.8719635009765624,0.10389107924241285,7.130282475398137,130
875,-73.984128,40.712269,28.213615498991093,16.134243133740547,16.986395762516903,0.30110289907862997,0.05732927566919571,0.7472427482278938,0.09589806581154847,5.8034587110209666,156
876,-73.959777,40.765638,41.69166399085003,7.6702963787576435,10.62963568645975,0.4016544507897418,0.4635006448496943,0.8443160679029383,0.07641502048658289,8.8563601175944,115
877,-73.982472,40.729152,31.09338154868474,13.588876270112538,14.680731031629776,0.605940440344432,0.23643312000093006,0.9625020102849082,0.11371521722702753,7.290231311132038,105
878,-73.987515,40.771603,39.94802406855991,8.432959942590623,12.052228337242491,0.34002065658569336,0.17057146344866073,1.2662708759307861,0.05226674534025647,7.3381279196058005,112
879,-73.990468,40.722415,29.72699610392252,11.895919587877058,17.079696231418183,0.4428980085584852,0.1853934393988715,1.1627985636393232,0.11931016710069443,7.026025772094727,150
880,-73.959777,40.765638,41.69166399085003,7.6702963787576435,10.62963568645975,0.4016544507897418,0.4635006448496943,0.8443160679029383,0.07641502048658289,8.8563601175944,115
881,-73.92606,40.856532,21.539979137725112,22.83088119936661,17.341801817988006,0.12490626232165125,0.08142229536889305,0.6088623978162595,0.08619693523281616,4.999766999007392,71
882,-73.92606,40.856532,21.539979137725112,22.83088119936661,17.341801817988006,0.12490626232165125,0.08142229536889305,0.6088623978162595,0.08619693523281616,4.999766999007392,71
883,-73.92606,40.856532,21.539979137725112,22.83088119936661,17.341801817988006,0.12490626232165125,0.08142229536889305,0.6088623978162595,0.08619693523281616,4.999766999007392,71
884,-73.92606,40.856532,21.539979137725112,22.83088119936661,17.341801817988006,0.12490626232165125,0.08142229536889305,0.6088623978162595,0.08619693523281616,4.999766999007392,71
885,-74.013921,40.718025,37.03250909845034,11.304345975319544,15.933999667565029,0.4187270998954773,0.06475895643234253,1.5394734839598336,0.27501483758290607,4.525173703829447,128
886,-73.918591,40.865508,34.53852624604196,4.986196162896755,19.658095702464447,0.3270293727065578,0.5637982190945449,0.9755770365397135,0.10997474967659294,8.010384117886103,77
887,-73.996262,40.760858,36.449307123819985,3.9235935211181645,18.625861167907715,0.504328409830729,0.14788055419921875,0.8160355885823569,0.07114664713541667,7.453993161519367,100
888,-73.945,40.814598,29.52227043383049,10.61962821266868,18.452746651389383,0.24777614709102744,0.12494347312233665,0.5078913948752664,0.07932662963867188,7.436111334598425,110
889,-73.944551,40.820216,29.395684991772384,13.061375282590907,16.348289641400726,0.2053009989793877,0.07079938136109519,0.47992332995120174,0.12952005462179855,6.658639237056814,109
890,-73.954228,40.807537,29.740345414984162,9.17788586288533,19.095409484136674,0.211329182619771,0.08142108008975074,0.5343934215565839,0.10585204634086164,6.415293204090583,126
891,-73.985976,40.774202,37.653001480632355,9.613568252987333,11.295108993848165,0.3046592076619467,0.24048884709676108,0.9019156297047933,0.0530716445710924,7.5693352354897385,96
892,-74.012328,40.70927,50.233295016818566,5.9223871584291805,6.13400791309498,1.1382921006944444,0.3535646509241175,1.980057186550564,0.19377051459418404,5.010761543556496,225
893,-73.985608,40.774891,37.486723557259275,10.167943466828477,10.114028770175182,0.3123311163152306,0.1899435296413582,0.7426033513831476,0.07658097350481645,7.062216021096437,103
894,-73.985608,40.774891,37.486723557259275,10.167943466828477,10.114028770175182,0.3123311163152306,0.1899435296413582,0.7426033513831476,0.07658097350481645,7.062216021096437,103
895,-73.944092,40.790191,27.507579226453764,15.031628648773962,17.002861439680853,0.4655175516251423,0.39641008991487225,0.6518385323489747,0.06985864719422925,7.003626035375088,119
896,-73.948488,40.793649,33.399240735551,15.440590952483701,15.037937343400412,0.27767727632477807,0.05117470109966439,0.8147385198745369,0.14668898963032753,6.837316522016211,142
897,-73.935746,40.823988,23.096232788235532,10.927227899140004,26.052958357567878,0.15517590092677697,0.0330055461210363,0.6272647895065009,0.09096837511249617,5.078292360492781,68
898,-73.98107,40.74651,45.856737263997395,5.619417572021485,7.545867156982423,0.5276374816894531,0.3810496012369792,0.8386233011881511,0.10728556315104167,6.1370295206705725,125
899,-73.827642,40.831829,19.455081594865877,9.517811920683263,31.99008844666562,0.12356386346332097,0.11233636888407045,1.1688248585846464,0.17155200074621513,5.11681400449936,59
900,-73.947171,40.792932,34.89919615538595,10.725457236270776,16.26705408629688,0.3179740052361883,0.18125017750716582,0.789424076976392,0.12353133301873602,7.1893007163233404,149
901,-73.990318,40.763655,37.64862131189416,9.394124898400326,12.202893166875645,0.5965727346914785,0.45492148693696954,1.0315094465090904,0.0898632002465519,7.312669479307323,81
902,-73.938701,40.841032,28.852391292342986,8.545465449615541,19.59090933789871,0.3151236113554202,0.22660683894502945,0.779825214520251,0.13008433592739066,6.537488380574292,161
903,-73.956814,40.819793,33.74911007427034,5.850919655391148,20.873203164055237,0.22275362695966444,0.2259214719136556,0.7933102902911957,0.0864062990461077,5.707941736493792,112
904,-73.986038,40.72004,31.642875107385777,6.365833743926016,19.835468774200766,0.44699971393872334,0.2709160568893597,1.0552637038692354,0.21009265735585203,6.002229003496068,124
905,-73.953317,40.812428,29.48464484441848,10.24015472048805,19.069071724301295,0.28442450932094027,0.1383331843784877,0.5799952007475354,0.0771890367780413,6.969030471075149,140
906,-73.942482,40.79001,26.331099911012508,15.641935320868011,17.03295279240263,0.38250826407169947,0.31695269156193384,0.6252333046733469,0.06092071533203125,6.147989466570425,115
907,-73.959777,40.765638,41.69166399085003,7.6702963787576435,10.62963568645975,0.4016544507897418,0.4635006448496943,0.8443160679029383,0.07641502048658289,8.8563601175944,115
908,-74.000851,40.711441,37.025203023638035,11.648344539460684,16.6063810530163,0.4348804837181454,0.23123604910714285,0.9833492551531109,0.10329609825497581,4.885769344511487,140
909,-74.004692,40.723911,37.21651203778325,6.480237578048188,15.052195146781244,0.33534367879231775,0.17782360518059762,1.2017775555046237,0.12240734230093403,5.767252818256819,196
910,-73.974483,40.786134,35.91284080787942,8.34678473295989,13.238196549592192,0.3736432393391927,0.2560389483416522,0.7563855912950304,0.09930716620551215,7.280264253969545,90
911,-73.947856,40.780652,37.99122516239915,11.891940523902205,10.289343718056367,0.29694714650186793,0.16965955217307974,1.0717801958601052,0.11320886582228998,8.700824155243014,107
912,-73.934676,40.850683,33.92553618459991,4.07900135926526,19.433042497345895,0.34123743423307784,0.3157273687497534,0.8133914735582142,0.11426270610154278,8.422213612180768,132
913,-73.98346,40.757626,51.82096799214681,1.3161002265082467,4.760149143360279,1.5776277471471718,0.31842125786675346,1.7597972022162542,0.11434131198459202,8.595817353990343,90
914,-73.984381,40.756089,50.5311934467983,5.331551202453009,4.601471022804184,1.866654436973849,0.728930105077158,2.0756444521863076,0.14063013662206064,8.373584999109651,101
915,-73.987064,40.735361,37.212798925213804,10.019126987241021,14.609030639233232,0.6313970570120951,0.2833865937732515,0.8427247979473365,0.17024859819823113,7.2907601354343825,147
916,-73.995731,40.736416,40.56345810965886,8.97453474620032,10.070933992900546,0.59334777650379,0.2503130171034071,0.8623910328698536,0.07192218114459326,9.353264172871908,84
917,-73.979581,40.719416,25.885108751333174,16.329783152758587,16.70368628773263,0.39157324690159745,0.19927347901713882,0.7690577003044811,0.10199327132889248,7.392713758680555,123
918,-73.949929,40.8185,22.062633560226487,18.70576841337187,20.088203819664393,0.26476089660827823,0.020613111891188064,0.9498871124542513,0.1517361706799573,5.802801779440573,111
919,-73.985608,40.774891,37.486723557259275,10.167943466828477,10.114028770175182,0.3123311163152306,0.1899435296413582,0.7426033513831476,0.07658097350481645,7.062216021096437,103
920,-73.9927,40.765474,35.19906817060528,7.658427773099956,17.05797224333792,0.31391020977135864,0.24722922932017932,0.5868637200557824,0.06867249806722005,7.959525512926507,88
921,-73.989329,40.717329,30.721576837041106,6.76504953873815,20.49230305696849,0.3851007786300257,0.16560360110349218,1.2436340752837183,0.1892641008043175,6.039983305713828,139
922,-73.98861,40.767848,39.417391859190296,6.679325246632321,12.847438555085256,0.4011268472850099,0.2225200781661473,0.6485856874158766,0.05813484334767088,6.456688727332413,89
923,-73.989329,40.717329,30.721576837041106,6.76504953873815,20.49230305696849,0.3851007786300257,0.16560360110349218,1.2436340752837183,0.1892641008043175,6.039983305713828,139
924,-73.987064,40.735361,37.212798925213804,10.019126987241021,14.609030639233232,0.6313970570120951,0.2833865937732515,0.8427247979473365,0.17024859819823113,7.2907601354343825,147
925,-74.000238,40.74182,39.8528984001091,7.161804147668787,12.697047156256598,0.8521440866831186,0.21225181785789696,0.8495360881358655,0.062175269599433425,8.705640053963876,74
926,-74.018941,40.689493,,,,,,,,,0
927,-73.9383,40.8381,27.208165184771133,10.332138875691438,20.25576438263452,0.22316848059638225,0.22708700715209082,0.7425500334595605,0.10316652073848734,7.327048441203092,139
928,-73.948488,40.793649,33.399240735551,15.440590952483701,15.037937343400412,0.27767727632477807,0.05117470109966439,0.8147385198745369,0.14668898963032753,6.837316522016211,142
929,-74.006155,40.729052,39.42572790692109,6.37766117221313,13.866824611251904,0.39919530841666206,0.15209000994901703,0.9976364637204738,0.12415518783067875,6.510633370126358,142
930,-73.959777,40.765638,41.69166399085003,7.6702963787576435,10.62963568645975,0.4016544507897418,0.4635006448496943,0.8443160679029383,0.07641502048658289,8.8563601175944,115
931,-73.990562,40.747425,49.40299780472465,1.8728259680927664,9.394735529802848,1.1397147524184077,0.4408432089764139,0.9422872377478558,0.09001683497774426,9.39612146736919,92
932,-73.984333,40.732699,33.74096174088736,12.798697103268255,13.167883605553358,0.4495971417300916,0.24040161617218503,0.8211519352342717,0.1325011884093915,7.940366785362285,126
933,-74.013303,40.705688,52.18026785202968,6.077045570185155,6.8968583036352085,0.9532569367208598,0.20061775490089698,1.6060097717944488,0.20609343493426285,5.768181659557201,216
934,-73.992343,40.729661,40.04115396964737,6.33128910790087,12.01556395630975,0.6033037599567866,0.3863558673218593,0.8851616707957563,0.07883280982373812,4.992681755048849,149
935,-73.996354,40.745677,35.32345595183195,12.675152178163883,14.490652084350584,0.4875564575195313,0.28611501057942706,0.8631981743706597,0.14229597868742766,7.319924036661782,90
936,-74.00254,40.743407,37.786936350294816,9.63892527052627,13.140122587328518,0.516416608672781,0.15430647073332796,0.7750232604770725,0.08725890588924237,8.415749802212536,97
937,-73.966779,40.797136,33.07130791862467,12.991781316251837,14.055260226257847,0.35540235687864474,0.3406166011451656,0.8376830663436499,0.0832837531369636,7.162848632899445,117
938,-74.005058,40.72463,37.9791998694129,6.618103744290399,14.137314566483736,0.34421115902298727,0.16595116743804716,1.212826688238915,0.12109093632258422,6.090445045038317,188
939,-73.967204,40.759248,45.01167582714651,5.470038586714137,7.63169160978062,0.5672061850079714,0.2684645765409695,1.0589356810402057,0.057543857204006725,8.231877905177319,127
940,-73.945647,40.784112,28.944808630634554,11.52251447133309,19.06324564981804,0.2204426186833736,0.08439102904687969,0.7885690501553836,0.09015767122630022,7.305851714502422,139
941,-73.990468,40.722415,29.72699610392252,11.895919587877058,17.079696231418183,0.4428980085584852,0.1853934393988715,1.1627985636393232,0.11931016710069443,7.026025772094727,150
942,-73.945933,40.783286,30.853466794948382,10.899824566311308,18.166964704340153,0.24065947291826958,0.11346677337029969,0.9989671032838149,0.10478135311242306,7.602576535157483,132
943,-73.944299,40.815237,29.966757230669533,8.732261835971727,19.140395939907176,0.2416444344683971,0.1370046740380403,0.5567411024622457,0.06051286358699621,7.393533641304182,107
944,-73.946879,40.791966,33.23477796328965,11.80749995734102,16.41674062257172,0.3776609769431494,0.288982186266171,0.8899902015603998,0.1093768048030074,7.121033822336504,155
945,-73.950354,40.820208,27.852378505291323,14.752467945463978,18.433930299463054,0.28110604868470246,0.06052023506794039,0.9276827569841946,0.14673491122305593,5.981000264485677,101
946,-73.976093,40.718276,23.483573779081688,18.00414843436999,20.268543561299644,0.1687328020731608,0.018802055945763223,0.8194886721097506,0.13802876839270958,6.154788151765482,104
947,-73.951292,40.816626,23.247870219122504,17.248525324556017,19.711856907585645,0.343522992740382,0.04284848871919298,0.8393189341751572,0.13934984239925632,5.691415255831689,97
948,-73.944449,40.795404,34.56972678502401,10.133112536536322,18.20807960298326,0.3733314408196343,0.33399105072021484,0.7482059796651205,0.11823177337646484,6.313213507334392,120
949,-73.943904,40.790932,27.41493314330341,13.839439202470388,18.169224053098443,0.4233502505118386,0.41314621417843106,0.69032273097345,0.07671724285995751,6.388479366637113,114
950,-74.015837,40.705605,38.7649259641189,12.584630833115689,12.519690787145334,0.7746785186057867,0.11916848116142806,1.4838029432666395,0.3064581405284793,4.632924102073492,215
951,-73.935335,40.801547,23.53799995498278,13.903221206285469,21.962996383211507,0.28984012888438665,0.17660482605891442,0.7452708571704466,0.09492831443672752,8.145591868689998,134
952,-73.941111,40.821208,32.02595765563263,7.11648546416184,18.26827315991866,0.2994435043627275,0.18311862287850217,0.49452653789885653,0.07466137180839919,7.042387892916742,87
953,-74.006155,40.729052,39.42572790692109,6.37766117221313,13.866824611251904,0.39919530841666206,0.15209000994901703,0.9976364637204738,0.12415518783067875,6.510633370126358,142
954,-73.955722,40.810793,27.319930438642146,15.082148269370752,16.910744154894793,0.20686829531634293,0.07229248682657878,0.4981113804711236,0.07102423244052464,7.110087739096748,144
955,-73.987791,40.725892,34.59549893389691,10.811915764441856,12.539066063178765,0.4121969034383585,0.26627704774067074,0.958731235601963,0.1493097661615728,9.40481227832836,91
956,-73.979217,40.78633,35.0413727465971,10.531728297104069,12.108012305365671,0.35282817887671203,0.1475863986545139,0.8008556601441937,0.07812029049720293,6.202991862355927,135
957,-73.932868,40.794184,31.07694852919806,12.041720435732886,21.178825015113468,0.21943183172316777,0.13077054704938615,0.7390539986746651,0.10661624726795015,6.308086940220425,70
958,-73.981597,40.72313,31.276612517274454,12.42517159308916,15.03555921860683,0.4269146624906564,0.24673821013650774,0.6831916761987004,0.09166105293933256,9.245736510665328,108
959,-73.982976,40.775256,38.29452336629231,9.076225026448569,10.573465220133462,0.536151123046875,0.28465932210286454,1.038404337565104,0.11115773518880208,7.267826843261719,125
960,-73.954152,40.80261,35.07659642904012,6.555493672688802,16.97388296728736,0.2889335334479987,0.19890782353398317,0.6529387053068694,0.06827849883574981,6.243616682631116,111
961,-73.948385,40.806055,30.623907003647236,5.2349060009687385,21.392358877719975,0.28671026229858404,0.07010484353089944,0.6739601110800718,0.1113268045278696,6.104300572321966,104
962,-73.965949,40.802653,33.176248958763395,10.881486236241452,14.71344707458,0.3941042313407753,0.15817347580824442,0.6062412003514567,0.1016198135003811,6.9362219110090875,123
963,-74.013303,40.705688,52.18026785202968,6.077045570185155,6.8968583036352085,0.9532569367208598,0.20061775490089698,1.6060097717944488,0.20609343493426285,5.768181659557201,216
964,-73.933629,40.853193,31.28929004615762,8.294022984865332,18.67066337948754,0.27954651861965485,0.2948557963224352,0.6709876180696888,0.1041575306269969,7.387394197180826,119
965,-73.940919,40.785559,26.296982454614163,11.496477382849916,23.06111032478654,0.1753737643303999,0.11528058983813758,0.9944908463635207,0.09555670493407267,6.760535843070897,87
966,-73.933042,40.850819,31.312942504882812,4.3668249927500575,21.34347617941559,0.34412833117934133,0.32335059352652734,0.6534099578857422,0.10438949342757935,8.012521077716162,126
967,-73.992832,40.747398,50.10600399087976,1.990558041466607,10.543284592805087,0.662692387898763,0.4104777618690773,0.9414827382123028,0.04532337188720703,8.919740164721453,72
968,-73.98861,40.767848,39.417391859190296,6.679325246632321,12.847438555085256,0.4011268472850099,0.2225200781661473,0.6485856874158766,0.05813484334767088,6.456688727332413,89
969,-74.01244,40.706232,57.660052842564056,3.553113838036855,5.145894818835788,1.0088882512516444,0.3290444612503052,1.7711887756983435,0.18741554684109155,5.77949368291431,192
970,-73.992405,40.753038,50.10486206451019,0.9742943239418458,7.8542486413732755,1.184222398898302,0.26414631765126145,1.4332123133011194,0.1827033567222166,8.707268207104175,77
971,-73.938714,40.807019,36.67415558822512,7.280602542747037,19.217002548257824,0.25009345507684344,0.13605803642373074,0.8279968121546146,0.1197061513665467,6.374254001407173,127
972,-73.933042,40.850819,31.312942504882812,4.3668249927500575,21.34347617941559,0.34412833117934133,0.32335059352652734,0.6534099578857422,0.10438949342757935,8.012521077716162,126
973,-73.894108,40.769798,15.578435262044271,19.331780274709068,24.637811978658043,0.0905442237854004,0.0025987625122070312,0.6866165002187095,0.16211748123168945,7.516173521677653,80
974,-73.778118,40.7417,8.389590221381038,27.751043307706247,21.476275665954972,0.050241242414750385,0.04480649840156987,0.4822626053912084,0.1029452437874656,5.044278558695091,106
975,-73.888133,40.737405,17.856921139535874,9.061014763662747,33.7393831983905,0.07066578137169002,0.03510769282545999,0.8824639602613596,0.12945549510349735,5.86463773733359,107
976,-73.882446,40.739644,18.630064750204276,9.46360910290223,30.021208159777583,0.14153089112435338,0.09537781176923894,0.9126862160472914,0.12657593707649076,6.636543879433284,147
977,-73.786403,40.69691,16.137504014997003,13.630936490399293,31.02961177319552,0.2473493592928996,0.09787567948873065,1.085375895542381,0.18133062176999792,5.674134313532736,113
978,-73.912458,40.718234,30.50442248726813,2.5432876918626866,30.150484002154805,0.09648419808650362,0.08443749469259512,0.832551228251434,0.07053964955795215,7.153398633579125,69
979,-73.911962,40.760122,23.295714336892832,8.912849149842193,26.132558463276297,0.1696473273678102,0.15172875445822012,0.7937110679737035,0.16166272370711618,8.796439239944236,115
980,-73.909032,40.746127,31.190939969236748,12.295717263371689,17.58278210957845,0.16260476982068717,0.652894433939232,0.7669160950858638,0.1449177100223565,6.76940012278047,106
981,-73.893466,40.742284,20.744187709612728,11.692540767865303,26.873962084452312,0.08827936954987356,0.08250933427077073,0.7811751121129746,0.1609362088716947,6.972708763220372,104
982,-73.867662,40.737441,23.90023756396863,12.938112066697705,22.212351200192472,0.1471497291742369,0.12014743893645531,0.5965484205142472,0.14817733173222505,7.813809269158415,86
983,-73.85457,40.74102,24.474009374777477,9.429478645324705,25.71345493197441,0.0850185751914978,0.10605752468109131,0.7810438672701517,0.10250856479008993,7.936600844065348,128
984,-73.756546,40.68605,14.868051539022456,22.119132551566636,25.60525924440414,0.1506724685588211,0.11856745159815228,1.3015989273313493,0.1269890517784805,5.399809943305121,63
985,-73.860547,40.748996,28.153851936603413,10.429445080373478,23.029965641854822,0.26628039349084615,0.3882117655085421,0.9507412197946132,0.12836072636746812,7.352748136410768,116
986,-73.922544,40.768034,29.0933256563933,9.228236778922703,19.6840258612149,0.19984832708386405,0.21387943323107733,0.7558788078418677,0.12578687806060349,7.636553308238154,92
987,-73.73229,40.731853,10.079324907726713,25.808933046129017,25.707166724734837,0.08649031321207683,0.009401639302571615,1.0212295585208468,0.13009375996059844,3.702235884136624,48
988,-73.866557,40.7486,30.754786757029358,7.251360862766772,22.262380547719463,0.26820609558662867,0.41960319971929405,1.1199574492293407,0.2026895409849681,8.107741891521297,146
989,-73.824388,40.758347,23.461882987718905,15.623749865128305,18.468358900663112,0.16048302811183288,0.13761198922489468,0.6684188985645996,0.12848207566622047,6.85705906442935,89
990,-73.818581,40.774134,10.004916229868321,25.68603104692164,22.938500381097562,0.07832534914094258,0.010841648753096417,0.6871498697172336,0.15250221500551797,5.360445549817589,82
991,-73.811373,40.761744,16.853184170193142,20.8801884121365,22.413877204612447,0.08849391230830439,0.037600199381510414,0.8902277769865813,0.13477325439453125,7.011240853203668,90
992,-73.92864,40.739438,25.199516223428027,6.424175585553946,29.123349789061834,0.07369870045146004,0.08103573908571338,0.9051372444694812,0.10349893830513043,7.113990627351354,122
993,-73.8181,40.751972,18.400874754198554,14.629336441455242,25.84338739615719,0.1512196599220743,0.036833886386585885,0.9443000871307996,0.19959041050502233,7.432725478191765,98
994,-73.789365,40.764884,11.346116546512574,20.832303512928096,25.410040774086646,0.10722256446069524,0.0617470852164335,0.6432400193325308,0.12408116067102712,6.028665128604386,86
995,-73.777607,40.735935,11.527135637071398,29.357553916002708,17.31452891435573,0.05244905986483135,0.018728347051711308,0.3882362729027158,0.08764822016317377,6.503047640361483,63
996,-73.854268,40.747017,15.785268982652864,14.149348262183192,28.504332789668332,0.1327662355570681,0.07411109076605903,0.7844841440117319,0.11377334594726562,5.687143666174275,99
997,-73.842967,40.778029,19.41561772273137,14.1857787890312,26.688479888133514,0.058699387770432696,0.012441781850961538,1.2044769678360376,0.21047885601337143,7.617489252334987,65
998,-73.768994,40.757701,13.823741215925951,17.85398691128462,26.000572473574906,0.13129283220340043,0.022537891681377705,0.7887335924001839,0.18053329907930815,7.425969380598802,104
999,-73.794323,40.765459,12.14967303805881,29.177781349218982,18.942443184230637,0.04032199509477846,0.0263435253198596,0.73021091700752,0.09575074421610809,4.7328405334177805,69
1000,-73.734102,40.727172,14.32204182942708,21.267168045043945,24.514400482177734,0.044681549072265625,0.02242279052734375,0.7114874521891275,0.16139666239420575,5.329490661621094,50
1001,-73.737702,40.710986,17.008048491858542,16.369577864526025,29.33694006691516,0.11581188076538661,0.05554951412577025,1.1151685401307585,0.16428316143197072,4.199987510000597,71
1002,-73.768894,40.713438,16.277942272147744,13.92034472841205,29.45917880896366,0.09627583050968672,0.20424428612294823,0.8743231545393715,0.1240868359703809,5.746154271392309,99
1003,-73.764081,40.691306,16.48527263670929,11.351982752482096,31.843607924705328,0.1289840816527374,0.20701016566550082,1.2062675269075143,0.1948449038719946,5.931666100672049,86
1004,-73.758778,40.676201,14.858623172925865,15.65545399983724,31.273901289787844,0.13835464698680933,0.15822700832201086,1.2526622716931328,0.13570647308791894,3.3534800948728107,69
1005,-73.733774,40.67115,11.52415818805936,19.049413093534703,31.318066592960925,0.06135868120797073,0.10190875218387396,0.7548565603006742,0.11754257266531512,3.603859189190443,79
1006,-73.790975,40.693559,19.32458747811869,15.69435742436623,26.656098268469986,0.16904558454241073,0.04357318488919005,0.8797275776765783,0.14310304810400723,5.4283200478067215,49
1007,-73.771225,40.770155,11.764859915965824,28.21238361187835,21.89846133711326,0.08432189030433769,0.02853336618907416,1.016539957985949,0.15633141816552007,4.066159831943796,67
1008,-73.794804,40.594358,16.595075441443402,7.92332663052324,36.09123644621476,0.185578111289204,0.007044750711192255,1.0426196499147278,0.16378457995428555,5.1160694896311,46
1009,-73.761086,40.59348,22.51024075916835,2.863468442644392,37.713970456804546,0.13622897011893137,0.03522804805210659,1.3993047532581149,0.23959704807826454,2.9337848935808455,56
1010,-73.788866,40.671871,13.564478346716355,13.748033055455693,31.451919751289566,0.08976066505515969,0.06273919409447974,1.182469518193395,0.15121641613188244,3.9313134692964096,91
1011,-73.758042,40.745744,11.507020852504631,23.56630533169477,22.123116713303787,0.0726620356241862,0.0274658203125,0.5042834159655448,0.07833945445525342,5.409102562146308,52
1012,-73.820445,40.606352,28.475897190934518,5.064338748737917,34.66801778071345,0.206762518586412,0.1285552978515625,1.810852955963652,0.1581967887231859,5.176185888085661,59
1013,-73.796358,40.693736,18.064371744791668,15.035503011354258,27.071799694652288,0.0973177627778389,0.07059876347931338,0.9639847446495379,0.20394392416510784,7.550101660786661,71
1014,-73.875493,40.719567,11.630385369062424,23.5376626253128,23.89747823278109,0.12478083372116089,0.10505318641662599,0.7494608561197917,0.1314816375573476,3.997854640086492,128
1015,-73.806842,40.694868,17.113735473233888,8.833480348774032,32.51811413983115,0.12567495208939697,0.04215240478515625,1.051767199647193,0.18354397194058286,7.297250647950017,102
1016,-73.831532,40.698286,30.702223096575057,9.867053453614114,22.006860720057063,0.1406163585429289,0.31528018769763766,1.2335498316758344,0.12890562719228316,6.988156247301167,98
1017,-73.767161,40.661427,17.317992473335426,10.571639135541247,33.381438549653986,0.07063626261895575,0.026639302571614582,1.0406191947528853,0.18673767278223863,7.61536217520757,81
1018,-73.749891,40.604019,24.680232618707254,11.038688291986304,27.10863787486371,0.23047971916964732,0.21158854166666669,1.2547366590384978,0.20355622931177833,6.793749859055361,83
1019,-73.824629,40.702656,20.89953292794779,10.035628688578704,28.4095202984453,0.07242734740380527,0.353253293199604,1.0401982028468126,0.15493898975605866,7.530698970872528,98
1020,-73.816156,40.69361,22.189050363310688,11.396768583473586,27.20807799210785,0.12126476206678025,0.05759584142806682,0.8983865697333153,0.13158608835639682,6.437507588812646,94
1021,-73.835735,40.698989,27.99273648308319,15.96497872114953,18.69358198542425,0.12841332691772855,0.3457047792700116,1.0237400585779481,0.11260270300806532,7.713451508951033,103
1022,-73.890638,40.728517,22.929633515221735,11.115971633366176,27.333473875409084,0.03797042937505813,0.13468435832432338,0.9234436920710972,0.17370666776384627,4.9720562639690575,112
1023,-73.752772,40.681881,12.99167125545747,11.548055124561689,34.77846586216263,0.13697189197205661,0.048081916675233004,1.3083008994833072,0.16437775907460708,4.663585361681487,114
1024,-73.852792,40.691467,25.01187708186007,13.918992842750987,21.068651100684857,0.1286794399393016,0.4917065302530924,1.1495628576169068,0.18623587728916913,7.221932520811585,116
1025,-73.862886,40.741898,17.465192741817898,14.988313449753653,26.52064065138499,0.20285977257622614,0.0327905019124349,0.9520358509487576,0.15106002489725748,6.734239061673482,96
1026,-73.835567,40.688359,19.415685865614147,12.167425053094023,27.604108215660176,0.11399723722943267,0.2106348673502604,0.7259502205797421,0.13217686752264643,7.740320868816855,93
1027,-73.846796,40.676978,16.5032943089803,16.3541868880943,27.60429161566275,0.051610558121292685,0.03288586934407552,0.9459786944919162,0.20303637893111617,7.313408233501292,72
1028,-73.856956,40.681901,19.927484744063044,12.151526216405944,27.461965210341223,0.10706880753656785,0.26550233549789476,0.9649154924529362,0.1323699951171875,8.36672649205288,107
1029,-73.841675,40.682293,28.482753242659047,6.94844195404528,25.43194048872618,0.2039371621200229,0.32742342844930394,1.121386115053361,0.1600259561033635,6.121773289000133,107
1030,-73.846135,40.697941,18.616845561008827,23.523881388645545,20.226616952933515,0.06626166549383426,0.050558763391831345,0.935219315921559,0.09719998228783701,8.263697811201508,68
1031,-73.734832,40.762241,10.066273195523742,32.3536845809179,21.399500014934134,0.061248887515237146,0.02578573024019282,0.7164272010749114,0.09385508002964316,3.4154939313306873,47
1032,-73.897372,40.696961,20.683531281809326,14.484399462503099,23.992287166534908,0.10479114673755788,0.13637239970858134,0.7824034917922247,0.12571294471700356,5.548348502507285,63
1033,-73.888457,40.748804,33.90302721659343,9.076945940653484,17.292749404907223,0.4284912745157877,0.5161485671997071,0.8111473719278972,0.15411822001139322,9.038365681966145,100
1034,-73.913964,40.761762,25.99451508786943,6.371969315740796,26.400934987597992,0.22264685895707872,0.2431703938378228,0.8673141400019327,0.15117194917466906,8.339334858788385,96
1035,-73.904798,40.711388,21.78422281981776,11.743776634256674,24.68773296901158,0.10731005794787533,0.19135449929212137,0.9938169408727575,0.1542164535118789,7.576987856910343,126
1036,-73.775643,40.675014,13.676573866504734,28.263246137543586,21.458715234099135,0.12162310928948182,0.006559339620299258,0.8788292017360192,0.1617587892349157,4.713810635151836,59
1037,-73.893318,40.728558,21.256168910435264,11.389600360204303,26.303595891074526,0.05504032922169519,0.2835300990513393,1.1649071224152097,0.18655080643911212,6.3370311071002305,105
1038,-73.766653,40.744743,9.37181454078824,27.69786844066545,23.491582683488435,0.05593767353132659,0.06983139935661764,0.711523317823223,0.17354067634133732,3.6760577968522616,68
1039,-73.904888,40.698699,25.723439171200706,7.348264617360991,24.853580949944014,0.15846084762405563,0.3734392997546073,0.9395012488731971,0.11623578193860178,6.793495848938659,91
1040,-73.94163,40.760862,24.72063827514648,5.892661624484592,30.077772352430554,0.05318450927734375,0.074005126953125,0.9357113308376738,0.11523649427625869,6.321025000678168,75
1041,-73.902147,40.699101,26.608788088008016,8.726346176282494,22.29077386996739,0.16038270123237003,0.2918361562543211,0.7707367956110861,0.12690169973007698,5.925906864942703,113
1042,-73.957177,40.744368,34.90739191992808,4.558128152189956,22.211832649963725,0.19839766335352665,0.22955910634186308,1.0728141008797338,0.12359807720292086,6.844568252563477,118
1043,-73.817338,40.786201,12.882226858383572,19.277001649905475,28.306537102430298,0.07561231270814553,0.024927579439603366,0.9559337909405048,0.17815125294220752,4.4806593503707495,104
1044,-73.769119,40.673483,12.205002648489817,28.08878762381417,20.699986049107142,0.1278731936500186,0.024550301688058034,0.8167453039260137,0.12667746770949592,6.372988110496884,70
1045,-73.911885,40.703942,25.796102866148335,8.938911022284092,21.752417698884624,0.15414922665327024,0.2740554320506561,0.8483052253723145,0.12798767823439378,6.78775524481749,104
1046,-73.8122,40.703897,21.46041461047584,5.685916673921492,31.36690420697826,0.2206058157198805,0.17463575653943597,0.899623407565962,0.13199838248950257,7.653208050000884,129
1047,-73.875053,40.736886,18.885819117228195,11.378076100590254,26.7644723256429,0.13029984753541274,0.05113572785348603,0.9670902984310882,0.16095421530983664,6.075541178385417,132
1048,-73.906117,40.771154,18.561377918421154,12.786386004485536,26.832898799663806,0.10787013611058606,0.14260746672162017,0.6925159030490451,0.1087051993202565,5.777952064322742,93
1049,-73.915039,40.773126,27.77706913112365,11.893337289082636,19.980432897089276,0.12919632429929123,0.30917400346998497,0.7538802025654061,0.10931336183318567,7.341517615564091,97
1050,-73.803001,40.709461,16.674975514010548,14.505188553421586,27.60817916304977,0.10825905334267152,0.09457751958057134,0.9136787568679964,0.15269995538473932,5.756838634760693,99
1051,-73.871674,40.711559,18.993764453464085,11.952931351131863,28.88887679135358,0.11531865155255352,0.05917284223768446,1.1172457977577492,0.21698298277678316,7.88509139308223,72
1052,-73.896437,40.704105,27.968863034859684,10.34627052453848,21.455903542347446,0.07794484114035583,0.3046378111227964,0.8065569095122508,0.1354700479751978,8.175285962911753,104
1053,-73.879641,40.745963,31.69036657631803,8.722645247063669,18.995484851655505,0.2759560435807624,0.5907863175787894,0.6470352614007029,0.1453312075867945,6.827221435754477,98
1054,-73.839517,40.696653,28.426998829154815,17.626750616379724,16.602446316691584,0.08783458191671488,0.1963140542615098,1.0721367573051295,0.15167267724810313,7.523046501379445,81
1055,-73.883995,40.703503,20.925854098412298,14.87551487474886,22.667232978301232,0.10583631453975555,0.15179828930926578,1.0097951444673707,0.22560379411157314,7.39886957257452,93
1056,-73.868773,40.755983,21.8609867398701,8.637984745086186,27.89253355964782,0.14648770529126365,0.15590062217106898,0.8854181804354229,0.14933298504541787,6.396661788698226,105
1057,-73.903057,40.705609,28.929797934476657,10.300134224866433,20.519691043429905,0.1312717558845641,0.26646972333312663,0.7335211234117941,0.12442119537837922,6.907792318434942,126
1058,-73.738703,40.771258,11.911766152632865,23.284759856106945,26.437478316457646,0.13247038188733554,0.03870913856907895,1.3866934859961793,0.1341635720771656,3.9352391895494963,38
1059,-73.783283,40.711295,21.78316803665848,7.796554450874214,30.39955620293145,0.2103321545116894,0.06227579202737894,0.8805452524362742,0.12040295758404888,7.43577630670221,111
1060,-73.808128,40.675369,16.7084861219975,13.990920468380576,29.45256986116108,0.12966875444378767,0.05269719843278852,0.9179270058347467,0.16491245805171498,7.531805624041641,76
1061,-73.860031,40.694232,25.35072407981222,21.358695880387177,16.92804772724477,0.17897361932798875,0.1563242239545482,1.4015375181686047,0.14877688977145412,7.663995166157568,86
1062,-73.749998,40.768906,8.026235981991416,37.55316734313964,18.320831499601667,0.14641410426089638,0.06797188206722862,1.2929113287674756,0.18063595420435855,4.058504104614258,38
1063,-73.827722,40.711502,17.531500825094522,25.16289953062658,17.651129498029704,0.21036830517130164,0.012109039026662844,0.6345629327523234,0.08962613726974628,6.489743515621267,109
1064,-73.821545,40.679694,18.30159603021084,17.057479467147434,23.957672119140625,0.12957059420072115,0.08975395789513221,0.7128622593023838,0.19522544665214345,7.5617780440892925,65
1065,-73.8434,40.715543,9.2568090467742,41.4996168830178,12.481039220636541,0.09441664724638969,0.020686062899502842,0.417151234366677,0.02589948249585701,4.302408839717056,88
1066,-73.878243,40.733033,18.062737223866222,16.48003819224599,24.96131994785407,0.12206053122495995,0.018624945001287776,0.8101550650683953,0.1358884594815991,6.057639698405843,91
1067,-73.764621,40.608002,12.441107667522665,18.89412491409867,29.16858461168077,0.09898432978877315,0.014891447844328705,1.1225865211015864,0.1694408463843075,3.8192030824260943,27
1068,-73.780961,40.595911,18.147804720181945,9.696546513983543,34.71927710458742,0.05523871022758755,0.0015096461519281915,1.437988687068858,0.24041723697743514,2.475618132462738,47
1069,-73.766846,40.594738,20.542321953119018,5.63363047207103,33.49104441848456,0.1381518794041054,0.4991896012250115,1.1159326515945733,0.19419427011527265,2.220033664329379,68
1070,-73.799476,40.755364,13.243065850209382,27.744641277076163,19.833384799418475,0.042592064808991,0.0012672553628177965,0.8578155000331038,0.18183390299479169,6.387810249113094,59
1071,-73.831025,40.679083,17.970775201068662,11.727826188250285,30.020549433018136,0.07065679968857183,0.1539067524235423,0.7909546053506495,0.18760479562650847,7.322554472016125,82
1072,-73.746375,40.720074,15.056266902405538,14.858743290842316,31.039679491961444,0.030020725579909334,0.008731418185763888,0.7450633578830294,0.13779181021231193,5.8015529020333,54
1073,-73.866372,40.745995,25.69886571992704,10.667755157966923,24.322548532873636,0.2126205258253144,0.16095076150041285,1.0026451048812246,0.14808391167865537,8.546165269887869,123
1074,-73.939181,40.758342,19.130916844785606,6.453571755901661,33.01595768897362,0.1345952351888021,0.1060186647901348,0.9030220555324181,0.11202307308421415,6.796077030156951,102
1075,-73.933562,40.757293,22.759858357537652,12.236321832715852,24.09727712677107,0.1201859044864825,0.28968758599455,0.7103641418247288,0.130708766557097,6.441500096796305,97
1076,-73.861493,40.705476,15.161172334138335,18.348485356694585,26.286668176049584,0.09621113270252675,0.028551806200731982,0.9227787052188909,0.17691603651991836,4.87753750683667,111
1077,-73.854364,40.577552,12.36611751087925,14.72259543792546,31.37198554144965,0.06962380214044225,0.011337012575383772,0.9759495829978184,0.19990854095994381,2.836738831815664,57
1078,-73.709404,40.744201,10.570853364233878,26.74915650311638,22.675031774184284,0.06652158849379596,0.0110626220703125,0.8277631273456648,0.19036087335324753,4.634606604482614,17
1079,-73.781839,40.70084,17.525432456252922,12.057957689986269,32.78048221881573,0.12362390501886351,0.026059762025490787,1.2045990707527876,0.15364915896684694,4.8408834343282585,78
1080,-73.812968,40.710428,22.939162784152554,19.453977334378944,18.414142878368644,0.03906596790660511,0.04771839488636364,0.9934227875988895,0.11462201975812816,8.612872615005031,66
1081,-73.765237,40.703182,14.692861475843062,18.020900766900247,28.16179559585896,0.15020099937493073,0.12832398110247673,0.8652477399677249,0.14155536678665917,4.000640760922263,94
1082,-73.875073,40.705187,19.088833808898926,18.053867975870766,23.81499926249186,0.05639839172363281,0.016498565673828125,0.9899810155232749,0.13500531514485678,7.09236780802409,100
1083,-73.828674,40.745215,16.935536218067956,12.121763380746991,30.842286972772506,0.061115688747829855,0.12284960065569196,1.047867971753317,0.1380030314127604,6.552135225326295,105
1084,-73.81533,40.683585,20.285182529025608,11.558685227045936,28.832644507998513,0.10306948707217262,0.07295835585821242,0.9064171049329969,0.1318988345918201,6.126546859741211,84
1085,-73.915785,40.780507,18.614832860118938,16.70218473710354,23.1449951915621,0.07681636690343702,0.10779218853644605,0.6298527027825889,0.08926181673253857,6.372590035012684,106
1086,-73.795571,40.678913,16.689241978160123,17.033359878941585,26.19963947095369,0.12209791886179071,0.0782012939453125,0.8373256315264787,0.11714090380752296,4.757703396311978,76
1087,-73.811266,40.665669,9.441143254238346,11.783981002139726,37.52187671083392,0.04069684731839883,0.09797606805358271,0.8430981876874211,0.16345624570493344,5.229250268904048,99
1088,-73.918762,40.740452,24.994050800607425,8.286763163446224,25.46700011565076,0.21779020241549096,0.289033686073081,0.5874643048036445,0.12090800263735084,7.4781263530447255,103
1089,-73.92999,40.766008,22.570427169514055,6.970456655552324,27.280328514870632,0.12325294008862213,0.051549847206372894,0.988708453231983,0.11436162369974544,5.785532747761587,89
1090,-73.870931,40.765507,20.632862322258227,13.190975694945365,28.656031146193992,0.10677178700764975,0.03987442363392223,0.998225717833548,0.19859075546264648,7.488523107586484,88
1091,-73.885974,40.715005,16.74246861384465,16.892225314409302,26.261419638609272,0.06797497089092548,0.008574265700120192,0.7829304230518831,0.16634134145883414,7.138487987029246,65
1092,-73.839505,40.789926,15.633419156074524,17.258851726849876,28.39408665895462,0.06199181079864502,0.0007212162017822266,0.8682494362195332,0.19610673189163208,4.968264698982239,64
1093,-73.784009,40.760219,11.54675843580714,17.549467686587157,27.813155995974746,0.09296165322357754,0.05347773713885613,0.8177997181250615,0.10758915787223,5.567040533389684,106
1094,-73.794061,40.71715,11.029566931970338,26.332444915247127,23.760559960329243,0.109433636222918,0.01469641616663982,0.7395311729195192,0.12551697668750672,3.6264888199743943,97
1095,-73.7493,40.681948,14.374078038227127,13.883648148502212,32.565293829125096,0.1599782920745482,0.08726005094597139,1.1289527617305157,0.15530528792415757,4.699488337260173,83
1096,-73.717819,40.732458,9.494910843070896,30.495304896913726,22.45387756961516,0.08313409213362069,0.0030912201980064654,0.5999877535063645,0.14896063969053072,2.53755251566569,58
1097,-73.754747,40.707535,17.30363975716321,14.491023812242734,28.58698957709856,0.10893729425245716,0.0812257062577005,0.9592603184416302,0.16688069989604332,6.014077381421161,93
1098,-73.757591,40.720864,12.914287165591592,15.765150304426227,29.28536666067023,0.18063662344949286,0.12359418367084704,0.8164021006801673,0.10524649369089227,6.192838099964878,95
1099,-73.752694,40.69894,18.39181008162322,13.966918433154072,30.219814512464737,0.12056297726101345,0.04355907440185547,0.9565379884507921,0.20436666629932543,6.00664527327926,72
1100,-73.839377,40.678112,20.084552462138827,15.865648663233197,26.374520801362536,0.1309143550812252,0.11110033307756696,1.2601322597927516,0.1634410070994544,6.9827606564476365,105
1101,-73.734342,40.659876,14.911689977536255,21.48686441881903,27.813798531718636,0.0049459523168103444,0.0003420073410560345,0.710601368169675,0.13503589849362427,4.389347427192775,29
1102,-73.862561,40.728012,21.145745479699336,8.791708384298715,27.53956727307252,0.20437979136251838,0.20112124356356534,0.7402859954320222,0.1309603553027015,6.855538878778015,99
1103,-73.781255,40.687486,15.253805013803337,19.591754522079075,25.86620184091421,0.09558555407401842,0.019496037409855768,0.8043372325408154,0.12192261524689504,5.601440820938502,65
1104,-73.904508,40.775766,18.491729554675874,11.59789857410249,27.92132059733073,0.08666568332248263,0.10151817685081846,0.7291488041953434,0.13342478918650794,6.148896898542132,105
1105,-73.855715,40.755393,17.54930747879876,15.458509988254974,27.55962544017368,0.10178950097825794,0.02371867497762044,0.8466843101713392,0.13140075736575654,6.693748301929898,96
1106,-73.852398,40.71489,12.176840312619458,29.9589221266067,18.63624648581222,0.060183557166236606,0.030773057850129015,0.5605671383918972,0.08071876082580752,5.079470934853276,109
1107,-73.887523,40.754389,18.939831816119913,16.77855473977548,21.822476681367853,0.1892375357357072,0.2166112263997396,0.6913347008787556,0.12781296247317467,7.8857192286738655,108
1108,-73.834896,40.660531,15.754645910018528,14.40499085646409,31.255083328638317,0.06077497433393429,0.006326528695913462,1.0856251838879707,0.17019516382461938,6.5998718066093245,65
1109,-73.74014,40.698028,13.301683266957602,17.228802839914955,29.758864243825276,0.08839766184488933,0.019893646240234375,0.8550198872884115,0.18394549687703451,4.103597005208334,40
1110,-73.878638,40.757629,21.523789605733867,15.7583797100893,21.702529146908894,0.18615231071550822,0.04743792347072326,0.5788786714429298,0.10098624475223501,7.72134970963206,97
1111,-73.874505,40.755759,22.604196019633164,14.53868652058539,20.876502990722656,0.19362678408994108,0.08777131172726829,0.6643723104601709,0.12426316923812915,7.182925215391356,107
1112,-73.923375,40.745887,31.754553679263953,5.209111806118127,23.40282346263076,0.29712590304287995,0.18647584048184482,0.7033774347016306,0.10575886928673946,8.126409848531088,88
1113,-73.908146,40.758027,18.86225922902425,16.907164255777996,22.765843391418457,0.14342721303304037,0.14760398864746094,0.6844577789306641,0.11376476287841797,7.864607175191242,100
1114,-73.900584,40.753094,19.28921847205775,6.888737015211051,32.61727560849327,0.09953055794783465,0.012975978100393701,0.9080143425408311,0.13604527070453476,6.746950424875175,127
1115,-73.904463,40.716296,20.86311099173009,12.917742235907193,25.965580264270532,0.10063785246048851,0.08159944380836925,1.0623102443885073,0.12396085307972643,8.176420657570793,87
1116,-73.80775,40.726473,13.205320821643548,22.96418416298042,22.482302498682746,0.10062179996468927,0.0532861483299126,0.845489394193315,0.1471182720809333,5.140815077528441,118
1117,-73.810067,40.679105,17.60362729634324,14.492178616458423,28.830445955877433,0.11027523371726954,0.05658293423587329,0.7817333691740689,0.1272053479059646,5.698066868194162,73
1118,-73.743327,40.672259,12.502915931470467,19.69926357269287,27.78491323644465,0.04551482923103101,0.05807009610262784,0.6900744004683061,0.13354474847966974,2.8695727839614404,44
1119,-73.852879,40.732348,20.381060063513253,18.676294524812956,20.13264874942967,0.11287777801680435,0.021482686527439804,0.6492023259564175,0.1098283653050824,8.294738446428475,122
1120,-73.771878,40.756562,14.311076299240598,21.74186401715561,22.563721817922374,0.06764033069349315,0.02324875086954195,0.7045959228794324,0.12609446974105487,6.722666248338951,73
1121,-73.783973,40.770108,11.901080071389138,23.337744807337856,25.989422927031647,0.0409633189708263,0.03516996229017103,0.7558487557076119,0.16085908219620987,3.5905335400555587,74
1122,-73.799685,40.688373,15.72300362702153,15.538889659199743,28.15368578629793,0.12207584104676178,0.006601084833559783,0.9499568294211862,0.19056716402947613,4.636047658137077,69
1123,-73.82108,40.690439,21.34914300380609,8.769883375901442,30.085050142728367,0.13785093258588743,0.0623771471854968,0.9874255840594952,0.1532755142603165,7.171326172657502,65
1124,-73.776576,40.748405,12.131146710328382,26.759543563380387,21.628416427458177,0.006195993134469697,0.0,0.42189781111900254,0.12031709304963699,3.3231359539609966,33
1125,-73.808765,40.741107,13.225529159324754,23.845911717069324,23.83840118629345,0.04699633317293177,0.039882936339447464,0.9353821980204559,0.10358653782646436,5.36212276145456,69
1126,-73.823569,40.721514,9.530203015196559,27.44375708835577,22.58233213736341,0.032170613606770836,0.03156101002412684,0.4901483947155522,0.14701544069776348,6.2779725766649435,102
1127,-73.816966,40.729746,11.448596023612005,19.63098172059993,25.572430063359104,0.1150894820485328,0.03221387306029854,0.4749258768927191,0.1169394791331078,6.75321887039237,97
1128,-73.926249,40.757497,27.52428132344068,10.258325716344322,20.793449200265776,0.1313232794040587,0.4288456304286553,0.6490951631127334,0.0842889149983724,6.661724462741759,82
1129,-73.855543,40.708431,17.70573611283184,18.553576303358696,27.207163435902764,0.12829386772801035,0.08998415363368703,0.7809619998457421,0.14530105970392182,5.232287164944322,67
1130,-73.77843,40.782331,9.048417557117553,21.86667013537976,25.0020049339117,0.02498257067776466,0.004861521166424418,0.37830818531125093,0.13403042342311655,5.532233289969984,86
1131,-73.752565,40.600659,23.642669049611534,7.251973899014025,30.14735371233469,0.2347356344322603,0.17484105734461283,1.2052999442839718,0.21640440546365144,5.806260702600442,83
1132,-73.929093,40.770926,22.642961262927507,7.644313847253081,28.041799936090403,0.09709512786398605,0.1001655508618836,0.9575668824922053,0.1520813058275695,7.4428085887104,109
1133,-73.713245,40.741409,10.766633351643879,26.02985276116265,24.657621383666992,0.07404327392578125,0.0022125244140625,0.6569629245334202,0.12752532958984375,3.5112783643934464,30
1134,-73.795651,40.734097,13.10902988843325,19.842896757826292,25.494717204638118,0.15731261948407707,0.09037276445809057,0.9252623649640271,0.17114251346911413,4.760008881994559,59
1135,-73.861462,40.720583,12.648735192543704,26.143292540334652,21.83491315878214,0.04015005411316152,0.0,0.5961852968880957,0.10866917869597102,4.691035172034954,87
1136,-73.85221,40.731016,22.315089836027788,18.35991564748351,20.10963885453496,0.10451597598927445,0.020033193620742094,0.6063547157603169,0.11377311390971906,8.060181517960672,137
1137,-73.729226,40.684987,9.182331959406534,23.829779360029434,28.03965409596761,0.0774224599202474,0.002018610636393229,0.5608571900261773,0.13346804512871635,3.057171901067098,48
1138,-73.787419,40.7434,6.7421967955841415,26.64130455689412,24.78170906446903,0.07283148637676604,0.01856047531654095,0.6409283342032596,0.16423075591924088,2.71475452116166,87
1139,-73.777314,40.724061,7.032877721904236,32.66803011482144,20.693742493052543,0.0733775857054157,0.0,0.7744047376844619,0.06442011138539255,2.5776103690818504,54
1140,-73.752948,40.655674,13.758867437189275,15.392338145862926,33.338624780828304,0.1152154171105587,0.06842179731889204,0.8491154873009883,0.14330835053415011,5.640402707186613,22
1141,-73.803183,40.70675,21.322073618570958,11.613097508748375,24.867052396138504,0.1801433563232422,0.193023681640625,0.7818724314371746,0.14233652750651044,8.010086695353191,100
1142,-73.805866,40.58922,22.521851554749503,7.951233878968254,31.05742843062789,0.07498907664465526,0.008755638485863096,0.6922817734814194,0.14613873113400092,4.013124597135675,63
1143,-73.799158,40.778334,8.884865572663392,21.449478305115992,27.74656191975081,0.04709983358577806,0.011152150679607781,0.46493439447312135,0.14904988866274047,3.5318514116767314,98
1144,-73.818607,40.774906,10.512428366260611,25.28561307238294,23.18270918610808,0.1091796082335633,0.02211285875989245,0.6919765885258135,0.1448003760663978,5.923954439369631,77
1145,-73.721594,40.749556,6.376584867636361,25.031129022439323,26.72017067670822,0.06052553653717041,0.009071826934814453,0.6852457920710247,0.1097207268079122,5.629782875378926,64
1146,-73.753985,40.736063,8.650298485389122,21.182847634339947,28.41917673746745,0.08201696933844149,0.037736159104567304,0.5957892002203526,0.1491419474283854,3.2245499048477564,65
1147,-73.818399,40.759963,20.68888576710282,17.68042246500651,20.68603119412482,0.1406895365691991,0.014938133350317028,0.8612135182256284,0.09146059192897042,7.261044967577654,69
1148,-73.8517,40.723478,24.49662353053237,12.668982419100674,21.22100136496804,0.12092070146040483,0.18084612759676846,0.48467780604506994,0.09186426798502605,6.565180980797971,110
1149,-73.708617,40.734266,13.779881179973643,26.133334252142138,22.080528095204347,0.03861458070816532,0.00831850113407258,0.578277341781124,0.14667716077578963,4.6715900462160835,31
1150,-73.752885,40.705989,16.14421743470189,11.637307698852918,31.527932782039464,0.10265546424366603,0.1432222740672459,0.9754997918910325,0.19530685519875027,5.7087832893537955,107
1151,-73.808987,40.792053,13.296785751978556,17.386282285054524,28.540340264638267,0.06553888320922852,0.07181882858276367,0.9552443027496338,0.13907512029012045,6.13898754119873,80
1152,-73.80699,40.783231,12.344798501932397,21.040111217858655,26.18362078876615,0.07530188410537049,0.05914640126738159,0.8729505838838013,0.155396431497058,5.446940548015091,106
1153,-73.735618,40.652641,11.644334419100892,21.927341760373587,26.38081101810231,0.07091410019818474,0.02431308521943934,0.5058541017420152,0.13716828589345895,3.9606402902042164,34
1154,-73.837379,40.722792,15.383091205503883,24.3042674491076,19.8049401849266,0.051732567267689274,0.030491991740901295,0.8109274918470926,0.1672275667268086,7.752586380252993,82
1155,-73.744128,40.599664,15.847899573189872,17.144827161516464,27.943356377737864,0.1264190673828125,0.11468614850725446,1.1070065271286738,0.14718691507975262,4.3341141655331565,70
1156,-73.926081,40.739831,24.396686613374033,8.15278347407546,26.65193623100114,0.12112317426925136,0.08080919212270006,0.5967455118244682,0.12164665531146565,7.698698132951683,107
1157,-73.805759,40.73107,14.19696705315703,20.151345447827413,23.0817504253866,0.07712183032839101,0.016257583454091062,0.44415996920677925,0.13107928751190076,6.332417286425081,93
1158,-73.813011,40.736541,13.00386294983981,21.468525183828252,23.119594758017026,0.1011095548930921,0.04181359943590666,0.5186909123470909,0.060626916718064694,7.57902839727569,76
1159,-73.845992,40.670905,12.47814195650118,16.58116045656863,31.390895786228125,0.10947780208186703,0.10341953586887669,0.9802692287319057,0.14414572500967765,5.60222430988117,111
1160,-73.759822,40.753606,8.166249593098959,23.215664199918333,27.721911982486123,0.07896088717276589,0.0009704054447642544,0.6714898940415411,0.14410576625177038,3.354284498426649,57
1161,-73.932628,40.756471,26.647693594706432,8.944576630477643,22.99281444746194,0.12964399409867644,0.3920197896531357,0.7487896791438466,0.14450165004664678,6.457202622980596,97
1162,-73.756374,40.738008,9.70014425424429,23.970060470776676,23.50728022746551,0.1088875990647536,0.019953801081730768,0.7308892714671599,0.14691841907990283,5.172582773061899,52
1163,-73.861004,40.73404,24.10611337794489,13.048539144215566,22.120639954731143,0.14606412950452868,0.0683124248798077,0.6080568055093507,0.09518123808361235,4.664410601605426,91
1164,-73.843881,40.657736,12.832807394174429,16.775534214117584,31.394367218017578,0.06971505972055289,0.03199063814603365,1.0644022623697915,0.23440825633513623,4.979263207851312,65
1165,-73.727632,40.744276,6.560673229936241,25.86934946585393,27.900046887605086,0.027147928873697918,0.0,0.6974227186562357,0.10629667752030966,2.547928906869197,46
1166,-73.795845,40.783777,11.351936279781283,25.047984653049046,24.266455514090403,0.06040785047743055,0.009634835379464286,0.7006769331674726,0.13721375238327752,4.391869136265346,105
1167,-73.847633,40.68476,19.584811718715223,13.087027297060715,26.880281127755794,0.11732231857430221,0.033823649088541664,1.0191721793932793,0.15183092861773284,6.149554728103159,117
1168,-73.863408,40.741139,18.60893803461157,13.490448690483671,26.703621766748206,0.20928083866736286,0.02096383878500155,0.9312727270346665,0.15637961157871158,6.62075678507487,101
1169,-73.884458,40.753035,25.981320675064183,17.991027892010766,14.5567054268699,0.24870626581539898,0.03353694699845224,0.5749867397284358,0.11711180584985506,7.315809621750935,106
1170,-73.74539,40.747457,9.123207092285158,28.423280080159508,21.830422719319664,0.0098114013671875,0.0,0.4463221232096355,0.11198933919270834,4.1741371154785165,25
1171,-73.827606,40.770215,13.507575170435135,23.360646439857607,20.00127861602078,0.10783003501766192,0.001873356280940594,0.5972770967892688,0.1614366034076552,5.151755581594537,101
1172,-73.794501,40.737188,14.190771959830021,14.693380438763162,29.916972699372664,0.11855726656706436,0.6182712057362432,0.9204836859219315,0.1424744509268498,3.9586260698843696,92
1173,-73.811461,40.710384,20.487616139073527,20.602663101688513,20.25348601802703,0.053585216563235054,0.019165777391003024,0.9204551737795593,0.12340955836798556,7.377016416160009,62
1174,-73.823841,40.737448,9.500805875088306,25.725110371907547,21.565733564660903,0.057313797321725396,0.0037984645113031913,0.6060715262771499,0.12194721411305963,6.1135542308185125,47
1175,-73.852621,40.736314,16.44631544748942,15.048486921522352,28.06091176138984,0.07274786631266277,0.012583732604980469,0.5490215619405111,0.05991935729980469,5.509128305647109,120
1176,-73.731518,40.758808,11.115870283636854,27.681341276064025,22.15479756449605,0.07836338364597642,0.032626141558636676,0.6532421042194296,0.1448306408557263,5.3349243415581,91
1177,-73.879991,40.750442,31.54641178482813,11.108408582971453,16.899656742177115,0.2797891062202183,0.582738294669077,0.7438977559407551,0.18825733915288398,8.14020684424867,94
1178,-73.78953,40.673898,12.94011363276729,15.943547130032421,30.06171794852825,0.08715812606040878,0.05225557269472064,1.254490810612637,0.1511313698508523,3.777603830151285,99
1179,-73.721594,40.749556,6.376584867636361,25.031129022439323,26.72017067670822,0.06052553653717041,0.009071826934814453,0.6852457920710247,0.1097207268079122,5.629782875378926,64
1180,-73.81673,40.675021,15.082433488633898,14.366140090879588,28.741455078125,0.08354422486858604,0.09895057835206081,0.6741421703448512,0.13169575130007397,6.395306999300733,81
1181,-73.874614,40.757567,20.799014591934657,13.224691132901135,24.513225744266325,0.13936612472282384,0.06287389069107106,0.6550530789315504,0.11421556126559922,6.789218474536052,101
1182,-73.874947,40.756931,20.87639312297977,14.260857565361158,22.92351220783435,0.16939793413842633,0.0625872472573442,0.6522198169552096,0.11250289560061448,6.634769383926837,114
1183,-73.897108,40.734682,17.504843616176963,14.069987732229881,27.591609646201523,0.09973087742876467,0.03299157596328883,1.0028126170334306,0.15765038894603942,4.805345442688581,103
1184,-73.892883,40.752618,18.477543846505586,14.74413220348254,24.291580752596833,0.1029288182493116,0.027276648849737448,0.5379794073886559,0.09644435403125533,8.002798935103286,122
1185,-73.850622,40.665408,8.931116087246783,29.64687910051824,19.820811966527526,0.10823331399653162,0.018735902499308628,0.40338623136897356,0.07381833056784662,4.5642599595331514,113
1186,-73.855543,40.708431,17.70573611283184,18.553576303358696,27.207163435902764,0.12829386772801035,0.08998415363368703,0.7809619998457421,0.14530105970392182,5.232287164944322,67
1187,-73.923044,40.766898,28.036261644690207,9.618291825148917,19.842714089842225,0.2167992874097973,0.31118779167579347,0.7155014347064531,0.10098846530617211,7.41278092809184,107
1188,-73.923044,40.766898,28.036261644690207,9.618291825148917,19.842714089842225,0.2167992874097973,0.31118779167579347,0.7155014347064531,0.10098846530617211,7.41278092809184,107
1189,-73.874129,40.740824,23.777598337410325,14.469914654501123,21.539683123819188,0.13211879854887917,0.06731631709080116,0.9127342623043683,0.155741872351154,6.616261114482008,102
1190,-73.821402,40.74943,16.483876012986705,15.382198108139859,26.648395804948702,0.13495722124653478,0.044306888375231016,0.8013433025729272,0.09392974197223622,6.727453970140027,62
1191,-73.779653,40.712743,18.933861001023974,12.487162123991832,28.295329936499733,0.14753866349994943,0.057938955362560676,0.947347350876694,0.1332107099514563,7.144547743318921,103
1192,-73.903838,40.699431,26.4002000442659,8.01895443437878,23.13803631047207,0.1513612792146728,0.3772684219308975,0.8827781035041167,0.10829758563828387,6.6146282234577205,99
1193,-73.826811,40.764892,20.78409166307421,14.129645545203406,22.103527573135878,0.16925399367873734,0.16964405506580799,0.8404880672603756,0.12014377582538592,7.191030256025067,111
1194,-73.826811,40.764892,20.78409166307421,14.129645545203406,22.103527573135878,0.16925399367873734,0.16964405506580799,0.8404880672603756,0.12014377582538592,7.191030256025067,111
1195,-73.832005,40.769752,15.295603905601062,11.542670754180559,29.824960094758836,0.05100074855760596,0.03340490933122306,0.8350090048779016,0.17827461505758352,5.182278293302689,116
1196,-73.74633,40.698786,14.290325528099425,15.949355988275435,29.545112337384904,0.1606673286074684,0.0257110595703125,0.818861552647182,0.17760458446684338,3.7220546177455356,70
1197,-73.826192,40.754483,27.198541786776016,11.820905754365116,19.35599989680401,0.2408276600052554,0.17724554222750377,0.5303179882616403,0.07635216157599146,8.78831411461275,83
1198,-73.757744,40.66903,12.773775270847088,16.949792423158744,31.68866108280952,0.0527332646186363,0.10922391649702905,0.971266249535789,0.20129960467557953,5.7852570439728215,71
1199,-73.80938,40.724195,13.83960550481623,23.886310115005028,22.441693508263793,0.08623469959605824,0.04279916936700994,0.7231862617261483,0.11366497386585582,5.81559556903261,110
1200,-73.759396,40.664809,9.792363274957715,19.53685242695497,31.80666363116392,0.08141363609287747,0.04576653549351643,1.0220458827067895,0.17959719261352955,4.9979216454365,97
1201,-73.80938,40.724195,13.83960550481623,23.886310115005028,22.441693508263793,0.08623469959605824,0.04279916936700994,0.7231862617261483,0.11366497386585582,5.81559556903261,110
1202,-73.748799,40.607247,17.127395811535063,14.072958628336588,30.404830735827247,0.06787209283737909,0.07990201314290366,1.3688060972425673,0.22109198191809276,5.964008588639516,84
1203,-73.847886,40.6972,24.726111268343992,19.170056957088104,18.2877131248718,0.08268748244194135,0.2315804294255226,0.9988715115203162,0.1327096599422089,8.750295421304223,73
1204,-73.80938,40.724195,13.83960550481623,23.886310115005028,22.441693508263793,0.08623469959605824,0.04279916936700994,0.7231862617261483,0.11366497386585582,5.81559556903261,110
1205,-73.932628,40.756471,26.647693594706432,8.944576630477643,22.99281444746194,0.12964399409867644,0.3920197896531357,0.7487896791438466,0.14450165004664678,6.457202622980596,97
1206,-73.752885,40.705989,16.14421743470189,11.637307698852918,31.527932782039464,0.10265546424366603,0.1432222740672459,0.9754997918910325,0.19530685519875027,5.7087832893537955,107
1207,-73.763995,40.601537,24.61659042923539,11.179522761592159,27.740607085051362,0.17401236074942128,0.49517666852032693,1.157485114203559,0.1420628582989728,3.4763159575285734,45
1208,-73.782684,40.673949,11.674178136538153,16.76823690057345,31.794750091692087,0.04922440062919164,0.02662972228167808,0.945690015679625,0.21433895581389126,5.2554822947880995,73
1209,-73.825317,40.586012,18.908028130058767,4.315243111000405,36.047860738393425,0.09464401382583755,0.17296559101826436,0.6219322616989549,0.16514803912188555,2.643228651167036,37
1210,-73.818399,40.759963,20.68888576710282,17.68042246500651,20.68603119412482,0.1406895365691991,0.014938133350317028,0.8612135182256284,0.09146059192897042,7.261044967577654,69
1211,-73.937004,40.744175,28.89100392659505,4.1111748306839555,26.15375059622306,0.19723433035391347,0.08280436197916667,1.0294165434660734,0.11638464751066983,7.917305628458659,90
1212,-73.757744,40.66903,12.773775270847088,16.949792423158744,31.68866108280952,0.0527332646186363,0.10922391649702905,0.971266249535789,0.20129960467557953,5.7852570439728215,71
1213,-73.728415,40.746128,6.741106699383447,25.073659987676713,29.37951390705412,0.03189813523065476,0.009591238839285714,0.7943251776316809,0.09521227034311446,2.7492894066704645,42
1214,-73.937004,40.744175,28.89100392659505,4.1111748306839555,26.15375059622306,0.19723433035391347,0.08280436197916667,1.0294165434660734,0.11638464751066983,7.917305628458659,90
1215,-73.78521,40.707648,22.645138312077176,7.560452516528143,29.67514335245326,0.17430816871532498,0.27897599814594654,1.08215256013732,0.12064083762790846,7.185998170272164,92
1216,-73.736232,40.67507,10.349608416581036,20.441666883022627,28.954314473849625,0.11430000191304221,0.07621423522038247,0.8501043367148631,0.15780605486969448,3.7534820499704846,134
1217,-73.757744,40.66903,12.773775270847088,16.949792423158744,31.68866108280952,0.0527332646186363,0.10922391649702905,0.971266249535789,0.20129960467557953,5.7852570439728215,71
1218,-73.844335,40.693613,34.3826025844099,11.907056632290882,17.402787189407043,0.1820368939135448,0.41324546538203594,1.0056763767717354,0.18111922176008724,8.684996332988202,83
1219,-73.921346,40.73668,24.173460508647718,15.411877213862907,24.263497960497762,0.10066116065309759,0.2979931078459087,0.7255727087545115,0.11632846809967218,6.716534129360266,114
1220,-73.874109,40.753345,23.915031599620033,13.452136705792137,20.53853292313833,0.18112129635281032,0.10060015178862072,0.6004166981530569,0.1550943132430788,6.477631462944878,84
1221,-73.821402,40.74943,16.483876012986705,15.382198108139859,26.648395804948702,0.13495722124653478,0.044306888375231016,0.8013433025729272,0.09392974197223622,6.727453970140027,62
1222,-73.763995,40.601537,24.61659042923539,11.179522761592159,27.740607085051362,0.17401236074942128,0.49517666852032693,1.157485114203559,0.1420628582989728,3.4763159575285734,45
1223,-73.757744,40.66903,12.773775270847088,16.949792423158744,31.68866108280952,0.0527332646186363,0.10922391649702905,0.971266249535789,0.20129960467557953,5.7852570439728215,71
1224,-73.786403,40.69691,16.137504014997003,13.630936490399293,31.02961177319552,0.2473493592928996,0.09787567948873065,1.085375895542381,0.18133062176999792,5.674134313532736,113
1225,-73.789365,40.764884,11.346116546512574,20.832303512928096,25.410040774086646,0.10722256446069524,0.0617470852164335,0.6432400193325308,0.12408116067102712,6.028665128604386,86
1226,-73.92383,40.770769,27.502915508858194,7.588985060278234,23.42162662082248,0.1502655740279878,0.09439529911164314,0.9164225670599169,0.11001333968186462,7.824997919007442,93
1227,-73.786403,40.69691,16.137504014997003,13.630936490399293,31.02961177319552,0.2473493592928996,0.09787567948873065,1.085375895542381,0.18133062176999792,5.674134313532736,113
1228,-73.743327,40.672259,12.502915931470467,19.69926357269287,27.78491323644465,0.04551482923103101,0.05807009610262784,0.6900744004683061,0.13354474847966974,2.8695727839614404,44
1229,-73.908307,40.71303,21.326556396484378,14.051629384358725,23.8974609375,0.08877970377604168,0.20853271484375,0.8839111328125,0.15566024780273438,6.681342569986978,125
1230,-73.959183,40.742964,38.54305277842792,3.285902984871352,22.867433427122343,0.19731863142701875,0.2217001166225465,0.9435506563212919,0.14394098076938597,5.50358774905034,121
1231,-73.871505,40.743228,22.8785769144694,13.315098251121633,23.6367750858915,0.07012989210045856,0.09761644446331522,1.001951521721439,0.13893597367881,8.213480797366818,115
1232,-73.77843,40.782331,9.048417557117553,21.86667013537976,25.0020049339117,0.02498257067776466,0.004861521166424418,0.37830818531125093,0.13403042342311655,5.532233289969984,86
1233,-73.731398,40.720617,17.435912675755002,9.98784803575085,33.72106244487147,0.09414406232936406,0.06195191414125504,0.8947141708866242,0.1899180873747795,6.5119220364478325,62
1234,-73.871505,40.743228,22.8785769144694,13.315098251121633,23.6367750858915,0.07012989210045856,0.09761644446331522,1.001951521721439,0.13893597367881,8.213480797366818,115
1235,-73.81673,40.675021,15.082433488633898,14.366140090879588,28.741455078125,0.08354422486858604,0.09895057835206081,0.6741421703448512,0.13169575130007397,6.395306999300733,81
1236,-73.888325,40.710973,17.159020028463228,14.63752296881947,30.48607663410466,0.08345193010035569,0.05634276847529218,1.126853818815898,0.2217502128787157,2.6325962407802175,41
1237,-73.937004,40.744175,28.89100392659505,4.1111748306839555,26.15375059622306,0.19723433035391347,0.08280436197916667,1.0294165434660734,0.11638464751066983,7.917305628458659,90
1238,-73.922544,40.768034,29.0933256563933,9.228236778922703,19.6840258612149,0.19984832708386405,0.21387943323107733,0.7558788078418677,0.12578687806060349,7.636553308238154,92
1239,-73.959183,40.742964,38.54305277842792,3.285902984871352,22.867433427122343,0.19731863142701875,0.2217001166225465,0.9435506563212919,0.14394098076938597,5.50358774905034,121
1240,-73.763995,40.601537,24.61659042923539,11.179522761592159,27.740607085051362,0.17401236074942128,0.49517666852032693,1.157485114203559,0.1420628582989728,3.4763159575285734,45
1241,-73.844032,40.725787,17.93515682220459,21.896260796171244,20.957926909128823,0.16332792513298267,0.001339478926225142,0.6926742467013273,0.1260815244732481,7.1737769878271855,88
1242,-73.939984,40.760376,20.940317471822098,8.8378849029541,29.61832745869954,0.17415237426757812,0.12034225463867188,1.0261596043904624,0.1340694427490234,6.00083827972412,100
1243,-73.91499,40.706837,23.542728050082335,9.629053976021561,25.15351688160616,0.18105226404526653,0.07756401510799632,0.6771573833390777,0.13407538918887868,6.226452472163181,85
1244,-73.848577,40.691482,16.653535532396894,20.242620808209562,23.41733311497888,0.1055373701938363,0.024374141249545785,0.7903117542118988,0.133408317270205,7.141912815182708,86
1245,-73.865787,40.749175,30.975420210096573,7.510948416627483,22.598725071659796,0.2737608073670187,0.5090157779646508,1.0494552423924577,0.20702362060546875,7.684089754834588,135
1246,-73.845992,40.670905,12.47814195650118,16.58116045656863,31.390895786228125,0.10947780208186703,0.10341953586887669,0.9802692287319057,0.14414572500967765,5.60222430988117,111
1247,-73.763995,40.601537,24.61659042923539,11.179522761592159,27.740607085051362,0.17401236074942128,0.49517666852032693,1.157485114203559,0.1420628582989728,3.4763159575285734,45
1248,-73.798658,40.714551,16.036023033989803,22.536263506636658,23.16757715665377,0.05073425097343249,0.004514058430989583,0.7054251483362963,0.09771045456584702,4.761559331518972,78
1249,-73.865239,40.74592,26.25231283682364,9.829402028778453,25.18732377040533,0.18113265802830827,0.14424783212167244,1.0870114079228155,0.15325758192274305,7.487324608696832,135
1250,-73.790975,40.693559,19.32458747811869,15.69435742436623,26.656098268469986,0.16904558454241073,0.04357318488919005,0.8797275776765783,0.14310304810400723,5.4283200478067215,49
1251,-73.74633,40.698786,14.290325528099425,15.949355988275435,29.545112337384904,0.1606673286074684,0.0257110595703125,0.818861552647182,0.17760458446684338,3.7220546177455356,70
1252,-73.81673,40.675021,15.082433488633898,14.366140090879588,28.741455078125,0.08354422486858604,0.09895057835206081,0.6741421703448512,0.13169575130007397,6.395306999300733,81
1253,-73.739726,40.733888,9.823849038838485,28.164100646972656,21.79666505492289,0.08648185319797967,0.006128126575100807,0.5501401894408743,0.09796525415126568,4.183559007542108,93
1254,-73.850123,40.683112,18.599611976460213,11.484573375923555,28.465699420427327,0.13008088511429067,0.2308486798487672,1.0934482656123077,0.1255971576095721,6.471083871450627,109
1255,-73.83277,40.579977,26.269342218126575,4.892466181800479,34.56905171984718,0.16010148184640066,0.06720679146902901,1.0336262839181083,0.27744315919421975,3.521699564797538,56
1256,-73.83109,40.580907,18.31461624665694,4.158124417969675,38.834442153121486,0.10062961867361357,0.05697337063876065,0.878862901167436,0.2621610959370931,3.198484218481816,88
1257,-73.749891,40.604019,24.680232618707254,11.038688291986304,27.10863787486371,0.23047971916964732,0.21158854166666669,1.2547366590384978,0.20355622931177833,6.793749859055361,83
1258,-73.782684,40.673949,11.674178136538153,16.76823690057345,31.794750091692087,0.04922440062919164,0.02662972228167808,0.945690015679625,0.21433895581389126,5.2554822947880995,73
1259,-73.93562,40.753503,30.378545390235054,6.029863622453477,22.459411886003284,0.1151095496283637,0.1723639170328776,0.7749462127685547,0.14694001939561635,6.955809593200684,120
1260,-73.825162,40.584543,22.059424531226064,3.996556225944967,33.06419559553558,0.08391062418619791,0.12545866124770222,0.6006154827043121,0.1117403366986443,3.3417193094889326,85
1261,-73.825317,40.586012,18.908028130058767,4.315243111000405,36.047860738393425,0.09464401382583755,0.17296559101826436,0.6219322616989549,0.16514803912188555,2.643228651167036,37
1262,-73.798658,40.714551,16.036023033989803,22.536263506636658,23.16757715665377,0.05073425097343249,0.004514058430989583,0.7054251483362963,0.09771045456584702,4.761559331518972,78
1263,-73.771196,40.711857,18.874741872151695,10.376472791035969,31.301365852355957,0.11808141072591144,0.17898178100585938,0.9535916646321616,0.13128725687662757,6.078735033671062,100
1264,-73.778924,40.69172,10.844878355662027,21.215172277556523,28.794765141275192,0.1087417205174764,0.07589856783548991,0.8058554596371121,0.14737413989173043,4.610161648856269,96
1265,-73.798658,40.714551,16.036023033989803,22.536263506636658,23.16757715665377,0.05073425097343249,0.004514058430989583,0.7054251483362963,0.09771045456584702,4.761559331518972,78
1266,-73.872244,40.761573,14.964264014671588,10.848026166017029,32.01569031024801,0.16180454999551006,0.15642231908337823,0.9120897315014368,0.13410469581340922,6.219926921800636,116
1267,-73.859202,40.757888,18.323485056559242,9.996785160793069,30.727144815389387,0.07087127290497319,0.16448382035042475,0.7771387069356479,0.11854387795655087,7.330150665974539,103
1268,-73.883878,40.701694,21.54084998609382,12.670076111734133,24.46783750485151,0.1058732196961567,0.17711443778796077,0.9088799193665221,0.2271358783428486,7.485604548192285,91
1269,-73.775643,40.675014,13.676573866504734,28.263246137543586,21.458715234099135,0.12162310928948182,0.006559339620299258,0.8788292017360192,0.1617587892349157,4.713810635151836,59
1270,-73.786649,40.594008,23.09791597969088,8.914038835665881,29.83717402338465,0.2121087276574337,0.02230854777546672,0.9360272130924903,0.1615780256527327,3.872622039927032,77
1271,-73.829409,40.693013,17.883068156019544,14.48605795887029,26.4331122425115,0.07973430312682535,0.07236159850503797,1.0124126327372045,0.12362946602414329,6.546846728458583,107
1272,-73.820221,40.702178,18.365606871790856,7.666678398660142,32.71602264740182,0.10250109546589402,0.15734126732784248,1.198401541080115,0.15364472971022505,6.808796768668313,106
1273,-73.857176,40.671903,9.00074263217032,12.568359878590398,38.15404715711134,0.09217403902865873,0.01967024094987624,0.8563904085568469,0.1423108695757271,4.291588559795921,101
1274,-73.738793,40.655811,11.808758690243675,23.3254269191197,25.430131639753068,0.03560747419084821,0.048991612025669644,1.109177725655692,0.13309478759765625,3.0361502511160716,35
1275,-73.799532,40.708204,23.108643176508885,10.641917995378083,24.490146699294545,0.2897873423457925,0.2036013634376277,1.0094069187937218,0.16929402070886948,6.641868828168882,102
1276,-73.752772,40.681881,12.99167125545747,11.548055124561689,34.77846586216263,0.13697189197205661,0.048081916675233004,1.3083008994833072,0.16437775907460708,4.663585361681487,114
1277,-73.764065,40.600137,26.776045525980276,9.058991928546751,27.438746000591077,0.1442937125936586,0.43897405702468245,1.2946061920701415,0.16839880692331413,3.3731639036658208,57
1278,-73.763609,40.68943,17.583389741828643,12.329728919339468,31.424943318807454,0.10835042440268888,0.1857420526833898,1.2498468759069479,0.21552350147660956,6.003533022470743,83
1279,-73.778613,40.680016,11.333457714340595,13.675886926685184,36.290033401981475,0.11498782797099015,0.05477577127436156,0.9359127304459987,0.17870421050697244,4.672410411219444,93
1280,-73.922604,40.74258,29.948536824371857,6.191202206800213,24.002800149432684,0.2862491176626777,0.25038476717674124,0.8476769183315127,0.12846828180517855,7.617758896391271,118
1281,-73.8839,40.7888,,,,,,,,,0
1282,-73.797981,40.708698,24.505914052327476,9.627652486165365,23.906102816263832,0.3380460739135742,0.20900344848632812,0.9816487630208335,0.15898768107096353,6.586661020914713,100
1283,-73.798658,40.714551,16.036023033989803,22.536263506636658,23.16757715665377,0.05073425097343249,0.004514058430989583,0.7054251483362963,0.09771045456584702,4.761559331518972,78
1284,-73.825317,40.586012,18.908028130058767,4.315243111000405,36.047860738393425,0.09464401382583755,0.17296559101826436,0.6219322616989549,0.16514803912188555,2.643228651167036,37
1285,-73.774668,40.679843,15.62101689596025,17.69628373403398,28.4185182480585,0.1795511397104415,0.07450239998953682,1.1169569832938058,0.22863319941929408,5.896228078811888,84
1286,-73.759396,40.664809,9.792363274957715,19.53685242695497,31.80666363116392,0.08141363609287747,0.04576653549351643,1.0220458827067895,0.17959719261352955,4.9979216454365,97
1287,-73.759396,40.664809,9.792363274957715,19.53685242695497,31.80666363116392,0.08141363609287747,0.04576653549351643,1.0220458827067895,0.17959719261352955,4.9979216454365,97
1288,-73.797981,40.708698,24.505914052327476,9.627652486165365,23.906102816263832,0.3380460739135742,0.20900344848632812,0.9816487630208335,0.15898768107096353,6.586661020914713,100
1289,-73.902197,40.756181,18.42408150247058,10.492742886333346,31.76563940707992,0.10139057471317314,0.041151946445681015,0.9306568769538929,0.11915290880503145,6.721088121522148,106
1290,-73.756259,40.702329,15.342409844491998,19.56644619212431,26.768188476562493,0.046175788430606615,0.010142606847426471,0.7979306987687652,0.16933104571174176,4.564669739966299,85
1291,-73.90643,40.747701,26.744974921731387,12.313997979257623,21.921099120495363,0.1499037649117264,0.2674686207490809,0.8902415107278263,0.11936636532054228,6.281017602658739,85
1292,-73.758587,40.599467,26.213649726424375,8.130703789013971,29.908747191822858,0.16174287241897817,0.2509157956557901,1.3468258242359221,0.18054979656814435,3.6311610393932465,109
1293,-73.915929,40.749753,16.186494266285617,23.342359954235597,22.852461945776845,0.12449376723345588,0.028269150677849266,0.673996794457529,0.12282278023514093,7.037915996476716,85
1294,-73.807561,40.713084,17.015723387400307,16.66202881397345,27.0773511666518,0.0830534176948743,0.11477837195763221,1.0758369396894407,0.1639861326951247,5.360061388749343,104
1295,-73.825317,40.586012,18.908028130058767,4.315243111000405,36.047860738393425,0.09464401382583755,0.17296559101826436,0.6219322616989549,0.16514803912188555,2.643228651167036,37
1296,-73.799756,40.675626,16.71177546183268,14.041277508676789,29.492169250676664,0.10868355079933449,0.1184822600564839,1.1202485473067672,0.15567673577202695,5.372989324875819,108
1297,-73.749891,40.604019,24.680232618707254,11.038688291986304,27.10863787486371,0.23047971916964732,0.21158854166666669,1.2547366590384978,0.20355622931177833,6.793749859055361,83
1298,-73.770314,40.754954,13.049928788785582,21.397791085419833,24.341019436165137,0.06510593273021556,0.0257571538289388,0.7291047661392777,0.132178818738019,5.933855198047779,72
1299,-73.83685,40.668083,11.042876066984954,16.062023374769424,34.22445827060275,0.06787971214011863,0.06596459282769097,0.9183731785526983,0.14516547874168112,4.293270464296695,90
1300,-73.843504,40.785129,24.119130020621434,10.84426244099935,26.768692184544207,0.12985235490139177,0.12866356087930547,1.3847743940053499,0.1553781377444477,6.073660520637561,106
1301,-73.87786,40.737387,19.199526558319725,10.896889865398407,26.90325329701106,0.13211121161778766,0.0863984227180481,0.8348926901817322,0.13239706556002298,6.288728366295496,128
1302,-73.791304,40.706724,24.858405624610793,6.7084329715673485,26.928772442582726,0.2894892208818077,0.24360988451086957,0.8586379065029862,0.10862281357032666,7.009105405945708,92
1303,-73.960836,40.738864,18.42869989799731,3.9620869087450434,36.01819240685665,0.10804985508774266,0.41190060702237213,0.731486262697162,0.1765973640210701,8.994869752363725,44
1304,-73.883528,40.73793,17.905652856314056,8.205015326058993,32.483606441046604,0.07960083664104503,0.0730194584015877,0.8783814214891003,0.11615117390950519,5.894839994369016,155
1305,-73.856042,40.671281,9.399673050525141,13.003916522256688,37.23694265278336,0.09914472991344976,0.03882015452665441,0.9171295789332171,0.14661589479134754,3.9875572802973727,102
1306,-73.858853,40.729413,25.00466362749644,11.787082251313208,21.20459782991478,0.17299377660957174,0.07446343950230441,0.508894565865862,0.12698962534074304,6.04289464241595,139
1307,-73.799776,40.706074,30.741665784050436,7.758605059455423,19.695997051164216,0.3830924688601027,0.364834654564951,0.6804155835918351,0.1230482961617264,8.952398861155793,85
1308,-73.874094,40.76836,14.9355771806505,15.418756626270435,30.523767471313477,0.15304141574435765,0.043402777777777776,0.8624306431523074,0.14354705810546878,6.1198707863136566,90
1309,-73.764954,40.749673,9.439945220947264,26.517973694146843,25.890732279010848,0.10894326602711397,0.0010883106904871324,0.5405206306307924,0.12097639196059283,2.4709154577816235,68
1310,-73.896705,40.752773,22.439549042541646,10.045715313994858,27.150867227685087,0.12249957866984339,0.0995094894517398,0.7814754549211362,0.09801517423444887,7.1259225795736825,141
1311,-73.782684,40.673949,11.674178136538153,16.76823690057345,31.794750091692087,0.04922440062919164,0.02662972228167808,0.945690015679625,0.21433895581389126,5.2554822947880995,73
1312,-73.826154,40.785787,11.950629476516966,22.40975054483565,26.865614785088432,0.08951595851353236,0.003719329833984375,1.0185188717312283,0.13356284489707343,3.6976674246409584,84
1313,-73.881555,40.741153,23.548669815063477,14.22326017309118,22.095631140249747,0.23731726187246815,0.1529608832465278,0.7096604947690611,0.09823551884403936,8.051901216860172,90
1314,-73.757271,40.752343,9.2239529195458,21.169045958856138,26.57040971698183,0.1761147470185251,0.0005606449011600379,0.4965088584206321,0.08909581887601603,4.439941078725487,66
1315,-73.763472,40.688263,18.06086792058243,13.991940898812693,30.13772840623732,0.10010194984865395,0.09462430879667208,1.0811731412813261,0.18220876718496348,5.862609648601317,77
1316,-73.936592,40.751838,34.03280286169152,6.984703895680808,18.86193017539738,0.1732152463005274,0.10809508509605935,0.9600521383545434,0.17144485089763906,6.725141137401012,159
1317,-73.858255,40.750857,32.666656494140625,6.262994978162977,22.295559777153862,0.15739271375868055,0.21999952528211802,0.8034409417046441,0.1049406263563368,8.56162558661567,75
1318,-73.858714,40.759436,14.370234533288015,10.238751597788141,34.15806375700851,0.04891033830313847,0.17486111871127424,0.7301431962813454,0.07972799498459389,5.705873993621475,116
1319,-73.813926,40.683802,19.556565023172755,11.66806241128012,29.52849190949388,0.10267088684854628,0.07492982888523536,0.8480816450803089,0.1321925392633752,6.045566832465964,79
1320,-73.875053,40.736886,18.885819117228195,11.378076100590254,26.7644723256429,0.13029984753541274,0.05113572785348603,0.9670902984310882,0.16095421530983664,6.075541178385417,132
1321,-73.823841,40.737448,9.500805875088306,25.725110371907547,21.565733564660903,0.057313797321725396,0.0037984645113031913,0.6060715262771499,0.12194721411305963,6.1135542308185125,47
1322,-73.915929,40.749753,16.186494266285617,23.342359954235597,22.852461945776845,0.12449376723345588,0.028269150677849266,0.673996794457529,0.12282278023514093,7.037915996476716,85
1323,-73.795049,40.740875,10.297747864120307,20.809602737426758,28.475804986624883,0.08869171142578126,0.21038548699740706,0.7647311550447311,0.12503793869895496,3.8942109579327466,116
1324,-73.739726,40.733888,9.823849038838485,28.164100646972656,21.79666505492289,0.08648185319797967,0.006128126575100807,0.5501401894408743,0.09796525415126568,4.183559007542108,93
1325,-73.843972,40.730017,8.611995472627527,25.226238101136452,27.42193521237841,0.03112344180836397,2.692727481617647e-05,0.7794226852117799,0.09453717400045956,4.490912942325368,85
1326,-73.911165,40.757072,17.855860922071667,17.201144695281982,23.20793999565972,0.14818032582600912,0.14141241709391275,0.7201104693942599,0.09464873207939996,7.831315729353163,120
1327,-73.933907,40.765881,20.494097883596357,12.584494944638426,26.01311221812506,0.11720177512498771,0.10685051012339082,0.7040971480075667,0.10716180381534984,6.511372740163743,106
1328,-73.874129,40.740824,23.777598337410325,14.469914654501123,21.539683123819188,0.13211879854887917,0.06731631709080116,0.9127342623043683,0.155741872351154,6.616261114482008,102
1329,-73.826811,40.764892,20.78409166307421,14.129645545203406,22.103527573135878,0.16925399367873734,0.16964405506580799,0.8404880672603756,0.12014377582538592,7.191030256025067,111
1330,-73.833815,40.695171,20.978121997014576,17.022558760969606,23.31164721484598,0.0820003143728596,0.00872154758401113,0.8659872290206282,0.1107255073442851,8.972262900713915,73
1331,-73.838616,40.680065,25.957542770923315,9.8757570675072,25.748829983760345,0.15867486555724933,0.22391445914581218,1.2597838714516905,0.17363695594353404,6.641096668191719,123
1332,-73.909202,40.711881,21.566611951817578,14.963905146864596,22.925002457665617,0.07515943766943094,0.2236871771473702,0.7457790478982561,0.15308088292189634,6.621351137838728,122
1333,-73.74633,40.698786,14.290325528099425,15.949355988275435,29.545112337384904,0.1606673286074684,0.0257110595703125,0.818861552647182,0.17760458446684338,3.7220546177455356,70
1334,-73.781041,40.771398,10.544026065880145,29.336208916605923,20.841774918104,0.09747357435629402,0.040975758727167695,0.5029570888465559,0.1294919582599765,3.8602645408379637,71
1335,-73.74633,40.698786,14.290325528099425,15.949355988275435,29.545112337384904,0.1606673286074684,0.0257110595703125,0.818861552647182,0.17760458446684338,3.7220546177455356,70
1336,-73.820821,40.738599,11.774566438463,17.347375792686385,28.813992124615293,0.07573908025568182,0.01348437684955019,0.7477529121167732,0.2575758731726444,6.350152179448291,66
1337,-73.925182,40.756099,24.053835198582412,9.468469275049415,24.60016763832674,0.12950667415756778,0.2744950443865305,0.6282787246397701,0.11509202091569404,6.689316010379407,83
1338,-73.946488,40.748502,32.97897078033186,5.133713344563106,22.33357280068248,0.2026802454239283,0.42784112131493723,0.8726573737598214,0.14164536087601273,7.818619817750067,117
1339,-73.803001,40.709461,16.674975514010548,14.505188553421586,27.60817916304977,0.10825905334267152,0.09457751958057134,0.9136787568679964,0.15269995538473932,5.756838634760693,99
1340,-73.933316,40.743253,33.685084876664185,2.2506083917180337,23.208491590774024,0.16954112854937167,0.12675060773843652,0.9807134622463028,0.15805008214548094,7.038918474763177,109
1341,-73.821532,40.737038,12.897616419298895,24.267147327291553,20.614879432765914,0.02844580288591056,0.006261365167025862,0.7698738712003861,0.25584122230266704,8.305452061795641,29
1342,-73.933316,40.743253,33.685084876664185,2.2506083917180337,23.208491590774024,0.16954112854937167,0.12675060773843652,0.9807134622463028,0.15805008214548094,7.038918474763177,109
1343,-73.828279,40.765624,21.866571201997647,12.057017033396205,23.575316846760273,0.15650044858845233,0.10902554381127451,0.7126340679093903,0.11713271047554764,6.750977896397409,102
1344,-73.853412,40.737673,18.47920047638079,13.703382831730254,27.53678805207553,0.06218958118734838,0.10240763834078018,0.5911136871059192,0.0799039727476634,6.085650126139323,146
1345,-73.936592,40.751838,34.03280286169152,6.984703895680808,18.86193017539738,0.1732152463005274,0.10809508509605935,0.9600521383545434,0.17144485089763906,6.725141137401012,159
1346,-73.936442,40.742217,29.57310694433777,2.788565846418173,26.503049657585915,0.10307683480366338,0.0640611970022823,0.9027952558538886,0.1306348079152768,7.3938387610046155,89
1347,-73.728834,40.744197,7.041104634602864,25.93100586829827,28.832630804407664,0.009456433747944078,0.0,0.5889887001082215,0.08189050774825246,1.6236294082730833,57
1348,-73.936596,40.751839,34.03280286169152,6.984703895680808,18.86193017539738,0.1732152463005274,0.10809508509605935,0.9600521383545434,0.17144485089763906,6.725141137401012,159
1349,-73.926977,40.754975,27.40836583945646,7.37386075368368,23.64796060156152,0.12377160620019141,0.3590503370905497,0.7892233300879298,0.10434690728245011,6.240802979373548,83
1350,-73.887909,40.729104,18.870189283911046,10.892061349738883,32.51274136232219,0.02082462379154766,0.041842716996387766,0.8743556169626105,0.190680172281026,4.597291980593008,93
1351,-73.927995,40.741658,26.35124131004409,5.132131293268487,28.81735307548699,0.12508020936065775,0.1250748587126779,0.7282999875915326,0.12748296504760337,7.074036613942766,101
1352,-73.929577,40.743309,30.768961428052787,2.784927763213618,27.382277516485416,0.1785929534813347,0.28335608324958284,0.825161301202373,0.13763958582214553,6.386100435719906,103
1353,-73.799692,40.716071,16.119020462036133,19.523262659708656,25.70965417226155,0.05548095703125,0.032268524169921875,0.6829150517781577,0.10702864329020184,5.506832758585613,100
1354,-73.841475,40.689177,21.246983549741476,12.915424853081069,26.58279073276952,0.08379680053315888,0.03766920960065231,1.1344360302181307,0.12474584733784007,6.675675463136346,103
1355,-73.811408,40.72528,14.63302559322781,17.605271604326038,26.71599335140652,0.11531352996826172,0.05801836649576823,0.7708671357896593,0.17396344078911677,5.631978511810303,120
1356,-73.805923,40.718027,18.381188226782758,15.167427408522455,27.192117165828098,0.09256584056909534,0.02556261808975883,0.8560937383900518,0.1343277917392012,6.363643079564191,92
1357,-73.855543,40.708431,17.70573611283184,18.553576303358696,27.207163435902764,0.12829386772801035,0.08998415363368703,0.7809619998457421,0.14530105970392182,5.232287164944322,67
1358,-73.798364,40.700884,20.873953845049886,7.226118311151728,32.17459927808057,0.1659182814864425,0.036525726318359375,0.5603081471211201,0.12054228567862296,6.607610685331327,74
1359,-73.783438,40.685838,13.370484065234175,19.750682319082866,27.601207174905916,0.10794197640767912,0.014672628263147866,0.7453658716465399,0.13583346111018482,4.911321546973251,82
1360,-73.753009,40.676318,15.655647421107046,11.851258345053232,34.9917814765178,0.06979105058410358,0.16905018981073944,1.0565851775693222,0.20017937315461778,3.3083790344811383,71
1361,-73.884817,40.749934,33.30792926606678,10.768013559418282,15.403392638042295,0.5505767934051625,0.23865367903377546,0.7336710835551168,0.15598129440139938,8.450442443400513,91
1362,-73.924175,40.755714,23.346314193509148,8.945371411370894,25.538609552045237,0.11938243893021387,0.24683526221742022,0.645530308392031,0.12045988799832391,7.049409717532759,94
1363,-73.867882,40.735613,25.345265983354928,10.284650443804146,23.77515956513559,0.17775072909817838,0.14931329406133972,0.7334485699241312,0.17036463167801152,7.079052689051864,101
1364,-73.871505,40.743228,22.8785769144694,13.315098251121633,23.6367750858915,0.07012989210045856,0.09761644446331522,1.001951521721439,0.13893597367881,8.213480797366818,115
1365,-73.800875,40.683473,15.314289375587746,20.552544871335307,24.788356458068527,0.05290319049169147,0.045873248387896824,0.7177322629898315,0.22588255544188163,6.382139902266245,63
1366,-73.819664,40.720586,11.244377990563711,25.085335473219548,22.473689417044323,0.06723850965499878,0.0522613525390625,0.37927453716595966,0.10060320297876994,6.246773153543472,128
1367,-73.728412,40.756481,9.394325113072641,29.843040251396072,19.970250913234946,0.055686520858549735,0.00046206192231514087,0.3391552419169968,0.12527609095327172,5.1438506220428035,71
1368,-73.804166,40.708409,16.613382580636564,11.857720809878058,29.327157630774256,0.1431571112738715,0.18986230609060703,0.8497665668356007,0.1416973684025907,5.703177762670993,87
1369,-73.826811,40.764892,20.78409166307421,14.129645545203406,22.103527573135878,0.16925399367873734,0.16964405506580799,0.8404880672603756,0.12014377582538592,7.191030256025067,111
1370,-73.807991,40.70283,26.85520856808393,7.737525548690404,24.64764864016802,0.2449952639066256,0.29177152193509615,0.858925061348157,0.14251293280185798,9.21081298436874,130
1371,-73.805044,40.702776,24.943210166177636,12.279403356858243,21.716455471368484,0.23998478312551239,0.1480031896520544,0.7315523830460913,0.12374365771258317,9.186037675833996,108
1372,-73.833164,40.769649,16.535398038790994,7.820149086921265,32.8792099404124,0.09448690048712896,0.03807608005219856,0.9851059027477703,0.175772022708679,5.040854620019243,113
1373,-73.805044,40.702776,24.943210166177636,12.279403356858243,21.716455471368484,0.23998478312551239,0.1480031896520544,0.7315523830460913,0.12374365771258317,9.186037675833996,108
1374,-73.708617,40.734266,13.779881179973643,26.133334252142138,22.080528095204347,0.03861458070816532,0.00831850113407258,0.578277341781124,0.14667716077578963,4.6715900462160835,31
1375,-73.782684,40.673949,11.674178136538153,16.76823690057345,31.794750091692087,0.04922440062919164,0.02662972228167808,0.945690015679625,0.21433895581389126,5.2554822947880995,73
1376,-73.825317,40.586012,18.908028130058767,4.315243111000405,36.047860738393425,0.09464401382583755,0.17296559101826436,0.6219322616989549,0.16514803912188555,2.643228651167036,37
1377,-73.800875,40.683473,15.314289375587746,20.552544871335307,24.788356458068527,0.05290319049169147,0.045873248387896824,0.7177322629898315,0.22588255544188163,6.382139902266245,63
1378,-73.875668,40.7596,19.59573459625244,14.451096852620445,25.176031748453774,0.12631670633951822,0.034420013427734375,0.5740140279134115,0.12145837148030601,5.75589688618978,100
1379,-73.708999,40.753379,15.700326314786585,18.63181494115814,27.01028033000667,0.11657466733358741,9.304139672256097e-06,0.8686189729023754,0.1902053026649041,3.963922485103452,41
1380,-74.24395,40.508638,15.236014603449146,23.21956750932434,23.435833084751184,0.21750759071027728,0.11790638238611356,1.0692891940264635,0.16260415735379072,4.219095919613547,71
1381,-74.099685,40.576728,16.50120854742301,17.998884066893787,28.252661410457133,0.05754709972883219,0.020396381343176607,0.9196077282640184,0.1321328889339342,3.484991347753309,109
1382,-74.21185,40.520812,10.455474957742327,25.149530400343934,26.65441804896287,0.04981515186080515,0.02295071961449795,1.1450850898450842,0.08480822453733351,3.5067792798652024,61
1383,-74.195281,40.552059,13.842142317030167,18.903555976019966,26.842065175374348,0.04316372341579861,0.008122762044270834,0.6815533108181423,0.11058892144097221,6.3086060418023004,75
1384,-74.187276,40.529389,6.472352595111125,35.92369727839053,19.873434577892027,0.049643423043045344,4.487879136029412e-05,0.7928499209335428,0.07544124827665441,2.658669465507557,51
1385,-74.230118,40.510207,7.705766677856444,24.78341356913249,27.58218320210775,0.057140350341796875,0.03565216064453125,0.729611078898112,0.16253407796223956,2.8629989624023433,50
1386,-74.186096,40.522971,6.314286318692294,38.22300265533756,19.590095558551827,0.02719994747277462,0.0,0.8308025321575125,0.05291640156447286,2.4226111595076745,33
1387,-74.152212,40.547567,14.110712094600146,20.633495355501147,27.816445310524752,0.07926175509455907,0.11410882943656453,1.1350418757466436,0.14020617339989128,3.292400397143318,103
1388,-74.090245,40.60265,11.983778300108732,23.53675586205942,26.006308308354132,0.041247297216344764,0.02014372083875868,0.9922601558544017,0.13888412051730686,3.925012659143519,72
1389,-74.079594,40.639638,21.93648086653815,19.130188226699833,20.982981390423245,0.18779171837700737,0.17844173643324113,0.9733849101596409,0.12744996282789442,5.291059613227844,96
1390,-74.098252,40.590887,12.45180444685297,24.491151173909504,23.201910654703777,0.06705197420987216,0.13391128694168244,0.9792475587992555,0.20626273620810973,4.618756458012745,99
1391,-74.180964,40.605658,5.180770199315078,27.91709770150736,27.638151207748724,0.0846084283322704,0.014176660654496173,0.770336592278513,0.14893668038504465,1.9941459707662363,49
1392,-74.068963,40.613322,17.476837809492903,10.529785621456984,31.54402593287026,0.061101835917651164,0.043610828678782396,1.224990007353992,0.19537181389041064,4.734579334414102,82
1393,-74.079594,40.639638,21.93648086653815,19.130188226699833,20.982981390423245,0.18779171837700737,0.17844173643324113,0.9733849101596409,0.12744996282789442,5.291059613227844,96
1394,-74.116817,40.636521,18.53883100880517,15.668037202623156,26.37821700837877,0.10208355055914985,0.06305376688639323,1.3497945335176258,0.20521250036027697,5.04041314125061,96
1395,-74.126851,40.630563,19.65804528937769,14.94740884770792,26.949891589936755,0.06859188988095238,0.004765344044518849,1.2006542670032965,0.18403643653506324,4.3580670836110595,63
1396,-74.132382,40.636729,21.76114883687761,14.944700731171503,25.02107686466641,0.11501643392774795,0.23561020692189535,0.8765521976682874,0.12802382310231528,3.900951478216383,96
1397,-74.144599,40.631165,13.961104594678437,16.617096453157377,30.823298081702234,0.08461107917156697,0.022531324817288305,1.20201179203594,0.15157371438959594,3.7018126484313743,93
1398,-74.150544,40.624847,14.120828206231705,10.71593918069436,34.384000272356396,0.15166136470154254,0.16868619153099337,1.3589682660253668,0.1833897147445493,5.3796990944521275,137
1399,-74.133216,40.570765,9.084102630615234,29.48400285508897,23.685533311631946,0.05197567409939236,0.004984537760416667,0.6735594007703992,0.14802381727430555,2.872589959038628,75
1400,-74.145558,40.54549,10.190325866252074,26.549385755490036,24.308690221318397,0.12012174277951868,0.029941181560139078,0.919076898595789,0.11449716030023038,3.091029981117109,91
1401,-74.218688,40.512019,6.763144100413603,16.16518076728372,37.69716655506807,0.21349682527429917,0.005811803481158088,0.5160471972297219,0.1900785109576057,0.3442792331471163,34
1402,-74.190093,40.591546,12.011509471469457,21.53210507498847,27.29920248190562,0.11953314145406087,0.05002617835998535,1.171027289496528,0.1610683070288764,3.477302855915493,96
1403,-74.117818,40.628291,13.954728841781616,26.454616917504207,21.38723101880815,0.12123650974697536,0.056133667627970375,1.190154088868035,0.11307696501413979,3.9978676372104225,96
1404,-74.080695,40.620443,16.208779578115426,18.561194457259834,25.699119006886207,0.24240998660816865,0.011915319106158088,1.063233263352338,0.14827578675513173,4.467962769901051,68
1405,-74.116197,40.614039,11.569895689514858,25.447246946137525,24.009107538566738,0.034698398633934986,0.03828289865077227,0.9882744244688771,0.15523479359360032,3.6933621227512874,87
1406,-74.13308,40.618097,16.659326874152597,28.115428259613317,18.42706458648775,0.0989062341345924,0.009197270104644495,1.2189243911603176,0.12414885588013069,3.5487174987792964,109
1407,-74.08542,40.64209,18.23236192975725,25.553580692836217,21.11098970685686,0.12202126639229911,0.09225845336914062,1.081289563860212,0.16268321446010048,4.5612998235793345,70
1408,-74.1554,40.5579,11.855011770170027,20.88098003439707,26.527820221365314,0.07336498939827697,0.017228845047624144,0.5817530906363709,0.1553896899637022,3.7839223260748875,73
1409,-74.2434,40.5083,14.900720616181692,24.26338146130244,23.18010926246643,0.23526549339294434,0.10215640068054199,1.040486494700114,0.14579544464747113,4.257480800151825,64
1410,-74.098994,40.613548,12.596915960311888,25.356855392456055,24.91878628730774,0.05411863327026367,0.041675567626953125,0.6475746631622314,0.08510073026021323,4.550540049870809,80
1411,-74.182548,40.543433,8.54029234717874,29.617580245522895,23.287781547097598,0.015356026443780636,0.0,0.6341611637788661,0.09676802392099418,2.103276813731474,68
1412,-74.151368,40.5641,9.220194349101945,28.20702783422533,22.22661473392661,0.051535812078737746,0.02304525936351103,0.42941274206622754,0.12080373327716504,4.486897412468405,51
1413,-74.099409,40.574799,12.821999132393831,23.12685495399567,25.649584728072444,0.032307728227362574,0.02068439161921122,0.844208207953886,0.1383861863469503,3.621192533807104,83
1414,-74.07061,40.597824,13.07172630772446,22.55291613665494,25.368850158922598,0.0831083817915483,0.034124200994318184,1.0039766629536948,0.1332633423082756,4.511728792479544,88
1415,-74.108492,40.573599,12.865182417857495,24.23492906465812,22.44090229147094,0.050716158709948576,0.028827522374406646,0.8437848795315384,0.1501373097866396,4.693176977745089,79
1416,-74.169038,40.552213,10.491026831923351,21.689408905943683,26.476547155487403,0.04210311375307233,0.017131848281688903,0.8099659551841935,0.11786128697770365,3.570541996187931,89
1417,-74.157303,40.631689,18.484186514829975,18.313482235639523,27.314194899338943,0.09670942257612179,0.09152045616736779,1.0783831278483071,0.1513006748297276,3.1554231888208633,65
1418,-74.107537,40.628419,14.354400385439003,21.24938279195549,24.781130809409945,0.08122063929738563,0.08367712980781505,1.1426339741625817,0.16022788153754342,4.32341207865796,102
1419,-74.080829,40.594455,12.518849372863771,17.142855326334637,29.065306981404625,0.046621958414713546,0.043625831604003906,1.0485657056172688,0.15234708786010742,4.194098711013794,80
1420,-74.159343,40.581958,11.692676090058827,20.888688223702566,27.549959818522137,0.059919811430431555,0.022370474679129466,0.674298604329427,0.13322648547944568,4.2420550755092075,70
1421,-74.091239,40.603492,12.858317856095795,21.113847259782318,27.517125545403896,0.034308637309278175,0.025587815504807692,1.0265452230078542,0.15899870130750868,4.1893779722034425,78
1422,-74.080695,40.620443,16.208779578115426,18.561194457259834,25.699119006886207,0.24240998660816865,0.011915319106158088,1.063233263352338,0.14827578675513173,4.467962769901051,68
1423,-74.124332,40.560954,9.85169391082638,22.87209436236095,26.947742038302952,0.10443165469071501,0.052850040388695986,0.6702890121397167,0.09375010988839859,3.527771200172204,81
1424,-74.145522,40.623077,11.631462017069337,14.099040494503312,32.639353544380405,0.12690226236979169,0.10319356843242496,1.2794291879248432,0.1799233003551253,4.224571718631454,127
1425,-74.089012,40.58255,9.43684498469035,15.044606924057007,31.93353335062663,0.04457632700602213,0.06566524505615234,0.6777616341908773,0.1495802402496338,4.173381328582764,80
1426,-74.13664,40.551926,10.074553666291413,23.206975371749316,25.256729479189268,0.04542668660481771,0.005654229058159722,0.9172213519061054,0.13529318350332753,3.606016370985243,90
1427,-74.137259,40.602779,13.175621219709807,19.24744821062275,27.428127737606275,0.028775720035328585,0.020644244025735295,0.809615733576756,0.10407672208898208,2.922686408547794,68
1428,-74.163037,40.536625,6.994424602849696,20.505141824241576,30.303893438199673,0.058460235595703125,0.001432837509527439,0.646955986333087,0.11006642163284427,2.747913298568105,82
1429,-74.213943,40.541856,8.293246665196111,25.413866210402105,26.75062536496168,0.03758257592630665,0.20569249203330592,0.6404865554898802,0.09278303001359194,2.8068414208484667,57
1430,-74.083799,40.611136,13.096718507654524,18.797768985523895,27.652214274686926,0.11852638394224878,0.11497721952550552,0.6429129955815334,0.16562368355545343,4.43235060747932,85
1431,-74.160867,40.582791,7.866066803425659,15.799340048989096,33.79001058501638,0.07888598319811699,0.001995380108173077,0.6682374975183508,0.15936806088402158,3.6331760141002394,91
1432,-74.083408,40.647898,14.791767483665831,24.348113650367374,22.491955075945175,0.05878312247140067,0.007411411830357143,0.7537165142240979,0.12615203857421872,5.756761460077196,70
1433,-74.162634,40.610604,11.277629327082979,14.459681510925293,31.571475319240403,0.06956293963003848,0.1506839973339136,0.7128639497618745,0.1950371092644291,4.619934938955999,92
1434,-74.097941,40.634497,12.164335866128244,30.82615739555769,16.645969370360017,0.06239593669932376,0.020079458913495465,0.8822225755260836,0.12148528970697875,4.040169972245412,62
1435,-74.217934,40.541563,9.940247308640252,25.746390428492628,25.57138210881955,0.061613415914868554,0.213623046875,0.5771041547179853,0.08425939650762648,3.5275212040653936,63
1436,-74.159343,40.581958,11.692676090058827,20.888688223702566,27.549959818522137,0.059919811430431555,0.022370474679129466,0.674298604329427,0.13322648547944568,4.2420550755092075,70
1437,-74.159343,40.581958,11.692676090058827,20.888688223702566,27.549959818522137,0.059919811430431555,0.022370474679129466,0.674298604329427,0.13322648547944568,4.2420550755092075,70
1438,-74.078337,40.633666,15.209921117414508,16.382832108882436,30.092514439633018,0.06231742992735746,0.06922069348787006,1.1141944349857797,0.1419455544990406,4.24056705675627,95
1439,-74.076955,40.643,19.579772476677423,12.464463173806132,27.034546877886797,0.1583982158351589,0.1397704218958949,0.9467118495219464,0.1572179364728498,5.838416932939409,148
1440,-74.180964,40.605658,5.180770199315078,27.91709770150736,27.638151207748724,0.0846084283322704,0.014176660654496173,0.770336592278513,0.14893668038504465,1.9941459707662363,49
1441,-74.142526,40.624781,15.063417342401321,15.09925216756841,30.220709821229338,0.3036017058998026,0.1098986594907699,1.3783757404614518,0.18822018818188738,3.984300039147818,124
1442,-74.157327,40.59148,10.795440953293125,16.73576194288093,29.69026355953007,0.12004768455421531,0.0022217467591002745,0.5532184363284827,0.12621338114197,5.001812889462425,91
1443,-74.180964,40.605658,5.180770199315078,27.91709770150736,27.638151207748724,0.0846084283322704,0.014176660654496173,0.770336592278513,0.14893668038504465,1.9941459707662363,49
1444,-74.158618,40.592132,9.897294619404676,16.40547860598733,30.8805506280128,0.1286100833973986,0.0035712059507978723,0.6464684263188788,0.157467524210612,4.843137281160829,94
1445,-74.125447,40.63324,21.586470673049707,9.167904784713967,30.315847903634037,0.044753586036571556,0.08601865906646286,1.1754588804383208,0.24574666783429575,5.578770844832711,69
1446,-74.079438,40.638993,22.856439920417372,18.449755157599466,20.867421355428572,0.16029374005925304,0.21702408287595598,0.8488610826967135,0.11388883309022285,5.916173347440954,79
1447,-74.197033,40.544535,9.131773924216246,20.40421809905615,29.031840960184734,0.07155858553372897,0.001038037813626803,0.6092389424641927,0.09406805038452148,3.471646859095647,104
1448,-74.105883,40.607637,8.117218017578125,28.7483278910319,26.28069178263346,0.00548553466796875,0.3653717041015625,0.5112139383951823,0.1320164998372396,1.3758926391601562,25
1449,-74.161318,40.608079,12.132684675623759,10.847372288326566,34.53258724807264,0.10966065404512329,0.302185314736492,0.8642015983160737,0.21984594331370844,6.024476149671083,139
1450,-74.079228,40.622415,14.849832202448988,19.912219408786658,24.848238265875615,0.1691420873006185,0.0650124116377397,0.9716763640895034,0.12288093566894531,5.198559255310983,88
1451,-74.105883,40.607637,8.117218017578125,28.7483278910319,26.28069178263346,0.00548553466796875,0.3653717041015625,0.5112139383951823,0.1320164998372396,1.3758926391601562,25
1452,-74.180964,40.605658,5.180770199315078,27.91709770150736,27.638151207748724,0.0846084283322704,0.014176660654496173,0.770336592278513,0.14893668038504465,1.9941459707662363,49
1453,-74.084382,40.618479,20.12563447157542,17.351288265652126,25.589011443985836,0.15900995996263292,0.08148352305094402,1.0851194461186726,0.14848907788594565,4.77112697230445,96
1454,-74.084382,40.618479,20.12563447157542,17.351288265652126,25.589011443985836,0.15900995996263292,0.08148352305094402,1.0851194461186726,0.14848907788594565,4.77112697230445,96
1455,-74.083179,40.575685,7.764127315619054,19.419869398459408,35.13014255425869,0.1098498319968199,0.010703160212590145,0.8435353254660581,0.11280927902612932,1.4499597060374723,52
1456,-74.095454,40.64118,15.000843320574079,30.080694016956144,18.0029296875,0.06053107125418527,0.1253237043108259,1.0558854965936568,0.10597728547595797,3.7449868520100917,70
1457,-74.105878,40.570909,12.3460561578924,10.800437927246094,33.68988383900035,0.059641057794744316,0.13126720081676135,1.1692867857037168,0.18606243711529355,3.262745828339548,55
1458,-74.141924,40.635562,21.21262243616651,17.096394544456437,25.981753053720933,0.1822744893748858,0.11695727967379387,1.1595040036920916,0.15140444214581047,4.052520216557017,57
1459,-74.082149,40.645436,16.53032463407677,28.518217260187324,18.20540283665513,0.05818472968207465,0.04074790261008523,0.8172446228438356,0.11482238769531249,8.20804461084231,99
1460,-74.193431,40.528152,7.896809895833334,30.922257105509438,24.03064854939779,0.048076629638671875,0.001132965087890625,0.3513971964518229,0.05978139241536458,2.459070841471354,50
1461,-74.130819,40.588985,0.3941853841145833,58.80839029947917,8.162164688110352,0.0,0.0,0.5205154418945312,0.0,0.9751319885253906,2
1462,-74.087072,40.61062,13.660448350034281,17.447675856868777,29.22320745687569,0.09748239432815957,0.16341082817685287,1.0305539696617465,0.1468171763912415,4.406302516790969,113
1463,-74.079263,40.64282,20.165374917043767,21.35219976935588,19.693987806078418,0.14528534222096906,0.10909541671824567,1.056388174424149,0.15086993365220622,6.92639194184066,142
1464,-74.117086,40.568299,12.373468028756724,27.570344414903133,21.27384318536891,0.09888938931755095,0.05307878766741071,0.6198652498014682,0.08886148641397665,3.191143077808422,91
1465,-74.108045,40.608374,11.098575592041016,20.665546492034313,30.060199662750843,0.004846909466911764,0.8294947007123161,0.6471577812643612,0.08595036525352329,0.7881314146752452,17
1466,-74.164427,40.62031,11.050867230704663,18.19883732313521,31.157043542754785,0.045628494091248244,0.0023938296885972613,0.6232047348879697,0.11699690800927552,4.47828099968728,89
1467,-74.105883,40.607637,8.117218017578125,28.7483278910319,26.28069178263346,0.00548553466796875,0.3653717041015625,0.5112139383951823,0.1320164998372396,1.3758926391601562,25
1468,-74.077564,40.638388,21.594823284066603,11.976877848307291,25.78445492368756,0.1851350198060403,0.25081551952279496,0.8922366352824421,0.1349560626141437,6.350162638214243,77
1469,-74.14837,40.554498,11.240646574232313,29.014684977354833,21.85304253189652,0.05858474307590061,0.009107589721679688,0.7105178303188748,0.08897693068892869,3.606288079862241,72
1470,-74.095454,40.64118,15.000843320574079,30.080694016956144,18.0029296875,0.06053107125418527,0.1253237043108259,1.0558854965936568,0.10597728547595797,3.7449868520100917,70
1471,-73.827642,40.831829,19.455081594865877,9.517811920683263,31.99008844666562,0.12356386346332097,0.11233636888407045,1.1688248585846464,0.17155200074621513,5.11681400449936,59
1472,-73.919634,40.819331,29.581751874698107,11.216964516588439,19.38107962249428,0.31342250044627856,0.2041806456863239,0.7467967207713793,0.10233079233477194,6.9971561431884775,62
1473,-73.89163,40.850131,21.162828717912948,7.76764672900003,28.440133049374534,0.20322133624364458,0.10726565406436012,0.527472420344277,0.10460808163597472,5.146933661566841,105
1474,-73.897943,40.841758,18.523315910820486,13.898376945976741,28.19791484523464,0.17549282795674093,0.13970899152326155,0.7122954806765994,0.1153387464918532,5.37921802417652,74
1475,-73.908358,40.813896,29.066726809642354,10.57787410548476,19.78771178448787,0.1528145837002113,0.4243475491883325,0.48083216766190656,0.09315261423913507,5.882235042384414,61
1476,-73.882531,40.840445,29.659182937056933,7.954216356630679,23.538424527203592,0.1352907110143591,0.2573257022433811,0.7926686604817709,0.13083775838216147,5.776313145955403,90
1477,-73.905697,40.881562,23.961766137017147,15.253436618381077,20.413685692681206,0.15261713663736978,0.06830851236979167,0.7930293613009981,0.14290661282009548,6.070277320014105,75
1478,-73.883339,40.872259,20.38446594687069,21.01526759029214,17.790842367932687,0.18119001700208082,0.006836535883884804,0.6176456127291412,0.12498992720460582,5.603878482494478,102
1479,-73.898821,40.85644,30.428332034672536,5.758859212524794,22.303741371891583,0.18825204201576495,0.24689409963067077,0.7086887537876022,0.09803415458893107,6.170494459871191,107
1480,-73.829211,40.82708,10.156407563582713,18.774711221888445,29.934606690337695,0.06165711776069973,0.021014006241508152,0.8781999781511831,0.15245520550271738,3.577065813368645,46
1481,-73.92589,40.839693,22.39010285358039,14.750045335211722,24.6031514641379,0.05916089427714445,0.0018528529575892857,0.6968790171097736,0.10999433037375106,5.0896709468089,49
1482,-73.844685,40.840625,22.993447942641176,7.714540981551976,27.178806008644475,0.11427857729223555,0.36837692013836215,0.8433416051772035,0.14554150281986372,6.081955178270063,103
1483,-73.826277,40.835318,14.584486672047818,14.17046736242173,31.491115655791894,0.08394262763891328,0.09397013803546349,1.0978548714284149,0.1456121380409498,4.074235623248954,89
1484,-73.909763,40.859243,22.010462834284855,18.289615924541767,20.09936308249449,0.18401219294621393,0.11373079740084135,0.7078014275966545,0.07356790395883414,6.329175998003055,65
1485,-73.854231,40.902311,26.847492751254826,12.463484528244182,22.142767137096776,0.05670362903225806,0.09545356996597783,0.679513459564537,0.14793026831842238,7.20246837985131,31
1486,-73.905389,40.818703,28.508856802275687,12.619093692663943,20.124540617971707,0.256581161961411,0.5331715670498934,0.9384796836159446,0.11975432887221828,5.271135387998639,55
1487,-73.922697,40.816369,28.9690002380126,16.528869919987567,17.130461466839034,0.29633801624956857,0.12600680431687689,0.5644614437976516,0.11817824888420872,5.846017431542576,83
1488,-73.866949,40.899351,23.260339101155598,19.71773887748149,19.702524688113385,0.18060693693398241,0.08455532700268191,1.2060881847172829,0.1827899496353681,9.597607987437083,67
1489,-73.878731,40.869482,14.740052367701677,21.412955992149584,23.08488903623639,0.08561827919699928,0.018189170143821022,0.583585464593136,0.08365927320538145,5.367545286814372,88
1490,-73.85942,40.887888,31.357461662702665,6.65925548922631,21.651870973648563,0.1899965347782258,0.9400501046129451,0.9726309007213961,0.13254432268040156,7.909628140029087,31
1491,-73.91435,40.832022,31.91391214147791,7.621178069672027,19.723601981158897,0.239969641615302,0.19564029974338812,0.6413401979388613,0.13251696830188042,6.451037435820609,77
1492,-73.894951,40.853294,24.433304556283744,7.285556734884188,27.054265806798906,0.12761387256307338,0.08615966236919438,0.7705840131193856,0.10379709599579512,5.689985234438461,109
1493,-73.915114,40.886922,16.98169390360514,27.44441827138265,17.79179732004802,0.06592220730251737,0.0,0.5106915367974175,0.08507622612847222,4.192782508002387,60
1494,-73.905751,40.812895,25.12084139071829,6.710145531631097,25.623114516095416,0.12224166373896403,0.07494484506002287,0.654915290150216,0.09465721564564276,5.571942213104993,41
1495,-73.903821,40.848344,28.601956588250623,7.980857072053131,23.522923831586482,0.20881471810517488,0.28279357486301,0.8268552797812003,0.11449301684344257,7.113975286483765,144
1496,-73.916419,40.821544,30.428543090820312,9.418989419937134,19.753953218460087,0.23059407869974774,0.051876703898111984,0.9021250406901041,0.15381137530008954,7.8801484902699785,80
1497,-73.917417,40.809023,27.119990600936713,9.426797669509364,21.790256719479615,0.16411255145895073,0.13107102492759967,0.6258284908601607,0.09437045831789914,7.37981193367092,58
1498,-73.92114,40.822574,26.042116165161133,11.173980712890625,23.06530316670736,0.27748743693033856,0.015651702880859375,0.5402088165283203,0.09954579671223959,6.064319610595703,50
1499,-73.88622,40.851724,28.15377575227584,8.462834632259675,21.607141659177586,0.22560207323096262,0.16107339968626525,0.6516294917841067,0.12965914846836837,5.879947234844339,116
1500,-73.901268,40.861698,34.294828351911484,4.809554847511086,18.963415128690702,0.34517311119102506,0.5457176460518135,0.7645747325083873,0.09819179683834224,7.669833186152461,111
1501,-73.917705,40.828009,30.16951780548621,9.019313563186277,19.701434984239924,0.4412483923213998,0.39319369391477393,0.8715439498219704,0.19009121504845897,7.201622769595012,97
1502,-73.849791,40.82948,20.624422375621695,8.842668116418391,30.83718383247083,0.15354938194399975,0.07473210819431993,0.9062235472632237,0.11979843097957757,6.278016918995341,122
1503,-73.913694,40.877935,22.252416863012566,25.030224411575883,17.01423453275489,0.05634550064329118,0.04463195800781249,0.5836870304491154,0.10722125018084491,4.783526930228742,63
1504,-73.867834,40.874754,20.086187304872453,20.499496542530142,20.64698702329165,0.09086163013012379,0.0652808647651177,0.9977604919697817,0.10747248992259367,5.280396432587596,77
1505,-73.903243,40.838636,18.742765460098,13.844155428702374,25.807300924557694,0.16222613596776775,0.049617834258497806,0.5109842757732548,0.10554720783791346,6.386816013626188,57
1506,-73.921593,40.806452,20.992477341453633,9.855311617206032,27.169535104984497,0.1825433359681183,0.11313347139767688,0.911447317293375,0.12545853164723209,5.748417353866125,101
1507,-73.891086,40.842564,24.692960387294733,8.547444328135272,25.685999848696024,0.13451807707258798,0.04103577252730582,0.7756825789664555,0.105395209056274,5.680560448408899,103
1508,-73.887026,40.858389,21.318516907868563,13.71763244507805,23.580792593577552,0.14528092883882068,0.13707983430731235,0.7126099218136419,0.1526052989656963,5.952742995408477,126
1509,-73.890402,40.867169,30.643099877569412,8.783382839626737,18.499352865748936,0.16681320137447783,0.09971592161390518,0.6744845045937432,0.09355710612403023,7.035391529401143,96
1510,-73.866974,40.832529,27.463608226556886,8.703593550057247,24.53855828763881,0.1735416865440164,0.45203651048214505,0.8465120162086927,0.16280389836921544,5.657251584575551,87
1511,-73.886834,40.814034,23.89974131728664,6.836940880977745,28.093740000869293,0.19306645248875476,0.07103139703924005,0.9413343487363873,0.11478539669152463,6.28362395546653,110
1512,-73.92273,40.810413,25.712496136862136,11.719846725463865,20.318198960924903,0.4683486999027312,0.07890973772321429,0.7916348321097237,0.08683583093067956,7.320245485457162,84
1513,-73.886997,40.850674,26.77685549470032,7.578324298469388,23.473004581165966,0.2624628495196907,0.060388993243781885,0.5770436760519638,0.13858607026184497,4.665322855216305,98
1514,-73.911906,40.832648,28.9774667649042,8.031877707609366,21.837294359743854,0.2899533226376488,0.1999594948508523,0.6740999428224771,0.13055677537794236,7.250570322011972,77
1515,-73.88794,40.864872,27.59192210656625,16.228370313291194,19.461980130937363,0.2862104663142452,0.06702564380787036,0.8430211632340043,0.15597696657534,7.075154781341553,72
1516,-73.90497,40.835934,23.893534126928298,14.726834378000033,19.68287667312191,0.19523652933411678,0.10801412291445975,0.5651086063708289,0.10833847994184763,6.744307178561971,59
1517,-73.874912,40.875481,26.94417573672869,14.69863916372324,18.784184476513882,0.17148426600864952,0.016358610871550324,0.7640116142504143,0.11122195751636059,6.180605124601555,77
1518,-73.888987,40.848748,23.19239013724857,7.348446051279704,26.336535811424255,0.29455191559261745,0.11872450510660808,0.6814810964796277,0.11964341004689534,5.308831400341457,96
1519,-73.898826,40.846383,23.731409662251345,8.131914301220228,27.970167378149476,0.16507035044277962,0.28372669452008253,1.00594193395907,0.14062960362492397,7.351487570435461,137
1520,-73.893639,40.853141,24.017149550062754,7.7823008860911695,27.306994589957387,0.12360592862149257,0.08984013004703924,0.6787222784918707,0.10573813865134667,5.142609707944028,111
1521,-73.892784,40.836156,16.034669876098633,18.797060648600258,23.990501676286968,0.11030923752557663,0.03744397844587054,0.4856164114815848,0.07920492263067336,5.770312263852074,70
1522,-73.900161,40.813736,22.69885471888951,4.73179226829892,30.795798528762088,0.11569704328264509,0.30871800013950895,0.7467179071335566,0.1396006629580543,5.8794861748105,70
1523,-73.901859,40.83093,25.597638024224178,12.120947837829588,20.722780757480198,0.3573417663574219,0.2875084347195095,0.7440153757731119,0.12512524922688803,8.323399225870768,60
1524,-73.912557,40.807916,23.16282895895151,9.701520357376491,25.730104935474888,0.10400796547914162,0.035865490253155045,0.5800607876899916,0.09016746129745092,6.218994580782377,52
1525,-73.88654,40.831493,21.5730072960021,7.173911730448405,30.620191589234363,0.0804855709984189,0.10014942714146205,0.8022826815408374,0.1434969523596385,5.938588626801022,84
1526,-73.884192,40.843781,22.82362389408685,8.92502186345119,24.441035588582356,0.2361123078788807,0.1010726479923024,0.5181929644416361,0.14429279402190565,5.3288441078335635,102
1527,-73.83888,40.891603,19.220883169291934,12.89542987022871,28.173969410083913,0.03566741943359375,0.03402851246021412,0.8770248036325715,0.15932718912760416,6.128033296561536,27
1528,-73.86046,40.8167,13.949423301510695,13.247176689830251,30.99964110831904,0.11361013583051481,0.017182419939738947,1.014327615257201,0.12647504728984055,5.536991212426162,82
1529,-73.90807,40.844236,30.099157366836277,11.471976230019017,18.989556295829907,0.21618893271998355,0.07150148090563323,0.5746322765684964,0.10770831191748904,7.488567285370409,95
1530,-73.829562,40.845379,24.58898968166775,10.811007111160844,23.51789439166034,0.15228200841833042,0.09407467312282985,0.8439141732675058,0.15279452006022137,7.5112932699698,90
1531,-73.818172,40.823237,9.680913706294824,19.72476771620453,30.25441195795445,0.022608856034409156,0.04678319712154201,0.6856694247553258,0.18698791337143525,4.02759124672478,61
1532,-73.926415,40.832609,24.55486078731349,19.620485774806287,13.992759829661885,0.17653345410289661,0.3113314102256233,0.7643923733403776,0.10591308927275442,8.048064330887925,61
1533,-73.888948,40.822314,24.71043137750265,5.811184624216402,30.190791297204722,0.17232370540448483,0.4169064289106127,0.8263728872607253,0.12052083752818943,7.256446917032457,97
1534,-73.860928,40.869059,16.586006048953898,10.260991375855726,30.51226837466461,0.10885758833451704,0.024610577207623108,0.91686634102253,0.18811274056482796,4.527620835737749,33
1535,-73.875375,40.872559,21.684675831948553,9.68913109071793,25.41658801417197,0.18868805259786625,0.12187752672421036,0.6235199589883128,0.13971892736291372,6.154505924511982,62
1536,-73.850563,40.878474,25.29603546740962,9.52344470553928,25.44778562059589,0.0693826114430147,0.04466437046823937,0.6666077507866754,0.14141120162664675,7.196291755227482,51
1537,-73.881245,40.876819,20.20771061932599,21.501997370778778,17.74087482028537,0.10715413976598669,0.027679514001916955,0.43987904065920985,0.10133201693311149,6.695567825694144,108
1538,-73.904657,40.903275,9.864208811805364,33.431433496021086,15.845131874084473,0.11425813039143881,0.034308433532714844,0.5883699371701195,0.09008248647054036,4.931420371645972,56
1539,-73.858769,40.849176,18.4343836773401,13.205026758128199,27.38444777740829,0.11091780388492277,0.07411035998114224,0.9212899482113192,0.15459773184239178,7.346221222274605,58
1540,-73.894682,40.858689,30.858362468555818,5.4756904199178456,23.73946161553411,0.15332470632622344,0.08546432646194307,0.6511008385384437,0.11901068608752967,7.293614617275327,101
1541,-73.897066,40.869061,29.3315182129542,13.354423145453135,16.667513052622475,0.18040289481480914,0.3960291544596354,0.7622301578521729,0.1078486442565918,6.20441734790802,64
1542,-73.846198,40.895741,17.584803610137016,18.0683049288663,25.527847174442176,0.07492412220348012,0.03952257560961174,0.898530748155382,0.11887598519373421,6.552055628612788,33
1543,-73.913523,40.837019,29.58051609881047,7.807238225086194,22.838560292418574,0.28256519299717575,0.05684436207086268,0.7198123305056576,0.15465239403953013,7.891341554167126,71
1544,-73.859254,40.862481,15.845782907159476,16.65935902982145,25.47824189469621,0.15620669803103884,0.01457317455394848,0.719229809872739,0.15282072462477128,4.790723216426264,74
1545,-73.907494,40.858286,28.07529478362112,12.965716737689393,19.275222161803583,0.14247027310458096,0.31819488063003076,0.5343475727119832,0.07508499453766176,6.312309130273683,66
1546,-73.877274,40.822522,17.983426987749972,12.524925987675505,27.53886576718504,0.12854150256270883,0.12370595392191185,0.7988668837637272,0.11100379176109841,5.705893414575349,106
1547,-73.875268,40.880661,25.918985849403473,15.414420284899364,18.659587078783886,0.22115937198501034,0.13500581304711032,0.6698769259165569,0.12364291761773656,7.314622258565512,83
1548,-73.891664,40.883049,17.65191306670507,27.397888898849487,15.051590899626413,0.12765824794769287,0.018018484115600586,0.9323408206303915,0.17145872116088867,6.270966430505117,64
1549,-73.868986,40.86073,24.019961584182013,17.145023800077894,18.27425502595447,0.1741050538562593,0.09538650512695312,0.497728983561198,0.11277789161318826,4.838977541242327,70
1550,-73.846768,40.863524,15.107137413435082,16.48342583769111,27.840580991519396,0.11630724835139448,0.06448684200163811,1.076271713420909,0.12037164421491726,6.2803904215494795,62
1551,-73.86276,40.822552,13.598180521389605,20.554605315003215,23.265471237118234,0.06152084608118243,0.0013037572933148735,0.34550051145915744,0.10855630480287448,5.143695139180759,79
1552,-73.829211,40.82708,10.156407563582713,18.774711221888445,29.934606690337695,0.06165711776069973,0.021014006241508152,0.8781999781511831,0.15245520550271738,3.577065813368645,46
1553,-73.86194,40.892198,17.939164745273875,22.86826888127113,19.689031382698325,0.0740800923969022,0.015116449612290112,0.6977403934915267,0.08330653555950714,5.301124420925161,67
1554,-73.866264,40.853075,34.240017710505306,12.239692017838761,16.44836460147892,0.09632153554005667,1.062259158572635,0.6377069799749702,0.13622163652299762,7.981519441346864,74
1555,-73.854823,40.836974,21.28159623397024,15.734331231368216,21.632037246436408,0.11787275124711599,0.15161971599735014,0.6426454287523415,0.10662023086994014,7.541187185990182,114
1556,-73.868735,40.819221,17.182131123736625,22.31823564544926,20.327254427157765,0.09854944740853659,0.010699760623094513,0.7555395607056656,0.11821607264076793,5.7939451884448046,82
1557,-73.8532,40.8547,13.77785415941728,21.20189410973326,23.726440298146215,0.07821444807381465,0.027777134687051005,0.8649299884664601,0.15709464120682173,6.82342353908495,87
1558,-73.918991,40.851661,24.480334713927704,14.496096994122887,21.35746784699269,0.08654512910761385,0.19553257868840143,0.7317803863786224,0.13740327623155382,6.357555307893671,78
1559,-73.900654,40.83447,20.00153910729193,21.03139918337586,18.780651400166178,0.17102200497863113,0.016138630528603832,0.596331524592574,0.09474292878181703,6.84152469840101,62
1560,-73.839288,40.884371,10.21233223102711,20.131735448484065,27.064160064414697,0.18442648428457753,0.0274764166937934,0.6827972553394459,0.14901867619267217,3.760748439364963,36
1561,-73.843977,40.88494,12.696518103281656,19.79698737462362,24.24864172935486,0.042977333068847656,0.00118255615234375,0.3701794147491455,0.07344841957092285,4.460556109746298,80
1562,-73.923297,40.834979,29.322152336438496,9.21964446703593,20.22534906864166,0.3285333514213562,0.17397602399190268,0.6600797176361085,0.14511048793792725,6.889156997203827,64
1563,-73.909022,40.848552,30.149225728162726,6.006984473017518,22.675149685868593,0.1874552337551414,0.06948274986766209,0.6692348610946321,0.12410660027714904,5.321390086616682,107
1564,-73.892482,40.848702,24.907397098597517,5.81208119350197,26.982498731585025,0.25642051809305283,0.0952560289771156,0.8044799872204266,0.11666643936022193,5.984112506067506,113
1565,-73.857392,40.828474,17.311683094202404,14.045328735023416,27.31574205514778,0.09082876225953461,0.03916012343539987,0.787122787967805,0.13886352593753498,6.447213012257785,93
1566,-73.85051,40.866474,15.114137603015434,20.43072692747039,24.201888572878957,0.06005667089446773,0.07432611977181784,0.9576766471552655,0.08128949297152883,5.410805368811134,41
1567,-73.874162,40.824989,19.193776941422655,11.570226191242229,29.49769687899015,0.10717894679816194,0.058694588121517684,0.8391727772794029,0.12106809197162165,5.5501605189123815,129
1568,-73.890145,40.843705,25.835248783978034,6.108532964655782,26.449776539760354,0.19653483478017264,0.11158552141667819,0.8489740984981391,0.10682474547079532,5.413688670920762,113
1569,-73.9282,40.835866,25.330203952211324,15.270392822496818,20.546627767158277,0.122151230320786,0.16689300537109375,0.740935585715554,0.08155938350793088,7.5772169864538945,44
1570,-73.853203,40.838759,21.066583809277688,15.545413849201609,21.477901512849417,0.13935582857605414,0.17291265176543105,0.8181984542954899,0.13650664201019505,6.4695016712161655,94
1571,-73.900654,40.83447,20.00153910729193,21.03139918337586,18.780651400166178,0.17102200497863113,0.016138630528603832,0.596331524592574,0.09474292878181703,6.84152469840101,62
1572,-73.886721,40.846128,21.598349106617462,9.751010063367012,24.672438059097683,0.22748482532990283,0.1337608924278846,0.6311529110639523,0.14167663378593248,4.6451179797832785,130
1573,-73.901709,40.817742,27.819374225757738,8.98230093496817,22.35227443553783,0.12096687599464698,0.5535274081759982,1.1262031837745947,0.14429516262478298,4.748545046205874,45
1574,-73.859998,40.822925,14.9574213915759,11.898442574807474,29.758477425790048,0.1720067617055532,0.018106065354905686,0.6640829481520094,0.14340741498334272,4.952454781747079,111
1575,-73.907133,40.832175,23.500652313232422,10.126346406482515,23.158671061197918,0.22461073739188056,0.2048982892717634,0.5619380587623233,0.10919525509788876,6.626651854742141,70
1576,-73.897943,40.841758,18.523315910820486,13.898376945976741,28.19791484523464,0.17549282795674093,0.13970899152326155,0.7122954806765994,0.1153387464918532,5.37921802417652,74
1577,-73.894241,40.831613,22.028967075877716,7.893977893723382,28.279764122433132,0.15096002154880098,0.07462104161580403,0.6137328015433416,0.10511279106140137,3.599405288696289,96
1578,-73.853157,40.822288,16.7879161225062,13.240749759761167,28.64039608332664,0.06633566939123146,0.03515792219606165,0.7530404008142481,0.18388756878299803,5.175045745013511,73
1579,-73.907489,40.823318,21.760396863899977,11.494124636930579,24.566220769695207,0.1522541046142578,0.05724850822897518,0.6540420008640663,0.14590001573749614,5.692546975378897,68
1580,-73.914141,40.887407,18.142564460714027,25.915242755223833,17.39209745296095,0.06591251918247767,0.0152648441375248,0.458486244161293,0.06076469623222553,4.862905431676794,63
1581,-73.836525,40.863842,11.792723703201705,12.626973879291636,34.07894258754921,0.11413398830369971,0.02246067441742996,0.8645561919815239,0.1320356610177577,4.367802060883621,87
1582,-73.905734,40.824717,21.188694181896395,13.921443848382859,21.843887056623185,0.1090649196079799,0.016299656459263394,0.544955843970889,0.11293683733258929,6.199803125290643,70
1583,-73.894349,40.82471,28.473113377888996,10.46215534210205,21.71139399210612,0.13187726338704425,0.12322425842285156,0.7754460970560709,0.15126705169677734,6.61592960357666,40
1584,-73.880479,40.823941,21.86559905176577,7.665030161539714,30.207450493522312,0.16098851742951767,0.1537260801895805,0.9963274002075195,0.10235309600830078,6.378689365110536,92
1585,-73.831669,40.874035,15.108594649877304,16.653477595402645,26.326793768467045,0.10286575708633815,0.002922644981971154,0.5775979849008414,0.11107518122746396,4.686661255665314,65
1586,-73.925459,40.808194,21.716258328864374,10.540598953551376,26.400626690639047,0.3181261894030449,0.1266691419813368,0.8583240019969453,0.11577035626794539,4.931134444016678,117
1587,-73.908965,40.819419,23.06675229753767,15.125953907869302,22.857081484632424,0.19550128858916613,0.09669089803890306,0.6494282054252365,0.09040054009885204,5.753118813443345,49
1588,-73.893136,40.85568,26.256894485213756,5.635631867568859,28.204771259985414,0.15693604221019142,0.11612458240666819,0.7318990944075758,0.11649445025590213,5.7145805544516755,137
1589,-73.823816,40.864073,18.570966159596164,16.389482535567936,25.701267766017537,0.08889217002719056,0.011821073644301471,0.560144910625383,0.13588176054113052,4.138607698328355,85
1590,-73.905233,40.814168,25.052646897796894,8.775514618963259,23.696253849909855,0.19282153528979704,0.10181329189202724,0.49657903165898776,0.09952610374515891,5.130529811239651,39
1591,-73.899005,40.8517,25.48953640845514,6.000849337560728,26.245953617984675,0.1871375627415155,0.11916416947559644,0.9830826926829568,0.13609411041369152,6.153854588881187,93
1592,-73.858773,40.818442,12.911319732666016,13.915265775194355,30.654667873008574,0.12679100036621094,0.014815610997817096,0.7508450863408108,0.1450351640289905,5.3893000471825685,68
1593,-73.878731,40.869482,14.740052367701677,21.412955992149584,23.08488903623639,0.08561827919699928,0.018189170143821022,0.583585464593136,0.08365927320538145,5.367545286814372,88
1594,-73.839386,40.881344,17.599690562546858,10.224818220042218,31.17906108047023,0.27256204624368685,0.012871713349313446,0.7977707217438051,0.17227596706814238,5.711249149206912,33
1595,-73.913253,40.844367,31.335005124409996,9.369943300882975,20.43954467773437,0.2543751398722331,0.18704986572265625,0.8171472549438475,0.14153353373209632,6.501746813456219,100
1596,-73.78354,40.844353,17.422041748509262,29.7492605267149,20.976734161376953,0.08955868807705966,0.0,1.4188332991166548,0.188206181381688,5.068709633567116,22
1597,-73.831669,40.874035,15.108594649877304,16.653477595402645,26.326793768467045,0.10286575708633815,0.002922644981971154,0.5775979849008414,0.11107518122746396,4.686661255665314,65
1598,-73.901859,40.83093,25.597638024224178,12.120947837829588,20.722780757480198,0.3573417663574219,0.2875084347195095,0.7440153757731119,0.12512524922688803,8.323399225870768,60
1599,-73.831669,40.874035,15.108594649877304,16.653477595402645,26.326793768467045,0.10286575708633815,0.002922644981971154,0.5775979849008414,0.11107518122746396,4.686661255665314,65
1600,-73.919773,40.80908,26.809889172750808,9.706567330335183,21.044288110480736,0.2833285659709305,0.11504945300874256,0.8034151067178716,0.13790483827944153,7.575808631049261,63
1601,-73.831669,40.874035,15.108594649877304,16.653477595402645,26.326793768467045,0.10286575708633815,0.002922644981971154,0.5775979849008414,0.11107518122746396,4.686661255665314,65
1602,-73.831669,40.874035,15.108594649877304,16.653477595402645,26.326793768467045,0.10286575708633815,0.002922644981971154,0.5775979849008414,0.11107518122746396,4.686661255665314,65
1603,-73.856976,40.818925,11.54168569124662,16.32447426135723,29.445672646546974,0.12997113741361177,0.018398578350360576,0.6429702807695439,0.14589994381635618,5.365330745012331,52
1604,-73.897394,40.823228,31.33433735559857,4.642391961718363,23.999307269141788,0.12833353072877915,0.10846153138175844,1.0704418969532798,0.16385714213053384,5.9985622527107365,42
1605,-73.897797,40.831388,24.525312684540058,9.297639895708132,23.965196527986443,0.17583961160773906,0.20106470482981104,0.5783170716375367,0.08992904271834935,5.594294702904857,78
1606,-73.883877,40.850168,22.765965328038302,14.683472107504016,21.89660711080486,0.23741321028950058,0.06017595808082652,0.6505571050435953,0.11599710054486712,4.774327441539349,107
1607,-73.830616,40.882778,13.20178371736373,15.76764556183212,30.07632324978766,0.13387833518543463,0.08423465421830101,0.9967157210426767,0.13937420315212673,4.981089186394351,87
1608,-73.892784,40.836156,16.034669876098633,18.797060648600258,23.990501676286968,0.11030923752557663,0.03744397844587054,0.4856164114815848,0.07920492263067336,5.770312263852074,70
1609,-73.846594,40.83541,23.829208353839856,6.859703164882761,28.829109353363197,0.1387924113601604,0.12030475354068493,0.8115854212846705,0.16295569283621653,5.214652308711299,63
1610,-73.877305,40.830811,31.951048917937694,8.234181320458127,20.140624046325684,0.20780688837954872,0.25526096946314764,0.6248984420508669,0.11962171186480605,8.807973276104844,76
1611,-73.877305,40.830811,31.951048917937694,8.234181320458127,20.140624046325684,0.20780688837954872,0.25526096946314764,0.6248984420508669,0.11962171186480605,8.807973276104844,76
1612,-73.920826,40.843453,25.139822141088626,7.675065897931956,26.67927661728779,0.0776021167485401,0.23323598534169823,0.8407197817407471,0.1348569336965028,5.557679969453653,99
1613,-73.898265,40.823124,30.742364812780306,5.304426263879847,24.55257839626736,0.1719757362648293,0.10123076262297455,0.9908209906684028,0.1409410547327112,6.185456735116463,45
1614,-73.902892,40.821723,26.040233782867887,12.460443866786672,20.184972392978953,0.12642115502808224,0.05980534340018657,0.5518524207879061,0.06720272462759445,6.693421074407017,67
1615,-73.915217,40.849416,26.465022426912153,10.32884038727859,20.9023503051407,0.13121133563162268,0.025551894615436423,0.5384247878502155,0.09390951573163614,5.734801018375089,58
1616,-73.881753,40.855759,20.254545691628127,14.299158180284799,24.147364478441155,0.1373767852783203,0.11749207598608245,0.5551398175317537,0.12070457890348614,5.379800676549756,106
1617,-73.906285,40.859534,35.67732901800247,9.298648834228516,14.7407899584089,0.15876452128092447,0.4030663626534598,0.6088120596749442,0.09438741774786086,6.5370705014183415,70
1618,-73.906197,40.878327,31.79805878879261,8.523010721012037,19.9222503065252,0.14188240985481107,0.374552668357382,0.9098636860750158,0.11366922028210696,6.090737362297213,98
1619,-73.902892,40.821723,26.040233782867887,12.460443866786672,20.184972392978953,0.12642115502808224,0.05980534340018657,0.5518524207879061,0.06720272462759445,6.693421074407017,67
1620,-73.897635,40.856834,29.973812440855312,5.2722393587275596,23.524872602614682,0.19639136165292564,0.1990979400004609,0.7871276157795504,0.10365708387706836,6.011224144679606,113
1621,-73.890145,40.843705,25.835248783978034,6.108532964655782,26.449776539760354,0.19653483478017264,0.11158552141667819,0.8489740984981391,0.10682474547079532,5.413688670920762,113
1622,-73.912686,40.877379,24.267526467641193,20.894263408802175,18.141964188328494,0.08606248431735569,0.0037484698825412327,0.6217223626595957,0.09748759093108,5.418867093545419,72
1623,-73.879931,40.839297,24.463088253894483,8.712294398541431,29.15932031041647,0.1608411949801158,0.10979893695877259,1.0444150871062374,0.13734671964224082,6.47474886423134,83
1624,-73.903951,40.833493,25.434599117356907,12.902830733733923,20.2181355482867,0.42676147149533644,0.22238128039301658,0.7166868975373353,0.12570984509526467,7.902868750954973,49
1625,-73.894368,40.822056,32.70964233963578,6.287731594509547,21.093530301694518,0.25696931061921297,0.13300577799479166,0.9587118360731338,0.1393996344672309,6.669781296341506,45
1626,-73.919571,40.835681,31.47148474668845,4.680625510303093,22.15858641124907,0.24299411983280395,0.207039550110534,0.6842798365778102,0.1287488273648552,6.249742542867696,91
1627,-73.903951,40.833493,25.434599117356907,12.902830733733923,20.2181355482867,0.42676147149533644,0.22238128039301658,0.7166868975373353,0.12570984509526467,7.902868750954973,49
1628,-73.920851,40.813612,28.22707969451619,15.264846825525398,17.953245810630534,0.3551025628300842,0.3190780354437427,0.5997161627558534,0.07299619300343166,5.6667657656090284,107
1629,-73.920851,40.813612,28.22707969451619,15.264846825525398,17.953245810630534,0.3551025628300842,0.3190780354437427,0.5997161627558534,0.07299619300343166,5.6667657656090284,107
1630,-73.918774,40.810314,25.9554476208157,10.87005138397217,21.371676656934948,0.20074155595567494,0.14751434326171875,0.8479913075764974,0.12449900309244792,7.839939329359266,60
1631,-73.897404,40.854257,27.50510872338791,6.646910634739005,24.87889316594489,0.1462074826439593,0.08651162976416472,0.8378664652506511,0.11626537715163185,6.446436409638306,107
1632,-73.916076,40.855822,19.673495199166094,23.35975637622908,19.048235463161095,0.06000013912425322,0.003809087416704963,0.6968484205358169,0.11602663526348038,5.03074187858432,68
1633,-73.911366,40.839307,28.249719657149967,9.397941664153455,21.876953349393958,0.27189965341605393,0.027856265797334558,0.5735468396953508,0.15440361172545192,6.397415235930798,85
1634,-73.891562,40.860987,23.8282565147646,9.32709837472567,25.974178314208988,0.2951099026587702,0.16567783970986644,0.8386099210349461,0.14151680854059034,6.2898366681991105,124
1635,-73.9216,40.8524,20.742097394219762,19.52442629583951,21.78369500171179,0.0729029206023819,0.2281846671268858,0.5988570465438667,0.14932347440171514,4.646003657373889,58
1636,-73.897479,40.845366,22.499355903038612,9.59104798797868,28.237807173334975,0.145721435546875,0.09376764976740563,0.9481470809023603,0.12146930748920494,7.5030378466657766,117
1637,-73.915217,40.849416,26.465022426912153,10.32884038727859,20.9023503051407,0.13121133563162268,0.025551894615436423,0.5384247878502155,0.09390951573163614,5.734801018375089,58
1638,-73.925416,40.811562,22.95683717305681,13.36331550350583,22.543229465990994,0.3455814710408889,0.08883687247217228,0.7289090339413083,0.08451664342289478,5.999713098756683,113
1639,-73.909936,40.848907,28.732846154106987,6.881881290011937,21.739454905192062,0.15029822455512154,0.09076690673828125,0.6977416144476996,0.14038848876953125,5.674627939860026,75
1640,-73.901565,40.875636,21.08916805288886,16.769552500234486,21.6717838567529,0.09808728923905366,0.03012317722126589,0.774931503554522,0.16453252673822608,5.2006576020838855,59
1641,-73.901774,40.839508,16.196601272474787,15.196867868409933,26.671960844215775,0.08762305509959552,0.05659549794298537,0.5460130407455119,0.14093750757528534,6.495751725866439,47
1642,-73.878191,40.832508,21.778350137960057,11.222948404304086,24.558422635879197,0.09409184194315334,0.011287158048605616,0.3448663381584586,0.09221789203112639,8.708246045977758,79
1643,-73.888625,40.859466,18.807018268573753,17.82973292353633,23.856323975342526,0.1865805090368689,0.06458179370777027,0.7956075238751935,0.15616545806059967,5.728682097014006,111
1644,-73.901565,40.875636,21.08916805288886,16.769552500234486,21.6717838567529,0.09808728923905366,0.03012317722126589,0.774931503554522,0.16453252673822608,5.2006576020838855,59
1645,-73.8953,40.865972,26.75617620841844,10.588301107780321,21.387191219184235,0.1916057887574795,0.14359277623300334,0.7637104005304002,0.11963346835614465,5.319076761337942,131
1646,-73.896925,40.827539,22.368142425373033,11.417486334359774,24.70856430710003,0.1469201939080351,0.016858500819052418,0.5721164006058889,0.11217568510322161,5.230029936759702,62
1647,-73.831669,40.874035,15.108594649877304,16.653477595402645,26.326793768467045,0.10286575708633815,0.002922644981971154,0.5775979849008414,0.11107518122746396,4.686661255665314,65
1648,-73.902794,40.833884,24.848554752491136,14.191531546321915,20.453029208713108,0.403222331294307,0.2017904210973669,0.7060686747233073,0.10839980325581114,8.480132656332886,54
1649,-73.890591,40.836245,24.940808216730755,13.226985136667889,20.918554862340294,0.12410720189412434,0.4583907127380371,0.5937206745147705,0.07431228955586751,6.675971349080403,80
1650,-73.901774,40.839508,16.196601272474787,15.196867868409933,26.671960844215775,0.08762305509959552,0.05659549794298537,0.5460130407455119,0.14093750757528534,6.495751725866439,47
1651,-73.889878,40.858721,20.36787925227996,8.696621464144801,28.226621945699055,0.16332493033460393,0.1503729051159274,0.8225661452098558,0.1455565934540123,6.9653331592518795,124
1652,-73.858533,40.834025,32.24954204794801,11.32181285340109,19.09094586784457,0.19607638135368438,0.28410734953703703,0.7307594205126351,0.12390442836431809,6.420702522183642,135
1653,-73.907528,40.810671,26.74829002951278,6.912714770051088,25.298078368310218,0.116012209937686,0.06823247792769452,0.8757221455476722,0.14191711840986393,5.0125848679315474,49
1654,-73.902794,40.833884,24.848554752491136,14.191531546321915,20.453029208713108,0.403222331294307,0.2017904210973669,0.7060686747233073,0.10839980325581114,8.480132656332886,54
1655,-73.901774,40.839508,16.196601272474787,15.196867868409933,26.671960844215775,0.08762305509959552,0.05659549794298537,0.5460130407455119,0.14093750757528534,6.495751725866439,47
1656,-73.882487,40.855392,22.562945071345805,11.71489330606723,24.065297677976275,0.1430765204473373,0.1860499017464641,0.5773515147171254,0.1209352359130113,5.9138782162914225,109
1657,-73.861649,40.875172,21.193084961328754,11.59508656232785,25.69651970496545,0.14934539794921878,0.07178600017841046,0.9126528715476011,0.17029750041472605,6.1829774807661,52
1658,-73.900593,40.826933,23.202102398746227,13.790262313116163,22.130493890671502,0.2706194680834573,0.04038129534040179,0.4997389657156808,0.12983291868179564,6.2884936257014195,63
1659,-73.897066,40.869061,29.3315182129542,13.354423145453135,16.667513052622475,0.18040289481480914,0.3960291544596354,0.7622301578521729,0.1078486442565918,6.20441734790802,64
1660,-73.892961,40.820388,24.534219953748917,5.2036327785915795,28.741822136773003,0.17003758748372397,0.28469933403862846,0.8669988844129773,0.0945926242404514,6.551057603624132,75
1661,-73.852714,40.888242,21.363131205240887,12.346364163804326,26.37091011836611,0.1011486711173222,0.2460216653758082,0.6487155782765356,0.23428379804238506,5.046398338230176,29
1662,-73.887688,40.836821,28.214818913637682,11.015023222757042,19.761838242183767,0.15736821959142652,0.4304308410084576,0.7091714701521288,0.10692730591566921,6.0251017229272685,109
1663,-73.888987,40.848748,23.19239013724857,7.348446051279704,26.336535811424255,0.29455191559261745,0.11872450510660808,0.6814810964796277,0.11964341004689534,5.308831400341457,96
1664,-73.9216,40.8524,20.742097394219762,19.52442629583951,21.78369500171179,0.0729029206023819,0.2281846671268858,0.5988570465438667,0.14932347440171514,4.646003657373889,58
1665,-73.861649,40.875172,21.193084961328754,11.59508656232785,25.69651970496545,0.14934539794921878,0.07178600017841046,0.9126528715476011,0.17029750041472605,6.1829774807661,52
1666,-73.913872,40.813385,21.00783908177936,10.82434376711568,25.55355193122985,0.16727548427682704,0.10316031319754464,0.6377280704558842,0.1586752593832672,5.574805648238571,63
1667,-73.904958,40.854666,30.20370604840111,5.3178701507911255,21.532225519530336,0.21376056171088628,0.1948967408598139,0.7774688777852149,0.15186352676220155,6.113551350568564,89
1668,-73.881245,40.876819,20.20771061932599,21.501997370778778,17.74087482028537,0.10715413976598669,0.027679514001916955,0.43987904065920985,0.10133201693311149,6.695567825694144,108
1669,-73.85607,40.815043,11.494745662556358,16.15677828812481,29.948153424618848,0.07127505629809934,0.036364882739622205,0.7382848369541453,0.14492480909053368,4.435765090866469,67
1670,-73.912686,40.877379,24.267526467641193,20.894263408802175,18.141964188328494,0.08606248431735569,0.0037484698825412327,0.6217223626595957,0.09748759093108,5.418867093545419,72
1671,-73.88654,40.831493,21.5730072960021,7.173911730448405,30.620191589234363,0.0804855709984189,0.10014942714146205,0.8022826815408374,0.1434969523596385,5.938588626801022,84
1672,-73.860126,40.880649,30.98470311105987,5.0411224365234375,27.755394688359015,0.1575234495563272,0.03303245261863426,1.1405838860405817,0.13342727849512925,7.183753119574653,27
1673,-73.860729,40.860443,14.353371843879605,20.253111992353272,23.39592156586824,0.21642108022430798,0.007763615360966435,0.7431742585735556,0.13390058352623457,3.9958889101758417,54
1674,-73.861649,40.875172,21.193084961328754,11.59508656232785,25.69651970496545,0.14934539794921878,0.07178600017841046,0.9126528715476011,0.17029750041472605,6.1829774807661,52
1675,-73.909763,40.859243,22.010462834284855,18.289615924541767,20.09936308249449,0.18401219294621393,0.11373079740084135,0.7078014275966545,0.07356790395883414,6.329175998003055,65
1676,-73.839583,40.839775,22.130710895244892,11.839059193929035,25.400897784110825,0.17885354849008414,0.4204089824969952,0.9255590194310898,0.15481215256911057,4.5175557258801575,65
1677,-73.915879,40.8404,31.001989046732582,5.87234248717626,20.880115032196045,0.37111788988113403,0.3639176487922668,0.6463979681332905,0.1696343223253886,6.3732460141181955,64
1678,-73.905389,40.818703,28.508856802275687,12.619093692663943,20.124540617971707,0.256581161961411,0.5331715670498934,0.9384796836159446,0.11975432887221828,5.271135387998639,55
1679,-73.90392,40.827455,24.52442659969218,13.87987638774671,19.89186772128992,0.13833408467253747,0.049718221028645836,0.511940738611054,0.07563585426375183,6.15165498521593,57
1680,-73.905389,40.818703,28.508856802275687,12.619093692663943,20.124540617971707,0.256581161961411,0.5331715670498934,0.9384796836159446,0.11975432887221828,5.271135387998639,55
1681,-73.860729,40.860443,14.353371843879605,20.253111992353272,23.39592156586824,0.21642108022430798,0.007763615360966435,0.7431742585735556,0.13390058352623457,3.9958889101758417,54
1682,-73.886721,40.846128,21.598349106617462,9.751010063367012,24.672438059097683,0.22748482532990283,0.1337608924278846,0.6311529110639523,0.14167663378593248,4.6451179797832785,130
1683,-73.906739,40.822291,21.729535215041217,13.988998356987448,21.988940238952637,0.140229393454159,0.039375529569738055,0.39289044398887485,0.0972140069101371,5.677038548039455,68
1684,-73.901599,40.816078,24.068184066237063,10.895981704979613,22.292446671870717,0.13720361809981496,0.056321997391550166,0.6755761932908444,0.1270829585560581,5.645639018008583,38
1685,-73.915217,40.849416,26.465022426912153,10.32884038727859,20.9023503051407,0.13121133563162268,0.025551894615436423,0.5384247878502155,0.09390951573163614,5.734801018375089,58
1686,-73.829211,40.82708,10.156407563582713,18.774711221888445,29.934606690337695,0.06165711776069973,0.021014006241508152,0.8781999781511831,0.15245520550271738,3.577065813368645,46
1687,-73.910827,40.850722,30.172054290771484,8.720925649007162,19.404475529988606,0.12646484375,0.04907989501953125,0.5164140065511067,0.10918680826822919,7.584155400594074,50
1688,-73.901821,40.869142,25.021343520193387,9.189925771771057,22.56119829235655,0.14293410561301492,0.03496950322931463,0.39091688213926373,0.09305260398171165,7.062644669503879,44
1689,-73.878051,40.885428,25.240204973918637,18.384395382268643,18.81014118349649,0.19457204555108296,0.5069841214311802,0.5768341746756701,0.12867392563238378,4.741659397032203,41
1690,-73.918037,40.803052,26.92000659895532,9.89996768810131,27.804274617889778,0.11417954056351273,0.12161113597728589,0.6370379600995854,0.0834400271192009,5.319162357000657,108
1691,-73.905547,40.872477,22.05186208089193,15.52502155303955,24.75894822014703,0.08219401041666667,0.19284566243489584,0.5515098571777344,0.13421800401475698,5.695587264166937,60
1692,-73.915879,40.8404,31.001989046732582,5.87234248717626,20.880115032196045,0.37111788988113403,0.3639176487922668,0.6463979681332905,0.1696343223253886,6.3732460141181955,64
1693,-73.85593,40.821218,15.668652687237891,12.928421053535494,28.87729339269332,0.1813599557587595,0.015288513976258116,0.6945824726319416,0.12402472557959618,5.1867332293357675,77
1694,-73.904353,40.840536,17.17486083507538,14.454709986845653,27.027950684229534,0.1659716169039408,0.0446319580078125,0.625962515672048,0.11149495840072632,6.688859065373738,64
1695,-73.886995,40.834188,29.226807064480255,6.491490258110893,23.83979500664605,0.12279595269097224,0.5031814575195312,0.8360231187608507,0.13353008694118926,7.4208526611328125,75
1696,-73.900068,40.873659,18.08562737924081,24.00776969061957,15.972186900951245,0.05107173213252315,0.010028415256076388,0.48058191935221356,0.10011178475839119,6.4197335419831445,45
1697,-73.886721,40.846128,21.598349106617462,9.751010063367012,24.672438059097683,0.22748482532990283,0.1337608924278846,0.6311529110639523,0.14167663378593248,4.6451179797832785,130
1698,-73.890145,40.843705,25.835248783978034,6.108532964655782,26.449776539760354,0.19653483478017264,0.11158552141667819,0.8489740984981391,0.10682474547079532,5.413688670920762,113
1699,-73.893744,40.848385,25.41175943560305,6.258534119192478,26.260358816051205,0.2739765651106483,0.11628074983579922,0.8537109622561473,0.12511869447421184,6.566207458136003,113
1700,-73.839583,40.839775,22.130710895244892,11.839059193929035,25.400897784110825,0.17885354849008414,0.4204089824969952,0.9255590194310898,0.15481215256911057,4.5175557258801575,65
1701,-73.91435,40.832022,31.91391214147791,7.621178069672027,19.723601981158897,0.239969641615302,0.19564029974338812,0.6413401979388613,0.13251696830188042,6.451037435820609,77
1702,-73.917705,40.828009,30.16951780548621,9.019313563186277,19.701434984239924,0.4412483923213998,0.39319369391477393,0.8715439498219704,0.19009121504845897,7.201622769595012,97
1703,-73.865028,40.862098,23.63092340069053,14.572025228429723,21.036339983528045,0.11801778534312307,0.3362019856770833,0.7487879859076606,0.10954656718689718,6.995172265135212,54
1704,-73.916084,40.842503,33.947303656375766,7.759601130630031,18.555396686900746,0.261959307121508,0.03934166648171165,0.7955926837343158,0.09326472426905776,6.855101151899857,55
1705,-73.914067,40.827438,24.83612592950423,9.153363762832269,25.80440283467776,0.15657600671618288,0.17349946143504405,0.8873373512330094,0.12539318260461657,5.4617574221396525,123
1706,-73.911366,40.839307,28.249719657149967,9.397941664153455,21.876953349393958,0.27189965341605393,0.027856265797334558,0.5735468396953508,0.15440361172545192,6.397415235930798,85
1707,-73.910827,40.850722,30.172054290771484,8.720925649007162,19.404475529988606,0.12646484375,0.04907989501953125,0.5164140065511067,0.10918680826822919,7.584155400594074,50
1708,-73.898399,40.820108,28.5283447593771,11.444505568473572,20.878239088161013,0.14442474611343875,0.0980295160765289,1.037561252552976,0.09586221428327663,6.2292698890932146,62
1709,-73.918774,40.810314,25.9554476208157,10.87005138397217,21.371676656934948,0.20074155595567494,0.14751434326171875,0.8479913075764974,0.12449900309244792,7.839939329359266,60
1710,-73.874162,40.824989,19.193776941422655,11.570226191242229,29.49769687899015,0.10717894679816194,0.058694588121517684,0.8391727772794029,0.12106809197162165,5.5501605189123815,129
1711,-73.904353,40.840536,17.17486083507538,14.454709986845653,27.027950684229534,0.1659716169039408,0.0446319580078125,0.625962515672048,0.11149495840072632,6.688859065373738,64
1712,-73.897171,40.869407,28.20216455767231,14.618762846915953,16.280453692200364,0.1721218068112609,0.3779360043105258,0.7303289187851773,0.08926596692813339,6.243381705335391,62
1713,-73.894368,40.822056,32.70964233963578,6.287731594509547,21.093530301694518,0.25696931061921297,0.13300577799479166,0.9587118360731338,0.1393996344672309,6.669781296341506,45
1714,-73.897066,40.869061,29.3315182129542,13.354423145453135,16.667513052622475,0.18040289481480914,0.3960291544596354,0.7622301578521729,0.1078486442565918,6.20441734790802,64
1715,-73.918774,40.810314,25.9554476208157,10.87005138397217,21.371676656934948,0.20074155595567494,0.14751434326171875,0.8479913075764974,0.12449900309244792,7.839939329359266,60
1716,-73.891664,40.883049,17.65191306670507,27.397888898849487,15.051590899626413,0.12765824794769287,0.018018484115600586,0.9323408206303915,0.17145872116088867,6.270966430505117,64
1717,-73.885284,40.815827,21.774178491511815,5.898792642942617,30.432976467508666,0.15154937063584306,0.04912228651449714,0.7263805944594978,0.11074375098859761,5.495193866496914,142
1718,-73.894368,40.822056,32.70964233963578,6.287731594509547,21.093530301694518,0.25696931061921297,0.13300577799479166,0.9587118360731338,0.1393996344672309,6.669781296341506,45
1719,-73.909955,40.880853,15.476130071933982,21.991849031072363,22.84401069832532,0.16809381464476225,0.11304834837554603,0.8266527592922195,0.14315300944885473,5.035063699154872,93
1720,-73.839583,40.839775,22.130710895244892,11.839059193929035,25.400897784110825,0.17885354849008414,0.4204089824969952,0.9255590194310898,0.15481215256911057,4.5175557258801575,65
1721,-73.839583,40.839775,22.130710895244892,11.839059193929035,25.400897784110825,0.17885354849008414,0.4204089824969952,0.9255590194310898,0.15481215256911057,4.5175557258801575,65
1722,-73.911366,40.839307,28.249719657149967,9.397941664153455,21.876953349393958,0.27189965341605393,0.027856265797334558,0.5735468396953508,0.15440361172545192,6.397415235930798,85
1723,-73.889011,40.879958,17.03499402755346,17.502197852501503,24.877768296461838,0.07170897263746995,0.024149968073918268,0.6727328667273889,0.1019893548427484,4.577703965015901,26
1724,-73.882531,40.840445,29.659182937056933,7.954216356630679,23.538424527203592,0.1352907110143591,0.2573257022433811,0.7926686604817709,0.13083775838216147,5.776313145955403,90
1725,-73.889011,40.879958,17.03499402755346,17.502197852501503,24.877768296461838,0.07170897263746995,0.024149968073918268,0.6727328667273889,0.1019893548427484,4.577703965015901,26
1726,-73.839682,40.886002,8.296745658939722,24.72481442312909,25.27933772812542,0.05008501884264824,0.0024257562099358975,0.6930261595636352,0.15700902694310898,3.629808344392695,39
1727,-73.863733,40.854423,34.139915875026155,15.914681979588101,15.178479467119491,0.10966630209059944,0.1513821738106864,0.4588280405317034,0.10974747794015068,8.57224634715489,56
1728,-73.912039,40.816974,28.158745111203665,6.660721348781211,23.930490406510096,0.1872580035839205,0.6369646857766544,0.909632015851588,0.1250129899168326,5.734335830788208,51
1729,-73.902214,40.874717,20.886091254223352,17.408065686280704,21.84671040239005,0.10492829070694144,0.03258935336408944,0.5701640556598532,0.15613238016764322,5.604136675253681,58
1730,-73.927892,40.838232,20.644114879851646,16.7414036202938,23.59824079148313,0.07362974450943317,0.08006806069232048,0.6555022922813469,0.0849203015050144,5.741421719814869,47
1731,-73.877274,40.822522,17.983426987749972,12.524925987675505,27.53886576718504,0.12854150256270883,0.12370595392191185,0.7988668837637272,0.11100379176109841,5.705893414575349,106
1732,-73.90049,40.859496,33.01115385691325,3.887873649597168,21.23642190297445,0.1798216501871745,0.5508600870768229,0.8330653508504231,0.09828313191731769,6.914116541544596,100
1733,-73.925459,40.808194,21.716258328864374,10.540598953551376,26.400626690639047,0.3181261894030449,0.1266691419813368,0.8583240019969453,0.11577035626794539,4.931134444016678,117
1734,-73.915217,40.849416,26.465022426912153,10.32884038727859,20.9023503051407,0.13121133563162268,0.025551894615436423,0.5384247878502155,0.09390951573163614,5.734801018375089,58
1735,-73.85607,40.815043,11.494745662556358,16.15677828812481,29.948153424618848,0.07127505629809934,0.036364882739622205,0.7382848369541453,0.14492480909053368,4.435765090866469,67
1736,-73.913694,40.877935,22.252416863012566,25.030224411575883,17.01423453275489,0.05634550064329118,0.04463195800781249,0.5836870304491154,0.10722125018084491,4.783526930228742,63
1737,-73.919773,40.80908,26.809889172750808,9.706567330335183,21.044288110480736,0.2833285659709305,0.11504945300874256,0.8034151067178716,0.13790483827944153,7.575808631049261,63
1738,-73.860126,40.880649,30.98470311105987,5.0411224365234375,27.755394688359015,0.1575234495563272,0.03303245261863426,1.1405838860405817,0.13342727849512925,7.183753119574653,27
1739,-73.818083,40.826794,10.168974740164622,16.000392810017072,31.67464976408044,0.04026062634526467,0.021689278738839284,0.6778074770557637,0.14352733586110225,3.9740484588000244,49
1740,-73.888625,40.859466,18.807018268573753,17.82973292353633,23.856323975342526,0.1865805090368689,0.06458179370777027,0.7956075238751935,0.15616545806059967,5.728682097014006,111
1741,-73.85607,40.815043,11.494745662556358,16.15677828812481,29.948153424618848,0.07127505629809934,0.036364882739622205,0.7382848369541453,0.14492480909053368,4.435765090866469,67
1742,-73.85593,40.821218,15.668652687237891,12.928421053535494,28.87729339269332,0.1813599557587595,0.015288513976258116,0.6945824726319416,0.12402472557959618,5.1867332293357675,77
1743,-73.85593,40.821218,15.668652687237891,12.928421053535494,28.87729339269332,0.1813599557587595,0.015288513976258116,0.6945824726319416,0.12402472557959618,5.1867332293357675,77
1744,-73.857989,40.845023,17.739904898184317,9.813587753861038,30.420767466227215,0.05732924849898726,0.0703854031032986,0.69141599867079,0.13078407005027487,6.456842069272641,45
1745,-73.905389,40.818703,28.508856802275687,12.619093692663943,20.124540617971707,0.256581161961411,0.5331715670498934,0.9384796836159446,0.11975432887221828,5.271135387998639,55
1746,-73.914067,40.827438,24.83612592950423,9.153363762832269,25.80440283467776,0.15657600671618288,0.17349946143504405,0.8873373512330094,0.12539318260461657,5.4617574221396525,123
1747,-73.919949,40.818645,32.42068886756896,7.861650983492533,19.15296167135239,0.45810043811798096,0.20342767238616943,0.8293196558952332,0.10313987731933594,8.1044668952624,64
1748,-73.879931,40.839297,24.463088253894483,8.712294398541431,29.15932031041647,0.1608411949801158,0.10979893695877259,1.0444150871062374,0.13734671964224082,6.47474886423134,83
1749,-73.903139,40.855337,31.485764760090163,5.280884968707839,20.19742942718138,0.1600001231733575,0.37534629484735815,0.6628936553097154,0.13919202199422692,6.408546631594739,83
1750,-73.919316,40.812804,26.73072645399305,9.818558163113066,22.224858601888023,0.29783079359266496,0.45756276448567706,0.7105229695638021,0.09068637424045138,7.604768541124131,75
1751,-73.878191,40.832508,21.778350137960057,11.222948404304086,24.558422635879197,0.09409184194315334,0.011287158048605616,0.3448663381584586,0.09221789203112639,8.708246045977758,79
1752,-73.922527,40.823014,24.585142717674866,11.991801732023,22.73241768420582,0.29634556300203563,0.01191958575181558,0.6204712558800066,0.18246834266913325,6.619935640147035,71
1753,-73.913016,40.854335,24.657408396403,15.923561731974287,19.692408243815102,0.0891571044921875,0.029510498046875,0.6583925882975259,0.11570103963216144,7.188231150309244,50
1754,-73.897404,40.854257,27.50510872338791,6.646910634739005,24.87889316594489,0.1462074826439593,0.08651162976416472,0.8378664652506511,0.11626537715163185,6.446436409638306,107
1755,-73.818083,40.826794,10.168974740164622,16.000392810017072,31.67464976408044,0.04026062634526467,0.021689278738839284,0.6778074770557637,0.14352733586110225,3.9740484588000244,49
1756,-73.912038,40.814857,24.602063015253854,8.15511809455024,25.165127262924656,0.1621891753842132,0.330794941295277,0.5408903565069642,0.12569138498017282,5.347684417108093,66
1757,-73.92115,40.806389,21.95663105930039,9.208875914218009,26.756526141276847,0.18582391266775602,0.13382159443971742,0.8790935226792943,0.1266929576105804,5.632907565277402,101
1758,-73.910421,40.821682,24.992523193359375,9.047245449490017,25.135601891411675,0.19084082709418404,0.09154637654622395,0.7034227583143446,0.157473882039388,5.514931148952908,60
1759,-73.913016,40.854335,24.657408396403,15.923561731974287,19.692408243815102,0.0891571044921875,0.029510498046875,0.6583925882975259,0.11570103963216144,7.188231150309244,50
1760,-73.912686,40.877379,24.267526467641193,20.894263408802175,18.141964188328494,0.08606248431735569,0.0037484698825412327,0.6217223626595957,0.09748759093108,5.418867093545419,72
1761,-73.875451,40.872455,21.37236100076977,9.630652985286192,25.786124682817302,0.17888949868457563,0.12387551896559085,0.591714264916592,0.13675637583915,6.143286449661672,61
1762,-73.90392,40.827455,24.52442659969218,13.87987638774671,19.89186772128992,0.13833408467253747,0.049718221028645836,0.511940738611054,0.07563585426375183,6.15165498521593,57
1763,-73.839583,40.839775,22.130710895244892,11.839059193929035,25.400897784110825,0.17885354849008414,0.4204089824969952,0.9255590194310898,0.15481215256911057,4.5175557258801575,65
1764,-73.919913,40.81264,26.736023531381385,12.498681325031571,20.810575753330706,0.31802434040360666,0.37693115602056665,0.6503457525169036,0.07550534474323073,7.191554992553221,83
1765,-73.911366,40.839307,28.249719657149967,9.397941664153455,21.876953349393958,0.27189965341605393,0.027856265797334558,0.5735468396953508,0.15440361172545192,6.397415235930798,85
1766,-73.911366,40.839307,28.249719657149967,9.397941664153455,21.876953349393958,0.27189965341605393,0.027856265797334558,0.5735468396953508,0.15440361172545192,6.397415235930798,85
1767,-73.864438,40.851577,30.53158608035765,15.11489250809674,17.54601934681768,0.08727087490800498,0.579858862835428,0.5824766297271287,0.09778893512228261,7.934494755694256,69
1768,-73.919597,40.839503,24.315013771965393,7.083923476082938,24.848241465432302,0.19369409197852724,0.4686151232038225,0.9270668029785156,0.17330419449579146,5.721375488099597,56
1769,-73.843013,40.856531,9.888774131420796,26.18687343999806,23.44622511400955,0.2886888850087355,0.0031628186189675634,0.9175332789682639,0.12884381451184237,5.422803822448988,79
1770,-73.885284,40.815827,21.774178491511815,5.898792642942617,30.432976467508666,0.15154937063584306,0.04912228651449714,0.7263805944594978,0.11074375098859761,5.495193866496914,142
1771,-73.92996,40.815712,22.66874086289179,5.71087087903704,31.97980040595645,0.15569717165023564,0.09439407833038814,1.0797375724429177,0.15446458544049943,4.74000961061508,84
1772,-73.911708,40.853728,24.955100104922344,13.139463281955848,20.81044644725566,0.10807400658017113,0.07370929328762756,0.5517933644405028,0.10208467236992452,8.606381319007095,49
1773,-73.85593,40.821218,15.668652687237891,12.928421053535494,28.87729339269332,0.1813599557587595,0.015288513976258116,0.6945824726319416,0.12402472557959618,5.1867332293357675,77
1774,-73.897066,40.869061,29.3315182129542,13.354423145453135,16.667513052622475,0.18040289481480914,0.3960291544596354,0.7622301578521729,0.1078486442565918,6.20441734790802,64
1775,-73.888625,40.859466,18.807018268573753,17.82973292353633,23.856323975342526,0.1865805090368689,0.06458179370777027,0.7956075238751935,0.15616545806059967,5.728682097014006,111
1776,-73.888625,40.859466,18.807018268573753,17.82973292353633,23.856323975342526,0.1865805090368689,0.06458179370777027,0.7956075238751935,0.15616545806059967,5.728682097014006,111
1777,-73.888625,40.859466,18.807018268573753,17.82973292353633,23.856323975342526,0.1865805090368689,0.06458179370777027,0.7956075238751935,0.15616545806059967,5.728682097014006,111
1778,-73.888625,40.859466,18.807018268573753,17.82973292353633,23.856323975342526,0.1865805090368689,0.06458179370777027,0.7956075238751935,0.15616545806059967,5.728682097014006,111
1779,-73.889011,40.879958,17.03499402755346,17.502197852501503,24.877768296461838,0.07170897263746995,0.024149968073918268,0.6727328667273889,0.1019893548427484,4.577703965015901,26
1780,-73.897066,40.869061,29.3315182129542,13.354423145453135,16.667513052622475,0.18040289481480914,0.3960291544596354,0.7622301578521729,0.1078486442565918,6.20441734790802,64
1781,-73.917526,40.831873,29.218405405680336,7.783541997273764,21.20974413553874,0.24639352162679035,0.2744000752766927,0.7364339828491211,0.13343302408854166,5.8356691996256504,100
1782,-73.889011,40.879958,17.03499402755346,17.502197852501503,24.877768296461838,0.07170897263746995,0.024149968073918268,0.6727328667273889,0.1019893548427484,4.577703965015901,26
1783,-73.898265,40.823124,30.742364812780306,5.304426263879847,24.55257839626736,0.1719757362648293,0.10123076262297455,0.9908209906684028,0.1409410547327112,6.185456735116463,45
1784,-73.903139,40.855337,31.485764760090163,5.280884968707839,20.19742942718138,0.1600001231733575,0.37534629484735815,0.6628936553097154,0.13919202199422692,6.408546631594739,83
1785,-73.859998,40.822925,14.9574213915759,11.898442574807474,29.758477425790048,0.1720067617055532,0.018106065354905686,0.6640829481520094,0.14340741498334272,4.952454781747079,111
1786,-73.917705,40.828009,30.16951780548621,9.019313563186277,19.701434984239924,0.4412483923213998,0.39319369391477393,0.8715439498219704,0.19009121504845897,7.201622769595012,97
1787,-73.85593,40.821218,15.668652687237891,12.928421053535494,28.87729339269332,0.1813599557587595,0.015288513976258116,0.6945824726319416,0.12402472557959618,5.1867332293357675,77
1788,-73.917705,40.828009,30.16951780548621,9.019313563186277,19.701434984239924,0.4412483923213998,0.39319369391477393,0.8715439498219704,0.19009121504845897,7.201622769595012,97
1789,-73.831669,40.874035,15.108594649877304,16.653477595402645,26.326793768467045,0.10286575708633815,0.002922644981971154,0.5775979849008414,0.11107518122746396,4.686661255665314,65
1790,-73.917526,40.831873,29.218405405680336,7.783541997273764,21.20974413553874,0.24639352162679035,0.2744000752766927,0.7364339828491211,0.13343302408854166,5.8356691996256504,100
1791,-73.885081,40.833595,22.153061054371022,8.1217532687717,29.677020178900825,0.07259086326316551,0.04570431179470486,0.8463866622359665,0.14797175372088398,6.297437526561596,90
1792,-73.910426,40.875161,33.25373967488607,13.275414958144681,16.530628782330137,0.1919382268732244,0.3543333573774857,0.8226848371101149,0.14374241684422348,6.122426408709902,110
1793,-73.929797,40.834599,26.426549986297008,11.64837070539886,22.218787436391793,0.13432783239028034,0.24425282197840073,0.8884916118547029,0.11942433375938266,8.43795795066684,34
1794,-73.830616,40.882778,13.20178371736373,15.76764556183212,30.07632324978766,0.13387833518543463,0.08423465421830101,0.9967157210426767,0.13937420315212673,4.981089186394351,87
1795,-73.900121,40.828406,24.161508165556803,14.182635011344118,21.093692450687804,0.2611839908292924,0.05717441953461746,0.5883638886199601,0.13446807861328125,7.014907639602135,58
1796,-73.859998,40.822925,14.9574213915759,11.898442574807474,29.758477425790048,0.1720067617055532,0.018106065354905686,0.6640829481520094,0.14340741498334272,4.952454781747079,111
1797,-73.927397,40.820298,16.27266341564702,10.180218640495749,30.41556003046971,0.2660280115464154,0.20232705508961396,0.9664082994648053,0.1662729300704657,6.421363306980506,85
1798,-73.818083,40.826794,10.168974740164622,16.000392810017072,31.67464976408044,0.04026062634526467,0.021689278738839284,0.6778074770557637,0.14352733586110225,3.9740484588000244,49
1799,-73.865028,40.862098,23.63092340069053,14.572025228429723,21.036339983528045,0.11801778534312307,0.3362019856770833,0.7487879859076606,0.10954656718689718,6.995172265135212,54
1800,-73.911366,40.839307,28.249719657149967,9.397941664153455,21.876953349393958,0.27189965341605393,0.027856265797334558,0.5735468396953508,0.15440361172545192,6.397415235930798,85
1801,-73.917417,40.809023,27.119990600936713,9.426797669509364,21.790256719479615,0.16411255145895073,0.13107102492759967,0.6258284908601607,0.09437045831789914,7.37981193367092,58
1802,-73.929949,40.816245,23.82223939382902,5.753041339176956,30.807941190658077,0.09428352437993533,0.10316089917254703,1.1352251934748825,0.14061056157594085,5.102874386695123,62
1803,-73.911633,40.818041,26.72528889444139,6.9041245513492155,25.073243512047657,0.123592217763265,0.338039133283827,0.8525888125101725,0.10660688082377116,5.31141824192471,48
1804,-73.912686,40.877379,24.267526467641193,20.894263408802175,18.141964188328494,0.08606248431735569,0.0037484698825412327,0.6217223626595957,0.09748759093108,5.418867093545419,72
1805,-73.878191,40.832508,21.778350137960057,11.222948404304086,24.558422635879197,0.09409184194315334,0.011287158048605616,0.3448663381584586,0.09221789203112639,8.708246045977758,79
1806,-73.900593,40.826933,23.202102398746227,13.790262313116163,22.130493890671502,0.2706194680834573,0.04038129534040179,0.4997389657156808,0.12983291868179564,6.2884936257014195,63
1807,-73.898265,40.823124,30.742364812780306,5.304426263879847,24.55257839626736,0.1719757362648293,0.10123076262297455,0.9908209906684028,0.1409410547327112,6.185456735116463,45
1808,-73.865498,40.843531,20.803708615510363,9.40795912258867,29.532641949860945,0.10439693063929463,0.10675762010657269,0.7698846899944803,0.10172387827997623,6.728949754134467,46
1809,-73.900593,40.826933,23.202102398746227,13.790262313116163,22.130493890671502,0.2706194680834573,0.04038129534040179,0.4997389657156808,0.12983291868179564,6.2884936257014195,63
1810,-73.854402,40.901436,24.934268527560764,14.014290703667536,22.343161900838215,0.08841620551215276,0.1660283406575521,0.5833053588867188,0.15684551662868923,8.72221310933431,30
1811,-73.836525,40.863842,11.792723703201705,12.626973879291636,34.07894258754921,0.11413398830369971,0.02246067441742996,0.8645561919815239,0.1320356610177577,4.367802060883621,87
1812,-73.925045,40.820059,17.30818356868725,11.053486146788664,29.832201418669335,0.26415764997546803,0.07888406947039175,0.7330751649423497,0.12314469342070503,6.8476409727824485,69
1813,-73.901599,40.816078,24.068184066237063,10.895981704979613,22.292446671870717,0.13720361809981496,0.056321997391550166,0.6755761932908444,0.1270829585560581,5.645639018008583,38
1814,-73.823816,40.864073,18.570966159596164,16.389482535567936,25.701267766017537,0.08889217002719056,0.011821073644301471,0.560144910625383,0.13588176054113052,4.138607698328355,85
1815,-73.906403,40.829793,25.589945959666412,9.205336293215476,23.57530089282485,0.1148869751622437,0.06860400003100199,0.692655674364201,0.09833088627567997,5.915643298436725,63
1816,-73.912557,40.807916,23.16282895895151,9.701520357376491,25.730104935474888,0.10400796547914162,0.035865490253155045,0.5800607876899916,0.09016746129745092,6.218994580782377,52
1817,-73.904223,40.818069,30.496357426498875,10.785565954266172,19.463456038272742,0.23470213918974903,0.6641756404529918,1.1322375499840938,0.1368891109119762,4.581383502844608,44
1818,-73.925995,40.813681,24.854288962771218,16.310655587930174,20.609281961791613,0.174564290269513,0.08501248939015041,0.6506186036677375,0.10890396213234399,4.590772468352987,107
1819,-73.90497,40.835934,23.893534126928298,14.726834378000033,19.68287667312191,0.19523652933411678,0.10801412291445975,0.5651086063708289,0.10833847994184763,6.744307178561971,59
1820,-73.911633,40.818041,26.72528889444139,6.9041245513492155,25.073243512047657,0.123592217763265,0.338039133283827,0.8525888125101725,0.10660688082377116,5.31141824192471,48
1821,-73.843013,40.856531,9.888774131420796,26.18687343999806,23.44622511400955,0.2886888850087355,0.0031628186189675634,0.9175332789682639,0.12884381451184237,5.422803822448988,79
1822,-73.908773,40.814952,29.799441881077264,11.396828005390782,18.742002466673494,0.22507431686565443,0.4467779590237525,0.5720846114620086,0.08520310924899194,5.923851587439096,62
1823,-73.857989,40.845023,17.739904898184317,9.813587753861038,30.420767466227215,0.05732924849898726,0.0703854031032986,0.69141599867079,0.13078407005027487,6.456842069272641,45
1824,-73.912038,40.814857,24.602063015253854,8.15511809455024,25.165127262924656,0.1621891753842132,0.330794941295277,0.5408903565069642,0.12569138498017282,5.347684417108093,66
1825,-73.919024,40.827461,32.33354930119412,6.190377856613299,20.96643156232455,0.7566524937247646,0.22608555785012902,1.0630578440628287,0.3021861435076512,6.631409939640522,109
1826,-73.860729,40.860443,14.353371843879605,20.253111992353272,23.39592156586824,0.21642108022430798,0.007763615360966435,0.7431742585735556,0.13390058352623457,3.9958889101758417,54
1827,-73.860729,40.860443,14.353371843879605,20.253111992353272,23.39592156586824,0.21642108022430798,0.007763615360966435,0.7431742585735556,0.13390058352623457,3.9958889101758417,54
1828,-73.890591,40.836245,24.940808216730755,13.226985136667889,20.918554862340294,0.12410720189412434,0.4583907127380371,0.5937206745147705,0.07431228955586751,6.675971349080403,80
1829,-73.852714,40.888242,21.363131205240887,12.346364163804326,26.37091011836611,0.1011486711173222,0.2460216653758082,0.6487155782765356,0.23428379804238506,5.046398338230176,29
1830,-73.852714,40.888242,21.363131205240887,12.346364163804326,26.37091011836611,0.1011486711173222,0.2460216653758082,0.6487155782765356,0.23428379804238506,5.046398338230176,29
1831,-73.903951,40.833493,25.434599117356907,12.902830733733923,20.2181355482867,0.42676147149533644,0.22238128039301658,0.7166868975373353,0.12570984509526467,7.902868750954973,49
1832,-73.878191,40.832508,21.778350137960057,11.222948404304086,24.558422635879197,0.09409184194315334,0.011287158048605616,0.3448663381584586,0.09221789203112639,8.708246045977758,79
1833,-73.919949,40.818645,32.42068886756896,7.861650983492533,19.15296167135239,0.45810043811798096,0.20342767238616943,0.8293196558952332,0.10313987731933594,8.1044668952624,64
1834,-73.882487,40.855392,22.562945071345805,11.71489330606723,24.065297677976275,0.1430765204473373,0.1860499017464641,0.5773515147171254,0.1209352359130113,5.9138782162914225,109
1835,-73.902969,40.84325,26.105212830660633,8.16091637862356,27.63134471157141,0.19905793039422282,0.18601601583915844,1.0332378588224713,0.10587725722998904,7.759522889789782,95
1836,-73.922366,40.821828,20.82936217387517,12.6497154434522,25.89164674282074,0.25300532579421997,0.01322329044342041,0.5445177356402079,0.1323858896891276,6.656397879123688,64
1837,-73.839682,40.886002,8.296745658939722,24.72481442312909,25.27933772812542,0.05008501884264824,0.0024257562099358975,0.6930261595636352,0.15700902694310898,3.629808344392695,39
1838,-73.897876,40.817741,20.08374815895444,13.727372033255444,24.22725756963094,0.19188494909377324,0.23966857365199498,1.0184543473379952,0.09242920648484003,6.282192184811548,56
1839,-73.866038,40.838151,25.226875289855716,9.343400058976139,24.674196128385613,0.16426140046023938,0.17380695266417232,0.8460860654532191,0.1021817984829945,7.434313747298765,83
1840,-73.839682,40.886002,8.296745658939722,24.72481442312909,25.27933772812542,0.05008501884264824,0.0024257562099358975,0.6930261595636352,0.15700902694310898,3.629808344392695,39
1841,-73.90557,40.812075,25.018901673574298,5.470610421801371,27.412814185732888,0.0977122594439794,0.07239750453404017,0.969478062220982,0.11608789837549602,5.459777135697623,42
1842,-73.893236,40.861316,28.76570993854154,5.0720748081002185,24.73443195384036,0.3228672089115266,0.1846851841095955,0.8383356114869476,0.13018346601916897,7.070134532067084,124
1843,-73.866038,40.838151,25.226875289855716,9.343400058976139,24.674196128385613,0.16426140046023938,0.17380695266417232,0.8460860654532191,0.1021817984829945,7.434313747298765,83
1844,-73.881187,40.820486,17.620219237415505,14.191856113731438,27.38558654244065,0.1277761256441157,0.02187363644863697,0.7089574286278258,0.08193482743932846,6.001476531333112,47
1845,-73.843013,40.856531,9.888774131420796,26.18687343999806,23.44622511400955,0.2886888850087355,0.0031628186189675634,0.9175332789682639,0.12884381451184237,5.422803822448988,79
1846,-73.912686,40.877379,24.267526467641193,20.894263408802175,18.141964188328494,0.08606248431735569,0.0037484698825412327,0.6217223626595957,0.09748759093108,5.418867093545419,72
1847,-73.860729,40.860443,14.353371843879605,20.253111992353272,23.39592156586824,0.21642108022430798,0.007763615360966435,0.7431742585735556,0.13390058352623457,3.9958889101758417,54
1848,-73.90392,40.827455,24.52442659969218,13.87987638774671,19.89186772128992,0.13833408467253747,0.049718221028645836,0.511940738611054,0.07563585426375183,6.15165498521593,57
1849,-73.861649,40.875172,21.193084961328754,11.59508656232785,25.69651970496545,0.14934539794921878,0.07178600017841046,0.9126528715476011,0.17029750041472605,6.1829774807661,52
1850,-73.861649,40.875172,21.193084961328754,11.59508656232785,25.69651970496545,0.14934539794921878,0.07178600017841046,0.9126528715476011,0.17029750041472605,6.1829774807661,52
1851,-73.912686,40.877379,24.267526467641193,20.894263408802175,18.141964188328494,0.08606248431735569,0.0037484698825412327,0.6217223626595957,0.09748759093108,5.418867093545419,72
1852,-73.922366,40.821828,20.82936217387517,12.6497154434522,25.89164674282074,0.25300532579421997,0.01322329044342041,0.5445177356402079,0.1323858896891276,6.656397879123688,64
1853,-73.897066,40.869061,29.3315182129542,13.354423145453135,16.667513052622475,0.18040289481480914,0.3960291544596354,0.7622301578521729,0.1078486442565918,6.20441734790802,64
1854,-73.878191,40.832508,21.778350137960057,11.222948404304086,24.558422635879197,0.09409184194315334,0.011287158048605616,0.3448663381584586,0.09221789203112639,8.708246045977758,79
1855,-73.925995,40.813681,24.854288962771218,16.310655587930174,20.609281961791613,0.174564290269513,0.08501248939015041,0.6506186036677375,0.10890396213234399,4.590772468352987,107
1856,-73.912686,40.877379,24.267526467641193,20.894263408802175,18.141964188328494,0.08606248431735569,0.0037484698825412327,0.6217223626595957,0.09748759093108,5.418867093545419,72
1857,-73.921888,40.808703,23.617594961136106,11.049537431626094,23.11419608101012,0.31151052505250965,0.09162766592843193,0.917702251010471,0.13685075063554067,6.5647113890874955,84
1858,-73.916084,40.842503,33.947303656375766,7.759601130630031,18.555396686900746,0.261959307121508,0.03934166648171165,0.7955926837343158,0.09326472426905776,6.855101151899857,55
1859,-73.865028,40.862098,23.63092340069053,14.572025228429723,21.036339983528045,0.11801778534312307,0.3362019856770833,0.7487879859076606,0.10954656718689718,6.995172265135212,54
1860,-73.907528,40.810671,26.74829002951278,6.912714770051088,25.298078368310218,0.116012209937686,0.06823247792769452,0.8757221455476722,0.14191711840986393,5.0125848679315474,49
1861,-73.839583,40.839775,22.130710895244892,11.839059193929035,25.400897784110825,0.17885354849008414,0.4204089824969952,0.9255590194310898,0.15481215256911057,4.5175557258801575,65
1862,-73.85593,40.821218,15.668652687237891,12.928421053535494,28.87729339269332,0.1813599557587595,0.015288513976258116,0.6945824726319416,0.12402472557959618,5.1867332293357675,77
1863,-73.857882,40.829153,18.85106726343852,14.850425720214844,25.40162480978602,0.11523143354668675,0.04927393901778991,0.7074390549257578,0.12724198490740304,7.046064507051643,83
1864,-73.911366,40.839307,28.249719657149967,9.397941664153455,21.876953349393958,0.27189965341605393,0.027856265797334558,0.5735468396953508,0.15440361172545192,6.397415235930798,85
1865,-73.882487,40.855392,22.562945071345805,11.71489330606723,24.065297677976275,0.1430765204473373,0.1860499017464641,0.5773515147171254,0.1209352359130113,5.9138782162914225,109
1866,-73.836525,40.863842,11.792723703201705,12.626973879291636,34.07894258754921,0.11413398830369971,0.02246067441742996,0.8645561919815239,0.1320356610177577,4.367802060883621,87
1867,-73.853203,40.838759,21.066583809277688,15.545413849201609,21.477901512849417,0.13935582857605414,0.17291265176543105,0.8181984542954899,0.13650664201019505,6.4695016712161655,94
1868,-73.909022,40.848552,30.149225728162726,6.006984473017518,22.675149685868593,0.1874552337551414,0.06948274986766209,0.6692348610946321,0.12410660027714904,5.321390086616682,107
1869,-73.864154,40.845897,22.934847479467994,10.35355146940764,26.227847090712537,0.06256447182045327,0.05648844950907939,0.5199844772751266,0.18218616107562643,7.000712661055832,37
1870,-73.908399,40.828578,24.862852361467148,6.477768332869918,27.704554133945045,0.18873303024857133,0.04476176367865668,0.7726607499299225,0.11560122172037761,5.2142099097923,72
1871,-73.923738,40.843378,23.308982498689588,12.368499325329237,26.812477061754766,0.11794423180928067,0.12415788305087352,0.7139916807960651,0.11547043567567361,4.340787071568448,127
1872,-73.859622,40.826949,14.67837937134134,10.627272169468766,32.055086200520144,0.14815680724752825,0.04640514567746955,0.9987839197708388,0.1541614532470703,5.002932898742332,118
1873,-73.912038,40.814857,24.602063015253854,8.15511809455024,25.165127262924656,0.1621891753842132,0.330794941295277,0.5408903565069642,0.12569138498017282,5.347684417108093,66
1874,-73.919979,40.813077,27.539347895869504,12.94902483622233,20.1420204727738,0.3727683314570674,0.3430069817437066,0.6610884489836516,0.07707878395363137,7.116993798149957,90
1875,-73.909565,40.818945,24.203190835965735,14.388273848968298,22.444623181609067,0.20568289724337002,0.09669089803890306,0.7014371910873725,0.08605645627391581,5.718071606694434,49
1876,-73.900121,40.828406,24.161508165556803,14.182635011344118,21.093692450687804,0.2611839908292924,0.05717441953461746,0.5883638886199601,0.13446807861328125,7.014907639602135,58
1877,-73.923271,40.823885,27.75750160217285,12.755970801076582,19.25703735761745,0.2613221445391255,0.016232459775863156,0.719487795265772,0.185010253742177,7.786069377776115,62
1878,-73.862924,40.888351,26.20131824955796,17.070316545891043,18.321601549784344,0.057632272893732246,0.6147023403283322,0.6512627457127427,0.13847495570327295,5.791252309625799,44
1879,-73.907295,40.880738,20.70371568665024,14.047555036323015,23.34907664809116,0.2446200496466585,0.14610068742619003,0.8737138999524966,0.13382601183514262,6.066380729971007,86
1880,-73.914067,40.827438,24.83612592950423,9.153363762832269,25.80440283467776,0.15657600671618288,0.17349946143504405,0.8873373512330094,0.12539318260461657,5.4617574221396525,123
1881,-73.914067,40.827438,24.83612592950423,9.153363762832269,25.80440283467776,0.15657600671618288,0.17349946143504405,0.8873373512330094,0.12539318260461657,5.4617574221396525,123
1882,-73.889602,40.846205,25.06065569124423,6.118460818453952,26.06095179423198,0.2903064807972034,0.1867574972433371,0.7431096142834729,0.11543296836875938,5.520155336763765,111
1883,-73.831669,40.874035,15.108594649877304,16.653477595402645,26.326793768467045,0.10286575708633815,0.002922644981971154,0.5775979849008414,0.11107518122746396,4.686661255665314,65
1884,-73.878191,40.832508,21.778350137960057,11.222948404304086,24.558422635879197,0.09409184194315334,0.011287158048605616,0.3448663381584586,0.09221789203112639,8.708246045977758,79
1885,-73.891086,40.842564,24.692960387294733,8.547444328135272,25.685999848696024,0.13451807707258798,0.04103577252730582,0.7756825789664555,0.105395209056274,5.680560448408899,103
1886,-73.887345,40.851395,26.295659083337966,8.411824347850107,23.145819614896286,0.20320241044207318,0.129049451047489,0.635969218845936,0.13912893569243312,5.4548529751578645,123
1887,-73.919949,40.818645,32.42068886756896,7.861650983492533,19.15296167135239,0.45810043811798096,0.20342767238616943,0.8293196558952332,0.10313987731933594,8.1044668952624,64
1888,-73.88819,40.820102,24.909006519082148,4.999121913203487,30.121775909706397,0.19368448375183855,0.418143802218967,0.8245362175835503,0.09369791289906443,6.805205050809883,108
1889,-73.890918,40.817257,22.24208733576746,7.433614498231469,29.046263862754593,0.1752129738246845,0.17930834597042258,0.647915992633437,0.09390306343554158,4.517693765118193,123
1890,-73.841278,40.898907,15.937822977701824,19.948800404866535,24.321598052978516,0.07108306884765625,0.057037353515625,0.5252914428710938,0.12579345703125,6.346529642740887,25
1891,-73.915977,40.816452,30.925293369694156,2.3400979715066628,24.284698154117255,0.4742530731109527,0.2988082152587158,0.7888095156924503,0.1227436122951565,6.058143352245068,111
1892,-73.903309,40.815506,23.29437549297626,10.956350962320963,23.088122636843952,0.2080232669145633,0.057851351224459134,0.7592633239224426,0.08709247295673077,5.133268568250869,39
1893,-73.917332,40.836945,32.82565336961012,4.818384463970478,20.79682431669317,0.2020114507430639,0.0954603537535056,0.743321068266518,0.1273733937842214,7.062515845665565,78
1894,-73.919432,40.816145,32.94022851297502,4.379874584721584,21.78453050073789,0.5152309642118565,0.3545109297381062,0.6132302164029673,0.10885457698704483,7.247402821602274,119
1895,-73.881894,40.825121,23.6055548473071,5.473041534423828,31.568287264916204,0.20232046804120463,0.051541482248613914,1.1349631894019343,0.12460370217600177,6.14697753742177,62
1896,-73.928762,40.807365,24.96325903468662,6.278449628088208,29.461413621902466,0.11998613675435384,0.011328856150309244,0.8220328225029839,0.09492238362630208,5.52439358499315,96
1897,-73.909363,40.811051,24.716269969940186,10.143871439827814,23.558164967430965,0.13507670826382107,0.05311171213785807,0.7009082370334202,0.13411442438761392,5.678567621443006,48
1898,-73.896376,40.868781,29.71099041126392,10.717098359708432,18.872806760999893,0.1841183061952944,0.36227791397659864,0.8808957205878365,0.11454202510692453,5.987752808464898,72
1899,-73.929502,40.818347,21.371637606153307,5.280564345565496,31.452651584849637,0.2755127701104856,0.2808159472895604,1.137384713864794,0.16433397928873697,4.949515006121467,68
1900,-73.838299,40.825715,16.558170630261788,9.144397498735415,35.37046457427779,0.16302563785727509,0.08561938416724112,1.0431701061772365,0.11546783197939005,3.7690340303907206,102
1901,-73.89654,40.847487,24.98094060576658,7.231909630634531,26.228064114285498,0.24631834521736065,0.09255949983891752,0.84672514925298,0.1183516381122812,7.420306189363355,97
1902,-73.909019,40.808963,24.20203934854536,6.159528096516927,28.196970621744793,0.08381231507258627,0.060354773677996736,0.7679322465735288,0.11847197119869403,3.9896960282207132,67
1903,-73.922366,40.821828,20.82936217387517,12.6497154434522,25.89164674282074,0.25300532579421997,0.01322329044342041,0.5445177356402079,0.1323858896891276,6.656397879123688,64
1904,-73.880672,40.839563,27.009017622790576,8.674324517962576,26.947132929074808,0.1159350077311198,0.1530022456728179,1.0629204497940237,0.14510611464694087,6.672702438529881,87
1905,-73.826791,40.879852,16.34843804863062,13.988569166776392,26.612680413749782,0.13399802790152446,0.08250675844342521,0.7080635327971383,0.15122524361485398,6.053332353799084,89
1906,-73.906158,40.8623,24.262594065785837,18.11136020127163,15.827656475873829,0.1944989713716678,0.03909039241011425,0.4354138528147051,0.10418772270175292,8.674067493835231,93
1907,-73.906158,40.8623,24.262594065785837,18.11136020127163,15.827656475873829,0.1944989713716678,0.03909039241011425,0.4354138528147051,0.10418772270175292,8.674067493835231,93
1908,-73.901821,40.869142,25.021343520193387,9.189925771771057,22.56119829235655,0.14293410561301492,0.03496950322931463,0.39091688213926373,0.09305260398171165,7.062644669503879,44
1909,-73.918794,40.838714,26.65123534358405,6.853539959277982,23.498808792213993,0.23057040046243107,0.4921931846469056,0.8367426255170036,0.11434742048674937,6.9742196525623585,51
1910,-73.893499,40.84539,23.968504283053818,9.258272628153652,25.66572877657972,0.189610683556759,0.07405767099259643,0.7461652939641442,0.09776501616170584,6.132406439662965,121
1911,-73.902409,40.832956,25.27851417050724,11.981261961641367,21.0354330944039,0.4015102721097177,0.338143911975169,0.6856193319398758,0.10383672881544682,8.123932665551616,57
1912,-73.850735,40.850089,13.916641293150006,17.575728291212908,26.328268918124113,0.12414286835025057,0.04268415046460701,0.8901576803188131,0.11969094324593593,5.7621551282478105,66
1913,-73.827252,40.845321,17.963915724095287,16.06530522912498,26.14597460118736,0.07405474903137703,0.015747256395293445,0.8337629519826997,0.13863710853142466,6.747026753619435,82
1914,-73.907489,40.823318,21.760396863899977,11.494124636930579,24.566220769695207,0.1522541046142578,0.05724850822897518,0.6540420008640663,0.14590001573749614,5.692546975378897,68
1915,-73.915228,40.806741,29.237476436571146,11.237584585430978,20.84691442292312,0.24329437606636137,0.12400396938981681,0.5393905201177487,0.04443135754815463,5.791809367037368,58
1916,-73.915228,40.806741,29.237476436571146,11.237584585430978,20.84691442292312,0.24329437606636137,0.12400396938981681,0.5393905201177487,0.04443135754815463,5.791809367037368,58
1917,-73.911906,40.832648,28.9774667649042,8.031877707609366,21.837294359743854,0.2899533226376488,0.1999594948508523,0.6740999428224771,0.13055677537794236,7.250570322011972,77
1918,-73.910589,40.823695,25.029040795785413,5.654106846562138,27.877168302182803,0.1706292894151476,0.0908660888671875,1.026309684470848,0.16775201868127892,6.118578027795862,90
1919,-73.890591,40.836245,24.940808216730755,13.226985136667889,20.918554862340294,0.12410720189412434,0.4583907127380371,0.5937206745147705,0.07431228955586751,6.675971349080403,80
1920,-73.922527,40.823014,24.585142717674866,11.991801732023,22.73241768420582,0.29634556300203563,0.01191958575181558,0.6204712558800066,0.18246834266913325,6.619935640147035,71
1921,-73.912039,40.816974,28.158745111203665,6.660721348781211,23.930490406510096,0.1872580035839205,0.6369646857766544,0.909632015851588,0.1250129899168326,5.734335830788208,51
1922,-73.921328,40.83862,23.9816771613227,6.851287049371839,25.92829736534524,0.17030181516195841,0.3910838693812273,0.7873931368767927,0.18338558178592995,6.569390596398984,69
1923,-73.864113,40.876633,27.947032111031664,10.187804358346122,22.84323192778088,0.17367499215262278,0.07992063249860491,0.9882827032180058,0.12761978876023064,5.901904333205451,70
1924,-73.864113,40.876633,27.947032111031664,10.187804358346122,22.84323192778088,0.17367499215262278,0.07992063249860491,0.9882827032180058,0.12761978876023064,5.901904333205451,70
1925,-73.851483,40.828911,21.463663313123913,9.15547355772957,29.717436896430115,0.15491182841951887,0.06657131134517609,0.8959261576334635,0.12429403880285839,6.168898930625311,105
1926,-73.92996,40.815712,22.66874086289179,5.71087087903704,31.97980040595645,0.15569717165023564,0.09439407833038814,1.0797375724429177,0.15446458544049943,4.74000961061508,84
1927,-73.885804,40.831212,21.380095365570813,7.564823801924542,31.281410775533537,0.09411835088962461,0.10259209609613186,0.8344502953009878,0.1544134403631939,5.7057446580592215,82
1928,-73.875262,40.841376,21.17016012018377,10.252556656346176,29.111052426424894,0.21269480387369794,0.12883273037997162,0.6212517709443064,0.13878909024325284,6.428447492194898,55
1929,-73.866038,40.838151,25.226875289855716,9.343400058976139,24.674196128385613,0.16426140046023938,0.17380695266417232,0.8460860654532191,0.1021817984829945,7.434313747298765,83
1930,-73.913386,40.814614,22.143506195585605,7.4790399626823465,27.6881891455354,0.22509677261955996,0.13431613728151484,0.5469855615648173,0.13185436442746953,5.051727079402256,59
1931,-73.895543,40.874725,8.276774088541668,24.10278638203939,23.469949563344322,0.08719762166341145,0.0,0.23413260777791342,0.06346940994262695,3.165639241536458,40
1932,-73.900123,40.839072,14.981192951054537,21.28312014794165,22.39938484605893,0.05802553753520167,0.004338109216024709,0.44511602830517205,0.11112523633380268,5.147570233012354,43
1933,-73.92114,40.822574,26.042116165161133,11.173980712890625,23.06530316670736,0.27748743693033856,0.015651702880859375,0.5402088165283203,0.09954579671223959,6.064319610595703,50
1934,-73.918665,40.840262,27.89343727959527,5.236304247820819,23.220445491649485,0.13661973270369165,0.5164270047788266,0.7830284259937428,0.14887680242091045,6.594144562144339,54
1935,-73.905771,40.832328,23.49571686624829,12.87112470533027,21.73482498835996,0.28073670434170084,0.2629264456326844,0.6910079163931758,0.09069859655828423,8.068458369520846,61
1936,-73.904703,40.838654,20.47648578882217,14.070644974708557,24.639336764812473,0.1566186547279358,0.06403923034667969,0.4875575502713521,0.10487188895543416,5.520938336849213,64
1937,-73.839288,40.884371,10.21233223102711,20.131735448484065,27.064160064414697,0.18442648428457753,0.0274764166937934,0.6827972553394459,0.14901867619267217,3.760748439364963,36
1938,-73.839114,40.842725,23.531984612644912,11.777483315831688,25.134151719181418,0.08639753104213731,0.735262981859077,0.8190649101533085,0.12540395958835343,4.935382168934527,83
1939,-73.831856,40.88298,12.565626795329747,16.27976137494284,29.644593738374255,0.11646936810205852,0.08331934611002605,1.0104849224998838,0.14811205485510448,4.685104082501124,84
1940,-73.886477,40.821815,23.80203451690089,5.712052049307988,32.38235159395298,0.13989561819025384,0.39577045659909305,0.8350576934229824,0.10111505501115003,5.255410863065173,87
1941,-73.909363,40.811051,24.716269969940186,10.143871439827814,23.558164967430965,0.13507670826382107,0.05311171213785807,0.7009082370334202,0.13411442438761392,5.678567621443006,48
1942,-73.886798,40.830552,20.754903479467465,7.3695178776350705,31.137031040111168,0.06866213641589201,0.08979507639438292,0.7397864941303237,0.12769860054370222,5.665532848503016,79
1943,-73.901821,40.869142,25.021343520193387,9.189925771771057,22.56119829235655,0.14293410561301492,0.03496950322931463,0.39091688213926373,0.09305260398171165,7.062644669503879,44
1944,-73.890278,40.816494,22.60766242119897,7.663972609312202,27.666346732712793,0.1904502628356453,0.2017409156939489,0.6251137400549541,0.09536943410638124,4.856708857018178,127
1945,-73.892243,40.829306,23.71022640130459,9.481499745295599,26.113525415078186,0.15463095444899339,0.14499884385329026,0.737906113649026,0.08539114242944962,3.4833266184880185,52
1946,-73.903165,40.857248,35.52820796058292,4.130939453367203,18.585632339356437,0.19870636955140128,0.47197947426447795,0.6588186536516463,0.1110129886203342,6.628998499068002,84
1947,-73.85593,40.821218,15.668652687237891,12.928421053535494,28.87729339269332,0.1813599557587595,0.015288513976258116,0.6945824726319416,0.12402472557959618,5.1867332293357675,77
1948,-73.827642,40.831829,19.455081594865877,9.517811920683263,31.99008844666562,0.12356386346332097,0.11233636888407045,1.1688248585846464,0.17155200074621513,5.11681400449936,59
1949,-73.827642,40.831829,19.455081594865877,9.517811920683263,31.99008844666562,0.12356386346332097,0.11233636888407045,1.1688248585846464,0.17155200074621513,5.11681400449936,59
