recall,precision
1.0,0.30495928941524797
1.0,0.3050345508390918
1.0,0.30510984941989633
1.0,0.30526055816250924
1.0,0.30533596837944665
1.0,0.3058648849294729
1.0,0.30594059405940593
1.0,0.30616794649492196
1.0,0.3062438057482656
1.0,0.30631970260223046
1.0,0.30654761904761907
1.0,0.3066997518610422
1.0,0.3067758749069248
1.0,0.30692823441768063
1.0,0.30700447093889716
1.0,0.3070807453416149
1.0,0.3071570576540755
1.0,0.3079990032394717
1.0,0.3081525804038893
1.0,0.3082294264339152
1.0,0.3083063108006984
1.0,0.309
1.0,0.3090772693173293
0.9991909385113269,0.30921382073109666
0.9991909385113269,0.30929125970448285
0.9991909385113269,0.30952380952380953
0.9991909385113269,0.309679037111334
0.9991909385113269,0.309756709305242
0.9991909385113269,0.3103015075376884
0.9991909385113269,0.3105355795826
0.9991909385113269,0.31061368209255535
0.9991909385113269,0.3109264853977845
0.9991909385113269,0.3110831234256927
0.9991909385113269,0.31131837660700784
0.9991909385113269,0.3113968734241049
0.9991909385113269,0.31163260156447137
0.9991909385113269,0.3117899520323151
0.9991909385113269,0.3121840242669363
0.9991909385113269,0.3125
0.9991909385113269,0.31257909390027844
0.9991909385113269,0.3129751647237709
0.9991909385113269,0.3131338742393509
0.9991909385113269,0.3132132893735734
0.9983818770226537,0.3131979695431472
0.9983818770226537,0.31351626016260165
0.9983818770226537,0.3135959339263024
0.9983818770226537,0.3137554030002543
0.9983818770226537,0.3139949109414758
0.9983818770226537,0.31407482820055993
0.9983818770226537,0.3143148242485991
0.9983818770226537,0.31439490445859875
0.9983818770226537,0.3144750254841998
0.9983818770226537,0.31455518735661486
0.9983818770226537,0.31487624393978053
0.9983818770226537,0.31527848748083803
0.9983818770226537,0.31535905954510607
0.9983818770226537,0.31552032728202506
0.9983818770226537,0.3156817600409312
0.9983818770226537,0.31584335807524955
0.9983818770226537,0.31600512163892447
0.9983818770226537,0.31681643132220794
0.9983818770226537,0.3170606372045221
0.9983818770226537,0.31722365038560413
0.9983818770226537,0.3173052198508614
0.9983818770226537,0.3175501801338137
0.9983818770226537,0.3177955189286634
0.9983818770226537,0.31795928884308167
0.9983818770226537,0.31812322763598866
0.9983818770226537,0.3182052604435276
0.9983818770226537,0.31836945304437564
0.9983818770226537,0.31853381517811047
0.9983818770226537,0.318698347107438
0.9983818770226537,0.3187806768276931
0.9983818770226537,0.3191104215153866
0.9983818770226537,0.3193581780538302
0.9983818770226537,0.3194408490810251
0.9983818770226537,0.31952356292076645
0.9983818770226537,0.31968911917098447
0.9983818770226537,0.31985484707102124
0.9983818770226537,0.31993777547316565
0.9975728155339806,0.31984435797665367
0.9967637540453075,0.31983385254413293
0.9967637540453075,0.3199169047000779
0.9967637540453075,0.32
0.9967637540453075,0.3200831384775266
0.9967637540453075,0.32024954510007797
0.9967637540453075,0.3203328133125325
0.9967637540453075,0.3205828779599271
0.9967637540453075,0.3207498047383494
0.9959546925566343,0.32057291666666665
0.9959546925566343,0.3206564209429539
0.9959546925566343,0.32073996873371546
0.9959546925566343,0.3208235600729737
0.9959546925566343,0.3209908735332464
0.9959546925566343,0.32115836159666056
0.9959546925566343,0.3212421711899791
0.9959546925566343,0.32132602453667447
0.9951456310679612,0.3213166144200627
0.9951456310679612,0.3214005748628168
0.9951456310679612,0.3214845791949817
0.9951456310679612,0.3215686274509804
0.9951456310679612,0.321652719665272
0.9951456310679612,0.32173685587235157
0.9951456310679612,0.3219895287958115
0.9951456310679612,0.3220738413197172
0.9951456310679612,0.322158198009429
0.9951456310679612,0.3223270440251572
0.9951456310679612,0.32249606712113266
0.9951456310679612,0.3225806451612903
0.9951456310679612,0.3227499344004198
0.9951456310679612,0.3228346456692913
0.9951456310679612,0.3230042016806723
0.9951456310679612,0.32317393589069887
0.9951456310679612,0.3232588699080158
0.9951456310679612,0.32334384858044163
0.9951456310679612,0.32342887194320274
0.9951456310679612,0.3236842105263158
0.9951456310679612,0.32376941300342194
0.9951456310679612,0.32385466034755134
0.9951456310679612,0.32393995259415326
0.9951456310679612,0.3240252897787144
0.9951456310679612,0.3244526510155632
0.9951456310679612,0.3245382585751979
0.9951456310679612,0.3246239113222486
0.9951456310679612,0.32470960929250264
0.9951456310679612,0.32479535252178504
0.9951456310679612,0.3248811410459588
0.9951456310679612,0.3250528541226216
0.9951456310679612,0.3251387787470262
0.9951456310679612,0.32522474881015334
0.9943365695792881,0.32504628405183816
0.9943365695792881,0.3251322751322751
0.9943365695792881,0.32530439385918475
0.9943365695792881,0.32539052157797194
0.9935275080906149,0.3252980132450331
0.9935275080906149,0.32538420773714893
0.9927184466019418,0.3252054068380599
0.9927184466019418,0.32537788385043753
0.9927184466019418,0.32546419098143237
0.9927184466019418,0.3255505439108517
0.9927184466019418,0.3257233873108574
0.9927184466019418,0.3258098778544875
0.9927184466019418,0.3258964143426295
0.9919093851132686,0.325803879883072
0.9919093851132686,0.3258904837852206
0.9919093851132686,0.3259771337410263
0.9919093851132686,0.3261505719606278
0.9919093851132686,0.32623736029803085
0.9919093851132686,0.32632419483630554
0.9919093851132686,0.32641107561235355
0.9911003236245954,0.3263185935002664
0.9911003236245954,0.3264055422328804
0.9911003236245954,0.32657957877899224
0.9911003236245954,0.32666666666666666
0.9911003236245954,0.32675380101360363
0.9911003236245954,0.3268409818569904
0.9911003236245954,0.3269282092340539
0.9911003236245954,0.32701548318206086
0.9911003236245954,0.32719017094017094
0.9911003236245954,0.3272775848250067
0.9911003236245954,0.3273650454302512
0.9902912621359223,0.32727272727272727
0.9902912621359223,0.32736025675314256
0.9902912621359223,0.3274478330658106
0.9902912621359223,0.32753545624832753
0.9902912621359223,0.32762312633832974
0.9902912621359223,0.327710843373494
0.9902912621359223,0.327886418430217
0.9902912621359223,0.3279742765273312
0.9902912621359223,0.3280621817207183
0.9902912621359223,0.3281501340482574
0.9902912621359223,0.3283261802575107
0.9902912621359223,0.3285024154589372
0.9902912621359223,0.32859060402684565
0.9902912621359223,0.32885545405695865
0.9902912621359223,0.32894383230314433
0.9902912621359223,0.32912073137940306
0.9902912621359223,0.32929782082324455
0.9902912621359223,0.3293864370290635
0.9902912621359223,0.3294751009421265
0.9902912621359223,0.3295638126009693
0.9902912621359223,0.32965257204416915
0.9902912621359223,0.3297413793103448
0.9902912621359223,0.32983023443815684
0.9902912621359223,0.33018613434043703
0.9902912621359223,0.3302752293577982
0.9902912621359223,0.3303643724696356
0.9902912621359223,0.3305428031325952
0.9902912621359223,0.33063209076175043
0.9902912621359223,0.33072142664144827
0.9902912621359223,0.3309002433090024
0.9902912621359223,0.33125845737483084
0.9902912621359223,0.331348132106118
0.9902912621359223,0.3314378554021121
0.9902912621359223,0.3316174478461122
0.9902912621359223,0.3317972350230415
0.9902912621359223,0.33197721724979656
0.9902912621359223,0.33206728160607707
0.9902912621359223,0.332157394843962
0.9902912621359223,0.3323377681238121
0.9902912621359223,0.33251833740831294
0.9902912621359223,0.33297062023939067
0.9902912621359223,0.3330612244897959
0.9902912621359223,0.3331518780620577
0.9902912621359223,0.33324258099646065
0.9902912621359223,0.3333333333333333
0.9902912621359223,0.3334241351130482
0.9902912621359223,0.3335149863760218
0.9902912621359223,0.33387888707037644
0.9902912621359223,0.3342435827416712
0.988673139158576,0.3341536778780421
0.988673139158576,0.33433652530779756
0.988673139158576,0.3344280240831965
0.988673139158576,0.33451957295373663
0.988673139158576,0.3347028211448918
0.988673139158576,0.33497807017543857
0.988673139158576,0.33506992048258843
0.988673139158576,0.3351618211738892
0.988673139158576,0.3352537722908093
0.988673139158576,0.3353457738748628
0.988673139158576,0.3354378259676091
0.988673139158576,0.3356220818456468
0.988673139158576,0.3357142857142857
0.988673139158576,0.33580654025831275
0.988673139158576,0.3358988455195162
0.988673139158576,0.33663911845730027
0.988673139158576,0.3368246968026461
0.988673139158576,0.33691756272401435
0.988673139158576,0.3370104798676227
0.988673139158576,0.3371034482758621
0.988673139158576,0.33719646799117
0.988673139158576,0.33728953905603093
0.988673139158576,0.33747583540458437
0.988673139158576,0.33756906077348064
0.9878640776699029,0.3373860182370821
0.9878640776699029,0.33747927031509123
0.9878640776699029,0.3375725739563174
0.9878640776699029,0.3376659292035398
0.9878640776699029,0.33794630500968725
0.9878640776699029,0.33813348103018553
0.9878640776699029,0.33832086450540316
0.9878640776699029,0.33850845578042693
0.9878640776699029,0.3386023294509151
0.9878640776699029,0.3386962552011096
0.9878640776699029,0.33879023307436185
0.9878640776699029,0.3388842631140716
0.9878640776699029,0.3389783453636868
0.9878640776699029,0.3390724798667037
0.9870550161812298,0.3388888888888889
0.9870550161812298,0.3389830508474576
0.9870550161812298,0.3394546466332777
0.9870550161812298,0.3395491232952964
0.9870550161812298,0.33964365256124723
0.9870550161812298,0.33973823447507656
0.9870550161812298,0.3398328690807799
0.9870550161812298,0.3399275564224018
0.9870550161812298,0.3401170894898244
0.9870550161812298,0.3403068340306834
0.9870550161812298,0.3404017857142857
0.9870550161812298,0.3405918481295366
0.9870550161812298,0.34068695895001394
0.9870550161812298,0.3407821229050279
0.9870550161812298,0.34087734003911707
0.9870550161812298,0.34097261039686977
0.9870550161812298,0.34106793402292424
0.9870550161812298,0.3412587412587413
0.9870550161812298,0.341545352743561
0.9870550161812298,0.34164099691963035
0.9870550161812298,0.34173669467787116
0.9870550161812298,0.3419282511210762
0.9870550161812298,0.34202410989627136
0.9870550161812298,0.34221598877980364
0.9870550161812298,0.34231200897867564
0.9870550161812298,0.3424080830760595
0.9870550161812298,0.34269662921348315
0.9870550161812298,0.3427929193593706
0.9870550161812298,0.3428892636312535
0.9870550161812298,0.3431786216596343
0.9862459546925566,0.3429938097917839
0.9862459546925566,0.34338028169014084
0.9862459546925566,0.3434770357847281
0.9862459546925566,0.3435738444193912
0.9862459546925566,0.34367070764025937
0.9862459546925566,0.34396162528216706
0.9862459546925566,0.3440587073101891
0.9862459546925566,0.34415584415584416
0.9862459546925566,0.34454494064443186
0.9854368932038835,0.3445544554455445
0.9854368932038835,0.34465195246179964
0.9846278317152104,0.3444664590999151
0.9846278317152104,0.34456398640996605
0.9846278317152104,0.3446615689606344
0.9846278317152104,0.3450524525092146
0.9846278317152104,0.345150311968236
0.9846278317152104,0.3452482269503546
0.9846278317152104,0.3453461975028377
0.9846278317152104,0.345444223673006
0.9846278317152104,0.34554230550823395
0.9846278317152104,0.34564044305595004
0.9846278317152104,0.3457386363636364
0.9846278317152104,0.3459351904491188
0.9846278317152104,0.3460335513221496
0.9846278317152104,0.34632896983494593
0.9846278317152104,0.34642755479647025
0.9846278317152104,0.3465261958997722
0.9846278317152104,0.3466248931928226
0.9838187702265372,0.34653747506412086
0.9838187702265372,0.34673510122611917
0.9838187702265372,0.3468339988590987
0.9838187702265372,0.34693295292439374
0.9830097087378641,0.3467465753424658
0.9830097087378641,0.3468455609477591
0.982200647249191,0.34685714285714286
0.982200647249191,0.34695627322092026
0.982200647249191,0.34705546026300743
0.982200647249191,0.3471547040320275
0.982200647249191,0.34725400457665906
0.982200647249191,0.34745277618775045
0.982200647249191,0.34755224735184653
0.982200647249191,0.347651775486827
0.982200647249191,0.34775136064164996
0.982200647249191,0.3478510028653295
0.982200647249191,0.3482501434308663
0.982200647249191,0.34835007173601146
0.982200647249191,0.3484500574052813
0.982200647249191,0.348550100488085
0.982200647249191,0.34865020103388855
0.982200647249191,0.34875035909221486
0.982200647249191,0.34905117883841286
0.982200647249191,0.34915156744319814
0.982200647249191,0.34925201380897586
0.982200647249191,0.3494530800230282
0.982200647249191,0.34955369997120644
0.982200647249191,0.34965437788018433
0.982200647249191,0.34975511380005764
0.982200647249191,0.34995675987316227
0.982200647249191,0.3500576701268743
0.982200647249191,0.35015863859244306
0.982200647249191,0.3502596653202539
0.982200647249191,0.3504618937644342
0.982200647249191,0.35056309558186544
0.982200647249191,0.3508670520231214
0.982200647249191,0.3509684880023128
0.982200647249191,0.35106998264893
0.982200647249191,0.35117153601388484
0.982200647249191,0.35127314814814814
0.982200647249191,0.35137481910274965
0.982200647249191,0.3514765489287782
0.982200647249191,0.351578337677382
0.982200647249191,0.35168018539976825
0.982200647249191,0.3518840579710145
0.982200647249191,0.3521903104148535
0.982200647249191,0.3522925130586187
0.982200647249191,0.35239477503628447
0.982200647249191,0.3524970963995354
0.982200647249191,0.3527019174898315
0.982200647249191,0.35280441732054635
0.982200647249191,0.35290697674418603
0.982200647249191,0.3530095958127363
0.982200647249191,0.3531122745782432
0.982200647249191,0.3532150130928135
0.982200647249191,0.3534206695778748
0.982200647249191,0.35352358765288294
0.982200647249191,0.35362656568598894
0.982200647249191,0.35383270183619936
0.982200647249191,0.3540390784485273
0.982200647249191,0.3541423570595099
0.982200647249191,0.3542456959439743
0.982200647249191,0.35434909515469937
0.982200647249191,0.3544525547445255
0.982200647249191,0.35455607476635514
0.982200647249191,0.3546596552731522
0.982200647249191,0.35486699795381466
0.982200647249191,0.35507458321146534
0.982200647249191,0.3551784669397308
0.982200647249191,0.35528241147205153
0.982200647249191,0.3553864168618267
0.982200647249191,0.3554904831625183
0.982200647249191,0.35559461042765084
0.982200647249191,0.3556987987108116
0.982200647249191,0.35580304806565066
0.982200647249191,0.3561161630976826
0.982200647249191,0.3562206572769953
0.982200647249191,0.35632521279718227
0.982200647249191,0.35642982971227244
0.982200647249191,0.3565345080763583
0.982200647249191,0.35674404936820453
0.982200647249191,0.356848912404468
0.982200647249191,0.35695383710673334
0.982200647249191,0.3571638717269785
0.982200647249191,0.35758468335787924
0.982200647249191,0.3576900412492634
0.982200647249191,0.3577954612437371
0.982200647249191,0.3580064877617222
0.982200647249191,0.35811209439528024
0.982200647249191,0.35821776335202127
0.982200647249191,0.35832349468713104
0.982200647249191,0.35842928845586064
0.9813915857605178,0.358451536643026
0.9813915857605178,0.3585574933490984
0.9813915857605178,0.3586635127143702
0.9813915857605178,0.35876959479443954
0.9813915857605178,0.35887573964497044
0.9813915857605178,0.3589819473216928
0.9813915857605178,0.3590882178804026
0.9813915857605178,0.3591945513769618
0.9813915857605178,0.3593009478672986
0.9813915857605178,0.3594074074074074
0.9813915857605178,0.35951393005334914
0.9813915857605178,0.3596205158612511
0.9813915857605178,0.3597271648873072
0.9813915857605178,0.3598338771877781
0.9813915857605178,0.3599406528189911
0.9813915857605178,0.36068986024382993
0.9813915857605178,0.36090449271050284
0.9813915857605178,0.36101190476190476
0.9813915857605178,0.36111938076808575
0.9813915857605178,0.36133452487339884
0.9813915857605178,0.3615499254843517
0.9813915857605178,0.3616577221228384
0.9813915857605178,0.3617655830599463
0.9813915857605178,0.3623058542413381
0.9813915857605178,0.3624141021810577
0.9813915857605178,0.3626307922272048
0.9813915857605178,0.36273923444976075
0.9813915857605178,0.36295631358467983
0.9813915857605178,0.36317365269461077
0.9813915857605178,0.3632824198861935
0.9813915857605178,0.3633912522468544
0.9813915857605178,0.3635001498351813
0.9813915857605178,0.36360911270983215
0.9813915857605178,0.36371814092953525
0.9813915857605178,0.3638272345530894
0.9813915857605178,0.3639363936393639
0.9813915857605178,0.3640456182472989
0.9813915857605178,0.364373685791529
0.9813915857605178,0.3644831730769231
0.9813915857605178,0.36459272617974153
0.9813915857605178,0.36470234515935057
0.9813915857605178,0.364812030075188
0.9813915857605178,0.3649217809867629
0.9813915857605178,0.36503159795365636
0.9813915857605178,0.36514148103552074
0.9813915857605178,0.3652514302920807
0.9813915857605178,0.3653614457831325
0.9813915857605178,0.365581675708258
0.9813915857605178,0.3656918902622852
0.9813915857605178,0.3658021712907117
0.9813915857605178,0.3659125188536953
0.9813915857605178,0.3661334138243284
0.9813915857605178,0.366243961352657
0.9813915857605178,0.3665760048352977
0.9813915857605178,0.36668681983071344
0.9805825242718447,0.3664953129724826
0.9805825242718447,0.3666061705989111
0.9805825242718447,0.36671709531013613
0.9805825242718447,0.3668280871670702
0.9805825242718447,0.36727272727272725
0.9805825242718447,0.36749545178896303
0.9805825242718447,0.36760691537761603
0.9805825242718447,0.36771844660194175
0.9805825242718447,0.3678300455235205
0.9805825242718447,0.3679417122040073
0.9797734627831716,0.367861482381531
0.9797734627831716,0.3679732604071711
0.9789644012944984,0.3677811550151976
0.9789644012944984,0.36789297658862874
0.9789644012944984,0.3680048661800487
0.9789644012944984,0.3681168238515364
0.9789644012944984,0.3684531059683313
0.9789644012944984,0.36856533658239415
0.9789644012944984,0.36867763558805605
0.9789644012944984,0.36879000304785126
0.9789644012944984,0.36901494358035986
0.9789644012944984,0.36946564885496186
0.9789644012944984,0.3696914146043385
0.9789644012944984,0.3698044009779951
0.9789644012944984,0.36991745643534085
0.9789644012944984,0.37003058103975534
0.9789644012944984,0.37025703794369647
0.9789644012944984,0.37037037037037035
0.9789644012944984,0.37048377219840783
0.9789644012944984,0.3708243947287772
0.9789644012944984,0.37093807480073576
0.9789644012944984,0.3710518245936829
0.9789644012944984,0.3712795335992636
0.9789644012944984,0.37139349294045426
0.9789644012944984,0.37150752225974826
0.9789644012944984,0.3716216216216216
0.9789644012944984,0.3717357910906298
0.9789644012944984,0.3718500307314075
0.9781553398058253,0.37165693206271133
0.9781553398058253,0.3718855736696401
0.9781553398058253,0.3721144967682364
0.9781553398058253,0.37222906403940886
0.9781553398058253,0.3725731895223421
0.9781553398058253,0.37268803945745993
0.9781553398058253,0.37280296022201664
0.9781553398058253,0.3731481481481482
0.9781553398058253,0.37326335288669343
0.9781553398058253,0.3738404452690167
0.9781553398058253,0.37407178217821785
0.9773462783171522,0.3738780563293098
0.9773462783171522,0.3739938080495356
0.9773462783171522,0.3742255266418835
0.9773462783171522,0.3743414936473505
0.9773462783171522,0.3744575325480471
0.9773462783171522,0.3745736434108527
0.9773462783171522,0.3746898263027295
0.9773462783171522,0.3749224084419615
0.9773462783171522,0.3750388078236572
0.9773462783171522,0.37515527950310557
0.9773462783171522,0.3752718235476856
0.9773462783171522,0.37538844002486016
0.9773462783171522,0.3756218905472637
0.9773462783171522,0.37573872472783826
0.9773462783171522,0.3758556316116988
0.9773462783171522,0.37620678916225475
0.9773462783171522,0.3764412589591773
0.9773462783171522,0.3765586034912718
0.9773462783171522,0.3767935121646912
0.9773462783171522,0.3769110764430577
0.9773462783171522,0.37702871410736577
0.9765372168284789,0.3768342179206993
0.9765372168284789,0.3769519050593379
0.9765372168284789,0.37706966572945955
0.9765372168284789,0.3771875
0.9765372168284789,0.37730540793998124
0.9765372168284789,0.3775414451047857
0.9765372168284789,0.3776595744680851
0.9757281553398058,0.37746478873239436
0.9757281553398058,0.3775829680651221
0.9757281553398058,0.37781954887218044
0.9757281553398058,0.37793795048574114
0.9757281553398058,0.37829360100376414
0.9757281553398058,0.3784122999686225
0.9757281553398058,0.3785310734463277
0.9757281553398058,0.3786499215070644
0.9757281553398058,0.37900691389063484
0.9757281553398058,0.37924528301886795
0.9757281553398058,0.3793645800566216
0.9749190938511327,0.37928863707900534
0.9749190938511327,0.37940806045340053
0.9749190938511327,0.3796471329552615
0.9749190938511327,0.38000630715862505
0.9749190938511327,0.3801261829652997
0.9749190938511327,0.3802461344272641
0.9749190938511327,0.3803661616161616
0.9749190938511327,0.3806064434617814
0.9749190938511327,0.3808470290771176
0.9749190938511327,0.3809674359785014
0.9749190938511327,0.3810879190385832
0.9749190938511327,0.3812084783296425
0.9749190938511327,0.3815706143128562
0.9749190938511327,0.38169147925245483
0.9749190938511327,0.3818124207858048
0.9749190938511327,0.38193343898573695
0.9749190938511327,0.38205453392517436
0.9741100323624595,0.3818585474151602
0.9741100323624595,0.3819796954314721
0.9741100323624595,0.38210092034274834
0.9741100323624595,0.38222222222222224
0.9741100323624595,0.3823436011432201
0.9741100323624595,0.38246505717916135
0.9741100323624595,0.38270820089001906
0.9741100323624595,0.38282988871224166
0.9741100323624595,0.38295165394402036
0.9741100323624595,0.3830734966592428
0.9741100323624595,0.3833174148360395
0.9741100323624595,0.3834394904458599
0.9741100323624595,0.3835616438356164
0.9741100323624595,0.38368387507966856
0.9741100323624595,0.38380618425247054
0.9741100323624595,0.38392857142857145
0.9741100323624595,0.38405103668261564
0.9741100323624595,0.3841735800893427
0.9741100323624595,0.38429620172358764
0.9741100323624595,0.384418901660281
0.9741100323624595,0.38454167997444905
0.9741100323624595,0.38466453674121404
0.9741100323624595,0.38478747203579416
0.9741100323624595,0.3850335785097538
0.9733009708737864,0.38496
0.9733009708737864,0.3850832266325224
0.9733009708737864,0.3852065321805956
0.9724919093851133,0.3851329702018584
0.9724919093851133,0.385379929464572
0.9724919093851133,0.38587479935794544
0.9724919093851133,0.38599871547848424
0.9724919093851133,0.3861227112110504
0.9724919093851133,0.38624678663239076
0.9724919093851133,0.38637094181935067
0.9724919093851133,0.3866194917980058
0.9724919093851133,0.38674388674388677
0.9724919093851133,0.38686836176375927
0.9724919093851133,0.38699291693496457
0.9724919093851133,0.38711755233494366
0.9724919093851133,0.3872422680412371
0.9724919093851133,0.38736706413148564
0.9724919093851133,0.38749194068343007
0.9724919093851133,0.3876168977749113
0.9724919093851133,0.387741935483871
0.9724919093851133,0.3878670538883511
0.9724919093851133,0.3879922530664945
0.9724919093851133,0.38811753309654506
0.9724919093851133,0.38836833602584814
0.9724919093851133,0.388745148771022
0.9724919093851133,0.38887091556130704
0.9724919093851133,0.3889967637540453
0.9724919093851133,0.3891226934282939
0.9724919093851133,0.38924870466321243
0.9724919093851133,0.38950097213220997
0.9724919093851133,0.39025974025974025
0.9724919093851133,0.3905133203378817
0.9724919093851133,0.39064023399415015
0.9724919093851133,0.3908943089430894
0.9724919093851133,0.391021470396877
0.9724919093851133,0.3911487146111292
0.9724919093851133,0.3912760416666667
0.9724919093851133,0.3914034516444155
0.9724919093851133,0.39153094462540716
0.9716828478964401,0.39146023468057367
0.9716828478964401,0.3915878708835996
0.9716828478964401,0.39171559034572734
0.9716828478964401,0.39184339314845024
0.9716828478964401,0.3919712793733681
0.9716828478964401,0.3920992491021874
0.9716828478964401,0.3922273024167211
0.9716828478964401,0.3923554393988892
0.9716828478964401,0.39248366013071895
0.9716828478964401,0.39261196469434456
0.9716828478964401,0.39286882564605824
0.9716828478964401,0.39299738219895286
0.970873786407767,0.39279869067103107
0.970873786407767,0.3929273084479371
0.970873786407767,0.39305601048149363
0.970873786407767,0.3931847968545216
0.970873786407767,0.39331366764995085
0.970873786407767,0.39344262295081966
0.970873786407767,0.3935716628402755
0.970873786407767,0.3937007874015748
0.970873786407767,0.3939592908732764
0.970873786407767,0.39408866995073893
0.970873786407767,0.39434768320736113
0.970873786407767,0.39460703715882933
0.970873786407767,0.39473684210526316
0.970873786407767,0.39486673247778875
0.970873786407767,0.39499670836076367
0.970873786407767,0.3951267698386566
0.970873786407767,0.3952569169960474
0.970873786407767,0.39551746868820037
0.970873786407767,0.39564787339268054
0.970873786407767,0.39577836411609496
0.970873786407767,0.39603960396039606
0.970873786407767,0.39643211100099107
0.970873786407767,0.3965631196298744
0.970873786407767,0.3970880211780278
0.970873786407767,0.3972194637537239
0.970873786407767,0.3973509933774834
0.970873786407767,0.39748261013580655
0.970873786407767,0.3976143141153082
0.970873786407767,0.39800995024875624
0.970873786407767,0.39827414537006306
0.970873786407767,0.398406374501992
0.970873786407767,0.39853869146462967
0.970873786407767,0.39867109634551495
0.970873786407767,0.3988035892323031
0.970873786407767,0.39906883937479215
0.970873786407767,0.3992015968063872
0.970873786407767,0.39933444259567386
0.970873786407767,0.3994673768308921
0.970873786407767,0.3996003996003996
0.970873786407767,0.39973351099267157
0.970873786407767,0.39986671109630123
0.970873786407767,0.4
0.970873786407767,0.40013337779259756
0.970873786407767,0.400266844563042
0.970873786407767,0.40053404539385845
0.970873786407767,0.4006677796327212
0.970873786407767,0.40080160320641284
0.970873786407767,0.4009355162044771
0.970873786407767,0.4012036108324975
0.970873786407767,0.4013377926421405
0.9700647249190939,0.40113750418200067
0.9692556634304207,0.4009370816599732
0.9692556634304207,0.4010713090056913
0.9692556634304207,0.4014745308310992
0.9692556634304207,0.40187856424018786
0.9692556634304207,0.40201342281879193
0.9692556634304207,0.40214837193689157
0.9692556634304207,0.40241854215653344
0.9692556634304207,0.4025537634408602
0.9692556634304207,0.4026890756302521
0.9692556634304207,0.40282447881640887
0.9692556634304207,0.40309555854643336
0.9692556634304207,0.4032312352743184
0.9692556634304207,0.4033670033670034
0.9692556634304207,0.40377485675766767
0.9692556634304207,0.40391099123398516
0.9692556634304207,0.4048665089557283
0.9692556634304207,0.4050033806626099
0.9692556634304207,0.405414551607445
0.9684466019417476,0.4052132701421801
0.9684466019417476,0.4053504910260752
0.9684466019417476,0.4054878048780488
0.9684466019417476,0.40576271186440677
0.9684466019417476,0.4059003051881994
0.9684466019417476,0.4060379918588874
0.9684466019417476,0.40617577197149646
0.9684466019417476,0.4063136456211813
0.9684466019417476,0.4064516129032258
0.9684466019417476,0.40672782874617736
0.9684466019417476,0.40686607749830045
0.9684466019417476,0.40714285714285714
0.9684466019417476,0.40742001361470387
0.9676375404530745,0.40721824991487915
0.9676375404530745,0.40749574105621805
0.9676375404530745,0.4076346284935242
0.9676375404530745,0.40791268758526605
0.9676375404530745,0.4081911262798635
0.9676375404530745,0.4083304882212359
0.9668284789644013,0.40826785104202257
0.9668284789644013,0.4084073820915926
0.9668284789644013,0.40854700854700854
0.9668284789644013,0.4088265480670544
0.9668284789644013,0.4091064703868538
0.9668284789644013,0.4092465753424658
0.9668284789644013,0.4093867762932511
0.9668284789644013,0.40952707333790267
0.9668284789644013,0.40966746657524855
0.9668284789644013,0.4099485420240137
0.9668284789644013,0.41023000343288707
0.9668284789644013,0.41051185159738923
0.9660194174757282,0.41030927835051545
0.9660194174757282,0.4104503265727054
0.9660194174757282,0.41059147180192573
0.9660194174757282,0.41087405368203717
0.9660194174757282,0.41101549053356284
0.9660194174757282,0.41115702479338845
0.9660194174757282,0.41129865656217707
0.9652103559870551,0.411237504308859
0.9652103559870551,0.4113793103448276
0.9652103559870551,0.4118053158439765
0.9652103559870551,0.4119475138121547
0.9652103559870551,0.41208981001727113
0.9652103559870551,0.412232204561161
0.9652103559870551,0.41251728907330565
0.9652103559870551,0.41265997924593567
0.9652103559870551,0.41280276816608996
0.9652103559870551,0.4130886426592798
0.9652103559870551,0.4133749133749134
0.9652103559870551,0.4135181975736568
0.9644012944983819,0.4133148404993065
0.9644012944983819,0.41345820326049254
0.9644012944983819,0.41360166551006244
0.9644012944983819,0.413745227351614
0.9644012944983819,0.4144645340751043
0.9644012944983819,0.4146086956521739
0.9644012944983819,0.4148973198746954
0.9644012944983819,0.415041782729805
0.9644012944983819,0.415186346220829
0.9644012944983819,0.41533101045296167
0.9644012944983819,0.41562064156206413
0.9644012944983819,0.41591067690160505
0.9644012944983819,0.4163464896961229
0.9644012944983819,0.41663753932191544
0.9644012944983819,0.4167832167832168
0.9644012944983819,0.417074877536739
0.9644012944983819,0.41751313485113833
0.9644012944983819,0.4176594253679047
0.9644012944983819,0.41780581843673326
0.9644012944983819,0.4179523141654979
0.9644012944983819,0.41809891266222377
0.9644012944983819,0.41853932584269665
0.9644012944983819,0.41868633649455567
0.9644012944983819,0.41883345045678144
0.9644012944983819,0.41898066783831284
0.9644012944983819,0.4191279887482419
0.9644012944983819,0.4192754132958143
0.9644012944983819,0.41942294159042925
0.9644012944983819,0.41957057374164025
0.9644012944983819,0.4197183098591549
0.9644012944983819,0.4198661500528355
0.9644012944983819,0.42016214310891786
0.9644012944983819,0.4203102961918195
0.9635922330097088,0.4204024002823862
0.9635922330097088,0.4205508474576271
0.9635922330097088,0.4206993995054751
0.9635922330097088,0.4208480565371025
0.9635922330097088,0.4209968186638388
0.9635922330097088,0.42114568599717117
0.9635922330097088,0.42129465864874427
0.9619741100323624,0.4216312056737589
0.9619741100323624,0.421930447125621
0.9619741100323624,0.4220802271920483
0.9619741100323624,0.4225302061122957
0.9619741100323624,0.422680412371134
0.9619741100323624,0.42313167259786477
0.9619741100323624,0.4232823068707725
0.9619741100323624,0.4234330484330484
0.9619741100323624,0.42358389739935876
0.9619741100323624,0.42373485388453314
0.9619741100323624,0.42388591800356507
0.9611650485436893,0.42368045649072755
0.9611650485436893,0.42398286937901497
0.9611650485436893,0.4241342377722242
0.9611650485436893,0.42428571428571427
0.9611650485436893,0.42443729903536975
0.9611650485436893,0.4245889921372409
0.9611650485436893,0.4247407937075438
0.9611650485436893,0.4248927038626609
0.9611650485436893,0.4253490870032223
0.9611650485436893,0.42550143266475643
0.9611650485436893,0.4256538874955213
0.9611650485436893,0.4258064516129032
0.9611650485436893,0.4259591251344568
0.9611650485436893,0.4261119081779053
0.9611650485436893,0.426264800861141
0.9611650485436893,0.4264178033022254
0.9611650485436893,0.4267241379310345
0.9611650485436893,0.4268774703557312
0.9611650485436893,0.42718446601941745
0.9611650485436893,0.4273381294964029
0.9603559870550162,0.4271320618927672
0.9603559870550162,0.4272858171346292
0.959546925566343,0.42707958228303927
0.959546925566343,0.4272334293948127
0.959546925566343,0.42800433056658244
0.959546925566343,0.4283134705669917
0.959546925566343,0.42846820809248554
0.959546925566343,0.42862305746295626
0.959546925566343,0.4287780187997108
0.959546925566343,0.4292435758233804
0.959546925566343,0.42939898624185374
0.959546925566343,0.42955450923578414
0.959546925566343,0.42971014492753623
0.9587378640776699,0.4301270417422868
0.9587378640776699,0.4304395205230657
0.9587378640776699,0.43059593023255816
0.9587378640776699,0.43106584212440885
0.9587378640776699,0.43137968693119766
0.9587378640776699,0.43169398907103823
0.9587378640776699,0.43185131195335275
0.9587378640776699,0.4320087495442946
0.9587378640776699,0.43216630196936545
0.9587378640776699,0.43263964950711936
0.9587378640776699,0.43279766252739227
0.9587378640776699,0.4331140350877193
0.9587378640776699,0.43327239488117003
0.9587378640776699,0.4334308705193855
0.9587378640776699,0.433589462129528
0.9587378640776699,0.4337481698389458
0.9587378640776699,0.43390699377517394
0.9587378640776699,0.4340659340659341
0.9587378640776699,0.43422499083913524
0.9587378640776699,0.4343841642228739
0.9587378640776699,0.43454345434543457
0.9587378640776699,0.43486238532110094
0.9587378640776699,0.43502202643171806
0.9587378640776699,0.4351817847961807
0.9587378640776699,0.43534166054371787
0.9587378640776699,0.4355016538037486
0.9587378640776699,0.43566176470588236
0.9579288025889967,0.43561442236938924
0.9579288025889967,0.43577475156422524
0.9579288025889967,0.43609576427255986
0.9579288025889967,0.43625644804716285
0.9579288025889967,0.4365781710914454
0.9579288025889967,0.4367392106233862
0.9579288025889967,0.43690036900369006
0.9571197411003236,0.43669250645994834
0.9571197411003236,0.43685376661742986
0.9571197411003236,0.4371766444937177
0.9571197411003236,0.4375
0.9571197411003236,0.4376618571957085
0.9571197411003236,0.4381481481481482
0.9571197411003236,0.43863552094920283
0.9571197411003236,0.4387982195845697
0.9571197411003236,0.43896103896103894
0.9563106796116505,0.4389157073895284
0.9563106796116505,0.43924191750278707
0.9563106796116505,0.43940520446096654
0.9563106796116505,0.4395686128672369
0.9563106796116505,0.43973214285714285
0.9563106796116505,0.43989579456643096
0.9563106796116505,0.4400595681310499
0.9563106796116505,0.4403874813710879
0.9563106796116505,0.44055162131941855
0.9563106796116505,0.44088026855650875
0.9546925566343042,0.4406273338312173
0.9546925566343042,0.4407919312663429
0.9546925566343042,0.44095665171898357
0.9546925566343042,0.4412864622288706
0.9546925566343042,0.44145155256266366
0.9546925566343042,0.4416167664670659
0.9546925566343042,0.4417821040808686
0.9546925566343042,0.4419475655430712
0.9546925566343042,0.44211315099288123
0.9546925566343042,0.44227886056971516
0.9546925566343042,0.4426106526631658
0.9546925566343042,0.4427767354596623
0.9546925566343042,0.44294294294294295
0.9546925566343042,0.44310927525347354
0.9538834951456311,0.4429000751314801
0.9538834951456311,0.44306651634723787
0.9538834951456311,0.4432330827067669
0.9538834951456311,0.4435665914221219
0.9538834951456311,0.44373353406097105
0.9538834951456311,0.4439006024096386
0.9538834951456311,0.4442351168048229
0.9538834951456311,0.44440256313607235
0.9538834951456311,0.4445701357466063
0.9538834951456311,0.44473783477932854
0.9538834951456311,0.4449056603773585
0.9538834951456311,0.4450736126840317
0.9538834951456311,0.4452416918429003
0.9538834951456311,0.4454098979977333
0.9538834951456311,0.4460839954597049
0.9538834951456311,0.4462528387585163
0.9538834951456311,0.4464218099204847
0.9538834951456311,0.4465909090909091
0.9538834951456311,0.4469294920394238
0.9538834951456311,0.447098976109215
0.9538834951456311,0.447438330170778
0.9538834951456311,0.4477781997721231
0.9538834951456311,0.4479483282674772
0.9538834951456311,0.44811858608893956
0.9538834951456311,0.4482889733840304
0.9538834951456311,0.4484594903004945
0.9538834951456311,0.4486301369863014
0.9538834951456311,0.44880091358964597
0.9538834951456311,0.4491428571428571
0.9538834951456311,0.4493140243902439
0.9538834951456311,0.4494853221502097
0.9538834951456311,0.44982830980541777
0.9530744336569579,0.449618320610687
0.9530744336569579,0.44978999618174875
0.9530744336569579,0.4499618029029794
0.9530744336569579,0.45013374092472297
0.9530744336569579,0.45047801147227534
0.9530744336569579,0.4506503442999235
0.9530744336569579,0.45082280903176425
0.9530744336569579,0.45099540581929554
0.9530744336569579,0.4511681348142474
0.9530744336569579,0.45134099616858236
0.9530744336569579,0.451513990034496
0.9530744336569579,0.4516871165644172
0.9530744336569579,0.4523809523809524
0.9530744336569579,0.45255474452554745
0.9522653721682848,0.4523443504996157
0.9522653721682848,0.45304080061585833
0.9522653721682848,0.45321524836349636
0.9522653721682848,0.4539143848823756
0.9522653721682848,0.4542647626399074
0.9522653721682848,0.45461568173039785
0.9522653721682848,0.45479134466769705
0.9522653721682848,0.45496714340935446
0.9522653721682848,0.4551430781129157
0.9522653721682848,0.4553191489361702
0.9522653721682848,0.4554953560371517
0.9522653721682848,0.4556716995741386
0.9522653721682848,0.45584817970565455
0.9522653721682848,0.4560247965904688
0.9522653721682848,0.4562015503875969
0.9522653721682848,0.45655546935609
0.9522653721682848,0.456732634846721
0.9522653721682848,0.4569099378881988
0.9522653721682848,0.4570873786407767
0.9522653721682848,0.45726495726495725
0.9522653721682848,0.4574426739214924
0.9522653721682848,0.45762052877138415
0.9522653721682848,0.4583333333333333
0.9522653721682848,0.45851188157382156
0.9522653721682848,0.45869056897895555
0.9522653721682848,0.4590483619344774
0.9522653721682848,0.4592274678111588
0.9522653721682848,0.45940671350507417
0.9522653721682848,0.459765625
0.9522653721682848,0.4599452911293474
0.9522653721682848,0.46012509773260357
0.9522653721682848,0.4603050449745796
0.9522653721682848,0.4604851330203443
0.9522653721682848,0.46066536203522507
0.9522653721682848,0.4608457321848081
0.9514563106796117,0.4606345475910693
0.9514563106796117,0.4608150470219436
0.9514563106796117,0.4609956879655037
0.9514563106796117,0.4611764705882353
0.9514563106796117,0.46135739505688506
0.9514563106796117,0.46153846153846156
0.9514563106796117,0.4617196702002356
0.9514563106796117,0.46190102120974075
0.9514563106796117,0.4620825147347741
0.9514563106796117,0.46226415094339623
0.9514563106796117,0.4626278520849725
0.9514563106796117,0.4628099173553719
0.9514563106796117,0.462992125984252
0.9514563106796117,0.4631744781410004
0.9514563106796117,0.46335697399527187
0.9514563106796117,0.463905325443787
0.9514563106796117,0.46408839779005523
0.9514563106796117,0.46445497630331756
0.9514563106796117,0.46463848281311737
0.9514563106796117,0.46482213438735176
0.9514563106796117,0.465005931198102
0.9514563106796117,0.4651898734177215
0.9514563106796117,0.46537396121883656
0.9514563106796117,0.4655581947743468
0.9514563106796117,0.46574257425742577
0.9514563106796117,0.4661117717003567
0.9514563106796117,0.4662965900079302
0.9514563106796117,0.46648155493851645
0.9506472491909385,0.4662698412698413
0.9506472491909385,0.4664549424374752
0.9506472491909385,0.46664019062748213
0.9506472491909385,0.4668255860150973
0.9506472491909385,0.46701112877583467
0.9506472491909385,0.4671968190854871
0.9506472491909385,0.46756864305610824
0.9506472491909385,0.4677547770700637
0.9506472491909385,0.4679410593389088
0.9506472491909385,0.4681274900398406
0.9506472491909385,0.46831406935033876
0.9506472491909385,0.46850079744816586
0.9506472491909385,0.46868767451136817
0.9506472491909385,0.46887470071827614
0.9506472491909385,0.46962430055955234
0.9506472491909385,0.47
0.9506472491909385,0.47018807523009204
0.9506472491909385,0.47037630104083267
0.9498381877022654,0.47016419703644374
0.9498381877022654,0.4703525641025641
0.9498381877022654,0.47054108216432866
0.9498381877022654,0.4707297514033681
0.9498381877022654,0.471107544141252
0.9490291262135923,0.4710843373493976
0.9490291262135923,0.47127360385697065
0.9490291262135923,0.47165259348612787
0.9490291262135923,0.47203219315895373
0.9490291262135923,0.4722222222222222
0.9490291262135923,0.4724124043495771
0.9490291262135923,0.4726027397260274
0.9490291262135923,0.4727932285368803
0.9490291262135923,0.4729838709677419
0.9490291262135923,0.47317466720451795
0.9490291262135923,0.47336561743341404
0.9490291262135923,0.4737479806138934
0.9490291262135923,0.47393939393939394
0.9490291262135923,0.47432268499797814
0.9490291262135923,0.47470659651962765
0.9490291262135923,0.4748987854251012
0.9490291262135923,0.47509113001215064
0.9490291262135923,0.4752836304700162
0.9490291262135923,0.47547628698824485
0.9490291262135923,0.47566909975669097
0.9490291262135923,0.47586206896551725
0.9490291262135923,0.4760551948051948
0.9490291262135923,0.4762484774665043
0.9490291262135923,0.47644191714053613
0.9490291262135923,0.4766355140186916
0.948220064724919,0.4764227642276423
0.948220064724919,0.4766165107767385
0.948220064724919,0.47681041497152155
0.948220064724919,0.477004477004477
0.948220064724919,0.4771986970684039
0.9474110032362459,0.4769857433808554
0.9474110032362459,0.4773746432939258
0.9474110032362459,0.4775693311582382
0.9466019417475728,0.47794117647058826
0.9466019417475728,0.4781364936657131
0.9466019417475728,0.4785276073619632
0.9466019417475728,0.4789193614408514
0.9466019417475728,0.47911547911547914
0.9466019417475728,0.47931175747644406
0.9466019417475728,0.47950819672131145
0.9466019417475728,0.4797047970479705
0.9466019417475728,0.47990155865463496
0.9466019417475728,0.4802955665024631
0.9466019417475728,0.4804928131416838
0.9466019417475728,0.4806902218570255
0.9466019417475728,0.4808877928483354
0.9466019417475728,0.4810855263157895
0.9466019417475728,0.48128342245989303
0.9466019417475728,0.48148148148148145
0.9466019417475728,0.48167970358172085
0.9466019417475728,0.4820766378244747
0.9466019417475728,0.482275350370981
0.9466019417475728,0.4824742268041237
0.9466019417475728,0.48267326732673266
0.9466019417475728,0.48287247214197276
0.9449838187702265,0.48244527054935976
0.9449838187702265,0.4828441504754031
0.9449838187702265,0.48304383788254757
0.9449838187702265,0.48324369052544475
0.9449838187702265,0.48344370860927155
0.9449838187702265,0.4836438923395445
0.9449838187702265,0.48384424192212094
0.9449838187702265,0.4840447575631993
0.9449838187702265,0.4842454394693201
0.9449838187702265,0.48444628784736626
0.9449838187702265,0.4846473029045643
0.9449838187702265,0.48484848484848486
0.9449838187702265,0.4852513502285002
0.9449838187702265,0.485453034081463
0.9449838187702265,0.4858569051580699
0.9449838187702265,0.48605909280066584
0.9449838187702265,0.4864639733444398
0.9449838187702265,0.4866666666666667
0.9449838187702265,0.4870725604670559
0.9449838187702265,0.48727576136837714
0.9441747572815534,0.4870617696160267
0.9441747572815534,0.4872651356993737
0.9441747572815534,0.4876723777684914
0.9433656957928802,0.4874581939799331
0.9433656957928802,0.4876620660811376
0.9433656957928802,0.48786610878661085
0.9433656957928802,0.4880703223105902
0.9433656957928802,0.4882747068676717
0.9433656957928802,0.4886839899413244
0.9433656957928802,0.4888888888888889
0.9433656957928802,0.4890939597315436
0.9433656957928802,0.4892992026856903
0.9433656957928802,0.489504617968094
0.9433656957928802,0.4899159663865546
0.9433656957928802,0.4901218999579655
0.9433656957928802,0.49032800672834315
0.9433656957928802,0.49053428691628104
0.9433656957928802,0.49074074074074076
0.9433656957928802,0.49094736842105263
0.9433656957928802,0.4911541701769166
0.9433656957928802,0.4913611462284029
0.9433656957928802,0.49156829679595276
0.9433656957928802,0.49177562210037956
0.9425566343042071,0.4917686787674124
0.9425566343042071,0.49197635135135137
0.9425566343042071,0.49218419940853403
0.9425566343042071,0.4928087986463621
0.9425566343042071,0.4930173508252222
0.9425566343042071,0.4932260795935648
0.941747572815534,0.49363867684478374
0.941747572815534,0.4938481120067883
0.941747572815534,0.4940577249575552
0.941747572815534,0.4942675159235669
0.941747572815534,0.49447748513169076
0.941747572815534,0.49468763280917977
0.941747572815534,0.4955300127713921
0.941747572815534,0.49595227950575205
0.941747572815534,0.4961636828644501
0.941747572815534,0.49637526652452024
0.941747572815534,0.4967989756722151
0.941747572815534,0.49722340879965826
0.941747572815534,0.49743589743589745
0.941747572815534,0.49764856776400174
0.941747572815534,0.49786142001710865
0.941747572815534,0.4980744544287548
0.941747572815534,0.4982876712328767
0.941747572815534,0.49850107066381155
0.941747572815534,0.4987146529562982
0.941747572815534,0.4989284183454779
0.941747572815534,0.49914236706689535
0.941747572815534,0.49935649935649934
0.941747572815534,0.4995708154506438
0.941747572815534,0.5
0.9409385113268608,0.4997851310700473
0.9409385113268608,0.5
0.9409385113268608,0.5002150537634409
0.9409385113268608,0.5008613264427217
0.9409385113268608,0.5010771219302025
0.9409385113268608,0.5012931034482758
0.9409385113268608,0.501725625539258
0.9409385113268608,0.5019421665947346
0.9409385113268608,0.5021588946459413
0.9401294498381877,0.5025951557093425
0.9401294498381877,0.5028126352228472
0.9401294498381877,0.503030303030303
0.9401294498381877,0.5032481593763534
0.9401294498381877,0.5036844386649328
0.9401294498381877,0.5039028620988725
0.9401294498381877,0.5041214750542299
0.9401294498381877,0.5045592705167173
0.9401294498381877,0.5047784535186794
0.9401294498381877,0.5049978270317254
0.9401294498381877,0.5052173913043478
0.9401294498381877,0.5058772311710927
0.9401294498381877,0.5060975609756098
0.9401294498381877,0.5063180827886711
0.9401294498381877,0.5067597034452682
0.9401294498381877,0.5069808027923212
0.9401294498381877,0.5072020951549542
0.9401294498381877,0.5074235807860262
0.9393203883495146,0.5072083879423329
0.9393203883495146,0.5074300699300699
0.9393203883495146,0.5076519457804984
0.9393203883495146,0.5078740157480315
0.9385113268608414,0.5076586433260394
0.9385113268608414,0.5081033727551467
0.9377022653721683,0.5078878177037687
0.9377022653721683,0.5081104778605875
0.9377022653721683,0.5083333333333333
0.9368932038834952,0.508117595436595
0.9368932038834952,0.5083406496927129
0.9368932038834952,0.5085638998682477
0.9368932038834952,0.5087873462214412
0.9368932038834952,0.509010989010989
0.9368932038834952,0.5096830985915493
0.9368932038834952,0.5099075297225891
0.9368932038834952,0.5101321585903084
0.9368932038834952,0.510356985456148
0.9368932038834952,0.5105820105820106
0.9368932038834952,0.5108072342302603
0.9368932038834952,0.5110326566637247
0.9368932038834952,0.5112582781456954
0.936084142394822,0.5110424028268551
0.936084142394822,0.5112682280159081
0.936084142394822,0.5114942528735632
0.936084142394822,0.5117204776647502
0.936084142394822,0.5119469026548673
0.936084142394822,0.5121735281097831
0.936084142394822,0.5126273814798405
0.936084142394822,0.512854609929078
0.936084142394822,0.5133096716947648
0.936084142394822,0.513537505548158
0.936084142394822,0.5137655417406749
0.936084142394822,0.5144508670520231
0.936084142394822,0.5146797153024911
0.936084142394822,0.5149087672452158
0.9352750809061489,0.5146927871772039
0.9352750809061489,0.5149220489977728
0.9352750809061489,0.5151515151515151
0.9352750809061489,0.5153811859117253
0.9352750809061489,0.5158411423471665
0.9352750809061489,0.5160714285714286
0.9352750809061489,0.5163019205002233
0.9352750809061489,0.516532618409294
0.9352750809061489,0.5167635225748771
0.9352750809061489,0.516994633273703
0.9352750809061489,0.5172259507829977
0.9352750809061489,0.517921146953405
0.9352750809061489,0.5181532944867773
0.9344660194174758,0.5179372197309418
0.9336569579288025,0.5177209510991476
0.9336569579288025,0.5179533213644524
0.9328478964401294,0.5179694519317161
0.9328478964401294,0.5182022471910113
0.9328478964401294,0.5186684660368871
0.9328478964401294,0.5191355245384962
0.9328478964401294,0.5193693693693694
0.9328478964401294,0.519603424966201
0.9328478964401294,0.5198376916140667
0.9328478964401294,0.5200721695985566
0.9328478964401294,0.5203068592057761
0.9328478964401294,0.5205417607223476
0.9328478964401294,0.520776874435411
0.9328478964401294,0.5210122006326254
0.9328478964401294,0.52124773960217
0.9320388349514563,0.5210312075983717
0.9320388349514563,0.5212669683257919
0.9320388349514563,0.5215029425079222
0.9320388349514563,0.5217391304347826
0.9320388349514563,0.5219755323969189
0.9320388349514563,0.5224489795918368
0.9320388349514563,0.5226860254083484
0.9320388349514563,0.5229232864275988
0.9320388349514563,0.5231607629427792
0.9320388349514563,0.5233984552476147
0.9320388349514563,0.5238744884038199
0.9320388349514563,0.5241128298453139
0.9320388349514563,0.5243513882567137
0.9320388349514563,0.5245901639344263
0.9320388349514563,0.5248291571753987
0.9320388349514563,0.5250683682771194
0.9320388349514563,0.5253077975376197
0.9320388349514563,0.5255474452554745
0.9320388349514563,0.5257873117298038
0.9320388349514563,0.5262677021470992
0.9320388349514563,0.526508226691042
0.9320388349514563,0.5267489711934157
0.9320388349514563,0.5272311212814645
0.9312297734627831,0.527014652014652
0.9312297734627831,0.527256069628951
0.9312297734627831,0.5274977085242897
0.9312297734627831,0.5277395690050436
0.9312297734627831,0.5279816513761468
0.9312297734627831,0.5282239559430931
0.93042071197411,0.5280073461891643
0.93042071197411,0.5282498851630685
0.93042071197411,0.5289788408463661
0.9296116504854369,0.5292491939198526
0.9296116504854369,0.5294930875576037
0.9296116504854369,0.5297372060857538
0.9296116504854369,0.5299815498154982
0.9296116504854369,0.5302261190586064
0.9296116504854369,0.5307159353348729
0.9296116504854369,0.5309611829944547
0.9296116504854369,0.5312066574202496
0.9296116504854369,0.5314523589269196
0.9296116504854369,0.5316982878297085
0.9296116504854369,0.5319444444444444
0.9296116504854369,0.5321908290875406
0.9288025889967637,0.5319740500463392
0.9288025889967637,0.5322206768660176
0.9288025889967637,0.5324675324675324
0.9288025889967637,0.5327146171693735
0.9288025889967637,0.5329619312906221
0.9288025889967637,0.5332094751509522
0.9288025889967637,0.533457249070632
0.9288025889967637,0.5337052533705253
0.9288025889967637,0.533953488372093
0.9288025889967637,0.5342019543973942
0.9288025889967637,0.5346995808104331
0.9288025889967637,0.5349487418452936
0.9288025889967637,0.5351981351981352
0.9288025889967637,0.5354477611940298
0.9288025889967637,0.5356976201586561
0.9288025889967637,0.5359477124183006
0.9288025889967637,0.5361980382998599
0.9279935275080906,0.5359813084112149
0.9271844660194175,0.5357643758765779
0.9271844660194175,0.5360149672591207
0.9271844660194175,0.5365168539325843
0.9271844660194175,0.536768149882904
0.9271844660194175,0.5375234521575984
0.9271844660194175,0.5377756921633036
0.9271844660194175,0.5380281690140845
0.9271844660194175,0.5382808830436825
0.9271844660194175,0.5385338345864662
0.9271844660194175,0.538787023977433
0.9263754045307443,0.5385700846660395
0.9263754045307443,0.5388235294117647
0.9263754045307443,0.5393311351860575
0.9263754045307443,0.5400943396226415
0.9263754045307443,0.5403492213308164
0.9263754045307443,0.540604343720491
0.9263754045307443,0.540859707132735
0.9263754045307443,0.5411153119092628
0.9263754045307443,0.541371158392435
0.9263754045307443,0.5416272469252602
0.9263754045307443,0.5418835778513961
0.9255663430420712,0.5416666666666666
0.9255663430420712,0.541923259118901
0.9255663430420712,0.5424371740161213
0.9255663430420712,0.5429520645467489
0.9255663430420712,0.5432098765432098
0.9255663430420712,0.5434679334916864
0.9255663430420712,0.5437262357414449
0.9255663430420712,0.5439847836424156
0.9255663430420712,0.544243577545195
0.9255663430420712,0.5445026178010471
0.9255663430420712,0.5447619047619048
0.9255663430420712,0.5450214387803716
0.9255663430420712,0.5452812202097236
0.9255663430420712,0.5455412494039104
0.9255663430420712,0.5460620525059666
0.9255663430420712,0.5463228271251194
0.9255663430420712,0.5473684210526316
0.9255663430420712,0.5476304451890857
0.9255663430420712,0.5478927203065134
0.9255663430420712,0.5481552467656924
0.9255663430420712,0.548418024928092
0.9255663430420712,0.5486810551558753
0.9247572815533981,0.5484644913627639
0.9247572815533981,0.5487277964474316
0.9247572815533981,0.5489913544668588
0.9247572815533981,0.5500481231953802
0.9247572815533981,0.5503129513721714
0.9239482200647249,0.5500963391136802
0.9239482200647249,0.5503614457831325
0.9239482200647249,0.5508924264351182
0.9239482200647249,0.5511583011583011
0.9239482200647249,0.5514244326412361
0.9239482200647249,0.5516908212560386
0.9231391585760518,0.552007740686986
0.9231391585760518,0.5522749273959342
0.9223300970873787,0.5520581113801453
0.9223300970873787,0.5523255813953488
0.9223300970873787,0.5528612997090203
0.9215210355987055,0.5526443474041728
0.9215210355987055,0.5529126213592233
0.9207119741100324,0.5535019455252919
0.9199029126213593,0.5535540408958131
0.9199029126213593,0.5538236726741355
0.9199029126213593,0.554093567251462
0.9199029126213593,0.5543637250121892
0.919093851132686,0.5541463414634147
0.919093851132686,0.5544167886774036
0.9182847896440129,0.55419921875
0.9182847896440129,0.5544699560332194
0.9182847896440129,0.5547409579667644
0.9182847896440129,0.5550122249388753
0.9182847896440129,0.5555555555555556
0.9182847896440129,0.5558276199804114
0.9182847896440129,0.5560999510044096
0.9182847896440129,0.5563725490196079
0.9174757281553398,0.5561549779303581
0.9174757281553398,0.5564278704612365
0.9174757281553398,0.5567010309278351
0.9174757281553398,0.5569744597249509
0.9174757281553398,0.5572481572481572
0.9174757281553398,0.5575221238938053
0.9174757281553398,0.5577963600590261
0.9174757281553398,0.5580708661417323
0.9174757281553398,0.5586206896551724
0.9174757281553398,0.558896007885658
0.9174757281553398,0.5591715976331361
0.9174757281553398,0.5594474592994573
0.9174757281553398,0.5605536332179931
0.9174757281553398,0.5608308605341247
0.9174757281553398,0.5611083621969322
0.9174757281553398,0.5613861386138614
0.9174757281553398,0.5616641901931649
0.9174757281553398,0.5619425173439049
0.9174757281553398,0.5622211204759544
0.9174757281553398,0.5625
0.9174757281553398,0.5630585898709036
0.9174757281553398,0.5636182902584493
0.9174757281553398,0.5638985579313774
0.9174757281553398,0.564179104477612
0.9174757281553398,0.5644599303135889
0.9174757281553398,0.5647410358565738
0.9166666666666666,0.5645241654210265
0.9166666666666666,0.5648055832502492
0.9166666666666666,0.5650872817955113
0.9158576051779935,0.564870259481038
0.9158576051779935,0.565152271592611
0.9158576051779935,0.5654345654345654
0.9158576051779935,0.5657171414292853
0.9158576051779935,0.5662831415707854
0.9158576051779935,0.5665665665665666
0.9158576051779935,0.5668502754131197
0.9158576051779935,0.5671342685370742
0.9150485436893204,0.5669172932330827
0.9150485436893204,0.5672016048144434
0.9150485436893204,0.5674862017059709
0.9150485436893204,0.5677710843373494
0.9150485436893204,0.5680562531391261
0.9150485436893204,0.5683417085427136
0.9150485436893204,0.5686274509803921
0.9150485436893204,0.5689134808853119
0.9150485436893204,0.5691997986914947
0.9150485436893204,0.5694864048338368
0.9150485436893204,0.5697732997481109
0.9150485436893204,0.5700604838709677
0.9150485436893204,0.5703479576399395
0.9150485436893204,0.5709237758707724
0.9150485436893204,0.5712121212121212
0.9150485436893204,0.5715007579585649
0.9150485436893204,0.5717896865520729
0.9150485436893204,0.5720789074355084
0.9150485436893204,0.5723684210526315
0.9150485436893204,0.5729483282674772
0.9150485436893204,0.5732387227572225
0.9150485436893204,0.5735294117647058
0.9150485436893204,0.573820395738204
0.9150485436893204,0.5746951219512195
0.9150485436893204,0.5752797558494405
0.9150485436893204,0.5758655804480651
0.9150485436893204,0.5761589403973509
0.9150485436893204,0.5764525993883792
0.9150485436893204,0.5770408163265306
0.9150485436893204,0.5773353751914242
0.9150485436893204,0.5776302349336058
0.9150485436893204,0.5779253960143076
0.9150485436893204,0.5782208588957055
0.9150485436893204,0.5785166240409207
0.9142394822006472,0.5783009211873081
0.9142394822006472,0.5785970302099335
0.9142394822006472,0.5788934426229508
0.9142394822006472,0.5791901588928754
0.9142394822006472,0.5797845048742946
0.9134304207119741,0.5795687885010267
0.912621359223301,0.5793528505392912
0.912621359223301,0.579650565262076
0.912621359223301,0.5808444902162719
0.912621359223301,0.5811437403400309
0.912621359223301,0.5814432989690722
0.9118122977346278,0.5812274368231047
0.9118122977346278,0.5815273477812177
0.9110032362459547,0.5816115702479339
0.9110032362459547,0.5819121447028424
0.9110032362459547,0.5822130299896587
0.9101941747572816,0.5822981366459627
0.9101941747572816,0.5825996892801657
0.9093851132686084,0.5823834196891192
0.9093851132686084,0.5826853291861068
0.9093851132686084,0.58298755186722
0.9093851132686084,0.5832900882200311
0.9093851132686084,0.5835929387331257
0.9093851132686084,0.5838961038961039
0.9093851132686084,0.5841995841995842
0.9093851132686084,0.5848074921956296
0.9093851132686084,0.5854166666666667
0.9093851132686084,0.5857217300677436
0.9093851132686084,0.5860271115745568
0.9093851132686084,0.5863328116849243
0.9093851132686084,0.5866388308977035
0.9085760517799353,0.5864229765013055
0.9085760517799353,0.5867293625914316
0.9085760517799353,0.5873430962343096
0.9085760517799353,0.587650444793302
0.9085760517799353,0.5882661079099005
0.9085760517799353,0.5885744234800838
0.9085760517799353,0.588883062401678
0.9085760517799353,0.5891920251836307
0.9085760517799353,0.589501312335958
0.9085760517799353,0.5898109243697479
0.9085760517799353,0.5901208617971624
0.9085760517799353,0.5904311251314406
0.9085760517799353,0.5907417148869016
0.9085760517799353,0.5910526315789474
0.9085760517799353,0.5913638757240653
0.9085760517799353,0.5916754478398314
0.9085760517799353,0.5919873484449131
0.9085760517799353,0.5922995780590717
0.9077669902912622,0.5920844327176781
0.9077669902912622,0.5923970432946146
0.9077669902912622,0.5927099841521395
0.9077669902912622,0.5930232558139535
0.9077669902912622,0.5933368588048652
0.9077669902912622,0.5936507936507937
0.9077669902912622,0.5939650608787719
0.9077669902912622,0.5942796610169492
0.9077669902912622,0.5945945945945946
0.9077669902912622,0.5949098621420997
0.9077669902912622,0.5952254641909814
0.9077669902912622,0.5958576739245884
0.9077669902912622,0.5961742826780021
0.9077669902912622,0.5964912280701754
0.9077669902912622,0.5968085106382979
0.9077669902912622,0.597444089456869
0.9077669902912622,0.5977623867874268
0.9077669902912622,0.5980810234541578
0.9077669902912622,0.5984
0.9077669902912622,0.599038974906567
0.9077669902912622,0.5993589743589743
0.9077669902912622,0.5996793158738642
0.9077669902912622,0.6
0.9077669902912622,0.6003210272873194
0.9077669902912622,0.6006423982869379
0.9077669902912622,0.6009641135511515
0.9077669902912622,0.6012861736334405
0.9077669902912622,0.6016085790884719
0.9077669902912622,0.601931330472103
0.9077669902912622,0.6022544283413849
0.9077669902912622,0.6029016657710908
0.9077669902912622,0.603225806451613
0.9077669902912622,0.6035502958579881
0.9077669902912622,0.6038751345532831
0.9077669902912622,0.6042003231017771
0.9077669902912622,0.6045258620689655
0.906957928802589,0.6043126684636119
0.906957928802589,0.604638619201726
0.906957928802589,0.6049649217485159
0.906957928802589,0.6052915766738661
0.906957928802589,0.6056185845488925
0.906957928802589,0.605945945945946
0.906957928802589,0.6062736614386155
0.9061488673139159,0.6063887384948565
0.9061488673139159,0.6067172264355363
0.9053398058252428,0.6065040650406504
0.9045307443365695,0.6062906724511931
0.9045307443365695,0.6066196418882257
0.9045307443365695,0.6069489685124865
0.9045307443365695,0.6072786529060293
0.9045307443365695,0.6076086956521739
0.9045307443365695,0.6082698585418934
0.9045307443365695,0.6086009798584648
0.9045307443365695,0.6089324618736384
0.9045307443365695,0.6095965103598692
0.9037216828478964,0.6093835242771413
0.9037216828478964,0.6097161572052402
0.9037216828478964,0.6100491534680502
0.9037216828478964,0.6107162383816293
0.9029126213592233,0.6105032822757112
0.9021035598705501,0.6102900930487137
0.9021035598705501,0.6106243154435925
0.901294498381877,0.6104109589041096
0.901294498381877,0.6107456140350878
0.901294498381877,0.6110806363137685
0.9004854368932039,0.610867178924259
0.9004854368932039,0.6112026359143328
0.8996763754045307,0.610989010989011
0.8996763754045307,0.6116611661166117
0.8988673139158576,0.6114474408365438
0.8988673139158576,0.611784140969163
0.8980582524271845,0.6122448979591837
0.8980582524271845,0.6125827814569537
0.8980582524271845,0.6129210381004969
0.8980582524271845,0.6132596685082873
0.8980582524271845,0.6139380530973452
0.8980582524271845,0.6142778085224129
0.8980582524271845,0.6146179401993356
0.8980582524271845,0.6149584487534626
0.8980582524271845,0.61529933481153
0.8972491909385113,0.6150859678313921
0.8972491909385113,0.6154273029966704
0.8972491909385113,0.6157690172126596
0.8972491909385113,0.6161111111111112
0.8972491909385113,0.6164535853251807
0.8964401294498382,0.6162402669632926
0.8964401294498382,0.6165831942125766
0.8964401294498382,0.6169265033407573
0.8964401294498382,0.6172701949860724
0.8964401294498382,0.6183035714285714
0.8964401294498382,0.6186487995533222
0.8964401294498382,0.6193404136389045
0.8964401294498382,0.6196868008948546
0.8964401294498382,0.6200335758254057
0.8964401294498382,0.620380739081747
0.8956310679611651,0.6201680672268908
0.8956310679611651,0.6205156950672646
0.8956310679611651,0.6208637128435222
0.8956310679611651,0.6212121212121212
0.8956310679611651,0.6215609208309938
0.8956310679611651,0.6219101123595505
0.8956310679611651,0.6222596964586846
0.8956310679611651,0.6226096737907761
0.8956310679611651,0.6229600450196962
0.8956310679611651,0.6233108108108109
0.8956310679611651,0.6236619718309859
0.8956310679611651,0.6243654822335025
0.8948220064724919,0.6241534988713319
0.8948220064724919,0.6245059288537549
0.8940129449838188,0.6246466930469191
0.8940129449838188,0.625
0.8940129449838188,0.6253537068477646
0.8940129449838188,0.6257078142695357
0.8940129449838188,0.6260623229461756
0.8940129449838188,0.6264172335600907
0.8940129449838188,0.6267725467952354
0.8940129449838188,0.6274843838727996
0.8940129449838188,0.6281978396816373
0.8932038834951457,0.6279863481228669
0.8923948220064725,0.6277746158224246
0.8923948220064725,0.628132118451025
0.8915857605177994,0.627920227920228
0.8915857605177994,0.6282782212086659
0.8915857605177994,0.6286366229321164
0.8915857605177994,0.6289954337899544
0.8915857605177994,0.6297142857142857
0.8915857605177994,0.6304347826086957
0.8907766990291263,0.6302232398397253
0.8907766990291263,0.6305841924398625
0.8907766990291263,0.6309455587392551
0.8907766990291263,0.6313073394495413
0.8907766990291263,0.6320321469575201
0.8907766990291263,0.6323951751866743
0.8907766990291263,0.6327586206896552
0.889967637540453,0.6325474410580794
0.88915857605178,0.6323360184119677
0.88915857605178,0.6327000575705239
0.88915857605178,0.6341604154645124
0.88915857605178,0.6345265588914549
0.8883495145631068,0.634315424610052
0.8875404530744336,0.6341040462427746
0.8875404530744336,0.6352055587724378
0.8875404530744336,0.6355735805330244
0.8875404530744336,0.6359420289855072
0.8875404530744336,0.6363109048723898
0.8875404530744336,0.636680208937899
0.8875404530744336,0.6370499419279907
0.8875404530744336,0.6374201045903545
0.8875404530744336,0.6377906976744186
0.8875404530744336,0.6381617219313555
0.8867313915857605,0.6379511059371362
0.8867313915857605,0.6386946386946387
0.8867313915857605,0.639067055393586
0.8867313915857605,0.6394399066511085
0.8867313915857605,0.6398131932282545
0.8867313915857605,0.6401869158878505
0.8867313915857605,0.6405610753945061
0.8867313915857605,0.6409356725146199
0.8859223300970874,0.6407255705090696
0.8851132686084142,0.642018779342723
0.8851132686084142,0.6423957721667646
0.8843042071197411,0.6421856639247944
0.883495145631068,0.6423529411764706
0.883495145631068,0.6427310182460271
0.883495145631068,0.6431095406360424
0.8826860841423948,0.6432783018867925
0.8826860841423948,0.6436578171091445
0.8826860841423948,0.6440377804014168
0.8818770226537217,0.6438275251033668
0.8818770226537217,0.6442080378250591
0.8818770226537217,0.644589000591366
0.8810679611650486,0.644378698224852
0.8802588996763754,0.6441681468324453
0.8802588996763754,0.6453143534994069
0.8802588996763754,0.6456973293768546
0.8794498381877023,0.6454869358669834
0.8794498381877023,0.6458704693998811
0.8794498381877023,0.6466389054134444
0.8794498381877023,0.6470238095238096
0.8794498381877023,0.6474091721262656
0.8794498381877023,0.6477949940405244
0.8794498381877023,0.6481812760882528
0.8794498381877023,0.6485680190930787
0.8794498381877023,0.648955223880597
0.8794498381877023,0.6493428912783752
0.8794498381877023,0.6497310221159593
0.8794498381877023,0.6501196172248804
0.8794498381877023,0.6505086774386595
0.8794498381877023,0.6508982035928144
0.8786407766990292,0.6506890353505093
0.877831715210356,0.6504796163069544
0.877831715210356,0.650869826034793
0.877831715210356,0.6512605042016807
0.877831715210356,0.6516516516516516
0.877831715210356,0.6520432692307693
0.877831715210356,0.6528279181708785
0.8770226537216829,0.6526189042745334
0.8770226537216829,0.6534056660638939
0.8770226537216829,0.6537997587454765
0.8762135922330098,0.6535908267954134
0.8762135922330098,0.6539855072463768
0.8762135922330098,0.654380664652568
0.8762135922330098,0.654776299879081
0.8762135922330098,0.6551724137931034
0.8754045307443366,0.6549636803874092
0.8754045307443366,0.6553603876438522
0.8754045307443366,0.6557575757575758
0.8754045307443366,0.656155245603396
0.8754045307443366,0.6565533980582524
0.8754045307443366,0.6569520340012144
0.8754045307443366,0.6573511543134872
0.8754045307443366,0.6577507598784195
0.8754045307443366,0.6581508515815085
0.8754045307443366,0.6585514303104077
0.8745954692556634,0.6583434835566383
0.8745954692556634,0.6587446678854357
0.8745954692556634,0.6591463414634147
0.8745954692556634,0.6599511599511599
0.8737864077669902,0.6597434331093464
0.8737864077669902,0.6601466992665037
0.8729773462783171,0.6599388379204894
0.8729773462783171,0.6603427172582619
0.8729773462783171,0.6607470912431108
0.8729773462783171,0.6611519607843137
0.8729773462783171,0.6615573267933783
0.8729773462783171,0.661963190184049
0.8729773462783171,0.6623695518723143
0.8729773462783171,0.6627764127764127
0.8729773462783171,0.6631837738168408
0.8729773462783171,0.6635916359163592
0.8729773462783171,0.6644088669950738
0.8729773462783171,0.6648182378311769
0.8729773462783171,0.6652281134401973
0.872168284789644,0.6654320987654321
0.872168284789644,0.6658431130327362
0.872168284789644,0.6670792079207921
0.872168284789644,0.6674922600619195
0.872168284789644,0.6687344913151365
0.8713592233009708,0.6685288640595903
0.8705501618122977,0.6683229813664596
0.8705501618122977,0.6691542288557214
0.8705501618122977,0.6695706285003111
0.8697411003236246,0.6693648816936488
0.8689320388349514,0.6691588785046729
0.8689320388349514,0.669576059850374
0.8689320388349514,0.6704119850187266
0.8689320388349514,0.6708307307932542
0.8681229773462783,0.670625
0.8681229773462783,0.6714643304130162
0.8681229773462783,0.6718847839699437
0.8681229773462783,0.6723057644110275
0.8681229773462783,0.6727272727272727
0.8673139158576052,0.6725219573400251
0.8673139158576052,0.6729441305712492
0.866504854368932,0.6731615336266499
0.8656957928802589,0.6729559748427673
0.8656957928802589,0.6733794839521712
0.8648867313915858,0.6731738035264484
0.8648867313915858,0.6735979836168872
0.8648867313915858,0.6740226986128626
0.8648867313915858,0.6744479495268139
0.8648867313915858,0.6748737373737373
0.8648867313915858,0.675300063171194
0.8640776699029126,0.6750948166877371
0.8640776699029126,0.6755218216318786
0.8632686084142395,0.6753164556962026
0.8632686084142395,0.675744141861938
0.8632686084142395,0.6766011414077362
0.8632686084142395,0.6770304568527918
0.8632686084142395,0.6774603174603174
0.8632686084142395,0.6778907242693774
0.8632686084142395,0.6783216783216783
0.8632686084142395,0.6787531806615776
0.8624595469255664,0.6785486950986632
0.8624595469255664,0.6789808917197452
0.8624595469255664,0.6794136392606756
0.8616504854368932,0.6792091836734694
0.86084142394822,0.6790044671346522
0.86084142394822,0.6794380587484036
0.86084142394822,0.6798722044728435
0.86084142394822,0.680306905370844
0.860032362459547,0.6801023672424824
0.860032362459547,0.6805377720870679
0.860032362459547,0.680973734785394
0.860032362459547,0.6814102564102564
0.860032362459547,0.6818473380372033
0.8592233009708737,0.6816431322207959
0.8592233009708737,0.6820809248554913
0.8584142394822006,0.6818766066838047
0.8576051779935275,0.6816720257234726
0.8576051779935275,0.6821106821106822
0.8576051779935275,0.6825499034127496
0.8576051779935275,0.6829896907216495
0.8576051779935275,0.6834300451321728
0.8576051779935275,0.6838709677419355
0.8576051779935275,0.684312459651388
0.8576051779935275,0.6847545219638242
0.8576051779935275,0.6851971557853911
0.8567961165048543,0.6854368932038835
0.8567961165048543,0.685880829015544
0.8559870550161812,0.6856772521062865
0.8559870550161812,0.6861219195849546
0.8543689320388349,0.6857142857142857
0.8543689320388349,0.6861598440545809
0.8535598705501618,0.6859557867360208
0.8535598705501618,0.686402081977879
0.8535598705501618,0.6868489583333334
0.8527508090614887,0.6866449511400652
0.8527508090614887,0.6870925684485006
0.8527508090614887,0.6875407697325505
0.8527508090614887,0.6879895561357703
0.8527508090614887,0.6884389288047028
0.8527508090614887,0.6888888888888889
0.8527508090614887,0.6893394375408763
0.8527508090614887,0.6897905759162304
0.8519417475728155,0.6895874263261297
0.8519417475728155,0.6900393184796855
0.8519417475728155,0.6904918032786885
0.8519417475728155,0.6909448818897638
0.8511326860841424,0.690741956664478
0.8503236245954693,0.69053876478318
0.8503236245954693,0.6909927679158449
0.8503236245954693,0.6914473684210526
0.8495145631067961,0.6912442396313364
0.8495145631067961,0.6921555702043507
0.8495145631067961,0.6926121372031663
0.848705501618123,0.6924092409240924
0.848705501618123,0.6928665785997358
0.8478964401294499,0.6926635822868473
0.8478964401294499,0.6931216931216931
0.8478964401294499,0.6935804103242885
0.8478964401294499,0.6940397350993377
0.8470873786407767,0.6938369781312127
0.8470873786407767,0.6942970822281167
0.8462783171521036,0.6940942269409422
0.8454692556634305,0.6943521594684385
0.8446601941747572,0.6941489361702128
0.8446601941747572,0.6946107784431138
0.8438511326860841,0.6944074567243675
0.8438511326860841,0.6948700866089274
0.8438511326860841,0.6957971981320881
0.8438511326860841,0.6962616822429907
0.8438511326860841,0.6967267869071476
0.843042071197411,0.696524064171123
0.843042071197411,0.696989966555184
0.843042071197411,0.6979236436704621
0.8422330097087378,0.6977211796246648
0.8414239482200647,0.6975184439973172
0.8414239482200647,0.697986577181208
0.8414239482200647,0.6984553391537945
0.8406148867313916,0.698252688172043
0.8406148867313916,0.6987222595830531
0.8406148867313916,0.699192462987887
0.8398058252427184,0.6989898989898989
0.8398058252427184,0.6994609164420486
0.8398058252427184,0.6999325691166555
0.8389967637540453,0.7002025658338961
0.8389967637540453,0.7006756756756757
0.8389967637540453,0.7011494252873564
0.8389967637540453,0.7016238159675237
0.8389967637540453,0.7020988490182803
0.8389967637540453,0.7025745257452575
0.8389967637540453,0.7030508474576271
0.8381877022653722,0.7028493894165536
0.8381877022653722,0.703326544467074
0.837378640776699,0.703125
0.837378640776699,0.7036029911624745
0.837378640776699,0.7040816326530612
0.837378640776699,0.7045609257998638
0.8365695792880259,0.7043596730245232
0.8365695792880259,0.7048398091342877
0.8365695792880259,0.7053206002728513
0.8357605177993528,0.7051194539249147
0.8357605177993528,0.7056010928961749
0.8349514563106796,0.7053998632946001
0.8349514563106796,0.7058823529411765
0.8349514563106796,0.7063655030800822
0.8341423948220065,0.7061643835616438
0.8341423948220065,0.706648389307745
0.8333333333333334,0.7064471879286695
0.8333333333333334,0.7069320521619766
0.8325242718446602,0.7067307692307693
0.8325242718446602,0.7072164948453609
0.8325242718446602,0.7086776859504132
0.8317152103559871,0.7084769124741558
0.830906148867314,0.7082758620689655
0.830906148867314,0.7087646652864045
0.830906148867314,0.7092541436464088
0.830906148867314,0.7097442985487215
0.830906148867314,0.7102351313969572
0.8300970873786407,0.7105263157894737
0.8300970873786407,0.7110187110187111
0.8300970873786407,0.7115117891816921
0.8292880258899676,0.7113115891741846
0.8284789644012945,0.7111111111111111
0.8276699029126213,0.7109103544127866
0.8276699029126213,0.7114047287899861
0.8276699029126213,0.7118997912317327
0.8276699029126213,0.7123955431754875
0.8276699029126213,0.7128919860627178
0.8268608414239482,0.7126917712691772
0.8268608414239482,0.7131891137473831
0.8268608414239482,0.7136871508379888
0.8268608414239482,0.7141858839972047
0.8268608414239482,0.7146853146853147
0.8260517799352751,0.7144856543037089
0.8260517799352751,0.7149859943977591
0.8260517799352751,0.7154870357393133
0.8260517799352751,0.7159887798036466
0.8252427184466019,0.7157894736842105
0.8244336569579288,0.7155898876404494
0.8236245954692557,0.7153900210822206
0.8228155339805825,0.7151898734177216
0.8228155339805825,0.7156931738212526
0.8228155339805825,0.7161971830985916
0.8228155339805825,0.7167019027484144
0.8220064724919094,0.7165021156558533
0.8220064724919094,0.7170077628793226
0.8211974110032363,0.7168079096045198
0.8203883495145631,0.7166077738515901
0.8203883495145631,0.7171145685997171
0.8203883495145631,0.7176220806794055
0.8187702265372169,0.7172218284904324
0.8187702265372169,0.7177304964539007
0.8187702265372169,0.7182398864442867
0.8179611650485437,0.7180397727272727
0.8171521035598706,0.7178393745557925
0.8163430420711975,0.7176386913229018
0.8163430420711975,0.7181494661921708
0.8155339805825242,0.717948717948718
0.8155339805825242,0.7189728958630528
0.8155339805825242,0.7194860813704497
0.8155339805825242,0.72
0.8155339805825242,0.7205146533238027
0.8155339805825242,0.721030042918455
0.8155339805825242,0.721546170365068
0.8147249190938511,0.7213467048710601
0.8147249190938511,0.7218637992831541
0.8147249190938511,0.7223816355810617
0.8147249190938511,0.7229002153625269
0.813915857605178,0.7227011494252874
0.813915857605178,0.7232207045291158
0.813915857605178,0.7237410071942446
0.813915857605178,0.7242620590352772
0.813915857605178,0.7247838616714697
0.8131067961165048,0.7245854361932228
0.8122977346278317,0.7243867243867244
0.8122977346278317,0.7249097472924187
0.8122977346278317,0.7254335260115607
0.8122977346278317,0.7259580621836587
0.8114886731391586,0.7257597684515196
0.8114886731391586,0.7262853005068791
0.8114886731391586,0.7268115942028985
0.8106796116504854,0.7266134880348079
0.8106796116504854,0.7271407837445574
0.8106796116504854,0.7276688453159041
0.8106796116504854,0.7281976744186046
0.8098705501618123,0.728
0.8098705501618123,0.7285298398835517
0.8090614886731392,0.7283321194464676
0.8090614886731392,0.7288629737609329
0.8090614886731392,0.7293946024799417
0.8090614886731392,0.7299270072992701
0.8090614886731392,0.7304601899196493
0.808252427184466,0.7302631578947368
0.808252427184466,0.7307973664959766
0.8074433656957929,0.7306002928257687
0.8074433656957929,0.7311355311355311
0.8074433656957929,0.7316715542521994
0.8074433656957929,0.7322083639031548
0.8074433656957929,0.7327459618208517
0.8066343042071198,0.7325495958853784
0.8066343042071198,0.7330882352941176
0.8058252427184466,0.7328918322295805
0.8050161812297735,0.7326951399116347
0.8050161812297735,0.7332350773765659
0.8050161812297735,0.7337758112094396
0.8042071197411004,0.7335793357933579
0.8042071197411004,0.7341211225997046
0.8042071197411004,0.735207100591716
0.8042071197411004,0.7357512953367875
0.8042071197411004,0.7362962962962963
0.8042071197411004,0.7368421052631579
0.8042071197411004,0.7373887240356083
0.8042071197411004,0.7379361544172235
0.8042071197411004,0.7384843982169391
0.8042071197411004,0.7390334572490707
0.8033980582524272,0.7388392857142857
0.8033980582524272,0.7393894266567387
0.8033980582524272,0.7399403874813711
0.8025889967637541,0.7397464578672632
0.801779935275081,0.7395522388059701
0.8009708737864077,0.7393577296489918
0.8001618122977346,0.7391629297458894
0.8001618122977346,0.7397157816005984
0.8001618122977346,0.7402694610778443
0.8001618122977346,0.7408239700374532
0.7993527508090615,0.7406296851574213
0.7985436893203883,0.7404351087771943
0.7977346278317152,0.7402402402402403
0.7969255663430421,0.740045078888054
0.7969255663430421,0.7406015037593985
0.7961165048543689,0.7404063205417607
0.7953074433656958,0.740210843373494
0.7944983818770227,0.7400150715900528
0.7944983818770227,0.7405731523378583
0.7944983818770227,0.7411320754716981
0.7936893203883495,0.7409365558912386
0.7928802588996764,0.7407407407407407
0.7920711974110033,0.7405446293494705
0.7912621359223301,0.7403482210446631
0.7912621359223301,0.740909090909091
0.790453074433657,0.7407126611068992
0.7896440129449838,0.7405159332321699
0.7896440129449838,0.7410782080485953
0.7888349514563107,0.7414448669201521
0.7880258899676376,0.741248097412481
0.7880258899676376,0.7418126428027418
0.7880258899676376,0.7423780487804879
0.7872168284789643,0.7421815408085431
0.7855987055016181,0.7417876241405653
0.7847896440129449,0.7415902140672783
0.7847896440129449,0.7421576128538638
0.7847896440129449,0.7427258805513017
0.7847896440129449,0.7432950191570882
0.7847896440129449,0.7438650306748467
0.7839805825242718,0.7436684574059862
0.7839805825242718,0.7442396313364056
0.7839805825242718,0.7448116833205227
0.7839805825242718,0.7453846153846154
0.7839805825242718,0.745958429561201
0.7839805825242718,0.7465331278890601
0.7839805825242718,0.7471087124132614
0.7839805825242718,0.7476851851851852
0.7831715210355987,0.7474903474903475
0.7831715210355987,0.7480680061823802
0.7831715210355987,0.748646558391338
0.7823624595469255,0.7484520123839009
0.7815533980582524,0.7482571649883811
0.7815533980582524,0.7488372093023256
0.7815533980582524,0.7494181536074477
0.7815533980582524,0.75
0.7815533980582524,0.7505827505827506
0.7807443365695793,0.750388802488336
0.7799352750809061,0.7501945525291829
0.779126213592233,0.75
0.7783171521035599,0.750390015600624
0.7775080906148867,0.7501951600312255
0.7775080906148867,0.75078125
0.7766990291262136,0.7505863956215794
0.7766990291262136,0.7511737089201878
0.7766990291262136,0.7517619420516837
0.7758899676375405,0.7515673981191222
0.7750809061488673,0.7513725490196078
0.7742718446601942,0.7511773940345369
0.7734627831715211,0.7509819324430479
0.7734627831715211,0.7515723270440252
0.7734627831715211,0.7521636506687648
0.7734627831715211,0.752755905511811
0.7726537216828478,0.7525610717100079
0.7726537216828478,0.7531545741324921
0.7718446601941747,0.7529597474348856
0.7710355987055016,0.7527646129541864
0.7702265372168284,0.7525691699604743
0.7694174757281553,0.752373417721519
0.7686084142394822,0.7521773555027712
0.7686084142394822,0.7527733755942948
0.7686084142394822,0.753370340999207
0.7686084142394822,0.753968253968254
0.7686084142394822,0.7545671167593329
0.767799352750809,0.7543720190779014
0.767799352750809,0.7549721559268099
0.767799352750809,0.7555732484076433
0.7669902912621359,0.7553784860557768
0.7669902912621359,0.7559808612440191
0.7669902912621359,0.75658419792498
0.7669902912621359,0.7571884984025559
0.7669902912621359,0.7577937649880095
0.7669902912621359,0.7584
0.7661812297734628,0.7582065652522018
0.7661812297734628,0.7588141025641025
0.7661812297734628,0.7594226142742582
0.7661812297734628,0.7600321027287319
0.7661812297734628,0.7606425702811245
0.7661812297734628,0.7612540192926045
0.7653721682847896,0.7610619469026548
0.7645631067961165,0.7608695652173914
0.7645631067961165,0.7614826752618856
0.7637540453074434,0.7612903225806451
0.7637540453074434,0.7619047619047619
0.7629449838187702,0.7617124394184168
0.7629449838187702,0.7623282134195635
0.7629449838187702,0.7629449838187702
0.7621359223300971,0.7633711507293355
0.7621359223300971,0.7639902676399026
0.7621359223300971,0.7646103896103896
0.7621359223300971,0.7652315190901706
0.761326860841424,0.7656631407648494
0.7605177993527508,0.7654723127035831
0.7597087378640777,0.765905383360522
0.7597087378640777,0.7665306122448979
0.7588996763754046,0.7663398692810458
0.7580906148867314,0.7661488143908421
0.7580906148867314,0.7667757774140753
0.7580906148867314,0.7674037674037674
0.7572815533980582,0.7672131147540984
0.7572815533980582,0.7678424938474159
0.7564724919093851,0.7676518883415435
0.7556634304207119,0.7674609695973705
0.7548543689320388,0.7672697368421053
0.7540453074433657,0.7670781893004115
0.7532362459546925,0.7668863261943987
0.7532362459546925,0.7675185490519374
0.7532362459546925,0.7681518151815182
0.7532362459546925,0.7687861271676301
0.7524271844660194,0.768595041322314
0.7516181229773463,0.7684036393713813
0.7508090614886731,0.7682119205298014
0.75,0.768019884009942
0.75,0.7686567164179104
0.7491909385113269,0.7691029900332226
0.7475728155339806,0.7687188019966722
0.7467637540453075,0.768526228143214
0.7467637540453075,0.7691666666666667
0.7467637540453075,0.7698081734778982
0.7467637540453075,0.7704507512520868
0.7459546925566343,0.7702589807852965
0.7459546925566343,0.7709030100334449
0.7451456310679612,0.7707112970711297
0.7443365695792881,0.7705192629815746
0.7443365695792881,0.7711651299245599
0.7443365695792881,0.7718120805369127
0.7435275080906149,0.7716204869857263
0.7427184466019418,0.7714285714285715
0.7419093851132686,0.7712363330529857
0.7419093851132686,0.7718855218855218
0.7411003236245954,0.7716933445661331
0.7402912621359223,0.7715008431703204
0.7402912621359223,0.7721518987341772
0.7394822006472492,0.7719594594594594
0.7394822006472492,0.7726120033812341
0.738673139158576,0.772419627749577
0.738673139158576,0.77307366638442
0.7378640776699029,0.7728813559322034
0.7370550161812298,0.7726887192536047
0.7362459546925566,0.7724957555178268
0.7362459546925566,0.7731520815632965
0.7362459546925566,0.7738095238095238
0.7354368932038835,0.7736170212765957
0.7346278317152104,0.7734241908006815
0.7346278317152104,0.7740835464620631
0.7346278317152104,0.7747440273037542
0.7338187702265372,0.7745516652433817
0.7338187702265372,0.7752136752136752
0.7330097087378641,0.7750213857998289
0.732200647249191,0.7748287671232876
0.7313915857605178,0.7746358183376179
0.7313915857605178,0.7753001715265866
0.7313915857605178,0.7759656652360515
0.7313915857605178,0.7766323024054983
0.7305825242718447,0.7764402407566638
0.7297734627831716,0.7762478485370051
0.7281553398058253,0.7758620689655172
0.7281553398058253,0.7765314926660914
0.7273462783171522,0.7763385146804835
0.7273462783171522,0.777009507346586
0.7265372168284789,0.7768166089965398
0.7257281553398058,0.7766233766233767
0.7249190938511327,0.7764298093587522
0.7249190938511327,0.777103209019948
0.7249190938511327,0.7777777777777778
0.7241100323624595,0.7775847089487402
0.7233009708737864,0.7773913043478261
0.7224919093851133,0.7771975630983464
0.7216828478964401,0.7770034843205574
0.720873786407767,0.7768090671316478
0.7200647249190939,0.7766143106457243
0.7200647249190939,0.777292576419214
0.7192556634304207,0.7770979020979021
0.7192556634304207,0.7777777777777778
0.7192556634304207,0.7784588441330998
0.7184466019417476,0.7789473684210526
0.7176375404530745,0.7787532923617209
0.7168284789644013,0.7785588752196837
0.7168284789644013,0.7792436235708003
0.7168284789644013,0.7799295774647887
0.7168284789644013,0.7806167400881058
0.7168284789644013,0.781305114638448
0.7168284789644013,0.7819947043248014
0.7160194174757282,0.7818021201413428
0.7152103559870551,0.7816091954022989
0.7152103559870551,0.7823008849557522
0.7152103559870551,0.7829937998228521
0.7144012944983819,0.7828014184397163
0.7135922330097088,0.782608695652174
0.7127831715210357,0.7824156305506217
0.7127831715210357,0.7831111111111111
0.7119741100323624,0.7829181494661922
0.7119741100323624,0.7836153161175423
0.7119741100323624,0.7843137254901961
0.7111650485436893,0.784121320249777
0.7111650485436893,0.7848214285714286
0.7111650485436893,0.7855227882037533
0.7111650485436893,0.7862254025044723
0.7103559870550162,0.7860340196956133
0.7103559870550162,0.7867383512544803
0.7103559870550162,0.7874439461883408
0.709546925566343,0.7872531418312387
0.709546925566343,0.7879604672057502
0.709546925566343,0.7886690647482014
0.709546925566343,0.7893789378937894
0.7087378640776699,0.7891891891891892
0.7079288025889967,0.7889990982867449
0.7079288025889967,0.7897111913357401
0.7079288025889967,0.7904245709123758
0.7079288025889967,0.7911392405063291
0.7071197411003236,0.7909502262443439
0.7071197411003236,0.7916666666666666
0.7063106796116505,0.7914777878513146
0.7055016181229773,0.7912885662431942
0.7046925566343042,0.7910990009082652
0.7038834951456311,0.7909090909090909
0.7030744336569579,0.7907188353048226
0.7030744336569579,0.7914389799635702
0.7022653721682848,0.7912488605287147
0.7014563106796117,0.791058394160584
0.7014563106796117,0.7917808219178082
0.7014563106796117,0.7932296431838975
0.7014563106796117,0.7939560439560439
0.7006472491909385,0.7937671860678277
0.7006472491909385,0.7944954128440367
0.7006472491909385,0.7952249770431589
0.7006472491909385,0.7959558823529411
0.6998381877022654,0.795768169273229
0.6998381877022654,0.7965009208103131
0.6998381877022654,0.7972350230414746
0.6990291262135923,0.7970479704797048
0.698220064724919,0.7968605724838412
0.6974110032362459,0.7966728280961183
0.6966019417475728,0.7964847363552267
0.6957928802588996,0.7962962962962963
0.6949838187702265,0.7961075069508804
0.6941747572815534,0.7959183673469388
0.6933656957928802,0.7957288765088208
0.6933656957928802,0.7964684014869888
0.6925566343042071,0.7962790697674419
0.6925566343042071,0.7970204841713222
0.6925566343042071,0.7977632805219013
0.6925566343042071,0.7985074626865671
0.6925566343042071,0.7992530345471522
0.6925566343042071,0.8
0.691747572815534,0.7998129092609916
0.691747572815534,0.800561797752809
0.6909385113268608,0.8003748828491096
0.6901294498381877,0.800187617260788
0.6901294498381877,0.8009389671361502
0.6901294498381877,0.8016917293233082
0.6893203883495146,0.8015051740357478
0.6893203883495146,0.8022598870056498
0.6885113268608414,0.8020735155513666
0.6877022653721683,0.8018867924528302
0.6868932038834952,0.8016997167138811
0.686084142394822,0.8015122873345936
0.686084142394822,0.8022705771050141
0.6852750809061489,0.8020833333333334
0.6852750809061489,0.8028436018957346
0.6852750809061489,0.8036053130929791
0.6844660194174758,0.8034188034188035
0.6836569579288025,0.8032319391634981
0.6828478964401294,0.8030447193149381
0.6820388349514563,0.8028571428571428
0.6820388349514563,0.8036224976167778
0.68042071197411,0.8032473734479465
0.68042071197411,0.8040152963671128
0.68042071197411,0.8047846889952153
0.6796116504854369,0.8045977011494253
0.6788025889967637,0.8044103547459253
0.6779935275080906,0.8042226487523992
0.6779935275080906,0.8049951969260326
0.6779935275080906,0.8057692307692308
0.6771844660194175,0.8055822906641001
0.6763754045307443,0.8053949903660886
0.6755663430420712,0.8052073288331726
0.6755663430420712,0.805984555984556
0.6755663430420712,0.8067632850241546
0.6747572815533981,0.8065764023210832
0.6747572815533981,0.8073572120038722
0.6747572815533981,0.8081395348837209
0.6747572815533981,0.8089233753637245
0.6747572815533981,0.8097087378640777
0.6747572815533981,0.8104956268221575
0.6747572815533981,0.811284046692607
0.6747572815533981,0.8120740019474196
0.6739482200647249,0.8118908382066277
0.6739482200647249,0.8126829268292682
0.6739482200647249,0.8134765625
0.6731391585760518,0.8140900195694716
0.6723300970873787,0.8139079333986288
0.6715210355987055,0.8137254901960784
0.6707119741100324,0.8135426889106968
0.6707119741100324,0.8143418467583498
0.6707119741100324,0.8151425762045231
0.6707119741100324,0.8159448818897638
0.6699029126213593,0.8157635467980295
0.669093851132686,0.8155818540433925
0.6682847896440129,0.8153998025666338
0.6682847896440129,0.8162055335968379
0.6674757281553398,0.8160237388724035
0.6666666666666666,0.8158415841584158
0.6666666666666666,0.8166501486620417
0.6666666666666666,0.8174603174603174
0.6666666666666666,0.8182720953326713
0.6658576051779935,0.8180914512922465
0.6658576051779935,0.8189054726368159
0.6650485436893204,0.8187250996015937
0.6642394822006472,0.8185443668993021
0.6642394822006472,0.8193612774451098
0.6634304207119741,0.8191808191808192
0.662621359223301,0.819
0.6618122977346278,0.8196392785571143
0.6601941747572816,0.8192771084337349
0.6593851132686084,0.8190954773869347
0.6593851132686084,0.8199195171026157
0.6585760517799353,0.8197381671701913
0.6577669902912622,0.8195564516129032
0.656957928802589,0.8193743693239153
0.656957928802589,0.8202020202020202
0.656957928802589,0.8210313447927199
0.656957928802589,0.8218623481781376
0.6561488673139159,0.8216818642350557
0.6553398058252428,0.821501014198783
0.6545307443365695,0.8213197969543147
0.6537216828478964,0.8211382113821138
0.6529126213592233,0.8209562563580874
0.6521035598705501,0.8207739307535642
0.651294498381877,0.8205912334352702
0.651294498381877,0.8214285714285714
0.6504854368932039,0.8212461695607763
0.6504854368932039,0.8220858895705522
0.6496763754045307,0.8219037871033776
0.6488673139158576,0.8217213114754098
0.6480582524271845,0.8215384615384616
0.6472491909385113,0.8213552361396304
0.6464401294498382,0.8211716341212744
0.6456310679611651,0.8209876543209876
0.6456310679611651,0.8218331616889805
0.6448220064724919,0.8216494845360824
0.6440129449838188,0.8214654282765738
0.6432038834951457,0.8212809917355371
0.6423948220064725,0.8210961737331954
0.6415857605177994,0.8209109730848861
0.6415857605177994,0.8217616580310881
0.6415857605177994,0.8226141078838174
0.6407766990291263,0.822429906542056
0.639967637540453,0.8222453222453222
0.63915857605178,0.8220603537981269
0.6383495145631068,0.821875
0.6375404530744336,0.821689259645464
0.6367313915857605,0.8215031315240083
0.6359223300970874,0.8213166144200627
0.6359223300970874,0.8221757322175732
0.6351132686084142,0.8219895287958116
0.6343042071197411,0.8218029350104822
0.633495145631068,0.8216159496327388
0.6326860841423948,0.8214285714285714
0.6326860841423948,0.8222923238696109
0.6326860841423948,0.8231578947368421
0.6326860841423948,0.8240252897787145
0.6326860841423948,0.8248945147679325
0.6318770226537217,0.8247096092925026
0.6310679611650486,0.8245243128964059
0.6310679611650486,0.8253968253968254
0.6302588996763754,0.8252118644067796
0.6302588996763754,0.8260869565217391
0.6294498381877023,0.8259023354564756
0.6294498381877023,0.8267800212539851
0.6294498381877023,0.8276595744680851
0.6286407766990292,0.8274760383386581
0.627831715210356,0.8272921108742004
0.6270226537216829,0.8271077908217717
0.6262135922330098,0.8269230769230769
0.6254045307443366,0.8267379679144385
0.6254045307443366,0.8276231263383298
0.6254045307443366,0.8285101822079314
0.6245954692556634,0.8283261802575107
0.6237864077669902,0.8281417830290011
0.6237864077669902,0.8290322580645161
0.6237864077669902,0.829924650161464
0.6237864077669902,0.8308189655172413
0.6229773462783171,0.8306364617044228
0.622168284789644,0.8304535637149028
0.622168284789644,0.8313513513513513
0.6213592233009708,0.8311688311688312
0.6213592233009708,0.8320693391115926
0.6213592233009708,0.8329718004338394
0.6205501618122977,0.8327904451682954
0.6197411003236246,0.8326086956521739
0.6197411003236246,0.8335146898803046
0.6189320388349514,0.8333333333333334
0.6181229773462783,0.8331515812431843
0.6181229773462783,0.834061135371179
0.6181229773462783,0.8349726775956284
0.6181229773462783,0.8358862144420132
0.6181229773462783,0.836801752464403
0.6181229773462783,0.8377192982456141
0.6173139158576052,0.8375411635565313
0.6173139158576052,0.8384615384615385
0.6173139158576052,0.8393839383938394
0.616504854368932,0.8392070484581498
0.616504854368932,0.8401323042998897
0.616504854368932,0.8410596026490066
0.616504854368932,0.8419889502762431
0.616504854368932,0.8429203539823009
0.616504854368932,0.8438538205980066
0.6156957928802589,0.843680709534368
0.6156957928802589,0.8446170921198668
0.6148867313915858,0.8444444444444444
0.6140776699029126,0.8442714126807565
0.6140776699029126,0.8452115812917594
0.6140776699029126,0.8461538461538461
0.6132686084142395,0.8459821428571429
0.6132686084142395,0.846927374301676
0.6132686084142395,0.8478747203579419
0.6124595469255664,0.8477043673012318
0.6116504854368932,0.8475336322869955
0.61084142394822,0.8473625140291807
0.61084142394822,0.848314606741573
0.61084142394822,0.8492688413948256
0.610032362459547,0.8490990990990991
0.610032362459547,0.8500563697857948
0.6092233009708737,0.8498871331828443
0.6084142394822006,0.8497175141242937
0.6076051779935275,0.8495475113122172
0.6076051779935275,0.8505096262740657
0.6076051779935275,0.8514739229024944
0.6067961165048543,0.8513053348467651
0.6059870550161812,0.8511363636363637
0.6051779935275081,0.850967007963595
0.6043689320388349,0.8507972665148064
0.6035598705501618,0.8506271379703535
0.6027508090614887,0.8504566210045662
0.6019417475728155,0.8502857142857143
0.6019417475728155,0.851258581235698
0.6019417475728155,0.852233676975945
0.6019417475728155,0.8532110091743119
0.6019417475728155,0.8541905855338691
0.6011326860841424,0.8540229885057471
0.6011326860841424,0.8550057537399309
0.6011326860841424,0.8559907834101382
0.6003236245954693,0.8558246828143022
0.6003236245954693,0.8568129330254042
0.6003236245954693,0.8578034682080925
0.5995145631067961,0.8576388888888888
0.5995145631067961,0.8586326767091541
0.598705501618123,0.8584686774941995
0.5978964401294499,0.8583042973286876
0.5970873786407767,0.858139534883721
0.5970873786407767,0.8591385331781141
0.5962783171521036,0.8589743589743589
0.5954692556634305,0.8588098016336057
0.5946601941747572,0.8586448598130841
0.5938511326860841,0.8584795321637427
0.5938511326860841,0.8594847775175644
0.593042071197411,0.8593200468933178
0.5914239482200647,0.8589894242068156
0.5906148867313916,0.8588235294117647
0.5906148867313916,0.8598351001177856
0.5898058252427184,0.8596698113207547
0.5898058252427184,0.8606847697756789
0.5889967637540453,0.8605200945626478
0.5881877022653722,0.8603550295857988
0.587378640776699,0.8601895734597157
0.587378640776699,0.8612099644128114
0.587378640776699,0.8622327790973872
0.5865695792880259,0.8620689655172413
0.5865695792880259,0.8630952380952381
0.5857605177993528,0.8629320619785459
0.5849514563106796,0.8627684964200477
0.5841423948220065,0.8626045400238949
0.5841423948220065,0.8636363636363636
0.5833333333333334,0.8634730538922155
0.5825242718446602,0.8633093525179856
0.5825242718446602,0.8643457382953181
0.5825242718446602,0.8653846153846154
0.5817152103559871,0.865222623345367
0.5817152103559871,0.8662650602409638
0.5817152103559871,0.8673100120627262
0.580906148867314,0.8671497584541062
0.5800970873786407,0.8669891172914147
0.5800970873786407,0.8680387409200968
0.5800970873786407,0.8690909090909091
0.5800970873786407,0.8701456310679612
0.5800970873786407,0.8712029161603888
0.5792880258899676,0.8710462287104623
0.5784789644012945,0.8708891595615104
0.5784789644012945,0.8719512195121951
0.5776699029126213,0.8717948717948718
0.5776699029126213,0.8728606356968215
0.5760517799352751,0.8725490196078431
0.5752427184466019,0.8723926380368098
0.5744336569579288,0.8722358722358723
0.5736245954692557,0.8720787207872078
0.5728155339805825,0.8719211822660099
0.5720064724919094,0.8717632552404438
0.5720064724919094,0.8728395061728395
0.5711974110032363,0.8726823238566132
0.5711974110032363,0.8737623762376238
0.5703883495145631,0.8736059479553904
0.56957928802589,0.8734491315136477
0.5687702265372169,0.8732919254658386
0.5687702265372169,0.8743781094527363
0.5679611650485437,0.8742216687422167
0.5671521035598706,0.8740648379052369
0.5663430420711975,0.8739076154806492
0.5655339805825242,0.87375
0.5647249190938511,0.8735919899874843
0.563915857605178,0.8734335839598998
0.563915857605178,0.8745294855708908
0.5631067961165048,0.8743718592964824
0.5614886731391586,0.8740554156171285
0.5614886731391586,0.8751576292559899
0.5614886731391586,0.8762626262626263
0.5614886731391586,0.877370417193426
0.5606796116504854,0.8772151898734177
0.5598705501618123,0.8770595690747782
0.5590614886731392,0.8769035532994924
0.558252427184466,0.8767471410419314
0.5574433656957929,0.8765903307888041
0.5566343042071198,0.8764331210191083
0.5558252427184466,0.8762755102040817
0.5550161812297735,0.876117496807152
0.5550161812297735,0.8772378516624041
0.5550161812297735,0.8783610755441741
0.5550161812297735,0.8794871794871795
0.5550161812297735,0.8806161745827985
0.5542071197411004,0.8804627249357326
0.5542071197411004,0.8815958815958816
0.5542071197411004,0.8827319587628866
0.5533980582524272,0.8825806451612903
0.5525889967637541,0.8824289405684754
0.5525889967637541,0.8835705045278137
0.5525889967637541,0.8847150259067358
0.551779935275081,0.8845654993514915
0.551779935275081,0.8857142857142857
0.551779935275081,0.8868660598179454
0.5501618122977346,0.8865710560625815
0.5501618122977346,0.8877284595300261
0.5501618122977346,0.8888888888888888
0.5493527508090615,0.8887434554973822
0.5485436893203883,0.8885976408912188
0.5477346278317152,0.8884514435695539
0.5477346278317152,0.8896189224704336
0.5461165048543689,0.8893280632411067
0.5453074433656958,0.8891820580474934
0.5453074433656958,0.8903566710700133
0.5444983818770227,0.8902116402116402
0.5444983818770227,0.8913907284768212
0.5436893203883495,0.8912466843501327
0.5428802588996764,0.8911022576361222
0.5420711974110033,0.8909574468085106
0.5420711974110033,0.8921438082556591
0.5420711974110033,0.8933333333333333
0.5412621359223301,0.8931909212283045
0.540453074433657,0.893048128342246
0.5396440129449838,0.892904953145917
0.5388349514563107,0.8927613941018767
0.5380258899676376,0.8926174496644296
0.5372168284789643,0.8924731182795699
0.5364077669902912,0.892328398384926
0.5355987055016181,0.8921832884097035
0.5347896440129449,0.8920377867746289
0.5339805825242718,0.8918918918918919
0.5331715210355987,0.8917456021650879
0.5331715210355987,0.8929539295392954
0.5323624595469255,0.89280868385346
0.5315533980582524,0.8926630434782609
0.5307443365695793,0.8925170068027211
0.5299352750809061,0.8923705722070845
0.529126213592233,0.8922237380627558
0.529126213592233,0.8934426229508197
0.5283171521035599,0.893296853625171
0.5275080906148867,0.8931506849315068
0.5275080906148867,0.8943758573388203
0.5275080906148867,0.8956043956043956
0.5266990291262136,0.8954607977991746
0.5258899676375405,0.8953168044077136
0.5258899676375405,0.896551724137931
0.5250809061488673,0.8964088397790055
0.5250809061488673,0.8976486860304288
0.5242718446601942,0.8975069252077562
0.5242718446601942,0.8987517337031901
0.5234627831715211,0.8986111111111111
0.5226537216828478,0.8984700973574409
0.5218446601941747,0.8983286908077994
0.5210355987055016,0.898186889818689
0.5202265372168284,0.8980446927374302
0.5202265372168284,0.8993006993006993
0.5202265372168284,0.9005602240896359
0.5194174757281553,0.9004207573632539
0.5186084142394822,0.9002808988764045
0.517799352750809,0.90014064697609
0.5169902912621359,0.9
0.5161812297734628,0.8998589562764457
0.5153721682847896,0.8997175141242938
0.5145631067961165,0.8995756718528995
0.5137540453074434,0.8994334277620396
0.5129449838187702,0.8992907801418439
0.5121359223300971,0.8991477272727273
0.511326860841424,0.89900426742532
0.5105177993527508,0.8988603988603988
0.5097087378640777,0.8987161198288159
0.5088996763754046,0.8985714285714286
0.5088996763754046,0.899856938483548
0.5088996763754046,0.9011461318051576
0.5080906148867314,0.9010043041606887
0.5080906148867314,0.9022988505747126
0.5072815533980582,0.902158273381295
0.5072815533980582,0.9034582132564841
0.5064724919093851,0.9033189033189033
0.5056634304207119,0.903179190751445
0.5048543689320388,0.9030390738060782
0.5040453074433657,0.9028985507246376
0.5024271844660194,0.9026162790697675
0.5016181229773463,0.9024745269286754
0.5008090614886731,0.902332361516035
0.5008090614886731,0.9036496350364963
0.5,0.9035087719298246
0.49919093851132684,0.9033674963396779
0.49919093851132684,0.9046920821114369
0.49838187702265374,0.9045521292217328
0.4975728155339806,0.9044117647058824
0.4967637540453074,0.9042709867452136
0.4959546925566343,0.9041297935103245
0.4959546925566343,0.9054652880354506
0.49514563106796117,0.9053254437869822
0.49514563106796117,0.9066666666666666
0.49514563106796117,0.9080118694362018
0.494336569579288,0.9078751857355126
0.4935275080906149,0.9077380952380952
0.4935275080906149,0.9090909090909091
0.49271844660194175,0.908955223880597
0.4919093851132686,0.9088191330343797
0.4911003236245955,0.9086826347305389
0.49029126213592233,0.9085457271364318
0.4894822006472492,0.9084084084084084
0.4886731391585761,0.9082706766917293
0.4878640776699029,0.9081325301204819
0.4878640776699029,0.9095022624434389
0.48705501618122976,0.9093655589123867
0.48705501618122976,0.9107413010590015
0.48624595469255666,0.9106060606060606
0.4854368932038835,0.9104704097116844
0.48462783171521034,0.9103343465045592
0.48381877022653724,0.9101978691019786
0.48381877022653724,0.9115853658536586
0.4830097087378641,0.9114503816793893
0.48220064724919093,0.9113149847094801
0.4813915857605178,0.9111791730474732
0.48058252427184467,0.911042944785276
0.4797734627831715,0.9109062980030722
0.47896440129449835,0.9107692307692308
0.47896440129449835,0.9121725731895224
0.47896440129449835,0.9135802469135802
0.47815533980582525,0.9134466769706336
0.4773462783171521,0.913312693498452
0.47653721682847894,0.9131782945736434
0.47653721682847894,0.9145962732919255
0.47653721682847894,0.9160186625194401
0.47572815533980584,0.9158878504672897
0.4749190938511327,0.9157566302652106
0.4749190938511327,0.9171875
0.4749190938511327,0.918622848200313
0.4749190938511327,0.9200626959247649
0.4741100323624595,0.9199372056514914
0.4733009708737864,0.9198113207547169
0.47249190938511326,0.9196850393700787
0.4716828478964401,0.919558359621451
0.470873786407767,0.919431279620853
0.470873786407767,0.9208860759493671
0.47006472491909385,0.9207606973058637
0.4692556634304207,0.9206349206349206
0.4684466019417476,0.9205087440381559
0.46763754045307443,0.9203821656050956
0.46682847896440127,0.9202551834130781
0.46682847896440127,0.9217252396166135
0.46601941747572817,0.9216
0.465210355987055,0.9214743589743589
0.465210355987055,0.9229534510433387
0.46440129449838186,0.9228295819935691
0.46359223300970875,0.9227053140096618
0.4627831715210356,0.9225806451612903
0.46197411003236244,0.9224555735056543
0.46197411003236244,0.9239482200647249
0.46116504854368934,0.9238249594813615
0.4603559870550162,0.9237012987012987
0.459546925566343,0.9235772357723577
0.4587378640776699,0.9234527687296417
0.4587378640776699,0.9249592169657422
0.45792880258899676,0.9248366013071896
0.4571197411003236,0.9247135842880524
0.4563106796116505,0.9245901639344263
0.45550161812297735,0.9244663382594417
0.4546925566343042,0.9243421052631579
0.4546925566343042,0.9258649093904449
0.4538834951456311,0.9257425742574258
0.4538834951456311,0.9272727272727272
0.4538834951456311,0.9288079470198676
0.4538834951456311,0.9303482587064676
0.45307443365695793,0.9302325581395349
0.4522653721682848,0.930116472545757
0.45145631067961167,0.93
0.4506472491909385,0.9298831385642737
0.44983818770226536,0.9297658862876255
0.44902912621359226,0.9296482412060302
0.4482200647249191,0.9295302013422819
0.4482200647249191,0.9310924369747899
0.44741100323624594,0.930976430976431
0.44660194174757284,0.9308600337268128
0.4457928802588997,0.9307432432432432
0.4449838187702265,0.9306260575296108
0.4449838187702265,0.9322033898305084
0.4441747572815534,0.9320882852292021
0.44336569579288027,0.9319727891156463
0.4425566343042071,0.9318568994889267
0.4425566343042071,0.9334470989761092
0.441747572815534,0.9333333333333333
0.44093851132686085,0.9332191780821918
0.4401294498381877,0.9331046312178388
0.4393203883495146,0.9329896907216495
0.43851132686084143,0.9328743545611016
0.43851132686084143,0.9344827586206896
0.4377022653721683,0.9343696027633851
0.4368932038834951,0.9342560553633218
0.436084142394822,0.9341421143847487
0.43527508090614886,0.9340277777777778
0.43527508090614886,0.9356521739130435
0.4344660194174757,0.9355400696864111
0.4336569579288026,0.9354275741710296
0.43284789644012944,0.9353146853146853
0.4320388349514563,0.9352014010507881
0.4312297734627832,0.9350877192982456
0.43042071197411,0.9349736379613357
0.42961165048543687,0.9348591549295775
0.42880258899676377,0.9347442680776014
0.4279935275080906,0.9346289752650176
0.42718446601941745,0.9345132743362832
0.42637540453074435,0.9343971631205674
0.4255663430420712,0.9342806394316163
0.42475728155339804,0.9341637010676157
0.42394822006472493,0.9340463458110517
0.4231391585760518,0.9339285714285714
0.4223300970873786,0.9338103756708408
0.4215210355987055,0.9336917562724014
0.42071197411003236,0.933572710951526
0.4199029126213592,0.9334532374100719
0.4190938511326861,0.9333333333333333
0.41828478964401294,0.9332129963898917
0.4174757281553398,0.9330922242314648
0.4166666666666667,0.9329710144927537
0.41585760517799353,0.9328493647912885
0.41504854368932037,0.9327272727272727
0.41504854368932037,0.9344262295081968
0.41423948220064727,0.9343065693430657
0.4134304207119741,0.9341864716636198
0.41262135922330095,0.9340659340659341
0.41181229773462785,0.9339449541284404
0.4110032362459547,0.9338235294117647
0.41019417475728154,0.9337016574585635
0.40938511326860844,0.933579335793358
0.4085760517799353,0.933456561922366
0.4077669902912621,0.9333333333333333
0.4077669902912621,0.935064935064935
0.406957928802589,0.9349442379182156
0.40614886731391586,0.9348230912476723
0.4053398058252427,0.9347014925373134
0.4053398058252427,0.9364485981308411
0.4045307443365696,0.9363295880149812
0.4045307443365696,0.9380863039399625
0.40372168284789645,0.9379699248120301
0.4029126213592233,0.9378531073446328
0.4021035598705502,0.9377358490566038
0.4021035598705502,0.9395085066162571
0.40129449838187703,0.9393939393939394
0.40048543689320387,0.9392789373814042
0.39967637540453077,0.9391634980988594
0.3988673139158576,0.939047619047619
0.39805825242718446,0.9389312977099237
0.39724919093851135,0.9388145315487572
0.3964401294498382,0.9386973180076629
0.39563106796116504,0.9385796545105566
0.3948220064724919,0.9384615384615385
0.3940129449838188,0.9383429672447013
0.3932038834951456,0.9382239382239382
0.39239482200647247,0.9381044487427466
0.39158576051779936,0.937984496124031
0.3907766990291262,0.9378640776699029
0.3907766990291262,0.9396887159533074
0.38996763754045305,0.9395711500974658
0.38996763754045305,0.94140625
0.38915857605177995,0.9412915851272016
0.3883495145631068,0.9411764705882353
0.38754045307443363,0.9410609037328095
0.38754045307443363,0.9429133858267716
0.38673139158576053,0.9428007889546351
0.3859223300970874,0.9426877470355731
0.3859223300970874,0.9445544554455445
0.3851132686084142,0.9444444444444444
0.3843042071197411,0.9443339960238568
0.38349514563106796,0.9442231075697212
0.3826860841423948,0.9441117764471058
0.3818770226537217,0.944
0.38106796116504854,0.9438877755511023
0.3802588996763754,0.9437751004016064
0.3802588996763754,0.9456740442655935
0.3794498381877023,0.9455645161290323
0.3786407766990291,0.9454545454545454
0.37783171521035597,0.9453441295546559
0.37702265372168287,0.9452332657200812
0.37702265372168287,0.9471544715447154
0.3762135922330097,0.9470468431771895
0.37540453074433655,0.9469387755102041
0.37459546925566345,0.9468302658486708
0.3737864077669903,0.9467213114754098
0.37297734627831713,0.946611909650924
0.37216828478964403,0.9465020576131687
0.3713592233009709,0.9463917525773196
0.3713592233009709,0.9483471074380165
0.3705501618122977,0.94824016563147
0.3697411003236246,0.9481327800829875
0.36893203883495146,0.9480249480249481
0.3681229773462783,0.9479166666666666
0.3673139158576052,0.9478079331941545
0.3673139158576052,0.9497907949790795
0.36650485436893204,0.949685534591195
0.3656957928802589,0.9495798319327731
0.3648867313915858,0.9494736842105264
0.3648867313915858,0.9514767932489452
0.3640776699029126,0.9513742071881607
0.36326860841423947,0.951271186440678
0.36245954692556637,0.9511677282377919
0.3616504854368932,0.951063829787234
0.36084142394822005,0.9509594882729211
0.36003236245954695,0.9508547008547008
0.3592233009708738,0.9507494646680942
0.35841423948220064,0.9506437768240343
0.35760517799352753,0.9505376344086022
0.35760517799352753,0.9525862068965517
0.3567961165048544,0.9524838012958964
0.3567961165048544,0.9545454545454546
0.3559870550161812,0.9544468546637744
0.3551779935275081,0.9543478260869566
0.35436893203883496,0.954248366013072
0.3535598705501618,0.9541484716157205
0.3535598705501618,0.9562363238512035
0.35275080906148865,0.956140350877193
0.35194174757281554,0.9560439560439561
0.3511326860841424,0.9559471365638766
0.3511326860841424,0.9580573951434879
0.35032362459546923,0.9579646017699115
0.35032362459546923,0.9600886917960089
0.34951456310679613,0.96
0.34870550161812297,0.9599109131403119
0.3478964401294498,0.9598214285714286
0.3470873786407767,0.959731543624161
0.3470873786407767,0.9618834080717489
0.34627831715210355,0.9617977528089887
0.3454692556634304,0.9617117117117117
0.3446601941747573,0.9616252821670429
0.3446601941747573,0.9638009049773756
0.34385113268608414,0.963718820861678
0.343042071197411,0.9636363636363636
0.3422330097087379,0.9635535307517085
0.3414239482200647,0.9634703196347032
0.34061488673139156,0.9633867276887872
0.34061488673139156,0.9655963302752294
0.33980582524271846,0.9655172413793104
0.3389967637540453,0.9654377880184332
0.33818770226537215,0.9653579676674365
0.33737864077669905,0.9652777777777778
0.3365695792880259,0.9651972157772621
0.33576051779935273,0.9651162790697675
0.33495145631067963,0.965034965034965
0.33414239482200647,0.9649532710280374
0.3333333333333333,0.9648711943793911
0.3325242718446602,0.9647887323943662
0.33171521035598706,0.9647058823529412
0.3309061488673139,0.964622641509434
0.3300970873786408,0.9645390070921985
0.32928802588996764,0.9644549763033176
0.3284789644012945,0.9643705463182898
0.3276699029126214,0.9642857142857143
0.3268608414239482,0.964200477326969
0.32605177993527507,0.9641148325358851
0.32524271844660196,0.9640287769784173
0.3244336569579288,0.9639423076923077
0.32362459546925565,0.963855421686747
0.32281553398058255,0.9637681159420289
0.3220064724919094,0.9636803874092009
0.32119741100323623,0.9635922330097088
0.32038834951456313,0.9635036496350365
0.31957928802589,0.9634146341463414
0.3187702265372168,0.9633251833740831
0.3187702265372168,0.9656862745098039
0.3187702265372168,0.9680589680589681
0.3179611650485437,0.9679802955665024
0.31715210355987056,0.9679012345679012
0.3163430420711974,0.9678217821782178
0.3155339805825243,0.967741935483871
0.31472491909385114,0.9676616915422885
0.313915857605178,0.9675810473815462
0.3131067961165049,0.9675
0.3122977346278317,0.9674185463659147
0.31148867313915857,0.9673366834170855
0.3106796116504854,0.9672544080604534
0.3098705501618123,0.9671717171717171
0.30906148867313915,0.9670886075949368
0.308252427184466,0.9670050761421319
0.3074433656957929,0.9669211195928753
0.30663430420711973,0.9668367346938775
0.3058252427184466,0.9667519181585678
0.3058252427184466,0.9692307692307692
0.3050161812297735,0.9691516709511568
0.3042071197411003,0.9690721649484536
0.30339805825242716,0.9689922480620154
0.30339805825242716,0.9715025906735751
0.30258899676375406,0.9714285714285714
0.3017799352750809,0.9713541666666666
0.30097087378640774,0.9712793733681462
0.30016181229773464,0.9712041884816754
0.2993527508090615,0.9711286089238845
0.29854368932038833,0.9710526315789474
0.2977346278317152,0.9709762532981531
0.2977346278317152,0.9735449735449735
0.29692556634304207,0.9734748010610079
0.2961165048543689,0.973404255319149
0.2953074433656958,0.9733333333333334
0.29449838187702265,0.9732620320855615
0.2936893203883495,0.9731903485254692
0.2928802588996764,0.9731182795698925
0.29207119741100324,0.9730458221024259
0.2912621359223301,0.972972972972973
0.290453074433657,0.9728997289972899
0.28883495145631066,0.9727520435967303
0.28802588996763756,0.9726775956284153
0.2872168284789644,0.9726027397260274
0.28640776699029125,0.9725274725274725
0.28559870550161814,0.9724517906336089
0.28559870550161814,0.9751381215469613
0.284789644012945,0.9750692520775623
0.28398058252427183,0.975
0.28317152103559873,0.9749303621169917
0.28236245954692557,0.9748603351955307
0.2815533980582524,0.9747899159663865
0.2807443365695793,0.9747191011235955
0.27993527508090615,0.9746478873239437
0.279126213592233,0.9745762711864406
0.2783171521035599,0.9745042492917847
0.27750809061488674,0.9744318181818182
0.2766990291262136,0.9743589743589743
0.2758899676375405,0.9742857142857143
0.2750809061488673,0.9742120343839542
0.27427184466019416,0.9741379310344828
0.27346278317152106,0.9740634005763689
0.2726537216828479,0.9739884393063584
0.27184466019417475,0.9739130434782609
0.27184466019417475,0.9767441860465116
0.27184466019417475,0.9795918367346939
0.27103559870550165,0.97953216374269
0.2702265372168285,0.9794721407624634
0.26941747572815533,0.9794117647058823
0.2686084142394822,0.9793510324483776
0.26779935275080907,0.9792899408284024
0.2669902912621359,0.9792284866468842
0.26618122977346276,0.9791666666666666
0.26537216828478966,0.9791044776119403
0.2645631067961165,0.9790419161676647
0.26375404530744334,0.978978978978979
0.26294498381877024,0.9789156626506024
0.2621359223300971,0.9788519637462235
0.2613268608414239,0.9787878787878788
0.2605177993527508,0.9787234042553191
0.25970873786407767,0.9786585365853658
0.2588996763754045,0.9785932721712538
0.2580906148867314,0.9785276073619632
0.25728155339805825,0.9784615384615385
0.2564724919093851,0.9783950617283951
0.255663430420712,0.978328173374613
0.25485436893203883,0.9782608695652174
0.2540453074433657,0.9781931464174455
0.2532362459546926,0.978125
0.2524271844660194,0.9780564263322884
0.25161812297734626,0.9779874213836478
0.25080906148867316,0.9779179810725552
0.25080906148867316,0.9810126582278481
0.25,0.9809523809523809
0.24919093851132687,0.9808917197452229
0.2483818770226537,0.9808306709265175
0.2483818770226537,0.9839743589743589
0.24757281553398058,0.9839228295819936
0.24676375404530745,0.9838709677419355
0.2459546925566343,0.9838187702265372
0.24514563106796117,0.9837662337662337
0.24433656957928804,0.9837133550488599
0.24352750809061488,0.9836601307189542
0.24271844660194175,0.9836065573770492
0.24190938511326862,0.9835526315789473
0.24110032362459546,0.9834983498349835
0.24029126213592233,0.9834437086092715
0.23948220064724918,0.9833887043189369
0.23867313915857605,0.9833333333333333
0.23786407766990292,0.9832775919732442
0.23624595469255663,0.9831649831649831
0.2354368932038835,0.9831081081081081
0.23462783171521034,0.9830508474576272
0.23381877022653721,0.9829931972789115
0.23300970873786409,0.9829351535836177
0.23220064724919093,0.9828767123287672
0.2313915857605178,0.9828178694158075
0.23058252427184467,0.9827586206896551
0.2297734627831715,0.9826989619377162
0.22896440129449838,0.9826388888888888
0.22815533980582525,0.9825783972125436
0.2273462783171521,0.9825174825174825
0.22653721682847897,0.9824561403508771
0.22572815533980584,0.9823943661971831
0.22491909385113268,0.9823321554770318
0.22411003236245955,0.9822695035460993
0.22330097087378642,0.9822064056939501
0.22249190938511326,0.9821428571428571
0.22168284789644013,0.982078853046595
0.220873786407767,0.9820143884892086
0.22006472491909385,0.9819494584837545
0.21925566343042072,0.9818840579710145
0.21844660194174756,0.9818181818181818
0.21763754045307443,0.9817518248175182
0.2168284789644013,0.9816849816849816
0.21601941747572814,0.9816176470588235
0.215210355987055,0.981549815498155
0.21440129449838188,0.9814814814814815
0.21359223300970873,0.9814126394052045
0.2127831715210356,0.9813432835820896
0.21197411003236247,0.9812734082397003
0.2111650485436893,0.981203007518797
0.21035598705501618,0.9811320754716981
0.20954692556634305,0.9810606060606061
0.2087378640776699,0.9809885931558935
0.20792880258899676,0.9809160305343512
0.20792880258899676,0.9846743295019157
0.20711974110032363,0.9846153846153847
0.20631067961165048,0.9845559845559846
0.20550161812297735,0.9844961240310077
0.20469255663430422,0.9844357976653697
0.20388349514563106,0.984375
0.20307443365695793,0.984313725490196
0.2022653721682848,0.984251968503937
0.20145631067961164,0.9841897233201581
0.20064724919093851,0.9841269841269841
0.19983818770226539,0.9840637450199203
0.19902912621359223,0.984
0.1982200647249191,0.9839357429718876
0.19741100323624594,0.9838709677419355
0.1966019417475728,0.9838056680161943
0.19579288025889968,0.983739837398374
0.19498381877022652,0.9836734693877551
0.1941747572815534,0.9836065573770492
0.19336569579288027,0.9835390946502057
0.1925566343042071,0.9834710743801653
0.19174757281553398,0.983402489626556
0.19093851132686085,0.9833333333333333
0.1901294498381877,0.9832635983263598
0.18932038834951456,0.9831932773109243
0.18851132686084143,0.9831223628691983
0.18770226537216828,0.9830508474576272
0.18689320388349515,0.9829787234042553
0.18608414239482202,0.9829059829059829
0.18527508090614886,0.9828326180257511
0.18446601941747573,0.9827586206896551
0.1836569579288026,0.9826839826839827
0.18284789644012944,0.9826086956521739
0.1820388349514563,0.982532751091703
0.18122977346278318,0.9824561403508771
0.18042071197411003,0.9823788546255506
0.1796116504854369,0.9823008849557522
0.17880258899676377,0.9822222222222222
0.1779935275080906,0.9821428571428571
0.17718446601941748,0.9820627802690582
0.17637540453074432,0.9819819819819819
0.1755663430420712,0.9819004524886877
0.17475728155339806,0.9818181818181818
0.1739482200647249,0.9817351598173516
0.17313915857605178,0.981651376146789
0.17233009708737865,0.9815668202764977
0.1715210355987055,0.9814814814814815
0.17071197411003236,0.9813953488372092
0.16990291262135923,0.9813084112149533
0.16909385113268607,0.9812206572769953
0.16828478964401294,0.9811320754716981
0.16747572815533981,0.981042654028436
0.16666666666666666,0.9809523809523809
0.16585760517799353,0.9808612440191388
0.1650485436893204,0.9807692307692307
0.16423948220064724,0.9806763285024155
0.1634304207119741,0.9805825242718447
0.16262135922330098,0.9804878048780488
0.16262135922330098,0.9852941176470589
0.16181229773462782,0.9852216748768473
0.1610032362459547,0.9851485148514851
0.16019417475728157,0.9850746268656716
0.1593851132686084,0.985
0.15857605177993528,0.9849246231155779
0.15776699029126215,0.9848484848484849
0.15776699029126215,0.9898477157360406
0.156957928802589,0.9897959183673469
0.15614886731391586,0.9897435897435898
0.1553398058252427,0.9896907216494846
0.15453074433656958,0.9896373056994818
0.15372168284789645,0.9895833333333334
0.1529126213592233,0.9895287958115183
0.15210355987055016,0.9894736842105263
0.15129449838187703,0.9894179894179894
0.15048543689320387,0.9893617021276596
0.14967637540453074,0.9893048128342246
0.1488673139158576,0.989247311827957
0.14805825242718446,0.9891891891891892
0.14724919093851133,0.9891304347826086
0.1464401294498382,0.9890710382513661
0.14563106796116504,0.989010989010989
0.14563106796116504,0.994475138121547
0.1448220064724919,0.9944444444444445
0.14401294498381878,0.994413407821229
0.14320388349514562,0.9943820224719101
0.1423948220064725,0.9943502824858758
0.14158576051779936,0.9943181818181818
0.1407766990291262,0.9942857142857143
0.13996763754045308,0.9942528735632183
0.13915857605177995,0.9942196531791907
0.1383495145631068,0.9941860465116279
0.13673139158576053,0.9941176470588236
0.13592233009708737,0.9940828402366864
0.13511326860841424,0.9940476190476191
0.1343042071197411,0.9940119760479041
0.13349514563106796,0.9939759036144579
0.13268608414239483,0.9939393939393939
0.13187702265372167,0.9939024390243902
0.13106796116504854,0.9938650306748467
0.1302588996763754,0.9938271604938271
0.12944983818770225,0.9937888198757764
0.12864077669902912,0.99375
0.127831715210356,0.9937106918238994
0.12702265372168284,0.9936708860759493
0.1262135922330097,0.9936305732484076
0.12540453074433658,0.9935897435897436
0.12459546925566344,0.9935483870967742
0.12378640776699029,0.9935064935064936
0.12297734627831715,0.9934640522875817
0.12216828478964402,0.993421052631579
0.12135922330097088,0.9933774834437086
0.12055016181229773,0.9933333333333333
0.11974110032362459,0.9932885906040269
0.11893203883495146,0.9932432432432432
0.11812297734627832,0.9931972789115646
0.11731391585760517,0.9931506849315068
0.11650485436893204,0.993103448275862
0.1156957928802589,0.9930555555555556
0.11488673139158576,0.993006993006993
0.11407766990291263,0.9929577464788732
0.11326860841423948,0.9929078014184397
0.11245954692556634,0.9928571428571429
0.11165048543689321,0.9928057553956835
0.11084142394822007,0.9927536231884058
0.11003236245954692,0.9927007299270073
0.10922330097087378,0.9926470588235294
0.10841423948220065,0.9925925925925926
0.1076051779935275,0.9925373134328358
0.10679611650485436,0.9924812030075187
0.10598705501618123,0.9924242424242424
0.10517799352750809,0.9923664122137404
0.10436893203883495,0.9923076923076923
0.10355987055016182,0.9922480620155039
0.10275080906148867,0.9921875
0.10194174757281553,0.9921259842519685
0.1011326860841424,0.9920634920634921
0.10032362459546926,0.992
0.09951456310679611,0.9919354838709677
0.09870550161812297,0.991869918699187
0.09789644012944984,0.9918032786885246
0.0970873786407767,0.9917355371900827
0.09627831715210355,0.9916666666666667
0.09546925566343042,0.9915966386554622
0.09466019417475728,0.9915254237288136
0.09385113268608414,0.9914529914529915
0.09304207119741101,0.9913793103448276
0.09223300970873786,0.991304347826087
0.09142394822006472,0.9912280701754386
0.09061488673139159,0.9911504424778761
0.08980582524271845,0.9910714285714286
0.0889967637540453,0.990990990990991
0.08818770226537216,0.990909090909091
0.08737864077669903,0.9908256880733946
0.08656957928802589,0.9907407407407407
0.08656957928802589,1.0
0.08576051779935275,1.0
0.08495145631067962,1.0
0.08414239482200647,1.0
0.08333333333333333,1.0
0.0825242718446602,1.0
0.08171521035598706,1.0
0.08090614886731391,1.0
0.08009708737864078,1.0
0.07928802588996764,1.0
0.0784789644012945,1.0
0.07766990291262135,1.0
0.07686084142394822,1.0
0.07605177993527508,1.0
0.07524271844660194,1.0
0.0744336569579288,1.0
0.07362459546925566,1.0
0.07281553398058252,1.0
0.07200647249190939,1.0
0.07119741100323625,1.0
0.0703883495145631,1.0
0.06957928802588997,1.0
0.06877022653721683,1.0
0.06796116504854369,1.0
0.06715210355987054,1.0
0.06634304207119741,1.0
0.06472491909385113,1.0
0.063915857605178,1.0
0.06310679611650485,1.0
0.06229773462783172,1.0
0.061488673139158574,1.0
0.06067961165048544,1.0
0.059870550161812294,1.0
0.05906148867313916,1.0
0.05825242718446602,1.0
0.05744336569579288,1.0
0.05663430420711974,1.0
0.055825242718446605,1.0
0.05501618122977346,1.0
0.054207119741100325,1.0
0.05339805825242718,1.0
0.052588996763754045,1.0
0.05177993527508091,1.0
0.050970873786407765,1.0
0.05016181229773463,1.0
0.049352750809061485,1.0
0.04854368932038835,1.0
0.04773462783171521,1.0
0.04692556634304207,1.0
0.04611650485436893,1.0
0.045307443365695796,1.0
0.04449838187702265,1.0
0.043689320388349516,1.0
0.04288025889967637,1.0
0.042071197411003236,1.0
0.0412621359223301,1.0
0.03964401294498382,1.0
0.038834951456310676,1.0
0.03802588996763754,1.0
0.0372168284789644,1.0
0.03640776699029126,1.0
0.03559870550161812,1.0
0.03478964401294499,1.0
0.03398058252427184,1.0
0.03317152103559871,1.0
0.03155339805825243,1.0
0.030744336569579287,1.0
0.029935275080906147,1.0
0.02912621359223301,1.0
0.02831715210355987,1.0
0.02750809061488673,1.0
0.02669902912621359,1.0
0.025889967637540454,1.0
0.025080906148867314,1.0
0.024271844660194174,1.0
0.023462783171521034,1.0
0.022653721682847898,1.0
0.021844660194174758,1.0
0.021035598705501618,1.0
0.020226537216828478,1.0
0.019417475728155338,1.0
0.0186084142394822,1.0
0.01779935275080906,1.0
0.01699029126213592,1.0
0.016181229773462782,1.0
0.015372168284789644,1.0
0.014563106796116505,1.0
0.013754045307443365,1.0
0.012944983818770227,1.0
0.012135922330097087,1.0
0.011326860841423949,1.0
0.010517799352750809,1.0
0.009708737864077669,1.0
0.00889967637540453,1.0
0.008090614886731391,1.0
0.007281553398058253,1.0
0.006472491909385114,1.0
0.0056634304207119745,1.0
0.0048543689320388345,1.0
0.0040453074433656954,1.0
0.003236245954692557,1.0
0.0024271844660194173,1.0
0.0016181229773462784,1.0
0.0008090614886731392,1.0
0.0,1.0
