recall,precision
1.0,0.26874115983026875
1.0,0.26884980796442287
1.0,0.2692307692307692
1.0,0.2695035460992908
1.0,0.2695581678151601
1.0,0.2696128116764646
1.0,0.26966747769667476
1.0,0.26972216588927195
1.0,0.2697768762677485
1.0,0.26983160884560764
1.0,0.2699411406535417
1.0,0.2700507614213198
1.0,0.27010560519902516
1.0,0.27021535960991466
1.0,0.2703252032520325
1.0,0.2703801585688148
1.0,0.27043513623424154
1.0,0.27071036026867495
1.0,0.27159485399224015
1.0,0.2716503267973856
1.0,0.27192803107748925
1.0,0.2719836400817996
1.0,0.27203927183473103
1.0,0.2722063037249284
1.0,0.27226202661207777
1.0,0.27298850574712646
1.0,0.2730445493738452
1.0,0.2731006160164271
1.0,0.2731567056890532
1.0,0.2732689541812205
1.0,0.2734375
1.0,0.2734937281513469
1.0,0.27360625385723103
1.0,0.2736625514403292
0.9992481203007518,0.27356937011115684
0.9992481203007518,0.2737384140061792
0.9992481203007518,0.27390766694146745
0.9992481203007518,0.27396413110698825
0.9992481203007518,0.274020618556701
0.9992481203007518,0.2743034055727554
0.9992481203007518,0.27447335811648077
0.9992481203007518,0.2745300557736005
0.9992481203007518,0.27487073422957603
0.9992481203007518,0.27504139072847683
0.9992481203007518,0.2750983233285034
0.9992481203007518,0.2751552795031056
0.9992481203007518,0.27549751243781095
0.9992481203007518,0.2755546340452001
0.9992481203007518,0.275897861739672
0.9992481203007518,0.2759551495016611
0.9992481203007518,0.2760697964270877
0.9992481203007518,0.27624194554146747
0.9992481203007518,0.27635683094198377
0.9992481203007518,0.276414309484193
0.9992481203007518,0.27647181194091947
0.9992481203007518,0.2765868886576483
0.9984962406015038,0.27666666666666667
0.9984962406015038,0.2767243175661596
0.9984962406015038,0.27701293283270756
0.9984962406015038,0.2770707281452118
0.9984962406015038,0.27712854757929883
0.9984962406015038,0.27718639115007304
0.9984962406015038,0.27724425887265136
0.9984962406015038,0.2773021507621633
0.9984962406015038,0.27736006683375103
0.9984962406015038,0.277940560904144
0.9984962406015038,0.2781151832460733
0.9984962406015038,0.27817343946376205
0.9984962406015038,0.2785234899328859
0.9984962406015038,0.2785819173484372
0.9984962406015038,0.2788158723493597
0.9984962406015038,0.2789329972694812
0.9984962406015038,0.27899159663865547
0.9984962406015038,0.2791675425688459
0.9984962406015038,0.2795201010313618
0.9984962406015038,0.27963781848810276
0.9984962406015038,0.2797556351379819
0.9984962406015038,0.27981458069953646
0.9977443609022556,0.2796628029504742
0.9977443609022556,0.2798397300716997
0.9977443609022556,0.279957805907173
0.9977443609022556,0.2800759814267623
0.9977443609022556,0.2801351066075575
0.9977443609022556,0.28019425675675674
0.9977443609022556,0.28025343189017954
0.9977443609022556,0.28031263202365864
0.9977443609022556,0.28037185717304036
0.9977443609022556,0.2805496828752643
0.9977443609022556,0.280668358714044
0.9977443609022556,0.28096548803726445
0.9977443609022556,0.2810845159923745
0.9977443609022556,0.28132287470850115
0.9977443609022556,0.2813825275657337
0.9977443609022556,0.2814422057264051
0.9977443609022556,0.2815019092066186
0.9977443609022556,0.28156163802249096
0.9977443609022556,0.28180080696538545
0.9977443609022556,0.28186066270178417
0.9977443609022556,0.28198045048873777
0.9977443609022556,0.2821003401360544
0.9977443609022556,0.28216032319795875
0.9977443609022556,0.2822203317737133
0.9977443609022556,0.2824606215410813
0.9977443609022556,0.282520757930594
0.9977443609022556,0.28264110756123534
0.9977443609022556,0.2831235331768722
0.9977443609022556,0.2832443970117396
0.9977443609022556,0.2833653640828529
0.9977443609022556,0.2834258863733447
0.9977443609022556,0.28354700854700854
0.9977443609022556,0.28372888603805857
0.9977443609022556,0.2837895637296835
0.9977443609022556,0.28385026737967917
0.9977443609022556,0.2839109970047069
0.9977443609022556,0.2839717526214423
0.9969924812030075,0.28400085671449987
0.9969924812030075,0.28406169665809766
0.9969924812030075,0.28418345477925416
0.9969924812030075,0.28430531732418524
0.9969924812030075,0.28436628779755524
0.9969924812030075,0.2846715328467153
0.9969924812030075,0.2847938144329897
0.9969924812030075,0.2849162011173184
0.9969924812030075,0.28509997849924745
0.9969924812030075,0.28516129032258064
0.9969924812030075,0.2854068015497202
0.9969924812030075,0.2854682454251884
0.9969924812030075,0.2855912125780745
0.9969924812030075,0.2856527358897027
0.9969924812030075,0.2858990944372574
0.9969924812030075,0.2859607504852275
0.9969924812030075,0.2862076408374703
0.9969924812030075,0.2862694300518135
0.9969924812030075,0.2863930885529158
0.9969924812030075,0.2864549578742709
0.9969924812030075,0.28651685393258425
0.9969924812030075,0.2865787767451913
0.9969924812030075,0.28664072632944226
0.9969924812030075,0.28682673588578844
0.9969924812030075,0.28688879273041973
0.9969924812030075,0.28695087643367234
0.9969924812030075,0.287012987012987
0.9969924812030075,0.2871372888696405
0.9969924812030075,0.287261698440208
0.9969924812030075,0.28738621586475943
0.9969924812030075,0.287510841283608
0.9969924812030075,0.28757319453480806
0.9969924812030075,0.28763557483731017
0.9969924812030075,0.2877604166666667
0.9969924812030075,0.28788536691272254
0.9969924812030075,0.288135593220339
0.9969924812030075,0.2883235485975212
0.9969924812030075,0.28838625489343195
0.9969924812030075,0.2885117493472585
0.9969924812030075,0.2885745375408052
0.9969924812030075,0.2886373530692207
0.9969924812030075,0.28870019595035923
0.9969924812030075,0.2887630662020906
0.9969924812030075,0.2890148212728858
0.9969924812030075,0.2891408634976014
0.9969924812030075,0.2892039258451472
0.9969924812030075,0.28951965065502183
0.9969924812030075,0.28958287835772
0.9969924812030075,0.28964613368283093
0.9969924812030075,0.28970941664845967
0.9962406015037594,0.28980752405949256
0.9962406015037594,0.2898709253992562
0.9962406015037594,0.2899343544857768
0.9962406015037594,0.2899978113372729
0.9962406015037594,0.290061295971979
0.9962406015037594,0.29018834866403853
0.9962406015037594,0.2902519167579409
0.9962406015037594,0.29063391094538277
0.9962406015037594,0.29088913282107576
0.9962406015037594,0.2909530083443127
0.9954887218045113,0.2907972765209752
0.9954887218045113,0.29086115992970124
0.9954887218045113,0.29092507141287627
0.9954887218045113,0.290989010989011
0.9954887218045113,0.29124505059392874
0.9954887218045113,0.2913091309130913
0.9954887218045113,0.2913732394366197
0.9954887218045113,0.2914373761831389
0.9954887218045113,0.2915015411712902
0.9954887218045113,0.2916299559471366
0.9954887218045113,0.2916942057721965
0.9954887218045113,0.2922092253365703
0.9954887218045113,0.2922737306843267
0.9954887218045113,0.29233826451755357
0.9954887218045113,0.29253203711886877
0.9954887218045113,0.29259668508287295
0.9954887218045113,0.29272606676984303
0.9954887218045113,0.29285556292855563
0.9954887218045113,0.2929203539823009
0.9954887218045113,0.292985173710998
0.9954887218045113,0.29305002213368747
0.9954887218045113,0.29324473975636767
0.9954887218045113,0.2933097031457687
0.9954887218045113,0.2933746953246178
0.9954887218045113,0.29343971631205673
0.9954887218045113,0.293569844789357
0.9954887218045113,0.2936349523175871
0.9954887218045113,0.2937000887311446
0.9954887218045113,0.2937652540492567
0.9954887218045113,0.29415685403243724
0.9954887218045113,0.2942222222222222
0.9954887218045113,0.2942876194709936
0.9947368421052631,0.2941961307538359
0.9947368421052631,0.2942615658362989
0.9947368421052631,0.2943270300333704
0.9947368421052631,0.29439252336448596
0.9947368421052631,0.29445804584909857
0.9947368421052631,0.29458917835671344
0.9947368421052631,0.29465478841870824
0.9947368421052631,0.2949175211769951
0.9947368421052631,0.29511487842962303
0.9947368421052631,0.29518072289156627
0.9947368421052631,0.2952465967417987
0.9947368421052631,0.2953125
0.9947368421052631,0.2953784326858674
0.9947368421052631,0.29544439481911566
0.9947368421052631,0.2955764075067024
0.9947368421052631,0.2957085382208315
0.9939849624060151,0.29555108428347865
0.9939849624060151,0.2956832923283382
0.9939849624060151,0.29574944071588366
0.9939849624060151,0.29588182632050136
0.9939849624060151,0.29608062709966404
0.9939849624060151,0.2961469534050179
0.9939849624060151,0.29621330943311674
0.9939849624060151,0.2966786355475763
0.9939849624060151,0.2967452300785634
0.9939849624060151,0.2968118545127975
0.9939849624060151,0.29687850887042444
0.9939849624060151,0.2969451931716083
0.9939849624060151,0.2970119074365311
0.9939849624060151,0.29707865168539327
0.9939849624060151,0.29714542593841314
0.9932330827067669,0.29698741007194246
0.9932330827067669,0.2970541938385428
0.9932330827067669,0.2973216295295971
0.9932330827067669,0.2973885637100405
0.9932330827067669,0.29745552803422654
0.9932330827067669,0.29752252252252254
0.9932330827067669,0.2975895471953143
0.9932330827067669,0.29765660207300587
0.9932330827067669,0.2977236871760198
0.9932330827067669,0.29785794813979705
0.9932330827067669,0.2979251240414975
0.9932330827067669,0.2979923302503948
0.9932330827067669,0.2980595667870036
0.9932330827067669,0.2981268336718574
0.9932330827067669,0.2981941309255079
0.9932330827067669,0.29832881662149957
0.9932330827067669,0.2983962051050373
0.9932330827067669,0.298463624039765
0.9932330827067669,0.29859855334538876
0.9932330827067669,0.29866606375763055
0.9932330827067669,0.2988011762044786
0.9932330827067669,0.298868778280543
0.9932330827067669,0.29900407424173836
0.9932330827067669,0.2990717681684401
0.9932330827067669,0.29913949275362317
0.9932330827067669,0.29927503398278205
0.9932330827067669,0.29941069809610155
0.9932330827067669,0.29947857628655633
0.9932330827067669,0.29961442503969155
0.9932330827067669,0.2996823956442831
0.9932330827067669,0.2998184294144349
0.9932330827067669,0.29988649262202044
0.9932330827067669,0.2999545867393279
0.9932330827067669,0.3000227117874177
0.9932330827067669,0.3000908677873694
0.9932330827067669,0.30015905476028176
0.9932330827067669,0.30022727272727273
0.9932330827067669,0.3007056681083542
0.9932330827067669,0.3007741347905282
0.9924812030075187,0.3008889901983132
0.9924812030075187,0.3009575923392613
0.9924812030075187,0.30143868463119433
0.9924812030075187,0.3016453382084095
0.9924812030075187,0.3017832647462277
0.9924812030075187,0.30185227532586323
0.9924812030075187,0.3019213174748399
0.9924812030075187,0.30212863355458913
0.9924812030075187,0.3021978021978022
0.9924812030075187,0.3022670025188917
0.9924812030075187,0.3023362345396244
0.9917293233082707,0.302176403207331
0.9917293233082707,0.3023842274186153
0.9917293233082707,0.30252293577981654
0.9917293233082707,0.30259233769213123
0.9917293233082707,0.30273123708974065
0.9917293233082707,0.3028702640642939
0.9917293233082707,0.302939825447864
0.9917293233082707,0.30300941879163795
0.9917293233082707,0.3030790441176471
0.9917293233082707,0.303148701447943
0.9917293233082707,0.3032183908045977
0.9917293233082707,0.30328811220970336
0.9917293233082707,0.3033578656853726
0.9917293233082707,0.3034974689369535
0.9917293233082707,0.30363720073664824
0.9917293233082707,0.30384703985256856
0.9917293233082707,0.30391705069124425
0.9917293233082707,0.30398709380041483
0.9917293233082707,0.3040571692023974
0.9917293233082707,0.30426758938869664
0.9917293233082707,0.3048301363531315
0.9917293233082707,0.30497109826589597
0.9917293233082707,0.30504162812210917
0.9917293233082707,0.3051121906083738
0.9917293233082707,0.3051827857473392
0.9917293233082707,0.3052534135616755
0.9917293233082707,0.3053240740740741
0.9917293233082707,0.3055362520268705
0.9917293233082707,0.30560704355885077
0.9917293233082707,0.3056778679026651
0.9917293233082707,0.3057487250811312
0.9917293233082707,0.30596149385293436
0.9917293233082707,0.3060324825986079
0.9917293233082707,0.3061745589600743
0.9917293233082707,0.30631676730143986
0.9917293233082707,0.30638792102206736
0.9917293233082707,0.30645910780669144
0.9917293233082707,0.3065303276783639
0.9917293233082707,0.3066015806601581
0.9909774436090225,0.30644036270634734
0.9909774436090225,0.30658292626192135
0.9902255639097745,0.30642159143787806
0.9902255639097745,0.3064929020246684
0.9902255639097745,0.30663562281722934
0.9902255639097745,0.30670703306939917
0.9902255639097745,0.30677847658979734
0.9894736842105263,0.3066169617893756
0.9894736842105263,0.3066884176182708
0.9887218045112782,0.3067413109400513
0.98796992481203,0.3067943030586038
0.98796992481203,0.30686595049042503
0.98796992481203,0.306937631394534
0.98796992481203,0.30700934579439254
0.98796992481203,0.30708109371348447
0.98796992481203,0.3071528751753156
0.98796992481203,0.30729653882132835
0.98796992481203,0.30758426966292135
0.98796992481203,0.3076562865839382
0.98796992481203,0.307728337236534
0.98796992481203,0.3078725398313027
0.98796992481203,0.30794469182095147
0.98796992481203,0.3080168776371308
0.98796992481203,0.30852312749471705
0.98796992481203,0.3085955847815876
0.98796992481203,0.3086680761099366
0.98796992481203,0.30874060150375937
0.98796992481203,0.30895838231836353
0.98796992481203,0.30910374029640086
0.98796992481203,0.3091764705882353
0.98796992481203,0.3092492351141445
0.98796992481203,0.3093220338983051
0.98796992481203,0.30961357210179075
0.98796992481203,0.30975954738330974
0.98796992481203,0.309832586654091
0.98796992481203,0.3099056603773585
0.98796992481203,0.3099787685774947
0.98796992481203,0.31005191127890513
0.98796992481203,0.3101250885060184
0.98796992481203,0.3101983002832861
0.98796992481203,0.310271546635183
0.98796992481203,0.3103448275862069
0.98796992481203,0.31049149338374293
0.98796992481203,0.31063829787234043
0.98796992481203,0.3107117521872783
0.98796992481203,0.3107852412488174
0.98796992481203,0.3108587650816182
0.987218045112782,0.3109164101349751
0.987218045112782,0.3109900521080057
0.987218045112782,0.3110637289741767
0.987218045112782,0.31113744075829386
0.987218045112782,0.31121118748518606
0.987218045112782,0.311284969179706
0.987218045112782,0.3113587858667299
0.987218045112782,0.3114326375711575
0.987218045112782,0.31158044613194114
0.987218045112782,0.31165440303821507
0.987218045112782,0.3117283950617284
0.987218045112782,0.31180242222749943
0.987218045112782,0.3119505820860062
0.987218045112782,0.3120247148288973
0.987218045112782,0.3121730860675226
0.987218045112782,0.31239590768498693
0.987218045112782,0.3124702522608282
0.987218045112782,0.3128425065522993
0.987218045112782,0.31291706387035273
0.987218045112782,0.31299165673420737
0.987218045112782,0.31306628516928947
0.987218045112782,0.31314094920104935
0.987218045112782,0.31321564885496184
0.987218045112782,0.3133651551312649
0.987218045112782,0.31343996180472666
0.987218045112782,0.31358968235013135
0.987218045112782,0.31381453154875716
0.987218045112782,0.3138895529524265
0.987218045112782,0.3141148325358852
0.987218045112782,0.31418999760708305
0.987218045112782,0.31426519865964575
0.987218045112782,0.31441570881226055
0.987218045112782,0.31449101796407186
0.987218045112782,0.31456636320076664
0.987218045112782,0.3146417445482866
0.987218045112782,0.31471716203259825
0.9864661654135338,0.3146282973621103
0.9864661654135338,0.314703765891101
0.9864661654135338,0.31477927063339733
0.9864661654135338,0.3148548116150708
0.9864661654135338,0.31493038886221797
0.9864661654135338,0.3150060024009604
0.9864661654135338,0.3150816522574448
0.9864661654135338,0.31530881999519345
0.9864661654135338,0.3153846153846154
0.9864661654135338,0.31546044722289013
0.9864661654135338,0.31561222035121483
0.9864661654135338,0.3156881616939365
0.9864661654135338,0.31576413959085436
0.9864661654135338,0.31584015406836785
0.9864661654135338,0.31591620515290153
0.9864661654135338,0.3159922928709056
0.9864661654135338,0.316144578313253
0.9864661654135338,0.31622077609062427
0.9864661654135338,0.3163732818905233
0.9864661654135338,0.3166023166023166
0.9864661654135338,0.316678735216027
0.9864661654135338,0.31683168316831684
0.9864661654135338,0.3169847789321092
0.9864661654135338,0.31706138231029485
0.9864661654135338,0.31713802272177904
0.9864661654135338,0.31721470019342357
0.9864661654135338,0.31752178121974833
0.9864661654135338,0.31790646959050156
0.9864661654135338,0.31806060606060604
0.9857142857142858,0.3178952473326867
0.9857142857142858,0.31797235023041476
0.9857142857142858,0.318126668284397
0.9857142857142858,0.3182038834951456
0.9857142857142858,0.31828113619810633
0.9857142857142858,0.31835842642059253
0.9857142857142858,0.31843575418994413
0.9857142857142858,0.3185131195335277
0.9857142857142858,0.31882295719844356
0.9857142857142858,0.3189005108246169
0.9857142857142858,0.318978102189781
0.9857142857142858,0.3190557313214894
0.9857142857142858,0.3191333982473223
0.9857142857142858,0.31921110299488675
0.9857142857142858,0.31928884559181686
0.9857142857142858,0.31936662606577343
0.9857142857142858,0.3194444444444444
0.9857142857142858,0.3196001950268162
0.9857142857142858,0.3197560975609756
0.9857142857142858,0.31991215226939973
0.9857142857142858,0.31999023675860383
0.9857142857142858,0.320068359375
0.9857142857142858,0.3201465201465201
0.9857142857142858,0.32038123167155425
0.9857142857142858,0.3206162876008804
0.9857142857142858,0.32069471624266144
0.9857142857142858,0.32077318326400783
0.9857142857142858,0.3208516886930984
0.9857142857142858,0.3209302325581395
0.9857142857142858,0.32132352941176473
0.9849624060150376,0.3211571463594018
0.9849624060150376,0.3213146921756193
0.9849624060150376,0.3214723926380368
0.9849624060150376,0.32155130093274426
0.9849624060150376,0.321630247974466
0.9849624060150376,0.32170923379174854
0.9849624060150376,0.32186732186732187
0.9849624060150376,0.3219464241828459
0.9849624060150376,0.3220255653883973
0.9849624060150376,0.3221047455126629
0.9849624060150376,0.32226322263222634
0.9849624060150376,0.32234251968503935
0.9849624060150376,0.3224218557715973
0.9849624060150376,0.3225012309207287
0.9849624060150376,0.3225806451612903
0.9849624060150376,0.3228986936159724
0.9849624060150376,0.3229783037475345
0.9842105263157894,0.32289097187962507
0.9842105263157894,0.3229706390328152
0.9842105263157894,0.3231300913354727
0.9842105263157894,0.32328970116078043
0.9842105263157894,0.3233695652173913
0.9842105263157894,0.3235294117647059
0.9842105263157894,0.32368941641938676
0.9842105263157894,0.32384957941613063
0.9842105263157894,0.32392972036624595
0.9842105263157894,0.324009900990099
0.9842105263157894,0.3240901213171577
0.9842105263157894,0.32433102081268583
0.9842105263157894,0.3244114002478315
0.9842105263157894,0.32449181953396133
0.9842105263157894,0.3245722787007191
0.9842105263157894,0.3246527777777778
0.9842105263157894,0.3248138957816377
0.9842105263157894,0.3251366120218579
0.9842105263157894,0.32521739130434785
0.9842105263157894,0.32529821073558646
0.9842105263157894,0.3253790703455133
0.9834586466165414,0.3252113376429637
0.9834586466165414,0.3252922158666998
0.9834586466165414,0.3253731343283582
0.9834586466165414,0.3254540930579746
0.9834586466165414,0.32561613144137413
0.9834586466165414,0.3257783312577833
0.9827067669172932,0.3256103637269557
0.9827067669172932,0.3257726819541376
0.9827067669172932,0.3258539017701321
0.9827067669172932,0.3259351620947631
0.9827067669172932,0.32609780439121755
0.9827067669172932,0.32626060908637045
0.9827067669172932,0.32642357642357644
0.9827067669172932,0.32658670664667666
0.9827067669172932,0.32666833291677083
0.9827067669172932,0.32675
0.9827067669172932,0.32683170792698174
0.9827067669172932,0.32699524643482614
0.9827067669172932,0.32707707707707706
0.9827067669172932,0.3271589486858573
0.9827067669172932,0.3272408612919379
0.9827067669172932,0.32740480961923846
0.9827067669172932,0.327815400050163
0.9827067669172932,0.3278976417461114
0.9819548872180451,0.32772898368883313
0.9819548872180451,0.3278935475772031
0.9819548872180451,0.32805827681487065
0.9819548872180451,0.32822317165116865
0.9819548872180451,0.3283882323359316
0.9819548872180451,0.32855345911949685
0.9819548872180451,0.3286361348766985
0.9819548872180451,0.32871885225270575
0.9819548872180451,0.3288016112789527
0.9819548872180451,0.32888441198690505
0.9819548872180451,0.32896725440806046
0.9819548872180451,0.3292160322661961
0.9819548872180451,0.3292990418557741
0.9819548872180451,0.3293820933165195
0.9819548872180451,0.3294651866801211
0.9819548872180451,0.32954832197829925
0.9819548872180451,0.32963149924280666
0.9819548872180451,0.32971471850542794
0.9819548872180451,0.3302149178255373
0.9819548872180451,0.33046558704453444
0.9819548872180451,0.33054922804353326
0.9819548872180451,0.3309680689305626
0.9819548872180451,0.33113590263691683
0.9819548872180451,0.33121988333756025
0.9819548872180451,0.3313039066463724
0.9819548872180451,0.33155623254633154
0.9819548872180451,0.33164042661249366
0.9819548872180451,0.3317246634493269
0.9819548872180451,0.3318089430894309
0.9819548872180451,0.33189326556543836
0.9819548872180451,0.33197763091001525
0.9819548872180451,0.3320620391558607
0.9819548872180451,0.33223098448232
0.9819548872180451,0.3323155216284987
0.9819548872180451,0.3324001018070756
0.9819548872180451,0.3324847250509165
0.9819548872180451,0.3327388535031847
0.9819548872180451,0.3328236493374108
0.981203007518797,0.3326535814427734
0.981203007518797,0.33282325937260904
0.981203007518797,0.33290816326530615
0.981203007518797,0.3330781010719755
0.981203007518797,0.33316313505233597
0.981203007518797,0.3332482124616956
0.981203007518797,0.3336742521094349
0.981203007518797,0.3337595907928389
0.981203007518797,0.3338449731389102
0.981203007518797,0.33393039918116685
0.981203007518797,0.334015868953161
0.981203007518797,0.33410138248847926
0.981203007518797,0.33418693982074266
0.981203007518797,0.33427254098360654
0.981203007518797,0.33435818601076095
0.981203007518797,0.3345296077928736
0.981203007518797,0.3346153846153846
0.981203007518797,0.3347012054372916
0.981203007518797,0.3347870702924577
0.981203007518797,0.33504492939666236
0.981203007518797,0.33513097072419107
0.981203007518797,0.33521705625481635
0.981203007518797,0.3353031860226105
0.981203007518797,0.33556184109025455
0.981203007518797,0.33564814814814814
0.981203007518797,0.3358208955223881
0.981203007518797,0.3359073359073359
0.981203007518797,0.3359938208032956
0.981203007518797,0.3360803502446562
0.981203007518797,0.33634020618556704
0.981203007518797,0.33642691415313225
0.981203007518797,0.3365136668385766
0.981203007518797,0.336687306501548
0.981203007518797,0.33694810224632066
0.981203007518797,0.33712219064841126
0.981203007518797,0.3372093023255814
0.981203007518797,0.3373836608066184
0.981203007518797,0.33747090768037236
0.981203007518797,0.33755819968960166
0.981203007518797,0.33764553686934023
0.981203007518797,0.33773291925465837
0.981203007518797,0.3378203468806627
0.981203007518797,0.3379078197824961
0.981203007518797,0.337995337995338
0.981203007518797,0.3380829015544041
0.981203007518797,0.33825816485225507
0.981203007518797,0.33869711912795225
0.981203007518797,0.338785046728972
0.981203007518797,0.33887301999480657
0.981203007518797,0.33896103896103896
0.981203007518797,0.33913721413721415
0.981203007518797,0.33940182054616386
0.981203007518797,0.3394901144640999
0.981203007518797,0.33984375
0.981203007518797,0.3399322740296952
0.981203007518797,0.34002084418968215
0.981203007518797,0.34010946051602814
0.981203007518797,0.3401981230448384
0.981203007518797,0.34028683181225555
0.981203007518797,0.3404643882076702
0.981203007518797,0.34073107049608353
0.981203007518797,0.3408200574562549
0.981203007518797,0.3409090909090909
0.981203007518797,0.34099817089103734
0.9804511278195489,0.3408259278619969
0.9804511278195489,0.3418982695332984
0.9804511278195489,0.34198793600839233
0.9804511278195489,0.34207764952780695
0.9804511278195489,0.34216741012857516
0.9804511278195489,0.342257217847769
0.9804511278195489,0.34234707272249937
0.9804511278195489,0.34243697478991597
0.9804511278195489,0.34252692408720775
0.9796992481203007,0.3423541776142932
0.9796992481203007,0.34244415243101184
0.9796992481203007,0.3426242440178806
0.9796992481203007,0.34289473684210525
0.9796992481203007,0.34298499605159255
0.9796992481203007,0.34316565709770874
0.9789473684210527,0.3430830039525692
0.9789473684210527,0.343263907197469
0.9789473684210527,0.34335443037974683
0.9789473684210527,0.34353562005277044
0.9789473684210527,0.3436262866191607
0.9789473684210527,0.3438985736925515
0.9789473684210527,0.3439894319682959
0.9789473684210527,0.3440803382663848
0.9789473684210527,0.34417129262490087
0.9789473684210527,0.3442622950819672
0.9789473684210527,0.34435334567574716
0.9789473684210527,0.34444444444444444
0.9789473684210527,0.34453559142630324
0.9789473684210527,0.3448093220338983
0.9789473684210527,0.3449006622516556
0.9789473684210527,0.3449920508744038
0.9789473684210527,0.34517497348886533
0.9789473684210527,0.345266507557677
0.9789473684210527,0.34535809018567637
0.9789473684210527,0.3456331298115211
0.9789473684210527,0.34572490706319703
0.9789473684210527,0.3458167330677291
0.9789473684210527,0.34600053149083176
0.9789473684210527,0.34609250398724084
0.9789473684210527,0.3461845253921829
0.9789473684210527,0.3464608834486429
0.9789473684210527,0.3465531008783604
0.9789473684210527,0.3466453674121406
0.9789473684210527,0.3467376830892144
0.9789473684210527,0.34701492537313433
0.9789473684210527,0.34710743801652894
0.9789473684210527,0.3472
0.9789473684210527,0.3474779823859087
0.9789473684210527,0.3475707421249333
0.9789473684210527,0.34766355140186916
0.9789473684210527,0.34775641025641024
0.9789473684210527,0.34784931872829283
0.9789473684210527,0.34794227685729556
0.9789473684210527,0.3480352846832398
0.9789473684210527,0.3481283422459893
0.9789473684210527,0.34831460674157305
0.9789473684210527,0.3484078137543484
0.9789473684210527,0.3485943775100402
0.9789473684210527,0.3486877343331548
0.9789473684210527,0.3490616621983914
0.9789473684210527,0.3491552695092518
0.9781954887218045,0.3490743225114033
0.9774436090225563,0.3488996242619431
0.9774436090225563,0.34918076819769006
0.9774436090225563,0.3492745835572273
0.9774436090225563,0.34936844934157485
0.9774436090225563,0.34955633234740524
0.9774436090225563,0.34965034965034963
0.9774436090225563,0.34983853606027987
0.9774436090225563,0.34993270524899056
0.9774436090225563,0.35012119579854567
0.9766917293233083,0.35013477088948786
0.9766917293233083,0.3502291722836344
0.9766917293233083,0.35032362459546923
0.9766917293233083,0.3504181278661991
0.9766917293233083,0.35060728744939273
0.9766917293233083,0.3507966513637591
0.9766917293233083,0.35089141004862234
0.9766917293233083,0.3509862199405566
0.9766917293233083,0.35117599351175993
0.9766917293233083,0.35127095727420227
0.9766917293233083,0.35136597241006223
0.9766917293233083,0.3517465475223396
0.9766917293233083,0.3518418201516793
0.9766917293233083,0.3519371444053102
0.9766917293233083,0.35203252032520327
0.9759398496240601,0.3520477352861405
0.9759398496240601,0.3521432447097124
0.975187969924812,0.3519674355495251
0.975187969924812,0.35215856638609827
0.975187969924812,0.35225420966865834
0.975187969924812,0.3523499049171421
0.975187969924812,0.35244565217391305
0.975187969924812,0.35254145148138083
0.975187969924812,0.3529251700680272
0.975187969924812,0.35311734277157636
0.975187969924812,0.3532135076252723
0.975187969924812,0.35330972487060747
0.975187969924812,0.3534059945504087
0.975187969924812,0.3536951186255795
0.9744360902255639,0.353518821603928
0.9744360902255639,0.35361527967257844
0.9744360902255639,0.35400163889647634
0.9744360902255639,0.3540983606557377
0.9744360902255639,0.3542919628212138
0.9744360902255639,0.3548740416210296
0.9744360902255639,0.35497124075595726
0.9744360902255639,0.35506849315068495
0.9744360902255639,0.35526315789473684
0.9744360902255639,0.35536057033177954
0.9744360902255639,0.35545803620405925
0.9744360902255639,0.35555555555555557
0.9744360902255639,0.35575075487235797
0.9744360902255639,0.35584843492586493
0.9744360902255639,0.3559461686349904
0.9744360902255639,0.35604395604395606
0.9744360902255639,0.3562396921385377
0.9744360902255639,0.35633764091284026
0.9744360902255639,0.3565337001375516
0.9744360902255639,0.35663181067694
0.9744360902255639,0.35672997522708505
0.9744360902255639,0.3568281938325991
0.9744360902255639,0.35692646653814375
0.9744360902255639,0.35702479338842974
0.9744360902255639,0.3572216097023153
0.9744360902255639,0.3573200992555831
0.9744360902255639,0.35741864313292887
0.9744360902255639,0.35751724137931035
0.9744360902255639,0.3576158940397351
0.9744360902255639,0.35791217895608946
0.9744360902255639,0.3580110497237569
0.9744360902255639,0.3581099751312517
0.9744360902255639,0.35830799004700026
0.9744360902255639,0.35850622406639004
0.9744360902255639,0.3586054233536248
0.9744360902255639,0.35870467755327984
0.9744360902255639,0.3588039867109635
0.9744360902255639,0.35890335087233455
0.9744360902255639,0.35910224438902744
0.9744360902255639,0.35920177383592017
0.9744360902255639,0.35930135846964234
0.9744360902255639,0.359500693481276
0.9744360902255639,0.35960044395116536
0.9744360902255639,0.3597002497918401
0.9744360902255639,0.359800111049417
0.9744360902255639,0.35990002777006386
0.9744360902255639,0.36
0.9744360902255639,0.3603002502085071
0.9736842105263158,0.36012235817575083
0.9736842105263158,0.36022253129346316
0.9736842105263158,0.36032276015581527
0.9736842105263158,0.3604230448093515
0.9736842105263158,0.36052338530066813
0.9736842105263158,0.36062378167641324
0.9736842105263158,0.3607242339832869
0.9736842105263158,0.36082474226804123
0.9736842105263158,0.3611266034578918
0.9736842105263158,0.3614289701367569
0.9736842105263158,0.36152987158012284
0.9736842105263158,0.3616308293772689
0.9736842105263158,0.361731843575419
0.9736842105263158,0.36183291422184966
0.9736842105263158,0.36203522504892366
0.9729323308270676,0.36185682326621926
0.9729323308270676,0.36195804195804193
0.9729323308270676,0.3620593172915501
0.9729323308270676,0.36226203807390817
0.9729323308270676,0.36236348361803417
0.9729323308270676,0.36256654525077053
0.9729323308270676,0.3627698345948977
0.9729323308270676,0.3628715647784633
0.9729323308270676,0.3629733520336606
0.9729323308270676,0.36307519640852975
0.9729323308270676,0.3633810727323785
0.9729323308270676,0.3634831460674157
0.9729323308270676,0.36358527676313573
0.9729323308270676,0.3636874648679033
0.9729323308270676,0.36389201349831274
0.9729323308270676,0.3639943741209564
0.9729323308270676,0.36430180180180183
0.9729323308270676,0.3647125140924464
0.9729323308270676,0.3648153369044263
0.9729323308270676,0.36491821771009586
0.9729323308270676,0.3650211565585331
0.9729323308270676,0.36512415349887134
0.9729323308270676,0.36522720858029917
0.9729323308270676,0.36543349336345665
0.9721804511278196,0.3652542372881356
0.9721804511278196,0.3653574456061034
0.9721804511278196,0.3654607122668174
0.9714285714285714,0.36528131184619733
0.9714285714285714,0.36538461538461536
0.9714285714285714,0.3654879773691655
0.9714285714285714,0.3655913978494624
0.9714285714285714,0.3656948768751769
0.9714285714285714,0.36579841449603623
0.9714285714285714,0.3659020107618238
0.9714285714285714,0.3660056657223796
0.9714285714285714,0.3661093794275999
0.9714285714285714,0.3663169832719025
0.9714285714285714,0.3664208735110607
0.9706766917293234,0.36624113475177306
0.9706766917293234,0.3663450624290579
0.9706766917293234,0.36644904910587567
0.9706766917293234,0.36665719965918775
0.9706766917293234,0.36676136363636364
0.9706766917293234,0.36686558681443593
0.9706766917293234,0.3669698692438886
0.9706766917293234,0.367074210975263
0.9706766917293234,0.36717861205915814
0.9706766917293234,0.36728307254623044
0.9699248120300752,0.36710301650540694
0.9699248120300752,0.3672075149444919
0.9699248120300752,0.3673120728929385
0.9699248120300752,0.36741669040159497
0.9699248120300752,0.3678357570573139
0.9699248120300752,0.3680456490727532
0.9699248120300752,0.3681506849315068
0.9699248120300752,0.3682557807593491
0.9699248120300752,0.3683609366076528
0.9699248120300752,0.3684661525278492
0.9699248120300752,0.36857142857142855
0.969172932330827,0.36839096884824235
0.969172932330827,0.3684962835906232
0.969172932330827,0.3687070938215103
0.969172932330827,0.3688125894134478
0.969172932330827,0.36891814539210077
0.969172932330827,0.36902376180933294
0.969172932330827,0.3691294387170676
0.969172932330827,0.3692351761672873
0.969172932330827,0.36944683290341074
0.969172932330827,0.369552752293578
0.969172932330827,0.36965873243475766
0.969172932330827,0.3697647733792312
0.969172932330827,0.36987087517934003
0.969172932330827,0.36997703788748565
0.969172932330827,0.3701895462377944
0.969172932330827,0.3704022988505747
0.969172932330827,0.3705087668870365
0.969172932330827,0.37061529614721106
0.969172932330827,0.3707218866839229
0.969172932330827,0.37082853855005754
0.969172932330827,0.3709352517985611
0.969172932330827,0.371042026482441
0.969172932330827,0.3713627196773264
0.969172932330827,0.37168396770472895
0.969172932330827,0.3717911739255841
0.969172932330827,0.3718984420080785
0.969172932330827,0.37222061796130523
0.969172932330827,0.3723281340265742
0.969172932330827,0.3724357122219012
0.969172932330827,0.37254335260115606
0.969172932330827,0.37275882012724115
0.969172932330827,0.37297453703703703
0.969172932330827,0.3731905037637522
0.969172932330827,0.37329858094410656
0.969172932330827,0.3734067207415991
0.969172932330827,0.3735149232106636
0.969172932330827,0.3736231884057971
0.969172932330827,0.3737315163815599
0.969172932330827,0.3738399071925754
0.969172932330827,0.3741654571843251
0.969172932330827,0.37427409988385596
0.969172932330827,0.3743828056927098
0.969172932330827,0.37449157466589195
0.969172932330827,0.3746004068584714
0.969172932330827,0.3747093023255814
0.969172932330827,0.37492728330424663
0.969172932330827,0.3750363689263893
0.969172932330827,0.37514551804423746
0.969172932330827,0.375254730713246
0.969172932330827,0.3753640069889342
0.969172932330827,0.3754733469268861
0.969172932330827,0.37635036496350366
0.969172932330827,0.3764602803738318
0.968421052631579,0.37627811860940696
0.968421052631579,0.37638807714786676
0.968421052631579,0.3764980999707688
0.968421052631579,0.37660818713450295
0.968421052631579,0.3768285547103569
0.968421052631579,0.37693883523558674
0.968421052631579,0.3770491803278688
0.968421052631579,0.37715959004392385
0.968421052631579,0.37727006444053895
0.968421052631579,0.3773806035745678
0.9676691729323308,0.37719812426729193
0.9676691729323308,0.3774193548387097
0.9676691729323308,0.37764084507042256
0.9676691729323308,0.37786259541984735
0.9676691729323308,0.37797356828193834
0.9676691729323308,0.3780846063454759
0.9676691729323308,0.3783068783068783
0.9676691729323308,0.3784181123199059
0.9676691729323308,0.3786407766990291
0.9676691729323308,0.3787522071806945
0.9676691729323308,0.37886370326758906
0.9676691729323308,0.37908689248895433
0.9676691729323308,0.37919858573954035
0.9676691729323308,0.3793103448275862
0.9669172932330827,0.3792391624889413
0.9669172932330827,0.3794629684272647
0.9669172932330827,0.3795749704840614
0.9669172932330827,0.3797991730655641
0.9669172932330827,0.37991137370753325
0.9669172932330827,0.380135973987585
0.9669172932330827,0.38024837374334713
0.9669172932330827,0.38036083998816916
0.9669172932330827,0.3804733727810651
0.9661654135338346,0.38040260509177026
0.9661654135338346,0.3805152502220906
0.9661654135338346,0.3806279620853081
0.9661654135338346,0.38141881864054616
0.9661654135338346,0.38153206650831356
0.9661654135338346,0.38164538164538164
0.9661654135338346,0.3817587641117053
0.9661654135338346,0.3818722139673105
0.9661654135338346,0.38209931608682723
0.9661654135338346,0.3822129684711481
0.9661654135338346,0.3823266884855698
0.9661654135338346,0.38244047619047616
0.9661654135338346,0.3825543316463233
0.9661654135338346,0.3826682549136391
0.9661654135338346,0.382896305125149
0.9661654135338346,0.3830104321907601
0.9661654135338346,0.3831246273106738
0.9661654135338346,0.3832388905457799
0.9661654135338346,0.3835820895522388
0.9661654135338346,0.3836966258584652
0.9661654135338346,0.38381123058542416
0.9661654135338346,0.3839259037944428
0.9661654135338346,0.3840406455469217
0.9661654135338346,0.38427033492822965
0.9661654135338346,0.38484576220425276
0.9661654135338346,0.38496105452366686
0.9661654135338346,0.3850764159424633
0.9661654135338346,0.38519184652278177
0.9661654135338346,0.3853073463268366
0.9661654135338346,0.3854229154169166
0.9661654135338346,0.38553855385538555
0.9661654135338346,0.38565426170468187
0.9661654135338346,0.3858858858858859
0.9661654135338346,0.386001802343046
0.9661654135338346,0.38634996993385445
0.9661654135338346,0.38646616541353385
0.9661654135338346,0.38658243080625754
0.9661654135338346,0.3869316470942487
0.9661654135338346,0.3870481927710843
0.9661654135338346,0.38716480867731246
0.9661654135338346,0.3872814948764316
0.9661654135338346,0.3873982514320169
0.9661654135338346,0.38763197586727
0.9661654135338346,0.3879830917874396
0.9661654135338346,0.3883348443638561
0.9661654135338346,0.3884522370012092
0.9661654135338346,0.3888048411497731
0.9661654135338346,0.3889225181598063
0.9661654135338346,0.3890402664244626
0.9661654135338346,0.38915808600847973
0.9661654135338346,0.3893939393939394
0.9661654135338346,0.38951197332525006
0.9661654135338346,0.3897482559902942
0.9661654135338346,0.3898665048543689
0.9661654135338346,0.3899848254931715
0.9661654135338346,0.3901032179720704
0.9661654135338346,0.3903402187120292
0.9661654135338346,0.39045882710422364
0.9661654135338346,0.3905775075987842
0.9661654135338346,0.39069626026147763
0.9661654135338346,0.39081508515815083
0.9661654135338346,0.39093398235473076
0.9661654135338346,0.3910529519172246
0.9661654135338346,0.3912911084043849
0.9661654135338346,0.39176829268292684
0.9661654135338346,0.3920073215375229
0.9661654135338346,0.3921269453768691
0.9661654135338346,0.39224664224664224
0.9661654135338346,0.39236641221374047
0.9661654135338346,0.39248625534514353
0.9661654135338346,0.39260617170791323
0.9661654135338346,0.39272616136919314
0.9661654135338346,0.3928462243962091
0.9661654135338346,0.3930865708167635
0.9654135338345865,0.39326186830015314
0.9654135338345865,0.3935029114311983
0.9654135338345865,0.3939858852408714
0.9654135338345865,0.394227817009518
0.9654135338345865,0.39434889434889436
0.9654135338345865,0.39447004608294933
0.9654135338345865,0.39471257300952967
0.9654135338345865,0.3948339483394834
0.9654135338345865,0.39495539833897264
0.9654135338345865,0.39519852262234534
0.9654135338345865,0.3955637707948244
0.9654135338345865,0.3958076448828607
0.9654135338345865,0.3964186477307811
0.9654135338345865,0.39666357738646896
0.9654135338345865,0.3967861557478368
0.9654135338345865,0.3969088098918083
0.9654135338345865,0.3970315398886827
0.9654135338345865,0.3971543458088463
0.9654135338345865,0.3972772277227723
0.9654135338345865,0.39740018570102137
0.9654135338345865,0.3975232198142415
0.9654135338345865,0.3976463301331682
0.9654135338345865,0.39776951672862454
0.9654135338345865,0.39789277967152153
0.9654135338345865,0.39801611903285805
0.9654135338345865,0.39813953488372095
0.9654135338345865,0.39826302729528534
0.9654135338345865,0.3983865963388148
0.9654135338345865,0.3985102420856611
0.9654135338345865,0.3986339646072648
0.9654135338345865,0.3987577639751553
0.9654135338345865,0.39888164026095063
0.9654135338345865,0.399005593536358
0.9654135338345865,0.39925373134328357
0.9654135338345865,0.3993779160186625
0.9654135338345865,0.39975093399750933
0.9654135338345865,0.4002493765586035
0.9654135338345865,0.40037418147801684
0.9654135338345865,0.40049906425452275
0.9654135338345865,0.4006240249609984
0.9654135338345865,0.40074906367041196
0.9654135338345865,0.4008741804558227
0.9654135338345865,0.400999375390381
0.9654135338345865,0.40137542982181934
0.9654135338345865,0.40150093808630394
0.9654135338345865,0.40162652486706285
0.9654135338345865,0.40175219023779724
0.9654135338345865,0.40200375704445834
0.9654135338345865,0.4021296586282493
0.9654135338345865,0.4028867273297772
0.9654135338345865,0.4031397174254317
0.9654135338345865,0.40326633165829145
0.9654135338345865,0.40339302544769085
0.9654135338345865,0.4035197988686361
0.9654135338345865,0.4036466519962276
0.9654135338345865,0.4037735849056604
0.9654135338345865,0.40390059767222397
0.9654135338345865,0.4040276903713027
0.9654135338345865,0.40415486307837584
0.9654135338345865,0.40428211586901763
0.9654135338345865,0.4045368620037807
0.9654135338345865,0.4046643554995273
0.9654135338345865,0.4047919293820933
0.9654135338345865,0.40491958372753073
0.9654135338345865,0.4050473186119874
0.9654135338345865,0.40517513411170714
0.9654135338345865,0.4053030303030303
0.9654135338345865,0.40543100726239345
0.9654135338345865,0.40555906506632977
0.9654135338345865,0.4056872037914692
0.9646616541353383,0.4054993678887484
0.9646616541353383,0.4056275687638318
0.9646616541353383,0.40575585072738773
0.9646616541353383,0.4058842138563746
0.9646616541353383,0.4060126582278481
0.9646616541353383,0.4061411839189617
0.9646616541353383,0.40639847956921127
0.9646616541353383,0.40652724968314324
0.9646616541353383,0.4066561014263074
0.9646616541353383,0.4069140501110054
0.9646616541353383,0.4071723262456363
0.9639097744360903,0.40711336932359476
0.9639097744360903,0.40724269377382466
0.9639097744360903,0.40737210041309185
0.9639097744360903,0.40750158931977115
0.9639097744360903,0.40763116057233706
0.9639097744360903,0.4077608142493639
0.9639097744360903,0.40789055042952593
0.9639097744360903,0.40802036919159773
0.9639097744360903,0.4082802547770701
0.9639097744360903,0.40854047163798596
0.9639097744360903,0.4086707044947402
0.9639097744360903,0.40893141945773526
0.9639097744360903,0.4091924672837536
0.9639097744360903,0.40932311621966794
0.9639097744360903,0.4094538486106675
0.9631578947368421,0.40939597315436244
0.9631578947368421,0.40978886756238003
0.9631578947368421,0.4100512163892446
0.9631578947368421,0.4101825168107589
0.9631578947368421,0.4103139013452915
0.9631578947368421,0.4104453700736943
0.9631578947368421,0.41057692307692306
0.9631578947368421,0.4109720885466795
0.9631578947368421,0.41110397946084726
0.9624060150375939,0.41091492776886035
0.9624060150375939,0.41117892707998716
0.9624060150375939,0.41131105398457585
0.9624060150375939,0.4115755627009646
0.9624060150375939,0.4118404118404118
0.9624060150375939,0.4119729642742195
0.9624060150375939,0.41237113402061853
0.9624060150375939,0.41250402835965194
0.9624060150375939,0.4130364633752823
0.9624060150375939,0.4131697869593286
0.9624060150375939,0.4133031966419115
0.9624060150375939,0.4134366925064599
0.9624060150375939,0.4135702746365105
0.9624060150375939,0.4137039431157078
0.9624060150375939,0.4139715394566624
0.9624060150375939,0.4141054674862504
0.9624060150375939,0.41423948220064727
0.9624060150375939,0.41437358368404015
0.9624060150375939,0.41450777202072536
0.9624060150375939,0.4150453955901427
0.9624060150375939,0.41544952937358
0.9624060150375939,0.4155844155844156
0.9624060150375939,0.4157193894121468
0.9616541353383459,0.4155295646523717
0.9616541353383459,0.4157997399219766
0.9616541353383459,0.41620566221932964
0.9616541353383459,0.4163411458333333
0.9616541353383459,0.41647671768153693
0.9616541353383459,0.41674812642554576
0.9616541353383459,0.416883963494133
0.9609022556390977,0.4169657422512235
0.9609022556390977,0.41737426518615284
0.9609022556390977,0.41751061744527934
0.9609022556390977,0.4176470588235294
0.9609022556390977,0.41792020928711576
0.9601503759398496,0.4177298004579653
0.9601503759398496,0.41800327332242226
0.9593984962406015,0.4178127046496398
0.9586466165413534,0.4180327868852459
0.9578947368421052,0.4178419153820925
0.9578947368421052,0.4179790026246719
0.9578947368421052,0.4181161798490318
0.9578947368421052,0.41839080459770117
0.9578947368421052,0.4185282522996058
0.9578947368421052,0.4186657903384818
0.9578947368421052,0.4188034188034188
0.9578947368421052,0.4189411377836238
0.9578947368421052,0.41921684764725237
0.9578947368421052,0.41935483870967744
0.9578947368421052,0.419631093544137
0.9578947368421052,0.4197693574958814
0.9578947368421052,0.42018469656992086
0.9578947368421052,0.42032332563510394
0.9578947368421052,0.42046204620462047
0.9578947368421052,0.4206008583690987
0.9578947368421052,0.42073976221928666
0.9578947368421052,0.4208787578460522
0.9578947368421052,0.42101784534038333
0.9578947368421052,0.4212962962962963
0.9578947368421052,0.4217146640185369
0.9578947368421052,0.42185430463576157
0.9578947368421052,0.421994037760848
0.9578947368421052,0.42213386348575216
0.9578947368421052,0.42255389718076286
0.9578947368421052,0.42269409422694093
0.9578947368421052,0.4228343843345503
0.9578947368421052,0.42297476759628155
0.9578947368421052,0.4231152441049485
0.9578947368421052,0.4232558139534884
0.9571428571428572,0.42320478723404253
0.9571428571428572,0.4233455271034253
0.9571428571428572,0.4234863606121091
0.9571428571428572,0.4236272878535774
0.9571428571428572,0.4237683089214381
0.9571428571428572,0.42390942390942393
0.9571428571428572,0.4240506329113924
0.9571428571428572,0.4241919360213262
0.9571428571428572,0.42433333333333334
0.9571428571428572,0.42447482494164723
0.9571428571428572,0.42475809142475807
0.9571428571428572,0.4248998664886515
0.9571428571428572,0.42504173622704505
0.955639097744361,0.4246575342465753
0.955639097744361,0.4247994652406417
0.955639097744361,0.42494149114008695
0.955639097744361,0.4250836120401338
0.955639097744361,0.42522582803613246
0.955639097744361,0.42593833780160856
0.955639097744361,0.42651006711409395
0.955639097744361,0.4266532393420611
0.955639097744361,0.42679650772330424
0.955639097744361,0.42693987235471953
0.955639097744361,0.4270833333333333
0.955639097744361,0.42722689075630255
0.955639097744361,0.42751429532458796
0.955639097744361,0.427802086839448
0.9548872180451128,0.4277534523408555
0.9548872180451128,0.4278975741239892
0.9548872180451128,0.4284750337381916
0.9548872180451128,0.4286196422544718
0.9548872180451128,0.4287643484132343
0.9548872180451128,0.4294893473114643
0.9548872180451128,0.42963464140730717
0.9548872180451128,0.42978003384094754
0.9548872180451128,0.4299255247122546
0.9548872180451128,0.43007111412123267
0.9533834586466166,0.42968485259234157
0.9533834586466166,0.42983050847457627
0.9533834586466166,0.4299762631400475
0.9533834586466166,0.43012211668928085
0.9533834586466166,0.4302680692229386
0.9533834586466166,0.4304141208418194
0.9533834586466166,0.43056027164685906
0.9533834586466166,0.43070652173913043
0.9533834586466166,0.43085287121984367
0.9533834586466166,0.4309993201903467
0.9533834586466166,0.4312925170068027
0.9533834586466166,0.43143926505614155
0.9533834586466166,0.4315861130020422
0.9533834586466166,0.43173306094654407
0.9533834586466166,0.4318801089918256
0.9533834586466166,0.4321745057941377
0.9533834586466166,0.4324693042291951
0.9526315789473684,0.4322756738314568
0.9526315789473684,0.4325708432912257
0.9526315789473684,0.432866416125726
0.9526315789473684,0.43301435406698563
0.9518796992481203,0.4328205128205128
0.9518796992481203,0.43296853625171
0.9518796992481203,0.43311666096476226
0.9518796992481203,0.433264887063655
0.9511278195488722,0.4330708661417323
0.9511278195488722,0.4332191780821918
0.9511278195488722,0.43336759164097294
0.9511278195488722,0.4335161069225497
0.9511278195488722,0.4336647240315393
0.9511278195488722,0.4338134430727023
0.9511278195488722,0.4339622641509434
0.9503759398496241,0.43376801647220314
0.9503759398496241,0.433916924133196
0.9503759398496241,0.4340659340659341
0.9503759398496241,0.43421504637581587
0.9503759398496241,0.4343642611683849
0.9503759398496241,0.43451357854932965
0.9503759398496241,0.4346629986244842
0.9503759398496241,0.434812521499828
0.9503759398496241,0.4349621472814866
0.9503759398496241,0.4351118760757315
0.9503759398496241,0.43526170798898073
0.9503759398496241,0.4355616815988973
0.9503759398496241,0.4357118235091348
0.9503759398496241,0.43586206896551727
0.9503759398496241,0.4361628709454796
0.9503759398496241,0.4363134276838108
0.9503759398496241,0.4366148531951641
0.9503759398496241,0.43691669547182854
0.9503759398496241,0.43737024221453286
0.9503759398496241,0.43752163378331604
0.9503759398496241,0.4376731301939058
0.9503759398496241,0.43782473155524765
0.9503759398496241,0.437976437976438
0.9503759398496241,0.4381282495667244
0.9503759398496241,0.43828016643550627
0.9503759398496241,0.43843218869233436
0.9503759398496241,0.43858431644691187
0.9503759398496241,0.43873654980909405
0.9503759398496241,0.4388888888888889
0.9503759398496241,0.4390413337964571
0.9503759398496241,0.43919388464211256
0.9503759398496241,0.43965217391304345
0.9503759398496241,0.4398051496172582
0.9503759398496241,0.4399582318134354
0.9503759398496241,0.4401114206128134
0.9496240601503759,0.4399164054336468
0.9496240601503759,0.44006968641114985
0.9496240601503759,0.44037656903765693
0.9496240601503759,0.4405301709103593
0.9496240601503759,0.4406838799720865
0.9496240601503759,0.4408376963350785
0.9496240601503759,0.44114565141460005
0.9488721804511279,0.44095038434661077
0.9488721804511279,0.4411045089129675
0.9488721804511279,0.44125874125874126
0.9488721804511279,0.44141308149702696
0.9488721804511279,0.44156752974107766
0.9488721804511279,0.4417220861043052
0.9488721804511279,0.4418767507002801
0.9488721804511279,0.4421864050455501
0.9488721804511279,0.442341395022783
0.9488721804511279,0.4424964936886395
0.9488721804511279,0.44296244296244297
0.9488721804511279,0.4431179775280899
0.9488721804511279,0.44342937456078707
0.9488721804511279,0.443585237258348
0.9488721804511279,0.4437412095639944
0.9488721804511279,0.44389729159338726
0.9488721804511279,0.44405348346235046
0.9488721804511279,0.44420978528687083
0.9488721804511279,0.4443661971830986
0.9488721804511279,0.44452271926734765
0.9481203007518797,0.44432699083861876
0.9481203007518797,0.44448360944659854
0.9481203007518797,0.4446403385049365
0.9473684210526315,0.4446012702893437
0.9473684210526315,0.44475820684786443
0.9473684210526315,0.4449152542372881
0.9473684210526315,0.44538706256627786
0.9473684210526315,0.4457021577644146
0.9473684210526315,0.445859872611465
0.9473684210526315,0.4461756373937677
0.9473684210526315,0.4463336875664187
0.9473684210526315,0.446491849751949
0.9473684210526315,0.4466501240694789
0.9473684210526315,0.4469670095778645
0.9473684210526315,0.4472843450479233
0.9466165413533835,0.4470880681818182
0.9466165413533835,0.447246891651865
0.9466165413533835,0.44740582800284295
0.9466165413533835,0.4475648773551369
0.9466165413533835,0.447883315546069
0.9466165413533835,0.4480427046263345
0.9466165413533835,0.4482022071911712
0.9466165413533835,0.44836182336182334
0.9466165413533835,0.4485215532597079
0.9466165413533835,0.44868139700641485
0.9466165413533835,0.44900142653352354
0.9466165413533835,0.4491616125579736
0.9466165413533835,0.4493219129193433
0.9466165413533835,0.44948232774009284
0.9466165413533835,0.4498035012504466
0.9466165413533835,0.449964260185847
0.9466165413533835,0.45028612303290416
0.9466165413533835,0.4504472271914132
0.9466165413533835,0.4507697815968493
0.9466165413533835,0.45093123209169056
0.9466165413533835,0.45109279828018634
0.9466165413533835,0.45125448028673837
0.9466165413533835,0.45141627823592684
0.9466165413533835,0.4515781922525108
0.9466165413533835,0.45174022246142803
0.9466165413533835,0.4519023689877961
0.9466165413533835,0.45206463195691204
0.9458646616541353,0.4520301832554797
0.9458646616541353,0.4521926671459382
0.9451127819548872,0.45215827338129494
0.9443609022556391,0.45196113709967617
0.9443609022556391,0.4521238300935925
0.9443609022556391,0.4522866402592726
0.9443609022556391,0.45293905517490085
0.9443609022556391,0.4531024531024531
0.9443609022556391,0.45326596896427285
0.9443609022556391,0.45342960288808665
0.9443609022556391,0.4535933550018057
0.9443609022556391,0.45375722543352603
0.9443609022556391,0.454249547920434
0.9443609022556391,0.4544138929088278
0.9443609022556391,0.45457835685848713
0.9443609022556391,0.4547429398986242
0.9443609022556391,0.45490764215863816
0.9443609022556391,0.4552374048568322
0.9443609022556391,0.45540246555474984
0.9428571428571428,0.45500725689404936
0.9428571428571428,0.45517241379310347
0.9428571428571428,0.4553376906318083
0.9428571428571428,0.4555030875408645
0.9421052631578948,0.45530523255813954
0.9421052631578948,0.4556363636363636
0.9421052631578948,0.4559679767103348
0.9421052631578948,0.45613396432471787
0.9421052631578948,0.45630007283321194
0.9421052631578948,0.4564663023679417
0.9421052631578948,0.4567991250455705
0.9421052631578948,0.45696571845368344
0.9421052631578948,0.45713243341846044
0.9421052631578948,0.4576333089846603
0.9421052631578948,0.4578005115089514
0.9421052631578948,0.45796783625730997
0.9421052631578948,0.4584705451884376
0.9421052631578948,0.4586383601756955
0.9413533834586466,0.4584401318198462
0.9413533834586466,0.4586080586080586
0.9413533834586466,0.45877610846463907
0.9413533834586466,0.45894428152492667
0.9413533834586466,0.45928099779897286
0.9413533834586466,0.459786999632758
0.9413533834586466,0.4599559147685525
0.9413533834586466,0.460124954061007
0.9413533834586466,0.4602941176470588
0.9413533834586466,0.4606328182487123
0.9413533834586466,0.46080235553919763
0.9406015037593985,0.4609432571849668
0.9406015037593985,0.46111315886472537
0.9406015037593985,0.461283185840708
0.9406015037593985,0.4614533382515677
0.9406015037593985,0.46179401993355484
0.9406015037593985,0.4619645494830133
0.9406015037593985,0.46213520502401184
0.9406015037593985,0.4623059866962306
0.9406015037593985,0.4624768946395564
0.9406015037593985,0.462819089900111
0.9406015037593985,0.46299037749814953
0.9406015037593985,0.4631617919289152
0.9398496240601504,0.46296296296296297
0.9398496240601504,0.46313449425713227
0.9390977443609022,0.46293550778354337
0.9390977443609022,0.46310715609936964
0.9383458646616541,0.4629080118694362
0.9383458646616541,0.4635958395245171
0.9383458646616541,0.463768115942029
0.9383458646616541,0.4639405204460966
0.9383458646616541,0.46411305317962065
0.937593984962406,0.46391369047619047
0.937593984962406,0.4640863416449572
0.937593984962406,0.46425912137006703
0.937593984962406,0.4644320297951583
0.937593984962406,0.46460506706408344
0.937593984962406,0.46477823332090945
0.937593984962406,0.46495152870991796
0.937593984962406,0.4654721911160881
0.937593984962406,0.46564600448095594
0.937593984962406,0.4658199477026522
0.937593984962406,0.46599402092675635
0.937593984962406,0.4661682242990654
0.937593984962406,0.4666916167664671
0.937593984962406,0.46686634219393486
0.937593984962406,0.46704119850187265
0.937593984962406,0.4672161858373923
0.937593984962406,0.4673913043478261
0.937593984962406,0.4675665541807274
0.937593984962406,0.46774193548387094
0.937593984962406,0.4679174484052533
0.937593984962406,0.4680930930930931
0.937593984962406,0.46826886969583176
0.9368421052631579,0.46806912096168296
0.9368421052631579,0.4682450206689215
0.9368421052631579,0.46859721699887175
0.9368421052631579,0.4687735139202408
0.9368421052631579,0.4693032015065913
0.9368421052631579,0.4694800301431801
0.9368421052631579,0.46965699208443273
0.9360902255639098,0.46963410033949454
0.9360902255639098,0.469811320754717
0.9360902255639098,0.46998867497168745
0.9360902255639098,0.47016616314199394
0.9360902255639098,0.4703437854174537
0.9360902255639098,0.47052154195011336
0.9360902255639098,0.4706994328922495
0.9360902255639098,0.47087745839636913
0.9360902255639098,0.47105561861521
0.9360902255639098,0.4712339137017411
0.9360902255639098,0.4714123438091632
0.9360902255639098,0.4715909090909091
0.9360902255639098,0.4717696097006442
0.9360902255639098,0.47194844579226686
0.9353383458646617,0.47174819871065604
0.9345864661654135,0.47190584662110857
0.9345864661654135,0.4720850740600076
0.9345864661654135,0.4722644376899696
0.9345864661654135,0.4726235741444867
0.9345864661654135,0.47280334728033474
0.9345864661654135,0.4729832572298326
0.9345864661654135,0.47316330414921964
0.9345864661654135,0.47334348819497335
0.9345864661654135,0.4735238095238095
0.9338345864661655,0.47368421052631576
0.9338345864661655,0.47386493704692867
0.9338345864661655,0.47404580152671755
0.9338345864661655,0.4742268041237113
0.9338345864661655,0.4744079449961803
0.9338345864661655,0.47477064220183485
0.9338345864661655,0.47495219885277246
0.9338345864661655,0.4751338944146901
0.9338345864661655,0.47549770290964777
0.9338345864661655,0.4756798161623899
0.9338345864661655,0.47586206896551725
0.9338345864661655,0.4760444614794941
0.9338345864661655,0.476409666283084
0.9338345864661655,0.4767754318618042
0.9338345864661655,0.4769585253456221
0.9338345864661655,0.4771417595082597
0.9338345864661655,0.47732513451191394
0.9338345864661655,0.47750865051903113
0.9338345864661655,0.4776923076923077
0.9338345864661655,0.4778761061946903
0.9338345864661655,0.47842835130970723
0.9338345864661655,0.47879722436391675
0.9338345864661655,0.47898187427689937
0.9338345864661655,0.479351601698186
0.9338345864661655,0.4797219003476246
0.9338345864661655,0.47990726429675423
0.9338345864661655,0.480092771550058
0.9338345864661655,0.4802784222737819
0.9338345864661655,0.4804642166344294
0.9338345864661655,0.4808362369337979
0.9338345864661655,0.4810224632068164
0.9338345864661655,0.48158200853043814
0.9338345864661655,0.48176881303335917
0.9338345864661655,0.4823300970873786
0.9338345864661655,0.4825174825174825
0.9338345864661655,0.48270501360279827
0.9338345864661655,0.4830805134189031
0.9338345864661655,0.4832684824902724
0.9338345864661655,0.4834565978980148
0.9338345864661655,0.48364485981308414
0.9338345864661655,0.48383326840670043
0.9338345864661655,0.4842105263157895
0.9338345864661655,0.484399375975039
0.9338345864661655,0.48458837300039015
0.9338345864661655,0.4847775175644028
0.9338345864661655,0.4849668098399063
0.9338345864661655,0.48515625
0.9338345864661655,0.48553557466770914
0.9330827067669173,0.4853343762221353
0.9330827067669173,0.4855242566510172
0.9330827067669173,0.4862852664576803
0.9330827067669173,0.4868575912122401
0.9330827067669173,0.4870486656200942
0.9330827067669173,0.4872398900667452
0.9330827067669173,0.48762278978388995
0.9330827067669173,0.487814465408805
0.9323308270676691,0.4876130554463232
0.9323308270676691,0.4878048780487805
0.9323308270676691,0.4883812524615991
0.9323308270676691,0.48857368006304175
0.9323308270676691,0.4889589905362776
0.9315789473684211,0.4889502762430939
0.9315789473684211,0.48914330833004344
0.9315789473684211,0.48933649289099523
0.9308270676691729,0.4891347293559858
0.9300751879699248,0.48912613681296957
0.9293233082706767,0.4889240506329114
0.9293233082706767,0.4891175306687772
0.9293233082706767,0.4895049504950495
0.9293233082706767,0.4896988906497623
0.9293233082706767,0.48989298454221164
0.9285714285714286,0.4898849662832209
0.9285714285714286,0.49027391822151645
0.9285714285714286,0.4904686258935663
0.9285714285714286,0.4906634882796981
0.9285714285714286,0.4908585055643879
0.9285714285714286,0.49144448865897333
0.9285714285714286,0.491640127388535
0.9285714285714286,0.49183592194344883
0.9278195488721804,0.4920255183413078
0.9278195488721804,0.49222177901874753
0.9278195488721804,0.49241819632881084
0.9278195488721804,0.49261477045908186
0.9278195488721804,0.4930083899320815
0.9278195488721804,0.49320543565147884
0.9278195488721804,0.49379751900760305
0.9278195488721804,0.49439102564102566
0.9278195488721804,0.4945891783567134
0.9278195488721804,0.49498596068993184
0.9278195488721804,0.49518459069020865
0.9278195488721804,0.4955823293172691
0.9278195488721804,0.495781438328646
0.9278195488721804,0.4959807073954984
0.9270676691729324,0.4963768115942029
0.9263157894736842,0.49617398308497784
0.9263157894736842,0.49637389202256244
0.9263157894736842,0.4967741935483871
0.9263157894736842,0.49697458652682536
0.9263157894736842,0.497375857892612
0.9263157894736842,0.4975767366720517
0.9263157894736842,0.49777777777777776
0.9263157894736842,0.49797898140662894
0.9263157894736842,0.4985835694050991
0.9263157894736842,0.4987854251012146
0.9263157894736842,0.49898744430943703
0.9263157894736842,0.4991896272285251
0.9263157894736842,0.4993919740575598
0.9263157894736842,0.5002030044660982
0.9263157894736842,0.5004061738424046
0.9263157894736842,0.5006095083299472
0.9263157894736842,0.5008130081300813
0.9263157894736842,0.5010166734444896
0.9263157894736842,0.5012205044751831
0.9263157894736842,0.5014245014245015
0.9255639097744361,0.5014256619144603
0.9255639097744361,0.5016299918500408
0.9255639097744361,0.5018344883815736
0.924812030075188,0.5020408163265306
0.924812030075188,0.5022458146182115
0.924812030075188,0.5024509803921569
0.924812030075188,0.5026563138536984
0.924812030075188,0.5028618152085037
0.924812030075188,0.5030674846625767
0.924812030075188,0.5034793286942284
0.924812030075188,0.5036855036855037
0.924812030075188,0.5038918476034412
0.924812030075188,0.5040983606557377
0.924812030075188,0.5045118949958983
0.924812030075188,0.5047189167008617
0.924812030075188,0.5051334702258727
0.924812030075188,0.5053410024650781
0.924812030075188,0.5055487053020962
0.924812030075188,0.5057565789473685
0.924812030075188,0.5059646236116825
0.924812030075188,0.5061728395061729
0.924812030075188,0.5063812268423219
0.924812030075188,0.5065897858319605
0.924812030075188,0.5067985166872683
0.924812030075188,0.5070074196207749
0.924812030075188,0.5072164948453608
0.924812030075188,0.5074257425742574
0.924812030075188,0.5076351630210483
0.924812030075188,0.5078447563996696
0.924812030075188,0.5080545229244114
0.924812030075188,0.5082644628099173
0.924812030075188,0.5086848635235732
0.924812030075188,0.5088953247827885
0.924812030075188,0.5091059602649006
0.924812030075188,0.5097389142146705
0.924812030075188,0.5101617586063873
0.924812030075188,0.5103734439834025
0.924812030075188,0.5105853051058531
0.924812030075188,0.5112219451371571
0.924812030075188,0.5114345114345115
0.924812030075188,0.5116472545757071
0.924812030075188,0.5118601747815231
0.924812030075188,0.5120732722731057
0.9240601503759398,0.5118700541441066
0.9240601503759398,0.5120833333333333
0.9240601503759398,0.5122967903293039
0.9240601503759398,0.512510425354462
0.9240601503759398,0.5127242386316229
0.9240601503759398,0.5129382303839732
0.9240601503759398,0.5135812787296281
0.9233082706766917,0.5133779264214047
0.9233082706766917,0.5135926390631534
0.9233082706766917,0.5138075313807532
0.9233082706766917,0.5140226035998325
0.9233082706766917,0.5142378559463987
0.9233082706766917,0.514453288646837
0.9233082706766917,0.5146689019279128
0.9233082706766917,0.5148846960167714
0.9233082706766917,0.5151006711409396
0.9233082706766917,0.5155331654072208
0.9233082706766917,0.5157496850062999
0.9233082706766917,0.5159663865546219
0.9233082706766917,0.5166175851914178
0.9233082706766917,0.5168350168350169
0.9233082706766917,0.5170526315789473
0.9233082706766917,0.5172704296545914
0.9233082706766917,0.517488411293721
0.9233082706766917,0.5177065767284992
0.9233082706766917,0.5179249261914803
0.9233082706766917,0.5181434599156118
0.9233082706766917,0.518581081081081
0.9225563909774436,0.5183776932826363
0.9225563909774436,0.518596787827557
0.9225563909774436,0.5188160676532769
0.9225563909774436,0.5190355329949239
0.9225563909774436,0.5192551840880237
0.9225563909774436,0.5194750211685013
0.9225563909774436,0.5199152542372881
0.9225563909774436,0.5205770046669496
0.9225563909774436,0.5207979626485568
0.9225563909774436,0.5210191082802548
0.9225563909774436,0.5214619634509138
0.9218045112781955,0.5221465076660988
0.9218045112781955,0.5223689816787388
0.9218045112781955,0.5225916453537937
0.9218045112781955,0.522814498933902
0.9218045112781955,0.5232607767819035
0.9218045112781955,0.5234842015371477
0.9218045112781955,0.5237078171721486
0.9218045112781955,0.523931623931624
0.9218045112781955,0.5241556220607098
0.9218045112781955,0.5243798118049615
0.9218045112781955,0.5246041934103551
0.9218045112781955,0.5248287671232876
0.9218045112781955,0.5252784918594687
0.9218045112781955,0.5255036433776253
0.9218045112781955,0.5257289879931389
0.9210526315789473,0.5262027491408935
0.9210526315789473,0.5264288783841856
0.9203007518796993,0.5262252794496991
0.9203007518796993,0.5264516129032258
0.9203007518796993,0.5266781411359724
0.9203007518796993,0.5269048643994835
0.9203007518796993,0.5271317829457365
0.9203007518796993,0.5278137128072445
0.9203007518796993,0.5280414150129422
0.9203007518796993,0.5282693137678032
0.9203007518796993,0.5300996102208748
0.9203007518796993,0.5303292894280762
0.9195488721804511,0.53012570437798
0.9195488721804511,0.5303555941023417
0.9195488721804511,0.53058568329718
0.9195488721804511,0.5308159722222222
0.9195488721804511,0.5310464611376465
0.9195488721804511,0.5312771503040834
0.9187969924812031,0.5310734463276836
0.9187969924812031,0.5313043478260869
0.9187969924812031,0.5315354501957372
0.9187969924812031,0.5322299651567944
0.9187969924812031,0.5324618736383442
0.9187969924812031,0.5326939843068875
0.9180451127819549,0.5324901875272569
0.9180451127819549,0.5327225130890052
0.9180451127819549,0.5329550414666084
0.9180451127819549,0.5331877729257642
0.9180451127819549,0.5334207077326344
0.9180451127819549,0.5336538461538461
0.9180451127819549,0.5338871884564932
0.9180451127819549,0.5341207349081365
0.9180451127819549,0.5343544857768052
0.9180451127819549,0.5345884413309983
0.9172932330827067,0.5343845816907578
0.9172932330827067,0.5346187554776511
0.9165413533834587,0.5351185250219491
0.9165413533834587,0.5353535353535354
0.9165413533834587,0.5355887521968365
0.9165413533834587,0.5358241758241759
0.9165413533834587,0.5362956445226573
0.9165413533834587,0.5365316901408451
0.9165413533834587,0.5367679436371643
0.9165413533834587,0.5370044052863436
0.9165413533834587,0.5372410753635963
0.9165413533834587,0.5374779541446209
0.9165413533834587,0.5377150419056022
0.9165413533834587,0.5379523389232127
0.9165413533834587,0.5381898454746137
0.9165413533834587,0.5384275618374559
0.9165413533834587,0.5386654882898807
0.9165413533834587,0.539141972578505
0.9165413533834587,0.5393805309734513
0.9165413533834587,0.5396193005754759
0.9165413533834587,0.5398582816651905
0.9165413533834587,0.5405764966740576
0.9165413533834587,0.5408163265306123
0.9157894736842105,0.5408525754884547
0.9157894736842105,0.5415740329035127
0.9157894736842105,0.541814946619217
0.9157894736842105,0.5420560747663551
0.9157894736842105,0.5422974176313446
0.9157894736842105,0.5425389755011136
0.9157894736842105,0.5427807486631016
0.9157894736842105,0.5430227374052609
0.9157894736842105,0.5435073627844712
0.9157894736842105,0.54375
0.9157894736842105,0.5439928539526574
0.9157894736842105,0.5444792132320071
0.9150375939849624,0.5442754919499105
0.9150375939849624,0.5445190156599553
0.9150375939849624,0.544762757385855
0.9150375939849624,0.5450067174205105
0.9150375939849624,0.5452508960573477
0.9150375939849624,0.5454952935903182
0.9150375939849624,0.5457399103139013
0.9150375939849624,0.5459847465231046
0.9150375939849624,0.5464750785810507
0.9150375939849624,0.5467205750224619
0.9150375939849624,0.5474583895636527
0.9150375939849624,0.5477047704770477
0.9150375939849624,0.5479513732552904
0.9150375939849624,0.5481981981981981
0.9150375939849624,0.5484452456061288
0.9150375939849624,0.548692515779982
0.9150375939849624,0.5489400090211998
0.9150375939849624,0.549187725631769
0.9150375939849624,0.5494356659142212
0.9150375939849624,0.549683830171635
0.9150375939849624,0.5499322187076366
0.9150375939849624,0.5501808318264014
0.9142857142857143,0.5499773857982814
0.9142857142857143,0.5502262443438914
0.9142857142857143,0.5509741730856366
0.9142857142857143,0.5512239347234814
0.9142857142857143,0.5514739229024943
0.9142857142857143,0.5517241379310345
0.9142857142857143,0.5519745801180209
0.9142857142857143,0.5522252497729337
0.9142857142857143,0.5524761472058155
0.9135338345864662,0.5525238744884038
0.9135338345864662,0.5527752502274795
0.9135338345864662,0.5530268548020028
0.9135338345864662,0.5532786885245902
0.9135338345864662,0.5535307517084282
0.9135338345864662,0.5537830446672743
0.9135338345864662,0.5540355677154583
0.9135338345864662,0.5542883211678832
0.9135338345864662,0.5545413053400274
0.9135338345864662,0.5547945205479452
0.9135338345864662,0.5550479671082686
0.9135338345864662,0.5553016453382084
0.912781954887218,0.5550983081847279
0.912781954887218,0.555352241537054
0.912781954887218,0.5556064073226544
0.912781954887218,0.5561154374713697
0.91203007518797,0.5559120073327223
0.91203007518797,0.5564220183486238
0.91203007518797,0.5566773749426343
0.91203007518797,0.5569329660238751
0.91203007518797,0.5574448529411765
0.91203007518797,0.5577011494252874
0.91203007518797,0.5579576816927323
0.9112781954887218,0.5577542567878508
0.9112781954887218,0.5587828492392808
0.9112781954887218,0.559040590405904
0.9105263157894737,0.5588371019843101
0.9105263157894737,0.5590951061865189
0.9105263157894737,0.5601295097132285
0.9105263157894737,0.5609078276980083
0.9097744360902256,0.5607043558850788
0.9097744360902256,0.5612244897959183
0.9097744360902256,0.5614849187935035
0.9097744360902256,0.5617455896007428
0.9097744360902256,0.5622676579925651
0.9097744360902256,0.5625290562529056
0.9097744360902256,0.5627906976744186
0.9097744360902256,0.5633147113594041
0.9097744360902256,0.5635770843036796
0.9097744360902256,0.5638397017707363
0.9097744360902256,0.5641025641025641
0.9097744360902256,0.5643656716417911
0.9097744360902256,0.5648926237161531
0.9097744360902256,0.5651564689397478
0.9097744360902256,0.5659494855004678
0.9097744360902256,0.5662143191389799
0.9097744360902256,0.5664794007490637
0.9097744360902256,0.5667447306791569
0.9097744360902256,0.5670103092783505
0.9097744360902256,0.5672761368963901
0.9097744360902256,0.5675422138836773
0.9097744360902256,0.568075117370892
0.9090225563909774,0.5678722404884923
0.9090225563909774,0.5684062059238364
0.9090225563909774,0.5686735653809972
0.9090225563909774,0.5689411764705883
0.9090225563909774,0.5697455230914232
0.9090225563909774,0.5702830188679245
0.9090225563909774,0.5713610586011342
0.9090225563909774,0.5716312056737589
0.9090225563909774,0.5719016083254493
0.9090225563909774,0.5721722669190724
0.9090225563909774,0.5727143533870204
0.9090225563909774,0.5729857819905213
0.9090225563909774,0.5732574679943101
0.9090225563909774,0.5735294117647058
0.9090225563909774,0.5743467933491686
0.9090225563909774,0.5751665080875357
0.9082706766917293,0.5749643027129938
0.9082706766917293,0.5752380952380952
0.9082706766917293,0.5755121486422106
0.9075187969924812,0.5753098188751191
0.9075187969924812,0.5755841678588459
0.9075187969924812,0.5758587786259542
0.9075187969924812,0.5761336515513127
0.9075187969924812,0.5764087870105062
0.9075187969924812,0.5766841853798376
0.9067669172932331,0.5764818355640535
0.9067669172932331,0.5773097175682145
0.9067669172932331,0.5775862068965517
0.9067669172932331,0.5778629611883086
0.9067669172932331,0.5781399808245445
0.9067669172932331,0.5786948176583493
0.9060150375939849,0.5784925588094095
0.9060150375939849,0.5787704130643612
0.9060150375939849,0.5793269230769231
0.9060150375939849,0.5821256038647343
0.9052631578947369,0.5819236346060899
0.9052631578947369,0.5822050290135397
0.9052631578947369,0.5830508474576271
0.9052631578947369,0.583616093068347
0.9052631578947369,0.5838991270611057
0.9052631578947369,0.5844660194174758
0.9052631578947369,0.5850340136054422
0.9052631578947369,0.585603112840467
0.9052631578947369,0.5858880778588808
0.9045112781954887,0.5856864654333008
0.9045112781954887,0.5859717486604968
0.9045112781954887,0.5862573099415205
0.9045112781954887,0.5865431496830814
0.9045112781954887,0.5868292682926829
0.9045112781954887,0.58740234375
0.9037593984962407,0.5872007816316561
0.9037593984962407,0.5874877810361682
0.9037593984962407,0.5877750611246944
0.9030075187969925,0.587573385518591
0.9030075187969925,0.5878609887420461
0.9030075187969925,0.5881488736532811
0.9030075187969925,0.5884370406663401
0.9030075187969925,0.5890142226581657
0.9030075187969925,0.5893032384690874
0.9030075187969925,0.5895925380461463
0.9030075187969925,0.5904621435594887
0.9022556390977443,0.5902606984751598
0.9022556390977443,0.5905511811023622
0.9022556390977443,0.5908419497784343
0.9022556390977443,0.5911330049261084
0.9022556390977443,0.5914243469689502
0.9022556390977443,0.591715976331361
0.9022556390977443,0.5920078934385792
0.9022556390977443,0.5923000987166831
0.9022556390977443,0.5925925925925926
0.9022556390977443,0.5934718100890207
0.9022556390977443,0.5937654626422563
0.9022556390977443,0.594059405940594
0.9022556390977443,0.5943536404160475
0.9022556390977443,0.5946481665014867
0.9022556390977443,0.5949429846306395
0.9022556390977443,0.5952380952380952
0.9022556390977443,0.5955334987593052
0.9022556390977443,0.5958291956305859
0.9022556390977443,0.5961251862891207
0.9022556390977443,0.5964214711729622
0.9022556390977443,0.5970149253731343
0.9022556390977443,0.5973120955699353
0.9022556390977443,0.5976095617529881
0.9022556390977443,0.5979073243647235
0.9022556390977443,0.5982053838484547
0.9022556390977443,0.5988023952095808
0.9022556390977443,0.5991013479780329
0.9022556390977443,0.5994005994005994
0.9015037593984963,0.5992003998001
0.9015037593984963,0.5995
0.9015037593984963,0.599799899949975
0.9015037593984963,0.600400600901352
0.9015037593984963,0.6010025062656642
0.9007518796992481,0.600802407221665
0.8992481203007519,0.6007031642390759
0.8992481203007519,0.6010050251256281
0.8992481203007519,0.6013071895424836
0.8984962406015038,0.6011066398390342
0.8984962406015038,0.6014091595369905
0.8984962406015038,0.6017119838872105
0.8984962406015038,0.6023185483870968
0.8984962406015038,0.6026222894604135
0.8984962406015038,0.6029263370332997
0.8977443609022556,0.6027258960121151
0.8977443609022556,0.603030303030303
0.8977443609022556,0.6033350176856999
0.8977443609022556,0.6036400404448938
0.8977443609022556,0.6039453717754173
0.8977443609022556,0.604251012145749
0.8969924812030076,0.6040506329113924
0.8969924812030076,0.6046629498226052
0.8969924812030076,0.6052765093860984
0.8969924812030076,0.6055837563451777
0.8969924812030076,0.6058913153885221
0.8969924812030076,0.6065073716319268
0.8969924812030076,0.6068158697863683
0.8969924812030076,0.6071246819338423
0.8969924812030076,0.6074338085539714
0.8969924812030076,0.608053007135576
0.8969924812030076,0.6086734693877551
0.8969924812030076,0.6089841755997958
0.8969924812030076,0.6099182004089979
0.8969924812030076,0.610230179028133
0.8969924812030076,0.6108550947260625
0.8969924812030076,0.6111680327868853
0.8969924812030076,0.6117948717948718
0.8969924812030076,0.612108773730118
0.8969924812030076,0.6124229979466119
0.8969924812030076,0.6127375449409348
0.8969924812030076,0.6130524152106885
0.8969924812030076,0.6133676092544987
0.8969924812030076,0.6136831275720165
0.8962406015037594,0.613484302624807
0.8962406015037594,0.6138002059732235
0.8962406015037594,0.6141164348274085
0.8962406015037594,0.6144329896907217
0.8962406015037594,0.6147498710675606
0.8962406015037594,0.6150670794633643
0.8962406015037594,0.6153846153846154
0.8962406015037594,0.6157024793388429
0.8962406015037594,0.6160206718346253
0.8962406015037594,0.6169772256728778
0.8962406015037594,0.6172967374417401
0.8954887218045112,0.6170984455958549
0.8954887218045112,0.6174183514774495
0.8954887218045112,0.6180591593149974
0.8954887218045112,0.6187012987012988
0.8954887218045112,0.6190228690228691
0.8954887218045112,0.6193447737909517
0.8954887218045112,0.6196670135275755
0.8954887218045112,0.6199895887558563
0.8947368421052632,0.6197916666666666
0.8947368421052632,0.6204379562043796
0.8947368421052632,0.6210855949895616
0.8947368421052632,0.6214099216710183
0.893984962406015,0.6212121212121212
0.893984962406015,0.6221873364730508
0.893984962406015,0.6225130890052356
0.893984962406015,0.6228391828182295
0.893984962406015,0.6231656184486373
0.893984962406015,0.6234923964341899
0.893984962406015,0.6238195173137461
0.893984962406015,0.6241469816272965
0.893984962406015,0.6244747899159664
0.893984962406015,0.6248029427220179
0.893984962406015,0.6251314405888538
0.893984962406015,0.6254602840610205
0.893984962406015,0.6257894736842106
0.8932330827067669,0.6255924170616114
0.8932330827067669,0.6259220231822972
0.8932330827067669,0.6262519768054824
0.8924812030075188,0.6260548523206751
0.8924812030075188,0.6263852242744063
0.8924812030075188,0.6267159450897571
0.8924812030075188,0.6270470153195985
0.8924812030075188,0.6280423280423281
0.8924812030075188,0.6283748014822658
0.8924812030075188,0.628707627118644
0.8924812030075188,0.6290408055113937
0.8924812030075188,0.629374337221633
0.8924812030075188,0.629708222811671
0.8924812030075188,0.6303770578863516
0.8924812030075188,0.630712008501594
0.8924812030075188,0.6310473152578415
0.8924812030075188,0.6313829787234042
0.8909774436090225,0.6309904153354633
0.8909774436090225,0.6316631130063965
0.8909774436090225,0.632
0.8909774436090225,0.6323372465314835
0.8909774436090225,0.6326748531767218
0.8909774436090225,0.6333511491181186
0.8909774436090225,0.6336898395721925
0.8909774436090225,0.6340288924558587
0.8909774436090225,0.6343683083511777
0.8902255639097745,0.6345123258306538
0.8902255639097745,0.6348525469168901
0.8894736842105263,0.634656652360515
0.8894736842105263,0.6349973161567365
0.8894736842105263,0.6353383458646616
0.8894736842105263,0.6356797420741537
0.8894736842105263,0.636021505376344
0.8894736842105263,0.6363636363636364
0.8894736842105263,0.6367061356297093
0.8894736842105263,0.6373922413793104
0.8894736842105263,0.6377358490566037
0.8887218045112782,0.6375404530744336
0.8887218045112782,0.6378845116028062
0.8887218045112782,0.6382289416846653
0.8887218045112782,0.6385737439222042
0.8887218045112782,0.6389189189189189
0.8887218045112782,0.6392644672796106
0.8887218045112782,0.6396103896103896
0.8887218045112782,0.639956686518679
0.8887218045112782,0.6403033586132177
0.8887218045112782,0.640650406504065
0.8887218045112782,0.6409978308026031
0.8887218045112782,0.6413456321215409
0.8887218045112782,0.6416938110749185
0.8887218045112782,0.6420423682781097
0.8887218045112782,0.6423913043478261
0.8887218045112782,0.6427406199021207
0.8887218045112782,0.6430903155603918
0.8887218045112782,0.643440391943386
0.8887218045112782,0.6437908496732027
0.8879699248120301,0.6435967302452316
0.8879699248120301,0.6439476553980371
0.8879699248120301,0.6442989634478996
0.8879699248120301,0.644650655021834
0.8879699248120301,0.645002730748225
0.8879699248120301,0.6453551912568306
0.8872180451127819,0.6451612903225806
0.8872180451127819,0.6455142231947484
0.8872180451127819,0.6458675424192666
0.8872180451127819,0.6462212486308871
0.8864661654135338,0.646027397260274
0.8864661654135338,0.6463815789473685
0.8864661654135338,0.6470911086717892
0.8864661654135338,0.6474464579901154
0.8864661654135338,0.6478021978021978
0.8864661654135338,0.6481583287520616
0.8864661654135338,0.6485148514851485
0.8864661654135338,0.6488717666483214
0.8864661654135338,0.6492290748898678
0.8864661654135338,0.6495867768595042
0.8864661654135338,0.6499448732083792
0.8864661654135338,0.6503033645890789
0.8864661654135338,0.6506622516556292
0.8864661654135338,0.6510215350635008
0.8864661654135338,0.6513812154696133
0.8864661654135338,0.6517412935323383
0.8864661654135338,0.6521017699115044
0.8864661654135338,0.6524626452684007
0.8864661654135338,0.6528239202657807
0.8857142857142857,0.6526315789473685
0.8857142857142857,0.6529933481152993
0.8849624060150376,0.6528008874098724
0.8849624060150376,0.6531631520532741
0.8842105263157894,0.6529705719044975
0.8842105263157894,0.6533333333333333
0.8842105263157894,0.6540600667408232
0.8842105263157894,0.654424040066778
0.8842105263157894,0.6547884187082406
0.8834586466165414,0.6545961002785515
0.8834586466165414,0.6549609810479375
0.8834586466165414,0.6553262688232013
0.8827067669172932,0.6551339285714286
0.8819548872180452,0.6549413735343383
0.881203007518797,0.6547486033519553
0.881203007518797,0.655114589155953
0.8804511278195488,0.6549217002237137
0.8804511278195488,0.655288192501399
0.8804511278195488,0.6556550951847704
0.8804511278195488,0.6560224089635854
0.8804511278195488,0.656390134529148
0.8804511278195488,0.6571268237934904
0.8804511278195488,0.6574957888826501
0.8804511278195488,0.6578651685393259
0.8804511278195488,0.6582349634626194
0.8804511278195488,0.6586051743532059
0.8804511278195488,0.658975801913337
0.8804511278195488,0.6593468468468469
0.8804511278195488,0.6597183098591549
0.8804511278195488,0.6600901916572717
0.8804511278195488,0.6608352144469526
0.8804511278195488,0.6612083568605308
0.8804511278195488,0.6615819209039548
0.8804511278195488,0.6619559072922555
0.8804511278195488,0.6623303167420814
0.8796992481203008,0.6621392190152802
0.8796992481203008,0.6625141562853907
0.8796992481203008,0.6628895184135978
0.8796992481203008,0.6632653061224489
0.8789473684210526,0.6630743051616562
0.8789473684210526,0.6634506242905789
0.8789473684210526,0.6642045454545454
0.8789473684210526,0.6645821489482661
0.8789473684210526,0.6649601820250285
0.8789473684210526,0.6653386454183267
0.8789473684210526,0.6657175398633257
0.8789473684210526,0.6660968660968661
0.8781954887218045,0.6662863662293211
0.8781954887218045,0.6666666666666666
0.8781954887218045,0.6670474014848657
0.8781954887218045,0.6674285714285715
0.8781954887218045,0.6678101772441395
0.8781954887218045,0.6681922196796338
0.8781954887218045,0.6685746994848312
0.8781954887218045,0.6689576174112256
0.8781954887218045,0.6693409742120344
0.8774436090225564,0.669151376146789
0.8774436090225564,0.6695352839931153
0.8774436090225564,0.6699196326061998
0.8766917293233083,0.6697300402067777
0.8766917293233083,0.6701149425287356
0.8766917293233083,0.6705002875215641
0.8766917293233083,0.6708860759493671
0.8766917293233083,0.671272308578008
0.8766917293233083,0.6716589861751152
0.8766917293233083,0.6720461095100865
0.8766917293233083,0.6724336793540946
0.8766917293233083,0.6728216964800924
0.8766917293233083,0.6732101616628176
0.8766917293233083,0.6735990756787984
0.8766917293233083,0.6739884393063584
0.8766917293233083,0.6743782533256217
0.8766917293233083,0.6747685185185185
0.8766917293233083,0.6751592356687898
0.8759398496240601,0.6749710312862109
0.8759398496240601,0.6753623188405797
0.8759398496240601,0.675754060324826
0.8759398496240601,0.6761462565293094
0.8759398496240601,0.6765389082462253
0.8759398496240601,0.6769320162696106
0.8751879699248121,0.6767441860465117
0.8751879699248121,0.6775320139697323
0.8744360902255639,0.6773442050087362
0.8744360902255639,0.6777389277389277
0.8736842105263158,0.6775510204081633
0.8729323308270677,0.677362893815636
0.8721804511278195,0.677570093457944
0.8721804511278195,0.6779661016949152
0.8721804511278195,0.6783625730994152
0.8721804511278195,0.6787595084844938
0.8721804511278195,0.6791569086651054
0.8721804511278195,0.6795547744581136
0.8721804511278195,0.6799531066822978
0.8721804511278195,0.6803519061583577
0.8714285714285714,0.6801643192488263
0.8714285714285714,0.6805637110980622
0.8714285714285714,0.6809635722679201
0.8714285714285714,0.6813639035861259
0.8714285714285714,0.6817647058823529
0.8706766917293233,0.6819787985865724
0.8699248120300752,0.6821933962264151
0.869172932330827,0.6820058997050148
0.869172932330827,0.6824085005903188
0.868421052631579,0.6822209096278795
0.868421052631579,0.6826241134751773
0.868421052631579,0.6830277942046127
0.868421052631579,0.6834319526627219
0.8676691729323308,0.6844602609727165
0.8676691729323308,0.68486646884273
0.8676691729323308,0.6852731591448931
0.8676691729323308,0.6856803327391563
0.8676691729323308,0.6860879904875149
0.8676691729323308,0.6864961332540155
0.8676691729323308,0.6869047619047619
0.8676691729323308,0.6873138773079214
0.8676691729323308,0.6877234803337307
0.8676691729323308,0.6881335718545021
0.8676691729323308,0.6885441527446301
0.8676691729323308,0.688955223880597
0.8676691729323308,0.6893667861409797
0.8676691729323308,0.6897788404064554
0.8676691729323308,0.6901913875598086
0.8669172932330828,0.6900059844404548
0.8669172932330828,0.6904191616766467
0.8669172932330828,0.6908328340323547
0.8669172932330828,0.6912470023980816
0.8669172932330828,0.6916616676664668
0.8669172932330828,0.6920768307322929
0.8669172932330828,0.6924924924924925
0.8669172932330828,0.6933253156945279
0.8661654135338346,0.6931407942238267
0.8654135338345864,0.6929560505719446
0.8654135338345864,0.6937914406268837
0.8654135338345864,0.6942098914354644
0.8654135338345864,0.6950483091787439
0.8654135338345864,0.6954682779456194
0.8654135338345864,0.6958887545344619
0.8646616541353384,0.6957047791893527
0.8639097744360902,0.6955205811138014
0.8639097744360902,0.6959418534221684
0.8631578947368421,0.6957575757575758
0.862406015037594,0.695573074590661
0.862406015037594,0.695995145631068
0.862406015037594,0.6964177292046144
0.862406015037594,0.6968408262454435
0.862406015037594,0.6972644376899696
0.8616541353383459,0.6970802919708029
0.8616541353383459,0.6975045648204504
0.8609022556390977,0.6973203410475031
0.8609022556390977,0.6977452772699574
0.8609022556390977,0.698170731707317
0.8601503759398497,0.697986577181208
0.8601503759398497,0.6984126984126984
0.8601503759398497,0.6992665036674817
0.8601503759398497,0.7001223990208079
0.8601503759398497,0.7005511328842621
0.8593984962406015,0.7003676470588235
0.8593984962406015,0.700797057020233
0.8593984962406015,0.7012269938650306
0.8593984962406015,0.7016574585635359
0.8586466165413534,0.7019053472649047
0.8578947368421053,0.7017220172201722
0.8571428571428571,0.7015384615384616
0.8571428571428571,0.7019704433497537
0.8571428571428571,0.7024029574861368
0.8571428571428571,0.7028360049321825
0.8571428571428571,0.703269586674892
0.8571428571428571,0.7037037037037037
0.8571428571428571,0.7041383570105003
0.8571428571428571,0.7045735475896168
0.8571428571428571,0.7054455445544554
0.8571428571428571,0.7058823529411765
0.8571428571428571,0.7067575945443273
0.856390977443609,0.706575682382134
0.856390977443609,0.7070142768466791
0.856390977443609,0.7074534161490683
0.856390977443609,0.7078931013051585
0.8556390977443609,0.7077114427860697
0.8556390977443609,0.7085927770859277
0.8556390977443609,0.7090342679127726
0.8548872180451128,0.7088528678304239
0.8548872180451128,0.7092950717404866
0.8548872180451128,0.7097378277153558
0.8548872180451128,0.7101811367895066
0.8548872180451128,0.710625
0.8548872180451128,0.7110694183864915
0.8548872180451128,0.7115143929912391
0.8548872180451128,0.7119599248591109
0.8548872180451128,0.7124060150375939
0.8541353383458646,0.7122257053291536
0.8541353383458646,0.71267252195734
0.8541353383458646,0.7131198995605775
0.8533834586466166,0.7129396984924623
0.8533834586466166,0.7133878064110623
0.8533834586466166,0.7138364779874213
0.8526315789473684,0.7136563876651982
0.8518796992481203,0.7134760705289672
0.8511278195488722,0.7132955261499685
0.8511278195488722,0.7137452711223203
0.8511278195488722,0.7141955835962145
0.8511278195488722,0.7146464646464646
0.850375939849624,0.7144662034112444
0.850375939849624,0.7149178255372945
0.850375939849624,0.715370018975332
0.849624060150376,0.7151898734177216
0.8488721804511278,0.7150094996833439
0.8488721804511278,0.7154626108998733
0.8488721804511278,0.7163705583756346
0.8488721804511278,0.7168253968253968
0.8488721804511278,0.7172808132147395
0.8488721804511278,0.7177368086458995
0.8488721804511278,0.7181933842239185
0.8488721804511278,0.7186505410566518
0.8481203007518797,0.7184713375796178
0.8481203007518797,0.7189292543021033
0.8481203007518797,0.7193877551020408
0.8473684210526315,0.7192086790044672
0.8473684210526315,0.7196679438058748
0.8466165413533835,0.7194888178913738
0.8466165413533835,0.7199488491048593
0.8458646616541353,0.7197696737044146
0.8451127819548873,0.7195902688860435
0.8443609022556391,0.7194106342088404
0.8443609022556391,0.7198717948717949
0.843609022556391,0.7196921103271328
0.843609022556391,0.7201540436456996
0.8428571428571429,0.7199743095696853
0.8428571428571429,0.7209003215434083
0.8428571428571429,0.7213642213642214
0.8428571428571429,0.7218287186091435
0.8428571428571429,0.7222938144329897
0.8428571428571429,0.7232258064516129
0.8428571428571429,0.723692704970949
0.8428571428571429,0.7241602067183462
0.8428571428571429,0.724628312863607
0.8428571428571429,0.7250970245795602
0.8428571428571429,0.7255663430420712
0.8428571428571429,0.7260362694300518
0.8428571428571429,0.7265068049254698
0.8428571428571429,0.7269779507133592
0.8428571428571429,0.72744970798183
0.8421052631578947,0.7272727272727273
0.8421052631578947,0.7277452891487979
0.8421052631578947,0.7282184655396619
0.8421052631578947,0.7286922576447625
0.8413533834586466,0.728515625
0.8413533834586466,0.7289902280130293
0.8406015037593985,0.7288135593220338
0.8406015037593985,0.7292889758643183
0.8406015037593985,0.7297650130548303
0.8398496240601504,0.7295885042455911
0.8398496240601504,0.7300653594771241
0.8390977443609022,0.7298888162197514
0.8390977443609022,0.7303664921465969
0.8383458646616542,0.7301899148657498
0.837593984962406,0.7300131061598951
0.8368421052631579,0.7298360655737705
0.8368421052631579,0.7303149606299213
0.8360902255639098,0.7306176084099869
0.8360902255639098,0.7315789473684211
0.8353383458646616,0.7314022383146808
0.8345864661654135,0.7312252964426877
0.8345864661654135,0.7317073170731707
0.8345864661654135,0.7321899736147758
0.8338345864661654,0.732013201320132
0.8330827067669173,0.7318361955085865
0.8330827067669173,0.7323198942498348
0.8323308270676691,0.7321428571428571
0.8323308270676691,0.7326273990734613
0.8315789473684211,0.7324503311258278
0.8315789473684211,0.7329357190192181
0.8315789473684211,0.73342175066313
0.8308270676691729,0.7337317397078353
0.8300751879699249,0.7335548172757476
0.8293233082706767,0.7333776595744681
0.8293233082706767,0.7338656021290751
0.8293233082706767,0.7343541944074568
0.8285714285714286,0.7341772151898734
0.8278195488721805,0.734
0.8270676691729323,0.733822548365577
0.8270676691729323,0.7343124165554072
0.8270676691729323,0.7348029392117569
0.8270676691729323,0.7352941176470589
0.8270676691729323,0.7357859531772575
0.8270676691729323,0.7362784471218207
0.8270676691729323,0.7367716008037508
0.8270676691729323,0.7372654155495979
0.8270676691729323,0.7377598926894702
0.8270676691729323,0.738255033557047
0.8270676691729323,0.7387508394895903
0.8270676691729323,0.739247311827957
0.8263157894736842,0.7390719569603228
0.8263157894736842,0.7395693135935397
0.825563909774436,0.7393939393939394
0.825563909774436,0.7398921832884097
0.824812030075188,0.7397167902899529
0.8240601503759398,0.7395411605937922
0.8240601503759398,0.7400405131667792
0.8240601503759398,0.7405405405405405
0.8240601503759398,0.7410412440838404
0.8240601503759398,0.7415426251691475
0.8233082706766918,0.7413676371022343
0.8233082706766918,0.741869918699187
0.8233082706766918,0.7423728813559322
0.8233082706766918,0.742876526458616
0.8225563909774436,0.7427019687712152
0.8225563909774436,0.7432065217391305
0.8218045112781955,0.743031951053705
0.8218045112781955,0.7435374149659864
0.8218045112781955,0.7440435670524166
0.8218045112781955,0.7445504087193461
0.8210526315789474,0.7443762781186094
0.8210526315789474,0.7448840381991815
0.8203007518796992,0.7447098976109215
0.8203007518796992,0.7452185792349727
0.8195488721804511,0.7450444292549556
0.818796992481203,0.7448700410396717
0.8180451127819549,0.7446954140999316
0.8172932330827067,0.7445205479452055
0.8172932330827067,0.7450308430431802
0.8165413533834587,0.7448559670781894
0.8157894736842105,0.7446808510638298
0.8157894736842105,0.7451923076923077
0.8150375939849624,0.7455295735900963
0.8150375939849624,0.7460426703372333
0.8150375939849624,0.7465564738292011
0.8142857142857143,0.746381805651275
0.8135338345864662,0.7462068965517241
0.8135338345864662,0.7467218771566597
0.812781954887218,0.7465469613259669
0.812781954887218,0.7470628887353145
0.812781954887218,0.7475795297372061
0.8120300751879699,0.7474048442906575
0.8120300751879699,0.7479224376731302
0.8112781954887218,0.7477477477477478
0.8112781954887218,0.7482662968099861
0.8112781954887218,0.7487855655794587
0.8105263157894737,0.7486111111111111
0.8097744360902256,0.7484364141765114
0.8097744360902256,0.7489568845618915
0.8090225563909774,0.7487821851078637
0.8090225563909774,0.7493036211699164
0.8082706766917294,0.7491289198606271
0.8082706766917294,0.7496513249651325
0.8075187969924812,0.749476622470342
0.8075187969924812,0.75
0.8075187969924812,0.750524109014675
0.8075187969924812,0.7510489510489511
0.8075187969924812,0.7515745276417075
0.8067669172932331,0.7514005602240896
0.8067669172932331,0.751927119831815
0.806015037593985,0.7517531556802244
0.806015037593985,0.752280701754386
0.8052631578947368,0.7521067415730337
0.8045112781954887,0.7519325368938862
0.8045112781954887,0.7524613220815752
0.8045112781954887,0.752990851513019
0.8045112781954887,0.7535211267605634
0.8037593984962406,0.7533474277660324
0.8037593984962406,0.7538787023977433
0.8037593984962406,0.7544107268877911
0.8022556390977443,0.7540636042402827
0.8015037593984963,0.7544232130219392
0.8015037593984963,0.7549575070821529
0.8015037593984963,0.7554925584691708
0.8015037593984963,0.7560283687943262
0.8015037593984963,0.7565649396735273
0.8007518796992481,0.7563920454545454
0.8,0.7562189054726368
0.7992481203007519,0.7560455192034139
0.7984962406015037,0.7558718861209964
0.7977443609022556,0.7556980056980057
0.7977443609022556,0.7562366357804704
0.7969924812030075,0.7560627674750356
0.7969924812030075,0.7566024268379729
0.7969924812030075,0.7571428571428571
0.7962406015037594,0.7569692637598284
0.7954887218045112,0.7567954220314735
0.7954887218045112,0.7573371510379384
0.7954887218045112,0.7578796561604585
0.7954887218045112,0.7584229390681003
0.7947368421052632,0.7582496413199427
0.7947368421052632,0.7587939698492462
0.793984962406015,0.7586206896551724
0.793984962406015,0.7591660675772826
0.793233082706767,0.7589928057553957
0.793233082706767,0.7595392368610511
0.7924812030075188,0.7593659942363112
0.7924812030075188,0.7599134823359769
0.7924812030075188,0.7604617604617605
0.7917293233082707,0.7608381502890174
0.7909774436090226,0.7606652205350687
0.7902255639097744,0.7604920405209841
0.7902255639097744,0.7610427226647357
0.7894736842105263,0.7608695652173914
0.7894736842105263,0.7614213197969543
0.7894736842105263,0.7619738751814223
0.7894736842105263,0.7625272331154684
0.7887218045112782,0.7623546511627907
0.7879699248120301,0.7621818181818182
0.7872180451127819,0.7620087336244541
0.7872180451127819,0.7625637290604516
0.7872180451127819,0.7631195335276968
0.7864661654135339,0.7629467541940189
0.7864661654135339,0.7635036496350365
0.7864661654135339,0.7640613586559533
0.7864661654135339,0.7646198830409356
0.7864661654135339,0.7651792245793709
0.7857142857142857,0.7650073206442167
0.7857142857142857,0.7655677655677655
0.7857142857142857,0.7661290322580645
0.7857142857142857,0.7666911225238444
0.7857142857142857,0.7672540381791483
0.7857142857142857,0.7678177810433505
0.7857142857142857,0.7683823529411765
0.7849624060150376,0.7687776141384389
0.7849624060150376,0.7693441414885778
0.7849624060150376,0.7699115044247787
0.7849624060150376,0.770479704797048
0.7849624060150376,0.7710487444608567
0.7842105263157895,0.770879526977088
0.7834586466165413,0.7707100591715976
0.7827067669172932,0.770540340488527
0.7819548872180451,0.7703703703703704
0.7819548872180451,0.770941438102298
0.7819548872180451,0.771513353115727
0.781203007518797,0.771343726800297
0.781203007518797,0.7719167904903418
0.7804511278195488,0.7717472118959108
0.7796992481203008,0.7715773809523809
0.7796992481203008,0.7721518987341772
0.7796992481203008,0.7727272727272727
0.7796992481203008,0.773303504847129
0.7796992481203008,0.7744585511575803
0.7796992481203008,0.7750373692077728
0.7796992481203008,0.7756170531039641
0.7796992481203008,0.7761976047904192
0.7796992481203008,0.7767790262172285
0.7796992481203008,0.7773613193403298
0.7789473684210526,0.7777777777777778
0.7781954887218046,0.777610818933133
0.7781954887218046,0.7781954887218046
0.7781954887218046,0.7787810383747178
0.7774436090225564,0.7786144578313253
0.7766917293233083,0.7784476262245666
0.7766917293233083,0.7790346907993967
0.7766917293233083,0.779622641509434
0.7759398496240602,0.7794561933534743
0.7759398496240602,0.780045351473923
0.7759398496240602,0.7806354009077155
0.775187969924812,0.7804693414080243
0.7744360902255639,0.7803030303030303
0.7744360902255639,0.7808946171341926
0.7744360902255639,0.7814871016691958
0.7736842105263158,0.7813211845102506
0.7736842105263158,0.782509505703422
0.7736842105263158,0.7831050228310502
0.7729323308270677,0.7829398324447829
0.7729323308270677,0.7835365853658537
0.7729323308270677,0.7841342486651411
0.7729323308270677,0.7853323147440795
0.7729323308270677,0.7859327217125383
0.7721804511278195,0.7857689364957919
0.7721804511278195,0.7863705972434916
0.7721804511278195,0.7869731800766283
0.7721804511278195,0.7875766871165644
0.7721804511278195,0.7881811204911742
0.7714285714285715,0.7880184331797235
0.7714285714285715,0.7886241352805534
0.7714285714285715,0.7892307692307692
0.7706766917293233,0.7890685142417244
0.7706766917293233,0.7896764252696457
0.7699248120300752,0.7901234567901234
0.7699248120300752,0.7907335907335907
0.7691729323308271,0.7905718701700154
0.7691729323308271,0.7911832946635731
0.7691729323308271,0.791795665634675
0.7691729323308271,0.7924089852827265
0.7691729323308271,0.7930232558139535
0.7684210526315789,0.7928626842513576
0.7684210526315789,0.7934782608695652
0.7684210526315789,0.7940947940947941
0.7684210526315789,0.7947122861586314
0.7676691729323308,0.7945525291828793
0.7669172932330827,0.794392523364486
0.7669172932330827,0.7950116913484022
0.7669172932330827,0.7956318252730109
0.7669172932330827,0.7962529274004684
0.7661654135338346,0.79609375
0.7661654135338346,0.7967161845191556
0.7646616541353384,0.7963978073610023
0.7639097744360902,0.7962382445141066
0.7639097744360902,0.7968627450980392
0.7639097744360902,0.7974882260596546
0.7639097744360902,0.798114689709348
0.7631578947368421,0.7979559748427673
0.762406015037594,0.7977970102281668
0.762406015037594,0.7984251968503937
0.762406015037594,0.7990543735224587
0.762406015037594,0.7996845425867508
0.762406015037594,0.8003157063930545
0.7616541353383459,0.8001579778830964
0.7616541353383459,0.8007905138339921
0.7616541353383459,0.8014240506329114
0.7609022556390977,0.8012668250197942
0.7601503759398496,0.8011093502377179
0.7593984962406015,0.8009516256938938
0.7593984962406015,0.8015873015873016
0.7586466165413533,0.8014297061159651
0.7578947368421053,0.8012718600953895
0.7578947368421053,0.801909307875895
0.7578947368421053,0.802547770700637
0.7571428571428571,0.802390438247012
0.7563909774436091,0.8022328548644339
0.7556390977443609,0.8020750199521149
0.7556390977443609,0.8027156549520766
0.7548872180451128,0.8025579536370904
0.7541353383458647,0.8024
0.7541353383458647,0.8030424339471577
0.7533834586466165,0.8028846153846154
0.7526315789473684,0.8027265437048917
0.7526315789473684,0.8033707865168539
0.7526315789473684,0.8040160642570281
0.7526315789473684,0.8046623794212219
0.7526315789473684,0.8053097345132744
0.7518796992481203,0.8051529790660226
0.7511278195488722,0.8049959709911362
0.750375939849624,0.8048387096774193
0.749624060150376,0.804681194511703
0.7488721804511278,0.8045234248788369
0.7481203007518797,0.8043654001616815
0.7481203007518797,0.8050161812297735
0.7473684210526316,0.8048582995951417
0.7466165413533835,0.8047001620745543
0.7466165413533835,0.805352798053528
0.7458646616541353,0.8051948051948052
0.7458646616541353,0.8058489033306255
0.7458646616541353,0.8065040650406504
0.7451127819548872,0.806346623270952
0.7443609022556391,0.8061889250814332
0.7443609022556391,0.8068459657701712
0.7436090225563909,0.8066884176182708
0.7428571428571429,0.806530612244898
0.7421052631578947,0.8063725490196079
0.7413533834586467,0.8062142273098937
0.7413533834586467,0.806873977086743
0.7406015037593985,0.8067158067158067
0.7398496240601504,0.8065573770491803
0.7398496240601504,0.8072190319934373
0.7398496240601504,0.8078817733990148
0.7390977443609023,0.8077239112571898
0.7383458646616541,0.8075657894736842
0.737593984962406,0.8074074074074075
0.7368421052631579,0.8072487644151565
0.7368421052631579,0.807914262159934
0.7368421052631579,0.8085808580858086
0.7353383458646616,0.8082644628099174
0.7345864661654136,0.8081058726220016
0.7345864661654136,0.8087748344370861
0.7338345864661654,0.8086164043082021
0.7330827067669173,0.8084577114427861
0.7323308270676692,0.808298755186722
0.7315789473684211,0.8081395348837209
0.7308270676691729,0.8079800498753117
0.7308270676691729,0.8086522462562395
0.7308270676691729,0.8093255620316403
0.7300751879699248,0.8091666666666667
0.7293233082706767,0.8090075062552127
0.7285714285714285,0.8088480801335559
0.7285714285714285,0.8095238095238095
0.7278195488721805,0.8093645484949833
0.7270676691729323,0.8092050209205021
0.7263157894736842,0.8090452261306532
0.7263157894736842,0.8097233864207879
0.7255639097744361,0.8095637583892618
0.7255639097744361,0.8102434928631402
0.724812030075188,0.8100840336134454
0.7240601503759398,0.8099243061396131
0.7233082706766917,0.8097643097643098
0.7225563909774436,0.8096040438079192
0.7218045112781954,0.8094435075885329
0.7218045112781954,0.810126582278481
0.7210526315789474,0.8099662162162162
0.7210526315789474,0.8106508875739645
0.7210526315789474,0.811336717428088
0.7203007518796992,0.8111769686706182
0.7195488721804512,0.8110169491525424
0.718796992481203,0.8108566581849025
0.7180451127819549,0.8106960950764007
0.7180451127819549,0.8113848768054376
0.7180451127819549,0.8120748299319728
0.7172932330827068,0.8119148936170213
0.7165413533834587,0.8117546848381602
0.7157894736842105,0.8115942028985508
0.7150375939849624,0.8114334470989761
0.7142857142857143,0.8112724167378309
0.7135338345864661,0.8111111111111111
0.7127819548872181,0.8109495295124037
0.7127819548872181,0.8116438356164384
0.7127819548872181,0.8123393316195373
0.7120300751879699,0.8121783876500858
0.7112781954887218,0.8120171673819743
0.7112781954887218,0.8134135855546002
0.7105263157894737,0.8132530120481928
0.7097744360902256,0.8130921619293713
0.7097744360902256,0.8137931034482758
0.7097744360902256,0.814495254529767
0.7090225563909774,0.8143350604490501
0.7082706766917293,0.8141745894554884
0.7075187969924812,0.8140138408304498
0.706766917293233,0.8138528138528138
0.706015037593985,0.8136915077989602
0.7052631578947368,0.813529921942758
0.7045112781954888,0.8133680555555556
0.7045112781954888,0.8140747176368376
0.7037593984962406,0.8139130434782609
0.7037593984962406,0.814621409921671
0.7037593984962406,0.8153310104529616
0.7030075187969925,0.8151700087183958
0.7022556390977444,0.8150087260034904
0.7022556390977444,0.8157205240174672
0.7015037593984963,0.8155594405594405
0.7015037593984963,0.8162729658792651
0.7007518796992481,0.8161120840630472
0.7,0.8159509202453987
0.7,0.8166666666666667
0.7,0.8173836698858647
0.7,0.8181019332161688
0.6992481203007519,0.8179419525065963
0.6984962406015037,0.8177816901408451
0.6984962406015037,0.8185022026431719
0.6984962406015037,0.8192239858906526
0.6984962406015037,0.8199470432480142
0.6977443609022557,0.8205128205128205
0.6969924812030075,0.820353982300885
0.6962406015037594,0.8201948627103631
0.6962406015037594,0.8209219858156028
0.6962406015037594,0.8216503992901508
0.6954887218045113,0.8214920071047958
0.6947368421052632,0.8213333333333334
0.6947368421052632,0.8220640569395018
0.6947368421052632,0.8227960819234195
0.6947368421052632,0.8235294117647058
0.693984962406015,0.8233719892952721
0.693984962406015,0.8241071428571428
0.6932330827067669,0.8239499553172476
0.6924812030075188,0.8237924865831843
0.6917293233082706,0.8236347358997315
0.6909774436090226,0.8234767025089605
0.6909774436090226,0.8242152466367713
0.6909774436090226,0.8249551166965888
0.6902255639097744,0.8247978436657682
0.6894736842105263,0.8246402877697842
0.6887218045112782,0.8244824482448245
0.6879699248120301,0.8243243243243243
0.687218045112782,0.824165915238954
0.687218045112782,0.8249097472924187
0.6864661654135338,0.8247515808491418
0.6857142857142857,0.8245931283905967
0.6857142857142857,0.8253393665158371
0.6849624060150376,0.8251811594202898
0.6842105263157895,0.8250226654578422
0.6834586466165413,0.8248638838475499
0.6827067669172933,0.8247048138056312
0.6827067669172933,0.8254545454545454
0.6827067669172933,0.8262056414922657
0.6819548872180451,0.8260473588342441
0.681203007518797,0.8258887876025525
0.681203007518797,0.8273972602739726
0.681203007518797,0.8281535648994516
0.6804511278195489,0.827996340347667
0.6796992481203008,0.8278388278388278
0.6789473684210526,0.8276810265811182
0.6789473684210526,0.828440366972477
0.6789473684210526,0.8292011019283747
0.6781954887218045,0.8290441176470589
0.6781954887218045,0.8298068077276909
0.6774436090225564,0.8296500920810314
0.6766917293233082,0.8294930875576036
0.6759398496240602,0.8293357933579336
0.6759398496240602,0.830101569713758
0.6759398496240602,0.8308687615526802
0.6759398496240602,0.8316373728029602
0.675187969924812,0.8314814814814815
0.674436090225564,0.8313253012048193
0.6736842105263158,0.8311688311688312
0.6721804511278195,0.8308550185873605
0.6721804511278195,0.8316279069767442
0.6714285714285714,0.8314711359404097
0.6706766917293233,0.8313140726933831
0.6699248120300751,0.8311567164179104
0.6691729323308271,0.830999066293184
0.6684210526315789,0.8308411214953271
0.6676691729323309,0.8306828811973808
0.6669172932330827,0.8305243445692884
0.6669172932330827,0.831302717900656
0.6661654135338346,0.831924882629108
0.6661654135338346,0.8327067669172933
0.6654135338345865,0.8325493885230479
0.6646616541353384,0.832391713747646
0.6639097744360902,0.8322337417530632
0.6631578947368421,0.8320754716981132
0.662406015037594,0.8319169027384324
0.662406015037594,0.832703213610586
0.662406015037594,0.8334910122989593
0.662406015037594,0.834280303030303
0.662406015037594,0.8350710900473933
0.6616541353383458,0.8349146110056926
0.6616541353383458,0.835707502374169
0.6616541353383458,0.8365019011406845
0.6609022556390978,0.8363463368220743
0.6609022556390978,0.8371428571428572
0.6601503759398496,0.8369876072449952
0.6593984962406015,0.8368320610687023
0.6586466165413534,0.836676217765043
0.6586466165413534,0.8374760994263862
0.6586466165413534,0.8382775119617225
0.6578947368421053,0.8381226053639846
0.6578947368421053,0.8389261744966443
0.6578947368421053,0.8397312859884837
0.6571428571428571,0.8395773294908742
0.656390977443609,0.8394230769230769
0.6556390977443609,0.8392685274302214
0.6548872180451127,0.8391136801541426
0.6541353383458647,0.8389585342333655
0.6533834586466165,0.8396135265700483
0.6526315789473685,0.839458413926499
0.6526315789473685,0.8402710551790901
0.6518796992481203,0.8409311348205626
0.6511278195488722,0.8407766990291262
0.6511278195488722,0.8415937803692906
0.6511278195488722,0.8424124513618677
0.650375939849624,0.8422590068159689
0.649624060150376,0.8421052631578947
0.6488721804511278,0.8419512195121951
0.6481203007518797,0.841796875
0.6473684210526316,0.841642228739003
0.6466165413533834,0.8414872798434442
0.6458646616541354,0.8413320274240941
0.6458646616541354,0.8429833169774289
0.6458646616541354,0.843811394891945
0.6451127819548872,0.8436578171091446
0.6443609022556391,0.843503937007874
0.6443609022556391,0.8443349753694581
0.643609022556391,0.8441814595660749
0.6428571428571429,0.8440276406712734
0.6421052631578947,0.8447082096933729
0.6421052631578947,0.8455445544554455
0.6413533834586466,0.8453914767096135
0.6413533834586466,0.8462301587301587
0.6406015037593985,0.8469184890656064
0.6398496240601503,0.8467661691542289
0.6390977443609023,0.8466135458167331
0.6383458646616541,0.8464606181455633
0.6383458646616541,0.8473053892215568
0.6383458646616541,0.8481518481518482
0.637593984962406,0.848
0.6368421052631579,0.8478478478478478
0.6360902255639098,0.8476953907815631
0.6353383458646616,0.847542627883651
0.6345864661654136,0.8473895582329317
0.6338345864661654,0.8472361809045226
0.6330827067669172,0.8470824949698189
0.6330827067669172,0.8479355488418933
0.6323308270676692,0.8477822580645161
0.6323308270676692,0.8486377396569122
0.631578947368421,0.8484848484848485
0.630827067669173,0.8483316481294236
0.630827067669173,0.8491902834008097
0.6300751879699248,0.8498985801217038
0.6293233082706767,0.849746192893401
0.6285714285714286,0.8495934959349594
0.6285714285714286,0.8504577822990844
0.6278195488721805,0.8503054989816701
0.6270676691729323,0.8501529051987767
0.6270676691729323,0.8510204081632653
0.6270676691729323,0.8518896833503575
0.6263157894736842,0.8517382413087935
0.6255639097744361,0.8515864892528148
0.6255639097744361,0.8524590163934426
0.6248120300751879,0.8523076923076923
0.6248120300751879,0.8531827515400411
0.6240601503759399,0.8530318602261048
0.6233082706766917,0.852880658436214
0.6233082706766917,0.8537590113285273
0.6218045112781955,0.8534571723426213
0.6210526315789474,0.8533057851239669
0.6210526315789474,0.8541882109617374
0.6210526315789474,0.855072463768116
0.6210526315789474,0.8559585492227979
0.6203007518796992,0.8558091286307054
0.6195488721804512,0.8556593977154725
0.618796992481203,0.8555093555093555
0.6180451127819548,0.8553590010405827
0.6180451127819548,0.85625
0.6172932330827068,0.8561001042752867
0.6165413533834586,0.8559498956158664
0.6157894736842106,0.8557993730407524
0.6157894736842106,0.856694560669456
0.6150375939849624,0.856544502617801
0.6150375939849624,0.8574423480083857
0.6142857142857143,0.857292759706191
0.6142857142857143,0.8581932773109243
0.6135338345864662,0.8580441640378549
0.6127819548872181,0.8578947368421053
0.6120300751879699,0.8577449947312961
0.6120300751879699,0.8586497890295358
0.6120300751879699,0.8595564941921858
0.6112781954887218,0.8594080338266384
0.6112781954887218,0.8603174603174604
0.6097744360902255,0.8600212089077413
0.6090225563909775,0.8598726114649682
0.6090225563909775,0.8607863974495218
0.6082706766917293,0.8606382978723405
0.6082706766917293,0.8615548455804047
0.6082706766917293,0.8624733475479744
0.6075187969924812,0.8623265741728922
0.6067669172932331,0.8621794871794872
0.6067669172932331,0.8631016042780749
0.606015037593985,0.8629550321199143
0.606015037593985,0.8638799571275455
0.606015037593985,0.8648068669527897
0.606015037593985,0.8657357679914071
0.6045112781954888,0.8654467168998924
0.6037593984962406,0.865301724137931
0.6030075187969924,0.8651564185544768
0.6022556390977444,0.8650107991360692
0.6015037593984962,0.8648648648648649
0.6007518796992481,0.8647186147186147
0.6,0.8645720476706392
0.5992481203007519,0.8644251626898047
0.5984962406015037,0.8642779587404995
0.5977443609022557,0.8641304347826086
0.5977443609022557,0.8650707290533188
0.5969924812030075,0.8649237472766884
0.5962406015037593,0.8647764449291166
0.5954887218045113,0.8646288209606987
0.5954887218045113,0.8655737704918033
0.5947368421052631,0.8654266958424508
0.5939849624060151,0.8652792990142387
0.5932330827067669,0.8651315789473685
0.5932330827067669,0.8660812294182217
0.5924812030075188,0.865934065934066
0.5917293233082707,0.8657865786578658
0.5909774436090226,0.8656387665198237
0.5902255639097744,0.8654906284454245
0.5887218045112782,0.8651933701657458
0.5887218045112782,0.8661504424778761
0.5887218045112782,0.867109634551495
0.58796992481203,0.8669623059866962
0.58796992481203,0.8679245283018868
0.587218045112782,0.8677777777777778
0.5864661654135338,0.8676307007786429
0.5857142857142857,0.8674832962138085
0.5849624060150376,0.867335562987737
0.5842105263157895,0.8671875
0.5834586466165413,0.8670391061452514
0.5834586466165413,0.8680089485458613
0.5834586466165413,0.8689809630459127
0.5834586466165413,0.8699551569506726
0.5834586466165413,0.8709315375982043
0.5827067669172933,0.8707865168539326
0.5827067669172933,0.8717660292463442
0.5827067669172933,0.8727477477477478
0.5819548872180451,0.8726042841037204
0.5812030075187969,0.8724604966139955
0.5804511278195489,0.8723163841807909
0.5796992481203007,0.8721719457013575
0.5789473684210527,0.8720271800679502
0.5789473684210527,0.873015873015873
0.5789473684210527,0.8740068104426788
0.5789473684210527,0.875
0.5781954887218045,0.8748577929465301
0.5766917293233083,0.8745724059293044
0.5766917293233083,0.8755707762557078
0.5766917293233083,0.8765714285714286
0.5759398496240602,0.8764302059496567
0.575187969924812,0.8762886597938144
0.5744360902255639,0.8761467889908257
0.5744360902255639,0.8771526980482205
0.5736842105263158,0.8770114942528736
0.5729323308270676,0.8768699654775605
0.5729323308270676,0.8778801843317973
0.5721804511278196,0.8777393310265282
0.5714285714285714,0.8775981524249422
0.5714285714285714,0.8786127167630058
0.5706766917293233,0.8784722222222222
0.5699248120300752,0.8783314020857474
0.5691729323308271,0.8781902552204176
0.5684210526315789,0.8780487804878049
0.5676691729323309,0.877906976744186
0.5676691729323309,0.8789289871944121
0.5669172932330827,0.8787878787878788
0.5661654135338345,0.8786464410735122
0.5654135338345865,0.8785046728971962
0.5654135338345865,0.87953216374269
0.5646616541353383,0.8793911007025761
0.5639097744360902,0.8792497069167644
0.5631578947368421,0.8791079812206573
0.562406015037594,0.8789659224441834
0.5616541353383459,0.8788235294117647
0.5616541353383459,0.8798586572438163
0.5616541353383459,0.8808962264150944
0.5609022556390978,0.8807556080283353
0.5601503759398496,0.8806146572104019
0.5601503759398496,0.8816568047337278
0.5593984962406015,0.8815165876777251
0.5586466165413534,0.8813760379596679
0.5586466165413534,0.8824228028503563
0.5578947368421052,0.882282996432818
0.5578947368421052,0.8833333333333333
0.5571428571428572,0.8831942789034565
0.556390977443609,0.883054892601432
0.5556390977443609,0.8829151732377539
0.5556390977443609,0.8850299401197604
0.5548872180451128,0.8848920863309353
0.5541353383458647,0.8847539015606243
0.5533834586466165,0.8846153846153846
0.5526315789473685,0.8844765342960289
0.5518796992481203,0.8843373493975903
0.5511278195488721,0.8841978287092883
0.5503759398496241,0.8840579710144928
0.5496240601503759,0.8839177750906893
0.5496240601503759,0.8849878934624698
0.5488721804511278,0.8848484848484849
0.5481203007518797,0.8847087378640777
0.5473684210526316,0.8845686512758202
0.5466165413533834,0.8844282238442822
0.5466165413533834,0.8855054811205847
0.5458646616541354,0.8853658536585366
0.5451127819548872,0.8852258852258852
0.5451127819548872,0.8863080684596577
0.5451127819548872,0.8873929008567931
0.544360902255639,0.8872549019607843
0.543609022556391,0.8871165644171779
0.5428571428571428,0.8869778869778869
0.5421052631578948,0.8868388683886839
0.5413533834586466,0.8866995073891626
0.5413533834586466,0.8877928483353884
0.5413533834586466,0.8888888888888888
0.5406015037593985,0.8887515451174289
0.5406015037593985,0.8898514851485149
0.5398496240601504,0.8897149938042132
0.5390977443609023,0.8895781637717122
0.5383458646616541,0.8894409937888199
0.5375939849624061,0.8893034825870647
0.5375939849624061,0.8904109589041096
0.5368421052631579,0.8902743142144638
0.5360902255639097,0.8901373283395755
0.5353383458646617,0.89
0.5345864661654135,0.8898623279098874
0.5338345864661654,0.8897243107769424
0.5338345864661654,0.890840652446675
0.5330827067669173,0.8907035175879398
0.5323308270676692,0.8905660377358491
0.531578947368421,0.8904282115869018
0.531578947368421,0.8915510718789408
0.530827067669173,0.8914141414141414
0.5300751879699248,0.8912768647281921
0.5300751879699248,0.8924050632911392
0.5300751879699248,0.8935361216730038
0.5293233082706766,0.8934010152284264
0.5285714285714286,0.8932655654383735
0.5278195488721804,0.8931297709923665
0.5270676691729324,0.8929936305732484
0.5263157894736842,0.8928571428571429
0.5263157894736842,0.8939974457215837
0.5255639097744361,0.8938618925831202
0.5255639097744361,0.8950064020486556
0.524812030075188,0.8948717948717949
0.5240601503759399,0.8947368421052632
0.5233082706766917,0.8946015424164524
0.5225563909774437,0.8944658944658944
0.5218045112781955,0.8943298969072165
0.5210526315789473,0.8941935483870967
0.5210526315789473,0.8953488372093024
0.5203007518796993,0.8952134540750324
0.5195488721804511,0.8950777202072538
0.518796992481203,0.8949416342412452
0.5180451127819549,0.8948051948051948
0.5180451127819549,0.8959687906371911
0.5172932330827068,0.8958333333333334
0.5165413533834586,0.8956975228161669
0.5165413533834586,0.8968668407310705
0.5157894736842106,0.8967320261437909
0.5157894736842106,0.8979057591623036
0.5157894736842106,0.8990825688073395
0.5150375939849624,0.8989501312335958
0.5142857142857142,0.8988173455978975
0.5135338345864662,0.8986842105263158
0.512781954887218,0.8985507246376812
0.51203007518797,0.8984168865435356
0.5112781954887218,0.8982826948480845
0.5112781954887218,0.8994708994708994
0.5105263157894737,0.8993377483443709
0.5105263157894737,0.9005305039787799
0.5097744360902255,0.900398406374502
0.5097744360902255,0.901595744680851
0.5090225563909775,0.9014647137150466
0.5090225563909775,0.9026666666666666
0.5082706766917293,0.9025367156208278
0.5082706766917293,0.9037433155080213
0.5075187969924813,0.9036144578313253
0.5067669172932331,0.903485254691689
0.5060150375939849,0.9033557046979865
0.5052631578947369,0.9032258064516129
0.5045112781954887,0.9030955585464334
0.5037593984962406,0.9029649595687331
0.5037593984962406,0.9041835357624831
0.5030075187969925,0.904054054054054
0.5022556390977444,0.9039242219215156
0.5022556390977444,0.9051490514905149
0.5015037593984962,0.9050203527815468
0.5015037593984962,0.90625
0.5007518796992482,0.9061224489795918
0.5,0.9059945504087193
0.4992481203007519,0.9058663028649386
0.49849624060150377,0.9057377049180327
0.49774436090225566,0.905608755129959
0.49699248120300754,0.9054794520547945
0.49624060150375937,0.9053497942386831
0.49548872180451126,0.9052197802197802
0.49473684210526314,0.9050894085281981
0.493984962406015,0.9049586776859504
0.4932330827067669,0.9048275862068965
0.4932330827067669,0.9060773480662984
0.4932330827067669,0.9073305670816044
0.4924812030075188,0.907202216066482
0.4917293233082707,0.9070735090152566
0.49097744360902257,0.9069444444444444
0.49022556390977445,0.9068150208623088
0.48947368421052634,0.9066852367688022
0.48872180451127817,0.9065550906555091
0.48796992481203005,0.9064245810055865
0.48721804511278194,0.9062937062937063
0.48721804511278194,0.907563025210084
0.4864661654135338,0.9074333800841514
0.4857142857142857,0.9073033707865169
0.4849624060150376,0.9071729957805907
0.4849624060150376,0.9084507042253521
0.4842105263157895,0.9083215796897038
0.48345864661654137,0.9081920903954802
0.48345864661654137,0.9094766619519095
0.48345864661654137,0.9107648725212465
0.48345864661654137,0.9120567375886525
0.48270676691729325,0.9119318181818182
0.48195488721804514,0.9118065433854907
0.48195488721804514,0.9131054131054132
0.48120300751879697,0.912981455064194
0.48045112781954885,0.9128571428571428
0.47969924812030074,0.9127324749642346
0.47969924812030074,0.9140401146131805
0.4789473684210526,0.9139167862266858
0.4781954887218045,0.9137931034482759
0.4774436090225564,0.9136690647482014
0.4774436090225564,0.9149855907780979
0.4766917293233083,0.9148629148629148
0.47593984962406016,0.9147398843930635
0.47518796992481205,0.914616497829233
0.47443609022556393,0.9144927536231884
0.47368421052631576,0.9143686502177069
0.47368421052631576,0.9156976744186046
0.47293233082706765,0.9155749636098981
0.47218045112781953,0.9154518950437318
0.4714285714285714,0.9153284671532846
0.4706766917293233,0.9152046783625731
0.4706766917293233,0.9165446559297218
0.4699248120300752,0.9164222873900293
0.4691729323308271,0.9162995594713657
0.4691729323308271,0.9176470588235294
0.46842105263157896,0.9175257731958762
0.46842105263157896,0.9188790560471977
0.46766917293233085,0.9187592319054653
0.46766917293233085,0.9201183431952663
0.46766917293233085,0.9214814814814815
0.46691729323308273,0.9213649851632048
0.46616541353383456,0.9212481426448736
0.46541353383458645,0.9211309523809523
0.46466165413533833,0.9210134128166915
0.46466165413533833,0.9223880597014925
0.4639097744360902,0.922272047832586
0.4631578947368421,0.9221556886227545
0.462406015037594,0.9220389805097451
0.4616541353383459,0.9219219219219219
0.46090225563909776,0.9218045112781955
0.46015037593984964,0.9216867469879518
0.45939849624060153,0.9215686274509803
0.45864661654135336,0.9214501510574018
0.45864661654135336,0.9228441754916793
0.45789473684210524,0.9227272727272727
0.45714285714285713,0.9226100151745068
0.456390977443609,0.9224924012158054
0.456390977443609,0.923896499238965
0.4556390977443609,0.9237804878048781
0.4548872180451128,0.9236641221374046
0.45413533834586467,0.9235474006116208
0.45338345864661656,0.9234303215926493
0.45263157894736844,0.9233128834355828
0.4518796992481203,0.9231950844854071
0.45112781954887216,0.9230769230769231
0.45037593984962404,0.9229583975346687
0.4496240601503759,0.9228395061728395
0.4488721804511278,0.9227202472952086
0.4481203007518797,0.9226006191950464
0.4481203007518797,0.924031007751938
0.4473684210526316,0.9239130434782609
0.44661654135338347,0.9237947122861586
0.44586466165413535,0.9236760124610592
0.44586466165413535,0.9251170046801872
0.44511278195488724,0.925
0.4443609022556391,0.9248826291079812
0.44360902255639095,0.9247648902821317
0.44285714285714284,0.9246467817896389
0.4421052631578947,0.9245283018867925
0.4413533834586466,0.9244094488188976
0.4413533834586466,0.9258675078864353
0.4413533834586466,0.9273301737756714
0.4413533834586466,0.9287974683544303
0.4413533834586466,0.93026941362916
0.4406015037593985,0.9301587301587302
0.4398496240601504,0.9300476947535771
0.43909774436090226,0.9299363057324841
0.43834586466165415,0.9298245614035088
0.43759398496240604,0.9297124600638977
0.4368421052631579,0.9296
0.43609022556390975,0.9294871794871795
0.43533834586466164,0.9293739967897271
0.4345864661654135,0.9292604501607717
0.4338345864661654,0.92914653784219
0.4330827067669173,0.9290322580645162
0.4323308270676692,0.9289176090468497
0.43157894736842106,0.9288025889967637
0.43082706766917295,0.9286871961102107
0.43007518796992483,0.9285714285714286
0.43007518796992483,0.9300813008130081
0.4293233082706767,0.9299674267100977
0.42857142857142855,0.9298531810766721
0.42781954887218043,0.9297385620915033
0.4270676691729323,0.9296235679214403
0.4263157894736842,0.9295081967213115
0.4255639097744361,0.9293924466338259
0.4255639097744361,0.930921052631579
0.42406015037593986,0.9306930693069307
0.42330827067669174,0.9305785123966942
0.42255639097744363,0.9304635761589404
0.42255639097744363,0.9320066334991708
0.4218045112781955,0.9318936877076412
0.42105263157894735,0.9317803660565723
0.42030075187969923,0.9316666666666666
0.4195488721804511,0.9315525876460768
0.418796992481203,0.931438127090301
0.4180451127819549,0.931323283082077
0.41729323308270677,0.9312080536912751
0.41729323308270677,0.9327731092436975
0.41654135338345866,0.9326599326599326
0.41578947368421054,0.9325463743676222
0.4150375939849624,0.9324324324324325
0.4142857142857143,0.9323181049069373
0.41353383458646614,0.9322033898305084
0.412781954887218,0.9320882852292021
0.4120300751879699,0.9319727891156463
0.4120300751879699,0.9335604770017035
0.4112781954887218,0.9334470989761092
0.4105263157894737,0.9333333333333333
0.40977443609022557,0.9332191780821918
0.40902255639097745,0.9331046312178388
0.40827067669172934,0.9329896907216495
0.4067669172932331,0.9327586206896552
0.40601503759398494,0.9326424870466321
0.40601503759398494,0.9342560553633218
0.4052631578947368,0.9341421143847487
0.4045112781954887,0.9340277777777778
0.4037593984962406,0.9339130434782609
0.4030075187969925,0.9337979094076655
0.4030075187969925,0.9354275741710296
0.40225563909774437,0.9353146853146853
0.40150375939849625,0.9352014010507881
0.40075187969924814,0.9350877192982456
0.40075187969924814,0.9367311072056239
0.4,0.9366197183098591
0.4,0.9382716049382716
0.4,0.9399293286219081
0.39924812030075185,0.9398230088495575
0.39849624060150374,0.9397163120567376
0.39849624060150374,0.9413854351687388
0.39849624060150374,0.9430604982206405
0.3977443609022556,0.9429590017825312
0.3969924812030075,0.9428571428571428
0.3962406015037594,0.9427549194991055
0.39473684210526316,0.9425493716337523
0.39398496240601505,0.9424460431654677
0.39323308270676693,0.9423423423423424
0.39323308270676693,0.944043321299639
0.3924812030075188,0.9439421338155516
0.39172932330827065,0.9438405797101449
0.39097744360902253,0.9437386569872959
0.3902255639097744,0.9436363636363636
0.3894736842105263,0.9435336976320583
0.3887218045112782,0.9434306569343066
0.3887218045112782,0.9451553930530164
0.3879699248120301,0.945054945054945
0.38721804511278196,0.944954128440367
0.38646616541353385,0.9448529411764706
0.38646616541353385,0.9465930018416207
0.38571428571428573,0.9464944649446494
0.38571428571428573,0.9482439926062847
0.3849624060150376,0.9481481481481482
0.38421052631578945,0.948051948051948
0.38345864661654133,0.9479553903345725
0.38345864661654133,0.9497206703910615
0.3827067669172932,0.9496268656716418
0.3819548872180451,0.9495327102803738
0.381203007518797,0.949438202247191
0.381203007518797,0.9512195121951219
0.3804511278195489,0.9511278195488722
0.37969924812030076,0.9510357815442562
0.37894736842105264,0.9509433962264151
0.37819548872180453,0.9508506616257089
0.3774436090225564,0.9507575757575758
0.37593984962406013,0.9505703422053232
0.375187969924812,0.9504761904761905
0.3744360902255639,0.950381679389313
0.3736842105263158,0.9502868068833652
0.37293233082706767,0.9501915708812261
0.37218045112781956,0.9500959692898272
0.37142857142857144,0.95
0.37142857142857144,0.9518304431599229
0.3706766917293233,0.9517374517374517
0.3706766917293233,0.9535783365570599
0.3699248120300752,0.9534883720930233
0.36917293233082704,0.9533980582524272
0.3684210526315789,0.953307392996109
0.3676691729323308,0.9532163742690059
0.3669172932330827,0.953125
0.3661654135338346,0.9530332681017613
0.36541353383458647,0.9529411764705882
0.36466165413533835,0.9528487229862476
0.36390977443609024,0.952755905511811
0.3631578947368421,0.9526627218934911
0.362406015037594,0.9525691699604744
0.36165413533834584,0.9524752475247524
0.3609022556390977,0.9523809523809523
0.3601503759398496,0.952286282306163
0.3593984962406015,0.952191235059761
0.3586466165413534,0.9520958083832335
0.35789473684210527,0.952
0.35639097744360904,0.9518072289156626
0.3556390977443609,0.9517102615694165
0.3548872180451128,0.9516129032258065
0.3548872180451128,0.9535353535353536
0.35413533834586464,0.9534412955465587
0.3533834586466165,0.9533468559837728
0.3526315789473684,0.9532520325203252
0.3518796992481203,0.9531568228105907
0.3511278195488722,0.9530612244897959
0.35037593984962406,0.9529652351738241
0.34962406015037595,0.9528688524590164
0.34962406015037595,0.9548254620123203
0.34887218045112783,0.9547325102880658
0.34887218045112783,0.9567010309278351
0.3481203007518797,0.9566115702479339
0.3481203007518797,0.9585921325051759
0.3473684210526316,0.9585062240663901
0.34661654135338343,0.9584199584199584
0.3458646616541353,0.9583333333333334
0.3451127819548872,0.9582463465553236
0.3443609022556391,0.9581589958158996
0.343609022556391,0.9580712788259959
0.34285714285714286,0.957983193277311
0.34210526315789475,0.9578947368421052
0.34135338345864663,0.9578059071729957
0.3406015037593985,0.9577167019027484
0.3398496240601504,0.9576271186440678
0.33909774436090223,0.9575371549893843
0.3383458646616541,0.9574468085106383
0.337593984962406,0.9573560767590619
0.3368421052631579,0.9572649572649573
0.3360902255639098,0.9571734475374732
0.33533834586466166,0.9570815450643777
0.33458646616541354,0.956989247311828
0.33383458646616543,0.9568965517241379
0.3330827067669173,0.9568034557235421
0.3323308270676692,0.9567099567099567
0.33157894736842103,0.9566160520607375
0.3308270676691729,0.9565217391304348
0.3300751879699248,0.9564270152505446
0.3293233082706767,0.9563318777292577
0.32857142857142857,0.9562363238512035
0.32781954887218046,0.956140350877193
0.32706766917293234,0.9560439560439561
0.3263157894736842,0.9559471365638766
0.3255639097744361,0.9558498896247241
0.324812030075188,0.9557522123893806
0.3240601503759398,0.9556541019955654
0.3233082706766917,0.9555555555555556
0.3233082706766917,0.9576837416481069
0.3225563909774436,0.9575892857142857
0.3218045112781955,0.9574944071588367
0.32105263157894737,0.9573991031390134
0.32030075187969925,0.9573033707865168
0.32030075187969925,0.9594594594594594
0.32030075187969925,0.9616252821670429
0.31954887218045114,0.9615384615384616
0.318796992481203,0.9614512471655329
0.3180451127819549,0.9613636363636363
0.3172932330827068,0.9612756264236902
0.3172932330827068,0.9634703196347032
0.3165413533834586,0.9633867276887872
0.3157894736842105,0.963302752293578
0.3150375939849624,0.9632183908045977
0.3142857142857143,0.9631336405529954
0.31353383458646616,0.9630484988452656
0.31278195488721805,0.9629629629629629
0.31203007518796994,0.962877030162413
0.3112781954887218,0.9627906976744186
0.3105263157894737,0.9627039627039627
0.3097744360902256,0.9626168224299065
0.3090225563909774,0.9625292740046838
0.3082706766917293,0.9624413145539906
0.3075187969924812,0.9623529411764706
0.3067669172932331,0.9622641509433962
0.30601503759398496,0.9621749408983451
0.30526315789473685,0.9620853080568721
0.30451127819548873,0.9619952494061758
0.3030075187969925,0.9618138424821002
0.3030075187969925,0.9641148325358851
0.3022556390977444,0.9640287769784173
0.3015037593984962,0.9639423076923077
0.3007518796992481,0.963855421686747
0.3,0.9637681159420289
0.2992481203007519,0.9636803874092009
0.29849624060150376,0.9635922330097088
0.29774436090225564,0.9635036496350365
0.29699248120300753,0.9634146341463414
0.2962406015037594,0.9633251833740831
0.2954887218045113,0.9632352941176471
0.29473684210526313,0.9631449631449631
0.293984962406015,0.9630541871921182
0.2932330827067669,0.9629629629629629
0.2924812030075188,0.9628712871287128
0.2924812030075188,0.9652605459057072
0.29172932330827067,0.9651741293532339
0.29097744360902256,0.9650872817955112
0.29022556390977444,0.965
0.2894736842105263,0.9649122807017544
0.2887218045112782,0.964824120603015
0.2879699248120301,0.964735516372796
0.28721804511278193,0.9646464646464646
0.2864661654135338,0.9645569620253165
0.2857142857142857,0.9644670050761421
0.2849624060150376,0.9643765903307888
0.28421052631578947,0.9642857142857143
0.28421052631578947,0.9667519181585678
0.28345864661654135,0.9666666666666667
0.28270676691729324,0.9665809768637532
0.2819548872180451,0.9664948453608248
0.2819548872180451,0.9689922480620154
0.2819548872180451,0.9715025906735751
0.281203007518797,0.9714285714285714
0.2804511278195489,0.9713541666666666
0.2796992481203007,0.9712793733681462
0.2789473684210526,0.9712041884816754
0.2781954887218045,0.9711286089238845
0.2774436090225564,0.9710526315789474
0.27669172932330827,0.9709762532981531
0.27593984962406015,0.9708994708994709
0.27518796992481204,0.9708222811671088
0.2744360902255639,0.9707446808510638
0.2736842105263158,0.9706666666666667
0.2736842105263158,0.9732620320855615
0.2729323308270677,0.9731903485254692
0.2729323308270677,0.9758064516129032
0.2721804511278195,0.9757412398921833
0.2714285714285714,0.9756756756756757
0.2706766917293233,0.975609756097561
0.2699248120300752,0.9755434782608695
0.26917293233082706,0.9754768392370572
0.26842105263157895,0.9754098360655737
0.26766917293233083,0.9753424657534246
0.2669172932330827,0.9752747252747253
0.2661654135338346,0.9752066115702479
0.2661654135338346,0.9779005524861878
0.2654135338345865,0.9778393351800554
0.2646616541353383,0.9777777777777777
0.2639097744360902,0.9777158774373259
0.2631578947368421,0.9776536312849162
0.262406015037594,0.9775910364145658
0.26165413533834586,0.9775280898876404
0.26090225563909775,0.9774647887323944
0.26015037593984963,0.9774011299435028
0.2593984962406015,0.9773371104815864
0.2586466165413534,0.9772727272727273
0.2578947368421053,0.9772079772079773
0.2571428571428571,0.9771428571428571
0.256390977443609,0.9770773638968482
0.2556390977443609,0.9770114942528736
0.2548872180451128,0.9769452449567724
0.25413533834586466,0.976878612716763
0.25413533834586466,0.9797101449275363
0.25338345864661654,0.9796511627906976
0.25263157894736843,0.9795918367346939
0.25263157894736843,0.9824561403508771
0.2518796992481203,0.9824046920821115
0.2511278195488722,0.9823529411764705
0.2503759398496241,0.9823008849557522
0.24962406015037594,0.9822485207100592
0.24887218045112783,0.9821958456973294
0.24887218045112783,0.9851190476190477
0.24812030075187969,0.9850746268656716
0.24736842105263157,0.9850299401197605
0.24661654135338346,0.984984984984985
0.24511278195488723,0.9848942598187311
0.24436090225563908,0.9848484848484849
0.24360902255639097,0.9848024316109423
0.24285714285714285,0.9847560975609756
0.24210526315789474,0.9847094801223242
0.24135338345864663,0.9846625766871165
0.24060150375939848,0.9846153846153847
0.23984962406015037,0.9845679012345679
0.23909774436090225,0.9845201238390093
0.23834586466165414,0.984472049689441
0.23759398496240602,0.9844236760124611
0.23684210526315788,0.984375
0.23609022556390977,0.9843260188087775
0.23533834586466165,0.9842767295597484
0.23458646616541354,0.9842271293375394
0.23383458646616542,0.9841772151898734
0.23308270676691728,0.9841269841269841
0.23233082706766917,0.9840764331210191
0.23157894736842105,0.9840255591054313
0.23082706766917294,0.9839743589743589
0.23007518796992482,0.9839228295819936
0.23007518796992482,0.9870967741935484
0.22932330827067668,0.9870550161812298
0.22857142857142856,0.987012987012987
0.22781954887218045,0.9869706840390879
0.22706766917293233,0.9869281045751634
0.22631578947368422,0.9868852459016394
0.22556390977443608,0.9868421052631579
0.22481203007518796,0.9867986798679867
0.22406015037593985,0.9867549668874173
0.22330827067669173,0.9867109634551495
0.22255639097744362,0.9866666666666667
0.22180451127819548,0.9866220735785953
0.22105263157894736,0.9865771812080537
0.22030075187969925,0.9865319865319865
0.21954887218045113,0.9864864864864865
0.21879699248120302,0.9864406779661017
0.21804511278195488,0.9863945578231292
0.21729323308270676,0.9863481228668942
0.21654135338345865,0.9863013698630136
0.21578947368421053,0.9862542955326461
0.21503759398496242,0.9862068965517241
0.21428571428571427,0.986159169550173
0.21353383458646616,0.9861111111111112
0.21278195488721804,0.9860627177700348
0.21203007518796993,0.986013986013986
0.21127819548872181,0.9859649122807017
0.21052631578947367,0.9859154929577465
0.20977443609022556,0.9858657243816255
0.20902255639097744,0.9858156028368794
0.20827067669172933,0.9857651245551602
0.2075187969924812,0.9857142857142858
0.20676691729323307,0.985663082437276
0.20601503759398496,0.9856115107913669
0.20526315789473684,0.9855595667870036
0.20451127819548873,0.9855072463768116
0.2037593984962406,0.9854545454545455
0.20300751879699247,0.9854014598540146
0.20225563909774436,0.9853479853479854
0.20150375939849624,0.9852941176470589
0.20075187969924813,0.985239852398524
0.2,0.9851851851851852
0.19924812030075187,0.9851301115241635
0.19849624060150375,0.9850746268656716
0.19774436090225564,0.9850187265917603
0.19699248120300752,0.9849624060150376
0.1962406015037594,0.9849056603773585
0.19548872180451127,0.9848484848484849
0.19473684210526315,0.9847908745247148
0.19398496240601504,0.9847328244274809
0.19323308270676692,0.9846743295019157
0.1924812030075188,0.9846153846153847
0.19172932330827067,0.9845559845559846
0.19097744360902255,0.9844961240310077
0.19022556390977444,0.9844357976653697
0.1887218045112782,0.984313725490196
0.18796992481203006,0.984251968503937
0.18721804511278195,0.9841897233201581
0.18646616541353384,0.9841269841269841
0.18571428571428572,0.9840637450199203
0.1849624060150376,0.984
0.18421052631578946,0.9839357429718876
0.18345864661654135,0.9838709677419355
0.18270676691729323,0.9838056680161943
0.18195488721804512,0.983739837398374
0.181203007518797,0.9836734693877551
0.18045112781954886,0.9836065573770492
0.17969924812030075,0.9835390946502057
0.17894736842105263,0.9834710743801653
0.17819548872180452,0.983402489626556
0.1774436090225564,0.9833333333333333
0.17669172932330826,0.9832635983263598
0.17593984962406015,0.9831932773109243
0.17518796992481203,0.9831223628691983
0.17443609022556392,0.9830508474576272
0.1736842105263158,0.9829787234042553
0.1736842105263158,0.9871794871794872
0.17293233082706766,0.9871244635193133
0.17293233082706766,0.9913793103448276
0.17218045112781954,0.9913419913419913
0.17142857142857143,0.991304347826087
0.17067669172932332,0.9912663755458515
0.1699248120300752,0.9912280701754386
0.16917293233082706,0.9911894273127754
0.16842105263157894,0.9911504424778761
0.16766917293233083,0.9911111111111112
0.16691729323308271,0.9910714285714286
0.1661654135338346,0.9910313901345291
0.16541353383458646,0.990990990990991
0.16466165413533834,0.9909502262443439
0.16390977443609023,0.990909090909091
0.1631578947368421,0.9908675799086758
0.162406015037594,0.9908256880733946
0.162406015037594,0.9953917050691244
0.16165413533834586,0.9953703703703703
0.16090225563909774,0.9953488372093023
0.16015037593984963,0.9953271028037384
0.1586466165413534,0.9952830188679245
0.15789473684210525,0.995260663507109
0.15714285714285714,0.9952380952380953
0.15639097744360902,0.9952153110047847
0.1556390977443609,0.9951923076923077
0.1548872180451128,0.9951690821256038
0.15413533834586465,0.9951456310679612
0.15338345864661654,0.9951219512195122
0.15263157894736842,0.9950980392156863
0.1518796992481203,0.9950738916256158
0.1511278195488722,0.995049504950495
0.15037593984962405,0.9950248756218906
0.14962406015037594,0.995
0.14887218045112782,0.9949748743718593
0.1481203007518797,0.9949494949494949
0.14736842105263157,0.9949238578680203
0.14661654135338345,0.9948979591836735
0.14586466165413534,0.9948717948717949
0.14511278195488722,0.9948453608247423
0.1443609022556391,0.9948186528497409
0.14360902255639096,0.9947916666666666
0.14285714285714285,0.9947643979057592
0.14210526315789473,0.9947368421052631
0.14135338345864662,0.9947089947089947
0.1406015037593985,0.9946808510638298
0.13984962406015036,0.9946524064171123
0.13909774436090225,0.9946236559139785
0.13834586466165413,0.9945945945945946
0.13759398496240602,0.9945652173913043
0.1368421052631579,0.994535519125683
0.13609022556390976,0.9945054945054945
0.13533834586466165,0.994475138121547
0.13458646616541353,0.9944444444444445
0.13383458646616542,0.994413407821229
0.1330827067669173,0.9943820224719101
0.13233082706766916,0.9943502824858758
0.13157894736842105,0.9943181818181818
0.13082706766917293,0.9942857142857143
0.13007518796992482,0.9942528735632183
0.1293233082706767,0.9942196531791907
0.12857142857142856,0.9941860465116279
0.12781954887218044,0.9941520467836257
0.12706766917293233,0.9941176470588236
0.12631578947368421,0.9940828402366864
0.1255639097744361,0.9940476190476191
0.12481203007518797,0.9940119760479041
0.12406015037593984,0.9939759036144579
0.12330827067669173,0.9939393939393939
0.12255639097744361,0.9939024390243902
0.12180451127819548,0.9938650306748467
0.12105263157894737,0.9938271604938271
0.12030075187969924,0.9937888198757764
0.11954887218045113,0.99375
0.11879699248120301,0.9937106918238994
0.11804511278195488,0.9936708860759493
0.11729323308270677,0.9936305732484076
0.11654135338345864,0.9935897435897436
0.11654135338345864,1.0
0.11578947368421053,1.0
0.11503759398496241,1.0
0.11428571428571428,1.0
0.11353383458646617,1.0
0.11278195488721804,1.0
0.11203007518796992,1.0
0.11127819548872181,1.0
0.11052631578947368,1.0
0.10977443609022557,1.0
0.10902255639097744,1.0
0.10827067669172932,1.0
0.10751879699248121,1.0
0.10676691729323308,1.0
0.10601503759398496,1.0
0.10526315789473684,1.0
0.10451127819548872,1.0
0.1037593984962406,1.0
0.10300751879699248,1.0
0.10225563909774436,1.0
0.10150375939849623,1.0
0.10075187969924812,1.0
0.1,1.0
0.09924812030075188,1.0
0.09849624060150376,1.0
0.09774436090225563,1.0
0.09699248120300752,1.0
0.09548872180451128,1.0
0.09473684210526316,1.0
0.09398496240601503,1.0
0.09323308270676692,1.0
0.0924812030075188,1.0
0.09172932330827067,1.0
0.09097744360902256,1.0
0.09022556390977443,1.0
0.08947368421052632,1.0
0.0887218045112782,1.0
0.08796992481203007,1.0
0.08721804511278196,1.0
0.08646616541353383,1.0
0.08571428571428572,1.0
0.0849624060150376,1.0
0.08421052631578947,1.0
0.08345864661654136,1.0
0.08270676691729323,1.0
0.08195488721804511,1.0
0.081203007518797,1.0
0.08045112781954887,1.0
0.07969924812030076,1.0
0.07894736842105263,1.0
0.07819548872180451,1.0
0.0774436090225564,1.0
0.07669172932330827,1.0
0.07593984962406015,1.0
0.07518796992481203,1.0
0.07443609022556391,1.0
0.07368421052631578,1.0
0.07293233082706767,1.0
0.07218045112781955,1.0
0.07142857142857142,1.0
0.07067669172932331,1.0
0.06992481203007518,1.0
0.06917293233082707,1.0
0.06842105263157895,1.0
0.06766917293233082,1.0
0.06691729323308271,1.0
0.06616541353383458,1.0
0.06541353383458647,1.0
0.06466165413533835,1.0
0.06390977443609022,1.0
0.06315789473684211,1.0
0.062406015037593986,1.0
0.061654135338345864,1.0
0.06090225563909774,1.0
0.06015037593984962,1.0
0.059398496240601506,1.0
0.058646616541353384,1.0
0.05789473684210526,1.0
0.05714285714285714,1.0
0.055639097744360905,1.0
0.05488721804511278,1.0
0.05413533834586466,1.0
0.05338345864661654,1.0
0.05263157894736842,1.0
0.0518796992481203,1.0
0.05112781954887218,1.0
0.05037593984962406,1.0
0.04962406015037594,1.0
0.04887218045112782,1.0
0.0481203007518797,1.0
0.04736842105263158,1.0
0.04661654135338346,1.0
0.04586466165413534,1.0
0.045112781954887216,1.0
0.0443609022556391,1.0
0.04360902255639098,1.0
0.04285714285714286,1.0
0.042105263157894736,1.0
0.041353383458646614,1.0
0.0406015037593985,1.0
0.03984962406015038,1.0
0.039097744360902256,1.0
0.038345864661654135,1.0
0.03759398496240601,1.0
0.03684210526315789,1.0
0.03609022556390978,1.0
0.035338345864661655,1.0
0.03458646616541353,1.0
0.03383458646616541,1.0
0.032330827067669175,1.0
0.031578947368421054,1.0
0.030827067669172932,1.0
0.03007518796992481,1.0
0.029323308270676692,1.0
0.02857142857142857,1.0
0.027819548872180452,1.0
0.02706766917293233,1.0
0.02631578947368421,1.0
0.02556390977443609,1.0
0.02481203007518797,1.0
0.02406015037593985,1.0
0.02330827067669173,1.0
0.022556390977443608,1.0
0.02180451127819549,1.0
0.021052631578947368,1.0
0.02030075187969925,1.0
0.019548872180451128,1.0
0.018796992481203006,1.0
0.01804511278195489,1.0
0.017293233082706767,1.0
0.016541353383458645,1.0
0.015789473684210527,1.0
0.015037593984962405,1.0
0.014285714285714285,1.0
0.013533834586466165,1.0
0.012781954887218045,1.0
0.012030075187969926,1.0
0.011278195488721804,1.0
0.010526315789473684,1.0
0.009774436090225564,1.0
0.009022556390977444,1.0
0.008270676691729323,1.0
0.007518796992481203,1.0
0.006766917293233083,1.0
0.006015037593984963,1.0
0.005263157894736842,1.0
0.004511278195488722,1.0
0.0037593984962406013,1.0
0.0030075187969924814,1.0
0.002255639097744361,1.0
0.0015037593984962407,1.0
0.0007518796992481203,1.0
0.0,1.0
