recall,precision
1.0,0.4493107104984093
1.0,0.44940602460755197
1.0,0.4501221714649952
1.0,0.45016999575010624
1.0,0.45021783019870365
1.0,0.4503135295993198
1.0,0.45036139455782315
1.0,0.45040926969278194
1.0,0.4505529561888558
1.0,0.45064879812805786
1.0,0.4509365687526607
1.0,0.45103257398339364
1.0,0.45108059193016076
1.0,0.45117665850282185
1.0,0.45122470713525026
1.0,0.4512727660027692
1.0,0.45132083510864934
1.0,0.451417004048583
1.0,0.45151321398124467
1.0,0.45160946493285015
1.0,0.45170575692963755
1.0,0.45175391832817996
1.0,0.45180208999786736
1.0,0.45185027194198574
1.0,0.45194666666666666
1.0,0.4525258998184343
1.0,0.4525742362743004
1.0,0.4526709401709402
1.0,0.4527193076183353
1.0,0.4527676854028639
1.0,0.45281607352784015
1.0,0.45286447199657975
1.0,0.4529128808123998
1.0,0.4529612999786188
1.0,0.4530097294985566
1.0,0.45305816937553467
1.0,0.4532520325203252
1.0,0.45330052423237405
1.0,0.4534945948838703
1.0,0.45373741700578285
1.0,0.45378601263789226
1.0,0.45383461868037706
1.0,0.4539318620098564
1.0,0.45398049930354656
1.0,0.454029147021003
1.0,0.45412647374062165
1.0,0.45417515274949083
1.0,0.4542238421955403
1.0,0.45427254208212714
1.0,0.4543212524126099
1.0,0.45436997319034855
1.0,0.45446744610104045
1.0,0.45451619824072087
1.0,0.4546137339055794
1.0,0.4546625174374933
1.0,0.4547113114402232
1.0,0.4547601159171407
1.0,0.4548577563070317
1.0,0.45490659222675545
1.0,0.4549554386341673
1.0,0.45510204081632655
1.0,0.45519982810485604
1.0,0.45524873750940154
1.0,0.455297657425317
1.0,0.4553465878559914
1.0,0.45539552880481515
1.0,0.4555424147941082
1.0,0.4556403914399398
1.0,0.45568939556893956
1.0,0.45573841023986233
1.0,0.45578743545611017
1.0,0.4558364712210866
1.0,0.45588551753819667
1.0,0.4559836418424451
1.0,0.4560327198364008
1.0,0.45618001722652884
1.0,0.4562782683609735
1.0,0.4563274098007539
1.0,0.4563765618267988
1.0,0.4564257244425294
1.0,0.45667169648631173
1.0,0.45677015955153083
1.0,0.45686866508518437
1.0,0.4569672131147541
1.0,0.4570658036677454
1.0,0.45716443677168755
1.0,0.4572137692888745
1.0,0.45731246627091204
1.0,0.45736183074265974
1.0,0.45750998812223304
1.0,0.45755939524838013
1.0,0.4576088130467653
1.0,0.45765824152084683
1.0,0.45770768067408446
1.0,0.4577571305099395
1.0,0.45780659103187465
1.0,0.45795503674881105
1.0,0.458054054054054
1.0,0.4581035787652719
1.0,0.45815311418685123
1.0,0.4582026603222667
1.0,0.4582522171749946
1.0,0.4583017847485127
1.0,0.4583513630463003
1.0,0.4584009520718382
1.0,0.4584505518286085
1.0,0.4585001623200952
1.0,0.45854978354978354
1.0,0.4585994155211603
1.0,0.4586490582377138
1.0,0.45869871170293386
1.0,0.4587483759203118
1.0,0.4587980508933405
1.0,0.45899685841187304
1.0,0.4590465872156013
1.0,0.45909632679596923
1.0,0.45914607715648026
1.0,0.45924561023195315
0.9997639839509087,0.4591869918699187
0.9997639839509087,0.4592367736339983
0.9997639839509087,0.4592865661932126
0.9997639839509087,0.45933636955107354
0.9997639839509087,0.4595855484430943
0.9997639839509087,0.45973518558715
0.9997639839509087,0.45993485342019547
0.9997639839509087,0.4600847181492343
0.9997639839509087,0.4601846822379142
0.9997639839509087,0.4604848353081857
0.9997639839509087,0.46053489889106325
0.9997639839509087,0.46058497336087856
0.9997639839509087,0.4606350587211831
0.9997639839509087,0.4606851549755302
0.9997639839509087,0.4608856490044609
0.9997639839509087,0.46098596147567744
0.9997639839509087,0.4610863176227278
0.9997639839509087,0.4612369337979094
0.9997639839509087,0.4612871610584776
0.9997639839509087,0.46143790849673205
0.9997639839509087,0.46148817954025495
0.9997639839509087,0.46153846153846156
0.9997639839509087,0.461588754494933
0.9997639839509087,0.46179003597514445
0.9997639839509087,0.4618403837767117
0.9997639839509087,0.46189074255806345
0.9997639839509087,0.4619411123227917
0.9997639839509087,0.4619914930744901
0.9997639839509087,0.4620418848167539
0.9997639839509087,0.4620922875531799
0.9997639839509087,0.46214270128736634
0.9997639839509087,0.46219312602291324
0.9997639839509087,0.4622435617634221
0.9997639839509087,0.4622940085124959
0.9997639839509087,0.4623444662737394
0.9997639839509087,0.4623949350507586
0.9997639839509087,0.46244541484716156
0.9995279679018173,0.46238672344142373
0.9995279679018173,0.46243721336536364
0.9995279679018173,0.4625382262996942
0.9995279679018173,0.4625887493173129
0.9995279679018173,0.46263928337338867
0.9995279679018173,0.4627909518085455
0.9995279679018173,0.4628415300546448
0.9995279679018173,0.4628921193573068
0.9995279679018173,0.4629933311468241
0.9995279679018173,0.4630439536409359
0.9995279679018173,0.46309458720612356
0.9995279679018173,0.46314523184601925
0.9995279679018173,0.4631958875642568
0.9995279679018173,0.46324655436447165
0.9995279679018173,0.46329723225030084
0.9995279679018173,0.4633986212933581
0.9995279679018173,0.46344933245786823
0.9995279679018173,0.4635000547225566
0.9995279679018173,0.4635507880910683
0.9995279679018173,0.46360153256704983
0.9995279679018173,0.46365228815414933
0.9995279679018173,0.46370305485601665
0.9995279679018173,0.4637538326763031
0.9995279679018173,0.4638046216186617
0.9995279679018173,0.463855421686747
0.9995279679018173,0.4639062328842151
0.9995279679018173,0.4639570552147239
0.9995279679018173,0.4640078886819327
0.9995279679018173,0.46405873328950253
0.9995279679018173,0.4641095890410959
0.9995279679018173,0.4642113339910117
0.9995279679018173,0.4643640350877193
0.9995279679018173,0.46451683667873206
0.9995279679018173,0.46456779289161915
0.9995279679018173,0.4646187602852441
0.9995279679018173,0.46482274174075294
0.9995279679018173,0.4648737650933041
0.9995279679018173,0.46512904997254256
0.9995279679018173,0.46518014059753954
0.9995279679018173,0.4653846153846154
0.9995279679018173,0.46548692020224225
0.9995279679018173,0.4655380894800484
0.9995279679018173,0.4655892700087951
0.9995279679018173,0.46564046179219354
0.9995279679018173,0.4658965896589659
0.9995279679018173,0.46594784904830017
0.9995279679018173,0.4659991197183099
0.9995279679018173,0.46605040167271927
0.9995279679018173,0.4661016949152542
0.9995279679018173,0.4662043152796125
0.9995279679018173,0.4663069808412244
0.9995279679018173,0.46635833058033255
0.9995279679018173,0.46640969162995594
0.9995279679018173,0.4666666666666667
0.9995279679018173,0.4667695359858922
0.9995279679018173,0.466820987654321
0.9995279679018173,0.46687245066696065
0.9995279679018173,0.4669239250275634
0.9995279679018173,0.46707841623469726
0.9995279679018173,0.4671299360247077
0.999291951852726,0.4671226831421006
0.999291951852726,0.467174224870352
0.999291951852726,0.4672257779739572
0.999291951852726,0.46738050557456673
0.999291951852726,0.46748371425416807
0.999291951852726,0.46753533568904593
0.999291951852726,0.46794871794871795
0.999291951852726,0.46800044213551456
0.999291951852726,0.46805217775812513
0.999291951852726,0.46815568332596197
0.999291951852726,0.46825923468259234
0.999291951852726,0.4683110275412012
0.999291951852726,0.4683628318584071
0.999291951852726,0.46841464763801305
0.999291951852726,0.4685701637892873
0.999291951852726,0.4687257832392339
0.999291951852726,0.4687776793622675
0.999291951852726,0.4688295869781863
0.999291951852726,0.46893343670395393
0.999291951852726,0.4689853788214444
0.999291951852726,0.46908929758475515
0.999291951852726,0.4691932624113475
0.999291951852726,0.46924526210794637
0.9988199197545433,0.4695439920115389
0.9988199197545433,0.4696482077460881
0.9988199197545433,0.46970033296337405
0.9988199197545433,0.46975246975246976
0.9988199197545433,0.4698046181172291
0.9988199197545433,0.4699089495891628
0.9988199197545433,0.4699611327040533
0.9988199197545433,0.47001332741004
0.9988199197545433,0.47006553371098525
0.9988199197545433,0.47011775161075314
0.9988199197545433,0.47037901522729797
0.9988199197545433,0.470431302801245
0.9988199197545433,0.47058823529411764
0.9988199197545433,0.4706405693950178
0.9988199197545433,0.4707452725250278
0.9988199197545433,0.470797641561909
0.9988199197545433,0.47085002225189143
0.9988199197545433,0.47095481860672156
0.9988199197545433,0.4710072342793545
0.9988199197545433,0.47105966162065893
0.9988199197545433,0.4711121006345319
0.9988199197545433,0.47116455132487195
0.9988199197545433,0.47126948775055677
0.9988199197545433,0.4713219734937075
0.9988199197545433,0.4715320334261838
0.9988199197545433,0.47168970129291127
0.9988199197545433,0.4717422806821982
0.9988199197545433,0.4717948717948718
0.9988199197545433,0.4718474746348534
0.9988199197545433,0.4719527155124345
0.9988199197545433,0.47200535355788537
0.9988199197545433,0.4720580033463469
0.9988199197545433,0.4721633381680241
0.9988199197545433,0.47226872000892756
0.9988199197545433,0.47232142857142856
0.9988199197545433,0.4726379271833817
0.9988199197545433,0.47269071819501846
0.9988199197545433,0.4727435210008937
0.9988199197545433,0.472954850245865
0.9988199197545433,0.4730077120822622
0.9988199197545433,0.47306058573664206
0.9988199197545433,0.47311347121296815
0.9988199197545433,0.4732192776473219
0.9988199197545433,0.4732721986132856
0.9988199197545433,0.47332513141706745
0.9988199197545433,0.4733780760626398
0.9988199197545433,0.47343103255397695
0.9988199197545433,0.4734840008950548
0.9988199197545433,0.4735369810898512
0.9988199197545433,0.473749020485839
0.9988199197545433,0.47385511140969655
0.9988199197545433,0.47390817469204927
0.9988199197545433,0.4739612498600067
0.9988199197545433,0.4744394618834081
0.9988199197545433,0.4744926561273685
0.9988199197545433,0.47454586230096435
0.9988199197545433,0.47459908040820903
0.998583903705452,0.47454015253476894
0.998583903705452,0.474646623289208
0.998583903705452,0.4746998765847638
0.998583903705452,0.4747531418312388
0.998583903705452,0.47480641903265625
0.998583903705452,0.4748597081930415
0.998583903705452,0.4749130093164216
0.998583903705452,0.47496632240682535
0.998583903705452,0.47501964746828335
0.998583903705452,0.4750729845048282
0.998583903705452,0.4751263335204941
0.998583903705452,0.4752330675053353
0.998583903705452,0.47528645248258816
0.998583903705452,0.4753398494551174
0.998583903705452,0.4753932584269663
0.998583903705452,0.47555355737889177
0.998583903705452,0.47576745755088273
0.998583903705452,0.47582096266306795
0.998583903705452,0.47587447981104486
0.998583903705452,0.47592800899887516
0.998583903705452,0.47603510351035105
0.998583903705452,0.47608866884212897
0.998583903705452,0.4763030507711359
0.998583903705452,0.4764103141538115
0.998583903705452,0.4765176258587679
0.998583903705452,0.4766249859186662
0.998583903705452,0.4766786840919333
0.998583903705452,0.47678611674554877
0.9983478876563606,0.4767271497802322
0.9983478876563606,0.47704973497236947
0.9983478876563606,0.47715736040609136
0.9983478876563606,0.47726503441272705
0.9983478876563606,0.47737275702516646
0.9983478876563606,0.47748052827632914
0.9983478876563606,0.4776962168266516
0.9983478876563606,0.4777501694149537
0.9983478876563606,0.4778041341917994
0.9983478876563606,0.4778581111613195
0.9981118716072693,0.4777991187436448
0.9981118716072693,0.47785310734463277
0.9978758555581779,0.4779561383676238
0.9978758555581779,0.47801017524024875
0.9978758555581779,0.47806422433288104
0.9978758555581779,0.4781182856496664
0.9978758555581779,0.47828054298642536
0.9978758555581779,0.4783887757411179
0.9978758555581779,0.4785512167515563
0.9978758555581779,0.4786053882725832
0.9978758555581779,0.47865957205932297
0.9978758555581779,0.478713768115942
0.9978758555581779,0.4788221970554926
0.9978758555581779,0.4788764299467663
0.9978758555581779,0.4789306751246035
0.9978758555581779,0.47898493259318004
0.9978758555581779,0.47903920235667347
0.9978758555581779,0.4794194353101259
0.9978758555581779,0.47952818418963367
0.9976398395090866,0.4795779441797141
0.9976398395090866,0.4796323612844661
0.9976398395090866,0.4796867907399001
0.9976398395090866,0.47974123255022133
0.9976398395090866,0.47990463215258855
0.9976398395090866,0.48006814310051105
0.9976398395090866,0.4801226715129487
0.9976398395090866,0.48017721231398386
0.9976398395090866,0.48023176550783914
0.9976398395090866,0.48039549948857824
0.9976398395090866,0.4805047175173355
0.9976398395090866,0.4806686377075279
0.9974038234599952,0.4807189170742805
0.9974038234599952,0.480773606370876
0.9974038234599952,0.4808283081124132
0.9974038234599952,0.4808830223031407
0.9974038234599952,0.4809377489473085
0.9974038234599952,0.4811020036429873
0.9974038234599952,0.48121156911865176
0.9974038234599952,0.4812663705728277
0.9974038234599952,0.4814308498519025
0.9974038234599952,0.481485701264669
0.9974038234599952,0.4815405651777575
0.9974038234599952,0.4815954415954416
0.9974038234599952,0.4816503305219968
0.9974038234599952,0.4817052319617007
0.9974038234599952,0.4818150723976741
0.9974038234599952,0.48187001140250857
0.9974038234599952,0.48192496293762116
0.9974038234599952,0.4820349036158321
0.9971678074109039,0.482030804335425
0.9971678074109039,0.48208580556823366
0.9971678074109039,0.48214081935410247
0.9971678074109039,0.4821958456973294
0.9971678074109039,0.4822508846022144
0.9971678074109039,0.482636509024446
0.9971678074109039,0.4827468007312614
0.9971678074109039,0.4828019654896583
0.9971678074109039,0.4828571428571429
0.9971678074109039,0.48291233283803864
0.9971678074109039,0.48296753543667126
0.9971678074109039,0.48307797850445916
0.9971678074109039,0.483188472095151
0.9971678074109039,0.48329901624342253
0.9971678074109039,0.48335430728749573
0.9971678074109039,0.4834096109839817
0.9971678074109039,0.48346492733722396
0.9971678074109039,0.48357559803136085
0.9971678074109039,0.48368631940469375
0.9969317913618126,0.48368258330470626
0.9969317913618126,0.483737975263399
0.9969317913618126,0.4839042272883492
0.9969317913618126,0.48395967002749773
0.9969317913618126,0.48418156808803303
0.9969317913618126,0.4842370744010088
0.9969317913618126,0.48429259344187114
0.9969317913618126,0.48434812521499826
0.9969317913618126,0.48440366972477067
0.9969317913618126,0.4844592269755706
0.9969317913618126,0.4845147969717825
0.9969317913618126,0.4846259752179899
0.9969317913618126,0.4846815834767642
0.9969317913618126,0.48484848484848486
0.9969317913618126,0.4849041441855126
0.9969317913618126,0.48501550120564935
0.9969317913618126,0.48507119889756545
0.9969317913618126,0.48512690938325487
0.9969317913618126,0.4854614412136536
0.9969317913618126,0.485573054374066
0.9969317913618126,0.4856847188685754
0.9969317913618126,0.48574057037718493
0.9969317913618126,0.4857964347326049
0.9969317913618126,0.4858523119392685
0.9969317913618126,0.4859082020016105
0.9969317913618126,0.4860200207110804
0.9969317913618126,0.4861878453038674
0.9969317913618126,0.48624381259353056
0.9969317913618126,0.4863557858376511
0.9969317913618126,0.48641179180101335
0.9969317913618126,0.4864678106645169
0.9969317913618126,0.4865238424326192
0.9969317913618126,0.48657988710977995
0.9969317913618126,0.4866920152091255
0.9969317913618126,0.4867480986402397
0.9969317913618126,0.48697256167857966
0.9969317913618126,0.48702870978900037
0.9966957753127212,0.48696955719557194
0.9966957753127212,0.4871380782097128
0.9966957753127212,0.48719427780341484
0.9966957753127212,0.4872504903657552
0.9966957753127212,0.4875317478642346
0.9966957753127212,0.48770065827462755
0.9966957753127212,0.4877569877569878
0.9966957753127212,0.4879824358678068
0.9966957753127212,0.4880388304634231
0.9966957753127212,0.48820809248554914
0.9966957753127212,0.4882645392530928
0.99645975926363,0.48865740740740743
0.99645975926363,0.488713971524482
0.99645975926363,0.4887705487381338
0.99645975926363,0.48882713905291186
0.99645975926363,0.4888837424733673
0.99645975926363,0.4889969886495251
0.99645975926363,0.48905363141434033
0.99645975926363,0.4891102873030584
0.99645975926363,0.489166956320241
0.99645975926363,0.4893370421882244
0.99645975926363,0.48939376376492405
0.99645975926363,0.4894504984929284
0.99645975926363,0.4895072463768116
0.99645975926363,0.4895640074211503
0.99645975926363,0.489620781630523
0.99645975926363,0.48967756900951054
0.99645975926363,0.4898480102100012
0.99645975926363,0.4899617036091447
0.99645975926363,0.49001857010213556
0.99645975926363,0.49007544979686596
0.99645975926363,0.4901323426979336
0.99645975926363,0.49018924880993847
0.99645975926363,0.49024616813748256
0.99645975926363,0.49030310068517013
0.99645975926363,0.49036004645760745
0.99645975926363,0.490417005459403
0.99645975926363,0.49047397769516726
0.99645975926363,0.49053096316951317
0.99645975926363,0.49058796188705556
0.99645975926363,0.4907019990701999
0.99645975926363,0.4907590375450424
0.99645975926363,0.49081608928156245
0.99645975926363,0.4909873241074544
0.99645975926363,0.4910444289369621
0.99645975926363,0.49110154705129694
0.99645975926363,0.49150174621653087
0.9962237432145385,0.49144254278728605
0.9962237432145385,0.4914997671169073
0.9959877271654473,0.49144054966810297
0.9959877271654473,0.49149778709527137
0.9959877271654473,0.49155503785672683
0.9959877271654473,0.4917268701934281
0.995751711116356,0.4922412787306032
0.9955156950672646,0.49235438309793395
0.9955156950672646,0.49241186084520194
0.9955156950672646,0.4924693520140105
0.9955156950672646,0.49258437463505783
0.9955156950672646,0.4926419060967064
0.9955156950672646,0.4926994509987151
0.9955156950672646,0.4927570093457944
0.9955156950672646,0.49281458114265686
0.9955156950672646,0.4928721663940173
0.9955156950672646,0.49298737727910236
0.9955156950672646,0.49304500292226766
0.9955156950672646,0.49310264203881227
0.9955156950672646,0.49316029463346195
0.9955156950672646,0.4932179607109448
0.9955156950672646,0.49333333333333335
0.9955156950672646,0.49339103988770616
0.9955156950672646,0.4934487599438465
0.9952796790181733,0.49379391100702574
0.9952796790181733,0.4940253045923149
0.9952796790181733,0.4941410827279119
0.9952796790181733,0.4941989921481308
0.9952796790181733,0.4943728018757327
0.9952796790181733,0.494430765623168
0.9952796790181733,0.49448874296435275
0.9952796790181733,0.49454673390406945
0.9952796790181733,0.49460473844710295
0.9952796790181733,0.49477883374398685
0.9950436629690819,0.49483568075117373
0.9950436629690819,0.49489376687404624
0.9950436629690819,0.4949518666353604
0.9950436629690819,0.49500998003992014
0.9948076469199906,0.49500880798590724
0.9948076469199906,0.4951251027839774
0.9948076469199906,0.4951832706766917
0.9948076469199906,0.4955325652480602
0.9948076469199906,0.49564910630291625
0.9948076469199906,0.49570739738915676
0.9948076469199906,0.49576570218772054
0.9948076469199906,0.49582402070344667
0.9948076469199906,0.4958823529411765
0.9948076469199906,0.4959406989057536
0.9948076469199906,0.495999058602024
0.9948076469199906,0.4961742201294879
0.9948076469199906,0.496232634801036
0.9948076469199906,0.49629106322854116
0.9948076469199906,0.49634950541686296
0.9948076469199906,0.4964079613708633
0.9948076469199906,0.49646643109540634
0.9948076469199906,0.4965249145953587
0.9948076469199906,0.4965834118755891
0.9948076469199906,0.49664192294096854
0.9948076469199906,0.4967004477963705
0.9948076469199906,0.4967589864466706
0.9948076469199906,0.49687610515147945
0.9948076469199906,0.496934685215751
0.9948076469199906,0.4969932790944464
0.9945716308708992,0.49693396226415093
0.9945716308708992,0.49710982658959535
0.9945716308708992,0.4971684756960831
0.9945716308708992,0.49722713864306783
0.9945716308708992,0.4973445060781305
0.9945716308708992,0.4974032105760151
0.9945716308708992,0.49746192893401014
0.9943356148218079,0.4974025974025974
0.9943356148218079,0.49746132955484706
0.9943356148218079,0.497520075578649
0.9943356148218079,0.4976376092605717
0.9943356148218079,0.49769639692852924
0.9943356148218079,0.49775519848771266
0.9943356148218079,0.4978140139430462
0.9943356148218079,0.4978728432994564
0.9943356148218079,0.49793168656187214
0.9943356148218079,0.4979905437352246
0.9943356148218079,0.4981671987702495
0.9943356148218079,0.49822611163670766
0.9943356148218079,0.49846190250828204
0.9943356148218079,0.49852088510235476
0.9943356148218079,0.49863889217658897
0.9943356148218079,0.4986979166666667
0.9943356148218079,0.4988160075775515
0.9943356148218079,0.4989341544291805
0.9943356148218079,0.4989932488451972
0.9943356148218079,0.4990523572613125
0.9943356148218079,0.4991114796825021
0.9943356148218079,0.4991706161137441
0.9943356148218079,0.49922976656001894
0.9943356148218079,0.49928893102630956
0.9943356148218079,0.49934810951760106
0.9943356148218079,0.4994665085951393
0.9943356148218079,0.4995257291913683
0.9940995987727166,0.499644128113879
0.9940995987727166,0.4997034049116147
0.9940995987727166,0.49982200071199717
0.9940995987727166,0.49988131972466177
0.9940995987727166,0.4999406528189911
0.9940995987727166,0.5000593612727057
0.9940995987727166,0.5001781261132882
0.9940995987727166,0.5002969473809241
0.9940995987727166,0.500415825115837
0.9938635827236252,0.500356463878327
0.9938635827236252,0.5004159239453357
0.9938635827236252,0.5005348864852015
0.9938635827236252,0.5005943889681408
0.9938635827236252,0.5007134363852557
0.9938635827236252,0.5007729813295279
0.9938635827236252,0.5010113027959547
0.9938635827236252,0.5011305486135904
0.9938635827236252,0.5011901928112354
0.9938635827236252,0.5013095238095238
0.9938635827236252,0.5013692106203119
0.9936275666745339,0.5013098356751607
0.9936275666745339,0.5013695367393116
0.9936275666745339,0.5014889815366289
0.9936275666745339,0.5015487252799619
0.9936275666745339,0.501728041949708
0.9936275666745339,0.5018476576469186
0.9936275666745339,0.5019074868860277
0.9936275666745339,0.5019673303922737
0.9936275666745339,0.5020271881707608
0.9936275666745339,0.5021469465648855
0.9936275666745339,0.5022068471907432
0.9936275666745339,0.5022667621092818
0.9936275666745339,0.5023266913256175
0.9936275666745339,0.5023866348448688
0.9936275666745339,0.5024465926721566
0.9936275666745339,0.5025665512713382
0.9936275666745339,0.5026265520534862
0.9936275666745339,0.5026865671641791
0.9936275666745339,0.5027465966085503
0.9936275666745339,0.5028066403917354
0.9936275666745339,0.5028666985188724
0.9936275666745339,0.5029267709951022
0.9936275666745339,0.5031070745697896
0.9936275666745339,0.5031672044938449
0.9936275666745339,0.5034078679899557
0.9936275666745339,0.5034680698397512
0.9936275666745339,0.5035282860901806
0.9936275666745339,0.5038898862956314
0.9936275666745339,0.5039502034953316
0.9936275666745339,0.5040105351370765
0.9936275666745339,0.504131241767453
0.9936275666745339,0.5041916167664671
0.9936275666745339,0.5043124101581217
0.9936275666745339,0.5043728285611597
0.9936275666745339,0.5046751378566291
0.9936275666745339,0.5047356432082484
0.9936275666745339,0.5047961630695443
0.9936275666745339,0.5048566974457369
0.9936275666745339,0.5049172463420485
0.9936275666745339,0.504977809763704
0.9936275666745339,0.5050989802039592
0.9936275666745339,0.5051595872330213
0.9936275666745339,0.5052202088083524
0.9936275666745339,0.5052808449351897
0.9936275666745339,0.5053414956187733
0.9936275666745339,0.5054021608643458
0.9936275666745339,0.5054628406771521
0.9936275666745339,0.5055842440254593
0.9936275666745339,0.5057057057057057
0.9936275666745339,0.5057664584334455
0.9936275666745339,0.5060096153846154
0.9936275666745339,0.5060704411587931
0.9936275666745339,0.5061312815580669
0.9936275666745339,0.5063138905592303
0.9936275666745339,0.506374789511667
0.9936275666745339,0.506435703115602
0.9936275666745339,0.5065575742991216
0.9936275666745339,0.5066795041521241
0.9936275666745339,0.5067404910929225
0.9936275666745339,0.5068625090296172
0.9936275666745339,0.5069235400361228
0.9936275666745339,0.5069845857418112
0.9936275666745339,0.5070456461519932
0.9936275666745339,0.5071678111070955
0.9936275666745339,0.5072900349439692
0.9936275666745339,0.5074123177051947
0.9936275666745339,0.507473481195757
0.9936275666745339,0.5075958524234386
0.9936275666745339,0.5076570601712288
0.9936275666745339,0.5077182826821033
0.9936275666745339,0.5078407720144753
0.9936275666745339,0.5079020388466643
0.9936275666745339,0.5079633204633205
0.9936275666745339,0.508024616869796
0.9936275666745339,0.5080859280714458
0.9936275666745339,0.508147254073627
0.9936275666745339,0.5082085948816997
0.9936275666745339,0.5082699505010262
0.9936275666745339,0.5083313209369718
0.9936275666745339,0.508392706194904
0.9936275666745339,0.5084541062801933
0.9936275666745339,0.5085155211982123
0.9936275666745339,0.5085769509543367
0.9936275666745339,0.5086998550024167
0.9936275666745339,0.508761329305136
0.9936275666745339,0.5088228184674886
0.9936275666745339,0.5089458413926499
0.9936275666745339,0.5090073751662435
0.9936275666745339,0.5090689238210399
0.9936275666745339,0.509130487362438
0.9936275666745339,0.5092536591266481
0.9936275666745339,0.5095001815321312
0.9936275666745339,0.5095618494311305
0.9936275666745339,0.5098704129829236
0.9936275666745339,0.5099939430648092
0.9936275666745339,0.5100557305548825
0.9936275666745339,0.5101175330182964
0.9936275666745339,0.5101793504604945
0.9936275666745339,0.5102411828869228
0.9936275666745339,0.5103030303030303
0.9936275666745339,0.5103648927142684
0.9936275666745339,0.5104267701260912
0.9933915506254425,0.5106150673298556
0.9933915506254425,0.5106770201407426
0.9933915506254425,0.5108009708737864
0.9933915506254425,0.510924981791697
0.9933915506254425,0.5111111111111111
0.9931555345763512,0.5110517367014816
0.9931555345763512,0.5111138102757197
0.9929195185272599,0.5112407339895492
0.9929195185272599,0.5113650176248936
0.9929195185272599,0.5114271821055191
0.9929195185272599,0.5114893617021277
0.9929195185272599,0.5115515564202334
0.9929195185272599,0.5116137662653533
0.9929195185272599,0.5116759912430066
0.9929195185272599,0.512049659201558
0.9929195185272599,0.5121119902617164
0.9929195185272599,0.5121743364986608
0.9929195185272599,0.5122990745250853
0.9929195185272599,0.5123614663256607
0.9926835024781685,0.5123644780119381
0.9926835024781685,0.5124893383696845
0.9926835024781685,0.5125517913721667
0.9926835024781685,0.5126142595978063
0.9926835024781685,0.5130519638936326
0.9926835024781685,0.5131145541051604
0.9926835024781685,0.513177159590044
0.9926835024781685,0.5133650677407543
0.9926835024781685,0.5135531135531135
0.9926835024781685,0.5136158261081939
0.9926835024781685,0.5136785539814362
0.9924474864290772,0.5136191523146452
0.9924474864290772,0.5136818959198631
0.9924474864290772,0.5138074291300098
0.9924474864290772,0.5138702187461811
0.9924474864290772,0.5139958440288473
0.9924474864290772,0.5140586797066015
0.9924474864290772,0.5141843971631206
0.9924474864290772,0.5142472789531614
0.9924474864290772,0.5143730886850153
0.9924474864290772,0.5144989599902117
0.9924474864290772,0.5146248929139641
0.9922114703799858,0.5145654834761322
0.9922114703799858,0.5146284734973681
0.9922114703799858,0.5146914789422136
0.9922114703799858,0.514754499816334
0.9922114703799858,0.514817536125398
0.9922114703799858,0.5148805878750765
0.9922114703799858,0.5149436550710436
0.9922114703799858,0.5150067377189759
0.9922114703799858,0.5150698358245528
0.9922114703799858,0.5151329493934567
0.9922114703799858,0.5152592229439882
0.9922114703799858,0.5153223829369944
0.9922114703799858,0.5153855584160844
0.9922114703799858,0.5155119558553035
0.9922114703799858,0.5155751778268335
0.9922114703799858,0.5156384153072489
0.9922114703799858,0.5157649368175684
0.9922114703799858,0.5158282208588957
0.9922114703799858,0.5158915204319549
0.9922114703799858,0.5159548355424645
0.9922114703799858,0.5160181661961458
0.9922114703799858,0.5161448741559239
0.9922114703799858,0.5162082514734774
0.9922114703799858,0.5162716443571166
0.9922114703799858,0.5163350528125767
0.9922114703799858,0.5163984768455964
0.9922114703799858,0.5164619164619164
0.9922114703799858,0.516525371667281
0.9922114703799858,0.5165888424674367
0.9919754543308945,0.5165294334521322
0.9919754543308945,0.5165929203539823
0.9919754543308945,0.5168470241023119
0.9919754543308945,0.5169105891034314
0.9919754543308945,0.5169741697416974
0.9919754543308945,0.5170377660228811
0.9919754543308945,0.5171013779527559
0.9919754543308945,0.5172923076923077
0.9919754543308945,0.5173559822747416
0.9919754543308945,0.5174196725347778
0.9919754543308945,0.5175471001108238
0.9917394382818031,0.517487684729064
0.9917394382818031,0.5176151761517616
0.9917394382818031,0.5176789454231859
0.9917394382818031,0.5181257706535142
0.9915034222327118,0.5182580804342463
0.9915034222327118,0.5183220234423196
0.9915034222327118,0.5183859822309971
0.9915034222327118,0.5184499568061212
0.9915034222327118,0.5185139471735374
0.9915034222327118,0.518577953339094
0.9915034222327118,0.51883413609979
0.9915034222327118,0.5192188851810654
0.9915034222327118,0.519347261713438
0.9915034222327118,0.5195399455849616
0.9915034222327118,0.519604205318491
0.9915034222327118,0.5196684809500247
0.9915034222327118,0.5199257425742574
0.9915034222327118,0.5200544689279525
0.9915034222327118,0.5201188560108951
0.9915034222327118,0.5201832590391283
0.9915034222327118,0.5204410307234886
0.9915034222327118,0.5205055135670921
0.9915034222327118,0.521086579012652
0.9915034222327118,0.5211512219327626
0.9915034222327118,0.5212158808933003
0.9915034222327118,0.5215394165114835
0.9915034222327118,0.5216041718400795
0.9915034222327118,0.5216689432509624
0.9915034222327118,0.5217985343435598
0.9915034222327118,0.5218633540372671
0.9915034222327118,0.5219281898372469
0.9915034222327118,0.521993041749503
0.9915034222327118,0.5221227939348745
0.9912674061836205,0.5221932114882507
0.9912674061836205,0.5222581447401144
0.9912674061836205,0.5223230941425195
0.9912674061836205,0.5223880597014925
0.9912674061836205,0.5224530414230626
0.9912674061836205,0.522518039313262
0.9912674061836205,0.5226480836236934
0.9912674061836205,0.522713130056005
0.9912674061836205,0.5227781926811053
0.9912674061836205,0.5228432715050417
0.9912674061836205,0.5229734777736272
0.9912674061836205,0.523038605230386
0.9912674061836205,0.5231037489102005
0.9912674061836205,0.523168908819133
0.9912674061836205,0.5232340849632491
0.9912674061836205,0.5234297108673978
0.9912674061836205,0.5236254831068445
0.9912674061836205,0.5236907730673317
0.9912674061836205,0.5239520958083832
0.9912674061836205,0.5240174672489083
0.9912674061836205,0.5240828550037434
0.9912674061836205,0.5241482590789966
0.9912674061836205,0.5242136794807788
0.9912674061836205,0.5242791162152041
0.9912674061836205,0.5244100387064552
0.9912674061836205,0.5244755244755245
0.9912674061836205,0.5245410266017235
0.9912674061836205,0.5246065450911817
0.9912674061836205,0.5246720799500312
0.9912674061836205,0.5247376311844077
0.9912674061836205,0.5248687828042989
0.9912674061836205,0.5249343832020997
0.9912674061836205,0.525
0.9912674061836205,0.5251312828207052
0.9912674061836205,0.5251969488558209
0.9912674061836205,0.5252626313156579
0.9912674061836205,0.5253940455341506
0.9912674061836205,0.525459777305142
0.9912674061836205,0.5255255255255256
0.9912674061836205,0.5257228689447991
0.9912674061836205,0.5259203606311045
0.9912674061836205,0.5259862241703194
0.9912674061836205,0.5260521042084169
0.9912674061836205,0.5262498433780228
0.9912674061836205,0.5263157894736842
0.9912674061836205,0.5264477312609677
0.9912674061836205,0.5265137269650244
0.9912674061836205,0.526711813393529
0.9912674061836205,0.5267778753292361
0.9912674061836205,0.5268439538384345
0.9912674061836205,0.5269761606022585
0.9912674061836205,0.5270422888693688
0.9912674061836205,0.5271745952052216
0.9912674061836205,0.5272407732864675
0.9912674061836205,0.527306967984934
0.9912674061836205,0.5274394072585709
0.9912674061836205,0.5275056518462697
0.9912674061836205,0.5276381909547738
0.9912674061836205,0.5277044854881267
0.9912674061836205,0.5279034690799397
0.9912674061836205,0.5279698302954117
0.9912674061836205,0.5280362081971335
0.9912674061836205,0.528169014084507
0.9912674061836205,0.5283683482199019
0.9912674061836205,0.5284348263714141
0.9912674061836205,0.5285678328718852
0.9912674061836205,0.5286343612334802
0.9912674061836205,0.5287009063444109
0.9912674061836205,0.5290338833606247
0.9912674061836205,0.5291005291005291
0.9912674061836205,0.5291671916341187
0.9910313901345291,0.5293746848209783
0.9910313901345291,0.5294414323540537
0.9910313901345291,0.5295081967213114
0.9910313901345291,0.5296417759838546
0.9910313901345291,0.5297754226596013
0.9910313901345291,0.5298422712933754
0.9910313901345291,0.5300429184549357
0.9910313901345291,0.5301767676767677
0.9910313901345291,0.5302437176411163
0.9910313901345291,0.5306457727789713
0.9910313901345291,0.5307128412537917
0.9910313901345291,0.5307799266843636
0.9910313901345291,0.5309141484384878
0.9910313901345291,0.5309812847749115
0.9907953740854378,0.5309219678765651
0.9907953740854378,0.5309891221856817
0.9907953740854378,0.531459678440309
0.9907953740854378,0.5316616008105369
0.9907953740854378,0.5317289423685877
0.9907953740854378,0.5318636766755352
0.9907953740854378,0.531931069437405
0.9907953740854378,0.5320659062103928
0.9907953740854378,0.5321333502345037
0.9907953740854378,0.5322008113590264
0.9907953740854378,0.5322682895904653
0.9907953740854378,0.5324032974001268
0.9907953740854378,0.5324708269913749
0.9907953740854378,0.5325383737155905
0.9907953740854378,0.5326059375792946
0.9907953740854378,0.532808732072598
0.9907953740854378,0.5328763645595329
0.9907953740854378,0.5330116810563738
0.9907953740854378,0.533079365079365
0.9907953740854378,0.5333502731546182
0.9907953740854378,0.533418043202033
0.9907953740854378,0.5335536349771225
0.9907953740854378,0.5336214567179357
0.9907953740854378,0.5337571519389701
0.9907953740854378,0.53382502543235
0.9907953740854378,0.5340287495229614
0.9907953740854378,0.5343006236477027
0.9907953740854378,0.5343686354378818
0.9907953740854378,0.5344366645448759
0.9907953740854378,0.5345047109752992
0.9907953740854378,0.5346408558329088
0.9907953740854378,0.534708954273341
0.9907953740854378,0.5347770700636942
0.9907953740854378,0.5348452032106
0.9907953740854378,0.5349133537206932
0.9907953740854378,0.5349815216006117
0.9907953740854378,0.5350497068569972
0.9907953740854378,0.5351179094964946
0.9907953740854378,0.5351861295257522
0.9907953740854378,0.5352543669514217
0.9907953740854378,0.5353226217801581
0.9905593580363464,0.5352633592653998
0.9903233419872551,0.5356823694625303
0.9903233419872551,0.5357507660878448
0.9903233419872551,0.5358191801813306
0.9900873259381638,0.5357598978288634
0.9900873259381638,0.5360337337081523
0.9900873259381638,0.5361707566462167
0.9900873259381638,0.5363764224523718
0.9900873259381638,0.5364450127877238
0.9900873259381638,0.5365822460987465
0.9900873259381638,0.5369943676395289
0.9900873259381638,0.5371318822023048
0.9900873259381638,0.5372694672131147
0.9900873259381638,0.537338286153452
0.9900873259381638,0.5374071227261081
0.9900873259381638,0.5374759769378603
0.9900873259381638,0.5376826454755191
0.9900873259381638,0.5377515703114986
0.9900873259381638,0.5378205128205128
0.9900873259381638,0.5379584508848423
0.9900873259381638,0.538303605800077
0.9900873259381638,0.5383726899383984
0.9900873259381638,0.538441791811064
0.9900873259381638,0.5385109114249037
0.9900873259381638,0.5386492039034412
0.9900873259381638,0.5387183767818159
0.9900873259381638,0.5387875674287183
0.9900873259381638,0.5388567758509955
0.9900873259381638,0.5389260020554985
0.9900873259381638,0.5389952460490813
0.9900873259381638,0.5391337874309214
0.9900873259381638,0.5392724000514205
0.9900873259381638,0.5393417330933402
0.9900873259381638,0.5394110839655394
0.9900873259381638,0.5395498392282958
0.9900873259381638,0.5396886658947639
0.9900873259381638,0.5399665336594156
0.9900873259381638,0.5400360453141092
0.9900873259381638,0.5401751223280968
0.9900873259381638,0.5402446877012235
0.9900873259381638,0.5403142709943328
0.9900873259381638,0.5404534913682041
0.9900873259381638,0.5405231284628269
0.9900873259381638,0.5406624565021265
0.9900873259381638,0.5408018563877788
0.9900873259381638,0.5410110910497807
0.9900873259381638,0.5410808719205469
0.9900873259381638,0.5411506707946336
0.9900873259381638,0.5412204876790092
0.9900873259381638,0.5413601755065169
0.9900873259381638,0.5414300464636035
0.9900873259381638,0.5414999354588873
0.9900873259381638,0.5417097107438017
0.9900873259381638,0.5417796719617719
0.9900873259381638,0.5418496512529062
0.9900873259381638,0.5419196486242087
0.9900873259381638,0.5419896640826873
0.9900873259381638,0.5420596976353534
0.9900873259381638,0.542129749289222
0.9900873259381638,0.5421998190513119
0.9900873259381638,0.5423400129282482
0.9900873259381638,0.5424101370571502
0.9900873259381638,0.5424802793223846
0.9900873259381638,0.5426206182900013
0.9900873259381638,0.5427610298874369
0.9900873259381638,0.5428312629399586
0.9900873259381638,0.5429015141710883
0.9900873259381638,0.5429717835878851
0.9900873259381638,0.543042071197411
0.9900873259381638,0.5431123770067323
0.9900873259381638,0.5431827010229185
0.9900873259381638,0.5433234037041834
0.9900873259381638,0.5433937823834197
0.9900873259381638,0.5440985732814526
0.9900873259381638,0.5441691529381243
0.9900873259381638,0.5444516547696301
0.9900873259381638,0.5448051948051948
0.9900873259381638,0.5448759579166126
0.9900873259381638,0.5450883575883576
0.9900873259381638,0.5451591942820013
0.9900873259381638,0.5452300493891344
0.9900873259381638,0.5453718148725949
0.9900873259381638,0.5454427252632947
0.9900873259381638,0.5455846013785928
0.9900873259381638,0.5456555671175859
0.9900873259381638,0.5458685751463891
0.9900873259381638,0.5460106729142262
0.9900873259381638,0.5460817495443895
0.9900873259381638,0.5461528446816821
0.9900873259381638,0.5462950905065764
0.9900873259381638,0.5464374104467891
0.9900873259381638,0.5466510294500913
0.9900873259381638,0.5467222729049915
0.9900873259381638,0.546793534932221
0.9900873259381638,0.5468648155390432
0.9900873259381638,0.5473643006263048
0.9900873259381638,0.5474357301318021
0.9900873259381638,0.5475071782824328
0.9900873259381638,0.547578645085498
0.9900873259381638,0.5476501305483029
0.9900873259381638,0.5477931574823713
0.9900873259381638,0.5479362591431557
0.9900873259381638,0.5481510518750816
0.9900873259381638,0.5482943406090707
0.9900873259381638,0.5485094142259415
0.9900873259381638,0.5485811429318687
0.9900873259381638,0.548868245453356
0.9900873259381638,0.5489400680450144
0.9900873259381638,0.5490119094359377
0.9900873259381638,0.5491556486451106
0.9900873259381638,0.5492275464781357
0.9900873259381638,0.5492994631399765
0.9900873259381638,0.5494433529796987
0.9900873259381638,0.5495873182235033
0.9900873259381638,0.5497313589306775
0.9900873259381638,0.5498754751605716
0.9900873259381638,0.550091791240493
0.9900873259381638,0.5502360965372508
0.9900873259381638,0.5503082775810049
0.9900873259381638,0.5503804775649436
0.9900873259381638,0.5504526964965227
0.9900873259381638,0.550524934383202
0.9900873259381638,0.5506694670517196
0.9900873259381638,0.5507417618484968
0.9900873259381638,0.5510311309601996
0.9900873259381638,0.5511035207567
0.9900873259381638,0.5512483574244416
0.9900873259381638,0.5513932702418507
0.9900873259381638,0.5514657552254503
0.9900873259381638,0.5515382592689981
0.9900873259381638,0.5516107823800132
0.9898513098890724,0.5518421052631579
0.9898513098890724,0.5519873650960779
0.9898513098890724,0.5520600236935632
0.9898513098890724,0.5522053982883476
0.9898513098890724,0.5522781143007638
0.9898513098890724,0.552350849466614
0.9898513098890724,0.5524236037934668
0.9898513098890724,0.5524963772888948
0.9898513098890724,0.5525691699604743
0.9898513098890724,0.5527148128624143
0.9898513098890724,0.5527876631079478
0.9898513098890724,0.5528605325599789
0.9898513098890724,0.553006329113924
0.9898513098890724,0.5530792562310431
0.9898513098890724,0.5531522025850699
0.9898513098890724,0.5534441805225653
0.9898513098890724,0.5535172231753992
0.9898513098890724,0.5536633663366337
0.9898513098890724,0.5538827258320127
0.9898513098890724,0.5539558842953375
0.9898513098890724,0.5540290620871863
0.9898513098890724,0.5541022592152199
0.9898513098890724,0.5542487115105061
0.9898513098890724,0.5543219666931007
0.9898513098890724,0.5546151811690029
0.9898513098890724,0.5546885332627959
0.9898513098890724,0.5547619047619048
0.9898513098890724,0.554835295674031
0.9898513098890724,0.5549087060068801
0.9898513098890724,0.554982135768162
0.9898513098890724,0.5550555849655903
0.9898513098890724,0.5551290536068828
0.9898513098890724,0.5552025416997617
0.9896152938399811,0.5551436515291936
0.9896152938399811,0.5552171610169492
0.9896152938399811,0.5552906899748378
0.9896152938399811,0.555364238410596
0.9896152938399811,0.5554378063319645
0.9896152938399811,0.5555113937466879
0.9896152938399811,0.5556586270871985
0.9896152938399811,0.5558059384941676
0.9896152938399811,0.5558796234919793
0.9896152938399811,0.5561007957559682
0.9896152938399811,0.5561745589600743
0.9896152938399811,0.5562483417352083
0.9896152938399811,0.556395966029724
0.9896152938399811,0.5565436687018848
0.9896152938399811,0.5566175494490907
0.9896152938399811,0.5566914498141264
0.9896152938399811,0.5567653698048068
0.9896152938399811,0.5568393094289509
0.9896152938399811,0.5570612461804172
0.9896152938399811,0.5572833599149388
0.9896152938399811,0.5574315341664451
0.9896152938399811,0.5575797872340426
0.9896152938399811,0.5576539433435297
0.9896152938399811,0.5578023147532261
0.9896152938399811,0.5582479030754893
0.9896152938399811,0.5584709643047416
0.9896152938399811,0.5585453576661782
0.9896152938399811,0.5586197708499867
0.9896152938399811,0.5586942038640906
0.9896152938399811,0.558768656716418
0.9896152938399811,0.5588431294149007
0.9896152938399811,0.5589176219674753
0.9896152938399811,0.5589921343820824
0.9896152938399811,0.5590666666666667
0.9896152938399811,0.5597383526898946
0.9896152938399811,0.5598130841121496
0.9896152938399811,0.5599626068376068
0.9893792777908897,0.5599038333110725
0.9893792777908897,0.5599786267699706
0.9893792777908897,0.5601282736504543
0.9893792777908897,0.5602031270880663
0.9893792777908897,0.5603528939981286
0.9893792777908897,0.560427807486631
0.9893792777908897,0.5605027410081562
0.9893792777908897,0.5606526681824261
0.9893792777908897,0.5608026755852843
0.9893792777908897,0.5608777093925609
0.9893792777908897,0.5610278372591007
0.9893792777908897,0.5612531798098809
0.9893792777908897,0.561328334226031
0.9893792777908897,0.5614035087719298
0.9893792777908897,0.5615539182853315
0.9893792777908897,0.5617796837309033
0.9893792777908897,0.5620056307816061
0.9893792777908897,0.5621563631487193
0.9893792777908897,0.5624580705756071
0.9893792777908897,0.5625335480407944
0.9893792777908897,0.5626845637583893
0.9893792777908897,0.5627601020271177
0.9893792777908897,0.5629112394252719
0.9893792777908897,0.5629868385710448
0.9893792777908897,0.5630624580255205
0.9893792777908897,0.5631380977968834
0.9893792777908897,0.5632137578933226
0.9893792777908897,0.5632894383230315
0.9893792777908897,0.5633651390942078
0.9893792777908897,0.563516601693776
0.9891432617417985,0.5635336829366681
0.9891432617417985,0.5636094674556213
0.9891432617417985,0.5636852723604573
0.9891432617417985,0.5637610976594027
0.9891432617417985,0.5638369433606888
0.9891432617417985,0.5639128094725512
0.9891432617417985,0.56421647819063
0.9891432617417985,0.5642924464790628
0.9891432617417985,0.5643684352275787
0.9891432617417985,0.5644444444444444
0.9891432617417985,0.5646725949878739
0.9891432617417985,0.5647486861608948
0.9891432617417985,0.5648247978436658
0.9891432617417985,0.5650532560334367
0.9891432617417985,0.5653581545932821
0.9891432617417985,0.5654344306529951
0.9891432617417985,0.565587044534413
0.9891432617417985,0.5656633823727899
0.9891432617417985,0.5657397408207343
0.9891432617417985,0.56589251957872
0.9891432617417985,0.5659689399054693
0.9891432617417985,0.5660453808752026
0.9891432617417985,0.5663513513513514
0.9891432617417985,0.5664278956615759
0.9891432617417985,0.5665044606650446
0.9891432617417985,0.56658104637015
0.9891432617417985,0.5666576527852893
0.9891432617417985,0.566734279918864
0.9891432617417985,0.5668109277792805
0.9891432617417985,0.5668875963749492
0.9891432617417985,0.5669642857142857
0.9891432617417985,0.5670409958057097
0.988907245692707,0.5669824086603519
0.988907245692707,0.56705914196779
0.988907245692707,0.5671358960476448
0.988907245692707,0.5672126709083525
0.988907245692707,0.5673662830060935
0.988907245692707,0.5675968572202655
0.988907245692707,0.5676737569435036
0.988907245692707,0.5678276189185526
0.988907245692707,0.5679045811873137
0.988907245692707,0.568289705682897
0.988907245692707,0.5684439017772351
0.988907245692707,0.5685210312075983
0.988907245692707,0.5686753528773073
0.988907245692707,0.5687525451337043
0.988907245692707,0.5688297583491718
0.988907245692707,0.5689069925322471
0.988907245692707,0.568984247691472
0.988907245692707,0.5691388209725619
0.988907245692707,0.5692161391115338
0.988907245692707,0.5692934782608695
0.988907245692707,0.5694482196248981
0.988907245692707,0.569525621856735
0.988907245692707,0.5696030451332246
0.988907245692707,0.5696804894629504
0.988907245692707,0.569757954854501
0.988907245692707,0.5698354413164695
0.988907245692707,0.5699129488574538
0.988907245692707,0.5701455980405498
0.988907245692707,0.570223189983669
0.988907245692707,0.5703008030488634
0.988907245692707,0.570378437244759
0.988907245692707,0.5705337690631809
0.988907245692707,0.5706114667029825
0.988907245692707,0.5706891855080359
0.988907245692707,0.5707669254869909
0.988907245692707,0.5708446866485014
0.988907245692707,0.5710002725538293
0.988907245692707,0.5711559432933478
0.988907245692707,0.5712338104976141
0.988907245692707,0.5713116989364603
0.988907245692707,0.5713896086185736
0.988907245692707,0.571467539552646
0.988907245692707,0.5715454917473741
0.988907245692707,0.5716234652114598
0.988907245692707,0.571701459953609
0.988907245692707,0.5718575133069469
0.988907245692707,0.571935571935572
0.988907245692707,0.5720917531403604
0.988907245692707,0.5721698757339888
0.988907245692707,0.5723261849474116
0.988907245692707,0.5724043715846995
0.988907245692707,0.5724825795873754
0.988907245692707,0.5725608089641979
0.988907245692707,0.5726390597239306
0.988907245692707,0.5727956254272044
0.988907245692707,0.5730306345733042
0.9886712296436158,0.5730506155950752
0.9886712296436158,0.5731290190176495
0.9886712296436158,0.5732074438970991
0.9886712296436158,0.5732858902422334
0.9886712296436158,0.5734428473648187
0.9886712296436158,0.5735213581599123
0.9886712296436158,0.573599890455977
0.9886712296436158,0.5736784442618461
0.9886712296436158,0.573757019586358
0.9886712296436158,0.5739142348266886
0.9886712296436158,0.5740715362477731
0.9886712296436158,0.5741502192982456
0.9886712296436158,0.5742289239204935
0.9886712296436158,0.5743863979158097
0.9886712296436158,0.5744651673066374
0.9886712296436158,0.5745439583047592
0.9886712296436158,0.5747804610318331
0.9886712296436158,0.5748593385480993
0.9886712296436158,0.574938237716168
0.9886712296436158,0.5750171585449554
0.9886712296436158,0.5752540510848668
0.9886712296436158,0.5754120879120879
0.9886712296436158,0.575807560137457
0.9886712296436158,0.5759659012787021
0.9886712296436158,0.5760451045104511
0.9886712296436158,0.576124329528263
0.9886712296436158,0.5764414476400165
0.9886712296436158,0.5765207817230938
0.9886712296436158,0.5766795154185022
0.9886712296436158,0.5767589150488779
0.9886712296436158,0.5769177799201212
0.9886712296436158,0.5771562413888124
0.9886712296436158,0.5773153252480706
0.9886712296436158,0.5774744968293355
0.9886712296436158,0.5775541155383979
0.9886712296436158,0.5776337562051848
0.9886712296436158,0.5777134188387809
0.9886712296436158,0.5779525386313465
0.9886712296436158,0.5780322892231268
0.9886712296436158,0.578112061827215
0.9886712296436158,0.578191856452726
0.9884352135945245,0.5781336278299282
0.9884352135945245,0.5782134474665194
0.9884352135945245,0.5782932891466446
0.9884352135945245,0.5784530386740332
0.9884352135945245,0.5785329465395773
0.9884352135945245,0.5786928285201051
0.9884352135945245,0.5787728026533997
0.9884352135945245,0.578852798894264
0.9884352135945245,0.5789328172518662
0.9884352135945245,0.5790128577353795
0.9884352135945245,0.5790929203539823
0.9884352135945245,0.579333241112187
0.9884352135945245,0.5794133923630327
0.9884352135945245,0.5795737614171049
0.9884352135945245,0.579734219269103
0.9884352135945245,0.579814481517375
0.9884352135945245,0.5798947659927998
0.9884352135945245,0.5799750727046116
0.9884352135945245,0.5800554016620498
0.9884352135945245,0.5802161263507897
0.9884352135945245,0.5803769401330376
0.9884352135945245,0.5806183280188548
0.9884352135945245,0.5806988352745425
0.9884352135945245,0.5807793648592429
0.9884352135945245,0.5810210876803552
0.9884352135945245,0.5811823480432973
0.9884352135945245,0.5813436979455858
0.9884352135945245,0.5819091288036682
0.9884352135945245,0.5819899944413564
0.9884352135945245,0.5820708825573315
0.9884352135945245,0.5821517931609674
0.9881991975454331,0.5820937022104824
0.9881991975454331,0.582174638487208
0.9881991975454331,0.5822555972743707
0.9881991975454331,0.582336578581363
0.9881991975454331,0.5824175824175825
0.9881991975454331,0.5825796577153193
0.9881991975454331,0.5829852408799777
0.9881991975454331,0.5833101142379493
0.9881991975454331,0.583391389159816
0.9881991975454331,0.5835540069686411
0.9881991975454331,0.583635349874547
0.9881991975454331,0.583798103736754
0.9881991975454331,0.5838795147120346
0.9881991975454331,0.5839609483960948
0.9881991975454331,0.5840424047984377
0.9881991975454331,0.5841238839285714
0.9881991975454331,0.5842053857960094
0.9881991975454331,0.5843684577808793
0.9881991975454331,0.5846948750174557
0.9881991975454331,0.5847765363128492
0.9881991975454331,0.5848582204218467
0.9881991975454331,0.5850216571189045
0.9881991975454331,0.5853488046973297
0.9881991975454331,0.585430648769575
0.9881991975454331,0.5855125157320654
0.9879631814963418,0.5855364386627501
0.9879631814963418,0.5856183547845552
0.9879631814963418,0.5858642407277816
0.9879631814963418,0.5859462486002239
0.9879631814963418,0.5861103332399888
0.9879631814963418,0.5863566325815941
0.9879631814963418,0.5865209471766849
0.9879631814963418,0.586603139013453
0.9879631814963418,0.5867675918138492
0.9879631814963418,0.5868498527968596
0.9879631814963418,0.5869321368480089
0.9879631814963418,0.5870144439770019
0.9879631814963418,0.5870967741935483
0.9877271654472504,0.5871212121212122
0.9877271654472504,0.5872859949480774
0.9877271654472504,0.5873684210526315
0.9877271654472504,0.5875333426926856
0.9877271654472504,0.5876158382476833
0.9877271654472504,0.5876983569723353
0.9877271654472504,0.5877808988764045
0.9877271654472504,0.5879460522618714
0.9877271654472504,0.5880286637628214
0.9877271654472504,0.5881112984822934
0.9877271654472504,0.5881939564300773
0.9877271654472504,0.5882766376159685
0.9877271654472504,0.588359342049768
0.9877271654472504,0.5884420697412823
0.9877271654472504,0.5886903924602617
0.9877271654472504,0.5888560574081891
0.9877271654472504,0.5889389248522375
0.9877271654472504,0.5891047297297297
0.9877271654472504,0.5891876671828805
0.9877271654472504,0.5892706279921149
0.9877271654472504,0.5895196506550219
0.9877271654472504,0.5896027049873204
0.9877271654472504,0.5897688838782412
0.9877271654472504,0.5898520084566596
0.9877271654472504,0.5901015228426396
0.9877271654472504,0.5903512484130343
0.9877271654472504,0.5904345372460497
0.9877271654472504,0.5905178495837449
0.9877271654472504,0.5906011854360711
0.9877271654472504,0.590851334180432
0.9877271654472504,0.5910182177658523
0.9877271654472504,0.591185195649103
0.9877271654472504,0.5912687199773947
0.9877271654472504,0.5913522679101314
0.9877271654472504,0.5914358394573205
0.9877271654472504,0.5915194346289753
0.9877271654472504,0.5917703619909502
0.9877271654472504,0.5918540517607128
0.9877271654472504,0.5921890476864299
0.9877271654472504,0.5922728559298047
0.9877271654472504,0.5923566878980892
0.9877271654472504,0.592440543601359
0.9877271654472504,0.5925244230496955
0.9877271654472504,0.592608326253186
0.9877271654472504,0.5927762039660056
0.9877271654472504,0.5928601784955376
0.9877271654472504,0.5932804082789906
0.9877271654472504,0.5933645257337303
0.9877271654472504,0.59344866704481
0.9877271654472504,0.5936170212765958
0.9877271654472504,0.5937012342176196
0.9877271654472504,0.5937854710556186
0.9877271654472504,0.5940383250532293
0.9877271654472504,0.59412265758092
0.9877271654472504,0.59420701405651
0.9877271654472504,0.5942913944902016
0.9877271654472504,0.5947136563876652
0.9877271654472504,0.5947981807845367
0.9877271654472504,0.5949673016775661
0.9877271654472504,0.5950518981942272
0.9877271654472504,0.5953905249679897
0.9877271654472504,0.5958991883810337
0.9877271654472504,0.5959840501281686
0.9877271654472504,0.5960689360489959
0.9877271654472504,0.5961538461538461
0.9877271654472504,0.596238780453056
0.9877271654472504,0.5963237389569678
0.9877271654472504,0.5964087216759298
0.9877271654472504,0.5964937286202965
0.9877271654472504,0.5965787598004276
0.9874911493981591,0.5965212432278301
0.9874911493981591,0.5966063025809212
0.9874911493981591,0.5966913861950941
0.9874911493981591,0.5968616262482168
0.9874911493981591,0.5969467827079469
0.9874911493981591,0.5970319634703196
0.9874911493981591,0.5971171685457399
0.9874911493981591,0.5972023979446189
0.9874911493981591,0.5972876516773733
0.9874911493981591,0.597372929754426
0.9874911493981591,0.5975435589831477
0.9874911493981591,0.5976289101556921
0.9874911493981591,0.5977996856693814
0.9874911493981591,0.5978851100314375
0.9874911493981591,0.597970558810919
0.9874911493981591,0.5980560320182962
0.9874911493981591,0.5981415296640458
0.9874911493981591,0.5982270517586503
0.9874911493981591,0.5983125983125983
0.9874911493981591,0.5983981693363845
0.9874911493981591,0.5985693848354793
0.9874911493981591,0.5986550293318071
0.9874911493981591,0.5988263918706168
0.9874911493981591,0.598912109934154
0.9874911493981591,0.5990836197021764
0.9874911493981591,0.5991694114277532
0.9874911493981591,0.5992552277284445
0.9874911493981591,0.5993410686148116
0.9874911493981591,0.5995987388936658
0.9874911493981591,0.6000286820593719
0.9874911493981591,0.6001147446930579
0.9874911493981591,0.6002008320183618
0.9874911493981591,0.6003730807863396
0.9874911493981591,0.600459242250287
0.9874911493981591,0.6005454284483996
0.9874911493981591,0.6006316393913294
0.9874911493981591,0.6007178750897344
0.9874911493981591,0.6009767308244758
0.9874911493981591,0.6010630656514868
0.9874911493981591,0.6011494252873564
0.9874911493981591,0.6012358097427791
0.9874911493981591,0.6014086531550956
0.9874911493981591,0.60149511213341
0.9874911493981591,0.6015815959741193
0.9874911493981591,0.6018411967779056
0.9874911493981591,0.6019277801755143
0.9874911493981591,0.6020143884892086
0.9874911493981591,0.6021876799078871
0.9874911493981591,0.6023610711200691
0.9874911493981591,0.6024478041756659
0.9874911493981591,0.6025345622119815
0.9874911493981591,0.6027949863132114
0.9874911493981591,0.6028818443804035
0.9874911493981591,0.6034035188924142
0.9874911493981591,0.6037518037518037
0.9874911493981591,0.6040132813627833
0.9874911493981591,0.6041877256317689
0.9874911493981591,0.6042749855574813
0.9874911493981591,0.6046242774566474
0.9874911493981591,0.6047116635351929
0.9874911493981591,0.6047990748771321
0.9874911493981591,0.604886511493422
0.9874911493981591,0.604973973395026
0.9874911493981591,0.6051489730980619
0.9874911493981591,0.6052365109214524
0.9874911493981591,0.6054116625669222
0.9874911493981591,0.6054992764109985
0.9874911493981591,0.6059377262853005
0.9874911493981591,0.6060254924681344
0.9874911493981591,0.6062011011301072
0.9874911493981591,0.6063768115942029
0.9874911493981591,0.6064647050297145
0.9874911493981591,0.6065526239489707
0.9874911493981591,0.6066405683630564
0.9874911493981591,0.6067285382830626
0.9874911493981591,0.606816533720087
0.9874911493981591,0.6069045546852335
0.9874911493981591,0.6069926011896126
0.9874911493981591,0.6072568940493469
0.9874911493981591,0.60734504282189
0.9874911493981591,0.6074332171893148
0.9874911493981591,0.6075214171627704
0.9874911493981591,0.6076096427534127
0.9874911493981591,0.6076978939724038
0.9874911493981591,0.6078744733401134
0.9874911493981591,0.6079628015111886
0.9874911493981591,0.6080511553553263
0.9874911493981591,0.608139534883721
0.9874911493981591,0.6082279401075738
0.9874911493981591,0.6084048276864912
0.9874911493981591,0.6084933100639907
0.9872551333490678,0.6095002185633105
0.9872551333490678,0.6095890410958904
0.9872551333490678,0.6096778895204781
0.9872551333490678,0.6098556640909754
0.9872551333490678,0.6099445902595508
0.9872551333490678,0.61012252042007
0.9872551333490678,0.6103896103896104
0.9872551333490678,0.6104786923525978
0.9872551333490678,0.610567800321121
0.9872551333490678,0.6106569343065693
0.9872551333490678,0.6108352803738317
0.9872551333490678,0.6109244924784577
0.9872551333490678,0.6110137306456325
0.9872551333490678,0.6111922852133256
0.9872551333490678,0.6112816016367091
0.9872551333490678,0.6114603128197632
0.9872551333490678,0.6119075482738443
0.9872551333490678,0.6119970738844185
0.9872551333490678,0.6120866256950541
0.9872551333490678,0.6122658079625293
0.9872551333490678,0.6124450951683749
0.9872551333490678,0.6127142229383331
0.9872551333490678,0.6128937728937729
0.9872551333490678,0.6129835873388042
0.9872551333490678,0.6130734281108017
0.9870191172999764,0.6133763567028454
0.9870191172999764,0.613556338028169
0.9870191172999764,0.6136463683052091
0.9870191172999764,0.6138265081461911
0.9870191172999764,0.614006753780649
0.9870191172999764,0.6140969162995594
0.9870191172999764,0.6143675628029969
0.9870191172999764,0.6144578313253012
0.9870191172999764,0.6145481263776634
0.9870191172999764,0.6146384479717814
0.9870191172999764,0.6147287961193592
0.9870191172999764,0.6148191708321082
0.9870191172999764,0.6149095721217468
0.9870191172999764,0.6150904544785998
0.9870191172999764,0.6151809355692851
0.9870191172999764,0.6153619776339023
0.9867831012508851,0.6153053715967624
0.9867831012508851,0.615395937591993
0.9867831012508851,0.6154865302517297
0.9867831012508851,0.6155771495877503
0.9867831012508851,0.6156677956118392
0.9867831012508851,0.615758468335788
0.9867831012508851,0.6158491677713949
0.9867831012508851,0.6159398939304656
0.9867831012508851,0.616121426466254
0.9867831012508851,0.6162122328666175
0.9867831012508851,0.6163030660377359
0.9867831012508851,0.6163939259914493
0.9867831012508851,0.6164848127396049
0.9867831012508851,0.6165757262940569
0.9865470852017937,0.6168831168831169
0.9865470852017937,0.6170652494833185
0.9865470852017937,0.6172474896633195
0.9865470852017937,0.6173386501255353
0.9865470852017937,0.6175210518540405
0.9865470852017937,0.6176122931442081
0.9865470852017937,0.6178861788617886
0.9865470852017937,0.6180689043323969
0.9865470852017937,0.6181603076013014
0.9865470852017937,0.6182517379085934
0.9865470852017937,0.6183431952662722
0.9865470852017937,0.6184346796863441
0.9865470852017937,0.6185261911808227
0.9865470852017937,0.61880088823094
0.9865470852017937,0.6188925081433225
0.9865470852017937,0.6189841551902858
0.9865470852017937,0.6191675307361872
0.9865470852017937,0.6192592592592593
0.9865470852017937,0.6193510149651801
0.9865470852017937,0.6194427978660344
0.9865470852017937,0.6197183098591549
0.9865470852017937,0.6201780415430267
0.9865470852017937,0.6202700697432854
0.9865470852017937,0.620362125259721
0.9865470852017937,0.6204542081044976
0.9865470852017937,0.6205463182897862
0.9865470852017937,0.6207306207306207
0.9865470852017937,0.6208228130105451
0.9865470852017937,0.6209150326797386
0.9865470852017937,0.6210995542347697
0.9865470852017937,0.6211918561450438
0.9865470852017937,0.6214689265536724
0.9865470852017937,0.6215613382899629
0.9865470852017937,0.6217462442362041
0.9865470852017937,0.6218387384706933
0.9865470852017937,0.6221163863670189
0.9865470852017937,0.6222089907710628
0.9865470852017937,0.6223942823108993
0.9865470852017937,0.6224869694713329
0.9865470852017937,0.6225796842418826
0.9865470852017937,0.6227651966626937
0.9865470852017937,0.6228579943376547
0.9865470852017937,0.6229508196721312
0.9865470852017937,0.6230436726784916
0.9865470852017937,0.623229461756374
0.9863110691527024,0.6231732776617954
0.9863110691527024,0.6233591885441527
0.9863110691527024,0.6235452103849597
0.9863110691527024,0.6239175873395043
0.9863110691527024,0.6240107510825743
0.9863110691527024,0.6241039426523297
0.9863110691527024,0.6247570638361489
0.9860750531036111,0.6248878253066108
0.9860750531036111,0.624981301421092
0.9860750531036111,0.6255427459200479
0.9860750531036111,0.6257301183166093
0.9860750531036111,0.6258238466147393
0.9860750531036111,0.6260113874737788
0.9860750531036111,0.6261990407673861
0.9860750531036111,0.6262929096087543
0.9860750531036111,0.6263868065967017
0.9860750531036111,0.6264807317438896
0.9860750531036111,0.6265746850629874
0.9860750531036111,0.6266686665666716
0.9860750531036111,0.6267626762676267
0.9860750531036111,0.6268567141785446
0.9860750531036111,0.6269507803121248
0.9860750531036111,0.6270448746810746
0.9860750531036111,0.6272331481759496
0.9860750531036111,0.6274215347649797
0.9860750531036111,0.6276100345500977
0.9860750531036111,0.6277043269230769
0.9860750531036111,0.6277986476333584
0.9860750531036111,0.6278929966937181
0.9860750531036111,0.6279873741169397
0.9860750531036111,0.6282706766917293
0.9860750531036111,0.6284596871239471
0.9860750531036111,0.6287434161023325
0.9860750531036111,0.6288380493678507
0.9860750531036111,0.6290274013851249
0.9860750531036111,0.6291221201626261
0.9860750531036111,0.6292168674698795
0.9860750531036111,0.629501280699111
0.9860750531036111,0.6295961422543701
0.9860750531036111,0.6296910324039187
0.9860750531036111,0.6297859511606874
0.9860750531036111,0.629880898537615
0.9860750531036111,0.6299758745476478
0.9860750531036111,0.63007087920374
0.9860750531036111,0.6305463326290371
0.9860750531036111,0.6307367149758454
0.9860750531036111,0.6308319492677035
0.9860750531036111,0.6310225041534512
0.9860750531036111,0.6311178247734139
0.9860750531036111,0.6312131741954978
0.9860750531036111,0.6313085524327592
0.9860750531036111,0.631403959498262
0.9860750531036111,0.6315948601662887
0.9860750531036111,0.6319770080169415
0.9860750531036111,0.6321682554092903
0.9860750531036111,0.6331262312471586
0.9860750531036111,0.6332221885419824
0.9860750531036111,0.6334141904184354
0.9860750531036111,0.6335102350265353
0.9860750531036111,0.6336063087655445
0.9860750531036111,0.6337024116487183
0.9860750531036111,0.6337985436893204
0.9860750531036111,0.633894704900622
0.9860750531036111,0.6341833636915604
0.9860750531036111,0.6342796417185365
0.9860750531036111,0.6345686512758202
0.9860750531036111,0.6347614706776056
0.9858390370545197,0.6347059717368181
0.9856030210054284,0.6346504559270517
0.9856030210054284,0.6348434174521131
0.9856030210054284,0.634939942222898
0.9856030210054284,0.635036496350365
0.9856030210054284,0.6351330798479088
0.9856030210054284,0.6352296927289321
0.9856030210054284,0.6353263350068462
0.9856030210054284,0.6355197078070309
0.9856030210054284,0.6357131983559141
0.9856030210054284,0.6361974405850092
0.9856030210054284,0.6362943775712326
0.9856030210054284,0.6363913441024078
0.9856030210054284,0.6364883401920439
0.9856030210054284,0.6365853658536585
0.9856030210054284,0.6366824211007776
0.9856030210054284,0.6368766204056733
0.9856030210054284,0.637070938215103
0.9856030210054284,0.6371681415929203
0.9856030210054284,0.6372653746375706
0.9856030210054284,0.6374599297817127
0.9856030210054284,0.6376546037562987
0.9856030210054284,0.6377519853390348
0.9856030210054284,0.6378493966702307
0.9856030210054284,0.6380443086325439
0.9856030210054284,0.6381418092909535
0.9856030210054284,0.6382393397524071
0.9856030210054284,0.6383369000305716
0.9856030210054284,0.6384344901391225
0.9856030210054284,0.6385321100917432
0.9856030210054284,0.6386297599021257
0.985367004956337,0.6387698898408812
0.9851309889072457,0.6388123660850934
0.9851309889072457,0.6389101484769631
0.9851309889072457,0.6390079608083282
0.9851309889072457,0.6392036753445636
0.9848949728581543,0.639148414764895
0.9848949728581543,0.6394422310756972
0.9848949728581543,0.6395402298850574
0.9848949728581543,0.639834406623735
0.9848949728581543,0.6399325256862445
0.9848949728581543,0.6400306748466258
0.9848949728581543,0.6402270635164161
0.9848949728581543,0.6403253030535523
0.9848949728581543,0.6404235727440147
0.9848949728581543,0.6405218726016884
0.9848949728581543,0.6406202026404667
0.9848949728581543,0.6407185628742516
0.984658956809063,0.6407617877438182
0.984658956809063,0.6408602150537634
0.984658956809063,0.6411556785000768
0.984658956809063,0.6412542268675069
0.984658956809063,0.6413528055342045
0.984658956809063,0.6415500538213132
0.984658956809063,0.6417474234733118
0.984658956809063,0.6418461538461538
0.984658956809063,0.6419449146022465
0.984658956809063,0.6421425273203016
0.984658956809063,0.6423402617397999
0.984658956809063,0.6425381179732019
0.984658956809063,0.6426370918052988
0.984658956809063,0.6428351309707242
0.984658956809063,0.6429341963322546
0.984658956809063,0.6431324186835209
0.984658956809063,0.6432315757015109
0.984658956809063,0.6433307632999229
0.984658956809063,0.6434299814929056
0.984658956809063,0.6435292302946167
0.984658956809063,0.6436285097192225
0.984658956809063,0.643727819780898
0.984658956809063,0.6438271604938272
0.984658956809063,0.6440259339302253
0.984658956809063,0.644125366682106
0.984658956809063,0.644224830142063
0.984658956809063,0.6443243243243243
0.984658956809063,0.6444238492431263
0.984658956809063,0.6445234049127143
0.984658956809063,0.6447226085612734
0.984658956809063,0.6449219353841398
0.984658956809063,0.645021645021645
0.984658956809063,0.6451213854955931
0.984658956809063,0.6453209590100542
0.984658956809063,0.6454207920792079
0.984658956809063,0.6457204767063922
0.984658956809063,0.6458204334365325
0.984658956809063,0.6459204211178201
0.984658956809063,0.646020439764633
0.984658956809063,0.6461204893913582
0.984658956809063,0.6463206816421379
0.984658956809063,0.6464208242950108
0.984658956809063,0.6465209979854332
0.984658956809063,0.6466212027278363
0.984658956809063,0.646721438536661
0.984658956809063,0.6468217054263566
0.984658956809063,0.6469220034113816
0.984658956809063,0.6470223325062034
0.984658956809063,0.6475244451342542
0.984658956809063,0.6476249611921764
0.984658956809063,0.6478260869565218
0.984658956809063,0.647926696692033
0.984658956809063,0.6480273376825101
0.984658956809063,0.6481280099425198
0.984658956809063,0.6487327009796299
0.984658956809063,0.6490354698195395
0.984658956809063,0.6493385214007782
0.984658956809063,0.6494396014943961
0.984658956809063,0.6496418561195889
0.984658956809063,0.6497430306805794
0.984658956809063,0.6498442367601246
0.9844229407599717,0.6497896868671132
0.9844229407599717,0.6498909317544407
0.9844229407599717,0.6499922081969768
0.9844229407599717,0.6500935162094763
0.9844229407599717,0.650194855806703
0.9844229407599717,0.65029622700343
0.9844229407599717,0.6503976298144394
0.9844229407599717,0.6506005303384808
0.9844229407599717,0.6508035574972695
0.9844229407599717,0.6509051186017478
0.9841869247108803,0.6508506321211175
0.9841869247108803,0.6511555277951281
0.9841869247108803,0.6513589503280225
0.9841869247108803,0.6514607092641774
0.9841869247108803,0.6516643225503985
0.9841869247108803,0.6517661769302907
0.9841869247108803,0.6518680631546038
0.9841869247108803,0.6519699812382739
0.9841869247108803,0.6520719311962471
0.9841869247108803,0.652275926794932
0.9841869247108803,0.6524800500704115
0.9841869247108803,0.6526843011425888
0.9841869247108803,0.6527864746399499
0.983950908661789,0.6527321121027087
0.983950908661789,0.6528343250861259
0.983950908661789,0.6530388471177945
0.983950908661789,0.6532434973362582
0.983950908661789,0.6533458705532048
0.983950908661789,0.6535507132779432
0.983950908661789,0.6541660128667818
0.983950908661789,0.6542686754551161
0.983950908661789,0.6543713702715429
0.983950908661789,0.6544740973312402
0.9837148926126976,0.6547282437951618
0.9837148926126976,0.6548311076197958
0.9837148926126976,0.654934003771213
0.9837148926126976,0.6556551832625452
0.9837148926126976,0.6558615263571991
0.9837148926126976,0.6559647466163047
0.9837148926126976,0.6560679993703762
0.9837148926126976,0.6561712846347607
0.9837148926126976,0.656274602424815
0.9837148926126976,0.6563779527559055
0.9837148926126976,0.6565847511027095
0.9837148926126976,0.6566881991492044
0.9837148926126976,0.6567916797982981
0.9837148926126976,0.6568951930654058
0.9837148926126976,0.6569987389659521
0.9837148926126976,0.6573095726226147
0.9837148926126976,0.6574132492113565
0.9837148926126976,0.6575169585108062
0.9837148926126976,0.6576207005364468
0.9837148926126976,0.6581399021001105
0.9837148926126976,0.6582438408085913
0.9837148926126976,0.6584518167456556
0.9837148926126976,0.6585558540053721
0.9837148926126976,0.6587640271850799
0.9837148926126976,0.6588681631362631
0.9837148926126976,0.6589723320158103
0.9837148926126976,0.6591807686224893
0.9837148926126976,0.6592850363808921
0.9834788765636063,0.6592311343141908
0.9834788765636063,0.6594397847760721
0.9834788765636063,0.6595441595441596
0.9834788765636063,0.6598574821852732
0.9834788765636063,0.660171102661597
0.9834788765636063,0.6602757090793852
0.9834788765636063,0.6605897273303741
0.9834788765636063,0.6606944664658316
0.9834788765636063,0.6607992388201712
0.9834788765636063,0.660904044409199
0.9834788765636063,0.661008883248731
0.9834788765636063,0.661113755354593
0.9834788765636063,0.6612186607426214
0.9834788765636063,0.6613235994286621
0.9834788765636063,0.6614285714285715
0.9834788765636063,0.6615335767582156
0.9834788765636063,0.6616386154334709
0.9834788765636063,0.6617436874702239
0.9834788765636063,0.661848792884371
0.9834788765636063,0.6620591039084843
0.9834788765636063,0.6621643095502939
0.9834788765636063,0.662269548633185
0.9834788765636063,0.6623748211731044
0.9834788765636063,0.6624801271860096
0.9834788765636063,0.6627962462223637
0.9834788765636063,0.662901686286987
0.9834788765636063,0.6630071599045346
0.9834788765636063,0.6634293902244865
0.9834788765636063,0.6635350318471338
0.9834788765636063,0.6636407071189679
0.9834788765636063,0.6638521586745261
0.9834788765636063,0.6639579349904398
0.9834788765636063,0.6640637450199203
0.9834788765636063,0.6641695887790883
0.9834788765636063,0.6642754662840746
0.9834788765636063,0.6643813775510204
0.9834788765636063,0.6644873225960772
0.9834788765636063,0.6645933014354067
0.9834788765636063,0.664699314085181
0.9834788765636063,0.6649114408808042
0.9834788765636063,0.6650175550590488
0.9834788765636063,0.6651237031125299
0.9834788765636063,0.6654423506866816
0.9834788765636063,0.6658676893576222
0.9834788765636063,0.6659741089979223
0.9834788765636063,0.6660805626598465
0.9834788765636063,0.6661870503597123
0.9834788765636063,0.6662935721138471
0.9834788765636063,0.6664001279385895
0.9834788765636063,0.6665067178502879
0.9834788765636063,0.6666133418653015
0.9834788765636063,0.66672
0.9834788765636063,0.6668266922707633
0.9834788765636063,0.666933418693982
0.9834788765636063,0.667253803042434
0.9834788765636063,0.66736066623959
0.9834788765636063,0.6674675636713119
0.9834788765636063,0.6675744953540532
0.9834788765636063,0.6677884615384615
0.9834788765636063,0.6683239775461106
0.9834788765636063,0.6684311838306064
0.9834788765636063,0.6685384245146799
0.9834788765636063,0.6686456996148908
0.9834788765636063,0.6687530091478093
0.9834788765636063,0.668860353130016
0.9834788765636063,0.6689677315781024
0.9834788765636063,0.6697203471552555
0.9834788765636063,0.6698280019289503
0.9834788765636063,0.6700434153400868
0.9834788765636063,0.670151174010936
0.9834788765636063,0.6703667953667953
0.9834788765636063,0.6704746580852775
0.9834788765636063,0.6705825555197941
0.9834788765636063,0.6706904876871077
0.9834788765636063,0.6707984546039922
0.9834788765636063,0.6710144927536232
0.9834788765636063,0.6711225640199711
0.9834788765636063,0.6712306701030928
0.983242860514515,0.6713940370668815
0.983242860514515,0.6715022566086396
0.983242860514515,0.6716105110430437
0.983242860514515,0.6724778046811946
0.983242860514515,0.6725863739102357
0.983242860514515,0.6728036175710594
0.983242860514515,0.6729122920368277
0.983242860514515,0.6730210016155089
0.983242860514515,0.6731297463241235
0.983242860514515,0.6732385261797027
0.983242860514515,0.6733473411992889
0.983242860514515,0.6734561913999353
0.983242860514515,0.6736739974126779
0.983242860514515,0.6737829532589358
0.983242860514515,0.6738919443545778
0.983242860514515,0.6740009707167125
0.983242860514515,0.6741100323624596
0.983242860514515,0.6746558704453441
0.983242860514515,0.6747651441528992
0.983242860514515,0.6748744532642151
0.983242860514515,0.6749837977965003
0.983242860514515,0.6750931777669745
0.983242860514515,0.6752025931928687
0.983242860514515,0.6753120440914249
0.983242860514515,0.6754215304798963
0.983242860514515,0.6755310523755472
0.983242860514515,0.6756406097956535
0.983242860514515,0.6759694953756288
0.983242860514515,0.6760791950665368
0.983242860514515,0.6761889303684466
0.983242860514515,0.6762987012987013
0.983242860514515,0.676408507874655
0.983242860514515,0.6765183501136732
0.983242860514515,0.676628228033133
0.983242860514515,0.6769580760480988
0.983242860514515,0.6771781534460338
0.983242860514515,0.6772882458136888
0.983242860514515,0.6777289734829999
0.983242860514515,0.6781702751098811
0.983242860514515,0.678280690328883
0.983242860514515,0.6783911415078977
0.983242860514515,0.6785016286644951
0.983242860514515,0.6786121518162567
0.983242860514515,0.6789439374185137
0.983242860514515,0.6790546047269763
0.983242860514515,0.6792760476112832
0.983242860514515,0.6797193669440366
0.983242860514515,0.6798302872062664
0.983242860514515,0.6800522363695723
0.983242860514515,0.6802743305029393
0.983242860514515,0.6803854319777887
0.983242860514515,0.6804965697484482
0.983242860514515,0.6806077438327071
0.983242860514515,0.6808302010132374
0.983242860514515,0.6809414841451454
0.983242860514515,0.6810528036619258
0.983242860514515,0.6812755519215045
0.983242860514515,0.6813869807000327
0.983242860514515,0.6814984459348928
0.983242860514515,0.6816099476439791
0.983242860514515,0.6817214858451972
0.983242860514515,0.6818330605564649
0.983242860514515,0.6819446717957113
0.983242860514515,0.6820563195808775
0.9830068444654236,0.6820042574095301
0.9830068444654236,0.6822276822276823
0.9830068444654236,0.6823394495412844
0.9830068444654236,0.6824512534818942
0.9830068444654236,0.6825630940675188
0.9830068444654236,0.6828988358747335
0.9830068444654236,0.6830108232207281
0.9830068444654236,0.6832349081364829
0.9830068444654236,0.6833470057424118
0.9827708284163323,0.6832950443058746
0.9827708284163323,0.6835193696651346
0.9827708284163323,0.6836315875882449
0.9825348123672409,0.6836919034324191
0.9825348123672409,0.6838042049934296
0.9825348123672409,0.683916543453261
0.9825348123672409,0.6840289188301019
0.9825348123672409,0.6841413311421528
0.9825348123672409,0.6842537804076265
0.9825348123672409,0.6843662666447476
0.9825348123672409,0.6844787898717527
0.9825348123672409,0.6848165816746176
0.9825348123672409,0.6850419614941583
0.9825348123672409,0.685154707044108
0.9825348123672409,0.6852674897119342
0.9825348123672409,0.6853803095159697
0.9825348123672409,0.685831960461285
0.9825348123672409,0.6862842070557205
0.9825348123672409,0.6865105540897097
0.9825348123672409,0.6866237836054758
0.9825348123672409,0.686963696369637
0.9825348123672409,0.6870770754249876
0.9825348123672409,0.6874174372523117
0.9825348123672409,0.687871777924653
0.9825348123672409,0.688099173553719
0.9825348123672409,0.688212927756654
0.9825348123672409,0.6883267195767195
0.9825348123672409,0.6884405490325781
0.9825348123672409,0.6885544161429044
0.9825348123672409,0.6886683209263854
0.9825348123672409,0.6887822634017207
0.9825348123672409,0.688896243587622
0.9825348123672409,0.6890102615028136
0.9825348123672409,0.6891243171660321
0.9825348123672409,0.6892384105960265
0.9825348123672409,0.6894667108314011
0.9825348123672409,0.6896951623591783
0.9825348123672409,0.6898094449047224
0.9825348123672409,0.6899237653297978
0.9825348123672409,0.6900381236532405
0.9825348123672409,0.6902669540706351
0.9825348123672409,0.6903814262023217
0.9825348123672409,0.6907250705160113
0.9825348123672409,0.6910690571049137
0.9825348123672409,0.691183795450772
0.9825348123672409,0.6912985719030222
0.9825348123672409,0.6914133864806511
0.9825348123672409,0.6915282392026578
0.9825348123672409,0.6917580591558657
0.9825348123672409,0.6919880319148937
0.9825348123672409,0.6921030756442228
0.9822987963181496,0.6922821024617432
0.9822987963181496,0.6925124792013311
0.9822987963181496,0.6926277250790481
0.9822987963181496,0.6929736929736929
0.9822987963181496,0.6930890924229809
0.9822987963181496,0.6935510748208632
0.9822987963181496,0.6942452043369475
0.9822987963181496,0.6945927903871829
0.9822987963181496,0.6947087297613086
0.9822987963181496,0.6949407246618801
0.9822987963181496,0.6950567802271209
0.9822987963181496,0.6951728745615501
0.9822987963181496,0.6952890076845974
0.9822987963181496,0.6954051796157059
0.9822987963181496,0.6955213903743316
0.9822987963181496,0.6957539284520228
0.9822987963181496,0.6958702558100652
0.9822987963181496,0.696103027262084
0.9822987963181496,0.6962194713951154
0.9822987963181496,0.6964524765729585
0.9820627802690582,0.6965182457315032
0.9820627802690582,0.6966348568558514
0.9820627802690582,0.6967515070328199
0.981826764219967,0.696700720147379
0.981826764219967,0.6968174204355109
0.981826764219967,0.6969341598257665
0.981826764219967,0.6970509383378016
0.981826764219967,0.6975184439973172
0.981826764219967,0.6976354184135503
0.981826764219967,0.6977524320697752
0.981826764219967,0.6982208794897616
0.981826764219967,0.6984553391537945
0.981826764219967,0.6985726280436608
0.981826764219967,0.6986899563318777
0.981826764219967,0.6989247311827957
0.981826764219967,0.6990421777852461
0.981826764219967,0.6991596638655462
0.981826764219967,0.699277189443604
0.981826764219967,0.699394754539341
0.981826764219967,0.6999831734814067
0.981826764219967,0.7001009761023225
0.981826764219967,0.7003367003367004
0.981826764219967,0.700454621990234
0.981826764219967,0.7005725833614012
0.981826764219967,0.7006905844702712
0.981826764219967,0.7008086253369272
0.981826764219967,0.7010448264239973
0.981826764219967,0.7011629866846452
0.981826764219967,0.7015177065767285
0.981826764219967,0.7017543859649122
0.981826764219967,0.7018727855576177
0.981826764219967,0.7021097046413503
0.981826764219967,0.7022282241728561
0.981826764219967,0.7023467837244639
0.981826764219967,0.7024653833164471
0.981826764219967,0.7025840229690931
0.981826764219967,0.7029401824940859
0.981826764219967,0.70305898259253
0.981826764219967,0.7032967032967034
0.981826764219967,0.7034156239431857
0.981826764219967,0.7035345848131236
0.981826764219967,0.7036535859269283
0.981826764219967,0.7037726273050245
0.981826764219967,0.7038917089678511
0.981826764219967,0.7040108309358606
0.981826764219967,0.7041299932295193
0.981826764219967,0.7042491958693076
0.981826764219967,0.7044877222692634
0.981826764219967,0.7046070460704607
0.981826764219967,0.7047264102998475
0.981826764219967,0.7048458149779736
0.981826764219967,0.7054434458199085
0.981826764219967,0.7055630936227951
0.981826764219967,0.7058025110281643
0.981826764219967,0.7059222806719837
0.981826764219967,0.7060420909708078
0.981826764219967,0.7061619419453403
0.981826764219967,0.7065217391304348
0.981826764219967,0.7068819031435853
0.981826764219967,0.7071222165561788
0.981826764219967,0.7072424345460727
0.981826764219967,0.7076033339003232
0.981826764219967,0.7077237155495066
0.981826764219967,0.7078441381657308
0.981826764219967,0.7079646017699115
0.981826764219967,0.7080851063829787
0.981826764219967,0.7082056520258767
0.981826764219967,0.7083262387195641
0.981826764219967,0.7084468664850136
0.981826764219967,0.7085675353432124
0.981826764219967,0.7086882453151618
0.981826764219967,0.7088089964218777
0.981826764219967,0.7089297886843899
0.981826764219967,0.7090506221237429
0.981826764219967,0.7094133697135061
0.981826764219967,0.7095343680709535
0.981826764219967,0.7096554077106789
0.981826764219967,0.7097764886538134
0.981826764219967,0.7098976109215017
0.981826764219967,0.7100187745349036
0.981826764219967,0.7101399795151929
0.981826764219967,0.7105038428693424
0.981826764219967,0.7108680792891319
0.981826764219967,0.7109895744317211
0.981826764219967,0.7111111111111111
0.981826764219967,0.7112326893486066
0.981826764219967,0.7113543091655267
0.981826764219967,0.7114759705832051
0.981826764219967,0.7115976736229901
0.981826764219967,0.7117194183062446
0.981826764219967,0.7120849024306745
0.981826764219967,0.7122068139017291
0.981826764219967,0.7123287671232876
0.981826764219967,0.7124507621168008
0.9815907481708757,0.7124015073655361
0.9815907481708757,0.7125235566215522
0.9815907481708757,0.7126456477039068
0.9815907481708757,0.7127677806341045
0.9815907481708757,0.7131344307270233
0.9815907481708757,0.7135014582261108
0.9815907481708757,0.7136238846945779
0.9815907481708757,0.7137463531834564
0.9815907481708757,0.7138688637143839
0.9815907481708757,0.7139914163090129
0.9815907481708757,0.7142366477760604
0.9815907481708757,0.7143593266918584
0.9815907481708757,0.7144820477581172
0.9815907481708757,0.7146048109965636
0.9815907481708757,0.7147276164289397
0.9815907481708757,0.7148504640770024
0.9815907481708757,0.7149733539625236
0.9813547321217843,0.7149243466299863
0.9813547321217843,0.7151702786377709
0.9813547321217843,0.7152933081025288
0.9813547321217843,0.715539494062984
0.9813547321217843,0.7156626506024096
0.9813547321217843,0.7157858495438113
0.9813547321217843,0.7159090909090909
0.9813547321217843,0.7160323747201653
0.9813547321217843,0.7161557009989666
0.9813547321217843,0.7162790697674418
0.9813547321217843,0.7164024810475534
0.9813547321217843,0.7165259348612787
0.9813547321217843,0.7166494312306101
0.9813547321217843,0.7168965517241379
0.9813547321217843,0.7171438427043808
0.9813547321217843,0.7175150992234685
0.9813547321217843,0.7177628171931641
0.9813547321217843,0.7178867403314917
0.9813547321217843,0.7180107062683474
0.9813547321217843,0.7182587666263603
0.9813547321217843,0.7183828610919143
0.9813547321217843,0.7186311787072244
0.9813547321217843,0.7187554019014694
0.9813547321217843,0.7198753462603878
0.9813547321217843,0.7202494370344709
0.9813547321217843,0.7203742203742204
0.9813547321217843,0.7204990469589326
0.9813547321217843,0.7207488299531981
0.9813547321217843,0.720873786407767
0.981118716072693,0.7210754553339115
0.981118716072693,0.7212005551700208
0.981118716072693,0.7213256984209613
0.981118716072693,0.7214508851093371
0.981118716072693,0.7220774709049852
0.981118716072693,0.7223284100781929
0.981118716072693,0.7224539450816823
0.981118716072693,0.7225795237267513
0.981118716072693,0.7227051460361613
0.981118716072693,0.72283081203269
0.981118716072693,0.7229565217391304
0.981118716072693,0.7230822751782918
0.981118716072693,0.7237116991643454
0.981118716072693,0.7238377154797144
0.981118716072693,0.7240898798118794
0.981118716072693,0.7242160278745644
0.981118716072693,0.7244684559079819
0.981118716072693,0.7245947359246994
0.981118716072693,0.7248474280732345
0.981118716072693,0.7249738402511335
0.981118716072693,0.725100296528868
0.981118716072693,0.7252267969295185
0.9808827000236016,0.7251788518583144
0.9808827000236016,0.7256853500960363
0.9808827000236016,0.7258120852252882
0.9808827000236016,0.725938864628821
0.9808827000236016,0.7260656883298393
0.9808827000236016,0.7263194687172317
0.9808827000236016,0.7264464254500962
0.9808827000236016,0.7270818754373688
0.9808827000236016,0.7273363668183409
0.9808827000236016,0.7275910364145658
0.9808827000236016,0.7277184381019086
0.9808827000236016,0.72784588441331
0.9808827000236016,0.7279733753722193
0.9806466839745103,0.7280532679165936
0.9806466839745103,0.7281808622502629
0.9806466839745103,0.7284361851332398
0.9806466839745103,0.7286916871273238
0.9806466839745103,0.7288195053499386
0.9806466839745103,0.7289473684210527
0.9806466839745103,0.7290752763642744
0.9806466839745103,0.7292032292032292
0.9806466839745103,0.7293312269615587
0.9806466839745103,0.7294592696629213
0.9806466839745103,0.7297154899894626
0.9806466839745103,0.7298436676620411
0.9806466839745103,0.7299718903724526
0.9806466839745103,0.7301001581444386
0.9806466839745103,0.7302284710017575
0.9806466839745103,0.7304852320675106
0.9806466839745103,0.7306136803235449
0.9806466839745103,0.7307421737601125
0.9806466839745103,0.7308707124010554
0.9806466839745103,0.7309992962702322
0.9806466839745103,0.7313853194860059
0.9806466839745103,0.7315140845070423
0.9806466839745103,0.7317717506164142
0.9806466839745103,0.7320295983086681
0.9806466839745103,0.7324167107350608
0.9806466839745103,0.7326750132251807
0.9806466839745103,0.7329334979714235
0.9806466839745103,0.7330628087508821
0.9806466839745103,0.7331921651667549
0.9806466839745103,0.733451015004413
0.9806466839745103,0.7335805084745762
0.9806466839745103,0.7337100476779093
0.9806466839745103,0.7340989399293286
0.9806466839745103,0.7346181046676096
0.9806466839745103,0.7347480106100795
0.9806466839745103,0.7348779625044216
0.9806466839745103,0.7350079603750221
0.9806466839745103,0.7351380042462845
0.9806466839745103,0.7355284121083377
0.9806466839745103,0.7356586402266289
0.9806466839745103,0.735788914467859
0.9806466839745103,0.7359192348565357
0.9806466839745103,0.7361800141743444
0.9806466839745103,0.7363104731525785
0.9806466839745103,0.7364409783764623
0.9806466839745103,0.7367021276595744
0.9806466839745103,0.7372249822569198
0.9806466839745103,0.7373558118899733
0.9806466839745103,0.7374866879659212
0.9806466839745103,0.7376176105094976
0.9806466839745103,0.7377485795454546
0.9806466839745103,0.7378795950985615
0.9806466839745103,0.738272921108742
0.9806466839745103,0.7384041229784966
0.9806466839745103,0.738535371489513
0.9806466839745103,0.7389293971189757
0.9806466839745103,0.7390608324439701
0.9806466839745103,0.7391923145347803
0.9806466839745103,0.7398504273504274
0.9806466839745103,0.7401140007125044
0.9806466839745103,0.7402458578300374
0.980410667925419,0.7403314917127072
0.980410667925419,0.740463458110517
0.980410667925419,0.7405954715635585
0.980410667925419,0.7407275320970043
0.980410667925419,0.7411239964317574
0.980410667925419,0.741388541852579
0.980410667925419,0.7416532762006784
0.980410667925419,0.741918199678514
0.980410667925419,0.7420507324044302
0.980410667925419,0.7421833124888333
0.980410667925419,0.7423159399571122
0.980410667925419,0.7424486148346738
0.980410667925419,0.7428469241773963
0.980410667925419,0.7429797889465212
0.980410667925419,0.7431127012522362
0.980410667925419,0.7432456611200573
0.980410667925419,0.7433786685755189
0.980410667925419,0.7436448263515932
0.980410667925419,0.7437779767233662
0.980410667925419,0.7439111747851003
0.980410667925419,0.7440444205624216
0.980410667925419,0.7447113660810326
0.980410667925419,0.7448448986910525
0.980410667925419,0.7449784791965567
0.980410667925419,0.7451121076233184
0.9801746518763276,0.7450663796196627
0.9801746518763276,0.7453338119167265
0.9801746518763276,0.7454676000718004
0.9801746518763276,0.7457353205243311
0.9801746518763276,0.7458692528735632
0.9801746518763276,0.746003233339321
0.9801746518763276,0.7461372619475386
0.9801746518763276,0.746271338724169
0.9801746518763276,0.7466738583243437
0.9801746518763276,0.7470768123763267
0.9801746518763276,0.7476147614761476
0.9801746518763276,0.7477493698235506
0.9801746518763276,0.7478840266522601
0.9801746518763276,0.7480187319884726
0.9801746518763276,0.7481534858584039
0.9801746518763276,0.7482882882882883
0.9801746518763276,0.7484231393043792
0.9801746518763276,0.7485580389329488
0.9799386358272363,0.7485127095727421
0.9799386358272363,0.7487826871055004
0.9799386358272363,0.7489177489177489
0.9799386358272363,0.749052859462385
0.9799386358272363,0.7491880187657886
0.9799386358272363,0.7493232268543584
0.9799386358272363,0.7495937894926882
0.9799386358272363,0.7497291440953413
0.9799386358272363,0.7501355013550135
0.9799386358272363,0.7502710516805204
0.9799386358272363,0.7504066510030725
0.9799386358272363,0.7505422993492408
0.9799386358272363,0.7506779967456156
0.9799386358272363,0.7508137432188066
0.9799386358272363,0.7509495387954422
0.9799386358272363,0.7510853835021708
0.9799386358272363,0.7512212773656595
0.9797026197781449,0.7511762576909157
0.9797026197781449,0.7513122171945701
0.9797026197781449,0.751448225923244
0.9797026197781449,0.7515842839036755
0.9797026197781449,0.7517203911626222
0.9797026197781449,0.75212900887842
0.9797026197781449,0.7522653135193911
0.9797026197781449,0.7525380710659898
0.9797026197781449,0.7529475784509342
0.9797026197781449,0.7530841799709724
0.9797026197781449,0.7532208310651425
0.9794666037290536,0.7533127609366491
0.9792305876799622,0.7532679738562091
0.9792305876799622,0.7534047575812602
0.9792305876799622,0.7535415909916455
0.9792305876799622,0.7542265042719506
0.9792305876799622,0.7551874772479068
0.9792305876799622,0.7553249590387766
0.9792305876799622,0.7557377049180328
0.9792305876799622,0.7558753871379121
0.9792305876799622,0.7560131195335277
0.9792305876799622,0.7565645514223195
0.9792305876799622,0.7569786535303776
0.9792305876799622,0.7571167883211679
0.9792305876799622,0.7573932092004381
0.9792305876799622,0.7575314953441665
0.9792305876799622,0.7576698319941563
0.9792305876799622,0.7578082191780822
0.9792305876799622,0.757946656923639
0.9792305876799622,0.7582236842105263
0.9792305876799622,0.7585009140767824
0.9792305876799622,0.7586396050466264
0.9792305876799622,0.7587783467446965
0.9792305876799622,0.7589171391988293
0.9792305876799622,0.7590559824368825
0.9792305876799622,0.7591948764867338
0.9792305876799622,0.7594728171334432
0.9792305876799622,0.759611863786159
0.9792305876799622,0.7597509613623878
0.9792305876799622,0.7598901098901099
0.9792305876799622,0.7601685599120557
0.9792305876799622,0.760307861462342
0.9792305876799622,0.7604472140762464
0.9792305876799622,0.7605866177818515
0.9792305876799622,0.7607260726072608
0.9792305876799622,0.7611447440836544
0.9792305876799622,0.7612844036697247
0.9792305876799622,0.7615638766519823
0.9792305876799622,0.7618435549026809
0.9792305876799622,0.7619834710743801
0.9792305876799622,0.7621234386480529
0.9792305876799622,0.7622634576520302
0.9792305876799622,0.7624035281146637
0.9792305876799622,0.7626838235294118
0.9792305876799622,0.7628240485383343
0.9792305876799622,0.7629643251195293
0.9792305876799622,0.7632450331125827
0.9792305876799622,0.7633854645814168
0.9792305876799622,0.7635259477364741
0.9792305876799622,0.7636664826062949
0.9792305876799622,0.7638070692194403
0.9792305876799622,0.7640883977900552
0.9792305876799622,0.7642291398047523
0.9792305876799622,0.7643699336772292
0.9789945716308709,0.7643265155702966
0.9789945716308709,0.7644673792849245
0.9789945716308709,0.7648902821316614
0.9789945716308709,0.7650313537440059
0.9789945716308709,0.7654548809743495
0.9789945716308709,0.7655961609449982
0.9789945716308709,0.7657374930773491
0.9789945716308709,0.7658788774002954
0.9789945716308709,0.7660203139427516
0.9789945716308709,0.7661618027336535
0.9789945716308709,0.7663033438019583
0.9787585555817796,0.7664017741637406
0.9787585555817796,0.766543438077634
0.9787585555817796,0.7666851543723424
0.9787585555817796,0.7668269230769231
0.9787585555817796,0.7669687442204549
0.9787585555817796,0.7672525439407956
0.9787585555817796,0.7673945225758697
0.9785225395326882,0.7673514714047751
0.9785225395326882,0.7677777777777778
0.9785225395326882,0.7679199851824412
0.9785225395326882,0.7680622452760282
0.9785225395326882,0.7682045580878266
0.9785225395326882,0.7684893419833179
0.9785225395326882,0.7693449619595473
0.9785225395326882,0.7694877505567929
0.9785225395326882,0.7696305921663263
0.9785225395326882,0.7699164345403899
0.9785225395326882,0.7700594353640416
0.9785225395326882,0.770202489318224
0.9785225395326882,0.770345596432553
0.9785225395326882,0.770631970260223
0.9785225395326882,0.7707752370329057
0.9785225395326882,0.7712053571428571
0.9785225395326882,0.7713488372093024
0.9785225395326882,0.7714923706736136
0.9785225395326882,0.7730747715830691
0.9785225395326882,0.773218948153674
0.9785225395326882,0.7736518007090876
0.9785225395326882,0.7737961926091825
0.9785225395326882,0.7739406384170244
0.9785225395326882,0.7740851381628081
0.9785225395326882,0.7745189613300952
0.9785225395326882,0.7748084470192488
0.9785225395326882,0.7750981491867639
0.9785225395326882,0.7753880680755564
0.9785225395326882,0.7756782039289055
0.9785225395326882,0.7758233532934131
0.9785225395326882,0.7759685569904547
0.9785225395326882,0.7761138150505429
0.9785225395326882,0.7762591275042127
0.9785225395326882,0.7765499157145533
0.9785225395326882,0.7766953915324092
0.9785225395326882,0.776840921866217
0.9785225395326882,0.7769865067466267
0.9785225395326882,0.7771321462043111
0.9785225395326882,0.777569392348087
0.9785225395326882,0.7780071307937699
0.9785225395326882,0.7781531531531531
0.9785225395326882,0.778299230336024
0.9782865234835969,0.77854996243426
0.9782865234835969,0.7786962239338718
0.9782865234835969,0.7788425403983464
0.9782865234835969,0.7789889118586731
0.9782865234835969,0.7791353383458647
0.9782865234835969,0.7792818198909569
0.9782865234835969,0.7794283565250094
0.9782865234835969,0.7795749482791048
0.9782865234835969,0.779868297271872
0.9782865234835969,0.7801618671183889
0.9782865234835969,0.7804556580681604
0.9782865234835969,0.78060263653484
0.9782865234835969,0.7808967596081386
0.9782865234835969,0.7810439042773695
0.9782865234835969,0.7813383600377003
0.9782865234835969,0.7814856711915535
0.9782865234835969,0.7816330379030737
0.9782865234835969,0.7817804602036967
0.9782865234835969,0.7819279381248821
0.9782865234835969,0.782518406645271
0.9780505074345055,0.7824773413897281
0.9780505074345055,0.7826251180358829
0.9780505074345055,0.7827729505100113
0.9780505074345055,0.7829208388437559
0.9780505074345055,0.783068783068783
0.9778144913854142,0.7833238797504254
0.9778144913854142,0.7834720121028744
0.9778144913854142,0.7836202004917723
0.9778144913854142,0.7840651021953066
0.9778144913854142,0.7842135150482681
0.9778144913854142,0.784361984096933
0.9778144913854142,0.7845105093732248
0.9778144913854142,0.7846590909090909
0.9778144913854142,0.7848077287365032
0.9778144913854142,0.7849564228874574
0.9778144913854142,0.7851051733939739
0.9778144913854142,0.785253980288097
0.9778144913854142,0.785551763367463
0.9778144913854142,0.7857007396169163
0.9778144913854142,0.7859988616960728
0.9778144913854142,0.7861480075901328
0.9778144913854142,0.7864464692482915
0.9778144913854142,0.7865957850768939
0.9778144913854142,0.786745157614888
0.9778144913854142,0.7868945868945869
0.9778144913854142,0.7871936158084742
0.9778144913854142,0.7876425855513308
0.9778144913854142,0.7879421833396729
0.9778144913854142,0.7880920677192315
0.9778144913854142,0.78824200913242
0.9778144913854142,0.788692175899486
0.9778144913854142,0.7888423457730388
0.9778144913854142,0.788992572843268
0.9778144913854142,0.7892931987045152
0.9778144913854142,0.7894435975609756
0.9778144913854142,0.7895940537449971
0.9778144913854142,0.7897445672893634
0.9778144913854142,0.7898951382268827
0.9778144913854142,0.790045766590389
0.9778144913854142,0.7901964524127408
0.9778144913854142,0.7903471957268218
0.9778144913854142,0.7904979965655409
0.9778144913854142,0.790648854961832
0.9778144913854142,0.7907997709486543
0.9778144913854142,0.7911017758258545
0.9778144913854142,0.791404011461318
0.9775784753363229,0.7913641574321743
0.9775784753363229,0.7915153831454232
0.9775784753363229,0.7916666666666666
0.9775784753363229,0.7918180080290576
0.9775784753363229,0.792120864410021
0.9775784753363229,0.7924239525540463
0.9775784753363229,0.7925755836203597
0.9775784753363229,0.7927272727272727
0.9775784753363229,0.7928790199081164
0.9775784753363229,0.7933346102279257
0.9773424592872315,0.7932950191570881
0.9773424592872315,0.7934470205020119
0.9773424592872315,0.7935990801073208
0.9773424592872315,0.7937511980065172
0.9773424592872315,0.7940556088207095
0.9773424592872315,0.7943602532131211
0.9773424592872315,0.794512663085188
0.9773424592872315,0.7946651314526962
0.9773424592872315,0.7948176583493282
0.9773424592872315,0.7949702438087924
0.9773424592872315,0.7951228878648233
0.9773424592872315,0.7952755905511811
0.9773424592872315,0.7955811719500481
0.9773424592872315,0.7958869882759946
0.9773424592872315,0.7963461538461538
0.9773424592872315,0.7964993267936141
0.9771064432381402,0.7964601769911505
0.9771064432381402,0.7967667436489607
0.9771064432381402,0.7969201154956689
0.9771064432381402,0.7972270363951474
0.9771064432381402,0.7973805855161787
0.9771064432381402,0.7976878612716763
0.9771064432381402,0.7978415879745616
0.9771064432381402,0.7979953739398612
0.9771064432381402,0.7983031237948323
0.9771064432381402,0.7984570877531341
0.9771064432381402,0.7986111111111112
0.9768704271890488,0.7985722554505112
0.9768704271890488,0.7987263604785797
0.9768704271890488,0.799034749034749
0.9768704271890488,0.7991890326317822
0.9768704271890488,0.7994977786362758
0.9768704271890488,0.7996522411128284
0.9768704271890488,0.7998067632850242
0.9768704271890488,0.7999613451874759
0.9768704271890488,0.8001159868548231
0.9768704271890488,0.8002706883217324
0.9768704271890488,0.800425449622897
0.9768704271890488,0.8005802707930367
0.9768704271890488,0.8008900928792569
0.9768704271890488,0.8015104570100697
0.9768704271890488,0.8016656982374588
0.9768704271890488,0.8018209996125533
0.9768704271890488,0.8019763611703158
0.9768704271890488,0.8021317829457364
0.9768704271890488,0.8022872649738322
0.9768704271890488,0.8024428072896471
0.9768704271890488,0.8025984099282528
0.9768704271890488,0.8027540729247479
0.9768704271890488,0.802909796314258
0.9768704271890488,0.8030655801319364
0.9766344111399575,0.803027362701339
0.9766344111399575,0.8031832298136646
0.9766344111399575,0.8033391574451563
0.9766344111399575,0.8034951456310679
0.9766344111399575,0.8036511944066809
0.9766344111399575,0.8038073038073038
0.9766344111399575,0.8039634738682728
0.9766344111399575,0.8041197046249514
0.9766344111399575,0.8044323483670296
0.9766344111399575,0.8045887614232938
0.9766344111399575,0.8047452353169973
0.9766344111399575,0.8050583657587549
0.9766344111399575,0.8052150223778946
0.9766344111399575,0.8053717399766446
0.9766344111399575,0.8055285185906171
0.9766344111399575,0.8056853582554517
0.9766344111399575,0.8058422590068159
0.9766344111399575,0.8059992208804051
0.9766344111399575,0.8061562439119423
0.9766344111399575,0.8064704735918924
0.9766344111399575,0.8067849483330084
0.9766344111399575,0.8069422776911076
0.9766344111399575,0.8070996684220791
0.9766344111399575,0.8072571205618416
0.9766344111399575,0.8078875439281531
0.9766344111399575,0.8080453036516305
0.9766344111399575,0.808203125
0.9766344111399575,0.8083610080093768
0.9766344111399575,0.8085189527159047
0.9766344111399575,0.808835027365129
0.9766344111399575,0.8089931573802541
0.9766344111399575,0.8091513492373875
0.9766344111399575,0.8093096029728144
0.9766344111399575,0.8094679186228482
0.9766344111399575,0.809626296223831
0.9766344111399575,0.8097847358121331
0.9766344111399575,0.8099432374241534
0.9766344111399575,0.8102604268650871
0.9766344111399575,0.8104191147669408
0.9766344111399575,0.8107366771159875
0.9766344111399575,0.8108955516362923
0.9766344111399575,0.8110544884359074
0.9766344111399575,0.8112134875514605
0.9766344111399575,0.8113725490196079
0.9766344111399575,0.8115316728770348
0.9766344111399575,0.811690859160455
0.9766344111399575,0.8118501079066117
0.9766344111399575,0.8128069141622472
0.9766344111399575,0.812966601178782
0.9766344111399575,0.813126350953036
0.9766344111399575,0.8132861635220126
0.9766344111399575,0.8134460389227443
0.9766344111399575,0.8137659783677483
0.9766344111399575,0.8139260424862313
0.9766344111399575,0.8142463597009052
0.9766344111399575,0.8147273085253003
0.9766344111399575,0.8148877510831036
0.9766344111399575,0.8152088258471237
0.9766344111399575,0.8153694581280788
0.9766344111399575,0.8155301537248719
0.9766344111399575,0.8156909126749458
0.9766344111399575,0.8158517350157729
0.9766344111399575,0.816012620784855
0.9766344111399575,0.8161735700197239
0.9766344111399575,0.8163345827579405
0.9766344111399575,0.8164956590370955
0.9766344111399575,0.8166567988948096
0.9766344111399575,0.8168180023687327
0.9766344111399575,0.8169792694965449
0.9766344111399575,0.8171406003159558
0.9766344111399575,0.8173019948647047
0.9766344111399575,0.817463453180561
0.9766344111399575,0.8176249753013238
0.9766344111399575,0.8177865612648222
0.9766344111399575,0.8179482111089148
0.9766344111399575,0.8182717025904687
0.9766344111399575,0.8184335443037974
0.9766344111399575,0.818595450049456
0.9766344111399575,0.8187574198654531
0.9766344111399575,0.8189194537898278
0.9766344111399575,0.8190815518606492
0.9766344111399575,0.8192437141160166
0.9766344111399575,0.8194059405940594
0.9766344111399575,0.81973058637084
0.9766344111399575,0.8198930057459877
0.9766344111399575,0.820055489496631
0.9763983950908662,0.8200198216055501
0.9763983950908662,0.8201823949246629
0.9763983950908662,0.8203450327186199
0.9763983950908662,0.8205077350257834
0.9763983950908662,0.8206705018845467
0.9763983950908662,0.8208333333333333
0.9763983950908662,0.8209962294105974
0.9763983950908662,0.8211591901548233
0.9763983950908662,0.8213222156045265
0.9763983950908662,0.8214853057982526
0.9763983950908662,0.821648460774578
0.9763983950908662,0.8218116805721096
0.9763983950908662,0.8219749652294854
0.9763983950908662,0.8221383147853736
0.9763983950908662,0.8223017292784734
0.9763983950908662,0.8227923627684964
0.9763983950908662,0.8229560373980506
0.9763983950908662,0.8231197771587744
0.9763983950908662,0.823611387616962
0.9763983950908662,0.8237753882915173
0.9763983950908662,0.8239394542919737
0.9763983950908662,0.8241035856573705
0.9763983950908662,0.8242677824267782
0.9763983950908662,0.8244320446392985
0.9761623790417748,0.8243970500298984
0.9761623790417748,0.8245614035087719
0.9761623790417748,0.8247258225324028
0.9761623790417748,0.824890307140008
0.9761623790417748,0.8250548573708358
0.9761623790417748,0.825219473264166
0.9761623790417748,0.8255489021956088
0.9761623790417748,0.8258785942492013
0.9761623790417748,0.8260435390453366
0.9761623790417748,0.8262085497403117
0.9761623790417748,0.8272
0.9761623790417748,0.8273654730946189
0.9761623790417748,0.827531012404962
0.9761623790417748,0.8278622898318655
0.9761623790417748,0.828028028028028
0.9759263629926835,0.827993592310773
0.9759263629926835,0.8281594231924695
0.9759263629926835,0.8283253205128205
0.9759263629926835,0.8284912843117612
0.9759263629926835,0.8286573146292585
0.9759263629926835,0.8288234115053117
0.9759263629926835,0.8289895749799518
0.9759263629926835,0.8291558050932424
0.9759263629926835,0.8293221018852788
0.9759263629926835,0.8294884653961886
0.9759263629926835,0.8296548956661316
0.9759263629926835,0.8299879566439181
0.9759263629926835,0.8306548814785054
0.9759263629926835,0.8309887459807074
0.9759263629926835,0.8311557788944723
0.9759263629926835,0.8313228789706474
0.9759263629926835,0.8314900462497486
0.9759263629926835,0.831657280772325
0.9759263629926835,0.8319919517102615
0.9759263629926835,0.8321593882068826
0.9759263629926835,0.8323268921095008
0.9759263629926835,0.8324944634588283
0.9759263629926835,0.8326621022956101
0.9759263629926835,0.8328298086606244
0.9759263629926835,0.8329975825946817
0.9756903469435921,0.8329639331049769
0.9756903469435921,0.8331318016928658
0.9754543308945008,0.833266129032258
0.9754543308945008,0.833434160112926
0.9754543308945008,0.8336022589753933
0.9754543308945008,0.8337704256606818
0.9754543308945008,0.8339386602098466
0.9754543308945008,0.8341069626639758
0.9754543308945008,0.8344437714516455
0.9754543308945008,0.83478085235306
0.9754543308945008,0.834949494949495
0.9754543308945008,0.8351182056981208
0.9754543308945008,0.8352869846402587
0.9754543308945008,0.835455831817263
0.9754543308945008,0.8356247472705216
0.9754543308945008,0.835793731041456
0.9754543308945008,0.8359627831715211
0.9754543308945008,0.8361319037022051
0.9754543308945008,0.8363010926750304
0.9754543308945008,0.8364703501315524
0.9754543308945008,0.8366396761133603
0.9754543308945008,0.8368090706620773
0.9754543308945008,0.83697853381936
0.9754543308945008,0.8371480656268989
0.9754543308945008,0.8373176661264181
0.9754543308945008,0.8374873353596758
0.9754543308945008,0.8378268801946077
0.9754543308945008,0.8379967558799676
0.9752183148454094,0.8379639018454674
0.9752183148454094,0.8381338742393509
0.9749822987963181,0.8381010346926354
0.9749822987963181,0.8384412421351736
0.9749822987963181,0.8389520714865962
0.9747462827472269,0.8392603129445235
0.9747462827472269,0.8394308943089431
0.9747462827472269,0.8396015450294775
0.9747462827472269,0.8397722651484343
0.9747462827472269,0.8399430547081553
0.9745102666981355,0.8399104963384866
0.9745102666981355,0.8402523402523403
0.9745102666981355,0.8404233665784653
0.9745102666981355,0.840765628181633
0.9745102666981355,0.841279543602282
0.9745102666981355,0.8416225030574807
0.9745102666981355,0.8426530612244898
0.9745102666981355,0.8429971416904859
0.9745102666981355,0.8431692873187666
0.9745102666981355,0.8433415032679739
0.9745102666981355,0.8435137895812053
0.9745102666981355,0.8436861463015938
0.9745102666981355,0.8438585734723074
0.9745102666981355,0.8440310711365495
0.9745102666981355,0.8442036393375588
0.9742742506490442,0.8441717791411043
0.9742742506490442,0.8443444467171201
0.9742742506490442,0.8445171849427169
0.9742742506490442,0.8446899938612645
0.9742742506490442,0.8452088452088452
0.9742742506490442,0.8455551003687014
0.9742742506490442,0.8457283343577136
0.9742742506490442,0.8460750153720025
0.9742742506490442,0.8465955701394585
0.9742742506490442,0.8467692307692307
0.9742742506490442,0.8469429626590069
0.9742742506490442,0.8471167658526575
0.9742742506490442,0.8474645863272429
0.9742742506490442,0.8476386036960986
0.9742742506490442,0.8478126925446704
0.9742742506490442,0.8486842105263158
0.9742742506490442,0.8488587291795188
0.9742742506490442,0.8490333196215549
0.9742742506490442,0.8492079818967291
0.9742742506490442,0.8493827160493828
0.9742742506490442,0.8495575221238938
0.9742742506490442,0.8497324001646768
0.9742742506490442,0.8500823723228995
0.9742742506490442,0.8506078714197404
0.9742742506490442,0.8514851485148515
0.9742742506490442,0.85166082112647
0.9742742506490442,0.8518365662401981
0.9742742506490442,0.8523642370431551
0.9742742506490442,0.8525402726146221
0.9742742506490442,0.8527163809130345
0.9742742506490442,0.8528925619834711
0.9742742506490442,0.8530688158710478
0.9742742506490442,0.8534215422782716
0.9742742506490442,0.8541278708876474
0.9742742506490442,0.8543046357615894
0.9742742506490442,0.8544814738149451
0.9742742506490442,0.8548353696417478
0.9742742506490442,0.8550124275062138
0.9742742506490442,0.8551895587321318
0.9742742506490442,0.8553667633651056
0.9742742506490442,0.8555440414507772
0.9742742506490442,0.8557213930348259
0.9742742506490442,0.8558988181629691
0.9742742506490442,0.8560763168809623
0.9742742506490442,0.8562538892345987
0.9742742506490442,0.8566092550321643
0.9742742506490442,0.8573208722741433
0.9742742506490442,0.8576771244546021
0.9742742506490442,0.85785536159601
0.9740382345999528,0.857825815838703
0.9740382345999528,0.858004158004158
0.9740382345999528,0.8581825743397796
0.9740382345999528,0.8583610648918469
0.9740382345999528,0.8585396297066777
0.9740382345999528,0.8587182688306284
0.9740382345999528,0.8588969823100937
0.9740382345999528,0.859075770191507
0.9740382345999528,0.8592546325213408
0.9740382345999528,0.8594335693461058
0.9740382345999528,0.8596125807123516
0.9740382345999528,0.8601500625260525
0.9740382345999528,0.8603293725244945
0.9740382345999528,0.8605087572977481
0.9740382345999528,0.8606882168925964
0.9740382345999528,0.8608677513558615
0.9738022185508615,0.8608387231379094
0.9738022185508615,0.8610183639398998
0.9738022185508615,0.8611980797328324
0.9738022185508615,0.8613778705636743
0.9738022185508615,0.861557736479432
0.9738022185508615,0.8617376775271512
0.9738022185508615,0.8620977852068533
0.9738022185508615,0.8622779519331244
0.9738022185508615,0.8624581939799331
0.9735662025017702,0.8624294375914698
0.9735662025017702,0.8626097867001254
0.9735662025017702,0.8627902112528759
0.9735662025017702,0.8629707112970711
0.9735662025017702,0.863331938049393
0.9735662025017702,0.8635126648524178
0.9735662025017702,0.8636934673366834
0.9735662025017702,0.8644174350377201
0.9735662025017702,0.8645986166422134
0.9735662025017702,0.8647798742138365
0.9735662025017702,0.8649612078003774
0.9735662025017702,0.8651426174496645
0.9735662025017702,0.8653241032095658
0.9735662025017702,0.8655056651279899
0.9735662025017702,0.8656873032528857
0.9735662025017702,0.8658690176322418
0.9735662025017702,0.8660508083140878
0.9735662025017702,0.8662326753464931
0.9735662025017702,0.8664146187775678
0.9735662025017702,0.8665966386554622
0.9735662025017702,0.8667787350283673
0.9735662025017702,0.8669609079445145
0.9735662025017702,0.8671431574521757
0.9735662025017702,0.8673254835996635
0.9733301864526788,0.867297581493165
0.9733301864526788,0.8674800168279344
0.9733301864526788,0.8676625289290975
0.9733301864526788,0.8678451178451179
0.9733301864526788,0.8680277836245001
0.9733301864526788,0.8685762426284751
0.9733301864526788,0.8687592163471667
0.9733301864526788,0.8689422671723557
0.9730941704035875,0.8689146469968387
0.9730941704035875,0.8690978077571669
0.9728581543544961,0.8690702087286527
0.9728581543544961,0.8694368276734866
0.9728581543544961,0.8696202531645569
0.9728581543544961,0.8698037560666807
0.9728581543544961,0.8699873364288729
0.9728581543544961,0.87017099430019
0.9726221383054048,0.870143581081081
0.9723861222563134,0.870116156282999
0.9723861222563134,0.8702999577524292
0.9723861222563134,0.8704838368899218
0.9723861222563134,0.8706677937447168
0.9723861222563134,0.870851828366096
0.9723861222563134,0.8710359408033826
0.9723861222563134,0.8712201311059421
0.9723861222563134,0.871404399323181
0.9723861222563134,0.8717731696995344
0.9723861222563134,0.8721422523285352
0.9723861222563134,0.8723269108617404
0.9723861222563134,0.8728813559322034
0.9723861222563134,0.8730663276117822
0.9723861222563134,0.8732513777024162
0.9723861222563134,0.873436506253975
0.9723861222563134,0.8736217133163698
0.9723861222563134,0.8739923631735257
0.9723861222563134,0.8741778060683216
0.9723861222563134,0.8743633276740238
0.9723861222563134,0.8745489280407557
0.9723861222563134,0.8747346072186837
0.9723861222563134,0.8749203652580165
0.9723861222563134,0.8751062022090059
0.9723861222563134,0.8752921181219461
0.9723861222563134,0.8754781130471738
0.9723861222563134,0.8756641870350691
0.9723861222563134,0.8758503401360545
0.9723861222563134,0.8760365724005954
0.9723861222563134,0.8762228838792003
0.9723861222563134,0.8765957446808511
0.9723861222563134,0.8767822941051288
0.9723861222563134,0.8769689229459344
0.9723861222563134,0.8771556312539919
0.9723861222563134,0.8773424190800682
0.9723861222563134,0.8775292864749734
0.9723861222563134,0.8777162334895612
0.9723861222563134,0.8779032601747283
0.9723861222563134,0.8780903665814151
0.9723861222563134,0.8782775527606054
0.9723861222563134,0.8784648187633263
0.9723861222563134,0.878839590443686
0.9723861222563134,0.8790270962235972
0.9723861222563134,0.8792146820315835
0.9723861222563134,0.87940234791889
0.9723861222563134,0.8795900939368061
0.9723861222563134,0.8797779201366646
0.9721501062072221,0.8797522426313541
0.9721501062072221,0.8803163069031844
0.9721501062072221,0.8805044890979051
0.9721501062072221,0.8806927517639512
0.9721501062072221,0.8808810949529512
0.9721501062072221,0.8810695187165776
0.9721501062072221,0.8814466081746202
0.9721501062072221,0.8816352739726028
0.9721501062072221,0.8818240205523442
0.9721501062072221,0.8823907455012854
0.9721501062072221,0.882579815727448
0.9721501062072221,0.8827689669952851
0.9719140901581308,0.8827438370846731
0.9719140901581308,0.8829331046312179
0.9716780741090394,0.8829079991421831
0.9714420580599481,0.8828828828828829
0.9714420580599481,0.8830723020810984
0.9714420580599481,0.8832618025751073
0.9712060420108567,0.8832367460828504
0.9712060420108567,0.8834263632460283
0.9712060420108567,0.8836160618423878
0.9712060420108567,0.8838058419243986
0.9712060420108567,0.8841856467554792
0.9712060420108567,0.8845657781599312
0.9712060420108567,0.884755966458826
0.9709700259617654,0.884731182795699
0.9709700259617654,0.8849214884921488
0.9709700259617654,0.8851118760757315
0.9709700259617654,0.8853023455993114
0.9709700259617654,0.8854928971157985
0.9709700259617654,0.8856835306781485
0.9709700259617654,0.8858742463393626
0.9709700259617654,0.8860650441524877
0.9709700259617654,0.8862559241706162
0.9709700259617654,0.8864468864468864
0.9709700259617654,0.8866379310344827
0.9709700259617654,0.886829057986635
0.9709700259617654,0.8870202673566192
0.9709700259617654,0.8872115591977572
0.9709700259617654,0.8875943905070118
0.9709700259617654,0.8877859300820026
0.9709700259617654,0.8879775523418951
0.9709700259617654,0.8883610451306413
0.9709700259617654,0.8885529157667387
0.9709700259617654,0.8891290252863626
0.9709700259617654,0.8893212278426286
0.9709700259617654,0.8895135135135135
0.9709700259617654,0.8897058823529411
0.9709700259617654,0.8898983344148821
0.9709700259617654,0.8900908697533535
0.9709700259617654,0.8906689759688244
0.9709700259617654,0.8908618449545258
0.9707340099126741,0.8908382066276803
0.9707340099126741,0.8910311958405546
0.9707340099126741,0.8912242686890575
0.9707340099126741,0.8914174252275683
0.9704979938635827,0.8915871639202082
0.9702619778144914,0.891563652136196
0.9702619778144914,0.8917570498915401
0.9700259617654,0.891733564764591
0.9700259617654,0.8919270833333334
0.9700259617654,0.8921206859127415
0.9700259617654,0.8923143725575337
0.9697899457163087,0.8922909880564603
0.9697899457163087,0.8924847958297133
0.9697899457163087,0.8926786878122963
0.9697899457163087,0.8930667246250815
0.9697899457163087,0.8932608695652174
0.9695539296672173,0.893237660360948
0.969317913618126,0.893214441061331
0.969317913618126,0.8934087448335871
0.9690818975690347,0.8933855526544822
0.9690818975690347,0.8935799782372144
0.9688458815199433,0.8935568132346539
0.9688458815199433,0.8937513607663836
0.9688458815199433,0.8943355119825708
0.9688458815199433,0.8945303987796905
0.968609865470852,0.8945074106364429
0.968609865470852,0.894702419882276
0.968609865470852,0.8948975141735718
0.9683738494217606,0.8948745910577972
0.9681378333726693,0.8948516579406631
0.9681378333726693,0.8952422522915757
0.9681378333726693,0.8954376773630212
0.9681378333726693,0.8956331877729258
0.967901817323578,0.8956103952828128
0.9676658012744866,0.8955875928352992
0.9676658012744866,0.8957832641468211
0.9674297852253954,0.8957604895104895
0.967193769176304,0.8957377049180328
0.9669577531272127,0.8957149103629208
0.9669577531272127,0.895910780669145
0.9669577531272127,0.8961067366579177
0.9669577531272127,0.8963027783854737
0.9667217370781213,0.8962800875273523
0.9667217370781213,0.8964762530094113
0.96648572102903,0.8964535901926445
0.9662497049799387,0.8964309174512809
0.9662497049799387,0.8966272448532633
0.9662497049799387,0.8968236582694414
0.9662497049799387,0.8970201577563541
0.9662497049799387,0.8972167433705895
0.9662497049799387,0.8974134151687856
0.9662497049799387,0.8976101732076299
0.9662497049799387,0.8978070175438596
0.9662497049799387,0.8980039482342619
0.9660136889308473,0.8979815708644142
0.9660136889308473,0.8981786262892254
0.965777672881756,0.8981562774363476
0.965777672881756,0.8983534577387486
0.965777672881756,0.8985507246376812
0.965777672881756,0.8987480781902043
0.965777672881756,0.8989455184534271
0.965777672881756,0.8991430454845089
0.965777672881756,0.8993406593406593
0.965777672881756,0.8995383600791382
0.9655416568326646,0.8995162708883025
0.9655416568326646,0.8997140972069496
0.9655416568326646,0.8999120105587329
0.9655416568326646,0.9001100110011001
0.9653056407835733,0.9002861545234426
0.9653056407835733,0.9004843681197711
0.965069624734482,0.9004624532041401
0.965069624734482,0.9006607929515419
0.965069624734482,0.9008592200925314
0.965069624734482,0.9010577346848833
0.965069624734482,0.9012563367864227
0.9648336086853906,0.9012345679012346
0.9648336086853906,0.9014332965821389
0.9645975926362993,0.9014115571239524
0.9645975926362993,0.9016104125303331
0.9643615765872079,0.9015887025595763
0.9641255605381166,0.9015669830059589
0.9641255605381166,0.9017660044150111
0.9641255605381166,0.9019651137116361
0.9641255605381166,0.9023635962005744
0.9641255605381166,0.9025629695095007
0.9641255605381166,0.9027624309392265
0.9638895444890253,0.9027409372236959
0.9638895444890253,0.9029405261994251
0.9636535284399339,0.9029190623617869
0.9636535284399339,0.9031187790311878
0.9636535284399339,0.9033185840707965
0.9636535284399339,0.9035184775392786
0.9634175123908426,0.9034971226206286
0.9634175123908426,0.903697144122205
0.9634175123908426,0.9038972542072631
0.9634175123908426,0.9040974529346623
0.9631814963417512,0.9040762073548959
0.9631814963417512,0.904276534456016
0.9631814963417512,0.90447695035461
0.9629454802926599,0.9044557747727776
0.9627094642435685,0.9044345898004434
0.9624734481944772,0.9044133954313595
0.9622374321453859,0.9043921916592724
0.9620014160962945,0.9043709784779232
0.9617654000472032,0.9043497558810475
0.9617654000472032,0.904550499445061
0.9617654000472032,0.9047513321492007
0.9617654000472032,0.9049522540528536
0.9617654000472032,0.9051532652154598
0.9615293839981118,0.9051321928460342
0.9612933679490205,0.9051111111111111
0.9610573518999292,0.9050900200044454
0.9610573518999292,0.9052912405513561
0.9608213358508378,0.9052701801200801
0.9608213358508378,0.9054715302491103
0.9605853198017466,0.9054505005561735
0.9603493037526551,0.9054294615042279
0.9603493037526551,0.9056309815268195
0.9601132877035639,0.9056099732858415
0.9601132877035639,0.905811623246493
0.9598772716544725,0.9057906458797328
0.9598772716544725,0.9059924259300512
0.9598772716544725,0.9061942959001783
0.9598772716544725,0.906396255850234
0.9598772716544725,0.9065983058403924
0.9598772716544725,0.9068004459308807
0.9598772716544725,0.9070026761819804
0.9596412556053812,0.9069819317421369
0.9594052395562899,0.9069611780455153
0.9591692235071985,0.9069404150859183
0.9591692235071985,0.9071428571428571
0.9591692235071985,0.907345389595892
0.9589332074581072,0.9073246985261277
0.9589332074581072,0.9075273620728166
0.9589332074581072,0.9077301161751564
0.9589332074581072,0.9079329608938548
0.9586971914090158,0.907912382655342
0.9586971914090158,0.9081153588195842
0.9586971914090158,0.9083184257602862
0.9586971914090158,0.9085215835383583
0.9586971914090158,0.9087248322147651
0.9584611753599245,0.9087044081449989
0.9584611753599245,0.9089077887197852
0.9584611753599245,0.9091112603537049
0.9584611753599245,0.9093148231079266
0.9584611753599245,0.9095184770436731
0.9584611753599245,0.9097222222222222
0.9584611753599245,0.9099260587049071
0.9582251593108332,0.9099058718063648
0.9582251593108332,0.9101098408428604
0.9579891432617418,0.9100896860986547
0.9577531272126505,0.9100695223144203
0.9577531272126505,0.9102736653207717
0.9575171111635591,0.9102535337671079
0.9575171111635591,0.9104578096947935
0.9572810951144678,0.9104377104377105
0.9572810951144678,0.9106421194431972
0.9572810951144678,0.9108466202560072
0.9572810951144678,0.9110512129380054
0.9570450790653764,0.9110312289373175
0.9570450790653764,0.9112359550561798
0.9568090630162851,0.9112160035963138
0.9565730469671938,0.9111960431654677
0.9563370309181024,0.9113810166441746
0.9563370309181024,0.911586051743532
0.9561010148690111,0.9115661566156615
0.9558649988199197,0.9115462525320729
0.9558649988199197,0.9117514633048176
0.9558649988199197,0.9119567664940329
0.9558649988199197,0.9121621621621622
0.9558649988199197,0.9123676503717053
0.9556289827708284,0.9123479044614692
0.9556289827708284,0.9127592425608656
0.9556289827708284,0.9129650507328072
0.9553929667217371,0.9129454217410916
0.9551569506726457,0.9131317689530686
0.9549209346235544,0.9131121642969984
0.954684918574463,0.9130925507900677
0.954684918574463,0.9132987130277715
0.9544489025253717,0.9132791327913279
0.9542128864762804,0.913259543709058
0.9542128864762804,0.9134658834161772
0.9542128864762804,0.9136723163841808
0.9542128864762804,0.913878842676311
0.953976870427189,0.9138593714673299
0.953976870427189,0.9140660334690185
0.953976870427189,0.9142727889617733
0.953976870427189,0.9144796380090497
0.9537408543780977,0.9144602851323829
0.9537408543780977,0.9146672702580353
0.9537408543780977,0.9148743491057278
0.9537408543780977,0.9150815217391305
0.9535048383290063,0.9150622876557192
0.953268822279915,0.9150430448572723
0.9530328062308236,0.9150237933378654
0.9527967901817324,0.9150045330915685
0.9525607741326411,0.9149852641124462
0.9525607741326411,0.9154003175323202
0.9525607741326411,0.9156079854809437
0.9525607741326411,0.9158157476741547
0.9523247580835497,0.915796640944167
0.9523247580835497,0.9160045402951191
0.9523247580835497,0.9162125340599455
0.9523247580835497,0.9164206223029753
0.9523247580835497,0.9166288050885961
0.9523247580835497,0.9168370824812543
0.9520887420344584,0.9168181818181819
0.951852725985367,0.9167992725619459
0.951852725985367,0.9170077307867213
0.9516167099362757,0.9169888560382079
0.9513806938871844,0.9169699727024567
0.9513806938871844,0.9171786120591582
0.951144677838093,0.9171597633136095
0.951144677838093,0.9173685408604598
0.951144677838093,0.9175774134790529
0.9509086617890017,0.9175586426782054
0.9509086617890017,0.9177676537585422
0.9509086617890017,0.9179767600820232
0.9509086617890017,0.9181859617137648
0.9509086617890017,0.9183952587189423
0.9506726457399103,0.9183766529867761
0.9506726457399103,0.9185860889395667
0.9506726457399103,0.9187956204379562
0.9506726457399103,0.919005247547342
0.950436629690819,0.9189867640346874
0.950436629690819,0.9191965304724948
0.950436629690819,0.9194063926940639
0.9502006136417276,0.9193879881251428
0.9499645975926363,0.9193695751484696
0.949728581543545,0.9193511537582819
0.949728581543545,0.9195612431444241
0.949728581543545,0.9197714285714286
0.949728581543545,0.9199817101051669
0.9494925654944536,0.9199634118454151
0.9494925654944536,0.9201738334858188
0.9494925654944536,0.9203843514070007
0.9492565494453623,0.9203661327231121
0.9490205333962709,0.9203479056992446
0.9490205333962709,0.920558608058608
0.9487845173471796,0.9205404167620792
0.9487845173471796,0.9207512597343106
0.9487845173471796,0.9209621993127147
0.9485485012980883,0.9209440879926672
0.9485485012980883,0.9211551684620674
0.9485485012980883,0.9213663457129757
0.9483124852489969,0.9213483146067416
0.9480764691999056,0.9213302752293578
0.9480764691999056,0.9215416379903648
0.9480764691999056,0.921753097751262
0.9478404531508142,0.9217351388570117
0.9476044371017229,0.9217171717171717
0.9476044371017229,0.9219288174512055
0.9476044371017229,0.922140560404226
0.9476044371017229,0.9223524006432345
0.9473684210526315,0.9223345588235294
0.9471324050035402,0.9223167088025741
0.9471324050035402,0.922528735632184
0.9468963889544489,0.9225109220510462
0.9466603729053575,0.922493100275989
0.9464243568562662,0.9224752703013572
0.9464243568562662,0.92268752876208
0.9461883408071748,0.9226697353279631
0.9459523247580836,0.9226519337016574
0.9459523247580836,0.9228643794612019
0.9459523247580836,0.9230769230769231
0.9457163087089923,0.9230592029486293
0.9457163087089923,0.9232718894009216
0.9457163087089923,0.9234846738879926
0.9454802926599009,0.9234670355002306
0.9454802926599009,0.9236799631081393
0.9452442766108096,0.9236623616236163
0.9452442766108096,0.9238754325259516
0.9450082605617182,0.9238578680203046
0.9447722445126269,0.923840295407339
0.9445362284635355,0.9238227146814404
0.9443002124144442,0.9238051258369891
0.9440641963653529,0.9237875288683602
0.9438281803162615,0.9237699237699237
0.9435921642671702,0.9237523105360443
0.9435921642671702,0.9239657961636237
0.9433561482180788,0.9239482200647249
0.9433561482180788,0.9241618497109827
0.9431201321689875,0.9241443108233117
0.9428841161198962,0.9241267638214203
0.9426481000708048,0.924109208699676
0.9426481000708048,0.9243230733626475
0.9424120840217135,0.9243055555555556
0.9424120840217135,0.9245195647140542
0.9419400519235308,0.9246987951807228
0.9417040358744395,0.9246813441483198
0.9417040358744395,0.9248956884561892
0.9417040358744395,0.9251101321585903
0.9414680198253481,0.9250927643784786
0.9414680198253481,0.9253073532823011
0.9414680198253481,0.9255220417633411
0.9412320037762568,0.9255047574843351
0.9412320037762568,0.9257195914577531
0.9412320037762568,0.9259345251915486
0.9412320037762568,0.9261495587552253
0.9409959877271654,0.9261324041811847
0.9407599716780741,0.9261152416356877
0.9407599716780741,0.9263304671159656
0.9405239556289827,0.9263133426313342
0.9402879395798914,0.9262962101836782
0.9402879395798914,0.9265116279069767
0.9400519235308001,0.926494533612468
0.9400519235308001,0.9267100977198697
0.9398159074817087,0.92669304165697
0.9398159074817087,0.9269087523277467
0.9395798914326174,0.9268917345750873
0.939343875383526,0.9268747088961341
0.9388718432853435,0.9270566301561408
0.9383998111871608,0.9270226159944043
0.9383998111871608,0.9272388059701493
0.9383998111871608,0.9274550968042921
0.9381637951380694,0.9274381707886141
0.9379277790889781,0.9274212368728121
0.9376917630398867,0.9274042950513539
0.9376917630398867,0.9276208265234649
0.9374557469907954,0.9276039234002802
0.9374557469907954,0.9278206026629292
0.9372197309417041,0.9280205655526992
0.9369837148926127,0.9280037400654512
0.9367476988435214,0.9279869067103109
0.9367476988435214,0.9282039289055192
0.93651168279443,0.928187134502924
0.93651168279443,0.9284043051006083
0.93651168279443,0.9286215773461268
0.93651168279443,0.9288389513108615
0.9362756667453387,0.928822289861859
0.9362756667453387,0.92903981264637
0.9360396506962474,0.9290231904427266
0.935803634647156,0.9290065604498594
0.9355676185980647,0.928989922662292
0.9353316025489733,0.9289732770745429
0.9353316025489733,0.9294090056285178
0.9353316025489733,0.9296270232230823
0.9353316025489733,0.9298451431252933
0.9353316025489733,0.9300633654071814
0.9353316025489733,0.930281690140845
0.935095586499882,0.9302653204977694
0.9348595704507906,0.9302489431658055
0.9346235544016993,0.9302325581395349
0.934387538352608,0.9302161654135338
0.9341515223035166,0.9301997649823737
0.9339155062544253,0.9301833568406206
0.9339155062544253,0.9304020691276745
0.9339155062544253,0.930620884289746
0.9336794902053339,0.9306045636320865
0.9334434741562426,0.9305882352941176
0.9334434741562426,0.9308072487644151
0.9332074581071513,0.9307909604519774
0.9329714420580599,0.930774664469037
0.9329714420580599,0.9309938765897315
0.9327354260089686,0.9309776207302709
0.9324994099598772,0.930961357210179
0.9324994099598772,0.9311807683242989
0.9324994099598772,0.9314002828854314
0.9324994099598772,0.9316199009667532
0.9324994099598772,0.9318396226415094
0.9322633939107859,0.9318235432885115
0.9322633939107859,0.9320434167059934
0.9320273778616947,0.9320273778616947
0.9320273778616947,0.932247403210576
0.9320273778616947,0.9324675324675324
0.9317913618126032,0.9324515824279641
0.931555345763512,0.9324356248523505
0.9313193297144206,0.9324196597353497
0.9310833136653293,0.9324036870716143
0.9310833136653293,0.9326241134751773
0.9308472976162379,0.9326081816032159
0.9306112815671466,0.9325922421948912
0.9303752655180553,0.9325762952448545
0.9301392494689639,0.932560340747752
0.9301392494689639,0.9327810650887574
0.9299032334198726,0.9327651515151515
0.9296672173707812,0.9327492304049254
0.9294312013216899,0.9327333017527238
0.9291951852725986,0.9327173655531864
0.9291951852725986,0.9329383886255924
0.9289591692235072,0.9329224934818677
0.9287231531744159,0.9329065908013277
0.9287231531744159,0.9331278159829263
0.9284871371253245,0.933111954459203
0.9282511210762332,0.9330960854092527
0.9280151050271418,0.9330802088277171
0.9277790889780505,0.9330643247092333
0.9275430729289592,0.9330484330484331
0.9273070568798678,0.933032533839943
0.9273070568798678,0.9332541567695962
0.9270710408307765,0.9332382988833452
0.9268350247816851,0.933222433460076
0.9268350247816851,0.9334442595673876
0.9268350247816851,0.9336661911554922
0.9265990087325938,0.9336504161712247
0.9263629926835025,0.9336346336822074
0.9263629926835025,0.933856768974542
0.9263629926835025,0.9340790099952404
0.9263629926835025,0.9343013568198049
0.9263629926835025,0.9345238095238095
0.9263629926835025,0.9347463681829007
0.9261269766344111,0.9347308242020009
0.9258909605853198,0.9347152728139148
0.9256549445362284,0.9346997140133461
0.9254189284871371,0.9346841477949941
0.9251829124380457,0.9346685741535526
0.9249468963889544,0.934652993083711
0.9247108803398632,0.9348604151753758
0.9244748642907717,0.9348448687350835
0.9244748642907717,0.9350680353306279
0.9242388482416805,0.9350525310410697
0.924002832192589,0.9350370193455935
0.924002832192589,0.9352603917821309
0.9237668161434978,0.9352449223416965
0.9235308000944065,0.9352294455066922
0.9232947840453151,0.9352139612718144
0.9230587679962238,0.9351984696317551
0.9228227519471324,0.9351829705812007
0.9228227519471324,0.9354066985645934
0.9225867358980411,0.9353912419239052
0.9223507198489497,0.935375777884155
0.9221147037998584,0.9353603064400288
0.9221147037998584,0.9355842911877394
0.9221147037998584,0.9358083832335329
0.9218786877507671,0.9357930043124102
0.9216426717016757,0.9357776180206087
0.9216426717016757,0.9360019175455417
0.9214066556525844,0.9359865739630784
0.921170639603493,0.9359712230215828
0.921170639603493,0.936195730390981
0.921170639603493,0.9364203454894434
0.9209346235544017,0.9364050875929926
0.9206986075053104,0.9363898223715794
0.920462591456219,0.936374549819928
0.9202265754071277,0.936359269932757
0.9202265754071277,0.9365841940907998
0.9202265754071277,0.9368092263334935
0.9202265754071277,0.9370343667387647
0.9199905593580363,0.9370192307692308
0.919754543308945,0.9370040875210387
0.919754543308945,0.9372294372294372
0.919754543308945,0.9374548953572288
0.919754543308945,0.9376804619826756
0.9195185272598537,0.9376654632972322
0.9195185272598537,0.9378911892152143
0.9192825112107623,0.9378762340476764
0.9192825112107623,0.9381021194605009
0.919046495161671,0.9380872079017104
0.9188104791125796,0.9380722891566265
0.9185744630634883,0.9380573632200531
0.9183384470143969,0.9380424300867888
0.9181024309653056,0.9380274897516276
0.9178664149162143,0.9380125422093584
0.9176303988671229,0.9379975874547648
0.9176303988671229,0.9382239382239382
0.9173943828180317,0.9382090272749215
0.9173943828180317,0.9384355383872526
0.9173943828180317,0.9386621588988167
0.9173943828180317,0.9388888888888889
0.9173943828180317,0.9391157284368205
0.9173943828180317,0.9393426776220396
0.9173943828180317,0.9395697365240513
0.9171583667689402,0.9395551257253385
0.9171583667689402,0.939782345828295
0.916922350719849,0.9397677793904209
0.916922350719849,0.9399951609000726
0.9166863346707577,0.9399806389157793
0.9166863346707577,0.9402081820382474
0.9166863346707577,0.9404358353510895
0.9166863346707577,0.9406635989343667
0.9166863346707577,0.9408914728682171
0.9164503186216663,0.9408771504724982
0.916214302572575,0.9408628211342704
0.916214302572575,0.9410909090909091
0.9159782865234836,0.9410766246362755
0.9159782865234836,0.9413048750909532
0.9155062544253009,0.941276389225916
0.9152702383762096,0.9412621359223301
0.9152702383762096,0.9414906530711338
0.9152702383762096,0.9417192812044682
0.9150342223271183,0.9417051250910857
0.9147982062780269,0.9416909620991254
0.9145621902289356,0.9416767922235723
0.9143261741798442,0.9416626154594069
0.9140901581307529,0.9416484318016046
0.9138541420816616,0.9416342412451362
0.9136181260325702,0.9416200437849671
0.9133821099834789,0.9416058394160584
0.9131460939343875,0.9415916281333658
0.9131460939343875,0.9418208373904576
0.9126740618362048,0.9417924987822699
0.9124380457871135,0.9417783191230207
0.9122020297380222,0.9417641325536062
0.9119660136889308,0.941749939068974
0.9117299976398395,0.9417357386640663
0.9114939815907481,0.941721531333821
0.9114939815907481,0.9419512195121951
0.9112579655416568,0.9419370578189803
0.9112579655416568,0.9421669106881405
0.9110219494925655,0.9421527947278496
0.9110219494925655,0.9423828125
0.9107859334434741,0.9423687423687424
0.9105499173943828,0.9423546653639472
0.9105499173943828,0.9425849010505741
0.9103139013452914,0.9425708699902249
0.9100778852962002,0.9425568320703984
0.9100778852962002,0.9427872860635697
0.9100778852962002,0.9430178527757398
0.9098418692471089,0.9430039138943248
0.9096058531980175,0.9429899681918278
0.9096058531980175,0.9432207537934411
0.9093698371489262,0.9432068543451653
0.9091338210998348,0.9431929480901078
0.9088978050507435,0.9431790350232672
0.9086617890016521,0.9433962264150944
0.9086617890016521,0.9436274509803921
0.9086617890016521,0.9438587889188527
0.9086617890016521,0.9440902403138793
0.9086617890016521,0.9443218052489576
0.9086617890016521,0.9445534838076546
0.9084257729525608,0.9445398773006135
0.9084257729525608,0.9447717231222386
0.9084257729525608,0.945003682789099
0.9081897569034695,0.9452223041021862
0.9081897569034695,0.9454545454545454
0.9079537408543781,0.9454411403293193
0.9077177248052868,0.9454277286135693
0.9074817087561954,0.9454143103024343
0.9072456927071041,0.9454008853910477
0.9070096766580128,0.9453874538745387
0.9070096766580128,0.9456200787401575
0.9070096766580128,0.9458528181146936
0.9070096766580128,0.9460856720827179
0.9067736606089214,0.9460723959615858
0.9065376445598301,0.9460591133004926
0.9065376445598301,0.9462921901946292
0.9065376445598301,0.9465253819615574
0.9063016285107387,0.9465122011338427
0.9063016285107387,0.9467455621301775
0.9060656124616474,0.9467324290998766
0.9060656124616474,0.9469659595461273
0.905829596412556,0.9469528744140143
0.905829596412556,0.9471865745310958
0.9055935803634647,0.9471735373981733
0.9055935803634647,0.9474074074074074
0.9055935803634647,0.9476413929365275
0.9053575643143734,0.9476284584980237
0.905121548265282,0.9476155176674079
0.9048855322161907,0.9476025704399407
0.9048855322161907,0.9478368355995056
0.9048855322161907,0.9480712166172107
0.9048855322161907,0.9483057135790255
0.9046495161670993,0.9482929242949035
0.904413500118008,0.9482801286810195
0.9041774840689167,0.9482673267326732
0.9039414680198253,0.9482545184451597
0.903705451970734,0.9482417038137692
0.9034694359216426,0.9482288828337875
0.9032334198725513,0.9482160555004956
0.9029974038234599,0.9482032218091697
0.9029974038234599,0.9484382746653446
0.9027613877743687,0.9484254897098934
0.9025253717252774,0.9484126984126984
0.902289355676186,0.9483999007690399
0.9020533396270947,0.9483870967741935
0.9018173235780033,0.9483742864234301
0.901581307528912,0.9483614697120158
0.9013452914798207,0.9483486466352123
0.9011092754307293,0.9483358171882762
0.900873259381638,0.9483229813664596
0.900873259381638,0.9485586481113321
0.900873259381638,0.9487944320159085
0.9006372433325466,0.9487817006464445
0.9004012272834553,0.9487689629445412
0.9001652112343639,0.9487562189054727
0.8999291951852726,0.9487434685245086
0.8996931791361813,0.9487307117969139
0.8996931791361813,0.9489668907144635
0.8994571630870899,0.9489541832669323
0.8992211470379986,0.9489414694894147
0.8989851309889072,0.9489287493771799
0.8989851309889072,0.9494017946161516
0.8989851309889072,0.9498753117206983
0.8987491149398159,0.9498628086804689
0.8987491149398159,0.9500998003992016
0.8985130988907246,0.9500873471425006
0.8982770828416332,0.9500748876684972
0.8982770828416332,0.9503121098626717
0.8980410667925419,0.9502997002997003
0.8978050507434505,0.9502872845365975
0.8975690346943592,0.9502748625687156
0.8973330186452679,0.9502624343914021
0.8970970025961765,0.95025
0.8968609865470852,0.9502375593898474
0.8966249704979938,0.9502251125562782
0.8963889544489025,0.950212659494621
0.8961529383998111,0.9502002002002002
0.8961529383998111,0.9504380475594493
0.8959169223507198,0.9504256384576866
0.8956809063016286,0.9504132231404959
0.8954448902525372,0.9504008016032064
0.8954448902525372,0.9506389376096217
0.8954448902525372,0.9508771929824561
0.8952088742034459,0.950864878415643
0.8949728581543545,0.950852557673019
0.8947368421052632,0.9508402307499373
0.8945008260561719,0.9508278976417461
0.8945008260561719,0.9510664993726474
0.8945008260561719,0.9513052208835341
0.8945008260561719,0.9515440622646246
0.8942648100070805,0.9515318935208438
0.8940287939579892,0.9515197186636524
0.8937927779088978,0.9515075376884422
0.8937927779088978,0.9517466700175924
0.8937927779088978,0.9519859225741578
0.8935567618598065,0.9519738496354035
0.8933207458107151,0.9519617706237424
0.8933207458107151,0.9522012578616352
0.8930847297616238,0.9521892299949672
0.8930847297616238,0.9524288950415303
0.8928487137125325,0.952416918429003
0.8928487137125325,0.9526567615210274
0.8928487137125325,0.9528967254408061
0.8926126976634411,0.9528848576467625
0.8923766816143498,0.9528729838709677
0.8923766816143498,0.9531131837660701
0.8921406655652584,0.9531013615733737
0.8919046495161671,0.9530895334174023
0.8916686334670758,0.9530776992936428
0.8914326174179844,0.9530658591975776
0.8911966013688931,0.9530540131246845
0.8909605853198017,0.9530421610704367
0.8907245692707104,0.953030303030303
0.8907245692707104,0.9532710280373832
0.890488553221619,0.9532592218292066
0.8902525371725277,0.9532474096537781
0.8900165211234364,0.9532355915065723
0.889780505074345,0.9532237673830595
0.8895444890252537,0.9532119372787051
0.8893084729761623,0.9532001011889704
0.889072456927071,0.9531882591093117
0.889072456927071,0.9534295115160719
0.8888364408779797,0.9534177215189873
0.8886004248288883,0.9534059255507723
0.888364408779797,0.9533941236068896
0.888364408779797,0.9536356726627818
0.8881283927307057,0.9536239229599595
0.8878923766816144,0.9536121673003802
0.887656360632523,0.9536004056795132
0.887656360632523,0.9538422520923155
0.887656360632523,0.9540842212075089
0.8874203445834317,0.9540725704136006
0.8871843285343404,0.9540609137055838
0.886948312485249,0.954049251078954
0.886948312485249,0.9542915185373286
0.8867122964361577,0.9542799085598171
0.8864762803870663,0.9542682926829268
0.8864762803870663,0.9545108005082592
0.886240264337975,0.9544992374173868
0.8860042482888837,0.9544876684464785
0.8860042482888837,0.9547304170905392
0.8860042482888837,0.9549732892393793
0.8857682322397923,0.9549618320610687
0.8857682322397923,0.9552048867396284
0.8857682322397923,0.9554480651731161
0.885532216190701,0.9556800815078961
0.8852962001416096,0.9556687898089172
0.8850601840925183,0.9556574923547401
0.8850601840925183,0.9559010960999236
0.8850601840925183,0.9561448240693524
0.884824168043427,0.9561336393777098
0.884824168043427,0.9563775510204081
0.8845881519943356,0.9563664200051033
0.8843521359452443,0.9563552833078101
0.8843521359452443,0.9565994383456727
0.8841161198961529,0.95658835546476
0.8841161198961529,0.9568326947637292
0.8841161198961529,0.9570771589167093
0.8838801038470616,0.9570661896243292
0.8836440877979702,0.9570552147239264
0.8834080717488789,0.9570442342111992
0.8834080717488789,0.9572890025575448
0.8834080717488789,0.9575338961371195
0.8831720556997876,0.9575230296827022
0.8829360396506962,0.9575121576657282
0.8827000236016049,0.9575012800819253
0.8824640075525135,0.9574903969270167
0.8822279915034222,0.9574795081967213
0.881991975454331,0.9574686138867537
0.8817559594052395,0.9574577139928242
0.8817559594052395,0.9577031530376826
0.8815199433561483,0.9576923076923077
0.8812839273070568,0.9576814567837907
0.8810479112579656,0.9576706003078502
0.8808118952088742,0.9576597382602001
0.8805758791597829,0.9576488706365504
0.8803398631106916,0.9576379974326059
0.8801038470616002,0.9576271186440678
0.8798678310125089,0.9576162342666324
0.8796318149634175,0.9576053442959918
0.8793957989143262,0.9575944487278335
0.8791597828652349,0.9575835475578406
0.8786877507670522,0.9575617283950617
0.8784517347179608,0.9575508103936198
0.8782157186688695,0.9575398867730314
0.8782157186688695,0.9577863577863578
0.8779797026197781,0.9577754891864058
0.8779797026197781,0.9580221478238475
0.8777436865706868,0.95801133436373
0.8775076705215955,0.9580005153311002
0.8775076705215955,0.9582474226804124
0.8772716544725041,0.9582366589327146
0.8772716544725041,0.9584837545126353
0.8772716544725041,0.958730977559969
0.8770356384234128,0.9587203302373581
0.8770356384234128,0.9589677419354838
0.8770356384234128,0.9592152813629323
0.8770356384234128,0.9594629486186419
0.8767996223743214,0.9594524793388429
0.8765636063252301,0.9594420046499612
0.8765636063252301,0.9596899224806201
0.8763275902761388,0.9596795037477385
0.8763275902761388,0.9599276111685625
0.8760915742270474,0.9599172485130593
0.8758555581779561,0.9599068804966373
0.8756195421288647,0.9598965071151359
0.8753835260797734,0.9598861283643892
0.8753835260797734,0.9601346104064199
0.8751475100306821,0.9601242879337131
0.8749114939815907,0.9601139601139601
0.8749114939815907,0.9603626943005181
0.8746754779324994,0.960352422907489
0.8746754779324994,0.9606013478486263
0.874439461883408,0.9605911330049262
0.8742034458343168,0.9608300907911803
0.8739674297852253,0.9608199273482096
0.873731413736134,0.9608097586296392
0.8734953976870428,0.9607995846313603
0.8732593816379514,0.9607894053492599
0.8730233655888601,0.9607792207792207
0.8730233655888601,0.961028838659392
0.8727873495397687,0.9610187110187111
0.8725513334906774,0.9610085781128151
0.8723153174415861,0.9609984399375975
0.8723153174415861,0.9612483745123537
0.8720793013924947,0.9612382934443289
0.8718432853434034,0.9612282071298465
0.8718432853434034,0.9614783966684018
0.871607269294312,0.9614683676126009
0.871607269294312,0.96171875
0.8711352371961293,0.9616988014590933
0.870899221147038,0.9616888193901486
0.8706632050979467,0.9616788321167883
0.8706632050979467,0.9619295958279009
0.8706632050979467,0.9621804903495045
0.8704271890488553,0.9621706235324811
0.870191172999764,0.962160751565762
0.8699551569506726,0.9621508744453146
0.8699551569506726,0.9624020887728459
0.8699551569506726,0.9626534343170541
0.8697191409015813,0.9626436781609196
0.8697191409015813,0.9628952181865691
0.8697191409015813,0.9631468897020387
0.86948312485249,0.9631372549019608
0.8692471088033986,0.9631276150627615
0.8690110927543073,0.9631179701804865
0.8687750767052159,0.9631083202511774
0.8685390606561246,0.9630986652708715
0.8683030446070332,0.9630890052356021
0.8683030446070332,0.9633411887928777
0.8680670285579419,0.9633315872184389
0.8678310125088506,0.9633219806130469
0.8675949964597592,0.9633123689727463
0.8675949964597592,0.963564875491481
0.867358980410668,0.9635553224960671
0.8671229643615765,0.9635457644899029
0.8668869483124853,0.9635362014690452
0.866650932263394,0.963526633429546
0.8664149162143026,0.9635170603674541
0.8661789001652113,0.9635074822788133
0.8659428841161199,0.9634978991596639
0.8659428841161199,0.9637509850275807
0.8657068680670286,0.9637414608512874
0.8657068680670286,0.9639947437582129
0.8654708520179372,0.9639852786540484
0.8654708520179372,0.9642387588745727
0.8652348359688459,0.96422935297212
0.8649988199197546,0.9642199421204946
0.8647628038706632,0.9642105263157895
0.8645267878215719,0.9642011055540932
0.8642907717724805,0.9641916798314902
0.8642907717724805,0.9644456149591782
0.8640547557233892,0.9644362486828241
0.8638187396742979,0.9644268774703557
0.8638187396742979,0.9646810753821824
0.8635827236252065,0.9646717637753757
0.8633467075761152,0.9646624472573839
0.8631106915270238,0.9646531258243207
0.8628746754779325,0.9646437994722955
0.8626386594288412,0.9646344681974136
0.8626386594288412,0.9648891235480465
0.8626386594288412,0.965143913387906
0.8626386594288412,0.9653988378235605
0.8624026433797498,0.9653896961690885
0.8624026433797498,0.9656448202959831
0.8621666273306585,0.9656357388316151
0.8619306112815671,0.9656266525647805
0.8616945952324758,0.9656175614916689
0.8614585791833844,0.9656084656084656
0.8612225631342931,0.9655993649113522
0.8609865470852018,0.9655902593965061
0.8607505310361104,0.9655811490601006
0.8605145149870191,0.965572033898305
0.8602784989379277,0.9655629139072848
0.8602784989379277,0.965818759936407
0.8602784989379277,0.9660747415849457
0.8600424828888364,0.9660657476139979
0.8598064668397452,0.966056748872978
0.8598064668397452,0.9663129973474801
0.8598064668397452,0.9665693817988856
0.8595704507906538,0.9665605095541401
0.8595704507906538,0.9668170958322272
0.8593344347415625,0.9668082846521509
0.859098418692471,0.9667994687915007
0.859098418692471,0.9670563230605739
0.8588624026433798,0.9670475684294446
0.8586263865942884,0.9670388091440723
0.8583903705451971,0.9670300452007445
0.8581543544961058,0.9670212765957447
0.8581543544961058,0.9672785315243416
0.8579183384470144,0.9672698243746674
0.8576823223979231,0.9672611125898323
0.8574463063488317,0.9672523961661342
0.8572102902997404,0.9672436750998669
0.8569742742506491,0.9672349493873202
0.8567382582015577,0.9672262190247801
0.8565022421524664,0.9672174840085288
0.8565022421524664,0.9674753399093575
0.856266226103375,0.9674666666666667
0.8560302100542837,0.9674579887970125
0.8557941940051923,0.9674493062966916
0.855558177956101,0.9674406191619963
0.8553221619070097,0.9674319273892151
0.8550861458579183,0.9674232309746329
0.854850129808827,0.9674145299145299
0.8546141137597356,0.9674058242051831
0.8543780977106443,0.9673971138428648
0.8543780977106443,0.9676557070302059
0.854142081661553,0.9676470588235294
0.8539060656124616,0.9676384059909067
0.8539060656124616,0.9678972712680578
0.8536700495633703,0.9678886807599679
0.8534340335142789,0.9678800856531049
0.8531980174651876,0.9678714859437751
0.8529620014160963,0.9678628816282807
0.852725985367005,0.9678542727029199
0.8524899693179137,0.9678456591639871
0.8522539532688223,0.9678370410077727
0.852017937219731,0.967828418230563
0.8517819211706396,0.9678197908286403
0.8515459051215483,0.9678111587982833
0.851309889072457,0.967802522135766
0.851309889072457,0.9680622651637144
0.8510738730233656,0.9680536912751678
0.8508378569742743,0.9680451127819549
0.8506018409251829,0.9680365296803652
0.8503658248760916,0.9680279419666846
0.8501298088270003,0.9680193496371943
0.8498937927779089,0.968010752688172
0.8496577767288176,0.9680021511158914
0.8494217606797262,0.9679935449166218
0.8491857446306349,0.967984934086629
0.8489497285815435,0.9679763186221744
0.8487137125324522,0.9679676985195155
0.8484776964833609,0.9679590737749058
0.8484776964833609,0.9684806034482759
0.8482416804342695,0.9684721099434115
0.8480056643851782,0.9684636118598383
0.8477696483360868,0.9684551091938528
0.8475336322869955,0.9684466019417476
0.8472976162379042,0.9684380900998112
0.8470616001888128,0.9684295736643281
0.8468255841397215,0.968421052631579
0.8465895680906301,0.9684125269978402
0.8463535520415388,0.9684039967593843
0.8461175359924474,0.9683954619124797
0.8458815199433561,0.968386922453391
0.8456455038942648,0.9683783783783784
0.8454094878451734,0.9683698296836983
0.8451734717960822,0.968361276365603
0.8449374557469908,0.9683527184203408
0.8447014396978995,0.9683441558441559
0.8444654236488082,0.9683355886332883
0.8444654236488082,0.9685977260422306
0.8444654236488082,0.9688600054156512
0.8442294075997168,0.968851570964247
0.8439933915506255,0.968843131942563
0.8437573755015341,0.9688346883468835
0.8435213594524428,0.9688262401734887
0.8432853434033514,0.9688177874186551
0.8430493273542601,0.9688093300786548
0.8428133113051688,0.9688008681497559
0.8425772952560774,0.9687924016282226
0.8423412792069861,0.9687839305103149
0.8421052631578947,0.9687754547922889
0.8418692471088034,0.9687669744703965
0.8416332310597121,0.9687584895408856
0.8413972150106207,0.96875
0.8411611989615294,0.9687415058439793
0.840925182912438,0.9687330070690593
0.8406891668633467,0.9687245036714713
0.8404531508142554,0.9687159956474428
0.840217134765164,0.9687074829931973
0.8399811187160727,0.9686989657049537
0.8399811187160727,0.9689627007895454
0.8399811187160727,0.9692265795206971
0.8397451026669813,0.9692181966766549
0.8397451026669813,0.9694822888283379
0.8397451026669813,0.9697465249386754
0.8397451026669813,0.970010905125409
0.83950908661789,0.9700027270248159
0.8392730705687986,0.9699945444626296
0.8390370545197073,0.9699863574351978
0.838801038470616,0.9699781659388647
0.8385650224215246,0.96996996996997
0.8383290063724333,0.9699617695248498
0.838092990323342,0.9699535645998361
0.838092990323342,0.9702185792349727
0.838092990323342,0.970483738726428
0.8378569742742507,0.9704756697648989
0.8376209582251594,0.970467596390484
0.8376209582251594,0.9707330415754923
0.837384942176068,0.9707250341997264
0.837384942176068,0.9709906951286261
0.8371489261269767,0.9709827539009034
0.8369129100778853,0.9709748083242059
0.8369129100778853,0.971240755957272
0.836676894028794,0.9712328767123287
0.8364408779797026,0.971224993148808
0.8364408779797026,0.9714912280701754
0.8362048619306113,0.9714834110227585
0.8362048619306113,0.9717498628634119
0.83596884588152,0.9717421124828532
0.8357328298324286,0.9717343578485181
0.8354968137833373,0.9717265989569036
0.8352607977342459,0.971718835804503
0.8350247816851546,0.9717110683878055
0.8347887656360633,0.9717032967032967
0.8345527495869719,0.9716955207474581
0.8343167335378806,0.9716877405167674
0.8340807174887892,0.9716799560076986
0.8338447014396979,0.9716721672167217
0.8336086853906065,0.9716643741403026
0.8333726693415152,0.9716565767749037
0.8331366532924239,0.9716487751169832
0.8329006372433325,0.9716409691629956
0.8326646211942412,0.9716331589093914
0.8324286051451498,0.971625344352617
0.8324286051451498,0.9718930834940755
0.8321925890960585,0.9718853362734289
0.8319565730469672,0.9718775847808105
0.8319565730469672,0.9721456150027579
0.8319565730469672,0.9724137931034482
0.8317205569978758,0.9724061810154525
0.8314845409487845,0.9723985647253657
0.8312485248996931,0.9723909442297074
0.8310125088506018,0.9723833195249931
0.8310125088506018,0.9726519337016575
0.8307764928015106,0.9726443768996961
0.8305404767524192,0.972636815920398
0.8303044607033279,0.9726292507602986
0.8300684446542365,0.9726216814159292
0.8298324286051452,0.9726141078838174
0.8295964125560538,0.972606530160487
0.8293603965069625,0.9725989482424577
0.8291243804578712,0.9725913621262459
0.8288883644087798,0.9725837718083633
0.8286523483596885,0.9725761772853185
0.8284163323105971,0.972568578553616
0.8281803162615058,0.9725609756097561
0.8279443002124145,0.9725533684502357
0.8279443002124145,0.9728230726566833
0.8277082841633231,0.9728155339805825
0.8277082841633231,0.9730854605993341
0.8274722681142318,0.9730779905634194
0.8272362520651404,0.973070516379789
0.8270002360160491,0.9730630380449875
0.8267642199669577,0.9730555555555556
0.8265282039178664,0.97304806890803
0.8262921878687751,0.9730405780989438
0.8260561718196837,0.9730330831248263
0.8258201557705924,0.9730255839822024
0.825584139721501,0.9730180806675939
0.8253481236724097,0.973010573177518
0.8251121076233184,0.9730030615084887
0.8251121076233184,0.9732739420935412
0.824876091574227,0.9732664995822891
0.8246400755251357,0.9732590529247911
0.8244040594760443,0.9732516021175815
0.8244040594760443,0.9735228539576366
0.824168043426953,0.9735154725397268
0.824168043426953,0.973786949247072
0.8239320273778616,0.9737796373779637
0.8236960113287703,0.9737723214285714
0.8234599952796791,0.9737650013954786
0.8232239792305877,0.9737576772752652
0.8229879631814964,0.9737503490645071
0.8229879631814964,0.9740223463687151
0.8229879631814964,0.9742944956691814
0.8229879631814964,0.9745667970933483
0.822751947132405,0.974559686888454
0.8222799150342224,0.9745454545454545
0.8218078829360397,0.9745312062692415
0.8215718668869483,0.9745240761478163
0.821335850837857,0.974516942033044
0.8210998347887656,0.9745098039215686
0.8208638187396743,0.9745026618100309
0.820627802690583,0.9744955156950673
0.8203917866414916,0.9744883655733109
0.8201557705924003,0.9744812114413909
0.8199197545433089,0.9744740532959327
0.8196837384942176,0.9744668911335578
0.8194477224451263,0.9744597249508841
0.8192117063960349,0.9744525547445255
0.8189756903469436,0.9744453805110924
0.8187396742978522,0.974438202247191
0.8185036582487609,0.974431019949424
0.8182676421996696,0.9744238336143901
0.8180316261505782,0.9744166432386843
0.8180316261505782,0.9746906636670416
0.8177956101014869,0.9746835443037974
0.8175595940523955,0.9746764209341587
0.8173235780033042,0.9746692935547425
0.8173235780033042,0.9749436936936937
0.8170875619542128,0.9749366375668825
0.8168515459051215,0.9749295774647887
0.8168515459051215,0.9752042828965906
0.8166155298560303,0.9751972942502819
0.8166155298560303,0.9754722300535664
0.8163795138069389,0.9754653130287648
0.8161434977578476,0.9754583921015515
0.8159074817087562,0.975451467268623
0.8156714656596649,0.9754445385266723
0.8154354496105736,0.9754376058723885
0.8151994335614822,0.9754306693024569
0.8149634175123909,0.9754237288135593
0.8149634175123909,0.975699350098898
0.8147274014632995,0.9756924816280385
0.8147274014632995,0.9759683347469607
0.8144913854142082,0.9759615384615384
0.8142553693651168,0.9759547383309759
0.8140193533160255,0.9759479343520091
0.8137833372669342,0.97594112652137
0.8135473212178428,0.9759343148357871
0.8133113051687515,0.9759274992919853
0.8130752891196601,0.9759206798866855
0.8130752891196601,0.9761972230093511
0.8128392730705688,0.9761904761904762
0.8126032570214775,0.9761837255457896
0.8123672409723861,0.9761769710720363
0.8121312249232948,0.9761702127659575
0.8118952088742034,0.9761634506242906
0.8116591928251121,0.9761566846437695
0.8114231767760207,0.9761499148211243
0.8111871607269294,0.9761431411530815
0.8107151286287467,0.9761295822676896
0.8104791125796554,0.9761227970437749
0.810243096530564,0.9761160079613307
0.8100070804814727,0.9761092150170648
0.8097710644323814,0.9761024182076814
0.80953504838329,0.9760956175298805
0.8092990323341988,0.9760888129803587
0.8090630162851074,0.9760820045558086
0.8088270002360161,0.9760751922529194
0.8085909841869248,0.976068376068376
0.8085909841869248,0.9763465374750642
0.8083549681378334,0.9763397947548461
0.8081189520887421,0.9763330481893356
0.8078829360396507,0.9763262977752425
0.8076469199905594,0.9763195435092724
0.8076469199905594,0.9765981735159818
0.807410903941468,0.9765914930059949
0.8071748878923767,0.9765848086807538
0.8069388718432854,0.9765781205369894
0.806702855794194,0.9765714285714285
0.8064668397451027,0.9765647327807945
0.8062308236960113,0.9765580331618068
0.80599480764692,0.976551329711181
0.80599480764692,0.9768306636155606
0.8057587915978287,0.976824034334764
0.8055227755487373,0.9768174012593016
0.805286759499646,0.9768107643859146
0.8050507434505546,0.9768041237113402
0.8050507434505546,0.9770839301059868
0.8048147274014633,0.9770773638968482
0.8045787113523719,0.9770707939237604
0.8045787113523719,0.9773509174311926
0.8043426953032806,0.9773444221393748
0.8041066792541893,0.9773379231210556
0.8041066792541893,0.9776183644189383
0.8038706632050979,0.9776119402985075
0.8038706632050979,0.977892621303474
0.8036346471560066,0.9778862722573234
0.8033986311069152,0.9778799195633439
0.8031626150578239,0.9778735632183908
0.8029265990087326,0.9778672032193159
0.8026905829596412,0.9778608395629672
0.80245456691055,0.9778544722461893
0.8022185508614585,0.9778481012658228
0.8019825348123673,0.977841726618705
0.8019825348123673,0.9781232009211284
0.8017465187632759,0.9781169018139937
0.8015105027141846,0.978110599078341
0.8012744866650933,0.9781042927110343
0.8010384706160019,0.9780979827089337
0.8008024545669106,0.9780916690688959
0.8005664385178192,0.9780853517877739
0.8003304224687279,0.9780790308624171
0.8000944064196366,0.9780727062896711
0.7998583903705452,0.9780663780663781
0.7998583903705452,0.9783487297921478
0.7996223743214539,0.9783424776205603
0.7996223743214539,0.9786250722125939
0.7996223743214539,0.9789078301069055
0.7993863582723625,0.9789017341040462
0.7991503422232712,0.9788956345764672
0.7991503422232712,0.9791787160208213
0.7989143261741798,0.9791726930864911
0.7989143261741798,0.9794560185185185
0.7986783101250885,0.9794500723589001
0.7984422940759972,0.9794441227562247
0.7982062780269058,0.9794381697075007
0.7982062780269058,0.9797219003476245
0.7979702619778145,0.9797160243407708
0.7977342459287231,0.9797101449275363
0.7974982298796318,0.979704262104958
0.7972622138305405,0.9796983758700696
0.7970261977814491,0.9796924862199013
0.7967901817323578,0.97968659315148
0.7965541656832664,0.9796806966618288
0.7965541656832664,0.9799651567944251
0.7963181496341751,0.9799593377868139
0.7960821335850838,0.9799535153980244
0.7958461175359924,0.979947689625109
0.7956101014869011,0.9799418604651163
0.7953740854378097,0.9799360279150916
0.7951380693887184,0.9799301919720768
0.794902053339627,0.9799243526331103
0.794902053339627,0.980209545983702
0.7946660372905358,0.9802037845705968
0.7944300212414445,0.9801980198019802
0.7941940051923531,0.9801922516749199
0.7939579891432618,0.9801864801864801
0.7937219730941704,0.9801807053337219
0.7934859570450791,0.9801749271137026
0.7934859570450791,0.9804607757363663
0.7932499409959878,0.9804550758459744
0.7930139249468964,0.9804493726291217
0.7927779088978051,0.9804436660828955
0.7925418928487137,0.9804379562043796
0.7923058767996224,0.9804322429906542
0.792069860750531,0.9804265264387964
0.7918338447014397,0.9804208065458796
0.7915978286523484,0.980415083308974
0.791361812603257,0.9804093567251462
0.791361812603257,0.9806961099736765
0.7911257965541657,0.9806904622586308
0.7908897805050743,0.9806848112379281
0.790653764455983,0.9806791569086651
0.7904177484068917,0.9806734992679356
0.7901817323578003,0.9806678383128296
0.789945716308709,0.9806621740404337
0.7897097002596176,0.9806565064478312
0.7894736842105263,0.980650835532102
0.7892376681614349,0.9806451612903225
0.7890016521123436,0.9806394837195659
0.7887656360632523,0.9806338028169014
0.7885296200141609,0.9806281185793954
0.7882936039650696,0.9806224310041104
0.7880575879159782,0.9806167400881057
0.7880575879159782,0.9811930649426976
0.787821571866887,0.9811875367430923
0.7875855558177957,0.981182005292561
0.7873495397687043,0.9811764705882353
0.787113523719613,0.9811709326272433
0.7868775076705216,0.9811653914067098
0.7866414916214303,0.9811598469237562
0.786405475572339,0.9811542991755006
0.7861694595232476,0.9811487481590574
0.7861694595232476,0.9814378314672952
0.7859334434741563,0.9814323607427056
0.7856974274250649,0.9817163078737835
0.7854614113759736,0.9817109144542773
0.7852253953268822,0.9817055178518737
0.7849893792777909,0.9817001180637545
0.7847533632286996,0.9816947150870977
0.7845173471796082,0.9816893089190786
0.7842813311305169,0.9816838995568685
0.7840453150814255,0.9816784869976359
0.7838092990323342,0.9816730712385456
0.7835732829832429,0.9816676522767593
0.7833372669341515,0.9816622301094351
0.7831012508850602,0.9816568047337279
0.7828652348359688,0.981651376146789
0.7826292187868775,0.9816459443457667
0.7823932027377861,0.9816405093278058
0.7821571866886948,0.9816350710900474
0.7819211706396035,0.9816296296296296
0.7816851545905121,0.981624184943687
0.7814491385414208,0.9816187370293508
0.7814491385414208,0.9819098457888493
0.7814491385414208,0.9822011272619401
0.7812131224923294,0.9821958456973294
0.7807410903941469,0.982185273159145
0.7805050743450554,0.9821799821799821
0.7802690582959642,0.982174688057041
0.7800330422468728,0.9821693907875185
0.7800330422468728,0.9824613555291319
0.7797970261977815,0.9824561403508771
0.7795610101486901,0.9824509220701964
0.7793249940995988,0.9824457006843201
0.7790889780505075,0.9824404761904761
0.7788529620014161,0.9824352485858887
0.7786169459523248,0.9824300178677784
0.7783809299032334,0.9824247840333631
0.7779088978050508,0.982414307004471
0.7776728817559594,0.9824090638044126
0.7774368657068681,0.9824038174768863
0.7774368657068681,0.9826968973747017
0.7774368657068681,0.9829901521933752
0.7772008496577767,0.9829850746268657
0.7769648336086854,0.9829799940280681
0.776728817559594,0.9829749103942652
0.7764928015105027,0.9829698237227368
0.7762567854614114,0.9829647340107591
0.77602076941232,0.9829596412556054
0.7757847533632287,0.9829545454545454
0.7755487373141373,0.982949446604846
0.775312721265046,0.9829443447037702
0.7750767052159547,0.9829392397485782
0.7748406891668633,0.982934131736527
0.774604673117772,0.9829290206648698
0.7743686570686806,0.9829239065308568
0.7741326410195893,0.982918789331735
0.7741326410195893,0.9832134292565947
0.773896624970498,0.983208395802099
0.7736606089214066,0.9832033593281344
0.7734245928723154,0.9831983198319832
0.773188576823224,0.9831932773109243
0.7729525607741327,0.9831882317622336
0.7727165447250413,0.9831831831831832
0.77248052867595,0.9831781315710424
0.7722445126268587,0.9831730769230769
0.7720084965777673,0.9831680192365494
0.771772480528676,0.9831629585087192
0.7715364644795846,0.9831578947368421
0.7713004484304933,0.9831528279181708
0.771064432381402,0.9831477580499549
0.7708284163323106,0.9831426851294401
0.7705924002832193,0.9831376091538693
0.7703563842341279,0.983132530120482
0.7701203681850366,0.983127448026514
0.7698843521359452,0.9831223628691983
0.7696483360868539,0.9831172746457643
0.7694123200377626,0.9831121833534379
0.7691763039886712,0.9831070889894419
0.7689402879395799,0.9831019915509958
0.7687042718904885,0.9830968910353154
0.7684682558413972,0.9830917874396136
0.7684682558413972,0.9836858006042296
0.7682322397923059,0.9836808703535811
0.7682322397923059,0.9839782345828295
0.7679962237432145,0.9839733897792561
0.7677602076941232,0.9839685420447671
0.7675241916450318,0.9839636913767019
0.7672881755959405,0.9839588377723971
0.7670521595468491,0.9839539812291855
0.7668161434977578,0.9839491217443973
0.7668161434977578,0.9842471978188427
0.7665801274486665,0.9842424242424243
0.7663441113995751,0.9842376477720521
0.7661080953504839,0.9842328684050939
0.7658720793013924,0.9842280861389142
0.7656360632523012,0.9842233009708737
0.7654000472032099,0.9842185128983308
0.7651640311541185,0.98421372191864
0.7649280151050272,0.9842089280291527
0.7649280151050272,0.9845078979343864
0.7646919990559358,0.9845031905195989
0.7644559830068445,0.9844984802431611
0.7642199669577531,0.9844937671024627
0.7639839509086618,0.9844890510948905
0.7637479348595705,0.9844843322178278
0.7635119188104791,0.984479610468655
0.7632759027613878,0.9844748858447488
0.7630398867122964,0.9844701583434835
0.7628038706632051,0.9844654279622297
0.7625678546141138,0.9844606946983546
0.7623318385650224,0.9844559585492227
0.7618598064668397,0.9844464775846294
0.7616237904177484,0.9844417327638804
0.7613877743686571,0.9844369850472994
0.7611517583195657,0.9844322344322345
0.7609157422704744,0.9844274809160305
0.760679726221383,0.9844227244960293
0.7604437101722917,0.9844179651695693
0.7602076941232003,0.9844132029339854
0.759971678074109,0.9844084377866096
0.7597356620250177,0.9844036697247707
0.7594996459759263,0.9843988987457938
0.759263629926835,0.9843941248470012
0.7590276138777436,0.9843893480257117
0.7587915978286524,0.9843845682792407
0.7585555817795611,0.9843797856049005
0.7583195657304697,0.984375
0.7580835496813784,0.9843702114618449
0.757847533632287,0.9843654199877376
0.7576115175831957,0.984360625574977
0.7573755015341043,0.9843558282208589
0.757139485485013,0.9843510279226757
0.7569034694359217,0.9843462246777164
0.7566674533868303,0.9843414184832668
0.756431437337739,0.9843366093366094
0.7561954212886476,0.9843317972350231
0.7559594052395563,0.9843269821757836
0.755723389190465,0.9843221641561636
0.7554873731413736,0.9843173431734318
0.7552513570922823,0.9843125192248539
0.7552513570922823,0.9846153846153847
0.7550153410431909,0.9846106494305941
0.7545433089450082,0.9846011703110563
0.7543072928959169,0.984596426370918
0.7540712768468256,0.9845916795069337
0.7538352607977342,0.9845869297163995
0.7535992447486429,0.9845821769966081
0.7533632286995515,0.9845774213448488
0.7531272126504602,0.9845726627584079
0.7528911966013689,0.9845679012345679
0.7528911966013689,0.984871874035196
0.7526551805522775,0.9848672019765288
0.7524191645031862,0.9848625270312017
0.7524191645031862,0.9851668726823238
0.7521831484540948,0.98516228748068
0.7519471324050035,0.9851576994434137
0.7517111163559123,0.9851531085678936
0.7514751003068209,0.9851485148514851
0.7512390842577296,0.9851439182915506
0.7512390842577296,0.9854489164086687
0.7510030682086382,0.9854444100340662
0.7507670521595469,0.9854399008674102
0.7505310361104555,0.9854353889061047
0.7502950200613642,0.9854308741475512
0.7500590040122729,0.9854263565891472
0.7498229879631815,0.9854218362282878
0.7495869719140902,0.9854173130623642
0.7493509558649988,0.9854127870887648
0.7491149398159075,0.9854082583048742
0.7488789237668162,0.9854037267080745
0.7486429077177248,0.985399192295744
0.7484068916686335,0.9853946550652579
0.7481708756195421,0.9853901150139882
0.7481708756195421,0.9856965174129353
0.7479348595704508,0.985692068429238
0.7476988435213594,0.985687616677038
0.7476988435213594,0.9859943977591037
0.7474628274722681,0.9859900373599004
0.7472268114231768,0.9859856742447836
0.7469907953740854,0.985981308411215
0.7467547793249941,0.9859769398566531
0.7467547793249941,0.986284289276808
0.7467547793249941,0.9865918303710633
0.7465187632759027,0.9865876481597006
0.7462827472268114,0.9865834633385335
0.7458107151286287,0.986575085857009
0.7458107151286287,0.9868831980012492
0.7455746990795374,0.9868791002811621
0.745338683030446,0.986875
0.7451026669813547,0.986870897155361
0.7448666509322633,0.9868667917448405
0.744630634883172,0.9868626837660307
0.7443946188340808,0.9868585732165206
0.7441586027849894,0.9868544600938968
0.7439225867358981,0.986850344395742
0.7436865706868067,0.9868462261196367
0.7434505546377154,0.9868421052631579
0.7432145385886241,0.9868379818238796
0.7429785225395327,0.986833855799373
0.7427425064904414,0.9868297271872061
0.74250649044135,0.9868255959849436
0.7422704743922587,0.9868214621901474
0.7420344583431673,0.9868173258003766
0.741798442294076,0.9868131868131869
0.741798442294076,0.9871231155778895
0.7415624262449847,0.9871190700596921
0.7413264101958933,0.9871150219987429
0.741090394146802,0.9871109713926438
0.7408543780977106,0.9871069182389937
0.7406183620486193,0.9871028625353885
0.740382345999528,0.987098804279421
0.7401463299504366,0.9870947434686811
0.7399103139013453,0.9870906801007556
0.7396742978522539,0.9870866141732283
0.7394382818031626,0.9870825456836799
0.7392022657540713,0.987078474629688
0.7389662497049799,0.9870744010088273
0.7387302336558886,0.9873817034700315
0.7384942176067972,0.987377721678763
0.7382582015577059,0.9873737373737373
0.7380221855086145,0.9873697505525734
0.7377861694595232,0.9873657612128869
0.737550153410432,0.9873617693522907
0.7373141373613405,0.9873577749683944
0.7370781213122493,0.987353778058805
0.7368421052631579,0.9873497786211258
0.7366060892140666,0.987345776652958
0.7363700731649753,0.9873417721518988
0.7361340571158839,0.9873377651155429
0.7361340571158839,0.9876504116529449
0.7358980410667926,0.9876464998416218
0.7356620250177012,0.9876425855513308
0.7354260089686099,0.9876386687797147
0.7354260089686099,0.9879518072289156
0.7351899929195185,0.9879479860450364
0.7349539768704272,0.9879441624365483
0.7347179608213359,0.9879403364011425
0.7344819447722445,0.9879365079365079
0.7342459287231532,0.9879326770403303
0.7340099126740618,0.9879288437102922
0.7337738966249705,0.9879250079440737
0.7335378805758792,0.9879211697393515
0.7333018645267878,0.9879173290937997
0.7330658484776965,0.9879134860050891
0.7328298324286051,0.9879096404708877
0.7325938163795138,0.9879057924888606
0.7323578003304224,0.9879019420566698
0.7321217842813311,0.9878980891719745
0.7318857682322398,0.9878942338324307
0.7316497521831484,0.9878903760356915
0.7314137361340571,0.9878865157794071
0.7311777200849657,0.9878826530612245
0.7311777200849657,0.9881977671451355
0.7309417040358744,0.9881940012763242
0.7304696719376917,0.9881864623243933
0.7302336558886005,0.9881826892366656
0.729997639839509,0.9881789137380191
0.7297616237904178,0.9881751358261426
0.7295256077413265,0.9881713554987213
0.7292895916922351,0.9881675727534378
0.7290535756431438,0.9881637875879719
0.7288175595940524,0.98816
0.7285815435449611,0.9881562099871959
0.7283455274958697,0.9881524175472303
0.7283455274958697,0.988468930172966
0.7283455274958697,0.9887856456264018
0.7281095114467784,0.9887820512820513
0.7278734953976871,0.9887784546328952
0.7278734953976871,0.9890955740859525
0.7276374793485957,0.9890920757138274
0.7274014632995044,0.9890885750962772
0.727165447250413,0.9890850722311396
0.7269294312013217,0.9890815671162492
0.7266934151522304,0.9890780597494379
0.726457399103139,0.9890745501285347
0.7262213830540477,0.9890710382513661
0.7259853670049563,0.9890675241157556
0.725749350955865,0.989064007719524
0.7255133349067736,0.989060489060489
0.7255133349067736,0.9893788220148053
0.7252773188576823,0.989375402446877
0.725041302808591,0.9893719806763285
0.7248052867594996,0.989368556701031
0.7245692707104083,0.9893651305188528
0.7243332546613169,0.9893617021276596
0.7240972386122256,0.9893582715253144
0.7238612225631343,0.9893548387096774
0.7236252065140429,0.989351403678606
0.7233891904649516,0.9893479664299548
0.7231531744158602,0.9893445269615757
0.722917158366769,0.9893410852713178
0.7226811423176775,0.9893376413570275
0.7224451262685863,0.9893341952165482
0.722209110219495,0.9893307468477207
0.7219730941704036,0.9893272962483829
0.7217370781213123,0.9893238434163701
0.7215010620722209,0.9893203883495145
0.7212650460231296,0.9893169310456459
0.7210290299740383,0.9893134715025906
0.7207930139249469,0.989310009718173
0.7205569978758556,0.9893065456902139
0.7200849657776729,0.9892996108949417
0.7198489497285815,0.9892961401232566
0.7196129336794902,0.9892926670992862
0.7193769176303989,0.9892891918208374
0.7191409015813075,0.9892857142857143
0.7189048855322162,0.989282234491718
0.7186688694831248,0.9892787524366472
0.7184328534340335,0.989275268118297
0.7181968373849422,0.9892717815344604
0.7179608213358508,0.9892682926829268
0.7177248052867595,0.9892648015614834
0.7174887892376681,0.9892613081679141
0.7172527731885768,0.9892578125
0.7167807410903941,0.9892508143322476
0.7165447250413028,0.989247311827957
0.7163087089922114,0.9892438070404173
0.7160726929431201,0.9892402999673948
0.7158366768940287,0.9892367906066536
0.7156006608449375,0.9892332789559544
0.7153646447958462,0.9892297650130548
0.7151286287467548,0.9892262487757101
0.7148926126976635,0.9892227302416721
0.7146565966485721,0.98921920940869
0.7144205805994808,0.9892156862745098
0.7141845645503895,0.9892121608368748
0.7139485485012981,0.9892086330935251
0.7137125324522068,0.9892051030421982
0.7134765164031154,0.9892015706806283
0.7132405003540241,0.9891980360065467
0.7130044843049327,0.9891944990176817
0.7127684682558414,0.989190959711759
0.7125324522067501,0.9891874180865007
0.7122964361576587,0.9891838741396264
0.7120604201085674,0.9891803278688525
0.711824404059476,0.9891767792718924
0.7115883880103847,0.9891732283464567
0.7113523719612934,0.9891696750902527
0.711116355912202,0.9891661195009849
0.7108803398631107,0.9891625615763546
0.7106443238140193,0.9891590013140604
0.710408307764928,0.9891554387117976
0.7101722917158366,0.9891518737672583
0.7099362756667453,0.9891483064781322
0.709700259617654,0.9891447368421052
0.7094642435685626,0.9891411648568608
0.7092282275194713,0.989137590520079
0.7089922114703799,0.989134013829437
0.7087561954212886,0.9891304347826086
0.7085201793721974,0.9891268533772652
0.708284163323106,0.9891232696110744
0.7080481472740147,0.9891196834817013
0.7078121312249233,0.9891160949868074
0.707576115175832,0.9891125041240515
0.7073400991267407,0.9891089108910891
0.7071040830776493,0.9891053152855728
0.706868067028558,0.989101717305152
0.7066320509794666,0.9890981169474727
0.7066320509794666,0.9894249834765367
0.7063960349303753,0.9894214876033058
0.7061600188812839,0.9894179894179894
0.7059240028321926,0.9894144889182931
0.7056879867831013,0.9894109861019192
0.7054519707340099,0.9894074809665674
0.7052159546849186,0.9894039735099338
0.7049799386358272,0.9894004637297118
0.7047439225867359,0.9893969516235918
0.7045079065376446,0.9893934371892609
0.7042718904885532,0.9893899204244032
0.7040358744394619,0.9893864013266999
0.7037998583903705,0.9893828798938288
0.7035638423412792,0.989379356123465
0.7033278262921878,0.9893758300132802
0.7030918102430965,0.9893723015609432
0.7028557941940052,0.9893687707641196
0.7026197781449138,0.9893652376204719
0.7023837620958225,0.9893617021276596
0.7021477460467311,0.9893581642833389
0.7019117299976398,0.9893546240851631
0.7016757139485486,0.989351081530782
0.7014396978994571,0.9893475366178429
0.7012036818503659,0.9893439893439894
0.7009676658012745,0.9893404397068621
0.7007316497521832,0.9893368877040987
0.7004956337030918,0.9893333333333333
0.7002596176540005,0.9893297765921975
0.7000236016049092,0.9893262174783188
0.6997875855558178,0.9893226559893227
0.6995515695067265,0.9893190921228304
0.6993155534576351,0.9893155258764608
0.6990795374085438,0.9893119572478289
0.6988435213594525,0.9893083862345473
0.6986075053103611,0.9893048128342246
0.6983714892612698,0.9893012370444667
0.6981354732121784,0.9892976588628762
0.6978994571630871,0.9892940782870525
0.6978994571630871,0.9896251673360107
0.6976634411139957,0.9896216940073652
0.6974274250649044,0.9896182183523108
0.6971914090158131,0.9896147403685092
0.6969553929667217,0.9896112600536193
0.6967193769176304,0.9896077774052967
0.696483360868539,0.9896042924211939
0.6962473448194477,0.9896008050989601
0.6960113287703564,0.9895973154362416
0.695775312721265,0.9895938234306815
0.6955392966721737,0.9895903290799194
0.6953032806230823,0.9895868323815922
0.695067264573991,0.9895833333333334
0.6948312485248997,0.9895798319327731
0.6945952324758083,0.9895763281775387
0.694359216426717,0.989572822065254
0.6941232003776256,0.9895693135935397
0.6938871843285344,0.9895658027600135
0.6938871843285344,0.98989898989899
0.693651168279443,0.9898955877399798
0.6934151522303517,0.9898921832884097
0.6931791361812604,0.9898887765419616
0.692943120132169,0.9898853674983142
0.6927071040830777,0.9898819561551433
0.6924710880339863,0.9898785425101214
0.692235071984895,0.989875126560918
0.6919990559358037,0.9898717083051992
0.6917630398867123,0.9898682877406282
0.691527023837621,0.9898648648648649
0.6912910077885296,0.9898614396755661
0.6910549917394383,0.9898580121703854
0.6908189756903469,0.9898545823469733
0.6905829596412556,0.989851150202977
0.6903469435921643,0.9898477157360406
0.6901109275430729,0.989844278943805
0.6898749114939816,0.9898408398239079
0.6896388954448902,0.9898373983739838
0.6894028793957989,0.9898339545916638
0.6891668633467076,0.9898305084745763
0.6889308472976162,0.9898270600203459
0.6889308472976162,0.9901628222523745
0.6886948312485249,0.9901594842212419
0.6884588151994335,0.9901561439239647
0.6882227991503422,0.9901528013582342
0.6879867831012508,0.9901494565217391
0.6877507670521595,0.9901461094121644
0.6875147510030682,0.9901427600271924
0.6872787349539768,0.9901394083645019
0.6870427189048856,0.9901360544217687
0.6868067028557941,0.9901326981966655
0.6865706868067029,0.9901293396868618
0.6863346707576116,0.9901259788900239
0.6860986547085202,0.9901226158038147
0.6858626386594289,0.9901192504258943
0.6856266226103375,0.9901158827539196
0.6853906065612462,0.9901125127855438
0.6851545905121549,0.9901091405184175
0.6849185744630635,0.9901057659501876
0.6846825584139722,0.9901023890784983
0.6844465423648808,0.9900990099009901
0.6842105263157895,0.9900956284153005
0.6839745102666981,0.9900922446190639
0.6837384942176068,0.9900888585099111
0.6835024781685155,0.9900854700854701
0.6830304460703328,0.990078686281218
0.6827944300212414,0.9900752908966461
0.6825584139721501,0.9900718931872646
0.6823223979230588,0.9900684931506849
0.6820863818739674,0.9900650907845152
0.6818503658248761,0.9900616860863605
0.6816143497757847,0.9900582790538224
0.6813783337266934,0.9900548696844993
0.681142317677602,0.9900514579759863
0.6809063016285107,0.9900480439258751
0.6806702855794194,0.9900446275317542
0.680434269530328,0.9900412087912088
0.6801982534812367,0.9900377877018207
0.6799622374321453,0.9900343642611684
0.679726221383054,0.9900309384668271
0.6794902053339628,0.9900275103163686
0.6792541892848714,0.9900240798073615
0.6790181732357801,0.9900206469373709
0.6787821571866887,0.9900172117039587
0.6785461411375974,0.9900137741046832
0.678310125088506,0.9900103341370996
0.6780741090394147,0.9900068917987594
0.6778380929903234,0.9900034470872113
0.6778380929903234,0.9903448275862069
0.677602076941232,0.9903414970679545
0.6773660608921407,0.9903381642512077
0.6771300448430493,0.9903348291335865
0.676894028793958,0.9903314917127072
0.6766580127448667,0.9903281519861831
0.6764219966957753,0.9903248099516241
0.676185980646684,0.9903214656066367
0.6759499645975926,0.9903181189488244
0.6757139485485013,0.9903147699757869
0.6754779324994099,0.9903114186851211
0.6752419164503186,0.9903080650744203
0.6750059004012273,0.9903047091412742
0.6747698843521359,0.9903013508832699
0.6745338683030446,0.9902979902979903
0.6742978522539532,0.9902946273830155
0.6740618362048619,0.9902912621359223
0.6738258201557706,0.9902878945542838
0.6735898041066792,0.9902845246356696
0.6733537880575879,0.9902811523776467
0.6731177720084965,0.9902777777777778
0.6728817559594052,0.9902744008336228
0.672645739910314,0.990271021542738
0.6724097238612226,0.9902676399026764
0.6724097238612226,0.9906119610570236
0.6719376917630399,0.9906054279749478
0.6717016757139486,0.9906021580229725
0.6714656596648572,0.9905988857938719
0.6712296436157659,0.9905956112852664
0.6709936275666746,0.9905923344947736
0.6707576115175832,0.990589055420007
0.6705215954684919,0.9905857740585774
0.6702855794194005,0.9905824904080921
0.6700495633703092,0.9905792044661549
0.6698135473212179,0.9905759162303664
0.6695775312721265,0.990572625698324
0.6695775312721265,0.9909186168354872
0.6693415152230352,0.9909154437456325
0.6691054991739438,0.9909122684376093
0.6688694831248525,0.990909090909091
0.6683974510266698,0.9909027291812457
0.6681614349775785,0.9908995449772489
0.6679254189284871,0.9908963585434174
0.6676894028793958,0.990893169877408
0.6674533868303044,0.9908899789768746
0.6672173707812131,0.9908867858394672
0.6669813547321218,0.9908835904628331
0.6667453386830304,0.9908803928446159
0.6665093226339391,0.9908771929824561
0.6662733065848477,0.9908739908739909
0.6660372905357564,0.9908707865168539
0.665801274486665,0.9908675799086758
0.6655652584375737,0.9908643710470836
0.6653292423884825,0.9908611599297013
0.665093226339391,0.990857946554149
0.6648572102902998,0.9908547309180443
0.6646211942412084,0.9908515130190007
0.6643851781921171,0.9908482928546286
0.6641491621430258,0.9908450704225352
0.6639131460939344,0.9908418457203241
0.6636771300448431,0.9908386187455955
0.6634411139957517,0.9908353894959464
0.6632050979466604,0.9908321579689704
0.662969081897569,0.9908289241622575
0.6627330658484777,0.9908256880733946
0.6624970497993864,0.9908224496999647
0.662261033750295,0.990819209039548
0.6620250177012037,0.990815966089721
0.6617890016521123,0.9908127208480565
0.661552985603021,0.9908094733121244
0.6613169695539297,0.9908062234794908
0.6610809535048383,0.9908029713477184
0.660844937455747,0.9907997169143666
0.6606089214066556,0.9907964601769912
0.6606089214066556,0.9911473087818697
0.6603729053575643,0.9911441728657456
0.660136889308473,0.9911410347271439
0.6599008732593816,0.9911378943637008
0.6596648572102903,0.9911347517730497
0.6594288411611989,0.9911316069528201
0.6591928251121076,0.9911284599006388
0.6589568090630162,0.9911253106141285
0.6587207930139249,0.9911221590909091
0.6584847769648337,0.9911190053285968
0.6582487609157422,0.9911158493248046
0.658012744866651,0.9911126910771418
0.6577767288175596,0.9911095305832148
0.6575407127684683,0.9911063678406261
0.657304696719377,0.9911032028469751
0.6570686806702856,0.9911000355998576
0.6568326646211943,0.9910968660968661
0.6565966485721029,0.9910936943355896
0.6558886004248289,0.9910841654778887
0.6556525843757376,0.9910809846592936
0.6554165683266462,0.9910778015703069
0.6551805522775549,0.991074616208497
0.6549445362284635,0.9910714285714286
0.6547085201793722,0.991068238656663
0.6544725041302809,0.9910650464617584
0.6544725041302809,0.9914193779048981
0.6542364880811895,0.9914163090128756
0.6540004720320982,0.9914132379248658
0.6537644559830068,0.9914101646385111
0.6535284399339155,0.99140708915145
0.6532924238848241,0.9914040114613181
0.6530564078357328,0.991400931565747
0.6528203917866415,0.9913978494623656
0.6523483596884588,0.9913916786226685
0.6518763275902761,0.9913854989231874
0.6516403115411848,0.9913824057450629
0.6514042954920934,0.9913793103448276
0.6511682794430022,0.9913762127200862
0.6509322633939107,0.99137311286844
0.6506962473448195,0.9913700107874865
0.6504602312957282,0.9913669064748202
0.6504602312957282,0.991723641597697
0.6502242152466368,0.9917206623470123
0.6499881991975455,0.9917176809506661
0.6497521831484541,0.9917146974063401
0.6495161670993628,0.9917117117117117
0.6492801510502714,0.9917087238644556
0.6490441350011801,0.991705733862243
0.6488081189520888,0.9917027417027418
0.6485721029029974,0.991699747383616
0.6483360868539061,0.9916967509025271
0.6481000708048147,0.9916937522571325
0.6478640547557234,0.9916907514450867
0.6476280387066321,0.9916877484640405
0.6473920226575407,0.9916847433116414
0.6471560066084494,0.9916817359855334
0.646919990559358,0.9916787264833574
0.6466839745102667,0.9916757148027506
0.6464479584611753,0.9916727009413469
0.6464479584611753,0.9920318725099602
0.646211942412084,0.9920289855072464
0.6459759263629927,0.9920260964117433
0.6457399103139013,0.9920232052211748
0.64550389426481,0.9920203119332608
0.6452678782157186,0.9920174165457184
0.6450318621666273,0.9920145190562614
0.644795846117536,0.9920116194625999
0.6445598300684446,0.9920087177624409
0.6443238140193533,0.9920058139534884
0.6440877979702619,0.9920029080334424
0.6438517819211707,0.992
0.6436157658720792,0.9919970898508549
0.643379749822988,0.9919941775836972
0.6429077177248053,0.9919883466860888
0.642671701675714,0.9919854280510019
0.6424356856266226,0.9919825072886297
0.6421996695775313,0.991979584396646
0.64196365352844,0.9919766593727206
0.6417276374793486,0.9919737322145202
0.6414916214302573,0.9919708029197081
0.6412556053811659,0.9919678714859438
0.6410195893320746,0.9919649379108838
0.6407835732829832,0.9919620021921812
0.6407835732829832,0.9923245614035088
0.6405475572338919,0.9923217550274223
0.6403115411848006,0.9923189465983906
0.6400755251357092,0.9923161361141603
0.6398395090866179,0.9923133235724744
0.6398395090866179,0.9926766752105456
0.6396034930375265,0.9926739926739927
0.6393674769884352,0.9926713081714914
0.6391314609393439,0.9926686217008798
0.6388954448902525,0.9926659332599926
0.6386594288411612,0.9926632428466617
0.6384234127920698,0.9926605504587156
0.6381873967429785,0.9926578560939795
0.6379513806938872,0.9926551597502754
0.6377153646447958,0.9926524614254225
0.6374793485957045,0.9926497611172364
0.6372433325466131,0.9926470588235294
0.6370073164975218,0.9926443545421111
0.6367713004484304,0.9926416482707874
0.6365352843993392,0.9926389400073611
0.6362992683502479,0.9926362297496318
0.6360632523011565,0.992633517495396
0.6358272362520652,0.9926308032424466
0.6358272362520652,0.9929966826391449
0.6355912202029738,0.9929941002949852
0.6353552041538825,0.9929915160457395
0.6348831720556998,0.9929863418235512
0.6346471560066085,0.9929837518463811
0.6344111399575171,0.9929811599556705
0.6341751239084258,0.9929785661492978
0.6341751239084258,0.9933456561922366
0.6339391078593344,0.9933431952662722
0.6337030918102431,0.9933407325194229
0.6334670757611518,0.993338267949667
0.6332310597120604,0.9933358015549797
0.6329950436629691,0.9933333333333333
0.6327590276138777,0.9933308632826973
0.6322869955156951,0.9933259176863182
0.6320509794666037,0.9933234421364985
0.6318149634175124,0.9933209647495361
0.631578947368421,0.9933184855233853
0.6313429313193297,0.993316004455997
0.6311069152702383,0.9933135215453195
0.630870899221147,0.9933110367892977
0.6306348831720557,0.9933085501858736
0.6303988671229643,0.9933060617329862
0.630162851073873,0.9933035714285714
0.6299268350247816,0.993301079270562
0.6296908189756903,0.9932985852568875
0.629454802926599,0.9932960893854749
0.6292187868775077,0.9932935916542474
0.6289827708284164,0.9932910920611256
0.628746754779325,0.9932885906040269
0.6285107387302337,0.9932860872808653
0.6282747226811424,0.9932835820895523
0.628038706632051,0.9932810750279956
0.6278026905829597,0.9932785660941
0.6275666745338683,0.9932760552857677
0.627330658484777,0.9932735426008968
0.6270946424356856,0.9932710280373832
0.6268586263865943,0.9932685115931189
0.626622610337503,0.9932659932659933
0.6263865942884116,0.9932634730538922
0.6261505782393203,0.9932609509546986
0.6259145621902289,0.9932584269662922
0.6256785461411376,0.9932559010865493
0.6254425300920463,0.9932533733133433
0.6252065140429549,0.9932508436445444
0.6249704979938636,0.9932483120780196
0.6247344819447722,0.9932457786116323
0.6244984658956809,0.9932432432432432
0.6242624498465895,0.9932407059707097
0.6240264337974982,0.9932381667918858
0.6237904177484069,0.9932356257046223
0.6235544016993155,0.9932330827067669
0.6233183856502242,0.993230537796164
0.6230823696011328,0.9932279909706546
0.6228463535520415,0.9932254422280767
0.6228463535520415,0.9935993975903614
0.6226103375029503,0.9935969868173258
0.6223743214538588,0.993594574227581
0.6221383054047676,0.9935921598190728
0.6219022893556762,0.9935897435897436
0.6216662733065849,0.993587325537533
0.6214302572574935,0.9935849056603774
0.6211942412084022,0.9935824839562098
0.6209582251593109,0.9935800604229608
0.6207222091102195,0.9935776350585569
0.6204861930611282,0.9935752078609221
0.6202501770120368,0.9935727788279773
0.6200141609629455,0.99357034795764
0.6197781449138542,0.9935679152478244
0.6195421288647628,0.9935654806964421
0.6193061128156715,0.993563044301401
0.6190700967665801,0.993560606060606
0.6188340807174888,0.9935581659719591
0.6185980646683974,0.9935557240333586
0.6183620486193061,0.9935532802427001
0.6181260325702148,0.9935508345978755
0.6178900165211234,0.9935483870967742
0.6176540004720321,0.9935459377372817
0.6174179844229407,0.9935434865172806
0.6171819683738494,0.9935410334346505
0.6169459523247581,0.9935385784872672
0.6167099362756667,0.9935361216730038
0.6164739202265754,0.9935336629897299
0.616237904177484,0.993531202435312
0.6160018881283927,0.9935287400076133
0.6157658720793014,0.9935262757044935
0.61552985603021,0.9935238095238095
0.6152938399811188,0.9935213414634146
0.6150578239320273,0.993518871521159
0.6148218078829361,0.9935163996948894
0.6145857918338447,0.9935139259824495
0.6143497757847534,0.9935114503816794
0.6141137597356621,0.9935089728904162
0.6138777436865707,0.9935064935064936
0.6136417276374794,0.9935040122277417
0.613405711588388,0.9935015290519877
0.6131696955392967,0.9934990439770555
0.6129336794902054,0.9934965570007651
0.612697663441114,0.9934940681209338
0.6124616473920227,0.9934915773353752
0.6122256313429313,0.9934890846418997
0.61198961529384,0.9934865900383142
0.6117535992447486,0.9934840935224224
0.6115175831956573,0.9934815950920245
0.611281567146566,0.9934790947449176
0.6110455510974746,0.9934765924788949
0.6108095350483833,0.9934740882917467
0.6105735189992919,0.9934715821812596
0.6103375029502006,0.993469074145217
0.6101014869011093,0.9934665641813989
0.6098654708520179,0.9934640522875817
0.6096294548029266,0.9934615384615385
0.6093934387538352,0.9934590227010388
0.6091574227047439,0.9934565050038491
0.6086853906065612,0.9934514637904468
0.60844937455747,0.9934489402697495
0.6082133585083785,0.9934464148033925
0.6079773424592873,0.9934438873891246
0.6077413264101958,0.9934413580246914
0.6075053103611046,0.9934388267078348
0.6072692943120133,0.9934362934362935
0.6070332782629219,0.9934337582078022
0.6067972622138306,0.9934312210200927
0.6065612461647392,0.993428681870893
0.6063252301156479,0.9934261407579273
0.6060892140665566,0.9934235976789169
0.6058531980174652,0.993421052631579
0.6056171819683739,0.9934185056136275
0.6053811659192825,0.9938008523827974
0.6051451498701912,0.993798449612403
0.6049091338210998,0.9937960449786739
0.6046731177720085,0.9937936384794415
0.6044371017229172,0.993791230112534
0.6042010856738258,0.9937888198757764
0.6039650696247345,0.9937864077669903
0.6037290535756431,0.9937839937839937
0.6034930375265518,0.9937815779246016
0.6032570214774605,0.9937791601866252
0.6030210054283691,0.9937767405678725
0.6027849893792778,0.9937743190661479
0.6025489733301864,0.9937718956792526
0.6023129572810951,0.9937694704049844
0.6020769412320037,0.9937670432411375
0.6018409251829124,0.9937646141855028
0.6016049091338211,0.9937621832358674
0.6013688930847297,0.9937597503900156
0.6011328770356384,0.9937573156457277
0.600896860986547,0.9937548790007806
0.6006608449374558,0.9937524404529481
0.6004248288883645,0.99375
0.6001888128392731,0.993747557639703
0.5999527967901818,0.9937451133698202
0.5997167807410904,0.9937426671881111
0.5994807646919991,0.9937402190923318
0.5992447486429077,0.9937377690802348
0.5990087325938164,0.9937353171495693
0.5987727165447251,0.9937328632980806
0.5985367004956337,0.9937304075235109
0.5983006844465424,0.9937279498235986
0.598064668397451,0.9937254901960785
0.5978286523483597,0.9937230286386818
0.5975926362992684,0.9937205651491365
0.597356620250177,0.9937180997251669
0.5971206042010857,0.9937156323644933
0.5968845881519943,0.993713163064833
0.596648572102903,0.9937106918238994
0.5961765400047203,0.993705743509048
0.5957045079065376,0.9937007874015747
0.5954684918574463,0.9936983064198504
0.5952324758083549,0.9936958234830575
0.5947604437101723,0.9936908517350158
0.5945244276610809,0.9936883629191321
0.5942884116119896,0.9936858721389108
0.5940523955628982,0.9936833793920252
0.593816379513807,0.9936808846761453
0.5935803634647157,0.9936783879889372
0.5933443474156243,0.9936758893280633
0.593108331366533,0.9936733886911823
0.5928723153174416,0.9936708860759493
0.5926362992683503,0.9936683814800158
0.5924002832192589,0.9936658749010293
0.5921642671701676,0.9936633663366337
0.5919282511210763,0.993660855784469
0.5916922350719849,0.9936583432421721
0.5914562190228936,0.9936558287073751
0.5912202029738022,0.9936533121777072
0.5909841869247109,0.9936507936507937
0.5907481708756196,0.9936482731242556
0.5905121548265282,0.9936457505957109
0.5902761387774369,0.9936432260627731
0.5900401227283455,0.9936406995230525
0.5898041066792542,0.9936381709741551
0.5895680906301628,0.9936356404136834
0.5893320745810715,0.993633107839236
0.5890960585319802,0.9936305732484076
0.5888600424828888,0.9936280366387893
0.5886240264337975,0.9936254980079682
0.5883880103847061,0.9936229573535273
0.5881519943356148,0.9936204146730463
0.5879159782865235,0.9936178699641005
0.5876799622374321,0.9936153232242618
0.5874439461883408,0.9936127744510979
0.5872079301392494,0.9936102236421726
0.5869719140901581,0.993607670795046
0.5869719140901581,0.9940047961630696
0.5867358980410667,0.9940023990403839
0.5864998819919754,0.994
0.5862638659428842,0.9939975990396158
0.5860278498937928,0.9939951961569256
0.5857918338447015,0.9939927913496196
0.5855558177956101,0.9939903846153846
0.5853198017465188,0.9939879759519038
0.5850837856974275,0.9939855653568564
0.5848477696483361,0.9939831528279182
0.5846117535992448,0.9939807383627608
0.5843757375501534,0.9939783219590526
0.5841397215010621,0.9939759036144579
0.5839037054519708,0.9939734833266372
0.5836676894028794,0.9939710610932476
0.5834316733537881,0.9939686369119421
0.5831956573046967,0.9939662107803701
0.5829596412556054,0.993963782696177
0.582723625206514,0.9939613526570048
0.5824876091574227,0.9939589206604913
0.5822515931083314,0.9939564867042707
0.58201557705924,0.9939540507859734
0.5817795610101487,0.9939516129032258
0.5815435449610573,0.9939491730536507
0.581307528911966,0.9939467312348669
0.5810715128628747,0.9939442874444893
0.5808354968137833,0.9939418416801292
0.580599480764692,0.9939393939393939
0.5803634647156006,0.9939369442198869
0.5801274486665093,0.9939344925192074
0.5798914326174179,0.9939320388349514
0.5796554165683266,0.9939295831647107
0.5794194005192354,0.9939271255060729
0.579183384470144,0.9939246658566221
0.5789473684210527,0.9939222042139384
0.5787113523719613,0.9939197405755978
0.57847533632287,0.9939172749391727
0.5782393202737787,0.9939148073022313
0.5780033042246873,0.9939123376623377
0.577767288175596,0.9939098660170523
0.5775312721265046,0.9939073923639318
0.5772952560774133,0.9939049167005283
0.5770592400283219,0.9939024390243902
0.5768232239792306,0.9938999593330622
0.5765872079301393,0.9938974776240846
0.5763511918810479,0.9938949938949939
0.5761151758319566,0.9938925081433225
0.5756431437337739,0.9938875305623472
0.5754071276846826,0.9938850387280881
0.5751711116355912,0.9938825448613376
0.5749350955864999,0.9938800489596084
0.5746990795374085,0.9938775510204082
0.5744630634883172,0.9938750510412413
0.5742270474392258,0.9938725490196079
0.5739910313901345,0.9938700449530037
0.5737550153410432,0.9938675388389206
0.5735189992919518,0.9938650306748467
0.5732829832428605,0.9938625204582652
0.5730469671937691,0.9938600081866558
0.5728109511446778,0.9938574938574939
0.5725749350955865,0.9938549774682507
0.5723389190464951,0.9938524590163934
0.5721029029974039,0.993849938499385
0.5718668869483124,0.9938474159146842
0.5716308708992212,0.9938448912597456
0.5713948548501299,0.9938423645320197
0.5711588388010385,0.9938398357289527
0.5709228227519472,0.9938373048479868
0.5706868067028558,0.9938347718865598
0.5704507906537645,0.9938322368421053
0.5702147746046731,0.9938296997120527
0.5699787585555818,0.9938271604938271
0.5697427425064905,0.9938246191848498
0.5695067264573991,0.9938220757825371
0.5692707104083078,0.9938195302843016
0.5687986783101251,0.9938144329896907
0.5685626622610338,0.9938118811881188
0.5683266462119424,0.9938093272802311
0.5680906301628511,0.9938067712634187
0.5678546141137597,0.9938042131350682
0.5676185980646684,0.993801652892562
0.567382582015577,0.9937990905332782
0.5671465659664857,0.9937965260545906
0.5669105499173944,0.9937939594538684
0.566674533868303,0.9937913907284768
0.5664385178192117,0.9937888198757764
0.5662025017701203,0.9937862468931234
0.565966485721029,0.9937836717778699
0.5657304696719377,0.9937810945273632
0.5654944536228463,0.9937785151389465
0.565258437573755,0.9937759336099585
0.5650224215246636,0.9937733499377335
0.5647864054755724,0.9937707641196013
0.564550389426481,0.9937681761528874
0.5643143733773897,0.9937655860349127
0.5640783573282984,0.9937629937629938
0.563842341279207,0.9937603993344426
0.5636063252301157,0.9937578027465668
0.5633703091810243,0.9937552039966694
0.563134293131933,0.9937526030820492
0.5628982770828417,0.99375
0.5626622610337503,0.9937473947478116
0.562426244984659,0.9937447873227689
0.562426244984659,0.9941593658740092
0.5621902289355676,0.9941569282136895
0.5619542128864763,0.9941544885177453
0.561718196837385,0.9941520467836257
0.5614821807882936,0.9941496030087756
0.5612461647392023,0.9941471571906354
0.5607741326410196,0.994142259414226
0.5605381165919282,0.9941398074508162
0.5603021005428369,0.9941373534338358
0.5600660844937456,0.9941348973607038
0.5598300684446542,0.9941324392288349
0.5595940523955629,0.9941299790356394
0.5593580363464715,0.9941275167785235
0.5591220202973802,0.9941250524548888
0.5588860042482889,0.9941225860621327
0.5586499881991975,0.9941201175976481
0.5584139721501062,0.9941176470588236
0.5581779561010148,0.9941151744430433
0.5579419400519235,0.9941126997476871
0.5577059240028321,0.9941102229701304
0.5574699079537409,0.9941077441077442
0.5572338919046496,0.9941052631578947
0.5569978758555582,0.9941027801179444
0.5567618598064669,0.9941002949852508
0.5565258437573755,0.9940978077571669
0.5562898277082842,0.9940953184310417
0.5560538116591929,0.9940928270042194
0.5558177956101015,0.9940903334740396
0.5555817795610102,0.9940878378378378
0.5553457635119188,0.9940853400929447
0.5551097474628275,0.9940828402366864
0.5548737314137361,0.9940803382663848
0.5546377153646448,0.994077834179357
0.5544016993155535,0.9940753279729158
0.5541656832664621,0.9940728196443692
0.5539296672173708,0.9940703091910208
0.5536936511682794,0.9940677966101695
0.5534576351191881,0.9940652818991098
0.5532216190700968,0.9940627650551315
0.5529856030210054,0.9940602460755197
0.5527495869719141,0.9940577249575552
0.5525135709228227,0.9940552016985138
0.5522775548737314,0.994052676295667
0.55204153882464,0.9940501487462814
0.5518055227755487,0.9940476190476191
0.5515695067264574,0.9940450871969375
0.551333490677366,0.9940425531914894
0.5510974746282747,0.9940400170285227
0.5508614585791833,0.9940374787052811
0.550625442530092,0.994034938219003
0.5503894264810008,0.9940323955669225
0.5501534104319094,0.9940298507462687
0.5499173943828181,0.9940273037542662
0.5496813783337267,0.9940247545881349
0.5494453622846354,0.9940222032450897
0.5492093462355441,0.9940196497223409
0.5489733301864527,0.994017094017094
0.5487373141373614,0.9940145361265498
0.54850129808827,0.9940119760479041
0.5482652820391787,0.9940094137783483
0.5482652820391787,0.9944349315068494
0.5480292659900873,0.9944325481798715
0.547793249940996,0.9944301628106256
0.5475572338919047,0.9944277753964852
0.5473212178428133,0.9944253859348199
0.547085201793722,0.9944229944229944
0.5468491857446306,0.9944206008583691
0.5466131696955393,0.9944182052382997
0.546377153646448,0.9944158075601375
0.5461411375973566,0.994413407821229
0.5459051215482653,0.9944110060189166
0.5456691054991739,0.9944086021505376
0.5454330894500826,0.9944061962134251
0.5451970734009912,0.9944037882049075
0.5449610573518999,0.9944013781223083
0.5447250413028086,0.994398965962947
0.5444890252537172,0.9943965517241379
0.5442530092046259,0.994394135403191
0.5440169931555345,0.9943917169974116
0.5437809771064432,0.9943892965041001
0.543544961057352,0.9943868739205527
0.5433089450082605,0.9943844492440604
0.5430729289591693,0.9943820224719101
0.5428369129100779,0.9943795936013835
0.5426008968609866,0.9943771626297578
0.5423648808118952,0.9943747295543055
0.5421288647628039,0.9943722943722944
0.5418928487137126,0.9943698570809875
0.5418928487137126,0.9948006932409013
0.5416568326646212,0.9947984395318595
0.5414208166155299,0.99479618386817
0.5411848005664385,0.9947939262472885
0.5409487845173472,0.9947916666666666
0.5407127684682559,0.9947894051237516
0.5404767524191645,0.9947871416159861
0.5402407363700732,0.9947848761408083
0.5400047203209818,0.9947826086956522
0.5397687042718905,0.994780339277947
0.5395326882227991,0.9947780678851175
0.5392966721737078,0.9947757945145842
0.5390606561246165,0.9947735191637631
0.5388246400755251,0.9947712418300654
0.5385886240264338,0.994768962510898
0.5383526079773424,0.9947666812036633
0.5381165919282511,0.9947643979057592
0.5378805758791598,0.9947621126145788
0.5376445598300684,0.994759825327511
0.5374085437809771,0.9947575360419397
0.5371725277318857,0.9947552447552448
0.5369365116827944,0.994752951464801
0.5367004956337031,0.994750656167979
0.5364644795846117,0.9947483588621444
0.5362284635355204,0.9947460595446584
0.535992447486429,0.9947437582128777
0.5357564314373378,0.9947414548641542
0.5355204153882464,0.9947391494958352
0.5352843993391551,0.9947368421052631
0.5350483832900638,0.9947345326897762
0.5348123672409724,0.9947322212467077
0.5345763511918811,0.994729907773386
0.5343403351427897,0.9947275922671354
0.5341043190936984,0.9947252747252747
0.5338683030446071,0.9947229551451188
0.5336322869955157,0.9947206335239771
0.5333962709464244,0.9947183098591549
0.5333962709464244,0.9951563188022897
0.533160254897333,0.9951541850220265
0.5329242388482417,0.9951520493609519
0.5326882227991503,0.9951499118165785
0.532452206750059,0.9951477723864137
0.5322161907009677,0.9951456310679612
0.5319801746518763,0.9951434878587196
0.531744158602785,0.9951413427561837
0.5315081425536936,0.9951391957578436
0.5312721265046023,0.9951370468611848
0.531036110455511,0.9951348960636887
0.5308000944064196,0.9951327433628319
0.5305640783573283,0.9951305887560867
0.5303280623082369,0.9951284322409212
0.5300920462591456,0.9951262738147985
0.5298560302100542,0.9951241134751773
0.5296200141609629,0.9951219512195122
0.5293839981118716,0.9951197870452528
0.5291479820627802,0.9951176209498447
0.528911966013689,0.9951154529307282
0.5286759499645975,0.9951132829853399
0.5284399339155063,0.9951111111111111
0.528203917866415,0.9951089373054691
0.5279679018173236,0.9951067615658363
0.5277318857682323,0.9951045838896306
0.5274958697191409,0.9951024042742653
0.5272598536700496,0.9951002227171493
0.5270238376209583,0.9950980392156863
0.5267878215718669,0.9950958537672759
0.5265518055227756,0.9950936663693131
0.5263157894736842,0.9950914770191879
0.5260797734245929,0.9950892857142857
0.5258437573755015,0.9950870924519875
0.5256077413264102,0.9950848972296693
0.5253717252773189,0.9950827000447027
0.5251357092282275,0.9950805008944544
0.5246636771300448,0.9950760966875559
0.5244276610809535,0.9950738916256158
0.5241916450318622,0.9950716845878136
0.5239556289827708,0.9950694755714926
0.5237196129336795,0.9950672645739911
0.5234835968845881,0.9950650515926425
0.5232475808354968,0.9950628366247756
0.5230115647864054,0.9950606196677144
0.5227755487373141,0.995058400718778
0.5225395326882228,0.9950561797752809
0.5223035166391314,0.9950539568345323
0.5220675005900401,0.9950517318938371
0.5218314845409487,0.995049504950495
0.5215954684918575,0.995047276001801
0.5213594524427662,0.9950450450450451
0.5211234363936748,0.9950428120775124
0.5208874203445835,0.9950405770964833
0.5206514042954921,0.9950383400992332
0.5204153882464008,0.9950361010830325
0.5201793721973094,0.9950338600451467
0.5199433561482181,0.9950316169828365
0.5197073400991268,0.9950293718933574
0.5194713240500354,0.9950271247739603
0.5192353080009441,0.9950248756218906
0.5189992919518527,0.9950226244343892
0.5187632759027614,0.9950203712086917
0.5185272598536701,0.9950181159420289
0.5182912438045787,0.9950158586316267
0.5180552277554874,0.9950135992747053
0.517819211706396,0.9950113378684807
0.5175831956573047,0.9950090744101633
0.5173471796082133,0.9950068088969587
0.517111163559122,0.9950045413260672
0.5168751475100307,0.9950022716946842
0.5166391314609393,0.995
0.516403115411848,0.9949977262391997
0.5161670993627566,0.9949954504094631
0.5159310833136653,0.9949931725079654
0.515695067264574,0.9949908925318761
0.5154590512154826,0.99498861047836
0.5152230351663913,0.9949863263445761
0.5149870191172999,0.9949840401276789
0.5147510030682086,0.9949817518248175
0.5145149870191174,0.9949794614331355
0.514278970970026,0.9949771689497717
0.5140429549209347,0.9949748743718593
0.5138069388718433,0.9949725776965265
0.513570922822752,0.9949702789208962
0.5133349067736606,0.994967978042086
0.5130988907245693,0.9949656750572082
0.5126268586263866,0.9949610627576729
0.5123908425772953,0.9949587534372135
0.5121548265282039,0.994956441999083
0.5119188104791126,0.994954128440367
0.5116827944300213,0.9949518127581459
0.5114467783809299,0.9949494949494949
0.5112107623318386,0.9949471750114837
0.5109747462827472,0.9949448529411765
0.5107387302336559,0.9949425287356322
0.5105027141845645,0.9949402023919043
0.5102666981354732,0.9949378739070409
0.5100306820863819,0.9949355432780848
0.5097946660372905,0.9949332105020727
0.5095586499881992,0.9949308755760369
0.5093226339391078,0.9949285384970032
0.5090866178900165,0.9949261992619927
0.5088506018409252,0.9949238578680203
0.5086145857918338,0.9949215143120961
0.5083785697427425,0.994919168591224
0.5081425536936511,0.994916820702403
0.5079065376445598,0.994914470642626
0.5076705215954684,0.9949121184088807
0.5074345055463771,0.994909763998149
0.5071984894972859,0.9949074074074075
0.5069624734481945,0.9949050486336267
0.5067264573991032,0.994902687673772
0.5064904413500118,0.9949003245248029
0.5062544253009205,0.9948979591836735
0.5057823932027378,0.9948932219127206
0.5055463771536465,0.9948908499767766
0.5053103611045551,0.9948884758364313
0.5050743450554638,0.99488609948861
0.5048383290063725,0.9948837209302326
0.5046023129572811,0.9948813401582132
0.5043662969081898,0.99487895716946
0.5041302808590984,0.9948765719608756
0.5038942648100071,0.9948741845293569
0.5036582487609157,0.9948717948717949
0.5034222327118244,0.9948694029850746
0.5034222327118244,0.9953336444237051
0.5031862166627331,0.9953314659197012
0.5029502006136417,0.9953292853806632
0.5027141845645504,0.9953271028037384
0.502478168515459,0.9953249181860683
0.5022421524663677,0.9953227315247896
0.5020061364172764,0.9953205428170332
0.501770120368185,0.9953183520599251
0.5015341043190937,0.9953161592505855
0.5012980882700023,0.9953139643861293
0.501062072220911,0.9953117674636662
0.5008260561718196,0.9953095684803002
0.500354024073637,0.9953051643192489
0.5001180080245456,0.9953029591357445
0.49988199197545435,0.9953007518796992
0.499645975926363,0.99529854254819
0.49940995987727166,0.9952963311382879
0.4991739438281803,0.9952941176470588
0.49893792777908896,0.995291902071563
0.4987019117299976,0.9952896844088553
0.4984658956809063,0.9952874646559849
0.498229879631815,0.9952852428099953
0.49799386358272363,0.9952830188679245
0.4977578475336323,0.9952807928268051
0.49752183148454093,0.9952785646836638
0.4972858154354496,0.995276334435522
0.4970497993863583,0.995274102079395
0.49681378333726695,0.9952718676122931
0.4965777672881756,0.9952696310312205
0.49634175123908425,0.9952673923331756
0.4961057351899929,0.9952651515151515
0.49586971914090155,0.9952629085741355
0.49563370309181026,0.995260663507109
0.4953976870427189,0.9952584163110479
0.49516167099362757,0.9952561669829222
0.4949256549445362,0.9952539155196962
0.49468963889544487,0.9952516619183286
0.4944536228463535,0.995249406175772
0.49421760679726223,0.9952471482889734
0.4939815907481709,0.995244888254874
0.49374557469907954,0.9952426260704091
0.4935095586499882,0.9952403617325083
0.49327354260089684,0.9952380952380953
0.49303752655180555,0.9952358265840877
0.4928015105027142,0.9952335557673975
0.49256549445362285,0.9952312827849309
0.4923294784045315,0.9952290076335878
0.49209346235544016,0.9952267303102625
0.4918574463063488,0.9952244508118434
0.4916214302572575,0.9952221691352127
0.49138541420816617,0.9952198852772467
0.4911493981590748,0.9952175992348159
0.4909133821099835,0.9952153110047847
0.49067736606089213,0.9952130205840115
0.49067736606089213,0.9956896551724138
0.4904413500118008,0.9956875898418783
0.4902053339627095,0.9956855225311602
0.48996931791361814,0.99568345323741
0.4897333018645268,0.9956813819577736
0.48949728581543545,0.9956793086893903
0.4892612697663441,0.9956772334293948
0.48878923766816146,0.9956730769230769
0.4885532216190701,0.9956709956709957
0.48831720556997876,0.9956689124157844
0.4880811895208874,0.9956668271545498
0.48784517347179607,0.9956647398843931
0.4876091574227047,0.9956626506024097
0.4873731413736134,0.9956605593056895
0.4873731413736134,0.9961408586589484
0.4871371253245221,0.9961389961389961
0.48690110927543073,0.9961371318203767
0.4866650932263394,0.996135265700483
0.48642907717724804,0.9961333977767037
0.4861930611281567,0.9961315280464217
0.4859570450790654,0.996129656507015
0.48572102902997405,0.9961277831558567
0.4854850129808827,0.9961259079903148
0.48524899693179135,0.9961240310077519
0.4850129808827,0.9961221522055259
0.48477696483360866,0.9961202715809894
0.48454094878451737,0.9961183891314895
0.484304932735426,0.996116504854369
0.48406891668633467,0.9961146187469645
0.4838329006372433,0.9961127308066083
0.483596884588152,0.9961108410306271
0.48336086853906063,0.9961089494163424
0.48312485248996934,0.9961070559610705
0.482888836440878,0.9961051606621227
0.48265282039178664,0.9961032635168047
0.4824168043426953,0.9961013645224172
0.48218078829360395,0.9960994636762555
0.48194477224451265,0.9965836993655441
0.4817087561954213,0.99658203125
0.48147274014632996,0.9965803615046409
0.4812367240972386,0.9965786901270772
0.48100070804814726,0.9965770171149144
0.4807646919990559,0.9965753424657534
0.4805286759499646,0.9965736661771905
0.4802926599008733,0.9965719882468168
0.48005664385178193,0.9965703086722195
0.4798206278026906,0.9965686274509804
0.47958461175359923,0.9965669445806769
0.4793485957045079,0.9965652600588812
0.4791125796554166,0.9965635738831615
0.47887656360632525,0.9965618860510805
0.4786405475572339,0.9965601965601966
0.47840453150814255,0.9965585054080629
0.4781685154590512,0.9965568125922283
0.47793249940995985,0.9965551181102362
0.47769648336086856,0.9965534219596258
0.4774604673117772,0.996551724137931
0.47722445126268587,0.9965500246426812
0.4769884352135945,0.9965483234714004
0.47675241916450317,0.9965466206216083
0.4765164031154118,0.9965449160908193
0.47628038706632053,0.9965432098765432
0.4760443710172292,0.9965415019762845
0.47580835496813784,0.9965397923875432
0.4755723389190465,0.996538081107814
0.47533632286995514,0.9965363681345868
0.4751003068208638,0.9965346534653465
0.4748642907717725,0.9965329370975731
0.47462827472268115,0.9965312190287413
0.4743922586735898,0.9965294992563213
0.47415624262449846,0.9965277777777778
0.4739202265754071,0.9965260545905708
0.47368421052631576,0.9965243296921549
0.47344819447722447,0.9965226030799801
0.4732121784281331,0.9965208747514911
0.4729761623790418,0.9965191447041273
0.47274014632995043,0.9965174129353234
0.4725041302808591,0.9965156794425087
0.47226811423176773,0.9965139442231076
0.47203209818267644,0.9965122072745392
0.4717960821335851,0.9965104685942173
0.47156006608449375,0.9965087281795512
0.4713240500354024,0.9965069860279441
0.47108803398631105,0.9965052421367948
0.47085201793721976,0.9965034965034965
0.4706160018881284,0.9965017491254373
0.47037998583903706,0.9965
0.4701439697899457,0.9964982491245623
0.46990795374085437,0.9964964964964965
0.469671937691763,0.9964947421131698
0.4694359216426717,0.9964929859719439
0.4691999055935804,0.9964912280701754
0.46896388954448903,0.9964894684052157
0.4687278734953977,0.9964877069744105
0.46849185744630634,0.9964859437751004
0.468255841397215,0.9964841788046208
0.4680198253481237,0.9964824120603015
0.46778380929903235,0.9964806435394671
0.467547793249941,0.9964788732394366
0.46731177720084965,0.9964771011575239
0.4670757611517583,0.9964753272910373
0.46683974510266696,0.9964735516372796
0.46660372905357567,0.9964717741935484
0.4663677130044843,0.9964699949571356
0.46613169695539297,0.9964682139253279
0.4658956809063016,0.9964664310954063
0.4656596648572103,0.9964646464646465
0.46542364880811893,0.9964628600303184
0.46518763275902764,0.9964610717896866
0.4649516167099363,0.9964592817400101
0.46471560066084494,0.9964574898785425
0.4644795846117536,0.9964556962025316
0.46424356856266225,0.9964539007092199
0.4640075525135709,0.9964521033958439
0.4637715364644796,0.9964503042596349
0.4632995043662969,0.9964467005076142
0.46306348831720556,0.9964448958862366
0.4628274722681142,0.9964430894308943
0.46259145621902287,0.99644128113879
0.4623554401699316,0.996439471007121
0.4621194241208402,0.9964376590330789
0.4618834080717489,0.9964358452138493
0.46164739202265753,0.9964340295466123
0.4614113759735662,0.9964322120285423
0.46117535992447484,0.9964303926568078
0.46117535992447484,0.996938775510204
0.4607033278262922,0.9969356486210419
0.46046731177720085,0.9969340827797649
0.4602312957281095,0.9969325153374233
0.45999527967901815,0.9969309462915601
0.45975926362992686,0.9969293756397134
0.4595232475808355,0.9969278033794163
0.45928723153174417,0.9969262295081968
0.4590512154826528,0.9969246540235777
0.45881519943356147,0.9969230769230769
0.45834316733537883,0.9969199178644764
0.4581071512862875,0.9969183359013868
0.45787113523719614,0.9969167523124358
0.4576351191881048,0.9969151670951156
0.45739910313901344,0.9969135802469136
0.4571630870899221,0.9969119917653114
0.4569270710408308,0.9969104016477858
0.45669105499173945,0.9969088098918083
0.4564550389426481,0.9969072164948454
0.45621902289355676,0.9969056214543579
0.4559830068444654,0.9969040247678018
0.45574699079537406,0.9969024264326277
0.45551097474628277,0.996900826446281
0.4552749586971914,0.9968992248062015
0.4550389426481001,0.9968976215098242
0.45480292659900873,0.9968960165545784
0.4545669105499174,0.9968944099378882
0.45433089450082603,0.9968928016571724
0.45409487845173474,0.9968911917098445
0.4538588624026434,0.9968895800933126
0.45362284635355204,0.9968879668049793
0.45315081425536935,0.9968847352024922
0.452914798206278,0.9968831168831169
0.4526787821571867,0.9968814968814969
0.45244276610809536,0.9968798751950078
0.452206750059004,0.9968782518210197
0.45197073400991267,0.9968766267568975
0.4517347179608213,0.996875
0.45149870191172997,0.9968733715476811
0.4512626858626387,0.9968717413972888
0.45102666981354733,0.9968701095461658
0.450790653764456,0.9968684759916493
0.45055463771536464,0.9968668407310705
0.4503186216662733,0.9968652037617555
0.45008260561718194,0.9968635650810246
0.44984658956809065,0.9968619246861925
0.4496105735189993,0.9968602825745683
0.4496105735189993,0.9973821989528796
0.44937455746990795,0.9973808276584599
0.4491385414208166,0.9973794549266247
0.44890252537172526,0.9973780807551127
0.44866650932263397,0.9973767051416579
0.4484304932735426,0.9973753280839895
0.44819447722445127,0.9973739495798319
0.4479584611753599,0.9973725696269049
0.4477224451262686,0.9973711882229233
0.44748642907717723,0.997369805365597
0.44725041302808594,0.9973684210526316
0.4470143969789946,0.9973670352817272
0.44677838092990324,0.9973656480505796
0.4465423648808119,0.9973642593568793
0.44630634883172055,0.9973628691983122
0.4460703327826292,0.9973614775725593
0.4458343167335379,0.9973600844772967
0.44559830068444656,0.9973586899101955
0.4453622846353552,0.9973572938689218
0.44512626858626386,0.997355896351137
0.4448902525371725,0.9973544973544973
0.44465423648808117,0.9973530968766543
0.4444182204389899,0.9973516949152542
0.4441822043898985,0.9973502914679385
0.4439461883408072,0.9973488865323435
0.44371017229171583,0.9973474801061007
0.4434741562426245,0.9973460721868365
0.44323814019353314,0.997344662772172
0.44300212414444184,0.9973432518597237
0.4427661080953505,0.9973418394471026
0.44253009204625915,0.9973404255319149
0.4422940759971678,0.9973390101117616
0.44205805994807645,0.9973375931842385
0.44205805994807645,0.9978689397975493
0.4418220438989851,0.997867803837953
0.4415860278498938,0.9978666666666667
0.44135001180080247,0.9978655282817502
0.4411139957517111,0.99786438868126
0.44087797970261977,0.9978632478632479
0.4406419636535284,0.9978621058257616
0.4404059476044371,0.9978609625668449
0.4401699315553458,0.9978598180845372
0.43993391550625444,0.9978586723768736
0.4396978994571631,0.9978575254418853
0.43946188340807174,0.9978563772775991
0.4392258673589804,0.9978552278820375
0.43898985130988905,0.9978540772532188
0.43875383526079775,0.9978529253891573
0.4385178192117064,0.9978517722878625
0.43828180316261506,0.9978506179473401
0.4380457871135237,0.9978494623655914
0.43780977106443236,0.9978483055406132
0.43757375501534107,0.9978471474703983
0.4373377389662497,0.9978459881529348
0.4371017229171584,0.9978448275862069
0.436865706868067,0.997843665768194
0.4366296908189757,0.9978425026968716
0.43639367476988433,0.9978413383702105
0.43615765872079304,0.9978401727861771
0.4359216426717017,0.9978390059427337
0.43568562662261034,0.9978378378378379
0.435449610573519,0.997836668469443
0.43521359452442765,0.9978354978354979
0.4349775784753363,0.9978343259339469
0.434741562426245,0.9978331527627302
0.43450554637715366,0.9978319783197832
0.4342695303280623,0.9978308026030369
0.43403351427897097,0.9978296256104178
0.4337974982298796,0.997828447339848
0.43356148218078827,0.997827267789245
0.433325466131697,0.9978260869565218
0.43308945008260563,0.9978249048395867
0.4328534340335143,0.9978237214363439
0.43261741798442294,0.9978225367446925
0.4323814019353316,0.9978213507625272
0.43214538588624024,0.9978201634877384
0.43190936983714895,0.9978189749182116
0.4316733537880576,0.9978177850518276
0.43143733773896625,0.9978165938864629
0.4312013216898749,0.997815401419989
0.43096530564078356,0.9978142076502732
0.4307292895916922,0.9978130125751777
0.4304932735426009,0.9978118161925602
0.43025725749350957,0.9978106185002736
0.4300212414444182,0.9978094194961665
0.4297852253953269,0.9978082191780822
0.4295492093462355,0.9978070175438597
0.4293131932971442,0.997805814591333
0.4290771772480529,0.9978046103183315
0.42884116119896154,0.9978034047226798
0.4286051451498702,0.9978021978021978
0.42836912910077884,0.9978009895547004
0.4281331130516875,0.9977997799779978
0.42789709700259615,0.9977985690698954
0.42766108095350486,0.9977973568281938
0.4274250649044135,0.9977961432506887
0.42718904885532216,0.9977949283351709
0.4269530328062308,0.9977937120794264
0.42671701675713947,0.9977924944812362
0.4264810007080482,0.9977912755383765
0.4262449846589568,0.9977900552486187
0.4260089686098655,0.9977888336097291
0.42577295256077413,0.9977876106194691
0.4255369365116828,0.9977863862755949
0.42530092046259144,0.9977851605758582
0.42506490441350014,0.9977839335180055
0.4243568562662261,0.9977802441731409
0.42412084021713475,0.9977790116601888
0.4238848241680434,0.9977777777777778
0.4236488081189521,0.9977765425236242
0.42341279206986077,0.9977753058954394
0.4231767760207694,0.9977740678909294
0.42294075997167807,0.9977728285077951
0.4227047439225867,0.9977715877437325
0.4224687278734954,0.9977703455964325
0.4222327118244041,0.9977691020635806
0.42199669577531274,0.9977678571428571
0.4217606797262214,0.9977666108319375
0.42152466367713004,0.9977653631284916
0.4212886476280387,0.9977641140301845
0.42105263157894735,0.9977628635346756
0.42081661552985605,0.9977616116396195
0.4205805994807647,0.9977603583426652
0.42034458343167336,0.9977591036414566
0.420108567382582,0.9977578475336323
0.41987255133349066,0.9977565900168256
0.4196365352843993,0.9977553310886644
0.419400519235308,0.9977540707467715
0.4191645031862167,0.9977528089887641
0.4189284871371253,0.9977515458122541
0.418692471088034,0.9977502812148481
0.41845645503894263,0.9977490151941475
0.4182204389898513,0.9977477477477478
0.41798442294076,0.9977464788732394
0.41774840689166864,0.9977452085682075
0.4175123908425773,0.9977439368302312
0.41727637479348595,0.9977426636568849
0.4170403587443946,0.9977413890457368
0.41680434269530325,0.9977401129943503
0.41656832664621196,0.9977388355002826
0.4163323105971206,0.997737556561086
0.41609629454802927,0.9977362761743067
0.4158602784989379,0.9977349943374858
0.41562426244984657,0.9977337110481587
0.4153882464007553,0.9977324263038548
0.41515223035166393,0.9977311401020987
0.4149162143025726,0.9977298524404086
0.41468019825348124,0.9977285633162976
0.4144441822043899,0.9977272727272727
0.41420816615529854,0.9977259806708357
0.41397215010620725,0.9977246871444824
0.4137361340571159,0.9977233921457029
0.41350011800802455,0.9977220956719818
0.4132641019589332,0.9977207977207977
0.41302808590984186,0.9977194982896237
0.4125560538116592,0.997716894977169
0.41232003776256787,0.9977155910908052
0.4120840217134765,0.9977142857142857
0.4118480056643852,0.9977129788450543
0.4116119896152938,0.9977116704805492
0.4113759735662025,0.9977103606182026
0.4111399575171112,0.997709049255441
0.41090394146801984,0.9977077363896848
0.4106679254189285,0.9977064220183486
0.41043190936983714,0.9977051061388411
0.4101958933207458,0.9977037887485649
0.40995987727165445,0.9977024698449167
0.40972386122256316,0.9977011494252873
0.4094878451734718,0.9976998274870615
0.40925182912438046,0.997698504027618
0.4090158130752891,0.9976971790443293
0.40877979702619777,0.9976958525345622
0.4085437809771064,0.9976945244956772
0.4083077649280151,0.9976931949250288
0.4080717488789238,0.9976918638199653
0.40783573282983243,0.9976905311778291
0.40736370073164974,0.9976878612716763
0.4071276846825584,0.9976865240023135
0.4068916686334671,0.9976851851851852
0.40665565258437575,0.9976838448176027
0.4064196365352844,0.9976825028968713
0.40618362048619305,0.9976811594202899
0.4059476044371017,0.9976798143851509
0.40571158838801036,0.9976784677887406
0.40547557233891907,0.9976771196283392
0.4052395562898277,0.9976757699012202
0.40500354024073637,0.9976744186046511
0.404767524191645,0.997673065735893
0.4045315081425537,0.9976717112922002
0.4042954920934624,0.9976703552708212
0.40405947604437104,0.9976689976689976
0.4038234599952797,0.997667638483965
0.40358744394618834,0.9976662777129521
0.403351427897097,0.9976649153531816
0.40311541184800564,0.9976635514018691
0.40287939579891435,0.9976621858562245
0.402643379749823,0.9976608187134502
0.40240736370073166,0.9976594499707431
0.4021713476516403,0.9976580796252927
0.40193533160254896,0.9976567076742824
0.4016993155534576,0.9976553341148886
0.4014632995043663,0.9976539589442815
0.401227283455275,0.9976525821596244
0.4009912674061836,0.997651203758074
0.4007552513570923,0.9976498237367802
0.40051923530800093,0.9976484420928865
0.4002832192589096,0.9976470588235294
0.4000472032098183,0.9976456739258387
0.39981118716072694,0.9976442873969376
0.3995751711116356,0.9976428992339422
0.39933915506254425,0.9976415094339622
0.3991031390134529,0.9976401179941002
0.39886712296436155,0.9976387249114522
0.39863110691527026,0.997637330183107
0.3983950908661789,0.9976359338061466
0.39815907481708757,0.9976345357776464
0.3979230587679962,0.9976331360946745
0.39768704271890487,0.9976317347542925
0.3974510266698135,0.9976303317535545
0.39721501062072223,0.997628927089508
0.3969789945716309,0.9976275207591934
0.39674297852253954,0.997626112759644
0.3965069624734482,0.997624703087886
0.39627094642435684,0.9976232917409388
0.3960349303752655,0.9976218787158145
0.3957989143261742,0.9976204640095181
0.39556289827708285,0.9976190476190476
0.3953268822279915,0.9976176295413937
0.39509086617890016,0.9976162097735399
0.3948548501298088,0.9976147883124628
0.39461883408071746,0.9976133651551312
0.39438281803162617,0.9976119402985074
0.3941468019825348,0.997610513739546
0.3939107859334435,0.9976090854751942
0.3936747698843521,0.9976076555023924
0.3934387538352608,0.997606223818073
0.3932027377861695,0.9976047904191617
0.39296672173707814,0.9976033553025764
0.3927307056879868,0.9976019184652278
0.39249468963889544,0.9976004799040192
0.3922586735898041,0.9975990396158463
0.39202265754071275,0.9975975975975976
0.39178664149162146,0.9975961538461539
0.3915506254425301,0.9975947083583885
0.39131460939343876,0.9975932611311673
0.3910785933443474,0.9975918121613486
0.39084257729525607,0.9975903614457832
0.3906065612461647,0.997588908981314
0.3903705451970734,0.9975874547647768
0.3901345291479821,0.9975859987929994
0.38989851309889073,0.9975845410628019
0.3896624970497994,0.997583081570997
0.38942648100070804,0.9975816203143894
0.3891904649516167,0.9975801572897761
0.3889544489025254,0.9975786924939467
0.38871843285343405,0.9975772259236826
0.3884824168043427,0.9975757575757576
0.38824640075525135,0.9975742874469375
0.38801038470616,0.9975728155339806
0.38777436865706866,0.9975713418336369
0.38753835260797737,0.9975698663426489
0.387302336558886,0.9975683890577508
0.38706632050979467,0.9975669099756691
0.3868303044607033,0.9975654290931223
0.386594288411612,0.997563946406821
0.3863582723625206,0.9975624619134674
0.38612225631342934,0.9975609756097561
0.385886240264338,0.9975594874923734
0.38565022421524664,0.9975579975579976
0.3854142081661553,0.9975565058032987
0.38517819211706394,0.9975550122249389
0.3849421760679726,0.9975535168195718
0.3847061600188813,0.9975520195838433
0.38447014396978996,0.9975505205143906
0.3842341279206986,0.9975490196078431
0.38399811187160726,0.9975475168608215
0.3837620958225159,0.9975460122699387
0.38352607977342457,0.9975445058317987
0.3832900637243333,0.9975429975429976
0.3830540476752419,0.9975414874001229
0.3828180316261506,0.997539975399754
0.38258201557705923,0.9975384615384615
0.3823459995279679,0.9975369458128078
0.38210998347887654,0.9975354282193469
0.38187396742978524,0.9975339087546239
0.3816379513806939,0.9975323874151758
0.38140193533160255,0.9975308641975309
0.3811659192825112,0.9975293390982087
0.38092990323341985,0.9975278121137207
0.38069388718432856,0.9975262832405689
0.3804578711352372,0.9975247524752475
0.38022185508614587,0.9975232198142415
0.3799858390370545,0.9975216852540273
0.37974982298796317,0.9975201487910725
0.3795138069388718,0.9975186104218362
0.37927779088978053,0.9975170701427685
0.3790417748406892,0.9975155279503105
0.37880575879159784,0.997513983840895
0.3785697427425065,0.9975124378109452
0.37833372669341514,0.9975108898568762
0.3780977106443238,0.9975093399750934
0.3778616945952325,0.9975077881619938
0.37762567854614115,0.9975062344139651
0.3773896624970498,0.9975046787273861
0.37715364644795846,0.9975031210986267
0.3769176303988671,0.9975015615240475
0.37668161434977576,0.9975
0.37644559830068447,0.9974984365228268
0.3762095822515931,0.9974968710888611
0.3759735662025018,0.9974953036944271
0.3757375501534104,0.9974937343358395
0.3755015341043191,0.9974921630094044
0.37526551805522773,0.9974905897114178
0.37502950200613644,0.997489014438167
0.3747934859570451,0.9974874371859297
0.37455746990795374,0.9974858579509742
0.3743214538588624,0.9974842767295597
0.37408543780977105,0.9974826935179358
0.3738494217606797,0.9974811083123426
0.3736134057115884,0.9974795211090107
0.37337738966249706,0.9974779319041615
0.3731413736134057,0.9974763406940063
0.372669341515223,0.9974731522425774
0.3721973094170404,0.9974699557242251
0.37196129336794903,0.9974683544303797
0.3717252773188577,0.9974667511082964
0.37148926126976634,0.9974651457541192
0.371253245220675,0.9974635383639823
0.37101722917158364,0.9974619289340102
0.37078121312249235,0.9974603174603175
0.370545197073401,0.9974587039390089
0.37030918102430965,0.9974570883661793
0.3700731649752183,0.9974554707379135
0.3693651168279443,0.9974506054811982
0.3688930847297616,0.9974473516273133
0.3684210526315789,0.997444089456869
0.36818503658248763,0.9974424552429667
0.3679490205333963,0.9974408189379399
0.36771300448430494,0.9974391805377721
0.3674769884352136,0.9974375400384369
0.36724097238612224,0.9974358974358974
0.3670049563370309,0.9974342527261065
0.3667689402879396,0.9974326059050064
0.36653292423884826,0.9974309569685292
0.3662969081897569,0.9974293059125964
0.36606089214066556,0.997427652733119
0.3658248760915742,0.9974259974259975
0.36558886004248287,0.9974243399871217
0.3653528439933916,0.9974226804123711
0.3651168279443002,0.9974210186976145
0.3648808118952089,0.9974193548387097
0.36464479584611753,0.9974176888315042
0.3644087797970262,0.9974160206718347
0.36417276374793484,0.9974143503555268
0.36393674769884354,0.9974126778783958
0.3637007316497522,0.997411003236246
0.36346471560066085,0.9974093264248705
0.3632286995515695,0.9974076474400518
0.36299268350247815,0.9974059662775616
0.3627566674533868,0.9974042829331603
0.3625206514042955,0.9974025974025974
0.36228463535520417,0.9974009096816114
0.3620486193061128,0.9973992197659298
0.36181260325702147,0.9973975276512687
0.3615765872079301,0.9973958333333334
0.3613405711588388,0.9973941368078176
0.3611045551097475,0.9973924380704041
0.36086853906065613,0.9973907371167645
0.3606325230115648,0.9973890339425587
0.36039650696247344,0.9973873285434357
0.3601604909133821,0.9973856209150327
0.35992447486429074,0.9973839110529757
0.35968845881519945,0.9973821989528796
0.3594524427661081,0.9973804846103471
0.35921642671701676,0.9973787680209698
0.3589804106679254,0.9973770491803279
0.35874439461883406,0.9973753280839895
0.35850837856974277,0.9973736047275115
0.3582723625206514,0.9973718791064389
0.3580363464715601,0.997370151216305
0.3578003304224687,0.9973684210526316
0.3575643143733774,0.9973666886109283
0.35732829832428603,0.997364953886693
0.35709228227519474,0.997363216875412
0.3568562662261034,0.9973614775725593
0.35662025017701204,0.9973597359735974
0.35614821807882935,0.9973562458691342
0.355912202029738,0.9973544973544973
0.3556761859806467,0.9973527465254798
0.35544016993155536,0.9973509933774835
0.355204153882464,0.9973492379058979
0.35496813783337267,0.9973474801061007
0.3547321217842813,0.9973457199734572
0.35449610573518997,0.99734395750332
0.3542600896860987,0.9973421926910299
0.35402407363700733,0.9973404255319149
0.353788057587916,0.9973386560212908
0.35355204153882464,0.9973368841544608
0.3533160254897333,0.9973351099267155
0.35308000944064194,0.9973333333333333
0.35284399339155065,0.9973315543695798
0.3526079773424593,0.9973297730307076
0.35237196129336795,0.9973279893119572
0.3521359452442766,0.9973262032085561
0.35189992919518526,0.9973244147157191
0.3516639131460939,0.9973226238286479
0.3514278970970026,0.9973208305425318
0.3507198489497286,0.9973154362416108
0.3504838329006372,0.9973136333109469
0.3502478168515459,0.9973118279569892
0.3500118008024546,0.9973100201748487
0.34977578475336324,0.9973082099596231
0.3495397687042719,0.9973063973063973
0.34930375265518054,0.9973045822102425
0.3490677366060892,0.9973027646662171
0.34883172055699785,0.9973009446693657
0.34859570450790656,0.9972991222147198
0.3483596884588152,0.9972972972972973
0.34812367240972386,0.9972954699121027
0.3478876563606325,0.9972936400541272
0.34765164031154117,0.997291807718348
0.3474156242624499,0.997289972899729
0.3471796082133585,0.9972881355932204
0.3469435921642672,0.9972862957937585
0.34670757611517583,0.9972844534962662
0.3464715600660845,0.9972826086956522
0.34599952796790184,0.9972789115646259
0.3457635119188105,0.9972770592239619
0.3457635119188105,0.9979564032697548
0.34552749586971915,0.9979550102249489
0.3452914798206278,0.9979536152796725
0.3448194477224451,0.9979508196721312
0.3445834316733538,0.9979494190020506
0.34434741562426247,0.9979480164158687
0.3441113995751711,0.997946611909651
0.34387538352607977,0.9979452054794521
0.3436393674769884,0.997943797121316
0.3434033514278971,0.9979423868312757
0.3431673353788058,0.9979409746053535
0.34293131932971443,0.9979395604395604
0.3426953032806231,0.9979381443298969
0.34245928723153174,0.9979367262723521
0.3422232711824404,0.9979353062629044
0.34198725513334904,0.9979338842975206
0.34175123908425775,0.9979324603721571
0.3415152230351664,0.9979310344827587
0.34127920698607506,0.9979296066252588
0.3410431909369837,0.9979281767955801
0.34080717488789236,0.9979267449896337
0.340571158838801,0.9979253112033195
0.3403351427897097,0.9979238754325259
0.3400991267406184,0.9979224376731302
0.339863110691527,0.997920997920998
0.3396270946424357,0.9979195561719834
0.33939107859334433,0.9979181124219292
0.3389190464951617,0.9979152189020153
0.33868303044607034,0.997913769123783
0.338447014396979,0.9979123173277662
0.33821099834788765,0.9979108635097493
0.3379749822987963,0.9979094076655052
0.33773896624970495,0.997907949790795
0.3372669341515223,0.9979050279329609
0.33703091810243097,0.9979035639412998
0.3367949020533396,0.9979020979020979
0.33655888600424827,0.9979006298110566
0.336322869955157,0.9978991596638656
0.33608685390606563,0.9978976874562018
0.33561482180788293,0.9978947368421053
0.3353788057587916,0.9978932584269663
0.33514278970970024,0.9978917779339423
0.33490677366060895,0.9978902953586498
0.3346707576115176,0.9978888106966924
0.3341987255133349,0.9978858350951374
0.33396270946424356,0.9978843441466855
0.3337266934151522,0.9978828510938603
0.33325466131696957,0.9978798586572438
0.3330186452678782,0.9978783592644979
0.3327826292187869,0.9978768577494692
0.3325466131696955,0.9978753541076487
0.3323105971206042,0.9978738483345145
0.33183856502242154,0.9978708303761533
0.3316025489733302,0.9978693181818182
0.33136653292423884,0.997867803837953
0.3311305168751475,0.9978662873399715
0.33089450082605615,0.997864768683274
0.33065848477696486,0.9978632478632479
0.3304224687278735,0.9978617248752673
0.33018645267878216,0.9978601997146933
0.3299504366296908,0.9978586723768736
0.32971442058059947,0.9978571428571429
0.3294784045315081,0.997855611150822
0.3292423884824168,0.9978540772532188
0.3290063724333255,0.9978525411596277
0.32877035638423413,0.9978510028653295
0.3285343403351428,0.9978494623655914
0.32829832428605144,0.9978479196556671
0.3280623082369601,0.9978463747307968
0.3278262921878688,0.9978448275862069
0.32759027613877745,0.9978432782171099
0.3273542600896861,0.9978417266187051
0.32711824404059475,0.9978401727861771
0.3268822279915034,0.9978386167146974
0.32664621194241206,0.9978370583994232
0.32641019589332076,0.9978354978354979
0.3261741798442294,0.9978339350180505
0.32593816379513807,0.9978323699421965
0.3257021477460467,0.9978308026030369
0.3254661316969554,0.9978292329956585
0.3252301156478641,0.997827661115134
0.32499409959877273,0.9978260869565218
0.3247580835496814,0.9978245105148659
0.32452206750059004,0.997822931785196
0.3242860514514987,0.9978213507625272
0.32405003540240734,0.9978197674418605
0.32381401935331605,0.9978181818181818
0.3235780033042247,0.9978165938864629
0.32334198725513336,0.9978150036416606
0.323105971206042,0.9978134110787172
0.32286995515695066,0.9978118161925602
0.3226339391078593,0.9978102189781022
0.322397923058768,0.997808619430241
0.3221619070096767,0.9978070175438597
0.3219258909605853,0.9978054133138259
0.321689874911494,0.9978038067349927
0.32145385886240263,0.9978021978021978
0.3212178428133113,0.9978005865102639
0.32098182676422,0.9977989728539985
0.32074581071512864,0.9977973568281938
0.3205097946660373,0.9977957384276267
0.32027377861694595,0.9977941176470588
0.3200377625678546,0.9977924944812362
0.31980174651876325,0.9977908689248896
0.31956573046967196,0.997789240972734
0.3193297144205806,0.9977876106194691
0.31909369837148926,0.9977859778597786
0.3188576823223979,0.9977843426883308
0.31862166627330657,0.9977827050997783
0.31814963417512393,0.997779422649889
0.3179136181260326,0.9977777777777778
0.31767760207694123,0.9977761304670126
0.3174415860278499,0.9977744807121661
0.31720556997875854,0.9977728285077951
0.3169695539296672,0.9977711738484398
0.3167335378805759,0.9977695167286246
0.31649752183148455,0.9977678571428571
0.3162615057823932,0.9977661950856291
0.31555345763511916,0.9977611940298508
0.31531744158602787,0.9977595220313666
0.3150814255369365,0.9977578475336323
0.3148454094878452,0.9977561705310396
0.3146093934387538,0.9977544910179641
0.3143733773896625,0.9977528089887641
0.3141373613405712,0.9977511244377811
0.31390134529147984,0.9977494373593399
0.3136653292423885,0.9977477477477478
0.31342931319329714,0.9977460555972952
0.3131932971442058,0.9977443609022556
0.31295728109511445,0.9977426636568849
0.31272126504602316,0.9977409638554217
0.3124852489969318,0.9977392614920875
0.31224923294784046,0.997737556561086
0.3120132168987491,0.9977358490566037
0.31177720084965777,0.9977341389728097
0.3115411848005664,0.9977324263038548
0.3113051687514751,0.9977307110438729
0.3110691527023838,0.9977289931869796
0.31083313665329243,0.9977272727272727
0.3105971206042011,0.9977255496588324
0.31036110455510973,0.9977238239757208
0.3101250885060184,0.9977220956719818
0.3098890724569271,0.9977203647416414
0.30965305640783575,0.9977186311787072
0.3094170403587444,0.997716894977169
0.30918102430965305,0.9977151561309977
0.3089450082605617,0.9977134146341463
0.30870899221147036,0.9977116704805492
0.30847297616237906,0.9977099236641221
0.3082369601132877,0.9977081741787625
0.30800094406419637,0.9977064220183486
0.307764928015105,0.9977046671767407
0.3075289119660137,0.9977029096477795
0.3072928959169223,0.9977011494252873
0.30705687986783103,0.9976993865030674
0.3068208638187397,0.9976976208749041
0.30658484776964834,0.9976958525345622
0.306348831720557,0.9976940814757879
0.30611281567146564,0.9976923076923077
0.3058767996223743,0.9976905311778291
0.305640783573283,0.99768875192604
0.30540476752419166,0.9976869699306091
0.3051687514751003,0.9976851851851852
0.30493273542600896,0.9976833976833976
0.3046967193769176,0.9976816074188563
0.30446070332782627,0.9976798143851509
0.304224687278735,0.9976780185758514
0.3039886712296436,0.9976762199845082
0.3037526551805523,0.9976744186046511
0.30351663913146093,0.9976726144297905
0.3032806230823696,0.9976708074534162
0.3030446070332783,0.9976689976689976
0.30280859098418694,0.9976671850699844
0.3025725749350956,0.9976653696498055
0.30233655888600425,0.9976635514018691
0.3021005428369129,0.9976617303195635
0.30186452678782155,0.9976599063962559
0.30162851073873026,0.9976580796252927
0.3013924946896389,0.99765625
0.30115647864054756,0.9976544175136826
0.30068444654236487,0.9976507439310884
0.3004484304932735,0.9976489028213166
0.30021241444418223,0.9976470588235294
0.2999763983950909,0.9976452119309263
0.29974038234599953,0.997643362136685
0.29926835024781684,0.997639653815893
0.2990323341987255,0.9976377952755906
0.2987963181496342,0.9976359338061466
0.29856030210054285,0.9976340694006309
0.2983242860514515,0.9976322020520916
0.29808827000236016,0.9976303317535545
0.2978522539532688,0.9976284584980237
0.29761623790417746,0.997626582278481
0.29738022185508617,0.997624703087886
0.2969081897569035,0.9976209357652657
0.2966721737078121,0.9976190476190476
0.2964361576587208,0.9976171564733916
0.29620014160962943,0.9976152623211447
0.29596412556053814,0.9976133651551312
0.2957281095114468,0.9976114649681529
0.29549209346235544,0.9976095617529881
0.2952560774132641,0.9976076555023924
0.29502006136417275,0.9976057462090981
0.2947840453150814,0.9976038338658147
0.2945480292659901,0.9976019184652278
0.29431201321689876,0.9976
0.2940759971678074,0.9975980784627703
0.29383998111871606,0.9975961538461539
0.2936039650696247,0.9975942261427426
0.29336794902053337,0.9975922953451043
0.2931319329714421,0.9975903614457832
0.29289591692235073,0.997588424437299
0.2926599008732594,0.997586484312148
0.29242388482416803,0.9975845410628019
0.2921878687750767,0.9975825946817083
0.2919518527259854,0.9975806451612903
0.29171583667689405,0.9975786924939467
0.2914798206278027,0.9975767366720517
0.29124380457871135,0.9975747776879548
0.29077177248052866,0.9975708502024292
0.29053575643143736,0.9975688816855753
0.290299740382346,0.9975669099756691
0.29006372433325467,0.997564935064935
0.2898277082841633,0.9975629569455727
0.289591692235072,0.9975609756097561
0.2893556761859806,0.9975589910496339
0.28911966013688933,0.997557003257329
0.288883644087798,0.9975550122249389
0.28864762803870664,0.9975530179445351
0.28817559594052394,0.9975490196078431
0.2879395798914326,0.9975470155355682
0.2877035638423413,0.997545008183306
0.28746754779324996,0.9975429975429976
0.2872315317441586,0.9975409836065574
0.28699551569506726,0.9975389663658737
0.2867594996459759,0.9975369458128078
0.28652348359688457,0.9975349219391948
0.2862874675477933,0.9975328947368421
0.2860514514987019,0.9975308641975309
0.2858154354496106,0.9975288303130149
0.28557941940051923,0.9975267930750206
0.2853434033514279,0.9975247524752475
0.28510738730233653,0.9975227085053675
0.28487137125324524,0.9975206611570248
0.2846353552041539,0.9975186104218362
0.28439933915506255,0.9975165562913907
0.2841633231059712,0.9975144987572494
0.28392730705687985,0.9975124378109452
0.2836912910077885,0.9975103734439834
0.2834552749586972,0.9975083056478405
0.28321925890960586,0.9975062344139651
0.2829832428605145,0.997504159733777
0.28274722681142317,0.9975020815986678
0.2822751947132405,0.9974979149291076
0.2820391786641492,0.9974958263772955
0.2815671465659665,0.9974916387959866
0.28133113051687514,0.9974895397489539
0.2810951144677838,0.9974874371859297
0.28062308236960115,0.99748322147651
0.2803870663205098,0.9974811083123426
0.28015105027141846,0.9974789915966387
0.27967901817323576,0.9974747474747475
0.27944300212414447,0.9974726200505476
0.2792069860750531,0.9974704890387859
0.2789709700259618,0.9974683544303797
0.2787349539768704,0.9974662162162162
0.2784989379277791,0.9974640743871513
0.27826292187868773,0.9974619289340102
0.27802690582959644,0.9974597798475868
0.2777908897805051,0.997457627118644
0.2773188576823224,0.9974533106960951
0.2768468255841397,0.9974489795918368
0.2766108095350484,0.9974468085106383
0.27637479348595706,0.9974446337308348
0.2761387774368657,0.9974424552429667
0.27590276138777436,0.9974402730375427
0.275666745338683,0.9974380871050385
0.27543072928959167,0.9974358974358974
0.2751947132405004,0.9974337040205303
0.27495869719140903,0.997431506849315
0.2747226811423177,0.9974293059125964
0.274250649044135,0.9974248927038627
0.27401463299504364,0.9974226804123711
0.27377861694595235,0.9974204643164231
0.273542600896861,0.9974182444061962
0.27330658484776965,0.9974160206718347
0.2730705687986783,0.9974137931034482
0.27283455274958696,0.997411561691113
0.2725985367004956,0.9974093264248705
0.2723625206514043,0.9974070872947277
0.27212650460231297,0.9974048442906575
0.2718904885532216,0.9974025974025974
0.2716544725041303,0.9974003466204506
0.2714184564550389,0.997398091934085
0.2711824404059476,0.9973958333333334
0.2709464243568563,0.9973935708079931
0.27071040830776494,0.9973913043478261
0.2704743922586736,0.9973890339425587
0.27023837620958224,0.9973867595818815
0.2700023601604909,0.997384481255449
0.26976634411139955,0.9973821989528796
0.26953032806230826,0.9973799126637555
0.2692943120132169,0.9973776223776224
0.26905829596412556,0.9973753280839895
0.2688222799150342,0.9973730297723292
0.26858626386594286,0.9973707274320771
0.2683502478168516,0.9973684210526316
0.2681142317677602,0.9973661106233538
0.2678782157186689,0.9973637961335676
0.2674061836204862,0.9973591549295775
0.26717016757139483,0.9973568281938326
0.26693415152230354,0.9973544973544973
0.2666981354732122,0.9973521624007061
0.26646211942412085,0.9973498233215548
0.26599008732593815,0.9973451327433628
0.2657540712768468,0.9973427812223207
0.2655180552277555,0.9973404255319149
0.26528203917866416,0.997338065661047
0.2650460231295728,0.9973357015985791
0.26481000708048147,0.9973333333333333
0.2645739910313901,0.9973309608540926
0.2645739910313901,0.9982190560997328
0.2643379749822988,0.9982174688057041
0.2641019589332075,0.9982158786797503
0.26386594288411613,0.9982142857142857
0.2636299268350248,0.998212689901698
0.26339391078593344,0.998211091234347
0.2631578947368421,0.9982094897045658
0.26292187868775074,0.9982078853046595
0.26268586263865945,0.9982062780269059
0.2624498465895681,0.9982046678635548
0.26221383054047676,0.9982030548068284
0.26221383054047676,0.9991007194244604
0.2619778144913854,0.9990999099909991
0.26174179844229406,0.9990990990990991
0.2612697663441114,0.9990974729241877
0.2610337502950201,0.999096657633243
0.2607977342459287,0.9990958408679927
0.2605617181968374,0.9990950226244344
0.26032570214774603,0.9990942028985508
0.2598536700495634,0.9990925589836661
0.25961765400047204,0.9990917347865577
0.2593816379513807,0.9990909090909091
0.25914562190228935,0.9990900818926297
0.25867358980410665,0.9990884229717412
0.25843757375501536,0.9990875912408759
0.258201557705924,0.9990867579908675
0.25796554165683266,0.9990859232175503
0.2577295256077413,0.9990850869167429
0.25749350955864997,0.9990842490842491
0.2572574935095587,0.999083409715857
0.25702147746046733,0.9990825688073395
0.256785461411376,0.9990817263544536
0.25654944536228463,0.9990808823529411
0.2563134293131933,0.9990800367985281
0.25584139721501065,0.9990783410138249
0.2556053811659193,0.9990774907749077
0.25536936511682795,0.9990766389658357
0.2551333490677366,0.9990757855822551
0.25489733301864526,0.9990749306197965
0.2546613169695539,0.9990740740740741
0.2544253009204626,0.9990732159406858
0.25418928487137127,0.9990723562152134
0.2539532688222799,0.9990714948932219
0.2537172527731886,0.9990706319702602
0.2534812367240972,0.9990697674418605
0.2532452206750059,0.9990689013035382
0.2530092046259146,0.9990680335507922
0.25277318857682324,0.9990671641791045
0.2525371725277319,0.9990662931839402
0.25230115647864054,0.9990654205607477
0.2520651404295492,0.9990645463049579
0.25182912438045785,0.9990636704119851
0.25159310833136656,0.9990627928772259
0.2513570922822752,0.99906191369606
0.25112107623318386,0.9990610328638497
0.2508850601840925,0.9990601503759399
0.25064904413500116,0.9990592662276576
0.2501770120368185,0.9990574929311969
0.24994099598772718,0.9990566037735849
0.24970497993863583,0.9990557129367328
0.24899693179136181,0.9990530303030303
0.24876091574227047,0.9990521327014218
0.24852489969317915,0.9990512333965844
0.2482888836440878,0.9990503323836657
0.24805286759499645,0.9990494296577946
0.24781685154590513,0.9990485252140818
0.24758083549681378,0.9990476190476191
0.24734481944772244,0.9990467111534795
0.24710880339863112,0.9990458015267175
0.24687278734953977,0.9990448901623686
0.24663677130044842,0.9990439770554493
0.2464007552513571,0.999043062200957
0.24616473920226575,0.9990421455938697
0.2459287231531744,0.9990412272291467
0.24569270710408309,0.9990403071017274
0.24545669105499174,0.9990393852065321
0.2452206750059004,0.9990384615384615
0.24498465895680907,0.9990375360923965
0.24474864290771772,0.9990366088631984
0.24451262685862638,0.9990356798457087
0.24427661080953506,0.999034749034749
0.24380457871135236,0.9990328820116054
0.24356856266226104,0.9990319457889641
0.24309653056407834,0.9990300678952473
0.24286051451498702,0.9990291262135922
0.24262449846589568,0.9990281827016521
0.24238848241680433,0.9990272373540856
0.242152466367713,0.9990262901655307
0.24191645031862166,0.9990253411306043
0.24168043426953031,0.9990243902439024
0.24120840217134765,0.9990224828934506
0.24097238612225633,0.9990215264187867
0.24073637007316498,0.9990205680705191
0.24050035402407363,0.9990196078431373
0.2402643379749823,0.9990186457311089
0.24002832192589096,0.9990176817288802
0.2395562898277083,0.9990157480314961
0.23932027377861695,0.9990147783251232
0.2390842577295256,0.9990138067061144
0.23884824168043428,0.9990128331688055
0.23861222563134293,0.9990118577075099
0.23814019353316027,0.999009900990099
0.23766816143497757,0.9990079365079365
0.23743214538588625,0.9990069513406157
0.2371961293367949,0.9990059642147118
0.23696011328770356,0.9990049751243781
0.23696011328770356,1.0
0.23672409723861224,1.0
0.23625206514042954,1.0
0.23601604909133822,1.0
0.23578003304224687,1.0
0.23554401699315552,1.0
0.23507198489497286,1.0
0.2348359688458815,1.0
0.2345999527967902,1.0
0.23436393674769884,1.0
0.2341279206986075,1.0
0.23389190464951617,1.0
0.23365588860042483,1.0
0.23341987255133348,1.0
0.2329478404531508,1.0
0.23271182440405946,1.0
0.23247580835496814,1.0
0.2322397923058768,1.0
0.23200377625678545,1.0
0.23176776020769413,1.0
0.23129572810951143,1.0
0.2310597120604201,1.0
0.23082369601132877,1.0
0.23058767996223742,1.0
0.2303516639131461,1.0
0.23011564786405475,1.0
0.22987963181496343,1.0
0.22964361576587208,1.0
0.22940759971678074,1.0
0.22917158366768942,1.0
0.22893556761859807,1.0
0.22869955156950672,1.0
0.2284635355204154,1.0
0.22822751947132405,1.0
0.2279915034222327,1.0
0.22775548737314139,1.0
0.22751947132405004,1.0
0.2272834552749587,1.0
0.22704743922586737,1.0
0.22681142317677602,1.0
0.22657540712768467,1.0
0.22633939107859335,1.0
0.22586735898041066,1.0
0.22563134293131934,1.0
0.225395326882228,1.0
0.22515931083313664,1.0
0.22492329478404532,1.0
0.22468727873495398,1.0
0.22445126268586263,1.0
0.2242152466367713,1.0
0.22397923058767996,1.0
0.22374321453858861,1.0
0.2235071984894973,1.0
0.22327118244040595,1.0
0.22279915034222328,1.0
0.22256313429313193,1.0
0.22232711824404058,1.0
0.22209110219494926,1.0
0.22185508614585792,1.0
0.22161907009676657,1.0
0.22138305404767525,1.0
0.2211470379985839,1.0
0.22091102194949255,1.0
0.22067500590040123,1.0
0.22043898985130989,1.0
0.21973094170403587,1.0
0.21949492565494452,1.0
0.2192589096058532,1.0
0.21902289355676186,1.0
0.21878687750767054,1.0
0.21831484540948784,1.0
0.21807882936039652,1.0
0.21784281331130517,1.0
0.2173707812131225,1.0
0.21713476516403116,1.0
0.2168987491149398,1.0
0.2166627330658485,1.0
0.21642671701675714,1.0
0.2161907009676658,1.0
0.21595468491857447,1.0
0.21571866886948313,1.0
0.21548265282039178,1.0
0.2150106207222091,1.0
0.21477460467311776,1.0
0.21453858862402644,1.0
0.2143025725749351,1.0
0.21406655652584375,1.0
0.21383054047675243,1.0
0.21335850837856973,1.0
0.2131224923294784,1.0
0.21288647628038707,1.0
0.21265046023129572,1.0
0.2124144441822044,1.0
0.21217842813311305,1.0
0.2119424120840217,1.0
0.21170639603493038,1.0
0.2112343639367477,1.0
0.21099834788765637,1.0
0.21076233183856502,1.0
0.21052631578947367,1.0
0.21029029974038235,1.0
0.210054283691291,1.0
0.20981826764219966,1.0
0.20958225159310834,1.0
0.209346235544017,1.0
0.20911021949492564,1.0
0.20887420344583432,1.0
0.20863818739674297,1.0
0.20840217134765163,1.0
0.2081661552985603,1.0
0.20793013924946896,1.0
0.20722209110219494,1.0
0.20698607505310362,1.0
0.20675005900401228,1.0
0.20651404295492093,1.0
0.2062780269058296,1.0
0.20604201085673826,1.0
0.2058059948076469,1.0
0.2055699787585556,1.0
0.20533396270946425,1.0
0.2050979466603729,1.0
0.20486193061128158,1.0
0.20462591456219023,1.0
0.20438989851309888,1.0
0.20415388246400756,1.0
0.20391786641491622,1.0
0.20368185036582487,1.0
0.20344583431673355,1.0
0.2032098182676422,1.0
0.20297380221855085,1.0
0.20273778616945953,1.0
0.20250177012036819,1.0
0.20226575407127684,1.0
0.20202973802218552,1.0
0.20179372197309417,1.0
0.20155770592400282,1.0
0.2013216898749115,1.0
0.20108567382582015,1.0
0.2008496577767288,1.0
0.2006136417276375,1.0
0.20037762567854614,1.0
0.2001416096294548,1.0
0.19990559358036347,1.0
0.19966957753127212,1.0
0.19943356148218078,1.0
0.19919754543308946,1.0
0.1989615293839981,1.0
0.19872551333490676,1.0
0.19848949728581544,1.0
0.1982534812367241,1.0
0.19778144913854143,1.0
0.19754543308945008,1.0
0.19730941704035873,1.0
0.1970734009912674,1.0
0.19683738494217606,1.0
0.19660136889308474,1.0
0.19612933679490205,1.0
0.19589332074581073,1.0
0.19565730469671938,1.0
0.19542128864762803,1.0
0.1951852725985367,1.0
0.19494925654944537,1.0
0.19471324050035402,1.0
0.1944772244512627,1.0
0.19424120840217135,1.0
0.19400519235308,1.0
0.19376917630398868,1.0
0.19353316025489734,1.0
0.193297144205806,1.0
0.19306112815671467,1.0
0.19282511210762332,1.0
0.19258909605853197,1.0
0.19235308000944065,1.0
0.1921170639603493,1.0
0.19188104791125796,1.0
0.19164503186216664,1.0
0.1914090158130753,1.0
0.19117299976398394,1.0
0.19093698371489262,1.0
0.19046495161670993,1.0
0.1902289355676186,1.0
0.18999291951852726,1.0
0.1897569034694359,1.0
0.18928487137125324,1.0
0.1890488553221619,1.0
0.18881283927307058,1.0
0.18857682322397923,1.0
0.18834080717488788,1.0
0.18810479112579656,1.0
0.1878687750767052,1.0
0.18763275902761387,1.0
0.18739674297852255,1.0
0.1871607269294312,1.0
0.18692471088033985,1.0
0.18668869483124853,1.0
0.18645267878215718,1.0
0.18621666273306584,1.0
0.18598064668397452,1.0
0.18574463063488317,1.0
0.18550861458579182,1.0
0.1852725985367005,1.0
0.18503658248760915,1.0
0.18480056643851783,1.0
0.18456455038942648,1.0
0.18432853434033514,1.0
0.18409251829124382,1.0
0.18385650224215247,1.0
0.18362048619306112,1.0
0.1833844701439698,1.0
0.18314845409487845,1.0
0.1829124380457871,1.0
0.1826764219966958,1.0
0.18244040594760444,1.0
0.18196837384942177,1.0
0.18173235780033042,1.0
0.18149634175123908,1.0
0.18126032570214776,1.0
0.1810243096530564,1.0
0.18078829360396506,1.0
0.18055227755487374,1.0
0.1803162615057824,1.0
0.18008024545669105,1.0
0.17984422940759973,1.0
0.17960821335850838,1.0
0.17937219730941703,1.0
0.1791361812603257,1.0
0.17890016521123436,1.0
0.17866414916214302,1.0
0.1784281331130517,1.0
0.17819211706396035,1.0
0.177956101014869,1.0
0.17772008496577768,1.0
0.17748406891668633,1.0
0.17724805286759499,1.0
0.17701203681850367,1.0
0.17677602076941232,1.0
0.17654000472032097,1.0
0.17630398867122965,1.0
0.1760679726221383,1.0
0.17583195657304695,1.0
0.17559594052395563,1.0
0.1753599244748643,1.0
0.17512390842577294,1.0
0.17465187632759027,1.0
0.17441586027849892,1.0
0.1741798442294076,1.0
0.17394382818031626,1.0
0.17370781213122494,1.0
0.1734717960821336,1.0
0.17323578003304224,1.0
0.17299976398395092,1.0
0.17276374793485957,1.0
0.17252773188576823,1.0
0.17205569978758556,1.0
0.1718196837384942,1.0
0.1711116355912202,1.0
0.17087561954212888,1.0
0.17040358744394618,1.0
0.1699315553457635,1.0
0.16945952324758085,1.0
0.1692235071984895,1.0
0.16898749114939815,1.0
0.16875147510030683,1.0
0.16851545905121548,1.0
0.16827944300212413,1.0
0.16804342695303282,1.0
0.16780741090394147,1.0
0.1673353788057588,1.0
0.16709936275666745,1.0
0.1668633467075761,1.0
0.16662733065848478,1.0
0.16639131460939344,1.0
0.1661552985603021,1.0
0.16591928251121077,1.0
0.16544725041302807,1.0
0.16521123436393675,1.0
0.1649752183148454,1.0
0.16473920226575406,1.0
0.16450318621666274,1.0
0.1642671701675714,1.0
0.16379513806938872,1.0
0.16355912202029738,1.0
0.16332310597120603,1.0
0.1630870899221147,1.0
0.16285107387302336,1.0
0.16261505782393204,1.0
0.1623790417748407,1.0
0.16214302572574935,1.0
0.16190700967665803,1.0
0.16167099362756668,1.0
0.16143497757847533,1.0
0.161198961529384,1.0
0.16096294548029266,1.0
0.16072692943120132,1.0
0.16049091338211,1.0
0.1600188812839273,1.0
0.15978286523483598,1.0
0.15931083313665328,1.0
0.15907481708756196,1.0
0.15883880103847062,1.0
0.15860278498937927,1.0
0.15836676894028795,1.0
0.1581307528911966,1.0
0.15789473684210525,1.0
0.15765872079301393,1.0
0.1574227047439226,1.0
0.15718668869483124,1.0
0.15695067264573992,1.0
0.15671465659664857,1.0
0.15647864054755722,1.0
0.1562426244984659,1.0
0.15600660844937456,1.0
0.1557705924002832,1.0
0.1555345763511919,1.0
0.15529856030210054,1.0
0.1550625442530092,1.0
0.15482652820391787,1.0
0.15459051215482653,1.0
0.15435449610573518,1.0
0.15411848005664386,1.0
0.1538824640075525,1.0
0.15364644795846116,1.0
0.15341043190936984,1.0
0.1531744158602785,1.0
0.15293839981118715,1.0
0.15246636771300448,1.0
0.15223035166391313,1.0
0.1519943356148218,1.0
0.15175831956573047,1.0
0.15152230351663915,1.0
0.1512862874675478,1.0
0.15105027141845645,1.0
0.15081425536936513,1.0
0.15057823932027378,1.0
0.15010620722209111,1.0
0.14963417512390842,1.0
0.14916214302572575,1.0
0.1489261269766344,1.0
0.14869011092754308,1.0
0.14845409487845174,1.0
0.1482180788293604,1.0
0.14798206278026907,1.0
0.14774604673117772,1.0
0.14751003068208637,1.0
0.1470379985839037,1.0
0.14680198253481236,1.0
0.1463299504366297,1.0
0.14609393438753834,1.0
0.14538588624026433,1.0
0.145149870191173,1.0
0.14491385414208166,1.0
0.1446778380929903,1.0
0.144441822043899,1.0
0.14420580599480765,1.0
0.1439697899457163,1.0
0.14373377389662498,1.0
0.14349775784753363,1.0
0.14302572574935096,1.0
0.14278970970025961,1.0
0.14255369365116827,1.0
0.14231767760207695,1.0
0.1420816615529856,1.0
0.14184564550389425,1.0
0.14160962945480293,1.0
0.14113759735662024,1.0
0.14090158130752892,1.0
0.14042954920934625,1.0
0.1401935331602549,1.0
0.13995751711116355,1.0
0.13924946896388954,1.0
0.13901345291479822,1.0
0.13877743686570687,1.0
0.13854142081661552,1.0
0.1383054047675242,1.0
0.13806938871843286,1.0
0.1378333726693415,1.0
0.1375973566202502,1.0
0.1371253245220675,1.0
0.13688930847297617,1.0
0.13665329242388483,1.0
0.13641727637479348,1.0
0.13618126032570216,1.0
0.1359452442766108,1.0
0.13570922822751946,1.0
0.13547321217842814,1.0
0.1352371961293368,1.0
0.13500118008024545,1.0
0.13476516403115413,1.0
0.13429313193297143,1.0
0.13382109983478876,1.0
0.13358508378569742,1.0
0.1333490677366061,1.0
0.13311305168751475,1.0
0.1328770356384234,1.0
0.13264101958933208,1.0
0.13240500354024073,1.0
0.1321689874911494,1.0
0.13193297144205807,1.0
0.13169695539296672,1.0
0.13146093934387537,1.0
0.1309889072456927,1.0
0.13075289119660136,1.0
0.13051687514751004,1.0
0.1302808590984187,1.0
0.13004484304932734,1.0
0.12980882700023602,1.0
0.12957281095114467,1.0
0.12933679490205333,1.0
0.129100778852962,1.0
0.12886476280387066,1.0
0.12862874675477934,1.0
0.128392730705688,1.0
0.12815671465659664,1.0
0.12792069860750532,1.0
0.12768468255841398,1.0
0.12744866650932263,1.0
0.1272126504602313,1.0
0.1267406183620486,1.0
0.1265046023129573,1.0
0.12626858626386595,1.0
0.1260325702147746,1.0
0.12579655416568328,1.0
0.12556053811659193,1.0
0.12532452206750058,1.0
0.12508850601840926,1.0
0.12485248996931791,1.0
0.12461647392022658,1.0
0.12438045787113523,1.0
0.1241444418220439,1.0
0.12390842577295257,1.0
0.12367240972386122,1.0
0.12320037762567855,1.0
0.1229643615765872,1.0
0.12272834552749587,1.0
0.12225631342931319,1.0
0.12202029738022185,1.0
0.12178428133113052,1.0
0.12154826528203917,1.0
0.12131224923294784,1.0
0.1210762331838565,1.0
0.12084021713476516,1.0
0.12060420108567382,1.0
0.12036818503658249,1.0
0.12013216898749116,1.0
0.11989615293839981,1.0
0.11966013688930847,1.0
0.11942412084021714,1.0
0.11918810479112579,1.0
0.11895208874203446,1.0
0.11871607269294313,1.0
0.11848005664385178,1.0
0.11824404059476044,1.0
0.11800802454566911,1.0
0.11777200849657776,1.0
0.11753599244748643,1.0
0.1172999763983951,1.0
0.11706396034930375,1.0
0.11682794430021241,1.0
0.11659192825112108,1.0
0.11635591220202973,1.0
0.1161198961529384,1.0
0.11588388010384706,1.0
0.11564786405475572,1.0
0.11541184800566438,1.0
0.11517583195657305,1.0
0.11493981590748172,1.0
0.11470379985839037,1.0
0.11399575171111635,1.0
0.11375973566202502,1.0
0.11352371961293369,1.0
0.113051687514751,1.0
0.11281567146565967,1.0
0.11257965541656832,1.0
0.11210762331838565,1.0
0.11163559122020297,1.0
0.11139957517111164,1.0
0.11116355912202029,1.0
0.11092754307292896,1.0
0.11069152702383762,1.0
0.11045551097474628,1.0
0.11021949492565494,1.0
0.10998347887656361,1.0
0.10974746282747226,1.0
0.10951144677838093,1.0
0.1092754307292896,1.0
0.10903941468019826,1.0
0.10880339863110691,1.0
0.10856738258201558,1.0
0.10833136653292424,1.0
0.1080953504838329,1.0
0.10785933443474156,1.0
0.10762331838565023,1.0
0.10738730233655888,1.0
0.10667925418928487,1.0
0.10644323814019353,1.0
0.1062072220911022,1.0
0.10597120604201085,1.0
0.10573518999291952,1.0
0.10549917394382818,1.0
0.10526315789473684,1.0
0.1050271418456455,1.0
0.10479112579655417,1.0
0.10455510974746282,1.0
0.10431909369837149,1.0
0.10408307764928015,1.0
0.10384706160018882,1.0
0.10361104555109747,1.0
0.10337502950200614,1.0
0.10290299740382346,1.0
0.10266698135473212,1.0
0.10243096530564079,1.0
0.10219494925654944,1.0
0.10195893320745811,1.0
0.10172291715836677,1.0
0.10148690110927543,1.0
0.10125088506018409,1.0
0.10101486901109276,1.0
0.10077885296200141,1.0
0.10054283691291008,1.0
0.10030682086381874,1.0
0.1000708048147274,1.0
0.09959877271654473,1.0
0.09936275666745338,1.0
0.09912674061836205,1.0
0.09889072456927071,1.0
0.09865470852017937,1.0
0.09841869247108803,1.0
0.0981826764219967,1.0
0.09794666037290536,1.0
0.09771064432381402,1.0
0.09747462827472268,1.0
0.09700259617654,1.0
0.09676658012744867,1.0
0.09653056407835733,1.0
0.09629454802926599,1.0
0.09558649988199197,1.0
0.09535048383290064,1.0
0.0951144677838093,1.0
0.09487845173471796,1.0
0.09440641963653529,1.0
0.09417040358744394,1.0
0.0939343875383526,1.0
0.09369837148926127,1.0
0.09346235544016993,1.0
0.09322633939107859,1.0
0.09275430729289591,1.0
0.09251829124380458,1.0
0.09228227519471324,1.0
0.09204625914562191,1.0
0.09157422704743923,1.0
0.09086617890016521,1.0
0.09039414680198253,1.0
0.0901581307528912,1.0
0.08992211470379986,1.0
0.08968609865470852,1.0
0.08945008260561718,1.0
0.08921406655652585,1.0
0.0889780505074345,1.0
0.08874203445834317,1.0
0.08850601840925183,1.0
0.08827000236016048,1.0
0.08803398631106915,1.0
0.08779797026197782,1.0
0.08732593816379514,1.0
0.0870899221147038,1.0
0.08685390606561247,1.0
0.08661789001652112,1.0
0.08638187396742979,1.0
0.08614585791833845,1.0
0.0859098418692471,1.0
0.08567382582015577,1.0
0.08520179372197309,1.0
0.08496577767288176,1.0
0.08472976162379042,1.0
0.08425772952560774,1.0
0.08402171347651641,1.0
0.08354968137833373,1.0
0.08331366532924239,1.0
0.08307764928015104,1.0
0.08260561718196838,1.0
0.08189756903469436,1.0
0.08166155298560301,1.0
0.08142553693651168,1.0
0.08118952088742035,1.0
0.08095350483832901,1.0
0.08048147274014633,1.0
0.080245456691055,1.0
0.08000944064196365,1.0
0.07977342459287232,1.0
0.07953740854378098,1.0
0.07930139249468963,1.0
0.07859334434741562,1.0
0.07835732829832429,1.0
0.07812131224923295,1.0
0.0778852962001416,1.0
0.07764928015105027,1.0
0.07741326410195894,1.0
0.07717724805286759,1.0
0.07694123200377626,1.0
0.07646919990559357,1.0
0.0759971678074109,1.0
0.07576115175831957,1.0
0.07552513570922822,1.0
0.07528911966013689,1.0
0.07505310361104556,1.0
0.07481708756195421,1.0
0.07458107151286288,1.0
0.07434505546377154,1.0
0.0741090394146802,1.0
0.07387302336558886,1.0
0.07363700731649753,1.0
0.07340099126740618,1.0
0.07316497521831485,1.0
0.07292895916922351,1.0
0.07269294312013216,1.0
0.07245692707104083,1.0
0.0722209110219495,1.0
0.07198489497285815,1.0
0.07174887892376682,1.0
0.07151286287467548,1.0
0.07127684682558413,1.0
0.0710408307764928,1.0
0.07080481472740147,1.0
0.07056879867831012,1.0
0.07033278262921878,1.0
0.07009676658012745,1.0
0.06986075053103612,1.0
0.06962473448194477,1.0
0.06938871843285344,1.0
0.06891668633467075,1.0
0.06844465423648809,1.0
0.06820863818739674,1.0
0.0679726221383054,1.0
0.06773660608921407,1.0
0.06702855794194006,1.0
0.06679254189284871,1.0
0.06655652584375737,1.0
0.06632050979466604,1.0
0.0660844937455747,1.0
0.06584847769648336,1.0
0.06561246164739203,1.0
0.06537644559830068,1.0
0.06514042954920934,1.0
0.06490441350011801,1.0
0.06466839745102666,1.0
0.06443238140193533,1.0
0.064196365352844,1.0
0.06396034930375266,1.0
0.06348831720556998,1.0
0.0630162851073873,1.0
0.06278026905829596,1.0
0.06230823696011329,1.0
0.06207222091102195,1.0
0.061600188812839275,1.0
0.061364172763747935,1.0
0.061128156714656594,1.0
0.06089214066556526,1.0
0.060184092518291245,1.0
0.05971206042010857,1.0
0.05947604437101723,1.0
0.05924002832192589,1.0
0.059004012272834555,1.0
0.058767996223743214,1.0
0.05829596412556054,1.0
0.05782393202737786,1.0
0.057587915978286525,1.0
0.05711588388010385,1.0
0.05687986783101251,1.0
0.05664385178192117,1.0
0.055935803634647153,1.0
0.05569978758555582,1.0
0.05546377153646448,1.0
0.05522775548737314,1.0
0.054991739438281804,1.0
0.054755723389190464,1.0
0.05451970734009913,1.0
0.05428369129100779,1.0
0.05404767524191645,1.0
0.053811659192825115,1.0
0.053575643143733774,1.0
0.05333962709464243,1.0
0.0531036110455511,1.0
0.05286759499645976,1.0
0.05263157894736842,1.0
0.052159546849185744,1.0
0.05192353080009441,1.0
0.05168751475100307,1.0
0.05145149870191173,1.0
0.051215482652820395,1.0
0.05074345055463771,1.0
0.05050743450554638,1.0
0.049799386358272364,1.0
0.049563370309181023,1.0
0.04932735426008968,1.0
0.04909133821099835,1.0
0.04885532216190701,1.0
0.048619306112815674,1.0
0.048383290063724334,1.0
0.04814727401463299,1.0
0.04791125796554166,1.0
0.0469671937691763,1.0
0.04673117772008496,1.0
0.04649516167099363,1.0
0.04625914562190229,1.0
0.046023129572810954,1.0
0.045787113523719614,1.0
0.04555109747462827,1.0
0.04531508142553694,1.0
0.0450790653764456,1.0
0.04484304932735426,1.0
0.044607033278262924,1.0
0.04413500118008024,1.0
0.043426953032806234,1.0
0.04295492093462355,1.0
0.04271890488553222,1.0
0.04248288883644088,1.0
0.04224687278734954,1.0
0.042010856738258204,1.0
0.04177484068916686,1.0
0.04153882464007552,1.0
0.04130280859098419,1.0
0.04106679254189285,1.0
0.04083077649280151,1.0
0.04059476044371017,1.0
0.04035874439461883,1.0
0.0401227283455275,1.0
0.03988671229643616,1.0
0.03917866414916214,1.0
0.0389426481000708,1.0
0.03847061600188813,1.0
0.03823459995279679,1.0
0.03799858390370545,1.0
0.03776256785461411,1.0
0.03752655180552278,1.0
0.03729053575643144,1.0
0.03658248760915742,1.0
0.03634647156006608,1.0
0.03563842341279207,1.0
0.03540240736370073,1.0
0.03516639131460939,1.0
0.03469435921642672,1.0
0.03445834316733538,1.0
0.03422232711824404,1.0
0.0339863110691527,1.0
0.03375029502006136,1.0
0.03351427897097003,1.0
0.03327826292187869,1.0
0.03304224687278735,1.0
0.03280623082369601,1.0
0.03257021477460467,1.0
0.032098182676422,1.0
0.03186216662733066,1.0
0.03162615057823932,1.0
0.03139013452914798,1.0
0.031154118480056645,1.0
0.030918102430965305,1.0
0.030682086381873967,1.0
0.03021005428369129,1.0
0.029974038234599952,1.0
0.029738022185508615,1.0
0.029502006136417278,1.0
0.029265990087325937,1.0
0.028793957989143262,1.0
0.028557941940051925,1.0
0.028321925890960584,1.0
0.028085909841869247,1.0
0.02784989379277791,1.0
0.02761387774368657,1.0
0.027377861694595232,1.0
0.027141845645503895,1.0
0.026905829596412557,1.0
0.026669813547321217,1.0
0.026197781449138542,1.0
0.025961765400047205,1.0
0.025489733301864527,1.0
0.02525371725277319,1.0
0.02501770120368185,1.0
0.024781685154590512,1.0
0.024309653056407837,1.0
0.024073637007316497,1.0
0.02383762095822516,1.0
0.023601604909133822,1.0
0.02336558886004248,1.0
0.022893556761859807,1.0
0.02265754071276847,1.0
0.02242152466367713,1.0
0.021949492565494454,1.0
0.021477460467311776,1.0
0.02124144441822044,1.0
0.021005428369129102,1.0
0.020297380221855087,1.0
0.02006136417276375,1.0
0.01982534812367241,1.0
0.01958933207458107,1.0
0.019117299976398393,1.0
0.018881283927307056,1.0
0.018409251829124382,1.0
0.01817323578003304,1.0
0.017701203681850367,1.0
0.01746518763275903,1.0
0.01699315553457635,1.0
0.016757139485485014,1.0
0.016521123436393673,1.0
0.01581307528911966,1.0
0.015577059240028323,1.0
0.015341043190936984,1.0
0.015105027141845645,1.0
0.014869011092754307,1.0
0.014396978994571631,1.0
0.014160962945480292,1.0
0.013924946896388955,1.0
0.013452914798206279,1.0
0.012980882700023602,1.0
0.012744866650932263,1.0
0.012508850601840924,1.0
0.012272834552749587,1.0
0.011328770356384235,1.0
0.011092754307292896,1.0
0.01062072220911022,1.0
0.01038470616001888,1.0
0.010148690110927543,1.0
0.009912674061836204,1.0
0.009676658012744867,1.0
0.009440641963653528,1.0
0.008968609865470852,1.0
0.008732593816379515,1.0
0.008496577767288176,1.0
0.008260561718196837,1.0
0.0080245456691055,1.0
0.007788529620014161,1.0
0.007552513570922822,1.0
0.007080481472740146,1.0
0.006844465423648808,1.0
0.00660844937455747,1.0
0.006372433325466132,1.0
0.006136417276374794,1.0
0.005428369129100779,1.0
0.00519235308000944,1.0
0.004956337030918102,1.0
0.004720320981826764,1.0
0.004484304932735426,1.0
0.004248288883644088,1.0
0.00401227283455275,1.0
0.003776256785461411,1.0
0.003540240736370073,1.0
0.003304224687278735,1.0
0.003068208638187397,1.0
0.0028321925890960587,1.0
0.00259617654000472,1.0
0.0018881283927307056,1.0
0.0016521123436393675,1.0
0.0014160962945480293,1.0
0.001180080245456691,1.0
0.0009440641963653528,1.0
0.0007080481472740147,1.0
0.0004720320981826764,1.0
0.0,1.0
