recall,precision
1.0,0.7315639810426541
1.0,0.7317026924535457
1.0,0.7322580645161291
1.0,0.7328142802886441
1.0,0.7335107394031553
1.0,0.7336501901140684
1.0,0.733789693858148
1.0,0.7339292506656523
1.0,0.7342085235920852
1.0,0.7344880091358965
1.0,0.7346278317152104
1.0,0.7347677075399848
1.0,0.735327743902439
1.0,0.73630986452967
1.0,0.7367315769377625
1.0,0.7368722551078862
1.0,0.737012987012987
1.0,0.7372946121513183
1.0,0.7374355054462067
1.0,0.7375764525993884
1.0,0.7377174536417511
1.0,0.7378585086042065
1.0,0.7379996175176898
0.9997408655091993,0.7379495026778883
0.9997408655091993,0.7380906829921561
0.9997408655091993,0.7382319173363949
0.9997408655091993,0.7383732057416268
0.9997408655091993,0.7385145482388974
0.9997408655091993,0.7386559448592763
0.9997408655091993,0.7387973956338567
0.9997408655091993,0.738938900593756
0.9997408655091993,0.7392220731940985
0.9997408655091993,0.7395054629097182
0.9997408655091993,0.7396472392638037
0.9997408655091993,0.7397890699904123
0.9994817310183985,0.7397391637897966
0.9994817310183985,0.7398810665643584
0.9994817310183985,0.740023023791251
0.9994817310183985,0.7401650355018231
0.9994817310183985,0.7403071017274472
0.9994817310183985,0.7408759124087592
0.9994817310183985,0.7410182516810759
0.9994817310183985,0.7411606456571868
0.9994817310183985,0.7413030943686335
0.9994817310183985,0.7414455978469819
0.9994817310183985,0.7415881561238223
0.9994817310183985,0.7417307692307692
0.9994817310183985,0.7418734371994614
0.9994817310183985,0.7420161600615621
0.9994817310183985,0.7421589378487589
0.9994817310183985,0.7423017705927637
0.9994817310183985,0.7424446583253128
0.9994817310183985,0.7425876010781671
0.9994817310183985,0.7427305988831119
0.9994817310183985,0.7428736517719569
0.9994817310183985,0.7433031412603585
0.9994817310183985,0.7435897435897436
0.9994817310183985,0.7437331276513691
0.9994817310183985,0.7438765670202507
0.9994817310183985,0.7440200617283951
0.9994817310183985,0.7441636118078333
0.9994817310183985,0.7443072172906214
0.9994817310183985,0.74445087820884
0.9994817310183985,0.7445945945945946
0.9994817310183985,0.7447383664800155
0.9994817310183985,0.7448821938972576
0.9994817310183985,0.7450260768785011
0.9994817310183985,0.7456021650879567
0.9994817310183985,0.7460348162475822
0.9994817310183985,0.7464679698083995
0.9994817310183985,0.7466124661246613
0.9994817310183985,0.7469016266460109
0.9994817310183985,0.7470462909161341
0.9994817310183985,0.7473357876380546
0.9994817310183985,0.7474806201550388
0.9994817310183985,0.7477704536642109
0.9994817310183985,0.7479154547217375
0.9994817310183985,0.7484960217349117
0.9994817310183985,0.748641304347826
0.9994817310183985,0.7489320388349514
0.9994817310183985,0.7490774907749077
0.9994817310183985,0.7492229992229992
0.9994817310183985,0.7493685642121625
0.9994817310183985,0.7495141857753596
0.9994817310183985,0.7496598639455783
0.9994817310183985,0.7498055987558321
0.9994817310183985,0.74995139023916
0.9994817310183985,0.750097238428627
0.9994817310183985,0.7502431433573234
0.9994817310183985,0.7505351235648959
0.9994817310183985,0.7509735202492211
0.9994817310183985,0.7511197663096397
0.9994817310183985,0.751266069341644
0.9994817310183985,0.751412429378531
0.9994817310183985,0.7517053206002728
0.9994817310183985,0.7518518518518519
0.9994817310183985,0.7521450858034321
0.9994817310183985,0.752291788570314
0.9994817310183985,0.7524385485758877
0.9994817310183985,0.7525853658536585
0.9994817310183985,0.7527322404371585
0.9994817310183985,0.7528791723599454
0.9994817310183985,0.7530261616556033
0.9994817310183985,0.7531732083577426
0.9994817310183985,0.7533203125
0.9994817310183985,0.7534674741160383
0.9994817310183985,0.7536146932395467
0.9994817310183985,0.7540566959921798
0.9994817310183985,0.7542041454829879
0.9994817310183985,0.7543516526501076
0.9994817310183985,0.7544992175273866
0.9994817310183985,0.7546468401486989
0.9994817310183985,0.7547945205479452
0.9994817310183985,0.7549422587590526
0.9994817310183985,0.7550900548159749
0.9994817310183985,0.7552379087526924
0.9994817310183985,0.7555337904015671
0.9994817310183985,0.7558299039780522
0.9994817310183985,0.7559780478243826
0.9994817310183985,0.7562745098039215
0.9994817310183985,0.7564228280054913
0.9994817310183985,0.7565712043938799
0.9994817310183985,0.7567196390033353
0.9994817310183985,0.7568681318681318
0.9994817310183985,0.7570166830225712
0.9994817310183985,0.7573139603377185
0.9994817310183985,0.7574626865671642
0.9994817310183985,0.7576114712237282
0.9994817310183985,0.7577603143418468
0.9994817310183985,0.7579092159559835
0.9994817310183985,0.758058176100629
0.9994817310183985,0.7582071948103007
0.9994817310183985,0.7583562721195438
0.9994817310183985,0.7585054080629302
0.9994817310183985,0.7588038559905568
0.9994817310183985,0.7592519685039371
0.9994817310183985,0.7594014569797204
0.9994817310183985,0.7595510043324143
0.9994817310183985,0.7597006105968092
0.9994817310183985,0.7598502758077226
0.9994817310183985,0.76
0.9994817310183985,0.760149783208514
0.9994817310183985,0.7602996254681648
0.9994817310183985,0.7604495268138801
0.9994817310183985,0.7607495069033531
0.9994817310183985,0.7608995857171039
0.9992225965275978,0.760852407261247
0.9989634620367971,0.7608052101835405
0.9989634620367971,0.7609553888669561
0.9989634620367971,0.7611056268509379
0.9989634620367971,0.7612559241706162
0.9989634620367971,0.7614062808611495
0.9989634620367971,0.7615566969577242
0.9989634620367971,0.7617071724955542
0.9987043275459964,0.7616600790513834
0.9987043275459964,0.7618106345127496
0.9987043275459964,0.7619612495057335
0.9987043275459964,0.7621119240656515
0.9987043275459964,0.7622626582278481
0.9987043275459964,0.7624134520276954
0.9987043275459964,0.7625643055005936
0.9987043275459964,0.7627152186819711
0.9984451930551956,0.762819243714116
0.9984451930551956,0.762970297029703
0.9984451930551956,0.7632725832012678
0.9984451930551956,0.763423816128393
0.9984451930551956,0.7635751089972255
0.9984451930551956,0.7637264618434093
0.9981860585643949,0.7636796193497224
0.9981860585643949,0.7638310529446758
0.9981860585643949,0.7639825466084887
0.9981860585643949,0.7641341003769093
0.9981860585643949,0.7642857142857142
0.9981860585643949,0.7645891226677253
0.9981860585643949,0.7647409172126266
0.9981860585643949,0.7648927720413026
0.9981860585643949,0.7651966626936829
0.9981860585643949,0.7653486985893105
0.9981860585643949,0.7655007949125596
0.9981860585643949,0.7656529516994633
0.9981860585643949,0.7658051689860835
0.9981860585643949,0.7659574468085106
0.9981860585643949,0.766109785202864
0.9981860585643949,0.7662621842052915
0.9981860585643949,0.7664146438519698
0.9981860585643949,0.7665671641791045
0.9981860585643949,0.76671974522293
0.9981860585643949,0.7668723870197094
0.9981860585643949,0.7671778530173272
0.9981860585643949,0.7674835624626419
0.9981860585643949,0.7676365085691511
0.9981860585643949,0.7677895156468009
0.9981860585643949,0.7680957128614158
0.9981860585643949,0.7684021543985637
0.9979269240735942,0.7683559457302475
0.9979269240735942,0.7685092795849132
0.9979269240735942,0.7686626746506986
0.9979269240735942,0.7688161309642644
0.9979269240735942,0.7689696485623003
0.9979269240735942,0.7691232274815258
0.9979269240735942,0.7692768677586895
0.9976677895827935,0.7692307692307693
0.9976677895827935,0.7693844924060751
0.9976677895827935,0.7695382770337797
0.9976677895827935,0.7696921231507396
0.9976677895827935,0.7698460307938413
0.9976677895827935,0.77
0.9976677895827935,0.7701540308061612
0.9976677895827935,0.7703081232492998
0.9976677895827935,0.7706164931945556
0.9974086550919927,0.7707248698438126
0.9974086550919927,0.7708792309232926
0.9974086550919927,0.7710336538461539
0.9974086550919927,0.7711881386495693
0.997149520601192,0.7711422845691382
0.997149520601192,0.7712968530767689
0.9968903861103913,0.7712510024057738
0.9966312516195905,0.7712051333467014
0.9966312516195905,0.7715145436308927
0.9963721171287898,0.7714686998394864
0.9963721171287898,0.7716235199678908
0.9963721171287898,0.7717784022480931
0.9963721171287898,0.7719333467175266
0.9963721171287898,0.7720883534136547
0.9963721171287898,0.7722434223739707
0.9963721171287898,0.7723985536359984
0.9963721171287898,0.7725537472372915
0.9963721171287898,0.7727090032154341
0.9963721171287898,0.7728643216080402
0.9963721171287898,0.7730197024527543
0.9963721171287898,0.7731751457872511
0.9961129826379891,0.7731295253419147
0.9961129826379891,0.7732850533091933
0.9961129826379891,0.7734406438631791
0.9961129826379891,0.7735962970416583
0.9961129826379891,0.7737520128824477
0.9961129826379891,0.7739077914233944
0.9961129826379891,0.774375503626108
0.9961129826379891,0.7746876259572752
0.9961129826379891,0.7748437814956662
0.9961129826379891,0.775
0.9961129826379891,0.7754690336897317
0.9961129826379891,0.7756255044390638
0.9961129826379891,0.775782038345106
0.9961129826379891,0.7760952957803352
0.9961129826379891,0.7762520193861067
0.9961129826379891,0.7764088063017572
0.9961129826379891,0.7765656565656566
0.9961129826379891,0.7767225702162053
0.9961129826379891,0.77719369187222
0.9961129826379891,0.7776653853934857
0.9961129826379891,0.7778227438284095
0.9961129826379891,0.777980165958308
0.9961129826379891,0.7781376518218623
0.9961129826379891,0.778295201457785
0.9961129826379891,0.7784528149048198
0.9961129826379891,0.7786104922017419
0.9961129826379891,0.7787682333873582
0.9961129826379891,0.7789260385005066
0.9958538481471884,0.7793551003853174
0.9958538481471884,0.7795131845841785
0.9958538481471884,0.7796713329275715
0.9958538481471884,0.7798295454545454
0.9958538481471884,0.7799878222041811
0.9958538481471884,0.7804630381803412
0.9958538481471884,0.7807801706623324
0.9958538481471884,0.7809388335704125
0.9958538481471884,0.7810975609756098
0.9958538481471884,0.7814152094347295
0.9955947136563876,0.781370754525117
0.9955947136563876,0.7815296989422295
0.9955947136563876,0.7816887080366226
0.9955947136563876,0.7818477818477818
0.9955947136563876,0.7820069204152249
0.9955947136563876,0.7821661237785016
0.9955947136563876,0.7823253919771941
0.9955947136563876,0.7824847250509165
0.9955947136563876,0.7828035859820701
0.9955947136563876,0.783122706889523
0.9955947136563876,0.783282364933741
0.9955947136563876,0.783442088091354
0.9953355791655869,0.7833979196410361
0.9950764446747862,0.7833537331701347
0.9948173101839854,0.7833095286676188
0.9948173101839854,0.783469387755102
0.9948173101839854,0.7837893017558187
0.9948173101839854,0.78394935674903
0.9948173101839854,0.7842696629213484
0.9948173101839854,0.7844299141806294
0.9948173101839854,0.7845902309421623
0.9948173101839854,0.7849110611326927
0.9945581756931847,0.7848670756646217
0.9945581756931847,0.7850276130087952
0.9945581756931847,0.7851882160392799
0.9945581756931847,0.7853488847963986
0.9945581756931847,0.7855096193205076
0.9945581756931847,0.7856704196519959
0.9945581756931847,0.7858312858312858
0.9945581756931847,0.7859922178988327
0.9945581756931847,0.786153215895125
0.9945581756931847,0.7863142798606843
0.9945581756931847,0.7864754098360656
0.9945581756931847,0.7866366058618569
0.9945581756931847,0.7867978679786798
0.9945581756931847,0.7869591962271888
0.9945581756931847,0.7871205906480722
0.9945581756931847,0.7872820512820513
0.9945581756931847,0.787443578169881
0.9945581756931847,0.7876051713523496
0.9945581756931847,0.7877668308702791
0.9945581756931847,0.7882522078455535
0.9945581756931847,0.7884141331142153
0.9945581756931847,0.7887381833127826
0.9945581756931847,0.7889003083247688
0.9945581756931847,0.7890625
0.9945581756931847,0.7895494754165809
0.9945581756931847,0.7897119341563786
0.9945581756931847,0.7898744597653838
0.9945581756931847,0.7901997117562282
0.9945581756931847,0.7903624382207578
0.9945581756931847,0.7905252317198764
0.9945581756931847,0.7906880922950145
0.9945581756931847,0.7908510199876365
0.9945581756931847,0.7910140148392415
0.9945581756931847,0.7911770768913626
0.9945581756931847,0.791340206185567
0.9945581756931847,0.7916666666666666
0.9945581756931847,0.7918299979368681
0.9945581756931847,0.7919933966157656
0.994299041202384,0.792277513937642
0.994299041202384,0.7924411400247832
0.994299041202384,0.7926048337120429
0.9940399067115833,0.7927257697871462
0.9940399067115833,0.7930535455861071
0.9940399067115833,0.7932175351530191
0.9940399067115833,0.7933815925542916
0.9940399067115833,0.7935457178320232
0.9940399067115833,0.7937099110283468
0.9940399067115833,0.7938741721854304
0.9940399067115833,0.7940385013454772
0.9940399067115833,0.7943673638434459
0.9940399067115833,0.7945318972659486
0.9940399067115833,0.7946964988605759
0.9940399067115833,0.7948611686697058
0.9940399067115833,0.7951907131011609
0.9940399067115833,0.795355587808418
0.9940399067115833,0.7955205309000415
0.9937807722207825,0.795808258974891
0.9937807722207825,0.7959734329597343
0.9937807722207825,0.7961386755241852
0.9937807722207825,0.7963039867109635
0.9937807722207825,0.7964693665628245
0.9937807722207825,0.796800332432994
0.9937807722207825,0.7969659185369908
0.9935216377299818,0.7969237164830597
0.9935216377299818,0.7970893970893971
0.9932625032391811,0.7970472031607403
0.9932625032391811,0.7973788225504472
0.9932625032391811,0.7975447357469829
0.9932625032391811,0.7977107180020812
0.9932625032391811,0.7978767693588676
0.9930033687483804,0.7984996874348823
0.9930033687483804,0.7986661108795331
0.9930033687483804,0.7988326037106525
0.9930033687483804,0.798999165971643
0.9930033687483804,0.7991657977059436
0.9930033687483804,0.7993324989570296
0.9930033687483804,0.7994992697684122
0.9930033687483804,0.7998330202462951
0.9930033687483804,0.8
0.9930033687483804,0.8001670494884109
0.9930033687483804,0.8003341687552213
0.9927442342575797,0.8002924587424274
0.9927442342575797,0.8004596740493105
0.9927442342575797,0.8006269592476489
0.9927442342575797,0.8007943143812709
0.992485099766779,0.8007526656909889
0.992485099766779,0.8009201171058135
0.992485099766779,0.801087638569337
0.992485099766779,0.801255230125523
0.992485099766779,0.801422891818372
0.992485099766779,0.8015906236919214
0.992485099766779,0.8017584257902449
0.992485099766779,0.801926298157454
0.9922259652759783,0.8018848167539268
0.9922259652759783,0.8020527859237536
0.9922259652759783,0.8022208254766394
0.9922259652759783,0.8023889354568315
0.9922259652759783,0.8025571159086146
0.9919668307851776,0.8025157232704403
0.9919668307851776,0.8028523489932886
0.9919668307851776,0.8030207677784771
0.9919668307851776,0.8031892572387747
0.9919668307851776,0.8033578174186778
0.9919668307851776,0.8038639227215456
0.9919668307851776,0.8040327662255828
0.9919668307851776,0.8043706661063249
0.9919668307851776,0.8045397225725095
0.9919668307851776,0.8047088501156191
0.9917076962943768,0.804667788057191
0.9914485618035761,0.8046267087276551
0.9914485618035761,0.8047959612957509
0.9914485618035761,0.8049652850831054
0.9914485618035761,0.8056432933249105
0.9914485618035761,0.8058129738837405
0.9914485618035761,0.8061525495153814
0.9914485618035761,0.806322444678609
0.9914485618035761,0.8064924114671164
0.9914485618035761,0.8066624499262071
0.9914485618035761,0.8073433213758177
0.9914485618035761,0.8076841883048342
0.9914485618035761,0.8078547297297297
0.9911894273127754,0.8078141499472017
0.9911894273127754,0.8079847908745247
0.9911894273127754,0.8081555039087259
0.9911894273127754,0.8088390780291816
0.9911894273127754,0.809010152284264
0.9911894273127754,0.8096951735817104
0.9909302928219746,0.8096548803726445
0.9909302928219746,0.8098263447691656
0.9909302928219746,0.8099978818047024
0.9909302928219746,0.8103411739775376
0.9909302928219746,0.810684757260971
0.9909302928219746,0.8108566581849025
0.9906711583311739,0.8108165429480382
0.9906711583311739,0.8109885447602885
0.9906711583311739,0.8111606195629111
0.9906711583311739,0.8115049883251964
0.9906711583311739,0.8116772823779194
0.9906711583311739,0.8118496496071352
0.9906711583311739,0.8121946037816019
0.9906711583311739,0.8123671908202295
0.9906711583311739,0.8125398512221041
0.9906711583311739,0.8127125850340136
0.9906711583311739,0.8128853923027854
0.9906711583311739,0.8130582730752871
0.9906711583311739,0.8132312273984259
0.9906711583311739,0.8135773568844435
0.9906711583311739,0.8137505321413367
0.9906711583311739,0.8139237811368959
0.9906711583311739,0.8140971039182283
0.9906711583311739,0.8142705005324814
0.9906711583311739,0.8144439710268427
0.9906711583311739,0.8146175154485403
0.9906711583311739,0.8147911338448423
0.9906711583311739,0.8149648262630569
0.9904120238403732,0.8149253731343283
0.9904120238403732,0.8150991682661548
0.9904120238403732,0.8152730375426621
0.9901528893495725,0.8154075970977379
0.9901528893495725,0.815581643543223
0.9901528893495725,0.8157557643040136
0.9901528893495725,0.8161042289619821
0.9901528893495725,0.8162785729544969
0.9901528893495725,0.8164529914529914
0.9901528893495725,0.8166274845052361
0.9901528893495725,0.8168020521590423
0.9898937548587717,0.8167628821894377
0.989634620367971,0.8167236954662105
0.989634620367971,0.8168983957219251
0.989634620367971,0.8170731707317073
0.989634620367971,0.8172480205435481
0.989634620367971,0.8174229452054794
0.989634620367971,0.8177730192719486
0.989634620367971,0.8181233933161953
0.989634620367971,0.8182986929505035
0.989634620367971,0.8184740677239606
0.989634620367971,0.8188250428816467
0.989634620367971,0.8190006433626421
0.989634620367971,0.8191763191763192
0.989634620367971,0.819352070371165
0.989634620367971,0.8195278969957082
0.989634620367971,0.819703799098519
0.9893754858771703,0.819665092314298
0.9891163513863696,0.8198024054982818
0.9891163513863696,0.8199785177228787
0.9891163513863696,0.8201547056295659
0.9891163513863696,0.8203309692671394
0.9888572168955688,0.8209982788296041
0.9888572168955688,0.82135170038743
0.9888572168955688,0.8218824036183502
0.9888572168955688,0.8220594571305472
0.9888572168955688,0.8225910756628584
0.9888572168955688,0.8229458701746819
0.9888572168955688,0.8233009708737864
0.9885980824047681,0.823262839879154
0.9885980824047681,0.8234405352903087
0.9885980824047681,0.8236183074265976
0.9885980824047681,0.8237961563377241
0.9885980824047681,0.8239740820734341
0.9885980824047681,0.824152084683517
0.9885980824047681,0.8243301642178047
0.9885980824047681,0.8248648648648649
0.9885980824047681,0.8250432525951558
0.9885980824047681,0.8252217174994593
0.9883389479139674,0.8251839030722631
0.9883389479139674,0.8253624756546202
0.9883389479139674,0.8257198527819875
0.9883389479139674,0.8258986574274578
0.9883389479139674,0.8260775395278319
0.9883389479139674,0.8262564991334489
0.9883389479139674,0.8266146510619853
0.9883389479139674,0.826793843485801
0.9883389479139674,0.8271524615050965
0.9883389479139674,0.8273318872017353
0.9883389479139674,0.8275113907572141
0.9883389479139674,0.8276909722222222
0.9883389479139674,0.827870631647493
0.9883389479139674,0.8280503690838037
0.9883389479139674,0.8282301845819761
0.9880798134231666,0.8281928757602085
0.9878206789323659,0.8281555507277862
0.9878206789323659,0.828335506301608
0.9878206789323659,0.8285155400999783
0.9878206789323659,0.828695652173913
0.9878206789323659,0.8288758425744727
0.9875615444415652,0.8288386254893432
0.9875615444415652,0.8291993037423847
0.9875615444415652,0.829379760609358
0.9875615444415652,0.8295602960383108
0.9875615444415652,0.8297409100805574
0.9875615444415652,0.8299216027874564
0.9875615444415652,0.8301023742104117
0.9875615444415652,0.8302832244008714
0.9875615444415652,0.8304641534103291
0.9873024099507645,0.8304272013949433
0.9873024099507645,0.8309705561613958
0.9873024099507645,0.831151832460733
0.9873024099507645,0.8313331878682086
0.9873024099507645,0.8315146224356177
0.9873024099507645,0.8316961362148002
0.9873024099507645,0.8324229844876556
0.9873024099507645,0.8326048951048951
0.9873024099507645,0.8327868852459016
0.9873024099507645,0.8329689549628334
0.9870432754599637,0.8329324294773671
0.986784140969163,0.8328958880139983
0.986784140969163,0.8330781010719756
0.986784140969163,0.8332603938730854
0.986784140969163,0.8334427664696871
0.9865250064783623,0.8334063047285464
0.9865250064783623,0.8335887891394789
0.9865250064783623,0.8337713534822602
0.9865250064783623,0.8339539978094195
0.9865250064783623,0.834136722173532
0.9862658719875615,0.834100372561911
0.9862658719875615,0.8342832091188075
0.9862658719875615,0.8344661258495943
0.9862658719875615,0.8346491228070175
0.9862658719875615,0.8348322000438693
0.9862658719875615,0.8350153576129882
0.9862658719875615,0.8351985955672592
0.9862658719875615,0.8353819139596137
0.9862658719875615,0.8355653128430296
0.9862658719875615,0.8357487922705314
0.9862658719875615,0.83593235229519
0.9862658719875615,0.8361159929701231
0.9860067374967608,0.8360799824214459
0.9860067374967608,0.8362637362637363
0.9860067374967608,0.8364475708947021
0.9860067374967608,0.8366314863676341
0.9860067374967608,0.8368154827358698
0.9860067374967608,0.8369995600527936
0.9860067374967608,0.8371837183718371
0.9860067374967608,0.8373679577464789
0.9860067374967608,0.8375522782302444
0.9857476030059601,0.8375165125495376
0.9857476030059601,0.8377009469279895
0.9857476030059601,0.8378854625550661
0.9857476030059601,0.838070059484468
0.9857476030059601,0.8382547377699427
0.9857476030059601,0.8384394974652855
0.9857476030059601,0.8386243386243386
0.9857476030059601,0.838994265549184
0.9857476030059601,0.8391793514228988
0.9857476030059601,0.8393645189761695
0.9857476030059601,0.8395497682630766
0.9857476030059601,0.8397350993377484
0.9857476030059601,0.8399205122543608
0.9857476030059601,0.8401060070671378
0.9857476030059601,0.8402915838303512
0.9857476030059601,0.8404772425983208
0.9857476030059601,0.8406629834254143
0.9857476030059601,0.8408488063660478
0.9857476030059601,0.8410347114746849
0.9857476030059601,0.8412206988058382
0.9857476030059601,0.8415929203539823
0.9857476030059601,0.841779154680239
0.9857476030059601,0.8419654714475432
0.9857476030059601,0.8423383525243578
0.9857476030059601,0.8428982938178595
0.9857476030059601,0.8430851063829787
0.9854884685151594,0.8430503214364886
0.9854884685151594,0.8432372505543237
0.9854884685151594,0.8434242625859393
0.9854884685151594,0.8436113575865128
0.9854884685151594,0.8437985356112714
0.9854884685151594,0.844173140954495
0.9854884685151594,0.8443605683836589
0.9854884685151594,0.8445480790584055
0.9854884685151594,0.844735673034207
0.9854884685151594,0.8449233503665852
0.9854884685151594,0.8451111111111111
0.9854884685151594,0.8452989553234052
0.9854884685151594,0.8454868830591374
0.9854884685151594,0.8456748943740271
0.9852293340243586,0.8456405693950177
0.9852293340243586,0.8458286985539488
0.9852293340243586,0.8460169114374722
0.9849701995335579,0.8461709706144257
0.9849701995335579,0.8463593854375417
0.9849701995335579,0.8467364669191356
0.9849701995335579,0.8469251336898396
0.9849701995335579,0.8471138845553822
0.9849701995335579,0.8474916387959867
0.9849701995335579,0.8476806422836753
0.9849701995335579,0.8478697300914566
0.9847110650427572,0.8478357875948237
0.9847110650427572,0.8480249944208882
0.9847110650427572,0.8482142857142857
0.9847110650427572,0.8484036615315919
0.9847110650427572,0.8487826669644851
0.9847110650427572,0.8489722966934763
0.9847110650427572,0.8495416946121171
0.9847110650427572,0.8497316636851521
0.9847110650427572,0.8501118568232662
0.9847110650427572,0.8503020810024614
0.9844519305519565,0.8502685765443151
0.9844519305519565,0.8504589209760466
0.9841927960611557,0.8504254366323332
0.9841927960611557,0.8508064516129032
0.9841927960611557,0.8509970871611025
0.9841927960611557,0.8511878081577767
0.9841927960611557,0.8515695067264574
0.9841927960611557,0.8517604844135457
0.983933661570355,0.8517272319425752
0.983933661570355,0.8519183307157281
0.983933661570355,0.8526835841006063
0.983933661570355,0.8528751123090745
0.983933661570355,0.853066726578297
0.983933661570355,0.8534502135311306
0.983933661570355,0.8536420863309353
0.983933661570355,0.8538340454238813
0.983933661570355,0.8540260908681961
0.983933661570355,0.8542182227221597
0.983933661570355,0.8544104410441045
0.983933661570355,0.854602745892415
0.983933661570355,0.854795137325529
0.983933661570355,0.8549876154019365
0.983933661570355,0.8551801801801802
0.983933661570355,0.8553728317188556
0.9836745270795543,0.8553402433528616
0.9836745270795543,0.855533017804823
0.9836745270795543,0.8557258791704238
0.9836745270795543,0.8559188275084555
0.9836745270795543,0.8561118628777628
0.9834153925887535,0.8560794044665012
0.9834153925887535,0.8562725631768953
0.9834153925887535,0.8564658090724442
0.9834153925887535,0.8568525626552269
0.9834153925887535,0.8570460704607046
0.9834153925887535,0.8572396656878247
0.9834153925887535,0.8578209764918626
0.9834153925887535,0.8580149219986435
0.9834153925887535,0.8582089552238806
0.9834153925887535,0.858403076227098
0.9834153925887535,0.8585972850678733
0.9834153925887535,0.8587915818058385
0.9834153925887535,0.858985966500679
0.9834153925887535,0.8591804392121349
0.9831562580979528,0.8591485507246377
0.9831562580979528,0.8593431483578708
0.9831562580979528,0.8595378341640235
0.9831562580979528,0.8597326082030364
0.9831562580979528,0.8599274705349048
0.9831562580979528,0.8601224212196781
0.9831562580979528,0.8603174603174604
0.9831562580979528,0.8605125878884101
0.9831562580979528,0.8607078039927405
0.9831562580979528,0.8609031086907193
0.9831562580979528,0.8614895549500454
0.9828971236071521,0.8614580967522144
0.9828971236071521,0.8616537937301226
0.9828971236071521,0.8618495796409907
0.9828971236071521,0.8620454545454546
0.9826379891163514,0.8620140941122982
0.9826379891163514,0.8622100954979536
0.9826379891163514,0.8624061860359336
0.9823788546255506,0.8623748862602366
0.9823788546255506,0.8625711035267349
0.9823788546255506,0.8627674101046882
0.9823788546255506,0.8629638060550876
0.9821197201347499,0.8629326047358834
0.9821197201347499,0.86312912776133
0.9821197201347499,0.8633257403189066
0.9821197201347499,0.8635224424698109
0.9821197201347499,0.8637192342752963
0.9818605856439492,0.8636881695919763
0.9818605856439492,0.8638850889192886
0.9813423166623477,0.8638229927007299
0.9813423166623477,0.8640200775724389
0.9813423166623477,0.8642172523961661
0.9813423166623477,0.8644145172335084
0.9813423166623477,0.8646118721461187
0.981083182171547,0.8645809545558346
0.981083182171547,0.8647784376427593
0.981083182171547,0.8649760109664153
0.981083182171547,0.8653714285714286
0.981083182171547,0.8655692729766804
0.981083182171547,0.8657672078664532
0.981083182171547,0.8659652333028363
0.981083182171547,0.8661633493479753
0.981083182171547,0.8663615560640733
0.981083182171547,0.8665598535133898
0.9808240476807463,0.8667277307075796
0.9808240476807463,0.8669262482821805
0.9808240476807463,0.8671248568155785
0.9808240476807463,0.8673235563703025
0.9808240476807463,0.8675223470089388
0.9808240476807463,0.8677212287941312
0.9808240476807463,0.8679202017885806
0.9808240476807463,0.8681192660550459
0.9805649131899455,0.8680890112411104
0.9803057786991448,0.8682579756713334
0.9803057786991448,0.8684573002754821
0.9800466442083441,0.868427095292767
0.9797875097175434,0.8683968764354616
0.9797875097175434,0.86859637031932
0.9797875097175434,0.8687959558823529
0.9797875097175434,0.868995633187773
0.9797875097175434,0.8691954022988506
0.9797875097175434,0.8693952632789147
0.9797875097175434,0.8695952161913524
0.9797875097175434,0.8699953980671882
0.9795283752267426,0.8699654775604143
0.9795283752267426,0.8703661063780797
0.9790101062451412,0.8703063810181986
0.9790101062451412,0.8705069124423963
0.9787509717543404,0.8706777316735823
0.9784918372635398,0.8708487084870848
0.9784918372635398,0.8710495963091118
0.9782327027727391,0.8710198431010614
0.9782327027727391,0.8712208631433187
0.9782327027727391,0.8714219759926131
0.9782327027727391,0.8716231817132302
0.9782327027727391,0.871824480369515
0.9782327027727391,0.872025872025872
0.9782327027727391,0.8722273567467652
0.9779735682819384,0.8723994452149791
0.9779735682819384,0.8730048577376822
0.9779735682819384,0.8732068486811662
0.9779735682819384,0.8736111111111111
0.9779735682819384,0.8738133827274832
0.9779735682819384,0.8740157480314961
0.9779735682819384,0.8742182070882557
0.9779735682819384,0.8744207599629287
0.9779735682819384,0.8746234067207416
0.9779735682819384,0.874826147426982
0.9777144337911376,0.8747971249710178
0.9777144337911376,0.875
0.9774552993003369,0.8749710044073301
0.9774552993003369,0.8751740139211137
0.9774552993003369,0.8753771176607101
0.9774552993003369,0.8755803156917363
0.9774552993003369,0.87578360807987
0.9774552993003369,0.87598699489085
0.9774552993003369,0.8761904761904762
0.9774552993003369,0.8763940520446096
0.9774552993003369,0.8765977225191727
0.9774552993003369,0.8768014876801488
0.9771961648095362,0.8769767441860465
0.9771961648095362,0.8773848301535598
0.9771961648095362,0.8775890155922736
0.9771961648095362,0.8777932960893855
0.9771961648095362,0.8779976717112922
0.9771961648095362,0.8782021425244527
0.9769370303187355,0.8781737712555323
0.9766778958279347,0.8781453867660765
0.9766778958279347,0.8783500349568865
0.9766778958279347,0.8787596176264864
0.9766778958279347,0.8791695824585958
0.9766778958279347,0.8793747083527765
0.9766778958279347,0.8795799299883313
0.9766778958279347,0.8797852474323062
0.9766778958279347,0.8799906607518094
0.9766778958279347,0.8801961700140122
0.9766778958279347,0.880401775286148
0.9766778958279347,0.880607476635514
0.9766778958279347,0.8808132741294695
0.9766778958279347,0.8810191678354371
0.9766778958279347,0.8812251578209025
0.9766778958279347,0.8814312441534145
0.9766778958279347,0.8816374269005848
0.9766778958279347,0.8818437061300889
0.9766778958279347,0.8820500819096654
0.9766778958279347,0.8822565543071161
0.976418761337134,0.882228986185905
0.976418761337134,0.8824355971896956
0.976418761337134,0.8826423049894588
0.976418761337134,0.8828491096532334
0.976418761337134,0.8830560112491211
0.976418761337134,0.8832630098452883
0.9761596268463333,0.8832356389214537
0.9761596268463333,0.8834427767354597
0.9761596268463333,0.8836500117288295
0.9761596268463333,0.8838573439699672
0.9761596268463333,0.884064773527341
0.9759004923555326,0.884037558685446
0.9759004923555326,0.8842451279643109
0.9759004923555326,0.8844527947393143
0.9756413578647318,0.8844256518675123
0.9756413578647318,0.8846334586466166
0.9753822233739311,0.8846063454759107
0.9753822233739311,0.8852304797742239
0.9753822233739311,0.8854387203011056
0.9753822233739311,0.8856470588235295
0.9753822233739311,0.8858554954106849
0.9753822233739311,0.8860640301318268
0.9753822233739311,0.8862726630562751
0.9753822233739311,0.886481394253415
0.9751230888831304,0.8864546525323911
0.9751230888831304,0.8866635249764373
0.9751230888831304,0.8868724958755597
0.9751230888831304,0.8870815652993871
0.9751230888831304,0.8872907333176138
0.9751230888831304,0.8875
0.9751230888831304,0.8877093654163718
0.9751230888831304,0.887918829636621
0.9748639543923296,0.8878923766816144
0.9748639543923296,0.8881019830028328
0.9748639543923296,0.8883116883116883
0.9748639543923296,0.8885214926783184
0.9748639543923296,0.888731396172927
0.9748639543923296,0.8889413988657845
0.9746048199015289,0.8889151500827228
0.9746048199015289,0.8891252955082742
0.9743456854107282,0.8890990777961693
0.9743456854107282,0.8893093661305582
0.9743456854107282,0.8895197539626213
0.9743456854107282,0.8897302413629911
0.9740865509199275,0.8897041420118343
0.9740865509199275,0.8899147727272727
0.9740865509199275,0.8901255031967795
0.9740865509199275,0.8903363334912364
0.9738274164291267,0.8903103529969202
0.9738274164291267,0.890521327014218
0.973568281938326,0.890495378051671
0.973568281938326,0.8907064959696539
0.973568281938326,0.8909177140147024
0.973568281938326,0.8911290322580645
0.9733091474475253,0.8911032028469751
0.9730500129567246,0.891077361177029
0.9730500129567246,0.8912888677901732
0.9730500129567246,0.8915004748338081
0.9730500129567246,0.8917121823794824
0.9730500129567246,0.8919239904988123
0.9730500129567246,0.892135899263483
0.9730500129567246,0.8923479087452472
0.9730500129567246,0.8925600190159259
0.9730500129567246,0.8927722301474085
0.9730500129567246,0.8929845422116528
0.9730500129567246,0.8931969552806851
0.9727908784659238,0.8931715441351415
0.9727908784659238,0.8933841028081866
0.9727908784659238,0.8935967626755534
0.9727908784659238,0.8938095238095238
0.9727908784659238,0.8940223862824482
0.9725317439751231,0.8939971414959504
0.9725317439751231,0.8942101501072195
0.9725317439751231,0.8944232602478551
0.9722726094843224,0.8943980929678188
0.9720134749935216,0.8943729136862184
0.9720134749935216,0.8945862151204388
0.9720134749935216,0.8947996183206107
0.9720134749935216,0.8952267303102626
0.9720134749935216,0.8954404392456433
0.9720134749935216,0.8956542502387774
0.9720134749935216,0.8958681633627896
0.9720134749935216,0.8960821786908744
0.9717543405027209,0.8960573476702509
0.9714952060119202,0.8960325047801148
0.9712360715211195,0.8960076500119531
0.9709769370303187,0.8959827833572453
0.9709769370303187,0.89619708203779
0.9709769370303187,0.8964114832535885
0.970717802539518,0.8963866953816703
0.970717802539518,0.8966012446146482
0.970717802539518,0.8968158965764903
0.970717802539518,0.8970306513409961
0.970717802539518,0.8972455089820359
0.970717802539518,0.8974604695735505
0.9704586680487173,0.8974358974358975
0.9704586680487173,0.8976510067114094
0.9704586680487173,0.8978662191321026
0.9704586680487173,0.8980815347721822
0.9704586680487173,0.8982969537059247
0.9704586680487173,0.8985124760076776
0.9704586680487173,0.8987281017518598
0.9704586680487173,0.898943831012962
0.9704586680487173,0.8991596638655462
0.9701995335579165,0.899135446685879
0.9699403990671158,0.8991112178717271
0.9696812645763151,0.8990869774147044
0.9696812645763151,0.8993030521509252
0.9694221300855144,0.8992788461538461
0.9691629955947136,0.8992546285164703
0.9689038611039129,0.8992303992303993
0.9689038611039129,0.8994467163820062
0.9686447266131122,0.8994225216554379
0.9686447266131122,0.8996389891696751
0.9686447266131122,0.8998555609051516
0.9683855921223115,0.899831447146641
0.9683855921223115,0.9000481695568401
0.9681264576315107,0.900024090580583
0.96786732314071,0.9
0.96786732314071,0.9002169197396963
0.96786732314071,0.900433944069431
0.96786732314071,0.9006510730648661
0.9676081886499093,0.9006271104679209
0.9673490541591085,0.9006031363088058
0.9673490541591085,0.9008204633204633
0.9670899196683078,0.9007965242577842
0.9670899196683078,0.9010140028971512
0.9670899196683078,0.9012315865732915
0.9670899196683078,0.9014492753623189
0.9670899196683078,0.9016670693404204
0.9668307851775071,0.9016433059449009
0.9668307851775071,0.9018612521150592
0.9668307851775071,0.9020793036750484
0.9668307851775071,0.9022974607013301
0.9668307851775071,0.9025157232704403
0.9665716506867064,0.9024921364626179
0.9663125161959056,0.9024685382381413
0.9663125161959056,0.9026870007262164
0.9663125161959056,0.9029055690072639
0.9663125161959056,0.9031242431581497
0.9663125161959056,0.903343023255814
0.9660533817051049,0.903319602616913
0.9660533817051049,0.9035385361124576
0.9660533817051049,0.9037575757575758
0.9660533817051049,0.9041959738054814
0.9660533817051049,0.9044153323629306
0.9660533817051049,0.9048543689320389
0.9660533817051049,0.9050740470988103
0.9660533817051049,0.9052938319572608
0.9660533817051049,0.9055137235851348
0.9657942472143042,0.9054907677356657
0.9657942472143042,0.9057108140947752
0.9657942472143042,0.9059309674282936
0.9657942472143042,0.9061512278142475
0.9657942472143042,0.9063715953307393
0.9657942472143042,0.9065920700559474
0.9657942472143042,0.9070333414456072
0.9655351127235035,0.9070107108081792
0.9655351127235035,0.9072315558802045
0.9655351127235035,0.9074525085241111
0.9655351127235035,0.9078947368421053
0.9652759782327027,0.9078722885693395
0.9652759782327027,0.9080936128717698
0.9652759782327027,0.9083150451109485
0.965016843741902,0.9082926829268293
0.965016843741902,0.9085142717736033
0.965016843741902,0.9087359687652513
0.965016843741902,0.9089577739809617
0.965016843741902,0.9091796875
0.965016843741902,0.9094017094017094
0.9647577092511013,0.9093795798729849
0.9644985747603005,0.9093574395309064
0.9642394402694999,0.9093352883675464
0.9639803057786992,0.9093131263749694
0.9639803057786992,0.9095354523227384
0.9639803057786992,0.9097578870139399
0.9639803057786992,0.9099804305283757
0.9637211712878985,0.9099584046978224
0.9634620367970977,0.9099363680861479
0.963202902306297,0.9099143206854345
0.963202902306297,0.9101371204701273
0.9629437678154963,0.9101151114376684
0.9629437678154963,0.9103380695737384
0.9626846333246956,0.9103160989953443
0.9626846333246956,0.9105392156862745
0.9626846333246956,0.9107624417749448
0.9624254988338948,0.9107405590975969
0.9624254988338948,0.9109639440765268
0.9624254988338948,0.9111874386653582
0.9621663643430941,0.9111656441717791
0.9619072298522934,0.9111438389788905
0.9616480953614926,0.9111220230788117
0.9616480953614926,0.9113457760314342
0.9613889608706919,0.9113239990174404
0.9611298263798912,0.9113022113022113
0.9611298263798912,0.9115261735070042
0.9608706918890905,0.911504424778761
0.9608706918890905,0.9117285468404229
0.9608706918890905,0.911952779144122
0.9608706918890905,0.9121771217712177
0.9608706918890905,0.9124015748031497
0.9606115573982897,0.9123800147674133
0.960352422907489,0.9123584441161989
0.960352422907489,0.9125831076089633
0.9598341539258876,0.912540034491254
0.9595750194350868,0.9125184820108427
0.9593158849442861,0.9124969189055953
0.9593158849442861,0.9127218934911243
0.9590567504534854,0.9127003699136869
0.9590567504534854,0.912925505673409
0.9587976159626846,0.9129040217123119
0.9585384814718839,0.9128825271470878
0.9585384814718839,0.9131078745988644
0.9585384814718839,0.9133333333333333
0.9585384814718839,0.9135589034329464
0.9582793469810832,0.9135375494071146
0.9577610779994817,0.9137206427688505
0.957501943508681,0.9136993076162215
0.957501943508681,0.9139253029928271
0.9572428090178803,0.9139040079168729
0.9569836745270796,0.9138827023014106
0.9569836745270796,0.9141089108910891
0.9567245400362788,0.9140876454567962
0.9564654055454781,0.9140663694898464
0.9564654055454781,0.9142927916769878
0.9562062710546774,0.9142715559960357
0.9559471365638766,0.9142503097893433
0.9559471365638766,0.9144769459593456
0.9559471365638766,0.9147036945202083
0.9556880020730759,0.9146825396825397
0.9554288675822752,0.9146613743487968
0.9551697330914745,0.9146401985111663
0.9551697330914745,0.914867212707868
0.9551697330914745,0.9150943396226415
0.9549105986006737,0.9150732555252049
0.954651464109873,0.9150521609538003
0.9543923296190723,0.9150310559006212
0.9541331951282715,0.9150099403578529
0.9541331951282715,0.9152373850360428
0.9541331951282715,0.9156926137776672
0.9541331951282715,0.9159203980099503
0.9538740606374708,0.9158994774819607
0.9536149261466701,0.9158785465405674
0.9533557916558694,0.9158576051779935
0.9533557916558694,0.916085657370518
0.9533557916558694,0.9163138231631383
0.9530966571650686,0.9162929745889388
0.9528375226742679,0.9162721156242213
0.9528375226742679,0.9165004985044866
0.9525783881834672,0.9164796808775867
0.9523192536926665,0.9164588528678305
0.9523192536926665,0.9166874532302319
0.9520601192018657,0.9166666666666666
0.951800984711065,0.916645869727976
0.951800984711065,0.9168746879680479
0.951800984711065,0.917103620474407
0.9515418502202643,0.9170829170829171
0.9512827157294635,0.9170622033474893
0.9510235812386628,0.9170414792603698
0.9510235812386628,0.9172706823294177
0.9507644467478621,0.91725
0.9507644467478621,0.9174793698424606
0.9507644467478621,0.9177088544272136
0.9505053122570614,0.9176882661996497
0.9502461777662606,0.9176676676676677
0.9502461777662606,0.9178973717146433
0.9502461777662606,0.9181271907861792
0.9502461777662606,0.9183571249686953
0.94998704327546,0.9183366733466933
0.9497279087846593,0.9183162114758205
0.9497279087846593,0.918546365914787
0.9494687742938586,0.9185259463524693
0.9494687742938586,0.9187562688064193
0.9494687742938586,0.9189867067970905
0.9492096398030578,0.9189663823381836
0.9489505053122571,0.9189460476787955
0.9489505053122571,0.9191767068273092
0.9486913708214564,0.9191564147627417
0.9486913708214564,0.9193872425916625
0.9486913708214564,0.9196181863853303
0.9486913708214564,0.9198492462311558
0.9484322363306557,0.9198291027896457
0.9481731018398549,0.9198089492207139
0.9479139673490542,0.9197887855167212
0.9479139673490542,0.920020120724346
0.9479139673490542,0.920251572327044
0.9476548328582535,0.920231504781077
0.9476548328582535,0.920463126101183
0.9473956983674527,0.9204431017119838
0.9473956983674527,0.9206748929740619
0.9473956983674527,0.9209068010075567
0.9473956983674527,0.9211388259007307
0.9473956983674527,0.9213709677419355
0.9473956983674527,0.9216032266196118
0.947136563876652,0.921583459404942
0.9468774293858513,0.92156368221942
0.9468774293858513,0.9217961654894047
0.9466182948950506,0.9217764319959627
0.9463591604042498,0.9217566885411408
0.9463591604042498,0.921989396617016
0.9461000259134491,0.921969696969697
0.9461000259134491,0.9224355735219808
0.9461000259134491,0.9226686884003032
0.9461000259134491,0.9229019211324571
0.9458408914226484,0.922882427307206
0.9458408914226484,0.9231158320687911
0.9455817569318477,0.9230963824943081
0.9455817569318477,0.9233299595141701
0.9453226224410469,0.9233105542900532
0.9453226224410469,0.9235443037974683
0.9453226224410469,0.9237781716890352
0.9450634879502462,0.9237588652482269
0.9448043534594455,0.9237395490245757
0.9445452189686447,0.9237202230106437
0.944286084477844,0.923700887198986
0.944286084477844,0.9239350912778904
0.944286084477844,0.9241694141516612
0.944286084477844,0.9244038559107052
0.944286084477844,0.9246384166455215
0.9440269499870433,0.9246192893401015
0.9440269499870433,0.9248540238639249
0.9440269499870433,0.9250888776028441
0.9437678154962426,0.9250698501397003
0.9435086810054418,0.9250508130081301
0.9432495465146411,0.9250317662007624
0.9432495465146411,0.9252669039145908
0.9432495465146411,0.9255021612001018
0.9429904120238404,0.9254832146490336
0.9429904120238404,0.9257186466547952
0.9429904120238404,0.9261898701959786
0.9429904120238404,0.9264256619144603
0.9424721430422389,0.9263881813550687
0.9422130085514382,0.9263694267515924
0.9422130085514382,0.926605504587156
0.9419538740606375,0.9265867958195259
0.9419538740606375,0.9268230494645588
0.9419538740606375,0.9270594236164243
0.9419538740606375,0.9272959183673469
0.941435605079036,0.9272588055130169
0.9411764705882353,0.9272402348736277
0.9411764705882353,0.9274770173646578
0.9409173360974346,0.9274584929757343
0.9406582016066338,0.9274399591211038
0.9406582016066338,0.9276769741886021
0.9403990671158331,0.9276584867075665
0.9403990671158331,0.927895678854513
0.9403990671158331,0.9281329923273657
0.9403990671158331,0.9286079836233367
0.9401399326250324,0.9285897107755311
0.9398807981342316,0.9285714285714286
0.9398807981342316,0.9288092189500641
0.9396216636434309,0.9287909836065574
0.9393625291526302,0.9287727389187804
0.9393625291526302,0.9290107637109175
0.9391033946618295,0.9289925660087157
0.9388442601710287,0.928974358974359
0.9388442601710287,0.929212618620159
0.938585125680228,0.9291944586967675
0.938585125680228,0.9294328971003336
0.9383259911894273,0.9294147843942505
0.9383259911894273,0.9296534017971758
0.9383259911894273,0.9298921417565486
0.9380668566986265,0.9298741330593373
0.9378077222078258,0.9298561151079137
0.9375485877170251,0.9298380878951427
0.9375485877170251,0.9300771208226221
0.9372894532262244,0.9300591411673952
0.9372894532262244,0.930298353909465
0.9372894532262244,0.9305376897350142
0.9370303187354236,0.9307593307593307
0.9370303187354236,0.9309989701338826
0.9367711842446229,0.9309812001030131
0.9365120497538222,0.9309634209170531
0.9365120497538222,0.9312032981190415
0.9362529152630215,0.9311855670103093
0.9359937807722207,0.9311678267594741
0.93573464628142,0.9311500773594636
0.9354755117906194,0.9311323188031984
0.9354755117906194,0.9313725490196079
0.9352163772998187,0.9313548387096774
0.9349572428090179,0.9313371192565824
0.9349572428090179,0.9315775884327395
0.9346981083182172,0.9315599173553719
0.9346981083182172,0.9318005683285973
0.9344389738274165,0.931782945736434
0.9344389738274165,0.9322647362978284
0.9344389738274165,0.9325058184639256
0.9344389738274165,0.9329883570504528
0.9341798393366157,0.9329710144927537
0.933920704845815,0.9329536629562516
0.9336615703550143,0.9329363024339721
0.9334024358642136,0.9329189329189329
0.9331433013734128,0.9329015544041451
0.9328841668826121,0.9328841668826121
0.9328841668826121,0.9331259720062208
0.9328841668826121,0.933367902514908
0.9328841668826121,0.9336099585062241
0.9328841668826121,0.933852140077821
0.9326250323918114,0.9338349766476388
0.9326250323918114,0.9340773423306514
0.9321067634102099,0.9340431056868346
0.9318476289194092,0.934025974025974
0.9318476289194092,0.9342686412055079
0.9315884944286085,0.9342515592515592
0.9315884944286085,0.9344944112295295
0.9313293599378077,0.9344773790951638
0.9313293599378077,0.9347204161248375
0.9313293599378077,0.9349635796045785
0.931070225447007,0.9349466562581317
0.9308110909562063,0.9349297241020302
0.9308110909562063,0.9351731319968758
0.9305519564654056,0.93515625
0.9305519564654056,0.9353998437092993
0.9305519564654056,0.9356435643564357
0.9305519564654056,0.9358874120406567
0.9302928219746048,0.9358706986444213
0.9300336874838041,0.9358539765319427
0.9297745529930034,0.9358372456964006
0.9295154185022027,0.9358205061309679
0.9292562840114019,0.93580375782881
0.9292562840114019,0.9362924281984334
0.9289971495206012,0.9362757900235048
0.9287380150298005,0.9362591431556949
0.9284788805389997,0.9362424875881892
0.928219746048199,0.9362258233141663
0.928219746048199,0.9364705882352942
0.9279606115573983,0.9364539748953975
0.9277014770665976,0.9364373528642428
0.9274423425757968,0.9364207221350078
0.9274423425757968,0.9366657942946872
0.9271832080849961,0.9366492146596859
0.9271832080849961,0.9368944749934538
0.9269240735941954,0.9368779465688842
0.9266649391033946,0.9368614094838879
0.9264058046125939,0.9368448637316562
0.9261466701217932,0.9368283093053735
0.9261466701217932,0.9370739381227058
0.9261466701217932,0.937319695777603
0.9258875356309925,0.9373032528856243
0.9258875356309925,0.9375491996851221
0.9258875356309925,0.9377952755905512
0.9256284011401917,0.9377789446048832
0.925369266649391,0.9377626050420168
0.9251101321585903,0.9377462568951931
0.9248509976677896,0.9377299001576458
0.9245918631769888,0.9377135348226019
0.9243327286861881,0.9376971608832808
0.9240735941953874,0.9376807783328951
0.9238144597045866,0.9376643871646502
0.9238144597045866,0.937911076032623
0.9235553252137859,0.9378947368421052
0.9235553252137859,0.9381416162147934
0.9232961907229852,0.9381253291205898
0.9230370562321845,0.9381090334474586
0.9227779217413837,0.9380927291886196
0.922518787250583,0.9380764163372859
0.922518787250583,0.9383236689509752
0.9222596527597823,0.9383074083838651
0.9220005182689816,0.9382911392405063
0.9220005182689816,0.9385386441572144
0.9217413837781808,0.9385224274406333
0.9214822492873801,0.9385062021641594
0.9214822492873801,0.938753959873284
0.9212231147965795,0.9387377871666227
0.9212231147965795,0.938985736925515
0.9209639803057788,0.9389696169088507
0.920704845814978,0.938953488372093
0.9204457113241773,0.9389373513084853
0.9204457113241773,0.9391856160761501
0.9201865768333766,0.9391695318698757
0.9201865768333766,0.9394179894179894
0.9199274423425758,0.9394019581899974
0.9199274423425758,0.9396506087877183
0.9196683078517751,0.9396346306592533
0.9194091733609744,0.9396186440677966
0.9191500388701737,0.9396026490066225
0.9191500388701737,0.9398516163222046
0.9191500388701737,0.9401007156109197
0.9191500388701737,0.9403499469777307
0.9188909043793729,0.9403341288782816
0.9188909043793729,0.9405835543766579
0.9188909043793729,0.9408331122313611
0.9188909043793729,0.9410828025477707
0.9188909043793729,0.9413326254313777
0.9188909043793729,0.9415825809877855
0.9188909043793729,0.9418326693227091
0.9186317698885722,0.941817215727949
0.9186317698885722,0.9420674993356365
0.9186317698885722,0.9423179160021266
0.9186317698885722,0.9425684658335549
0.9186317698885722,0.9428191489361702
0.9183726353977715,0.942803937217345
0.9181135009069707,0.9427887174028738
0.9181135009069707,0.9430396593026351
0.91785436641617,0.943024494142705
0.91785436641617,0.9432756324900133
0.9175952319253693,0.9432605221097496
0.9173360974345686,0.9432454036770583
0.9170769629437678,0.9432302771855011
0.9170769629437678,0.9434817382031458
0.9170769629437678,0.9437333333333333
0.9168178284529671,0.9437183248866364
0.9165586939621664,0.9437033084311632
0.9162995594713657,0.9436882839605018
0.9160404249805649,0.9436732514682328
0.9157812904897642,0.9436582109479306
0.9155221559989635,0.9436431623931624
0.9155221559989635,0.943895271172856
0.9155221559989635,0.9441475146980225
0.9152630215081627,0.9441325848703556
0.915003887017362,0.9441176470588235
0.9147447525265613,0.9441027012570206
0.9144856180357606,0.944087747458534
0.9142264835449598,0.9440727856569441
0.9139673490541591,0.9440578158458244
0.9137082145633584,0.9440428380187417
0.9134490800725577,0.9440278521692554
0.9134490800725577,0.9442807393517278
0.9134490800725577,0.9445337620578779
0.9134490800725577,0.9447869203966764
0.9134490800725577,0.9450402144772118
0.9134490800725577,0.9452936444086887
0.9134490800725577,0.9455472103004292
0.9134490800725577,0.9458009122618728
0.9131899455817569,0.9457863660762211
0.9129308110909562,0.945771812080537
0.9126716766001555,0.9457572502685284
0.9124125421093547,0.9457426806338974
0.912153407618554,0.9457281031703385
0.912153407618554,0.9459822628325719
0.9118942731277533,0.9459677419354838
0.9118942731277533,0.9462221027157838
0.9116351386369526,0.9462076385153309
0.9113760041461518,0.9461931665321496
0.9111168696553511,0.946178686759957
0.9108577351645504,0.946164199192463
0.9105986006737496,0.946149703823371
0.9103394661829489,0.9461352006463776
0.9100803316921482,0.9461206896551724
0.9100803316921482,0.9463756399892213
0.9098211972013475,0.9463611859838275
0.9095620627105467,0.9463467241844162
0.909302928219746,0.9463322545846817
0.9090437937289453,0.9463177771783113
0.9087846592381446,0.9463032919589854
0.9087846592381446,0.9465587044534413
0.9087846592381446,0.9468142548596112
0.9087846592381446,0.9473257698541329
0.9085255247473438,0.9473115374223183
0.9082663902565431,0.9472972972972973
0.9082663902565431,0.9475533928088673
0.9082663902565431,0.947809626825311
0.9082663902565431,0.9480659994590208
0.9080072557657424,0.948051948051948
0.9077481212749416,0.9480378890392422
0.9074889867841409,0.9480238224147266
0.9072298522933402,0.9480097481722177
0.9069707178025396,0.9479956663055255
0.9069707178025396,0.9482525060959089
0.9067115833117388,0.9482384823848239
0.9064524488209381,0.9482244510707509
0.9064524488209381,0.9484815618221258
0.9064524488209381,0.9487388120423108
0.9064524488209381,0.9489962018448183
0.9061933143301374,0.9489823609226594
0.9061933143301374,0.9492399565689468
0.9059341798393367,0.9492261743144176
0.9056750453485359,0.9492123845736014
0.9054159108577352,0.9491985873403966
0.9051567763669345,0.9491847826086957
0.9048976418761338,0.9491709703723838
0.904638507385333,0.9491571506253399
0.9043793728945323,0.9491433233614359
0.9043793728945323,0.9494015233949945
0.9041202384037316,0.9493877551020408
0.9038611039129308,0.9493739793140991
0.9036019694221301,0.9493601960250476
0.9036019694221301,0.9496187363834423
0.9036019694221301,0.9501362397820163
0.9033428349313294,0.9501226492232215
0.9030837004405287,0.9501090512540894
0.9028245659497279,0.9500954458685574
0.9028245659497279,0.950354609929078
0.9025654314589272,0.9503410641200546
0.9023062969681265,0.9503275109170306
0.9023062969681265,0.9505869505869506
0.9023062969681265,0.9508465319497542
0.9023062969681265,0.9511062551215514
0.9023062969681265,0.9513661202185792
0.9020471624773257,0.9513528286417053
0.901788027986525,0.9513395297977036
0.9015288934957243,0.9513262236806125
0.9012697590049236,0.9513129102844639
0.9010106245141228,0.9512995896032832
0.9007514900233221,0.9512862616310892
0.9007514900233221,0.9515466739666028
0.9004923555325214,0.9515334063526835
0.9004923555325214,0.952054794520548
0.9004923555325214,0.9523157029323103
0.9004923555325214,0.9525767543859649
0.9002332210417207,0.9525637510282424
0.8999740865509199,0.9525507405375754
0.8999740865509199,0.9528120713305899
0.8999740865509199,0.9530735455543359
0.8999740865509199,0.9533351633269284
0.8999740865509199,0.9538588299917605
0.8994558175693185,0.953833470733718
0.8991966830785177,0.9538207806487081
0.8991966830785177,0.9540830354687929
0.8991966830785177,0.9543454345434543
0.898937548587717,0.9543328748280605
0.898937548587717,0.9545954870665933
0.8986784140969163,0.9545829892650702
0.8984192796061156,0.9545704845814978
0.8981601451153148,0.9545579730101901
0.8979010106245141,0.9545454545454546
0.8976418761337134,0.9545329291815927
0.8973827416429127,0.9545203969128997
0.8971236071521119,0.9545078577336642
0.8971236071521119,0.9547710976282405
0.8971236071521119,0.9550344827586207
0.8971236071521119,0.9552980132450332
0.8971236071521119,0.9555616892078388
0.8968644726613112,0.9555494202098288
0.8968644726613112,0.9558133112399889
0.8966053381705105,0.9558011049723757
0.8963462036797097,0.9557888919591048
0.896087069188909,0.9557766721945826
0.896087069188909,0.9560409178877523
0.8958279346981083,0.9560287610619469
0.8955688002073076,0.9560165975103735
0.8955688002073076,0.9562811289429994
0.8953096657165068,0.956269028508165
0.8950505312257061,0.9562569213732004
0.8947913967349054,0.9562448075325395
0.8945322622441046,0.9562326869806094
0.8942731277533039,0.9562205597118315
0.8942731277533039,0.9564855875831486
0.8940139932625032,0.956473523703909
0.8937548587717025,0.9564614531336662
0.8934957242809017,0.9564493758668516
0.893236589790101,0.9564372918978913
0.8929774552993003,0.9564252012212046
0.8929774552993003,0.9566907273736813
0.8927183208084997,0.9566787003610109
0.8924591863176989,0.9566666666666667
0.8924591863176989,0.9569324812447902
0.8922000518268982,0.9569205113952196
0.8919409173360975,0.9569085348901862
0.8919409173360975,0.957174638487208
0.8919409173360975,0.9574408901251739
0.8916817828452968,0.9574290484140233
0.891422648354496,0.9574172001113276
0.8911635138636953,0.9574053452115813
0.8909043793728946,0.9573934837092731
0.8906452448820938,0.9573816155988858
0.8906452448820938,0.9576483700195041
0.8903861103912931,0.9576365663322185
0.8903861103912931,0.9579035405631446
0.8903861103912931,0.9581706636921361
0.8901269759004924,0.9581589958158996
0.8898678414096917,0.9581473214285714
0.8896087069188909,0.9581356405247
0.8896087069188909,0.9584031267448353
0.8896087069188909,0.9586707623568835
0.8893495724280902,0.958659217877095
0.8890904379372895,0.9586476669460743
0.8888313034464888,0.9586361095584125
0.888572168955688,0.9586245457086945
0.8883130344648873,0.9586129753914989
0.8883130344648873,0.9588811188811189
0.8880538999740866,0.9588696138780078
0.8877947654832858,0.9588581024349286
0.8875356309924851,0.9588465845464725
0.8875356309924851,0.9591150938112574
0.8875356309924851,0.9593837535014006
0.8872764965016844,0.9593723732137853
0.8870173620108837,0.9593609865470852
0.8867582275200829,0.959349593495935
0.8867582275200829,0.9596186203028604
0.8867582275200829,0.9598877980364656
0.8864990930292822,0.9598765432098766
0.8864990930292822,0.960145944428852
0.8862399585384815,0.9601347557551937
0.8859808240476807,0.9601235607975288
0.8859808240476807,0.9603932584269663
0.88572168955688,0.9603821298117449
0.88572168955688,0.9606520517144463
0.8854625550660793,0.9606409895979758
0.8852034205752786,0.9606299212598425
0.8852034205752786,0.960900140646976
0.8849442860844778,0.9608891389983117
0.8846851515936771,0.9608781311567689
0.8844260171028764,0.9608671171171171
0.8841668826120757,0.96085609687412
0.8839077481212749,0.9608450704225352
0.8836486136304742,0.9608340377571147
0.8833894791396735,0.9608229988726043
0.8831303446488727,0.9608119537637441
0.882871210158072,0.9608009024252679
0.882871210158072,0.9610719322990127
0.8826120756672713,0.9610609480812641
0.8823529411764706,0.9610499576629975
0.8823529411764706,0.961321287408244
0.8818346721948691,0.9612994350282486
0.8818346721948691,0.9615710652726759
0.8818346721948691,0.9618428490672697
0.8815755377040684,0.9618320610687023
0.8813164032132677,0.9618212669683258
0.8813164032132677,0.9620933521923621
0.8810572687224669,0.9620826259196378
0.8810572687224669,0.9623549391452024
0.8807981342316662,0.9623442808607021
0.8805389997408655,0.962333616539224
0.8802798652500647,0.9623229461756374
0.880020730759264,0.9623122697648059
0.8797615962684633,0.9623015873015873
0.8795024617776626,0.9622908987808335
0.8792433272868618,0.9622802041973908
0.8789841927960611,0.9622695035460993
0.8787250583052604,0.9622587968217934
0.8784659238144598,0.9622480840193017
0.8784659238144598,0.9625212947189097
0.878206789323659,0.9625106503834138
0.878206789323659,0.9627840909090909
0.8779476548328583,0.9627735152031828
0.8776885203420576,0.9627629334849346
0.8776885203420576,0.9630366789877737
0.8774293858512568,0.9630261660978384
0.8771702513604561,0.9630156472261735
0.8769111168696554,0.9630051223676722
0.8766519823788547,0.9629945915172218
0.8766519823788547,0.9632687927107062
0.8763928478880539,0.9632583309598405
0.8763928478880539,0.9635327635327635
0.8761337133972532,0.963522371045882
0.8758745789064525,0.9635119726339795
0.8756154444156518,0.9635015682919874
0.875356309924851,0.9634911580148318
0.8750971754340503,0.9634807417974323
0.8748380409432496,0.9634703196347032
0.8745789064524488,0.963459891521553
0.8745789064524488,0.9637350085665334
0.8743197719616481,0.9637246500999714
0.8740606374708474,0.9637142857142857
0.8738015029800467,0.9637039154044013
0.8735423684892459,0.9636935391652373
0.8732832339984452,0.9636831569917071
0.8732832339984452,0.9639588100686499
0.8730240995076445,0.9639484978540772
0.8727649650168438,0.9639381797366915
0.872505830526043,0.9639278557114228
0.8722466960352423,0.9639175257731959
0.8719875615444416,0.9639071899169293
0.8717284270536408,0.9638968481375358
0.8714692925628401,0.9638865004299226
0.8714692925628401,0.9641628440366973
0.8712101580720394,0.964152566676226
0.8709510235812387,0.9641422834193919
0.8706918890904379,0.9641319942611191
0.8704327545996372,0.9641216991963261
0.8701736201088365,0.9641113982199253
0.8699144856180357,0.9641010913268236
0.869655351127235,0.9640907785119218
0.8693962166364343,0.9640804597701149
0.8691370821456336,0.964070135096292
0.8691370821456336,0.9643473260494537
0.8688779476548328,0.9643370721886684
0.8686188131640321,0.9643268124280783
0.8683596786732314,0.9643165467625899
0.8681005441824307,0.9643062751871042
0.8678414096916299,0.964295997696516
0.8675822752008292,0.9642857142857143
0.8673231407100285,0.9642754249495823
0.866804871728427,0.9642548284808302
0.866804871728427,0.9645328719723183
0.8665457372376263,0.9645226420536487
0.8662866027468256,0.9645124062319677
0.8660274682560248,0.9645021645021645
0.8657683337652241,0.9644919168591224
0.8655091992744234,0.9644816632977188
0.8652500647836227,0.9644714038128249
0.8649909302928219,0.9644611383993066
0.8647317958020212,0.9644508670520231
0.8644726613112205,0.9644405897658282
0.8642135268204199,0.9644303065355697
0.8639543923296191,0.9644200173560891
0.8636952578388184,0.9644097222222222
0.8634361233480177,0.9643994211287988
0.8631769888572169,0.9643891140706428
0.8629178543664162,0.9643788010425717
0.8626587198756155,0.9643684820393974
0.8623995853848148,0.9643581570559259
0.8623995853848148,0.9646376811594203
0.862140450894014,0.9646274282400696
0.8618813164032133,0.9646171693735499
0.8616221819124126,0.9646069045546852
0.8613630474216118,0.9645966337782936
0.8613630474216118,0.9648766328011611
0.8611039129308111,0.9648664343786295
0.8608447784400104,0.9648562300319489
0.8605856439492097,0.9648460197559559
0.8603265094584089,0.9648358035454809
0.8600673749676082,0.9648255813953488
0.8598082404768075,0.964815353300378
0.8595491059860068,0.964805119255381
0.859289971495206,0.9647948792551644
0.8590308370044053,0.9647846332945286
0.8587717025136046,0.9647743813682679
0.8585125680228038,0.9647641234711707
0.8582534335320031,0.9647538595980192
0.8579942990412024,0.9647435897435898
0.8579942990412024,0.9650247741183329
0.8577351645504017,0.9650145772594753
0.8574760300596009,0.9650043744531933
0.8572168955688002,0.9649941656942824
0.8572168955688002,0.9652757513860519
0.8569577610779995,0.9652656158785756
0.8569577610779995,0.9655474452554744
0.8566986265871988,0.9655373831775701
0.856439492096398,0.9655273152205668
0.856439492096398,0.9658094681472823
0.856439492096398,0.9660917860274774
0.8561803576055973,0.9660818713450292
0.8559212231147966,0.9660719508628254
0.8556620886239958,0.9660620245757753
0.8554029541331951,0.9660520924787825
0.8551438196423944,0.9660421545667447
0.8548846851515937,0.9660322108345535
0.8546255506607929,0.9660222612770943
0.8546255506607929,0.9663053032522707
0.8543664161699922,0.966295427901524
0.8541072816791915,0.9662855467604808
0.8538481471883907,0.966275659824047
0.85358901269759,0.9662657670871223
0.8533298782067893,0.966255868544601
0.8533298782067893,0.9665394775462284
0.8530707437159886,0.9665296535525543
0.8528116092251878,0.9665198237885463
0.8525524747343871,0.9665099882491187
0.8522933402435864,0.9665001469291802
0.8520342057527857,0.9664902998236331
0.8517750712619849,0.9664804469273743
0.8515159367711842,0.9664705882352941
0.8512568022803835,0.9664607237422771
0.8512568022803835,0.966745144202472
0.8509976677895827,0.9667353547247571
0.850738533298782,0.9667255594817432
0.8504793988079813,0.9667157584683358
0.8502202643171806,0.9667059516794343
0.84996112982638,0.9666961391099322
0.8497019953355792,0.9666863207547169
0.8494428608447785,0.96667649660867
0.8494428608447785,0.9669616519174041
0.8491837263539778,0.966951903216288
0.848924591863177,0.9669421487603306
0.8486654573723763,0.9669323885444346
0.8484063228815756,0.9669226225634967
0.8481471883907749,0.9669128508124076
0.8478880538999741,0.966903073286052
0.8476289194091734,0.9668932899793083
0.8473697849183727,0.9668835008870491
0.8471106504275719,0.9668737060041408
0.8471106504275719,0.9671597633136094
0.8471106504275719,0.9674459899378515
0.8468515159367712,0.9674363528715216
0.8465923814459705,0.9674267100977199
0.8463332469551698,0.9674170616113744
0.8463332469551698,0.9677037037037037
0.846074112464369,0.9676941315945465
0.8458149779735683,0.967684553809665
0.8455558434827676,0.9676749703440095
0.8452967089919668,0.9676653811925244
0.8450375745011661,0.9676557863501484
0.8447784400103654,0.9676461858118136
0.8445193055195647,0.9676365795724465
0.8442601710287639,0.9676269676269676
0.8440010365379632,0.9676173499702911
0.8437419020471625,0.9676077265973254
0.8434827675563618,0.9675980975029727
0.843223633065561,0.9675884626821291
0.8429644985747603,0.9675788221296847
0.8427053640839596,0.9675691758405236
0.8424462295931588,0.9675595238095238
0.8421870951023581,0.967549866031557
0.8421870951023581,0.9678379988088148
0.8419279606115574,0.967828418230563
0.8416688261207567,0.9678188319427891
0.8414096916299559,0.9678092399403875
0.8411505571391552,0.9677996422182469
0.8408914226483545,0.9677900387712496
0.8406322881575538,0.9677804295942721
0.840373153666753,0.9677708146821844
0.840373153666753,0.9680597014925373
0.8401140191759523,0.9680501642281278
0.8398548846851516,0.9680406212664278
0.8395957501943508,0.9680310726023305
0.8395957501943508,0.968320382546324
0.8395957501943508,0.968609865470852
0.8395957501943508,0.9688995215311005
0.8395957501943508,0.969189350882441
0.8395957501943508,0.9694793536804309
0.8393366157035501,0.9694702184974558
0.8393366157035501,0.9697604790419162
0.8390774812127494,0.9697514225816113
0.8388183467219487,0.969742360695027
0.8385592122311479,0.969733293377285
0.8383000777403472,0.9697242206235012
0.8380409432495465,0.9697151424287856
0.8377818087587457,0.9697060587882423
0.837522674267945,0.9696969696969697
0.8372635397771443,0.96968787515006
0.8370044052863436,0.9696787751425998
0.8367452707955428,0.9696696696696697
0.8364861363047421,0.9696605587263443
0.8362270018139414,0.9696514423076923
0.8359678673231407,0.9696423204087766
0.83570873283234,0.9696331930246542
0.83570873283234,0.9699248120300752
0.8354495983415393,0.9699157641395909
0.8354495983415393,0.9702076436954559
0.8351904638507386,0.9701986754966887
0.8349313293599379,0.9701897018970189
0.8346721948691371,0.9701807228915663
0.8344130603783364,0.9701717384754444
0.8341539258875357,0.9701627486437613
0.833894791396735,0.9701537533916189
0.833894791396735,0.9704463208685162
0.833894791396735,0.9707390648567119
0.8336356569059342,0.9707302353651177
0.8336356569059342,0.9710232417748265
0.8333765224151335,0.9710144927536232
0.8331173879243328,0.971005738447599
0.832858253433532,0.9709969788519638
0.8325991189427313,0.970988213961922
0.8323399844519306,0.9709794437726723
0.8323399844519306,0.9712730571514968
0.8320808499611299,0.9712643678160919
0.8320808499611299,0.9715582450832073
0.8318217154703291,0.9715496368038741
0.8315625809795284,0.9715410233121404
0.8313034464887277,0.9715324046032707
0.8313034464887277,0.9718267191760073
0.8310443119979269,0.9718181818181818
0.8307851775071262,0.9718096392846317
0.8305260430163255,0.9718010915706489
0.8302669085255248,0.9717925386715196
0.830007774034724,0.9717839805825242
0.8297486395439233,0.9717754172989378
0.8294895050531226,0.9717668488160291
0.8292303705623219,0.9720534629404617
0.8289712360715211,0.972044971133394
0.8289712360715211,0.9723404255319149
0.8287121015807204,0.9723320158102767
0.8284529670899197,0.972323600973236
0.8281938325991189,0.9723151810161241
0.8279346981083182,0.9723067559342666
0.8276755636175175,0.9722983257229832
0.8274164291267168,0.9722898903775883
0.827157294635916,0.9722814498933902
0.8268981601451153,0.9722730042656916
0.8266390256543146,0.9722645534897897
0.8263798911635138,0.9722560975609756
0.8261207566727131,0.9722476364745349
0.8258616221819124,0.9722391702257475
0.8256024876911117,0.9722306988098871
0.8256024876911117,0.9725274725274725
0.8253433532003109,0.9725190839694656
0.8250842187095102,0.9725106902871106
0.8248250842187095,0.9725022914757103
0.8245659497279088,0.9724938875305623
0.8245659497279088,0.972791195353103
0.824306815237108,0.972782874617737
0.8240476807463073,0.9727745487916795
0.8237885462555066,0.9727662178702571
0.8235294117647058,0.972757881848791
0.8232702772739051,0.9727495407225965
0.8232702772739051,0.9730474732006126
0.8230111427831044,0.9730392156862745
0.8227520082923037,0.9730309531106344
0.8224928738015029,0.9730226854690374
0.8222337393107022,0.9730144127568231
0.8219746048199015,0.9730061349693252
0.8217154703291008,0.9729978521018717
0.8214563358383,0.9729895641497851
0.8211972013474994,0.972981271108382
0.8209380668566987,0.972972972972973
0.820678932365898,0.9729646697388633
0.8204197978750972,0.9729563614013522
0.8201606633842965,0.9729480479557332
0.8201606633842965,0.9732472324723247
0.8199015288934958,0.9732390033835743
0.8199015288934958,0.9735384615384616
0.819642394402695,0.9738300492610837
0.8193832599118943,0.9738219895287958
0.8193832599118943,0.9741219963031423
0.8191241254210936,0.9741140215716487
0.8188649909302929,0.9741060419235512
0.8186058564394921,0.9740980573543015
0.8183467219486914,0.974090067859346
0.8180875874578907,0.9740820734341252
0.81782845296709,0.9740740740740741
0.81782845296709,0.9743748070392096
0.8175693184762892,0.974366893143916
0.8175693184762892,0.9746679023787458
0.8173101839854885,0.9746600741656366
0.8173101839854885,0.9749613601236476
0.8170510494946878,0.9749536178107606
0.8170510494946878,0.9752551809464893
0.816791915003887,0.9752475247524752
0.8165327805130863,0.975239863819251
0.8162736460222856,0.9752321981424149
0.8160145115314849,0.9752245277175596
0.8160145115314849,0.9755266418835192
0.8157553770406841,0.9755190579485591
0.8154962425498834,0.9755114693118413
0.8154962425498834,0.9758139534883721
0.8152371080590827,0.9758064516129032
0.8152371080590827,0.9761092150170648
0.8149779735682819,0.9761018001241465
0.8149779735682819,0.9764048432163924
0.8147188390774812,0.9763975155279503
0.8144597045866805,0.976390183286735
0.8142005700958798,0.9763828464885022
0.813941435605079,0.9763755051290022
0.8136823011142783,0.9763681592039801
0.8134231666234776,0.9763608087091757
0.8131640321326769,0.9763534536403236
0.8131640321326769,0.976657329598506
0.8131640321326769,0.976961394769614
0.8129048976418761,0.9769542198691996
0.8126457631510754,0.9769470404984424
0.8126457631510754,0.977251480211904
0.8126457631510754,0.9775561097256857
0.8123866286602747,0.9775491113189897
0.8121274941694739,0.9775421085464754
0.8118683596786732,0.9775351014040562
0.8116092251878725,0.9775280898876404
0.8113500906970718,0.9775210739931315
0.811090956206271,0.9775140537164272
0.8108318217154703,0.9775070290534208
0.8105726872246696,0.9775
0.8105726872246696,0.9778055642388246
0.8103135527338688,0.9777986241400876
0.8100544182430681,0.9777916796997185
0.8100544182430681,0.9780976220275344
0.8097952837522674,0.9780907668231612
0.8095361492614667,0.9780839073262367
0.8092770147706659,0.9780770435327278
0.8090178802798652,0.9780701754385965
0.8087587457890645,0.9780633030397994
0.8084996112982638,0.9780564263322884
0.808240476807463,0.97804954531201
0.8079813423166623,0.9780426599749059
0.8077222078258616,0.9780357703169125
0.8074630733350608,0.9780288763339611
0.8074630733350608,0.9783359497645212
0.8072039388442601,0.9783291457286433
0.8069448043534595,0.9783223374175306
0.8066856698626588,0.9783155248271528
0.806426535371858,0.9783087079534738
0.806426535371858,0.9786163522012579
0.8061674008810573,0.9786096256684492
0.8059082663902566,0.9786028949024543
0.8056491318994559,0.9785961598992761
0.8053899974086551,0.9785894206549118
0.8051308629178544,0.9785826771653543
0.8051308629178544,0.9788909892879647
0.8048717284270537,0.978884336589978
0.804612593936253,0.9788776796973518
0.804612593936253,0.97918637653737
0.8043534594454522,0.979179810725552
0.8040943249546515,0.9791732407699589
0.8040943249546515,0.9794823232323232
0.8038351904638508,0.9794758446479318
0.80357605597305,0.9794693619709413
0.8033169214822493,0.9794628751974723
0.8030577869914486,0.979456384323641
0.8027986525006479,0.979449889345558
0.8025395180098471,0.9794433902593296
0.8022803835190464,0.9794368870610566
0.8020212490282457,0.9794303797468354
0.8020212490282457,0.9797404241848686
0.8020212490282457,0.9800506649778341
0.801762114537445,0.9800443458980045
0.8015029800466442,0.9800380228136882
0.8012438455558435,0.9800316957210776
0.8009847110650428,0.9800253646163601
0.800725576574242,0.9800190294957184
0.8004664420834413,0.9800126903553299
0.8002073075926406,0.9800063471913678
0.7999481731018399,0.98
0.7996890386110391,0.9799936487773896
0.7996890386110391,0.9803049555273189
0.7994299041202384,0.9802986971719098
0.7991707696294377,0.9802924348378894
0.7989116351386369,0.9802861685214627
0.7986525006478362,0.9802798982188295
0.7986525006478362,0.9805917912822144
0.7983933661570355,0.9805856142584342
0.7983933661570355,0.9808978032473734
0.7981342316662348,0.9808917197452229
0.797875097175434,0.9808856323669959
0.7976159626846333,0.9808795411089866
0.7973568281938326,0.9808734459674848
0.7970976937030319,0.9808673469387755
0.7968385592122311,0.9808612440191388
0.7965794247214304,0.9808551372048501
0.7963202902306297,0.98084902649218
0.7960611557398289,0.9808429118773946
0.7958020212490282,0.980836793356755
0.7955428867582275,0.9808306709265175
0.7952837522674268,0.9808245445829339
0.7952837522674268,0.9811381074168798
0.795024617776626,0.9811320754716981
0.7947654832858253,0.9811260396673065
0.7945063487950246,0.98112
0.7942472143042238,0.9811139564660691
0.7939880798134231,0.9811079090617996
0.7937289453226224,0.9811018577834721
0.7937289453226224,0.9814162127523229
0.7934698108318217,0.9814102564102564
0.7932106763410209,0.9814042962487977
0.7929515418502202,0.981398332264272
0.7926924073594196,0.9813923644529997
0.7924332728686189,0.9813863928112966
0.7921741383778181,0.9813804173354735
0.7921741383778181,0.9816955684007708
0.7919150038870174,0.9816896884034694
0.7916558693962167,0.9816838046272494
0.791396734905416,0.9816779170684667
0.7911376004146152,0.9819877774203924
0.7908784659238145,0.9819819819819819
0.7906193314330138,0.9819761828130029
0.790360196942213,0.9819703799098519
0.7901010624514123,0.9819645732689211
0.7898419279606116,0.9819587628865979
0.7898419279606116,0.9822752175314212
0.7895827934698109,0.9822695035460993
0.7893236589790101,0.982263785875524
0.7890645244882094,0.9822580645161291
0.7888053899974087,0.9822523394643433
0.788546255506608,0.9822466107165914
0.7882871210158072,0.9822408782692928
0.7880279865250065,0.9822351421188631
0.7877688520342058,0.9822294022617124
0.787509717543405,0.9822236586942469
0.7872505830526043,0.9822179114128677
0.7869914485618036,0.9822121604139715
0.7867323140710029,0.9822064056939501
0.7864731795802021,0.982200647249191
0.7862140450894014,0.9821948850760764
0.7859549105986007,0.9821891191709845
0.7856957761078,0.9821833495302883
0.7856957761078,0.9825016202203499
0.7854366416169992,0.9824959481361426
0.7851775071261985,0.9824902723735408
0.7849183726353978,0.9824845929289653
0.784659238144597,0.9824789097988319
0.7844001036537963,0.9824732229795521
0.7841409691629956,0.9824675324675325
0.7841409691629956,0.9827866190321533
0.7838818346721949,0.9827810266406758
0.7836227001813941,0.9827754306142347
0.7833635656905934,0.9827698309492848
0.7831044311997927,0.9827642276422764
0.782845296708992,0.9827586206896551
0.7825861622181912,0.982753010087862
0.7823270277273905,0.9827473958333334
0.7820678932365898,0.9827417779225008
0.781808758745789,0.9827361563517916
0.7815496242549883,0.9827305311176279
0.7812904897641876,0.9827249022164276
0.7810313552733869,0.9827192696446039
0.7807722207825861,0.9827136333985649
0.7805130862917854,0.9827079934747145
0.7802539518009847,0.9827023498694517
0.7799948173101839,0.9826967025791707
0.7797356828193832,0.9826910516002613
0.7794765483285825,0.9826853969291082
0.7792174138377818,0.9826797385620915
0.778958279346981,0.9826740764955868
0.7786991448561803,0.9826684107259647
0.7784400103653797,0.9826627412495911
0.778180875874579,0.9826570680628273
0.7779217413837782,0.9826513911620295
0.7776626068929775,0.9826457105435494
0.7774034724021768,0.982640026203734
0.777144337911376,0.9826343381389253
0.777144337911376,0.9829564077351688
0.7768852034205753,0.9829508196721312
0.7766260689297746,0.9829452279435881
0.7763669344389739,0.9829396325459318
0.7761077999481731,0.9829340334755498
0.7761077999481731,0.9832567301378857
0.7758486654573724,0.9832512315270936
0.7755895309665717,0.9832457293035479
0.775330396475771,0.9832402234636871
0.7750712619849702,0.9832347140039448
0.7750712619849702,0.9835580401183821
0.7750712619849702,0.9838815789473684
0.7748121274941695,0.9838762750904902
0.7745529930033688,0.9838709677419355
0.774293858512568,0.9838656568982549
0.7740347240217673,0.9838603425559947
0.7740347240217673,0.9841845140032949
0.7737755895309666,0.984179301252472
0.7735164550401659,0.9841740850642928
0.7732573205493651,0.9841688654353562
0.7729981860585644,0.9841636423622567
0.7727390515677637,0.9841584158415841
0.772479917076963,0.9841531858699241
0.7722207825861622,0.9841479524438573
0.7719616480953615,0.9841427155599604
0.7717025136045608,0.984137475214805
0.77144337911376,0.9841322314049586
0.7711842446229593,0.9841269841269841
0.7709251101321586,0.9841217333774396
0.7706659756413579,0.9841164791528789
0.7704068411505571,0.9841112214498511
0.7701477066597564,0.9841059602649007
0.7698885721689557,0.9841006955945677
0.769629437678155,0.9840954274353877
0.7693703031873542,0.9840901557838913
0.7691111686965535,0.9840848806366048
0.7688520342057528,0.9840796019900497
0.768592899714952,0.9840743198407432
0.7683337652241513,0.9840690341851974
0.7680746307333506,0.9840637450199203
0.7678154962425499,0.9840584523414148
0.7675563617517491,0.9840531561461794
0.7672972272609484,0.9840478564307079
0.7670380927701477,0.9840425531914894
0.7670380927701477,0.984369803791154
0.766778958279347,0.9843646041250832
0.7665198237885462,0.9843594009983361
0.7662606892977455,0.9843541944074568
0.7660015548069448,0.9843489843489843
0.765742420316144,0.9843437708194537
0.7654832858253433,0.9843385538153949
0.7652241513345426,0.9843333333333333
0.7649650168437419,0.98432810936979
0.7647058823529411,0.9843228819212808
0.7644467478621404,0.9843176509843177
0.7641876133713398,0.9843124165554072
0.763928478880539,0.9843071786310518
0.7636693443897383,0.9843019372077488
0.7634102098989376,0.9842966922819913
0.7631510754081369,0.9842914438502673
0.7628919409173361,0.9842861919090605
0.7626328064265354,0.9842809364548495
0.7623736719357347,0.9842756774841084
0.762114537444934,0.9842704149933066
0.762114537444934,0.9845999330431872
0.7618554029541332,0.9845947756195579
0.7618554029541332,0.9849246231155779
0.7615962684633325,0.9849195710455764
0.7613371339725318,0.9849145155883339
0.761077999481731,0.9849094567404426
0.7608188649909303,0.9849043944984904
0.7608188649909303,0.9852348993288591
0.7605597305001296,0.9852299429338705
0.7603005960093289,0.9852249832102082
0.7600414615185281,0.9852200201545179
0.7597823270277274,0.9852150537634409
0.7595231925369267,0.9852100840336134
0.759264058046126,0.9852051109616677
0.7590049235553252,0.9852001345442314
0.7587457890645245,0.9851951547779273
0.7584866545737238,0.985190171659374
0.758227520082923,0.9851851851851852
0.7579683855921223,0.9851801953519703
0.7577092511013216,0.9851752021563343
0.7574501166105209,0.985170205594877
0.7571909821197201,0.9851652056641942
0.7569318476289194,0.9851602023608769
0.7566727131381187,0.9851551956815114
0.756413578647318,0.9851501856226798
0.7561544441565172,0.9851451721809588
0.7558953096657165,0.9851401553529213
0.7556361751749158,0.9851351351351352
0.755377040684115,0.9851301115241635
0.7551179061933143,0.9851250845165652
0.7548587717025136,0.9851200541088941
0.7548587717025136,0.9854533152909337
0.7545996372117129,0.9854483925549915
0.7543405027209121,0.9854434664861205
0.7540813682301114,0.9854385370809347
0.7538222337393107,0.9854336043360433
0.75356309924851,0.9854286682480515
0.7533039647577092,0.9854237288135593
0.7530448302669085,0.9854187860291624
0.7527856957761078,0.9854138398914518
0.752526561285307,0.985408890397014
0.7522674267945063,0.9854039375424304
0.7522674267945063,0.9857385398981324
0.7520082923037056,0.985733695652174
0.7517491578129049,0.9857288481141692
0.7514900233221041,0.9857239972807614
0.7512308888313034,0.9857191431485889
0.7509717543405027,0.9857142857142858
0.7509717543405027,0.986049676760803
0.7504534853589012,0.986040177051413
0.7501943508681005,0.9860354223433242
0.7499352163772999,0.98603066439523
0.7496760818864991,0.9860259032038173
0.7494169473956984,0.9860211387657688
0.7491578129048977,0.9860163710777626
0.748898678414097,0.9860116001364722
0.7486395439232962,0.9860068259385666
0.7483804094324955,0.9860020484807102
0.7481212749416948,0.9859972677595629
0.747862140450894,0.98599248377178
0.7476030059600933,0.9859876965140123
0.7473438714692926,0.9859829059829059
0.7470847369784919,0.9859781121751026
0.7468256024876911,0.9859733150872392
0.7465664679968904,0.9859685147159479
0.746048199015289,0.9859589041095891
0.7457890645244882,0.9859540938677629
0.7455299300336875,0.9859492803289924
0.7452707955428868,0.9859444634898868
0.745011661052086,0.9859396433470508
0.7447525265612853,0.9859348198970841
0.7444933920704846,0.985929993136582
0.7442342575796839,0.9859251630621353
0.7439751230888831,0.9859203296703297
0.7434568541072817,0.9859106529209622
0.743197719616481,0.9859058095565486
0.7429385851256802,0.9859009628610729
0.7426794506348795,0.9858961128310973
0.7424203161440788,0.9858912594631797
0.7424203161440788,0.9862306368330465
0.742161181653278,0.9862258953168044
0.7419020471624773,0.9862211505339304
0.7419020471624773,0.9865609924190214
0.7416429126716766,0.9865563598759048
0.7413837781808759,0.986551724137931
0.7411246436900751,0.9865470852017937
0.7408655091992744,0.9865424430641822
0.7408655091992744,0.9868829823955816
0.7406063747084737,0.986878453038674
0.740347240217673,0.986873920552677
0.740347240217673,0.9872149274360746
0.7400881057268722,0.9872105081230557
0.7400881057268722,0.9875518672199171
0.7398289712360715,0.9875475613974404
0.7395698367452708,0.9875432525951557
0.73931070225447,0.9875389408099688
0.7390515677636693,0.9875346260387812
0.7387924332728686,0.9875303082784898
0.7385332987820679,0.9875259875259875
0.7382741642912671,0.9875216637781629
0.7380150298004664,0.9875173370319001
0.7377558953096657,0.9875130072840791
0.737496760818865,0.9875086745315753
0.7372376263280642,0.98750433877126
0.7369784918372635,0.9875
0.7367193573464628,0.9874956582146579
0.736460222855662,0.9874913134120917
0.7362010883648613,0.9874869655891554
0.7359419538740606,0.9874826147426982
0.73568281938326,0.9874782608695652
0.7354236848924592,0.9874739039665971
0.7351645504016585,0.98746954403063
0.7349054159108578,0.9874651810584958
0.7346462814200571,0.987460815047022
0.7346462814200571,0.9878048780487805
0.7343871469292563,0.9878006273963054
0.7341280124384556,0.9877963737796374
0.7338688779476549,0.987792117195675
0.7336097434568541,0.9877878576413119
0.7333506089660534,0.987783595113438
0.7330914744752527,0.9877793296089385
0.732832339984452,0.9877750611246944
0.7325732054936512,0.9877707896575821
0.7323140710028505,0.987766515204474
0.7320549365120498,0.9877622377622378
0.731795802021249,0.987757957327737
0.7315366675304483,0.9877536738978306
0.7312775330396476,0.9877493874693735
0.7310183985488469,0.9877450980392157
0.7307592640580461,0.9877408056042032
0.7305001295672454,0.9877365101611773
0.7302409950764447,0.9877322117069751
0.729981860585644,0.9877279102384292
0.7297227260948432,0.9877236057523676
0.7294635916040425,0.987719298245614
0.7292044571132418,0.9877149877149877
0.7292044571132418,0.988061797752809
0.728945322622441,0.9880576044959607
0.7286861881316403,0.9880534082923401
0.7284270536408396,0.9880492091388401
0.7281679191500389,0.9880450070323488
0.7279087846592381,0.9880408019697503
0.7276496501684374,0.988036593947924
0.7276496501684374,0.9883843717001056
0.7273905156776367,0.9883802816901408
0.727131381186836,0.9883761887988728
0.7268722466960352,0.9883720930232558
0.7266131122052345,0.9883679943602397
0.7263539777144338,0.9883638928067701
0.726094843223633,0.9883597883597883
0.7258357087328323,0.9883556810162315
0.7255765742420316,0.9883515707730322
0.7253174397512309,0.9883474576271186
0.7250583052604301,0.988343341575415
0.7247991707696294,0.988339222614841
0.7245400362788287,0.9883351007423118
0.724280901788028,0.9883309759547383
0.7240217672972272,0.9883268482490273
0.7237626328064265,0.9883227176220807
0.7235034983156258,0.9883185840707964
0.723244363824825,0.988314447592068
0.7229852293340243,0.9883103081827843
0.7227260948432236,0.9883061658398299
0.7224669603524229,0.9883020205600851
0.7222078258616221,0.9882978723404255
0.7219486913708214,0.9882937211777226
0.7216895568800207,0.9882895670688432
0.72143042238922,0.9882854100106496
0.7211712878984193,0.98828125
0.7209121534076186,0.9882770870337477
0.7206530189168179,0.988272921108742
0.7203938844260172,0.9882687522218272
0.7201347499352164,0.9882645803698435
0.7198756154444157,0.9882604055496265
0.719616480953615,0.9882562277580071
0.7193573464628142,0.988252046991812
0.7190982119720135,0.9882478632478633
0.7188390774812128,0.9882436765229783
0.7185799429904121,0.9882394868139701
0.7183208084996113,0.9882352941176471
0.7180616740088106,0.9882310984308131
0.7178025395180099,0.9882268997502676
0.7175434050272091,0.9882226980728052
0.7172842705364084,0.988218493395216
0.7170251360456077,0.9882142857142857
0.716766001554807,0.9882100750267953
0.7165068670640062,0.988205861329521
0.7162477325732055,0.9882016446192349
0.7162477325732055,0.9885550786838341
0.7159885980824048,0.9885509838998211
0.715729463591604,0.9885468861846815
0.7154703291008033,0.9885427855352668
0.7152111946100026,0.9885386819484241
0.7149520601192019,0.9885345754209961
0.7146929256284011,0.9885304659498207
0.7144337911376004,0.9885263535317318
0.7141746566467997,0.9885222381635581
0.713915522155999,0.9885181198421241
0.7136563876651982,0.9885139985642498
0.7133972531743975,0.9885098743267504
0.7131381186835968,0.9885057471264368
0.712878984192796,0.988501616960115
0.7126198497019953,0.9884974838245866
0.7123607152111946,0.9884933477166487
0.7121015807203939,0.9884892086330935
0.7118424462295931,0.9884850665707089
0.7115833117387924,0.9884809215262779
0.7113241772479917,0.988476773496579
0.711065042757191,0.9884726224783862
0.7108059082663902,0.9884684684684685
0.7108059082663902,0.9888248017303533
0.7105467737755895,0.988820771727371
0.7102876392847888,0.9888167388167388
0.710028504793988,0.9888127029953085
0.7097693703031873,0.9888086642599277
0.7095102358123866,0.9888046226074395
0.7092511013215859,0.9888005780346821
0.7089919668307851,0.9887965305384894
0.7087328323399844,0.9887924801156905
0.7084736978491837,0.9887884267631103
0.708214563358383,0.9887843704775687
0.7079554288675822,0.9887803112558813
0.7076962943767815,0.9887762490948588
0.7074371598859808,0.9887721839913075
0.70717802539518,0.988768115942029
0.7069188909043794,0.9887640449438202
0.7066597564135787,0.9887599709934736
0.706400621922778,0.9887558940877765
0.7061414874319772,0.9887518142235123
0.7058823529411765,0.9887477313974592
0.7056232184503758,0.9887436456063907
0.7053640839595751,0.9887395568470759
0.7051049494687743,0.9887354651162791
0.7048458149779736,0.9887313704107598
0.7045866804871729,0.9887272727272727
0.7043275459963722,0.9887231720625682
0.7040684115055714,0.9887190684133915
0.7038092770147707,0.9887149617764834
0.70355014252397,0.9887108521485798
0.7032910080331692,0.9887067395264116
0.7030318735423685,0.9887026239067055
0.7027727390515678,0.988698505286183
0.7025136045607671,0.9886943836615609
0.7022544700699663,0.9886902590295512
0.7022544700699663,0.9890510948905109
0.7022544700699663,0.9894121942314713
0.7019953355791656,0.9894083272461651
0.7017362010883649,0.9894044574351479
0.7014770665975641,0.9894005847953217
0.7012179321067634,0.9893967093235831
0.7009587976159627,0.9893928310168252
0.700699663125162,0.9893889498719356
0.7004405286343612,0.989385065885798
0.7001813941435605,0.9893811790552911
0.6999222596527598,0.9893772893772894
0.699663125161959,0.9893733968486625
0.6994039906711583,0.9893695014662757
0.6991448561803576,0.9893656032269894
0.6988857216895569,0.9893617021276596
0.6986265871987561,0.9893577981651376
0.6983674527079554,0.9893538913362702
0.6981083182171547,0.9893499816378993
0.697849183726354,0.9893460690668626
0.6975900492355532,0.9893421536199927
0.6973309147447525,0.9893382352941177
0.6970717802539518,0.9893343140860611
0.696812645763151,0.9893303899926417
0.6965535112723503,0.9893264630106735
0.6962943767815496,0.9893225331369662
0.6960352422907489,0.9893186003683241
0.6957761077999481,0.9893146647015475
0.6955169733091474,0.9893107261334316
0.6952578388183467,0.9893067846607669
0.694998704327546,0.9893028402803393
0.6947395698367452,0.9892988929889299
0.6944804353459445,0.9892949427833149
0.6942213008551438,0.9892909896602659
0.6942213008551438,0.9896564462504618
0.693962166364343,0.9896526237989652
0.6937030318735423,0.989648798521257
0.6934438973827416,0.9896449704142012
0.6931847628919409,0.9896411394746578
0.6929256284011401,0.9896373056994818
0.6926664939103395,0.9896334690855239
0.6924073594195388,0.9896296296296296
0.6921482249287381,0.9896257873286403
0.6918890904379373,0.9896219421793921
0.6916299559471366,0.989618094178717
0.6913708214563359,0.9896142433234422
0.6913708214563359,0.9899814471243042
0.6911116869655352,0.9899777282850779
0.6908525524747344,0.9899740066839955
0.6908525524747344,0.9903417533432393
0.6905934179839337,0.9903381642512077
0.690334283493133,0.9903345724907063
0.6900751490023322,0.9903309780587579
0.6898160145115315,0.9903273809523809
0.6895568800207308,0.9903237811685895
0.6892977455299301,0.9903201787043932
0.6890386110391293,0.990316573556797
0.6887794765483286,0.9903129657228018
0.6885203420575279,0.9903093551994037
0.6882612075667272,0.9903057419835943
0.6880020730759264,0.990302126072361
0.6877429385851257,0.9902985074626866
0.687483804094325,0.990294886151549
0.6872246696035242,0.9902912621359223
0.6869655351127235,0.9902876354127755
0.6867064006219228,0.9902840059790733
0.6864472661311221,0.9902803738317757
0.6861881316403213,0.9902767389678384
0.6859289971495206,0.9902731013842125
0.6856698626587199,0.9902694610778443
0.6854107281679191,0.9902658180456758
0.6851515936771184,0.9902621722846442
0.6848924591863177,0.9902585237916823
0.684633324695517,0.9902548725637181
0.6843741902047162,0.9902512185976753
0.6841150557139155,0.9902475618904726
0.6838559212231148,0.9902439024390244
0.683596786732314,0.9902402402402403
0.6833376522415133,0.9902365752910252
0.6830785177507126,0.9902329075882795
0.6828193832599119,0.9902292371288989
0.6825602487691111,0.9902255639097745
0.6823011142783104,0.9902218879277924
0.6820419797875097,0.9902182091798345
0.681782845296709,0.9902145276627776
0.6815237108059082,0.990210843373494
0.6812645763151075,0.9902071563088513
0.6810054418243068,0.9902034664657121
0.680746307333506,0.9901997738409348
0.6804871728427053,0.9901960784313726
0.6802280383519046,0.990192380233874
0.6802280383519046,0.9905660377358491
0.6799689038611039,0.990562476406191
0.6797097693703031,0.9905589123867069
0.6794506348795024,0.9905553456743483
0.6791915003887017,0.990551776266062
0.678932365897901,0.9905482041587902
0.6786732314071002,0.9905446293494705
0.6784140969162996,0.9905410518350359
0.6781549624254989,0.9905374716124148
0.6781549624254989,0.9909125331313896
0.6778958279346982,0.990909090909091
0.6776366934438974,0.9909056460780599
0.6773775589530967,0.9909021986353298
0.677118424462296,0.9908987485779295
0.6768592899714952,0.9908952959028832
0.6766001554806945,0.9908918406072106
0.6763410209898938,0.9908883826879271
0.6760818864990931,0.9908849221420433
0.6758227520082923,0.9908814589665653
0.6755636175174916,0.9908779931584949
0.6753044830266909,0.990874524714829
0.6750453485358902,0.9908710536325599
0.6747862140450894,0.9908675799086758
0.6747862140450894,0.9912447658926532
0.6745270795542887,0.9912414318354913
0.674267945063488,0.9912380952380953
0.6740088105726872,0.991234756097561
0.6737496760818865,0.9912314144109798
0.6734905415910858,0.9912280701754386
0.6732314071002851,0.9912247233880198
0.6729722726094843,0.9912213740458016
0.6727131381186836,0.9912180221458572
0.6724540036278829,0.9912146676852559
0.6721948691370822,0.9912113106610623
0.6719357346462814,0.9912079510703364
0.6719357346462814,0.9915869980879541
0.6716766001554807,0.991583779648049
0.67141746566468,0.9915805587447378
0.6711583311738792,0.9915773353751914
0.6708991966830785,0.991574109536576
0.6706400621922778,0.9915708812260536
0.6703809277014771,0.9915676504407819
0.6701217932106763,0.9915644171779141
0.6698626587198756,0.9915611814345991
0.6696035242290749,0.9915579432079816
0.6693443897382741,0.9915547024952015
0.6690852552474734,0.9915514592933948
0.6688261207566727,0.9915482135996927
0.668566986265872,0.9915449654112222
0.6683078517750712,0.9915417147251058
0.6680487172842705,0.9915384615384616
0.6677895827934698,0.9915352058484033
0.667530448302669,0.99153194765204
0.6672713138118683,0.9915286869464767
0.6670121793210676,0.9915254237288136
0.6667530448302669,0.9915221579961464
0.6664939103394661,0.9915188897455667
0.6662347758486654,0.9915156189741612
0.6659756413578647,0.9915123456790124
0.665716506867064,0.991509069857198
0.6654573723762632,0.9915057915057915
0.6651982378854625,0.9915025106218617
0.6649391033946618,0.991499227202473
0.6649391033946618,0.9918824893699265
0.664679968903861,0.9918793503480279
0.6644208344130603,0.9918762088974855
0.6641616999222597,0.9918730650154799
0.663902565431459,0.991869918699187
0.6636434309406583,0.9918667699457785
0.6636434309406583,0.9922510654784967
0.6633842964498575,0.9922480620155039
0.6631251619590568,0.9922450562233424
0.6626068929774553,0.9922390376406675
0.6623477584866546,0.9922360248447205
0.6620886239958539,0.9922330097087378
0.6618294895050532,0.9922299922299922
0.6615703550142524,0.9922269724057521
0.6613112205234517,0.9922239502332815
0.661052086032651,0.9922209257098406
0.6607929515418502,0.9922178988326849
0.6605338170510495,0.9922148695990658
0.6602746825602488,0.9922118380062306
0.6600155480694481,0.9922088040514219
0.6597564135786473,0.9922057677318784
0.6594972790878466,0.9922027290448343
0.6592381445970459,0.9921996879875195
0.6589790101062452,0.9921966445571596
0.6587198756154444,0.9921935987509758
0.6584607411246437,0.9921905505661851
0.658201606633843,0.9921875
0.6579424721430422,0.9921844470496287
0.6576833376522415,0.9921813917122753
0.6574242031614408,0.9921783339851389
0.6571650686706401,0.9921752738654147
0.6569059341798393,0.9921722113502935
0.6569059341798393,0.9925606891151135
0.6566467996890386,0.9925577751664708
0.6563876651982379,0.9925548589341693
0.6561285307074372,0.9925519404155233
0.6558693962166364,0.9925490196078431
0.6558693962166364,0.9929384072185171
0.6556102617258357,0.9929356357927787
0.655351127235035,0.9929328621908127
0.6550919927442342,0.992930086410055
0.6548328582534335,0.9929273084479371
0.6545737237626328,0.9929245283018868
0.6543145892718321,0.9929217459693276
0.6540554547810313,0.992918961447679
0.6537963202902306,0.9929161747343566
0.6535371857994299,0.9929133858267717
0.6532780513086291,0.9929105947223317
0.6530189168178284,0.9929078014184397
0.6527597823270277,0.9929050059124951
0.652500647836227,0.9929022082018928
0.6522415133454262,0.9928994082840237
0.6519823788546255,0.9928966061562746
0.6517232443638248,0.9928938018160284
0.651464109873024,0.9928909952606635
0.6512049753822233,0.9928881864875543
0.6509458408914226,0.9928853754940712
0.6506867064006219,0.9928825622775801
0.6504275719098211,0.992879746835443
0.6501684374190204,0.9928769291650178
0.6499093029282198,0.9928741092636579
0.6496501684374191,0.9928712871287129
0.6493910339466183,0.9928684627575277
0.6491318994558176,0.9928656361474435
0.6488727649650169,0.992862807295797
0.6486136304742162,0.9928599761999206
0.6483544959834154,0.9928571428571429
0.6480953614926147,0.9928543072647876
0.647836227001814,0.9928514694201748
0.6475770925110133,0.9928486293206198
0.6473179580202125,0.9928457869634341
0.6470588235294118,0.9928429423459244
0.6467996890386111,0.9928400954653938
0.6465405545478103,0.9928372463191405
0.6462814200570096,0.9928343949044586
0.6460222855662089,0.992831541218638
0.6457631510754082,0.9928286852589642
0.6455040165846074,0.9928258270227183
0.6452448820938067,0.992822966507177
0.644985747603006,0.992820103709613
0.6447266131122052,0.9928172386272945
0.6444674786214045,0.9928143712574851
0.6442083441306038,0.9928115015974441
0.6439492096398031,0.9928086296444267
0.6436900751490023,0.9928057553956835
0.6434309406582016,0.9928028788484606
0.6431718061674009,0.9928
0.6429126716766002,0.992797118847539
0.6426535371857994,0.9927942353883107
0.6423944026949987,0.9927913496195434
0.642135268204198,0.9927884615384616
0.6418761337133972,0.9927855711422846
0.6416169992225965,0.9927826784282278
0.6413578647317958,0.9927797833935018
0.6410987302409951,0.992776886035313
0.6408395957501943,0.9927739863508631
0.6405804612593936,0.9927710843373494
0.6403213267685929,0.9927681799919646
0.6400621922777922,0.9927652733118971
0.6400621922777922,0.9931644551668677
0.6398030577869914,0.9931617055510861
0.6395439232961907,0.993158953722334
0.63928478880539,0.9931561996779388
0.6390256543145892,0.9931534434152235
0.6387665198237885,0.9931506849315068
0.6385073853329878,0.9931479242241031
0.6382482508421871,0.9931451612903226
0.6379891163513863,0.9931423961274708
0.6377299818605856,0.9931396287328491
0.6374708473697849,0.9931368591037545
0.6372117128789841,0.9931340872374798
0.6369525783881834,0.9931313131313131
0.6369525783881834,0.9935327405012127
0.6366934438973827,0.9935301253538212
0.636434309406582,0.9935275080906149
0.6361751749157812,0.9935248887090247
0.6359160404249805,0.9935222672064777
0.6356569059341799,0.9935196435803969
0.6353977714433792,0.993517017828201
0.6351386369525784,0.9935143899473045
0.6348795024617777,0.9935117599351176
0.634620367970977,0.9935091277890467
0.6343612334801763,0.9935064935064936
0.6341020989893755,0.9935038570848559
0.6338429644985748,0.9935012185215272
0.6335838300077741,0.9934985778138968
0.6333246955169733,0.9934959349593496
0.6330655610261726,0.9934932899552664
0.6328064265353719,0.9934906427990235
0.6325472920445712,0.9934879934879934
0.6325472920445712,0.9938925081433225
0.6322881575537704,0.9938900203665988
0.6320290230629697,0.9938875305623472
0.631769888572169,0.9938850387280881
0.6315107540813683,0.9938825448613376
0.6312516195905675,0.9938800489596084
0.6309924850997668,0.9938775510204082
0.6307333506089661,0.9938750510412413
0.6307333506089661,0.994281045751634
0.6304742161181653,0.9942787086228034
0.6302150816273646,0.9942763695829926
0.6299559471365639,0.9942740286298568
0.6296968126457632,0.9942716857610474
0.6294376781549624,0.994269340974212
0.6291785436641617,0.9942669942669943
0.628919409173361,0.994264645637034
0.6286602746825602,0.9942622950819672
0.6284011401917595,0.994259942599426
0.6281420057009588,0.9942575881870386
0.6278828712101581,0.9942552318424293
0.6276237367193573,0.9942528735632183
0.6273646022285566,0.9942505133470226
0.6271054677377559,0.9942481511914544
0.6268463332469552,0.9942457870941225
0.6265871987561544,0.9942434210526315
0.6263280642653537,0.9942410530645824
0.626068929774553,0.994238683127572
0.6258097952837522,0.9942363112391931
0.6255506607929515,0.9942339373970346
0.6252915263021508,0.9942315615986815
0.6250323918113501,0.9942291838417148
0.6247732573205493,0.9942268041237113
0.6245141228297486,0.9942244224422442
0.6242549883389479,0.9942220387948824
0.6239958538481472,0.9942196531791907
0.6237367193573464,0.9942172655927303
0.6234775848665457,0.9942148760330578
0.623218450375745,0.9942124844977264
0.6229593158849442,0.9942100909842845
0.6227001813941435,0.9942076954902772
0.6221819124125421,0.9942028985507246
0.6219227779217413,0.9942004971002486
0.6216636434309406,0.9941980936593452
0.62140450894014,0.9941956882255389
0.6211453744493393,0.99419328079635
0.6208862399585385,0.9941908713692946
0.6206271054677378,0.9941884599418847
0.6203679709769371,0.9941860465116279
0.6201088364861363,0.9941836310760283
0.6198497019953356,0.9941812136325852
0.6195905675045349,0.9941787941787942
0.6193314330137342,0.9941763727121464
0.6190722985229334,0.994173949230129
0.6188131640321327,0.9941715237302248
0.618554029541332,0.9941690962099126
0.6182948950505313,0.9941666666666666
0.6182948950505313,0.9945810754481034
0.6180357605597305,0.9945788156797332
0.6177766260689298,0.9945765540258656
0.6175174915781291,0.9945742904841403
0.6172583570873283,0.9945720250521921
0.6169992225965276,0.9945697577276524
0.6167400881057269,0.9945674885081488
0.6164809536149262,0.9945652173913043
0.6162218191241254,0.9945629443747386
0.6159626846333247,0.9945606694560669
0.615703550142524,0.9945583926329008
0.6154444156517233,0.9945561139028476
0.6151852811609225,0.9945538332635107
0.6149261466701218,0.9945515507124896
0.6146670121793211,0.9945492662473795
0.6144078776885203,0.9945469798657718
0.6141487431977196,0.9945446915652539
0.6138896087069189,0.9945424013434089
0.6136304742161182,0.994540109197816
0.6133713397253174,0.9945378151260504
0.6131122052345167,0.994535519125683
0.612853070743716,0.9945332211942809
0.6125939362529152,0.9945309213294068
0.6123348017621145,0.9945286195286195
0.6120756672713138,0.9945263157894737
0.6118165327805131,0.9945240101095199
0.6115573982897123,0.9945217024863042
0.6112982637989116,0.9945193929173693
0.6110391293081109,0.9945170814002531
0.6107799948173102,0.9945147679324895
0.6105208603265094,0.9945124525116082
0.6102617258357087,0.9945101351351351
0.610002591344908,0.9945078158005914
0.6097434568541072,0.9945054945054945
0.6094843223633065,0.9945031712473573
0.6092251878725058,0.9945008460236887
0.6089660533817051,0.9944985188319933
0.6087069188909043,0.9944961896697714
0.6084477844001036,0.9944938585345193
0.6081886499093029,0.9944915254237288
0.6079295154185022,0.9944891903348877
0.6076703809277014,0.9944868532654793
0.6074112464369007,0.9944845142129826
0.6071521119461,0.9944821731748726
0.6068929774552994,0.99447983014862
0.6066338429644986,0.9944774851316908
0.6063747084736979,0.994475138121547
0.6058564394920964,0.994470438111442
0.6055973050012957,0.994468085106383
0.6050790360196943,0.9944633730834753
0.6048199015288935,0.9944610140605028
0.6045607670380928,0.994458653026428
0.6043016325472921,0.9944562899786781
0.6040424980564914,0.9944539249146758
0.6037833635656906,0.9944515578318395
0.6035242290748899,0.9944491887275833
0.6032650945840892,0.9944468175993165
0.6030059600932884,0.9944444444444445
0.6027468256024877,0.9944420692603677
0.602487691111687,0.9944396920444825
0.6022285566208863,0.9944373127941806
0.6019694221300855,0.9944349315068494
0.6017102876392848,0.9944325481798715
0.6014511531484841,0.9944301628106256
0.6011920186576833,0.9944277753964852
0.6009328841668826,0.9944253859348199
0.6006737496760819,0.9944229944229944
0.6004146151852812,0.9944206008583691
0.6001554806944804,0.9944182052382997
0.5998963462036797,0.9944158075601375
0.599637211712879,0.994413407821229
0.5993780772220783,0.9944110060189166
0.5991189427312775,0.9944086021505376
0.5988598082404768,0.9944061962134251
0.5986006737496761,0.9944037882049075
0.5983415392588753,0.9944013781223083
0.5980824047680746,0.994398965962947
0.5978232702772739,0.9943965517241379
0.5975641357864732,0.994394135403191
0.5973050012956724,0.9943917169974116
0.5970458668048717,0.9943892965041001
0.596786732314071,0.9943868739205527
0.5965275978232703,0.9943844492440604
0.5962684633324695,0.9943820224719101
0.5960093288416688,0.9943795936013835
0.5957501943508681,0.9943771626297578
0.5954910598600673,0.9943747295543055
0.5952319253692666,0.9943722943722944
0.5949727908784659,0.9943698570809875
0.5947136563876652,0.994367417677643
0.5944545218968644,0.9943649761595145
0.5941953874060637,0.9943625325238509
0.593936252915263,0.9943600867678959
0.5936771184244622,0.9943576388888888
0.5934179839336615,0.9943551888840643
0.5931588494428608,0.9943527367506516
0.5928997149520601,0.9943502824858758
0.5926405804612594,0.9943478260869565
0.5923814459704587,0.9943453675511091
0.592122311479658,0.9943429068755439
0.5918631769888573,0.9943404440574662
0.5916040424980565,0.9943379790940766
0.5913449080072558,0.9943355119825708
0.5908266390256544,0.9943305713039686
0.5905675045348536,0.9943280977312391
0.5903083700440529,0.994325621999127
0.5900492355532522,0.9943231441048035
0.5897901010624514,0.9943206640454347
0.5895309665716507,0.9943181818181818
0.58927183208085,0.9943156974202011
0.5890126975900493,0.9943132108486439
0.5887535630992485,0.9943107221006564
0.5884944286084478,0.9943082311733801
0.5882352941176471,0.994305738063951
0.5879761596268464,0.9947391494958352
0.5877170251360456,0.9947368421052631
0.5874578906452449,0.9947345326897762
0.5871987561544442,0.9947322212467077
0.5869396216636434,0.994729907773386
0.5866804871728427,0.9947275922671354
0.586421352682042,0.9947252747252747
0.5861622181912413,0.9947229551451188
0.5859030837004405,0.9947206335239771
0.5856439492096398,0.9947183098591549
0.5853848147188391,0.9947159841479525
0.5851256802280383,0.9947136563876652
0.5848665457372376,0.9947113265755839
0.5846074112464369,0.9947089947089947
0.5843482767556362,0.9947066607851787
0.5840891422648354,0.9947043248014121
0.5838300077740347,0.9947019867549669
0.583570873283234,0.9946996466431095
0.5833117387924333,0.9946973044631021
0.5830526043016325,0.9946949602122016
0.5827934698108318,0.9946926138876603
0.5825343353200311,0.9946902654867257
0.5822752008292303,0.9946879150066401
0.5820160663384296,0.9946855624446412
0.5817569318476289,0.9946832077979619
0.5814977973568282,0.9946808510638298
0.5814977973568282,0.9951219512195122
0.5812386628660274,0.9951197870452528
0.5809795283752267,0.9951176209498447
0.580720393884426,0.9951154529307282
0.5804612593936253,0.9951132829853399
0.5802021249028245,0.9951111111111111
0.5799429904120238,0.9951089373054691
0.5796838559212231,0.9951067615658363
0.5794247214304223,0.9951045838896306
0.5791655869396216,0.9951024042742653
0.5789064524488209,0.9951002227171493
0.5783881834672195,0.9950958537672759
0.5781290489764188,0.9950936663693131
0.5778699144856181,0.9950914770191879
0.5776107799948174,0.9950892857142857
0.5773516455040166,0.9950870924519875
0.5770925110132159,0.9950848972296693
0.5768333765224152,0.9950827000447027
0.5765742420316144,0.9950805008944544
0.5763151075408137,0.9950782997762864
0.576055973050013,0.9950760966875559
0.5757968385592123,0.9950738916256158
0.5755377040684115,0.9950716845878136
0.5752785695776108,0.9950694755714926
0.5750194350868101,0.9950672645739911
0.5747603005960094,0.9950650515926425
0.5745011661052086,0.9950628366247756
0.5742420316144079,0.9950606196677144
0.5739828971236072,0.995058400718778
0.5737237626328064,0.9950561797752809
0.5734646281420057,0.9950539568345323
0.573205493651205,0.9950517318938371
0.5729463591604043,0.995049504950495
0.5726872246696035,0.995047276001801
0.5724280901788028,0.9950450450450451
0.5721689556880021,0.9950428120775124
0.5719098211972014,0.9950405770964833
0.5716506867064006,0.9950383400992332
0.5713915522155999,0.9950361010830325
0.5711324177247992,0.9950338600451467
0.5708732832339984,0.9950316169828365
0.5706141487431977,0.9950293718933574
0.570355014252397,0.9950271247739603
0.5700958797615963,0.9950248756218906
0.5698367452707955,0.9950226244343892
0.5695776107799948,0.9950203712086917
0.5693184762891941,0.9950181159420289
0.5690593417983933,0.9950158586316267
0.5688002073075926,0.9950135992747053
0.5685410728167919,0.9950113378684807
0.5682819383259912,0.9950090744101633
0.5680228038351904,0.9950068088969587
0.5677636693443897,0.9950045413260672
0.567504534853589,0.9950022716946842
0.5672454003627883,0.995
0.5669862658719875,0.9949977262391997
0.5667271313811868,0.9949954504094631
0.5664679968903861,0.9949931725079654
0.5662088623995853,0.9949908925318761
0.5659497279087846,0.99498861047836
0.5656905934179839,0.9949863263445761
0.5654314589271832,0.9949840401276789
0.5651723244363824,0.9949817518248175
0.5649131899455817,0.9949794614331355
0.564654055454781,0.9949771689497717
0.5643949209639803,0.9949748743718593
0.5641357864731796,0.9949725776965265
0.5638766519823789,0.9949702789208962
0.5636175174915782,0.994967978042086
0.5633583830007775,0.9949656750572082
0.5630992485099767,0.99496336996337
0.562840114019176,0.9949610627576729
0.5625809795283753,0.9949587534372135
0.5623218450375745,0.994956441999083
0.5618035760559731,0.9949518127581459
0.5615444415651724,0.9949494949494949
0.5612853070743716,0.9949471750114837
0.5610261725835709,0.9949448529411765
0.5607670380927702,0.9949425287356322
0.5605079036019694,0.9949402023919043
0.5602487691111687,0.9949378739070409
0.559989634620368,0.9949355432780848
0.5597305001295673,0.9949332105020727
0.5594713656387665,0.9949308755760369
0.5592122311479658,0.9949285384970032
0.5589530966571651,0.9949261992619927
0.5586939621663644,0.9949238578680203
0.5584348276755636,0.9949215143120961
0.5581756931847629,0.994919168591224
0.5579165586939622,0.994916820702403
0.5576574242031614,0.994914470642626
0.5573982897123607,0.9949121184088807
0.55713915522156,0.994909763998149
0.5568800207307593,0.9949074074074075
0.5566208862399585,0.9949050486336267
0.5563617517491578,0.994902687673772
0.5561026172583571,0.9949003245248029
0.5558434827675564,0.9948979591836735
0.5555843482767556,0.9948955916473318
0.5553252137859549,0.9948932219127206
0.5550660792951542,0.9948908499767766
0.5548069448043534,0.9948884758364313
0.5545478103135527,0.99488609948861
0.554288675822752,0.9948837209302326
0.5540295413319513,0.9948813401582132
0.5537704068411505,0.99487895716946
0.5535112723503498,0.9948765719608756
0.5532521378595491,0.9948741845293569
0.5529930033687483,0.9948717948717949
0.5527338688779476,0.9948694029850746
0.5522155998963462,0.9948646125116714
0.5519564654055454,0.9948622139187295
0.5516973309147447,0.9948598130841122
0.551438196423944,0.9948574100046751
0.5511790619331433,0.9948550046772685
0.5509199274423425,0.9948525970987365
0.5506607929515418,0.9948501872659176
0.5504016584607411,0.994847775175644
0.5501425239699403,0.9948453608247423
0.5498833894791397,0.9948429442100328
0.549624254988339,0.9948405253283302
0.5493651204975383,0.994838104176443
0.5491059860067375,0.9948356807511737
0.5488468515159368,0.994833255049319
0.5485877170251361,0.9948308270676691
0.5483285825343354,0.9948283968030089
0.5483285825343354,0.9952963311382879
0.5480694480435346,0.9952941176470588
0.5475511790619332,0.9952896844088553
0.5472920445711325,0.9952874646559849
0.5470329100803317,0.9952852428099953
0.546773775589531,0.9952830188679245
0.5465146410987303,0.9952807928268051
0.5462555066079295,0.9952785646836638
0.5459963721171288,0.995276334435522
0.5457372376263281,0.995274102079395
0.5452189686447266,0.9952696310312205
0.5449598341539259,0.9952673923331756
0.5447006996631252,0.9952651515151515
0.5444415651723244,0.9952629085741355
0.5441824306815237,0.995260663507109
0.543923296190723,0.9952584163110479
0.5436641616999223,0.9952561669829222
0.5434050272091215,0.9952539155196962
0.5431458927183208,0.9952516619183286
0.5428867582275201,0.995249406175772
0.5428867582275201,0.995722433460076
0.5426276237367194,0.9957203994293866
0.5423684892459186,0.9957183634633682
0.5421093547551179,0.9957163255592575
0.5418502202643172,0.9957142857142857
0.5415910857735164,0.9957122439256789
0.5413319512827157,0.9957102001906578
0.541072816791915,0.9957081545064378
0.5408136823011143,0.995706106870229
0.5402954133195128,0.995702005730659
0.5400362788287121,0.9956999522216914
0.5397771443379114,0.995697896749522
0.5395180098471106,0.9956958393113343
0.5392588753563099,0.9956937799043062
0.5389997408655092,0.9956917185256103
0.5387406063747084,0.9956896551724138
0.5384814718839077,0.9956875898418783
0.538222337393107,0.9956855225311602
0.5379632029023063,0.99568345323741
0.5377040684115055,0.9956813819577736
0.5374449339207048,0.9956793086893903
0.5369266649391033,0.9956751561749159
0.5366675304483026,0.9956730769230769
0.5364083959575019,0.9956709956709957
0.5361492614667012,0.9956689124157844
0.5358901269759004,0.9956668271545498
0.5356309924850998,0.9956647398843931
0.5353718579942991,0.9956626506024097
0.5351127235034984,0.9956605593056895
0.5348535890126976,0.9956584659913169
0.5345944545218969,0.9956563706563707
0.5343353200310962,0.9956542732979237
0.5340761855402955,0.9956521739130435
0.5338170510494947,0.9956500724987917
0.533557916558694,0.9956479690522244
0.5332987820678933,0.9956458635703919
0.5330396475770925,0.9956437560503388
0.5327805130862918,0.9956416464891041
0.5325213785954911,0.9956395348837209
0.5322622441046904,0.9956374212312167
0.5320031096138896,0.995635305528613
0.5317439751230889,0.9956331877729258
0.5314848406322882,0.9956310679611651
0.5312257061414875,0.9956289460903351
0.5309665716506867,0.9956268221574344
0.530707437159886,0.9956246961594555
0.5304483026690853,0.9956225680933852
0.5301891681782845,0.9956204379562044
0.5299300336874838,0.9956183057448881
0.5299300336874838,0.9961032635168047
0.5296708991966831,0.9961013645224172
0.5294117647058824,0.9960994636762555
0.5291526302150816,0.9960975609756098
0.5288934957242809,0.9960956564177648
0.5286343612334802,0.99609375
0.5283752267426794,0.9960918417195896
0.5281160922518787,0.9960899315738025
0.527856957761078,0.9960880195599022
0.5275978232702773,0.9960861056751468
0.5273386887794765,0.996084189916789
0.5270795542886758,0.9960822722820764
0.5268204197978751,0.9960803527682509
0.5265612853070744,0.996078431372549
0.5263021508162736,0.996076508092202
0.5260430163254729,0.9960745829244357
0.5257838818346722,0.9960726558664703
0.5255247473438714,0.9960707269155207
0.5252656128530707,0.9960687960687961
0.52500647836227,0.9960668633235005
0.5247473438714693,0.9960649286768323
0.5244882093806685,0.9960629921259843
0.5242290748898678,0.9960610536681438
0.5239699403990671,0.9960591133004926
0.5237108059082664,0.996057171020207
0.5234516714174656,0.9960552268244576
0.5231925369266649,0.9960532807104094
0.5229334024358642,0.9960513326752222
0.5226742679450634,0.9960493827160494
0.5224151334542627,0.9960474308300395
0.522155998963462,0.9960454770143351
0.5218968644726613,0.9960435212660732
0.5216377299818605,0.9960415635823849
0.5213785954910599,0.996039603960396
0.5211194610002592,0.9960376423972264
0.5208603265094585,0.9960356788899901
0.5206011920186577,0.9960337134357957
0.520342057527857,0.996031746031746
0.5200829230370563,0.996029776674938
0.5198237885462555,0.9960278053624627
0.5195646540554548,0.9960258320914058
0.5193055195646541,0.9960238568588469
0.5190463850738534,0.9960218796618597
0.5187872505830526,0.9960199004975124
0.5185281160922519,0.9960179193628671
0.5182689816014512,0.9960159362549801
0.5180098471106505,0.9960139511709019
0.5177507126198497,0.996011964107677
0.517491578129049,0.9960099750623441
0.5169733091474475,0.9960059910134798
0.5167141746566468,0.996003996003996
0.5164550401658461,0.9960019990004998
0.5161959056750454,0.996
0.5159367711842446,0.9959979989994997
0.5156776366934439,0.995995995995996
0.5154185022026432,0.9959939909864797
0.5151593677118425,0.9959919839679359
0.5149002332210417,0.9959899749373433
0.514641098730241,0.995987963891675
0.5143819642394403,0.9959859508278976
0.5141228297486395,0.9959839357429718
0.5138636952578388,0.9959819186338523
0.5136045607670381,0.9959798994974874
0.5133454262762374,0.9959778783308195
0.5130862917854366,0.9959758551307847
0.5128271572946359,0.995973829894313
0.5125680228038352,0.9959718026183283
0.5123088883130344,0.9959697732997481
0.5120497538222337,0.9959677419354839
0.511790619331433,0.9959657085224407
0.5115314848406323,0.9959636730575177
0.5112723503498315,0.9959616355376073
0.5110132158590308,0.9959595959595959
0.5107540813682301,0.9959575543203638
0.5104949468774294,0.9959555106167847
0.5102358123866286,0.9959534648457259
0.5099766778958279,0.9959514170040485
0.5097175434050272,0.9959493670886076
0.5094584089142264,0.9959473150962512
0.5091992744234257,0.9959452610238216
0.508940139932625,0.9959432048681541
0.5086810054418243,0.9959411466260781
0.5084218709510235,0.9959390862944163
0.5081627364602228,0.9959370238699847
0.5079036019694221,0.9959349593495935
0.5076444674786214,0.9959328927300457
0.5073853329878206,0.9959308240081384
0.50712619849702,0.9959287531806615
0.5068670640062193,0.9959266802443992
0.5066079295154186,0.9959246051961284
0.5063487950246178,0.9959225280326198
0.5060896605338171,0.9959204487506375
0.5058305260430164,0.9959183673469387
0.5055713915522156,0.9959162838182747
0.5050531225706142,0.99591211037302
0.5047939880798135,0.9959100204498977
0.5045348535890127,0.9959079283887468
0.504275719098212,0.9959058341862845
0.5040165846074113,0.9959037378392217
0.5037574501166106,0.9959016393442623
0.5034983156258098,0.9958995386981035
0.5032391811350091,0.9958974358974358
0.5029800466442084,0.995895330938943
0.5027209121534076,0.9958932238193019
0.5024617776626069,0.9958911145351823
0.5022026431718062,0.9958890030832477
0.5019435086810055,0.9958868894601542
0.5016843741902047,0.9958847736625515
0.501425239699404,0.9958826556870818
0.5011661052086033,0.995880535530381
0.5009069707178025,0.9958784131890778
0.5006478362270018,0.9958762886597938
0.5003887017362011,0.9958741619391439
0.5001295672454004,0.9958720330237358
0.49987043275459964,0.9958699019101703
0.4996112982637989,0.9958677685950413
0.4993521637729982,0.9958656330749354
0.4988338947913967,0.9958613554061045
0.498574760300596,0.9958592132505176
0.49831562580979527,0.9958570688762299
0.49805649131899454,0.9958549222797928
0.4977973568281938,0.9958527734577501
0.4975382223373931,0.995850622406639
0.49727908784659236,0.9958484691229891
0.49701995335579163,0.995846313603323
0.49701995335579163,0.9963636363636363
0.4967608188649909,0.9963617463617463
0.4965016843741902,0.9963598543941757
0.4962425498833895,0.9963579604578564
0.4959834153925888,0.9963560645497137
0.49572428090178805,0.9963541666666667
0.4954651464109873,0.9963522668056279
0.4952060119201866,0.9963503649635036
0.49494687742938587,0.9963484611371936
0.49468774293858514,0.9963465553235908
0.4944286084477844,0.9963446475195823
0.4941694739569837,0.9963427377220481
0.49391033946618296,0.996340825927862
0.49365120497538223,0.9963389121338913
0.4933920704845815,0.9963369963369964
0.4931329359937808,0.9963350785340314
0.49287380150298005,0.9963331587218439
0.4926146670121793,0.9963312368972747
0.4923555325213786,0.9963293130571579
0.49209639803057786,0.9963273871983211
0.49183726353977714,0.9963254593175853
0.4915781290489764,0.9963235294117647
0.4913189945581757,0.9963215974776668
0.49105986006737495,0.9963196635120926
0.4908007255765742,0.9963177275118359
0.4905415910857735,0.9963157894736843
0.49028245659497277,0.9963138493944181
0.49002332210417204,0.9963119072708114
0.4895050531225706,0.9963080168776371
0.4892459186317699,0.9963060686015831
0.4889867841409692,0.9963041182682154
0.48872764965016846,0.9963021658742737
0.48846851515936773,0.9963002114164905
0.488209380668567,0.9962982548915917
0.4879502461777663,0.9962962962962963
0.48769111168696555,0.9962943356273161
0.4874319771961648,0.996292372881356
0.4871728427053641,0.9962904080551139
0.48691370821456337,0.996288441145281
0.48665457372376264,0.9962864721485412
0.4863954392329619,0.9962845010615711
0.4861363047421612,0.9962825278810409
0.48587717025136046,0.9962805526036131
0.48561803576055973,0.9962785752259437
0.485358901269759,0.9962765957446809
0.4850997667789583,0.9962746141564662
0.48484063228815755,0.996272630457934
0.4845814977973568,0.9962706446457112
0.4843223633065561,0.996268656716418
0.48406322881575536,0.9962666666666666
0.48380409432495464,0.996264674493063
0.4835449598341539,0.996262680192205
0.4832858253433532,0.9962606837606838
0.48302669085255245,0.9962586851950829
0.4827675563617517,0.9962566844919786
0.482508421870951,0.9962546816479401
0.48224928738015027,0.9962526766595289
0.4819901528893496,0.9962506695232994
0.48173101839854887,0.9962486602357985
0.48147188390774814,0.9962466487935657
0.48147188390774814,0.9967811158798283
0.4812127494169474,0.9967793880837359
0.4809536149261467,0.9967776584317938
0.48069448043534596,0.9967759269210102
0.48043534594454523,0.9967741935483871
0.4801762114537445,0.9967724583109199
0.4799170769629438,0.9967707212055974
0.47965794247214305,0.9967689822294022
0.4793988079813423,0.9967672413793104
0.4791396734905416,0.9967654986522911
0.47888053899974087,0.9967637540453075
0.47862140450894014,0.9967620075553157
0.4783622700181394,0.9967602591792657
0.4781031355273387,0.9967585089141004
0.47784400103653796,0.9967567567567568
0.47758486654573723,0.9967550027041644
0.4770665975641358,0.9967514889009204
0.47680746307333505,0.9967497291440953
0.4765483285825343,0.9967479674796748
0.4762891940917336,0.9967462039045553
0.47603005960093286,0.9967444384156267
0.47577092511013214,0.996742671009772
0.4755117906193314,0.9967409016838674
0.4752526561285307,0.9967391304347826
0.47499352163773,0.9967373572593801
0.4747343871469293,0.9967355821545157
0.47447525265612855,0.9967338051170387
0.4742161181653278,0.9967320261437909
0.4739569836745271,0.9967302452316076
0.47369784918372637,0.9967284623773174
0.47343871469292564,0.9967266775777414
0.4731795802021249,0.9967248908296943
0.4729204457113242,0.9967231021299836
0.47266131122052346,0.9967213114754099
0.47240217672972273,0.9967195188627666
0.472143042238922,0.9967177242888403
0.4718839077481213,0.9967159277504105
0.47162477325732055,0.9967141292442497
0.4713656387665198,0.9967123287671232
0.4711065042757191,0.9967105263157895
0.47084736978491837,0.9967087218869994
0.4703291008033169,0.9967051070840197
0.46955169733091473,0.9966996699669967
0.469292562840114,0.9966978536048432
0.4690334283493133,0.9966960352422908
0.46877429385851255,0.996694214876033
0.4685151593677118,0.9966923925027563
0.4682560248769111,0.9966905681191396
0.46799689038611036,0.9966887417218543
0.4677377558953097,0.9966869133075649
0.46747862140450896,0.9966850828729282
0.46721948691370824,0.9966832504145937
0.4669603524229075,0.9966814159292036
0.4667012179321068,0.9966795794133924
0.46644208344130605,0.9966777408637874
0.4661829489505053,0.9966759002770084
0.4659238144597046,0.9966740576496674
0.46566467996890387,0.9966722129783694
0.46540554547810314,0.9966703662597114
0.4651464109873024,0.9966685174902832
0.4648872764965017,0.9966666666666667
0.46462814200570096,0.9966648137854364
0.46436900751490023,0.996662958843159
0.4641098730240995,0.996661101836394
0.4638507385332988,0.9966592427616926
0.46359160404249805,0.9966573816155989
0.4633324695516973,0.9966555183946488
0.4630733350608966,0.9966536530953709
0.46281420057009587,0.9966517857142857
0.46255506607929514,0.9966499162479062
0.4622959315884944,0.9966480446927374
0.4620367970976937,0.9966461710452766
0.46177766260689296,0.9966442953020134
0.46151852811609223,0.9966424174594292
0.4612593936252915,0.9966405375139977
0.4610002591344908,0.9966386554621849
0.46074112464369005,0.9966367713004485
0.4604819901528894,0.9966348850252383
0.46022285566208865,0.9966329966329966
0.4599637211712879,0.9966311061201573
0.4597045866804872,0.996629213483146
0.45944545218968647,0.9966273187183811
0.45918631769888574,0.9966254218222722
0.458927183208085,0.9966235227912211
0.4586680487172843,0.9966216216216216
0.45840891422648355,0.9966197183098592
0.4581497797356828,0.9966178128523112
0.4578906452448821,0.9966159052453468
0.45763151075408137,0.9966139954853274
0.45737237626328064,0.9966120835686053
0.4571132417724799,0.9966101694915255
0.4568541072816792,0.996608253250424
0.45659497279087846,0.996606334841629
0.45633583830007773,0.9966044142614601
0.456076703809277,0.9966024915062288
0.4558175693184763,0.996600566572238
0.45555843482767555,0.9965986394557823
0.4552993003368748,0.996596710153148
0.4550401658460741,0.996594778660613
0.45478103135527337,0.9965928449744463
0.45452189686447264,0.9965909090909091
0.4542627623736719,0.9965889710062535
0.4540036278828712,0.9965870307167235
0.45374449339207046,0.9965850882185544
0.4534853589012698,0.9965831435079726
0.45322622441046906,0.9965811965811966
0.45296708991966833,0.9965792474344356
0.4527079554288676,0.9965772960638904
0.4524488209380669,0.9965753424657534
0.45218968644726615,0.9965733866362079
0.4519305519564654,0.9965714285714286
0.4516714174656647,0.9965694682675815
0.45141228297486397,0.9965675057208238
0.45115314848406324,0.996565540927304
0.4508940139932625,0.9965635738831615
0.4506348795024618,0.9965616045845272
0.4501166105208603,0.9965576592082617
0.4498574760300596,0.9965556831228473
0.44959834153925887,0.996553704767375
0.44933920704845814,0.996551724137931
0.4490800725576574,0.9965497412305923
0.4488209380668567,0.996547756041427
0.44856180357605596,0.9965457685664939
0.44830266908525523,0.9965437788018433
0.4480435345944545,0.9965417867435159
0.4477844001036538,0.9965397923875432
0.44752526561285305,0.996537795729948
0.4472661311220523,0.9965357967667436
0.4470069966312516,0.9965337954939342
0.44674786214045087,0.9965317919075144
0.44648872764965014,0.9965297860034702
0.44622959315884947,0.9965277777777778
0.44597045866804874,0.9965257672264042
0.445711324177248,0.996523754345307
0.4454521896864473,0.9965217391304347
0.44519305519564656,0.9965197215777262
0.44493392070484583,0.9965177016831108
0.4446747862140451,0.9965156794425087
0.4444156517232444,0.9965136548518303
0.44415651723244365,0.9965116279069768
0.4438973827416429,0.9965095986038395
0.4436382482508422,0.9965075669383003
0.44337911376004147,0.9965055329062318
0.44311997926924074,0.9965034965034965
0.44286084477844,0.9965014577259476
0.4426017102876393,0.9964994165694282
0.44234257579683856,0.9964973730297724
0.4420834413060378,0.9964953271028038
0.4418243068152371,0.9964932787843367
0.4415651723244364,0.9964912280701754
0.44130603783363564,0.9964891749561147
0.4410469033428349,0.9964871194379391
0.4407877688520342,0.9964850615114236
0.44052863436123346,0.9964830011723329
0.44026949987043273,0.9964809384164223
0.440010365379632,0.9964788732394366
0.4397512308888313,0.9964768056371109
0.43949209639803055,0.9964747356051704
0.4392329619072299,0.9964726631393298
0.43897382741642915,0.9964705882352941
0.4387146929256284,0.9964685108887581
0.4384555584348277,0.9964664310954063
0.43819642394402697,0.9964643488509134
0.43793728945322624,0.9964622641509434
0.4376781549624255,0.9964601769911504
0.4374190204716248,0.9964580873671782
0.43715988598082406,0.9964559952746603
0.43690075149002333,0.9964539007092199
0.4366416169992226,0.9964518036664696
0.4363824825084219,0.9964497041420118
0.43612334801762115,0.9964476021314387
0.4358642135268204,0.9964454976303317
0.4356050790360197,0.996443390634262
0.43534594454521897,0.99644128113879
0.43534594454521897,0.9970326409495549
0.43508681005441824,0.9970308788598575
0.4348276755636175,0.9970291146761735
0.4345685410728168,0.9970273483947681
0.43430940658201606,0.9970255800118977
0.43405027209121533,0.9970238095238095
0.4337911376004146,0.9970220369267421
0.4337911376004146,0.9976162097735399
0.4335320031096139,0.9976147883124628
0.43327286861881315,0.9976133651551312
0.4330137341280124,0.9976119402985074
0.4327545996372117,0.997610513739546
0.43249546514641096,0.9976090854751942
0.43223633065561023,0.9976076555023924
0.43197719616480956,0.997606223818073
0.43171806167400884,0.9976047904191617
0.4314589271832081,0.9976033553025764
0.4311997926924074,0.9976019184652278
0.43094065820160665,0.9976004799040192
0.4306815237108059,0.9975990396158463
0.4304223892200052,0.9975975975975976
0.43016325472920447,0.9975961538461539
0.42990412023840374,0.9975947083583885
0.429644985747603,0.9975932611311673
0.4293858512568023,0.9975918121613486
0.42912671676600156,0.9975903614457832
0.42886758227520083,0.997588908981314
0.4286084477844001,0.9975874547647768
0.4283493132935994,0.9975859987929994
0.42809017880279865,0.9975845410628019
0.4278310443119979,0.997583081570997
0.4275719098211972,0.9975816203143894
0.42731277533039647,0.9975801572897761
0.42705364083959574,0.9975786924939467
0.426794506348795,0.9975772259236826
0.4265353718579943,0.9975757575757576
0.42627623736719356,0.9975742874469375
0.42601710287639283,0.9975728155339806
0.4257579683855921,0.9975713418336369
0.4254988338947914,0.9975698663426489
0.42523969940399065,0.9975683890577508
0.42498056491319,0.9975669099756691
0.42472143042238925,0.9975654290931223
0.4244622959315885,0.997563946406821
0.4242031614407878,0.9975624619134674
0.42394402694998706,0.9975609756097561
0.42368489245918634,0.9975594874923734
0.4234257579683856,0.9975579975579976
0.4231666234775849,0.9975565058032987
0.42290748898678415,0.9975550122249389
0.42290748898678415,0.998165137614679
0.4226483544959834,0.9981640146878825
0.4223892200051827,0.998162890385793
0.42213008551438197,0.9981617647058824
0.42187095102358124,0.9981606376456161
0.4216118165327805,0.998159509202454
0.4213526820419798,0.998158379373849
0.42109354755117906,0.9981572481572482
0.42083441306037833,0.9981561155500922
0.4205752785695776,0.9981549815498155
0.4203161440787769,0.9981538461538462
0.42005700958797615,0.9981527093596059
0.4197978750971754,0.9981515711645101
0.4195387406063747,0.9981504315659679
0.41927960611557397,0.9981492905613819
0.41902047162477324,0.9981481481481481
0.4187613371339725,0.9981470043236566
0.41824306815237106,0.9981447124304267
0.41798393366157033,0.9981435643564357
0.41772479917076966,0.9981424148606811
0.41746566467996893,0.9981412639405205
0.4172065301891682,0.9981401115933044
0.4169473956983675,0.9981389578163772
0.41668826120756675,0.9981378026070763
0.416429126716766,0.9981366459627329
0.4161699922259653,0.9981354878806712
0.41591085773516456,0.9981343283582089
0.41565172324436384,0.9981331673926571
0.4153925887535631,0.99813200498132
0.4151334542627624,0.9981308411214953
0.41487431977196165,0.9981296758104738
0.4146151852811609,0.9981285090455396
0.4143560507903602,0.99812734082397
0.41409691629955947,0.9981261711430356
0.413578647317958,0.99812382739212
0.4133195128271573,0.9981226533166458
0.41306037833635656,0.9981214777708203
0.41280124384555583,0.9981203007518797
0.4125421093547551,0.9981191222570532
0.4122829748639544,0.9981179422835633
0.41202384037315365,0.9981167608286252
0.4117647058823529,0.9981155778894473
0.4115055713915522,0.9981143934632307
0.41124643690075147,0.9981132075471698
0.41098730240995074,0.9981120201384519
0.41072816791915,0.9981108312342569
0.41046903342834934,0.998109640831758
0.4102098989375486,0.998108448928121
0.4099507644467479,0.9981072555205047
0.40969162995594716,0.9981060606060606
0.40943249546514643,0.998104864181933
0.4091733609743457,0.9981036662452591
0.408914226483545,0.9981024667931688
0.40865509199274425,0.9981012658227848
0.4083959575019435,0.9981000633312223
0.4081368230111428,0.9980988593155894
0.40787768852034206,0.9980976537729866
0.40761855402954134,0.9980964467005076
0.4073594195387406,0.9980952380952381
0.4071002850479399,0.9980940279542567
0.40684115055713915,0.9980928162746344
0.4065820160663384,0.9980916030534351
0.4063228815755377,0.9980903882877148
0.40606374708473697,0.9980891719745223
0.40580461259393624,0.9980879541108987
0.4055454781031355,0.9980867346938775
0.4052863436123348,0.998085513720485
0.40502720912153406,0.9980842911877394
0.40476807463073333,0.9980830670926517
0.4045089401399326,0.9980818414322251
0.4042498056491319,0.9980806142034548
0.40399067115833115,0.9980793854033291
0.4037315366675304,0.9980781550288277
0.40347240217672975,0.9980769230769231
0.403213267685929,0.9980756895445798
0.4029541331951283,0.9980744544287549
0.40269499870432757,0.9980732177263969
0.40243586421352684,0.9980719794344473
0.4021767297227261,0.9980707395498393
0.4019175952319254,0.9980694980694981
0.40165846074112466,0.9980682549903412
0.40139932625032393,0.9980670103092784
0.4011401917595232,0.9980657640232108
0.4008810572687225,0.9980645161290322
0.40062192277792175,0.9980632666236281
0.400362788287121,0.998062015503876
0.4001036537963203,0.9980607627666451
0.39984451930551956,0.9980595084087969
0.39958538481471884,0.9980582524271845
0.3993262503239181,0.9980569948186528
0.3990671158331174,0.9980557355800389
0.3985488468515159,0.9980532121998702
0.3982897123607152,0.9980519480519481
0.39777144337911374,0.9980494148244473
0.397512308888313,0.9980481457384516
0.3972531743975123,0.998046875
0.39699403990671156,0.9980456026058632
0.39673490541591083,0.9980443285528031
0.3964757709251101,0.9980430528375733
0.39621663643430943,0.9980417754569191
0.3959575019435087,0.9980404964075767
0.39543923296190725,0.9980379332897319
0.3951800984711065,0.9980366492146597
0.3949209639803058,0.9980353634577603
0.39466182948950507,0.9980340760157274
0.39440269499870434,0.9980327868852459
0.3938844260171029,0.9980302035456337
0.39362529152630216,0.9980289093298291
0.39336615703550143,0.9980276134122288
0.3931070225447007,0.9980263157894737
0.3928478880539,0.9980250164581962
0.39258875356309925,0.9980237154150198
0.3923296190722985,0.998022412656559
0.3920704845814978,0.9980211081794196
0.39181135009069706,0.998019801980198
0.39155221559989634,0.9980184940554822
0.3912930811090956,0.9980171844018506
0.3902565431458927,0.9980119284294234
0.38999740865509197,0.9980106100795756
0.38999740865509197,0.9986728599867286
0.38973827416429124,0.99867197875166
0.3894791396734905,0.998671096345515
0.38922000518268984,0.9986702127659575
0.3889608706918891,0.9986693280106453
0.3887017362010884,0.9986684420772304
0.38844260171028766,0.9986675549633578
0.38818346721948693,0.9986666666666667
0.3879243327286862,0.9986657771847899
0.3876651982378855,0.9986648865153538
0.38740606374708475,0.9986639946559787
0.387146929256284,0.9986631016042781
0.3868877947654833,0.9986622073578595
0.38662866027468257,0.998661311914324
0.38636952578388184,0.9986604152712659
0.3858512568022804,0.9986586183769283
0.38559212231147966,0.9986577181208054
0.38533298782067893,0.9986568166554735
0.3850738533298782,0.9986559139784946
0.3848147188390775,0.9986550100874243
0.38455558434827675,0.9986541049798116
0.384296449857476,0.9986531986531987
0.3840373153666753,0.9986522911051213
0.38377818087587456,0.9986513823331086
0.38351904638507384,0.9986504723346828
0.3832599118942731,0.9986495611073599
0.3830007774034724,0.9986486486486487
0.38274164291267165,0.9986477349560514
0.3824825084218709,0.9986468200270636
0.3822233739310702,0.998645903859174
0.3819642394402695,0.9986449864498645
0.3817051049494688,0.9986440677966102
0.38144597045866807,0.9986431478968792
0.38118683596786734,0.9986422267481331
0.3809277014770666,0.998641304347826
0.3806685669862659,0.9986403806934059
0.38040943249546516,0.998639455782313
0.38015029800466443,0.998638529611981
0.3798911635138637,0.9986376021798365
0.379632029023063,0.9986366734832992
0.37937289453226225,0.9986357435197817
0.3791137600414615,0.9986348122866894
0.3788546255506608,0.9986338797814208
0.37859549105986007,0.9986329460013671
0.37833635656905934,0.9986320109439124
0.3780772220782586,0.998631074606434
0.3778180875874579,0.9986301369863013
0.37755895309665716,0.9986291980808774
0.37729981860585643,0.9986282578875172
0.376781549624255,0.9986263736263736
0.37652241513345425,0.9986254295532646
0.3762632806426535,0.9986244841815681
0.3760041461518528,0.9986235375086029
0.37574501166105206,0.9986225895316805
0.37574501166105206,0.9993108201240524
0.37548587717025134,0.9993103448275862
0.3752267426794506,0.9993098688750862
0.37496760818864994,0.9993093922651933
0.3747084736978492,0.9993089149965446
0.3744493392070485,0.9993084370677732
0.37419020471624775,0.9993079584775086
0.373931070225447,0.9993074792243767
0.3736719357346463,0.9993069993069993
0.37315366675304484,0.9993060374739764
0.3728945322622441,0.9993055555555556
0.3726353977714434,0.9993050729673384
0.37211712878984193,0.9993041057759221
0.3718579942990412,0.9993036211699164
0.3715988598082405,0.9993031358885017
0.37133972531743975,0.999302649930265
0.371080590826639,0.9993021632937893
0.3708214563358383,0.9993016759776536
0.37056232184503757,0.9993011879804332
0.37030318735423684,0.9993006993006993
0.3700440528634361,0.9993002099370188
0.3697849183726354,0.9992997198879552
0.36952578388183466,0.9992992291520673
0.36926664939103393,0.9992987377279102
0.3690075149002332,0.9992982456140351
0.3687483804094325,0.9992977528089888
0.36848924591863175,0.9992972593113141
0.368230111427831,0.9992967651195499
0.3679709769370303,0.9992962702322308
0.3677118424462296,0.9992957746478873
0.3674527079554289,0.9992952783650458
0.36719357346462816,0.9992947813822285
0.3666753044830267,0.9992937853107344
0.366416169992226,0.9992932862190813
0.36615703550142525,0.9992927864214993
0.3658979010106245,0.9992922859164898
0.3656387665198238,0.9992917847025495
0.36537963202902307,0.9992912827781715
0.36512049753822234,0.999290780141844
0.3648613630474216,0.9992902767920511
0.3646022285566209,0.9992897727272727
0.36434309406582016,0.9992892679459844
0.36408395957501943,0.9992887624466572
0.3638248250842187,0.999288256227758
0.363565690593418,0.9992877492877493
0.36330655610261725,0.9992872416250891
0.3630474216118165,0.9992867332382311
0.3627882871210158,0.9992862241256245
0.36252915263021507,0.9992857142857143
0.36227001813941434,0.9992852037169406
0.3620108836486136,0.9992846924177397
0.3617517491578129,0.9992841803865425
0.36149261466701216,0.9992836676217765
0.36123348017621143,0.9992831541218637
0.3609743456854107,0.9992826398852224
0.36071521119461,0.9992821249102656
0.3604560767038093,0.9992816091954023
0.3601969422130086,0.9992810927390366
0.35993780772220785,0.9992805755395684
0.3596786732314071,0.9992800575953924
0.3594195387406064,0.9992795389048992
0.35916040424980566,0.9992790194664743
0.35890126975900494,0.9992784992784993
0.3586421352682042,0.9992779783393502
0.3583830007774035,0.9992774566473989
0.35812386628660275,0.9992769342010123
0.357864731795802,0.9992764109985528
0.3576055973050013,0.999275887038378
0.35734646281420057,0.9992753623188406
0.35708732832339984,0.9992748368382887
0.3568281938325991,0.9992743105950653
0.3565690593417984,0.9992737835875091
0.35630992485099766,0.9992732558139535
0.35605079036019693,0.9992727272727273
0.3557916558693962,0.9992721979621543
0.3555325213785955,0.9992716678805535
0.35527338688779475,0.999271137026239
0.355014252396994,0.9992706053975201
0.3547551179061933,0.9992700729927008
0.35449598341539257,0.9992695398100804
0.3539777144337911,0.9992684711046086
0.3537185799429904,0.9992679355783309
0.3534594454521897,0.9992673992673993
0.353200310961389,0.999266862170088
0.35294117647058826,0.9992663242846662
0.35268204197978753,0.9992657856093979
0.3524229074889868,0.9992652461425422
0.3521637729981861,0.9992647058823529
0.35190463850738535,0.9992641648270787
0.3516455040165846,0.9992636229749632
0.3513863695257839,0.9992630803242447
0.35112723503498317,0.9992625368731564
0.35086810054418244,0.9992619926199262
0.3506089660533817,0.9992614475627769
0.350349831562581,0.9992609016999261
0.35009069707178025,0.9992603550295858
0.3498315625809795,0.999259807549963
0.3495724280901788,0.9992592592592593
0.34931329359937807,0.9992587101556709
0.34905415910857734,0.9992581602373887
0.3487950246177766,0.9992576095025983
0.3485358901269759,0.9992570579494799
0.34827675563617516,0.9992565055762082
0.34801762114537443,0.9992559523809523
0.3477584866545737,0.9992553983618764
0.347499352163773,0.9992548435171386
0.34724021767297225,0.9992542878448919
0.3469810831821715,0.9992537313432835
0.3467219486913708,0.9992531740104555
0.34646281420057007,0.9992526158445441
0.3462036797097694,0.9992520568436799
0.3454262762373672,0.9992503748125937
0.3451671417465665,0.9992498124531133
0.34490800725576576,0.9992492492492493
0.34464887276496503,0.9992486851990984
0.3443897382741643,0.9992481203007518
0.3441306037833636,0.999247554552295
0.34387146929256285,0.9992469879518072
0.3436123348017621,0.9992464204973625
0.3433532003109614,0.9992458521870287
0.34309406582016067,0.999245283018868
0.34283493132935994,0.9992447129909365
0.3425757968385592,0.999244142101285
0.3423166623477585,0.9992435703479576
0.34205752785695775,0.9992429977289932
0.341798393366157,0.9992424242424243
0.34128012438455557,0.9992412746585736
0.34102098989375484,0.9992406985573272
0.3407618554029541,0.9992401215805471
0.3405027209121534,0.9992395437262357
0.34024358642135266,0.9992389649923896
0.33998445193055193,0.9992383853769993
0.3397253174397512,0.9992378048780488
0.3394661829489505,0.9992372234935164
0.3392070484581498,0.999236641221374
0.3389479139673491,0.9992360580595875
0.33868877947654835,0.9992354740061162
0.3384296449857476,0.9992348890589136
0.3381705104949469,0.9992343032159265
0.33791137600414617,0.9992337164750957
0.33765224151334544,0.9992331288343558
0.3373931070225447,0.9992325402916347
0.337133972531744,0.999231950844854
0.33687483804094326,0.9992313604919293
0.33661570355014253,0.9992307692307693
0.3363565690593418,0.9992301770592764
0.3360974345685411,0.9992295839753467
0.3355791655869396,0.9992283950617284
0.3353200310961389,0.9992277992277993
0.33480176211453744,0.9992266047950503
0.3345426276237367,0.9992260061919505
0.334283493132936,0.9992254066615027
0.33402435864213526,0.9992248062015504
0.3337652241513345,0.9992242048099301
0.3335060896605338,0.9992236024844721
0.3332469551697331,0.9992229992229992
0.33298782067893234,0.9992223950233281
0.3327286861881316,0.9992217898832685
0.3324695516973309,0.9992211838006231
0.33221041720653016,0.9992205767731879
0.3319512827157295,0.999219968798752
0.33169214822492876,0.9992193598750976
0.33143301373412803,0.99921875
0.3311738792433273,0.9992181391712275
0.3309147447525266,0.9992175273865415
0.33065561026172585,0.9992169146436961
0.3303964757709251,0.9992163009404389
0.3301373412801244,0.9992156862745099
0.32987820678932367,0.9992150706436421
0.32961907229852294,0.9992144540455616
0.3293599378077222,0.9992138364779874
0.3291008033169215,0.999213217938631
0.32884166882612076,0.9992125984251968
0.32858253433532003,0.9992119779353822
0.3283233998445193,0.999211356466877
0.3280642653537186,0.9992107340173638
0.32780513086291785,0.9992101105845181
0.3275459963721171,0.9992094861660079
0.3272868618813164,0.9992088607594937
0.32702772739051567,0.9992082343626286
0.32676859289971494,0.9992076069730587
0.3262503239181135,0.9992063492063492
0.32599118942731276,0.9992057188244639
0.325732054936512,0.9992050874403816
0.3254729204457113,0.9992044550517104
0.3252137859549106,0.9992038216560509
0.3249546514641099,0.999203187250996
0.3246955169733092,0.9992025518341308
0.3241772479917077,0.9992012779552716
0.323918113500907,0.9992006394884093
0.32365897901010626,0.9992
0.3231407100285048,0.999198717948718
0.3228815755377041,0.9991980753809142
0.32262244104690335,0.9991974317817014
0.3223633065561026,0.9991967871485944
0.3221041720653019,0.9991961414790996
0.32158590308370044,0.999194847020934
0.3213267685928997,0.9991941982272361
0.32080849961129826,0.9991928974979822
0.32054936512049753,0.9991922455573505
0.3202902306296968,0.9991915925626516
0.3200310961388961,0.9991909385113269
0.31977196164809535,0.9991902834008097
0.3195128271572946,0.9991896272285251
0.318217154703291,0.9991863303498779
0.31795802021249026,0.999185667752443
0.3176988857216896,0.9991850040749797
0.31743975123088886,0.9991843393148451
0.31718061674008813,0.9991836734693877
0.3169214822492874,0.9991830065359477
0.3166623477584867,0.9991823385118561
0.31640321326768595,0.9991816693944353
0.3161440787768852,0.9991809991809992
0.3158849442860845,0.9991803278688525
0.31562580979528376,0.9991796554552912
0.31536667530448304,0.9991789819376026
0.31458927183208085,0.9991769547325103
0.3143301373412801,0.999176276771005
0.3140710028504794,0.9991755976916735
0.31381186835967867,0.9991749174917491
0.31355273386887794,0.9991742361684558
0.3132935993780772,0.9991735537190083
0.3130344648872765,0.9991728701406121
0.31277533039647576,0.9991721854304636
0.31251619590567503,0.9991714995857498
0.3122570614148743,0.9991708126036484
0.3119979269240736,0.9991701244813278
0.31173879243327285,0.9991694352159468
0.3114796579424721,0.999168744804655
0.3112205234516714,0.9991680532445923
0.31096138896087067,0.9991673605328892
0.31070225447007,0.9991666666666666
0.31044311997926927,0.9991659716430359
0.31018398548846854,0.9991652754590985
0.3099248509976678,0.9991645781119465
0.30940658201606636,0.999163179916318
0.30914744752526563,0.9991624790619765
0.3088883130344649,0.9991617770326907
0.3086291785436642,0.9991610738255033
0.30837004405286345,0.9991603694374476
0.3081109095620627,0.9991596638655462
0.307851775071262,0.9991589571068125
0.30759264058046126,0.9991582491582491
0.30733350608966054,0.9991575400168492
0.3070743715988598,0.9991568296795953
0.3068152371080591,0.99915611814346
0.30655610261725835,0.9991554054054054
0.3062969681264576,0.9991546914623838
0.3060378336356569,0.9991539763113367
0.30577869914485617,0.9991532599491956
0.30551956465405544,0.9991525423728813
0.3052604301632547,0.9991518235793045
0.305001295672454,0.9991511035653651
0.30474216118165326,0.9991503823279524
0.3042238922000518,0.9991489361702127
0.3039647577092511,0.9991482112436116
0.30370562321845035,0.9991474850809889
0.3034464887276497,0.9991467576791809
0.30318735423684895,0.9991460290350128
0.3029282197460482,0.9991452991452991
0.3026690852552475,0.9991445680068435
0.30240995076444677,0.9991438356164384
0.30215081627364604,0.9991431019708654
0.3018916817828453,0.9991423670668954
0.30137341280124386,0.9991408934707904
0.30111427831044313,0.999140154772141
0.3008551438196424,0.9991394148020654
0.3005960093288417,0.9991386735572783
0.30033687483804095,0.9991379310344828
0.3000777403472402,0.999137187230371
0.2998186058564395,0.9991364421416234
0.29955947136563876,0.9991356957649092
0.29930033687483804,0.9991349480968859
0.2990412023840373,0.9991341991341991
0.2987820678932366,0.9991334488734835
0.29852293340243585,0.9991326973113617
0.2982637989116351,0.9991319444444444
0.2980046644208344,0.9991311902693311
0.29774552993003367,0.9991304347826087
0.2972272609484322,0.9991289198606271
0.2969681264576315,0.999128160418483
0.29670899196683076,0.9991273996509599
0.29644985747603003,0.9991266375545852
0.29619072298522936,0.9991258741258742
0.29593158849442863,0.9991251093613298
0.2956724540036279,0.999124343257443
0.2954133195128272,0.9991235758106923
0.2948950505312257,0.9991220368744512
0.294635916040425,0.9991212653778558
0.29437678154962427,0.9991204925241864
0.29411764705882354,0.9991197183098591
0.2938585125680228,0.9991189427312775
0.2935993780772221,0.9991181657848325
0.29334024358642136,0.999117387466902
0.29308110909562063,0.9991166077738516
0.2928219746048199,0.9991158267020336
0.2920445711324177,0.999113475177305
0.291785436641617,0.9991126885536823
0.29152630215081626,0.9991119005328597
0.29126716766001554,0.9991111111111111
0.2910080331692148,0.9991103202846975
0.2907488986784141,0.9991095280498664
0.29048976418761335,0.9991087344028521
0.2902306296968126,0.9991079393398751
0.2899714952060119,0.9991071428571429
0.28971236071521117,0.9991063449508489
0.28945322622441044,0.9991055456171736
0.28893495724280904,0.9991039426523297
0.2886758227520083,0.9991031390134529
0.2884166882612076,0.9991023339317774
0.28789841927960613,0.9991007194244604
0.2876392847888054,0.9990999099909991
0.28712101580720395,0.9990982867448152
0.2868618813164032,0.9990974729241877
0.2866027468256025,0.999096657633243
0.28634361233480177,0.9990958408679927
0.28608447784400104,0.9990950226244344
0.2858253433532003,0.9990942028985508
0.2855662088623996,0.99909338168631
0.28530707437159886,0.9990925589836661
0.28504793988079813,0.9990917347865577
0.2847888053899974,0.9990909090909091
0.2845296708991967,0.9990900818926297
0.28427053640839595,0.9990892531876139
0.2840114019175952,0.9990884229717412
0.2837522674267945,0.9990875912408759
0.28349313293599376,0.9990867579908675
0.28323399844519304,0.9990859232175503
0.2829748639543923,0.9990850869167429
0.2827157294635916,0.9990842490842491
0.28245659497279085,0.999083409715857
0.2821974604819901,0.9990825688073395
0.28193832599118945,0.9990817263544536
0.2816791915003887,0.9990808823529411
0.281420057009588,0.9990800367985281
0.28116092251878727,0.9990791896869244
0.28090178802798654,0.9990783410138249
0.2806426535371858,0.9990774907749077
0.2803835190463851,0.9990766389658357
0.28012438455558436,0.9990757855822551
0.27986525006478363,0.9990749306197965
0.2796061155739829,0.9990740740740741
0.2793469810831822,0.9990732159406858
0.27908784659238145,0.9990723562152134
0.2788287121015807,0.9990714948932219
0.27856957761078,0.9990706319702602
0.27831044311997927,0.9990697674418605
0.27805130862917854,0.9990689013035382
0.2777921741383778,0.9990680335507922
0.2775330396475771,0.9990671641791045
0.27727390515677636,0.9990662931839402
0.27701477066597563,0.9990654205607477
0.2767556361751749,0.9990645463049579
0.2764965016843742,0.9990636704119851
0.27623736719357345,0.9990627928772259
0.2759782327027727,0.99906191369606
0.275719098211972,0.9990610328638497
0.27545996372117126,0.9990601503759399
0.27520082923037054,0.9990592662276576
0.27494169473956986,0.9990583804143126
0.27468256024876914,0.9990574929311969
0.2744234257579684,0.9990566037735849
0.2741642912671677,0.9990557129367328
0.27390515677636695,0.999054820415879
0.2736460222855662,0.9990539262062441
0.2733868877947655,0.9990530303030303
0.27312775330396477,0.9990521327014218
0.27286861881316404,0.9990512333965844
0.2726094843223633,0.9990503323836657
0.27209121534076186,0.9990485252140818
0.27183208084996113,0.9990476190476191
0.2715729463591604,0.9990467111534795
0.2713138118683597,0.9990458015267175
0.27105467737755895,0.9990448901623686
0.27027727390515677,0.9990421455938697
0.27001813941435604,0.9990412272291467
0.2697590049235553,0.9990403071017274
0.2694998704327546,0.9990393852065321
0.26924073594195386,0.9990384615384615
0.26898160145115313,0.9990375360923965
0.2687224669603524,0.9990366088631984
0.2684633324695517,0.9990356798457087
0.26820419797875095,0.999034749034749
0.2679450634879502,0.9990338164251208
0.26768592899714955,0.9990328820116054
0.2674267945063488,0.9990319457889641
0.2671676600155481,0.999031007751938
0.26690852552474736,0.9990300678952473
0.26664939103394664,0.9990291262135922
0.2663902565431459,0.9990281827016521
0.2661311220523452,0.9990272373540856
0.26587198756154445,0.9990262901655307
0.2656128530707437,0.9990253411306043
0.265353718579943,0.9990243902439024
0.26509458408914227,0.9990234375
0.26483544959834154,0.9990224828934506
0.2645763151075408,0.9990215264187867
0.2643171806167401,0.9990205680705191
0.26405804612593936,0.9990196078431373
0.26379891163513863,0.9990186457311089
0.2635397771443379,0.9990176817288802
0.2632806426535372,0.9990167158308751
0.26302150816273645,0.9990157480314961
0.2627623736719357,0.9990147783251232
0.26224410469033427,0.9990128331688055
0.26198497019953354,0.9990118577075099
0.2617258357087328,0.9990108803165183
0.2614667012179321,0.999009900990099
0.26120756672713136,0.9990089197224975
0.26094843223633063,0.9990079365079365
0.26068929774552996,0.9990069513406157
0.26043016325472923,0.9990059642147118
0.2601710287639285,0.9990049751243781
0.2599118942731278,0.999003984063745
0.25965275978232705,0.9990029910269193
0.2593936252915263,0.999001996007984
0.2591344908007256,0.999000999000999
0.25887535630992486,0.999
0.25861622181912414,0.998998998998999
0.2583570873283234,0.998997995991984
0.2580979528375227,0.9989969909729187
0.25783881834672195,0.998995983935743
0.2575796838559212,0.9989949748743718
0.2573205493651205,0.9989939637826962
0.25706141487431977,0.998992950654582
0.2565431458927183,0.9989909182643795
0.2562840114019176,0.998989898989899
0.25602487691111686,0.9989888776541962
0.25576574242031613,0.9989878542510121
0.2555066079295154,0.9989868287740629
0.2552474734387147,0.9989858012170385
0.25498833894791395,0.9989847715736041
0.2547292044571132,0.9989837398373984
0.2544700699663125,0.9989827060020345
0.25421093547551177,0.9989816700610998
0.25395180098471104,0.9989806320081549
0.2536926664939103,0.9989795918367347
0.25343353200310964,0.9989785495403473
0.2531743975123089,0.9989775051124744
0.2529152630215082,0.9989764585465711
0.25265612853070746,0.9989754098360656
0.25239699403990673,0.9989743589743589
0.252137859549106,0.9989733059548255
0.2518787250583053,0.998972250770812
0.25161959056750455,0.9989711934156379
0.2513604560767038,0.9989701338825953
0.2511013215859031,0.9989690721649485
0.25084218709510236,0.9989680082559339
0.25058305260430164,0.9989669421487604
0.2503239181135009,0.9989658738366081
0.2500647836227002,0.9989648033126294
0.24980564913189945,0.9989637305699481
0.24954651464109873,0.9989626556016598
0.249287380150298,0.9989615784008308
0.24876911116869654,0.9989594172736732
0.24850997667789582,0.9989583333333333
0.2482508421870951,0.9989572471324296
0.2479917076962944,0.9989561586638831
0.24773257320549366,0.9989550679205852
0.24747343871469293,0.9989539748953975
0.2472143042238922,0.9989528795811519
0.24695516973309148,0.9989517819706499
0.24669603524229075,0.9989506820566632
0.24643690075149002,0.9989495798319328
0.2461777662606893,0.9989484752891693
0.24565949727908784,0.9989462592202318
0.2454003627882871,0.9989451476793249
0.24514122829748639,0.9989440337909187
0.24488209380668566,0.9989429175475687
0.24436382482508423,0.9989406779661016
0.2441046903342835,0.9989395546129375
0.24384555584348278,0.9989384288747346
0.24358642135268205,0.9989373007438895
0.24332728686188132,0.9989361702127659
0.2430681523710806,0.9989350372736954
0.24280901788027986,0.9989339019189766
0.2422907488986784,0.9989316239316239
0.24203161440787768,0.9989304812834224
0.24177247991707695,0.9989293361884368
0.24151334542627623,0.9989281886387996
0.2412542109354755,0.9989270386266095
0.2409950764446748,0.9989258861439313
0.24073594195387407,0.9989247311827957
0.24021767297227262,0.9989224137931034
0.2399585384814719,0.9989212513484358
0.23969940399067116,0.9989200863930886
0.23944026949987043,0.9989189189189189
0.2391811350090697,0.9989177489177489
0.23892200051826898,0.9989165763813651
0.23866286602746825,0.9989154013015185
0.23840373153666752,0.998914223669924
0.2381445970458668,0.9989130434782608
0.23788546255506607,0.998911860718172
0.23762632806426534,0.9989106753812637
0.23736719357346464,0.9989094874591058
0.2371080590826639,0.9989082969432315
0.23684892459186319,0.9989071038251366
0.23658979010106246,0.9989059080962801
0.23633065561026173,0.9989047097480832
0.236071521119461,0.9989035087719298
0.23581238662866028,0.9989023051591658
0.23555325213785955,0.9989010989010989
0.23529411764705882,0.9988998899889989
0.23451671417465664,0.9988962472406181
0.2342575796838559,0.9988950276243094
0.23348017621145375,0.9988913525498891
0.23322104172065303,0.9988901220865705
0.2329619072298523,0.9988888888888889
0.23270277273905157,0.9988876529477196
0.2319253692666494,0.9988839285714286
0.23140710028504793,0.9988814317673378
0.2311479657942472,0.9988801791713325
0.23088883130344648,0.9988789237668162
0.23062969681264575,0.9988776655443322
0.23037056232184502,0.998876404494382
0.23011142783104432,0.9988751406074241
0.2298522933402436,0.9988738738738738
0.22959315884944287,0.9988726042841037
0.22933402435864214,0.9988713318284425
0.2290748898678414,0.9988700564971752
0.22881575537704069,0.998868778280543
0.22855662088623996,0.9988674971687429
0.22829748639543923,0.9988662131519275
0.2280383519046385,0.9988649262202043
0.22777921741383778,0.9988636363636364
0.22726094843223632,0.9988610478359908
0.2270018139414356,0.9988597491448119
0.2267426794506349,0.9988584474885844
0.22648354495983417,0.9988571428571429
0.22622441046903344,0.9988558352402745
0.2259652759782327,0.9988545246277205
0.22570614148743198,0.9988532110091743
0.22518787250583053,0.9988505747126437
0.2249287380150298,0.998849252013809
0.22466960352422907,0.9988479262672811
0.22441046903342834,0.9988465974625144
0.22415133454262762,0.9988452655889145
0.2238922000518269,0.9988439306358381
0.22363306556102616,0.9988425925925926
0.22337393107022543,0.9988412514484357
0.22311479657942473,0.9988399071925754
0.222855662088624,0.9988385598141696
0.22259652759782328,0.9988372093023256
0.22233739310702255,0.9988358556461001
0.2218191241254211,0.9988331388564761
0.22155998963462037,0.9988317757009346
0.22130085514381964,0.9988304093567252
0.2210417206530189,0.9988290398126464
0.2207825861622182,0.9988276670574443
0.22052345167141746,0.9988262910798122
0.220005182689816,0.9988235294117647
0.21974604819901528,0.9988221436984688
0.21948691370821458,0.9988207547169812
0.21922777921741385,0.9988193624557261
0.21896864472661312,0.9988179669030733
0.21845037574501167,0.9988151658767772
0.21819124125421094,0.9988137603795967
0.2179321067634102,0.998812351543943
0.21767297227260948,0.9988109393579072
0.21715470329100803,0.99880810488677
0.2168955688002073,0.9988066825775657
0.21663643430940657,0.998805256869773
0.21637729981860584,0.9988038277511961
0.21611816532780512,0.9988023952095808
0.21585903083700442,0.9988009592326139
0.21534076185540296,0.9987980769230769
0.2148224928738015,0.9987951807228915
0.21456335838300078,0.9987937273823885
0.21430422389220005,0.998792270531401
0.21404508940139932,0.9987908101571947
0.2137859549105986,0.9987893462469734
0.21352682041979787,0.9987878787878788
0.21326768592899714,0.9987864077669902
0.21300855143819641,0.9987849331713244
0.2127494169473957,0.9987834549878345
0.212490282456595,0.9987819732034104
0.21223114796579426,0.998780487804878
0.2117128789841928,0.9987775061124694
0.21145374449339208,0.9987760097919217
0.21119461000259135,0.9987745098039216
0.21093547551179062,0.9987730061349693
0.21041720653018917,0.998769987699877
0.21015807203938844,0.9987684729064039
0.2098989375485877,0.998766954377312
0.20963980305778698,0.9987654320987654
0.20938066856698626,0.9987639060568603
0.20912153407618553,0.9987623762376238
0.20886239958538483,0.9987608426270136
0.2086032650945841,0.9987593052109182
0.20834413060378337,0.9987577639751553
0.20808499611298265,0.9987562189054726
0.20782586162218192,0.9987546699875467
0.2075667271313812,0.9987531172069826
0.20730759264058046,0.9987515605493134
0.20704845814977973,0.99875
0.206789323658979,0.9987484355444305
0.20653018916817828,0.9987468671679198
0.20627105467737755,0.998745294855709
0.20601192018657682,0.9987437185929648
0.2057527856957761,0.9987421383647799
0.20549365120497537,0.9987405541561712
0.20523451671417467,0.9987389659520807
0.20471624773257321,0.9987357774968394
0.2044571132417725,0.9987341772151899
0.20393884426017103,0.998730964467005
0.2036797097693703,0.9987293519695044
0.20342057527856958,0.9987277353689568
0.20316144078776885,0.9987261146496815
0.20290230629696812,0.9987244897959183
0.2026431718061674,0.9987228607918263
0.20238403731536667,0.9987212276214834
0.20212490282456594,0.998719590268886
0.2018657683337652,0.9987179487179487
0.2016066338429645,0.9987163029525032
0.20134749935216378,0.9987146529562982
0.20108836486136306,0.9987129987129987
0.20082923037056233,0.9987113402061856
0.2005700958797616,0.9987096774193548
0.20031096138896087,0.9987080103359173
0.20005182689816015,0.9987063389391979
0.19979269240735942,0.9987046632124352
0.1995335579165587,0.9987029831387808
0.19927442342575796,0.9987012987012988
0.19901528893495724,0.9986996098829649
0.1987561544441565,0.9986979166666666
0.19849701995335578,0.9986962190352021
0.19823788546255505,0.9986945169712794
0.1974604819901529,0.9986893840104849
0.19720134749935217,0.9986876640419947
0.19694221300855144,0.9986859395532195
0.19668307851775071,0.9986842105263158
0.19642394402695,0.9986824769433466
0.19616480953614926,0.9986807387862797
0.19590567504534853,0.9986789960369881
0.19538740606374708,0.9986754966887417
0.19486913708214562,0.99867197875166
0.19461000259134492,0.9986702127659575
0.1943508681005442,0.9986684420772304
0.19409173360974347,0.9986666666666667
0.19383259911894274,0.9986648865153538
0.193573464628142,0.9986631016042781
0.19331433013734128,0.998661311914324
0.19305519564654056,0.9986595174262735
0.19279606115573983,0.9986577181208054
0.1925369266649391,0.9986559139784946
0.19201865768333765,0.9986522911051213
0.1915003887017362,0.9986486486486487
0.19098211972013476,0.9986449864498645
0.19072298522933404,0.9986431478968792
0.1904638507385333,0.998641304347826
0.1894273127753304,0.9986338797814208
0.18890904379372894,0.9986301369863013
0.18864990930292821,0.9986282578875172
0.1883907748121275,0.9986263736263736
0.18813164032132676,0.9986244841815681
0.18787250583052603,0.9986225895316805
0.1876133713397253,0.9986206896551724
0.1873542368489246,0.9986187845303868
0.18683596786732315,0.9986149584487535
0.18657683337652242,0.9986130374479889
0.18605856439492097,0.9986091794158554
0.18579942990412024,0.9986072423398329
0.1855402954133195,0.99860529986053
0.18528116092251878,0.9986033519553073
0.18502202643171806,0.9986013986013986
0.18476289194091733,0.9985994397759104
0.18398548846851515,0.9985935302390999
0.18346721948691372,0.998589562764457
0.183208084996113,0.998587570621469
0.18294895050531226,0.9985855728429985
0.18268981601451154,0.9985835694050992
0.1824306815237108,0.9985815602836879
0.18217154703291008,0.9985795454545454
0.18191241254210935,0.9985775248933144
0.18165327805130863,0.9985754985754985
0.1813941435605079,0.9985734664764622
0.18087587457890644,0.9985693848354793
0.1800984711065043,0.9985632183908046
0.17983933661570356,0.9985611510791367
0.17958020212490283,0.9985590778097982
0.1793210676341021,0.9985569985569985
0.17906193314330138,0.9985549132947977
0.17880279865250065,0.9985528219971056
0.17854366416169992,0.9985507246376811
0.1782845296708992,0.9985486211901307
0.17802539518009847,0.998546511627907
0.17776626068929774,0.9985443959243085
0.177507126198497,0.9985422740524781
0.17724799170769628,0.9985401459854014
0.17698885721689556,0.9985380116959064
0.17672972272609486,0.9985358711566618
0.17647058823529413,0.998533724340176
0.1762114537444934,0.9985315712187959
0.17595231925369267,0.9985294117647059
0.17569318476289195,0.9985272459499264
0.1751749157812905,0.9985228951255539
0.17491578129048976,0.9985207100591716
0.17465664679968904,0.9985185185185185
0.1743975123088883,0.9985163204747775
0.17413837781808758,0.9985141158989599
0.17387924332728685,0.9985119047619048
0.17362010883648613,0.9985096870342772
0.1733609743456854,0.9985074626865672
0.1731018398548847,0.9985052316890882
0.17284270536408397,0.9985029940119761
0.17258357087328324,0.9985007496251874
0.1720653018916818,0.9984962406015038
0.17154703291008033,0.9984917043740573
0.1712878984192796,0.9984894259818731
0.17076962943767815,0.9984848484848485
0.17051049494687742,0.9984825493171472
0.1702513604560767,0.9984802431610942
0.16999222596527597,0.9984779299847792
0.16973309147447524,0.9984756097560976
0.16947395698367454,0.9984732824427481
0.1692148224928738,0.9984709480122325
0.16895568800207308,0.998468606431853
0.16869655351127236,0.9984662576687117
0.16843741902047163,0.9984639016897081
0.1681782845296709,0.9984615384615385
0.16766001554806945,0.9984567901234568
0.16740088105726872,0.9984544049459042
0.167141746566468,0.9984520123839009
0.16688261207566726,0.9984496124031008
0.16662347758486654,0.9984472049689441
0.1663643430940658,0.9984447900466563
0.16610520860326508,0.9984423676012462
0.16584607411246438,0.9984399375975039
0.16558693962166365,0.9984375
0.16532780513086293,0.9984350547730829
0.1650686706400622,0.9984326018808778
0.16455040165846074,0.9984276729559748
0.16429126716766002,0.9984251968503937
0.1640321326768593,0.998422712933754
0.16377299818605856,0.9984202211690363
0.16351386369525783,0.9984177215189873
0.16299559471365638,0.9984126984126984
0.16247732573205495,0.9984076433121019
0.16221819124125422,0.9984051036682615
0.16144078776885204,0.9983974358974359
0.1611816532780513,0.9983948635634029
0.16092251878725058,0.9983922829581994
0.16066338429644986,0.998389694041868
0.16040424980564913,0.9983870967741936
0.1601451153148484,0.9983844911147012
0.15988598082404767,0.9983818770226537
0.15962684633324695,0.9983792544570502
0.1591085773516455,0.9983739837398374
0.1588494428608448,0.998371335504886
0.15859030837004406,0.99836867862969
0.15833117387924334,0.9983660130718954
0.1580720393884426,0.9983633387888707
0.15781290489764188,0.9983606557377049
0.15755377040684115,0.9983579638752053
0.15729463591604043,0.9983552631578947
0.1570355014252397,0.9983525535420099
0.15677636693443897,0.9983498349834984
0.15651723244363824,0.9983471074380166
0.15625809795283752,0.9983443708609272
0.1559989634620368,0.9983416252072969
0.15573982897123606,0.9983388704318937
0.15548069448043533,0.9983361064891847
0.15522155998963463,0.9983333333333333
0.15470329100803318,0.9983277591973244
0.15444415651723245,0.998324958123953
0.15418502202643172,0.9983221476510067
0.15366675304483027,0.9983164983164983
0.15340761855402954,0.9983136593591906
0.1531484840632288,0.9983108108108109
0.15288934957242808,0.9983079526226735
0.15263021508162736,0.9983050847457627
0.1521119461000259,0.9982993197278912
0.15185281160922517,0.9982964224872232
0.15159367711842447,0.9982935153583617
0.15133454262762375,0.9982905982905983
0.15055713915522156,0.9982817869415808
0.15029800466442084,0.9982788296041308
0.1500388701736201,0.9982758620689656
0.14977973568281938,0.998272884283247
0.14926146670121793,0.9982668977469671
0.1490023322104172,0.9982638888888888
0.14822492873801502,0.9982547993019197
0.14796579424721432,0.9982517482517482
0.1477066597564136,0.9982486865148862
0.14744752526561286,0.9982456140350877
0.14718839077481213,0.9982425307557118
0.14667012179321068,0.9982363315696648
0.14641098730240995,0.9982332155477032
0.14615185281160922,0.9982300884955753
0.1458927183208085,0.99822695035461
0.14563358383000777,0.9982238010657194
0.14537444933920704,0.998220640569395
0.1451153148484063,0.9982174688057041
0.14485618035760559,0.9982142857142857
0.14459704586680489,0.998211091234347
0.14433791137600416,0.9982078853046595
0.14407877688520343,0.9982046678635548
0.14356050790360197,0.9981981981981982
0.14330137341280125,0.9981949458483754
0.14304223892200052,0.9981916817359855
0.1427831044311998,0.9981884057971014
0.14252396994039906,0.9981851179673321
0.14226483544959834,0.9981818181818182
0.1420057009587976,0.9981785063752276
0.14174656646799688,0.9981751824817519
0.14148743197719615,0.9981718464351006
0.14096916299559473,0.998165137614679
0.140710028504794,0.9981617647058824
0.14019175952319254,0.9981549815498155
0.13993262503239182,0.9981515711645101
0.1396734905415911,0.9981481481481481
0.13941435605079036,0.9981447124304267
0.13915522155998963,0.9981412639405205
0.1388960870691889,0.9981378026070763
0.13863695257838818,0.9981343283582089
0.13811868359678672,0.99812734082397
0.137859549105986,0.99812382739212
0.13760041461518527,0.9981203007518797
0.13734128012438457,0.9981167608286252
0.1368230111427831,0.998109640831758
0.13630474216118166,0.9981024667931688
0.13604560767038093,0.9980988593155894
0.1357864731795802,0.9980952380952381
0.13552733868877948,0.9980916030534351
0.13526820419797875,0.9980879541108987
0.1347499352163773,0.9980806142034548
0.13449080072557656,0.9980769230769231
0.13423166623477584,0.9980732177263969
0.1339725317439751,0.9980694980694981
0.1337133972531744,0.9980657640232108
0.13345426276237368,0.998062015503876
0.13293599378077223,0.9980544747081712
0.1326768592899715,0.9980506822612085
0.13241772479917077,0.998046875
0.13215859030837004,0.9980430528375733
0.13189945581756932,0.9980392156862745
0.1316403213267686,0.9980353634577603
0.1308629178543664,0.9980237154150198
0.13060378336356568,0.998019801980198
0.13008551438196425,0.9980119284294234
0.1295672454003628,0.998003992015968
0.12930811090956207,0.998
0.12853070743715989,0.9979879275653923
0.12827157294635916,0.9979838709677419
0.12801243845555843,0.997979797979798
0.1277533039647577,0.9979757085020243
0.12723503498315625,0.9979674796747967
0.12697590049235552,0.9979633401221996
0.1264576315107541,0.9979550102249489
0.12593936252915264,0.997946611909651
0.1256802280383519,0.9979423868312757
0.12542109354755118,0.9979381443298969
0.12516195905675045,0.9979338842975206
0.12490282456594973,0.9979296066252588
0.124643690075149,0.9979253112033195
0.12438455558434827,0.997920997920998
0.12412542109354754,0.9979166666666667
0.12386628660274683,0.9979123173277662
0.12334801762114538,0.9979035639412998
0.12308888313034465,0.9978991596638656
0.12282974863954392,0.9978947368421053
0.12231147965794248,0.9978858350951374
0.12205234516714175,0.9978813559322034
0.12179321067634102,0.9978768577494692
0.1215340761855403,0.997872340425532
0.12127494169473957,0.997867803837953
0.12101580720393884,0.9978632478632479
0.12075667271313811,0.9978586723768736
0.1204975382223374,0.9978540772532188
0.12023840373153667,0.9978494623655914
0.11997926924073594,0.9978448275862069
0.11972013474993522,0.9978401727861771
0.11920186576833376,0.9978308026030369
0.11894273127753303,0.9978260869565218
0.11868359678673232,0.9978213507625272
0.11842446229593159,0.9978165938864629
0.11816532780513087,0.9978118161925602
0.11764705882352941,0.9978021978021978
0.11712878984192795,0.9977924944812362
0.11686965535112724,0.9977876106194691
0.11661052086032651,0.9977827050997783
0.11635138636952579,0.9977777777777778
0.11583311738792433,0.9977678571428571
0.1155739828971236,0.9977628635346756
0.11531484840632288,0.9977578475336323
0.11505571391552216,0.9977528089887641
0.11479657942472143,0.9977477477477478
0.11427831044311998,0.997737556561086
0.11401917595231925,0.9977324263038548
0.1135009069707178,0.9977220956719818
0.11298263798911636,0.9977116704805492
0.11272350349831563,0.9977064220183486
0.1124643690075149,0.9977011494252873
0.11220523451671417,0.9976958525345622
0.11194610002591344,0.9976905311778291
0.11168696553511272,0.9976851851851852
0.11116869655351128,0.9976744186046511
0.11090956206271055,0.9976689976689976
0.11065042757190982,0.9976635514018691
0.1103912930811091,0.9976580796252927
0.11013215859030837,0.9976525821596244
0.10987302409950764,0.9976470588235294
0.10961388960870692,0.9976415094339622
0.10909562062710547,0.9976303317535545
0.10831821715470329,0.9976133651551312
0.10805908266390256,0.9976076555023924
0.10779994817310184,0.9976019184652278
0.10754081368230112,0.9975961538461539
0.10728167919150039,0.9975903614457832
0.10702254470069966,0.9975845410628019
0.10676341020989893,0.9975786924939467
0.10650427571909821,0.9975728155339806
0.1062451412282975,0.9975669099756691
0.10598600673749677,0.9975609756097561
0.10572687224669604,0.9975550122249389
0.10546773775589531,0.9975490196078431
0.10520860326509458,0.9975429975429976
0.10494946877429386,0.9975369458128078
0.10469033428349313,0.9975308641975309
0.10443119979269241,0.9975247524752475
0.10417206530189169,0.9975186104218362
0.10391293081109096,0.9975124378109452
0.10365379632029023,0.9975062344139651
0.1033946618294895,0.9975
0.10261725835708733,0.9974811083123426
0.10235812386628661,0.9974747474747475
0.10209898937548588,0.9974683544303797
0.10183985488468515,0.9974619289340102
0.10158072039388442,0.9974554707379135
0.1013215859030837,0.9974489795918368
0.10106245141228297,0.9974424552429667
0.10080331692148226,0.9974358974358974
0.10054418243068153,0.9974293059125964
0.1002850479398808,0.9974226804123711
0.10002591344908007,0.9974160206718347
0.09898937548587718,0.9973890339425587
0.09873024099507645,0.9973821989528796
0.09847110650427572,0.9973753280839895
0.09795283752267427,0.9973614775725593
0.09769370303187354,0.9973544973544973
0.09639803057786991,0.9973190348525469
0.09562062710546773,0.9972972972972973
0.09536149261466702,0.997289972899729
0.09510235812386629,0.9972826086956522
0.09484322363306556,0.997275204359673
0.09458408914226483,0.9972677595628415
0.09432495465146411,0.9972602739726028
0.09380668566986265,0.9972451790633609
0.09354755117906194,0.9972375690607734
0.09328841668826121,0.997229916897507
0.09302928219746048,0.9972222222222222
0.09277014770665976,0.9972144846796658
0.0922518787250583,0.9971988795518207
0.09199274423425757,0.9971910112359551
0.09173360974345686,0.9971830985915493
0.0912153407618554,0.9971671388101983
0.09095620627105468,0.9971590909090909
0.09043793728945322,0.9971428571428571
0.0901788027986525,0.997134670487106
0.08991966830785178,0.9971264367816092
0.08940139932625032,0.9971098265895953
0.0891422648354496,0.9971014492753624
0.08888313034464887,0.997093023255814
0.08862399585384814,0.9970845481049563
0.08836486136304743,0.9970760233918129
0.08758745789064525,0.9970501474926253
0.08706918890904379,0.9970326409495549
0.08681005441824306,0.9970238095238095
0.0860326509458409,0.996996996996997
0.08577351645504017,0.9969879518072289
0.08551438196423944,0.9969788519637462
0.08473697849183727,0.9969512195121951
0.08447784400103654,0.9969418960244648
0.08421870951023581,0.9969325153374233
0.08395957501943509,0.9969230769230769
0.08370044052863436,0.9969135802469136
0.0831821715470329,0.9968944099378882
0.08292303705623219,0.9968847352024922
0.08266390256543146,0.996875
0.08240476807463074,0.9968652037617555
0.08188649909302928,0.9968454258675079
0.08162736460222855,0.9968354430379747
0.08110909562062711,0.9968152866242038
0.08084996112982638,0.9968051118210862
0.08059082663902566,0.9967948717948718
0.08033169214822493,0.9967845659163987
0.0800725576574242,0.9967741935483871
0.07981342316662347,0.9967637540453075
0.07955428867582275,0.9967532467532467
0.0790360196942213,0.9967320261437909
0.07851775071261985,0.9967105263157895
0.07825861622181912,0.9966996699669967
0.07774034724021767,0.9966777408637874
0.07748121274941695,0.9966666666666667
0.07722207825861623,0.9966555183946488
0.0769629437678155,0.9966442953020134
0.07670380927701477,0.9966329966329966
0.07644467478621404,0.9966216216216216
0.07618554029541331,0.9966101694915255
0.07592640580461259,0.9965986394557823
0.07566727131381187,0.9965870307167235
0.07540813682301115,0.9965753424657534
0.07514900233221042,0.9965635738831615
0.07488986784140969,0.996551724137931
0.07437159885980824,0.9965277777777778
0.07411246436900751,0.9965156794425087
0.0738533298782068,0.9965034965034965
0.07359419538740607,0.9964912280701754
0.07307592640580461,0.9964664310954063
0.07281679191500388,0.9964539007092199
0.07255765742420316,0.99644128113879
0.07203938844260172,0.996415770609319
0.07152111946100026,0.9963898916967509
0.07126198497019953,0.9963768115942029
0.0710028504793988,0.9963636363636363
0.07074371598859808,0.9963503649635036
0.07048458149779736,0.9963369963369964
0.06996631251619591,0.996309963099631
0.06970717802539518,0.9962962962962963
0.06944804353459445,0.9962825278810409
0.06918890904379373,0.996268656716418
0.068929774552993,0.9962546816479401
0.06841150557139156,0.9962264150943396
0.0678932365897901,0.9961977186311787
0.06763410209898937,0.9961832061068703
0.06737496760818865,0.9961685823754789
0.0668566986265872,0.9961389961389961
0.06659756413578648,0.9961240310077519
0.06633842964498575,0.9961089494163424
0.06607929515418502,0.99609375
0.06556102617258357,0.9960629921259843
0.06530189168178284,0.9960474308300395
0.06504275719098213,0.996031746031746
0.0647836227001814,0.9960159362549801
0.06452448820938067,0.996
0.06426535371857994,0.9959839357429718
0.06400621922777922,0.9959677419354839
0.06374708473697849,0.9959514170040485
0.06322881575537705,0.9959183673469387
0.06271054677377559,0.9958847736625515
0.062451412282974864,0.9958677685950413
0.062192277792174136,0.995850622406639
0.061933143301373415,0.9958333333333333
0.06167400881057269,0.99581589958159
0.06141487431977196,0.9957983193277311
0.06115573982897124,0.9957805907172996
0.06089660533817051,0.9957627118644068
0.060637470847369784,0.9957446808510638
0.060637470847369784,1.0
0.060119201865768336,1.0
0.05986006737496761,1.0
0.05960093288416688,1.0
0.05934179839336616,1.0
0.058823529411764705,1.0
0.05856439492096398,1.0
0.05804612593936253,1.0
0.0577869914485618,1.0
0.05752785695776108,1.0
0.05726872246696035,1.0
0.057009587976159626,1.0
0.0567504534853589,1.0
0.05649131899455818,1.0
0.05623218450375745,1.0
0.05597305001295672,1.0
0.05493651204975382,1.0
0.0546773775589531,1.0
0.05441824306815237,1.0
0.05415910857735164,1.0
0.05389997408655092,1.0
0.053640839595750195,1.0
0.05338170510494947,1.0
0.05312257061414875,1.0
0.05286343612334802,1.0
0.05260430163254729,1.0
0.052345167141746564,1.0
0.051826898160145116,1.0
0.05156776366934439,1.0
0.05130862917854367,1.0
0.05104949468774294,1.0
0.050531225706141485,1.0
0.050272091215340764,1.0
0.04923555325213786,1.0
0.04897641876133713,1.0
0.048458149779735685,1.0
0.04819901528893496,1.0
0.04793988079813423,1.0
0.04768074630733351,1.0
0.04742161181653278,1.0
0.047162477325732054,1.0
0.046903342834931326,1.0
0.046644208344130605,1.0
0.04638507385332988,1.0
0.04612593936252915,1.0
0.0456076703809277,1.0
0.045348535890126974,1.0
0.044830266908525526,1.0
0.0445711324177248,1.0
0.04431199792692407,1.0
0.04379372894532262,1.0
0.043534594454521895,1.0
0.043275459963721175,1.0
0.04301632547292045,1.0
0.04275719098211972,1.0
0.04249805649131899,1.0
0.04223892200051827,1.0
0.041979787509717544,1.0
0.041461518528116095,1.0
0.04120238403731537,1.0
0.04068411505571391,1.0
0.040165846074112464,1.0
0.039647577092511016,1.0
0.03887017362010883,1.0
0.03861103912930811,1.0
0.038351904638507385,1.0
0.03809277014770666,1.0
0.03783363565690594,1.0
0.03757450116610521,1.0
0.03731536667530448,1.0
0.037056232184503754,1.0
0.036537963202902306,1.0
0.03627882871210158,1.0
0.03601969422130086,1.0
0.03576055973050013,1.0
0.03524229074889868,1.0
0.034983156258097954,1.0
0.034724021767297227,1.0
0.0344648872764965,1.0
0.03420575278569578,1.0
0.033169214822492875,1.0
0.03291008033169215,1.0
0.03265094584089142,1.0
0.0323918113500907,1.0
0.031873542368489244,1.0
0.03161440787768852,1.0
0.031096138896087068,1.0
0.030837004405286344,1.0
0.03057786991448562,1.0
0.030318735423684892,1.0
0.030059600932884168,1.0
0.02980046644208344,1.0
0.029541331951282716,1.0
0.02928219746048199,1.0
0.02876392847888054,1.0
0.028504793988079813,1.0
0.027727390515677637,1.0
0.02746825602487691,1.0
0.027209121534076185,1.0
0.02694998704327546,1.0
0.02643171806167401,1.0
0.026172583570873282,1.0
0.025913449080072558,1.0
0.025654314589271834,1.0
0.025395180098471106,1.0
0.025136045607670382,1.0
0.024876911116869654,1.0
0.02461777662606893,1.0
0.024358642135268203,1.0
0.02409950764446748,1.0
0.023840373153666754,1.0
0.023581238662866027,1.0
0.023322104172065303,1.0
0.023062969681264575,1.0
0.02280383519046385,1.0
0.0222855662088624,1.0
0.021767297227260948,1.0
0.021508162736460223,1.0
0.021249028245659496,1.0
0.020989893754858772,1.0
0.02047162477325732,1.0
0.020212490282456596,1.0
0.01995335579165587,1.0
0.019694221300855144,1.0
0.019435086810054417,1.0
0.019175952319253693,1.0
0.01891681782845297,1.0
0.01865768333765224,1.0
0.018398548846851517,1.0
0.01813941435605079,1.0
0.017880279865250065,1.0
0.01762114537444934,1.0
0.01710287639284789,1.0
0.01684374190204716,1.0
0.016584607411246437,1.0
0.01632547292044571,1.0
0.016066338429644986,1.0
0.01580720393884426,1.0
0.015548069448043534,1.0
0.01528893495724281,1.0
0.015029800466442084,1.0
0.014770665975641358,1.0
0.014511531484840632,1.0
0.014252396994039906,1.0
0.01399326250323918,1.0
0.01347499352163773,1.0
0.013215859030837005,1.0
0.012956724540036279,1.0
0.012697590049235553,1.0
0.012438455558434827,1.0
0.012179321067634101,1.0
0.011920186576833377,1.0
0.011661052086032651,1.0
0.0111427831044312,1.0
0.010883648613630474,1.0
0.010624514122829748,1.0
0.010365379632029024,1.0
0.010106245141228298,1.0
0.009847110650427572,1.0
0.009587976159626846,1.0
0.00932884166882612,1.0
0.009069707178025395,1.0
0.008551438196423945,1.0
0.008292303705623219,1.0
0.007774034724021767,1.0
0.007255765742420316,1.0
0.00699663125161959,1.0
0.006737496760818865,1.0
0.0064783622700181395,1.0
0.006219227779217414,1.0
0.005960093288416689,1.0
0.005700958797615963,1.0
0.005441824306815237,1.0
0.005182689816014512,1.0
0.004923555325213786,1.0
0.00466442083441306,1.0
0.004405286343612335,1.0
0.004146151852811609,1.0
0.0038870173620108835,1.0
0.003627882871210158,1.0
0.003109613889608707,1.0
0.0028504793988079814,1.0
0.002591344908007256,1.0
0.00233221041720653,1.0
0.0020730759264058047,1.0
0.001813941435605079,1.0
0.0015548069448043534,1.0
0.001295672454003628,1.0
0.0010365379632029023,1.0
0.0007774034724021767,1.0
0.0002591344908007256,1.0
0.0,1.0
