recall,precision
1.0,0.5631313131313131
1.0,0.5633559367105438
1.0,0.5635807395583932
1.0,0.5637307078233103
1.0,0.5638057218895542
1.0,0.5644065538830425
1.0,0.564707450353192
1.0,0.5648580189308092
1.0,0.5649333333333333
1.0,0.5650086678223764
1.0,0.5650840224059749
1.0,0.5651593970921702
1.0,0.5652347918890075
1.0,0.5653102068045364
1.0,0.5654610970238889
1.0,0.5655365723438335
1.0,0.5656875834445928
1.0,0.5657631192415543
0.9997639839509087,0.5663858804653028
0.9997639839509087,0.5669923704992638
0.9997639839509087,0.5670682730923695
0.9997639839509087,0.5671441960101754
0.9997639839509087,0.5672201392608462
0.9997639839509087,0.5672961028525513
0.9997639839509087,0.5673720867934637
0.9997639839509087,0.5674480910917615
0.9997639839509087,0.567524115755627
0.9997639839509087,0.5676001607932467
0.9997639839509087,0.5676762262128116
0.9997639839509087,0.5677523120225171
0.9997639839509087,0.567828418230563
0.9997639839509087,0.5679045448451535
0.9997639839509087,0.5679806918744972
0.9997639839509087,0.568056859326807
0.9997639839509087,0.5682092555331992
0.9997639839509087,0.5682854843037295
0.9997639839509087,0.5684380032206119
0.9997639839509087,0.5686669351590817
0.9997639839509087,0.5687432867883996
0.9997639839509087,0.5688196589230563
0.9997639839509087,0.5688960515713135
0.9997639839509087,0.5689724647414373
0.9997639839509087,0.5691253526803708
0.9997639839509087,0.569201827465735
0.9997639839509087,0.5692783228060745
0.9997639839509087,0.5693548387096774
0.9997639839509087,0.5694313751848367
0.9997639839509087,0.5695845098830173
0.9997639839509087,0.5696611081226466
0.9997639839509087,0.5697377269670477
0.9997639839509087,0.569967707212056
0.9997639839509087,0.5700444085587404
0.9995279679018173,0.5701400107700593
0.9995279679018173,0.5702167766258247
0.9995279679018173,0.5703703703703704
0.9995279679018173,0.5704471982758621
0.9995279679018173,0.5705240468813149
0.9995279679018173,0.5706009161950957
0.9995279679018173,0.5706778062255761
0.9995279679018173,0.5707547169811321
0.9995279679018173,0.5708316484701442
0.9995279679018173,0.5709086007009976
0.9995279679018173,0.5709855736820817
0.9995279679018173,0.5710625674217907
0.9995279679018173,0.5711395819285232
0.9995279679018173,0.5712936732766761
0.999291951852726,0.5717758271438217
0.999291951852726,0.5718530524041059
0.999291951852726,0.5719302985276239
0.999291951852726,0.5720075655228317
0.999291951852726,0.5720848533981895
0.999291951852726,0.5721621621621622
0.9990559358036346,0.5721816707218167
0.9988199197545433,0.5721238339867514
0.9988199197545433,0.5722011898323418
0.9988199197545433,0.5723559642953746
0.9988199197545433,0.5724333829297985
0.9988199197545433,0.5725108225108225
0.9988199197545433,0.572588283046949
0.998583903705452,0.5725304465493911
0.998583903705452,0.5727629619602004
0.998583903705452,0.5728405090712159
0.998583903705452,0.57291807718348
0.998583903705452,0.5730732764458892
0.998583903705452,0.5731509076131129
0.998583903705452,0.5733062330623306
0.998583903705452,0.5734616427216048
0.998583903705452,0.5735393791514166
0.998583903705452,0.573617136659436
0.998583903705452,0.5737727149443992
0.998583903705452,0.5739283776451438
0.998583903705452,0.5740062406729073
0.998583903705452,0.5740841248303935
0.998583903705452,0.5741620301262044
0.998583903705452,0.5742399565689468
0.998583903705452,0.5743179041672323
0.998583903705452,0.5746299062881978
0.998583903705452,0.5747079597935344
0.998583903705452,0.5747860345061813
0.998583903705452,0.5748641304347826
0.9983478876563606,0.5748063595597228
0.9983478876563606,0.5749626206334103
0.9983478876563606,0.5750407830342578
0.9983478876563606,0.5751189666893269
0.9983478876563606,0.5751971716072886
0.9983478876563606,0.5753536452665942
0.9983478876563606,0.5754319140253027
0.9983478876563606,0.5755102040816327
0.9983478876563606,0.5755885154442781
0.9983478876563606,0.5757452021233156
0.9983478876563606,0.5758235774571195
0.9983478876563606,0.5759019741320627
0.9983478876563606,0.5759803921568627
0.9983478876563606,0.5760588315402424
0.9983478876563606,0.5761372922909289
0.9983478876563606,0.5762942779291553
0.9983478876563606,0.5763728028341736
0.9983478876563606,0.5764513491414555
0.9983478876563606,0.576529916859752
0.9983478876563606,0.576608505997819
0.9983478876563606,0.5766871165644172
0.9983478876563606,0.576765748568312
0.9983478876563606,0.5770017732915018
0.9983478876563606,0.5770804911323328
0.9983478876563606,0.5771592304543594
0.9983478876563606,0.5772379912663755
0.9983478876563606,0.5773167735771803
0.9983478876563606,0.5774744027303754
0.9983478876563606,0.5776321179844326
0.9983478876563606,0.5777899194099166
0.9983478876563606,0.5778688524590164
0.9983478876563606,0.5779478070774696
0.9983478876563606,0.5780267832741186
0.9983478876563606,0.5781057810578106
0.9983478876563606,0.5781848004373975
0.9981118716072693,0.5784434413896867
0.9981118716072693,0.5785225718194255
0.9981118716072693,0.5786017239020386
0.9981118716072693,0.5787600930614479
0.9981118716072693,0.5788393101560362
0.9981118716072693,0.5789185489390828
0.9981118716072693,0.5790770916061893
0.9981118716072693,0.57915639550808
0.9981118716072693,0.5792357211340913
0.9981118716072693,0.5793150684931507
0.9981118716072693,0.579394437594191
0.9981118716072693,0.5794738284461496
0.9981118716072693,0.579553241057969
0.9981118716072693,0.5797121315969842
0.9981118716072693,0.5797916095420894
0.9981118716072693,0.579871109282874
0.9981118716072693,0.579950630828305
0.9981118716072693,0.5800301741873543
0.9981118716072693,0.5801097393689987
0.9981118716072693,0.5802689352360044
0.9981118716072693,0.580348565939344
0.9981118716072693,0.5804282185012353
0.9981118716072693,0.5805078929306795
0.9981118716072693,0.5806673074282576
0.9978758555581779,0.5808490177222146
0.9978758555581779,0.5809288266007144
0.9978758555581779,0.5810086574137694
0.9978758555581779,0.5811683848797251
0.9978758555581779,0.5812482815507286
0.9978758555581779,0.5813282001924928
0.9978758555581779,0.5814881034245634
0.9978758555581779,0.5815680880330124
0.9978758555581779,0.5816480946485073
0.9978758555581779,0.5817281232801321
0.9978758555581779,0.5818081739369754
0.9978758555581779,0.581888246628131
0.9978758555581779,0.5819683413626978
0.9978758555581779,0.5820484581497798
0.9978758555581779,0.5821285969984855
0.9978758555581779,0.5822087579179289
0.9978758555581779,0.582288940917229
0.9978758555581779,0.5824493731918997
0.9978758555581779,0.5825296224855332
0.9978758555581779,0.5826098938955492
0.9978758555581779,0.5826901874310915
0.9978758555581779,0.582850840915357
0.9978758555581779,0.5829312008823935
0.9978758555581779,0.583011583011583
0.9978758555581779,0.5830919873120949
0.9978758555581779,0.5832528624637882
0.9978758555581779,0.5833333333333334
0.9978758555581779,0.5834138264109286
0.9976398395090866,0.5834368530020704
0.9976398395090866,0.5835173937051353
0.9976398395090866,0.5835979566477979
0.9976398395090866,0.5836785418392709
0.9976398395090866,0.5837591492887723
0.9976398395090866,0.5838397790055249
0.9976398395090866,0.5839204309987568
0.9976398395090866,0.584001105277701
0.9976398395090866,0.584081801851596
0.9976398395090866,0.5841625207296849
0.9976398395090866,0.5842432619212163
0.9976398395090866,0.5843240254354437
0.9976398395090866,0.5844856194690266
0.9976398395090866,0.5845664500069147
0.9976398395090866,0.5846473029045643
0.9976398395090866,0.5847281781712547
0.9976398395090866,0.5848090758162701
0.9976398395090866,0.5848899958489
0.9976398395090866,0.5849709382784389
0.9976398395090866,0.5851328903654485
0.9976398395090866,0.585213900041534
0.9976398395090866,0.5853759867054424
0.9976398395090866,0.5855381631804959
0.9976398395090866,0.585619285120532
0.9976398395090866,0.5857004295413607
0.9976398395090866,0.5857815964523282
0.9976398395090866,0.5858627858627858
0.9976398395090866,0.5859439977820904
0.9976398395090866,0.5860252322196035
0.9976398395090866,0.5861064891846922
0.9976398395090866,0.5861877686867286
0.9976398395090866,0.5862690707350902
0.9976398395090866,0.5863503953391593
0.9976398395090866,0.5864317425083241
0.9976398395090866,0.5865131122519772
0.9974038234599952,0.5868629357033746
0.9974038234599952,0.5872707059477488
0.9974038234599952,0.5873523280055594
0.9974038234599952,0.5875156402057556
0.9974038234599952,0.5875973303670745
0.9974038234599952,0.5876790432485051
0.9974038234599952,0.5879243183082916
0.9974038234599952,0.588169798190675
0.9974038234599952,0.5882516703786191
0.9971678074109039,0.5882762461709831
0.9971678074109039,0.5883581673861579
0.9971678074109039,0.5884401114206128
0.9971678074109039,0.5885220782838836
0.9971678074109039,0.5886860805350425
0.9971678074109039,0.5888501742160279
0.9971678074109039,0.5889322553666017
0.9971678074109039,0.589014359403318
0.9971678074109039,0.5892608089260809
0.9971678074109039,0.5893430046031525
0.9971678074109039,0.5894252232142857
0.9971678074109039,0.5895074647690806
0.9971678074109039,0.589589729277142
0.9971678074109039,0.5896720167480809
0.9971678074109039,0.5897543271915131
0.9971678074109039,0.5898366606170599
0.9971678074109039,0.5899190170343479
0.9971678074109039,0.5900013964530093
0.9971678074109039,0.5900837988826816
0.9971678074109039,0.5902486728136351
0.9971678074109039,0.5904136389044159
0.9971678074109039,0.5904961565338924
0.9971678074109039,0.5905786972323176
0.9971678074109039,0.5908264578380646
0.9971678074109039,0.5909090909090909
0.9971678074109039,0.5909917470974961
0.9971678074109039,0.5911571288652582
0.9969317913618126,0.5910999160369438
0.9969317913618126,0.591182645206438
0.9969317913618126,0.5912653975363942
0.9969317913618126,0.5913481730365393
0.9969317913618126,0.591430971716606
0.9969317913618126,0.5915137935863325
0.9969317913618126,0.5915966386554622
0.9969317913618126,0.5916795069337443
0.9969317913618126,0.591762398430933
0.9969317913618126,0.5918453131567886
0.9969317913618126,0.5919282511210763
0.9969317913618126,0.5920112123335669
0.9969317913618126,0.592094196804037
0.9969317913618126,0.5921772045422683
0.9969317913618126,0.5922602355580482
0.9969317913618126,0.5923432898611696
0.9969317913618126,0.5924263674614306
0.9969317913618126,0.5925094683686352
0.9969317913618126,0.5925925925925926
0.9969317913618126,0.5926757401431177
0.9969317913618126,0.5927589110300309
0.9969317913618126,0.592842105263158
0.9969317913618126,0.5929253228523301
0.9966957753127212,0.5929514181409716
0.9966957753127212,0.5931179775280899
0.9966957753127212,0.5932846305141893
0.9966957753127212,0.5933679921315161
0.9966957753127212,0.59345137717819
0.99645975926363,0.5933942375263528
0.99645975926363,0.5934776497048074
0.99645975926363,0.5935610853367075
0.99645975926363,0.593644544431946
0.99645975926363,0.5937280270004219
0.99645975926363,0.5938115330520394
0.99645975926363,0.5938950625967084
0.99645975926363,0.5940621922048684
0.99645975926363,0.5941457922882072
0.99645975926363,0.5942294159042928
0.99645975926363,0.5943130630630631
0.99645975926363,0.5943967337744614
0.9962237432145385,0.5944233206590621
0.9962237432145385,0.5945070422535211
0.9962237432145385,0.5945907874348499
0.9962237432145385,0.5946745562130178
0.9962237432145385,0.5947583485979991
0.9962237432145385,0.5948421645997746
0.9962237432145385,0.5953455571227081
0.9962237432145385,0.5954295387219636
0.9962237432145385,0.5956816257408976
0.9959877271654473,0.5956245589273113
0.9959877271654473,0.5957086391869001
0.9959877271654473,0.5957927431879148
0.9959877271654473,0.5958768709404123
0.9959877271654473,0.5959610224544556
0.9959877271654473,0.596045197740113
0.9959877271654473,0.5961293968074587
0.9959877271654473,0.5963821368004523
0.9959877271654473,0.596550749222505
0.9959877271654473,0.5966350911918563
0.9959877271654473,0.5967194570135747
0.9959877271654473,0.5968882602545968
0.9959877271654473,0.5969726976941576
0.9959877271654473,0.5970571590265987
0.9959877271654473,0.5971416442620631
0.995751711116356,0.5972536806342016
0.995751711116356,0.5973382415404219
0.995751711116356,0.597422826394789
0.995751711116356,0.597761405497308
0.995751711116356,0.5978461102451467
0.995751711116356,0.5979308390022676
0.995751711116356,0.5980155917788802
0.995751711116356,0.5981003685851999
0.995751711116356,0.5982699943278502
0.995751711116356,0.5986944799205336
0.995751711116356,0.5988644428672818
0.995751711116356,0.5992046584292003
0.995751711116356,0.5992897727272727
0.995751711116356,0.5993749112089786
0.995751711116356,0.5996304718590107
0.995751711116356,0.5998009667330111
0.995751711116356,0.5998862505332007
0.995751711116356,0.5999715585893061
0.995751711116356,0.6000568909116769
0.995751711116356,0.6001422475106686
0.995751711116356,0.6002276283966425
0.995751711116356,0.6003130335799659
0.995751711116356,0.6003984630710119
0.995751711116356,0.6004839168801595
0.995751711116356,0.6005693950177936
0.995751711116356,0.6006548974943052
0.995751711116356,0.6007404243200911
0.995751711116356,0.6016828294352539
0.9955156950672646,0.6016260162601627
0.9955156950672646,0.6017976886859752
0.9955156950672646,0.6018835616438356
0.9955156950672646,0.6020553811019127
0.9955156950672646,0.6021413276231263
0.9955156950672646,0.6022272986864649
0.9955156950672646,0.6024853592343951
0.9955156950672646,0.6025714285714285
0.9955156950672646,0.6027436410402972
0.9955156950672646,0.6029159519725558
0.9955156950672646,0.6030021443888491
0.9955156950672646,0.6030883614526737
0.9955156950672646,0.6031746031746031
0.9955156950672646,0.6032608695652174
0.9955156950672646,0.6034334763948498
0.9955156950672646,0.603519816855058
0.9955156950672646,0.6036061820263309
0.9955156950672646,0.6036925719192786
0.9955156950672646,0.6037789865445176
0.9955156950672646,0.6039518900343642
0.9955156950672646,0.6042114310270735
0.9955156950672646,0.6043845823183838
0.9955156950672646,0.6044711951848667
0.9955156950672646,0.6047311827956989
0.9955156950672646,0.6048178950387152
0.9952796790181733,0.6050215208034433
0.9952796790181733,0.6051083369206486
0.9952796790181733,0.605195177956372
0.9952796790181733,0.6053689348262992
0.9952796790181733,0.6054558506819814
0.9952796790181733,0.6055427914991385
0.9952796790181733,0.6056297572885251
0.9952796790181733,0.6059778703836758
0.9952796790181733,0.6060649611957459
0.9952796790181733,0.6063263838964773
0.9952796790181733,0.6064135749209089
0.9952796790181733,0.6066752985181988
0.9952796790181733,0.6067625899280575
0.9952796790181733,0.606937248128958
0.9952796790181733,0.6071120069104521
0.9952796790181733,0.6071994240460763
0.9952796790181733,0.607286866359447
0.9952796790181733,0.6073743338614431
0.9952796790181733,0.6075493444748595
0.9952796790181733,0.6076368876080691
0.9952796790181733,0.6077244559734832
0.9952796790181733,0.6078120495820121
0.9952796790181733,0.6078996684445725
0.9952796790181733,0.6079873125720877
0.9952796790181733,0.6080749819754867
0.9952796790181733,0.6081626766657052
0.9952796790181733,0.608338141950375
0.9952796790181733,0.608689376443418
0.9952796790181733,0.6087772484481017
0.9952796790181733,0.6088651458273173
0.9952796790181733,0.6090410167533218
0.9952796790181733,0.6091289903221146
0.9952796790181733,0.6092169893094481
0.9952796790181733,0.6093050137263402
0.9952796790181733,0.6093930635838151
0.9952796790181733,0.6095692396646429
0.9952796790181733,0.6096573659100766
0.9952796790181733,0.6099218975990743
0.9952796790181733,0.6100101258498482
0.9952796790181733,0.6101866589495007
0.9952796790181733,0.6102749638205499
0.9952796790181733,0.6106284390385173
0.9952796790181733,0.6107168718320058
0.9952796790181733,0.6108053302433372
0.9952796790181733,0.6108938142836448
0.9952796790181733,0.6109823239640684
0.9952796790181733,0.611159420289855
0.9952796790181733,0.6112480069575301
0.9952796790181733,0.6113366193099449
0.9952796790181733,0.6114252573582717
0.9952796790181733,0.6115139211136891
0.9952796790181733,0.6116026105873822
0.9952796790181733,0.6116913257905425
0.9952796790181733,0.6117800667343682
0.9952796790181733,0.6118688334300638
0.9952796790181733,0.6120464441219158
0.9952796790181733,0.6121352881405139
0.9952796790181733,0.6122241579558653
0.9952796790181733,0.6123130535792072
0.9952796790181733,0.6124019750217833
0.9952796790181733,0.6124909222948438
0.9952796790181733,0.6126688943774516
0.9952796790181733,0.6127579192095322
0.9952796790181733,0.6128469699171633
0.9952796790181733,0.6130251490042157
0.9952796790181733,0.6132034317289515
0.9952796790181733,0.6132926119837114
0.9952796790181733,0.6133818181818181
0.9952796790181733,0.6134710503345941
0.9952796790181733,0.6136495925494762
0.9952796790181733,0.6137389026342599
0.9950436629690819,0.613772019216771
0.9950436629690819,0.6138613861386139
0.9950436629690819,0.6139507790883938
0.9950436629690819,0.6141296431172615
0.9950436629690819,0.6142191142191142
0.9950436629690819,0.6143086113944339
0.9950436629690819,0.6146668610584634
0.9950436629690819,0.6150255288110869
0.9950436629690819,0.6151152611613656
0.9950436629690819,0.6152948044366608
0.9950436629690819,0.6153846153846154
0.9950436629690819,0.6155643159585341
0.9950436629690819,0.6157441215130715
0.9950436629690819,0.6158340636868245
0.9950436629690819,0.6159240321402484
0.9950436629690819,0.6160140268848626
0.9950436629690819,0.6162841689811431
0.9950436629690819,0.6164643953794414
0.9950436629690819,0.6165545481134834
0.9950436629690819,0.6166447272195408
0.9950436629690819,0.6167349327091867
0.9950436629690819,0.6168251645940015
0.9950436629690819,0.6170057075954924
0.9950436629690819,0.617096018735363
0.9950436629690819,0.6172767203513909
0.9950436629690819,0.6173671108507834
0.9950436629690819,0.6174575278265964
0.9950436629690819,0.6175479712904643
0.9948076469199906,0.6175824175824176
0.9948076469199906,0.617672919109027
0.9948076469199906,0.6177634471640041
0.9948076469199906,0.6179445829057323
0.9945716308708992,0.6179791758322335
0.9945716308708992,0.618160481150066
0.9945716308708992,0.6182511737089202
0.9945716308708992,0.6183418928833455
0.9945716308708992,0.6184326386850602
0.9945716308708992,0.6185234111257889
0.9945716308708992,0.6187958883994126
0.9945716308708992,0.6190686058469222
0.9945716308708992,0.6191595650896268
0.9945716308708992,0.6192505510653931
0.9945716308708992,0.6193415637860082
0.9945716308708992,0.6194326032632662
0.9945716308708992,0.619523669508968
0.9945716308708992,0.6196147625349213
0.9945716308708992,0.6197058823529412
0.9945716308708992,0.6197970289748492
0.9945716308708992,0.6198882024124742
0.9945716308708992,0.619979402677652
0.9943356148218079,0.6199234844025897
0.9943356148218079,0.6200147167034584
0.9943356148218079,0.6201059758610539
0.9943356148218079,0.6202885747938751
0.9943356148218079,0.6203799145928435
0.9943356148218079,0.6204712812960236
0.9943356148218079,0.6205626749153041
0.9943356148218079,0.6208370173887415
0.9943356148218079,0.6210200471698113
0.9940995987727166,0.6210557357711589
0.9940995987727166,0.6212389380530974
0.9940995987727166,0.6214222484508705
0.9940995987727166,0.6215139442231076
0.9940995987727166,0.6216056670602125
0.9940995987727166,0.6216974169741697
0.9940995987727166,0.6217891939769707
0.9940995987727166,0.6219728292971057
0.9940995987727166,0.6220646876384581
0.9940995987727166,0.6222484857438322
0.9940995987727166,0.6223404255319149
0.9940995987727166,0.6224323924929807
0.9940995987727166,0.6225243866390777
0.9940995987727166,0.622708456534595
0.9940995987727166,0.6228005323081472
0.9940995987727166,0.6228926353149956
0.9940995987727166,0.6229847655672238
0.9940995987727166,0.6230769230769231
0.9940995987727166,0.6231691078561917
0.9940995987727166,0.6232613199171353
0.9940995987727166,0.6233535592718662
0.9940995987727166,0.6234458259325044
0.9940995987727166,0.6235381199111769
0.9940995987727166,0.6236304412200178
0.9940995987727166,0.6237227898711684
0.9940995987727166,0.6238151658767772
0.9940995987727166,0.6239075692490001
0.9940995987727166,0.624
0.9940995987727166,0.6241849436870184
0.9940995987727166,0.6243699970352802
0.9940995987727166,0.6244625648628613
0.9940995987727166,0.6245551601423488
0.9940995987727166,0.6246477828859558
0.9940995987727166,0.6248331108144193
0.9940995987727166,0.6250185487461047
0.9940995987727166,0.6251113089937667
0.9938635827236252,0.6251484560570071
0.9938635827236252,0.6253341253341254
0.9938635827236252,0.6254270013366998
0.9938635827236252,0.6255199049316696
0.9938635827236252,0.6256128361313327
0.9938635827236252,0.625705794947994
0.9938635827236252,0.6257987813939664
0.9938635827236252,0.6259848372231307
0.9938635827236252,0.6261710037174721
0.9938635827236252,0.6262641284949435
0.9938635827236252,0.6263572809757548
0.9938635827236252,0.6264504611722702
0.9938635827236252,0.6266369047619048
0.9938635827236252,0.6267301681797887
0.9938635827236252,0.6268234593629056
0.9938635827236252,0.6270101250744491
0.9938635827236252,0.6271969019958296
0.9938635827236252,0.6272903321912706
0.9936275666745339,0.6272348033373063
0.9933915506254425,0.6271792579347341
0.9933915506254425,0.6272727272727273
0.9933915506254425,0.6273662244745863
0.9931555345763512,0.6274042045623975
0.9931555345763512,0.6274977631971369
0.9931555345763512,0.6277786065940624
0.9931555345763512,0.627872276932259
0.9931555345763512,0.627965975227578
0.9929195185272599,0.6280979396834876
0.9929195185272599,0.6281917276392415
0.9929195185272599,0.6283793876026885
0.9929195185272599,0.6284732596354945
0.9929195185272599,0.6285671597191095
0.9929195185272599,0.6286610878661087
0.9929195185272599,0.6287550440890749
0.9929195185272599,0.6288490284005979
0.9929195185272599,0.6290370813397129
0.9929195185272599,0.6291311499925228
0.9929195185272599,0.6292252467843255
0.9929195185272599,0.6293193717277487
0.9929195185272599,0.6296019155941335
0.9929195185272599,0.6296961532704685
0.9929195185272599,0.6297904191616767
0.9929195185272599,0.6298847132804312
0.9929195185272599,0.6302621722846442
0.9926835024781685,0.6302067725501947
0.9926835024781685,0.6303012138468455
0.9926835024781685,0.6303956834532374
0.9926835024781685,0.6308684565771712
0.9926835024781685,0.6310577644411103
0.9926835024781685,0.6311524609843937
0.9926835024781685,0.6312471859522738
0.9926835024781685,0.6313419393575502
0.9926835024781685,0.6315315315315315
0.9926835024781685,0.6316263703258748
0.9926835024781685,0.6317212376088915
0.9926835024781685,0.6319110576923077
0.9926835024781685,0.6320060105184072
0.9926835024781685,0.6321009918845807
0.9926835024781685,0.6321960018036976
0.9926835024781685,0.632291040288635
0.9926835024781685,0.6323861073522778
0.9926835024781685,0.6324812030075188
0.9926835024781685,0.6326714801444043
0.9926835024781685,0.632766661651873
0.9926835024781685,0.6329571106094808
0.9926835024781685,0.6330523780854906
0.9926835024781685,0.6331476742435647
0.9926835024781685,0.6332429990966576
0.9926835024781685,0.6333383526577323
0.9926835024781685,0.6334337349397591
0.9926835024781685,0.6335291459557162
0.9926835024781685,0.6336245857185899
0.9926835024781685,0.6337200542413741
0.9926835024781685,0.6338155515370705
0.9926835024781685,0.6339110776186888
0.9926835024781685,0.6340066324992463
0.9926835024781685,0.6341978287092883
0.9926835024781685,0.6345805672902837
0.9926835024781685,0.634676324128565
0.9926835024781685,0.6347721098702083
0.9926835024781685,0.6348679245283019
0.9926835024781685,0.634963768115942
0.9924474864290772,0.635100438000302
0.9924474864290772,0.6351963746223565
0.9924474864290772,0.6352923402326636
0.9924474864290772,0.6353883348443639
0.9924474864290772,0.635484358470606
0.9924474864290772,0.63567649281935
0.9924474864290772,0.6358687433842432
0.9924474864290772,0.6360611102707608
0.9924474864290772,0.6363498789346247
0.9924474864290772,0.6364461934312093
0.9924474864290772,0.6365425370874962
0.9924474864290772,0.6367353119321624
0.9924474864290772,0.6368317431470544
0.9924474864290772,0.6369282035746744
0.9924474864290772,0.6370246932282987
0.9924474864290772,0.6374109443686524
0.9924474864290772,0.6375075803517283
0.9924474864290772,0.6376042456406369
0.9922114703799858,0.6376459881692704
0.9922114703799858,0.6377427184466019
0.9922114703799858,0.6378394780761645
0.9922114703799858,0.6379362670713202
0.9922114703799858,0.6380330854454394
0.9922114703799858,0.6381299332119005
0.9922114703799858,0.6382268103840899
0.9922114703799858,0.6384206529992407
0.9922114703799858,0.6385176184690158
0.9922114703799858,0.6386146133981467
0.9922114703799858,0.6387116378000608
0.9922114703799858,0.6388086916881933
0.9922114703799858,0.6390028879768962
0.9922114703799858,0.6391000304043782
0.9919754543308945,0.6392395437262357
0.9919754543308945,0.6393367812595071
0.9919754543308945,0.6396286714350936
0.9919754543308945,0.6397260273972603
0.9919754543308945,0.6398234130004566
0.9919754543308945,0.6400182731841023
0.9919754543308945,0.6403107861060329
0.9919754543308945,0.6405059433099665
0.9919754543308945,0.6407989022716878
0.9919754543308945,0.6409943571755375
0.9919754543308945,0.6410921293471629
0.9919754543308945,0.6411899313501144
0.9919754543308945,0.6413856249046238
0.9919754543308945,0.6414835164835165
0.9919754543308945,0.6415814379484048
0.9919754543308945,0.6416793893129771
0.9919754543308945,0.6417773705909299
0.9917394382818031,0.6417226634086745
0.9917394382818031,0.6418206812280434
0.9917394382818031,0.641918728994806
0.9917394382818031,0.6420168067226891
0.9917394382818031,0.6421149144254279
0.9917394382818031,0.642213052116766
0.9917394382818031,0.6423112198104555
0.9917394382818031,0.6424094175202568
0.9917394382818031,0.6425076452599389
0.9917394382818031,0.6426059030432788
0.9917394382818031,0.6427041908840624
0.9917394382818031,0.6428025087960838
0.9917394382818031,0.6429008567931457
0.9917394382818031,0.6430976430976431
0.9917394382818031,0.6431960814327261
0.9917394382818031,0.6432945499081445
0.9917394382818031,0.6434915773353752
0.9917394382818031,0.6435901363149027
0.9915034222327118,0.6436341351309943
0.9915034222327118,0.6437327612626418
0.9912674061836205,0.6436781609195402
0.9912674061836205,0.6437768240343348
0.9912674061836205,0.6439742410303588
0.9912674061836205,0.6440729949394265
0.9912674061836205,0.6442705936493327
0.9912674061836205,0.6443694384780607
0.9912674061836205,0.644468313641246
0.9912674061836205,0.6445672191528545
0.9912674061836205,0.6446661550268611
0.9912674061836205,0.644765121277249
0.9912674061836205,0.6448641179180101
0.9912674061836205,0.644963144963145
0.9912674061836205,0.6450622024266626
0.9912674061836205,0.6452604086649255
0.9912674061836205,0.645359557467732
0.9912674061836205,0.6454587367450438
0.9912674061836205,0.645557946510913
0.9912674061836205,0.6457564575645757
0.9912674061836205,0.6458557588805167
0.9912674061836205,0.6459550907413104
0.9912674061836205,0.6460544531610521
0.9912674061836205,0.6461538461538462
0.9912674061836205,0.6462532697338051
0.9912674061836205,0.6463527239150508
0.9912674061836205,0.646452208711713
0.9912674061836205,0.646551724137931
0.9912674061836205,0.6466512702078522
0.9912674061836205,0.6467508469356329
0.9912674061836205,0.6468504543354382
0.9912674061836205,0.6469500924214417
0.9910313901345291,0.646995377503852
0.9910313901345291,0.6470950839882879
0.9907953740854378,0.647140434715585
0.9907953740854378,0.6472402096823928
0.9907953740854378,0.6473400154202005
0.9907953740854378,0.6474398519432449
0.9907953740854378,0.647539719265772
0.9907953740854378,0.6476396174020365
0.9907953740854378,0.6477395463663015
0.9907953740854378,0.6478395061728395
0.9907953740854378,0.6479394968359314
0.9907953740854378,0.6480395183698673
0.9907953740854378,0.6482396541074738
0.9907953740854378,0.6483397683397684
0.9907953740854378,0.6485400896029662
0.9907953740854378,0.6486402966625463
0.9907953740854378,0.6488408037094281
0.9907953740854378,0.6489411037254599
0.9907953740854378,0.6490414347557205
0.9907953740854378,0.6494430693069307
0.9907953740854378,0.6496440730424017
0.9907953740854378,0.6497446215756075
0.9907953740854378,0.6498452012383901
0.9907953740854378,0.6502478314745973
0.9907953740854378,0.6503485670023238
0.9907953740854378,0.6504493337465138
0.9907953740854378,0.6505501317216799
0.9907953740854378,0.6506509609423434
0.9907953740854378,0.6507518214230352
0.9907953740854378,0.6508527131782946
0.9907953740854378,0.6509536362226702
0.9907953740854378,0.6510545905707196
0.9905593580363464,0.6511014582686938
0.9905593580363464,0.6512024825446082
0.9905593580363464,0.6513035381750466
0.9903233419872551,0.651249417972994
0.9903233419872551,0.6514516379444185
0.9903233419872551,0.6515527950310559
0.9903233419872551,0.6516539835378165
0.9903233419872551,0.6517552034793415
0.9903233419872551,0.6519577377252952
0.9903233419872551,0.652059052059052
0.9903233419872551,0.6521603978862294
0.9903233419872551,0.6522617752215141
0.9903233419872551,0.6525660964230171
0.9903233419872551,0.6526675999377819
0.9903233419872551,0.6529723000311236
0.9903233419872551,0.6530739299610895
0.9903233419872551,0.6532772847579013
0.9903233419872551,0.6533790096543133
0.9903233419872551,0.6534807662357888
0.9903233419872551,0.653582554517134
0.9903233419872551,0.6536843745131641
0.9903233419872551,0.6537862262387036
0.9903233419872551,0.6538881097085866
0.9903233419872551,0.6539900249376559
0.9903233419872551,0.6540919719407638
0.9903233419872551,0.6542959613285514
0.9903233419872551,0.654398003742982
0.9903233419872551,0.654500077990953
0.9903233419872551,0.6546021840873635
0.9903233419872551,0.6547043220471213
0.9903233419872551,0.6548064918851436
0.9903233419872551,0.6549086936163571
0.9903233419872551,0.6550109272556978
0.9903233419872551,0.6551131928181109
0.9903233419872551,0.6553178197719819
0.9903233419872551,0.6554201811933771
0.9903233419872551,0.6555225745977191
0.9903233419872551,0.655625
0.9903233419872551,0.6557274574152211
0.9903233419872551,0.6558299468583932
0.9903233419872551,0.6559324683445366
0.9903233419872551,0.6560350218886805
0.9903233419872551,0.6561376075058639
0.9903233419872551,0.6562402252111355
0.9903233419872551,0.6563428750195527
0.9903233419872551,0.6564455569461827
0.9903233419872551,0.6567537955861638
0.9903233419872551,0.656856606136506
0.9903233419872551,0.6569594488805386
0.9903233419872551,0.6570623238333855
0.9903233419872551,0.6571652310101801
0.9903233419872551,0.6572681704260651
0.9903233419872551,0.657371142096193
0.9903233419872551,0.6576802507836991
0.9903233419872551,0.6577833516225113
0.9903233419872551,0.6578864847914707
0.9903233419872551,0.6579896503057864
0.9903233419872551,0.6580928481806776
0.9903233419872551,0.6581960784313725
0.9903233419872551,0.658402636121136
0.9900873259381638,0.6584523622665202
0.9900873259381638,0.6585557299843015
0.9900873259381638,0.6586591301617208
0.9900873259381638,0.6587625628140703
0.9900873259381638,0.6589695256047754
0.9900873259381638,0.6590730557737627
0.9900873259381638,0.659176618478944
0.9900873259381638,0.6593838415592581
0.9900873259381638,0.6594875019650999
0.9898513098890724,0.6595376631545841
0.9898513098890724,0.6596413966656182
0.9898513098890724,0.6597451628126475
0.9898513098890724,0.6599527930763178
0.9898513098890724,0.660056657223796
0.9898513098890724,0.6601605540689438
0.9898513098890724,0.660264483627204
0.9898513098890724,0.6603684459140293
0.9896152938399811,0.6604189636163176
0.9896152938399811,0.6605229993698802
0.9896152938399811,0.6606270679060974
0.9896152938399811,0.6610436701876083
0.9896152938399811,0.6611479028697572
0.9896152938399811,0.6612521684276927
0.9896152938399811,0.6614607982331598
0.9896152938399811,0.6616695597285782
0.9896152938399811,0.66177398989899
0.9896152938399811,0.661982949163246
0.9896152938399811,0.6620874782883309
0.9893792777908897,0.6620341124447252
0.9893792777908897,0.6621386826725636
0.9893792777908897,0.6622432859399684
0.9893792777908897,0.6624525916561315
0.9893792777908897,0.6626620297186215
0.9893792777908897,0.6627667984189723
0.9893792777908897,0.6629764352364385
0.9893792777908897,0.6631862047144439
0.9893792777908897,0.6632911392405063
0.9893792777908897,0.6633961069789523
0.9893792777908897,0.6635011079455524
0.9893792777908897,0.6636061421560867
0.9893792777908897,0.6639214444092493
0.9893792777908897,0.6643423137876386
0.9893792777908897,0.6644476145189412
0.9893792777908897,0.6645529486366518
0.9893792777908897,0.6646583161566514
0.9893792777908897,0.6647637170948303
0.9893792777908897,0.6648691514670896
0.9893792777908897,0.6649746192893401
0.9893792777908897,0.6650801205775028
0.9893792777908897,0.6651856553475087
0.9893792777908897,0.6653968253968254
0.9893792777908897,0.6656081295649412
0.9891432617417985,0.6656607369758577
0.988907245692707,0.6657133778201462
0.988907245692707,0.6658191641506436
0.988907245692707,0.6661367249602543
0.988907245692707,0.6664545888341021
0.988907245692707,0.6665606108813236
0.988907245692707,0.6666666666666666
0.988907245692707,0.6667727562062381
0.988907245692707,0.6668788795161547
0.988907245692707,0.6669850366125438
0.988907245692707,0.6670912275115427
0.988907245692707,0.667410003185728
0.988907245692707,0.6675163294567469
0.988907245692707,0.6676226896112173
0.988907245692707,0.6677290836653387
0.988907245692707,0.6682615629984051
0.988907245692707,0.6683681607911948
0.988907245692707,0.6684747925973197
0.988907245692707,0.668581458433062
0.988907245692707,0.6689016602809706
0.988907245692707,0.6691152986266369
0.988907245692707,0.6692221689825907
0.988907245692707,0.6693290734824281
0.988907245692707,0.6695429849792266
0.988907245692707,0.6696499920089499
0.988907245692707,0.669971218420211
0.988907245692707,0.6701855406269993
0.988907245692707,0.6704
0.988907245692707,0.6705072811649864
0.988907245692707,0.6706145966709347
0.988907245692707,0.6707219465343365
0.988907245692707,0.6708293307716939
0.988907245692707,0.6709367493995196
0.988907245692707,0.6710442024343369
0.988907245692707,0.6711516898926798
0.988907245692707,0.6713667681461304
0.988907245692707,0.6714743589743589
0.988907245692707,0.6717973384640051
0.988907245692707,0.671905067350866
0.988907245692707,0.6720128307939054
0.988907245692707,0.672120628809753
0.988907245692707,0.6722284614150489
0.988907245692707,0.6723363286264442
0.988907245692707,0.6724442304606002
0.988907245692707,0.6725521669341894
0.988907245692707,0.6726601380638947
0.988907245692707,0.6728761843584391
0.988907245692707,0.6729842595566977
0.988907245692707,0.6730923694779116
0.988907245692707,0.6732005141388174
0.988907245692707,0.6735251567272142
0.988907245692707,0.6736334405144695
0.9886712296436158,0.6735809615693842
0.9886712296436158,0.6736892891605017
0.9886712296436158,0.6737976516004504
0.9886712296436158,0.6739060489060489
0.9886712296436158,0.6740144810941271
0.9886712296436158,0.6741229481815256
0.9886712296436158,0.6742314501850958
0.9886712296436158,0.6743399871217
0.9884352135945245,0.6742875543390758
0.9884352135945245,0.6743961352657005
0.9884352135945245,0.6745047511676598
0.9884352135945245,0.6746134020618557
0.9884352135945245,0.6747220879652006
0.9884352135945245,0.6749395648670428
0.9884352135945245,0.6750483558994197
0.9884352135945245,0.6751571820087054
0.9881991975454331,0.6752136752136753
0.9881991975454331,0.6753225806451613
0.9879631814963418,0.6753791545659891
0.9879631814963418,0.6754881394223011
0.9879631814963418,0.6755971594577147
0.9879631814963418,0.6759244308089779
0.9879631814963418,0.6760335917312662
0.9879631814963418,0.6761427879179454
0.9879631814963418,0.6762520193861066
0.9879631814963418,0.6763612861528518
0.9879631814963418,0.6764705882352942
0.9879631814963418,0.6765799256505576
0.9879631814963418,0.6766892984157775
0.9879631814963418,0.6767987065481003
0.9879631814963418,0.6769081500646831
0.9879631814963418,0.6771271433193141
0.9879631814963418,0.6772366930917327
0.9879631814963418,0.6773462783171521
0.9879631814963418,0.6774558990127852
0.9879631814963418,0.6775655551958563
0.9879631814963418,0.6780045351473923
0.9879631814963418,0.6781143690264053
0.9879631814963418,0.6782242384964355
0.9879631814963418,0.6783341435747853
0.9879631814963418,0.6785540606257092
0.9879631814963418,0.6786640726329443
0.9879631814963418,0.6788842036976971
0.9879631814963418,0.6789943227899432
0.9879631814963418,0.6791044776119403
0.9879631814963418,0.6792146681810807
0.9879631814963418,0.6796557882773178
0.9879631814963418,0.6797661578434556
0.9879631814963418,0.6798765632613286
0.9879631814963418,0.6799870045484081
0.9879631814963418,0.68020799480013
0.9879631814963418,0.6803185437997725
0.9877271654472504,0.6808199121522694
0.9877271654472504,0.6809306866254474
0.9877271654472504,0.6810414971521562
0.9877271654472504,0.6812632264365945
0.9877271654472504,0.681374145229567
0.9874911493981591,0.6813222602182055
0.9874911493981591,0.6816552623004236
0.9874911493981591,0.681877444589309
0.9874911493981591,0.6819885900570497
0.9874911493981591,0.6823222439660795
0.9874911493981591,0.6824335344968194
0.9874911493981591,0.6825448613376836
0.9874911493981591,0.6827676240208878
0.9874911493981591,0.682990532158015
0.9874911493981591,0.6833251674016005
0.9874911493981591,0.68343678536426
0.9874911493981591,0.6835484397974187
0.9874911493981591,0.6836601307189543
0.9874911493981591,0.683771858146756
0.9874911493981591,0.6838836220987251
0.9874911493981591,0.6839954225927742
0.9874911493981591,0.6842191332788226
0.9874911493981591,0.6843310435067059
0.9874911493981591,0.6845549738219895
0.9874911493981591,0.685003274394237
0.9874911493981591,0.6852276449394039
0.9874911493981591,0.6854521625163827
0.9874911493981591,0.6856768272697477
0.9874911493981591,0.6857892148828061
0.9874911493981591,0.6859016393442623
0.9874911493981591,0.6860141006722413
0.9874911493981591,0.6861265988848803
0.9874911493981591,0.686239134000328
0.9874911493981591,0.6863517060367454
0.9874911493981591,0.6864643150123052
0.9874911493981591,0.6866896438536025
0.9874911493981591,0.6868023637557452
0.9874911493981591,0.68736651881058
0.9874911493981591,0.6874794610581663
0.9874911493981591,0.6875924404272802
0.9874911493981591,0.6877054569362262
0.9874911493981591,0.6878185106033208
0.9874911493981591,0.6879316014468925
0.9874911493981591,0.6880447294852821
0.9874911493981591,0.6881578947368421
0.9874911493981591,0.6882710972199375
0.9874911493981591,0.6884976139542538
0.9874911493981591,0.6886109282422647
0.9874911493981591,0.688724279835391
0.9874911493981591,0.689064558629776
0.9874911493981591,0.6891780596277385
0.9874911493981591,0.6892915980230643
0.9874911493981591,0.6895187870797627
0.9874911493981591,0.6896324377781441
0.9874911493981591,0.6897461259479064
0.9874911493981591,0.6902012537116463
0.9874911493981591,0.6903151295165815
0.9874911493981591,0.6904290429042904
0.9874911493981591,0.6905429938933817
0.9874911493981591,0.6907710087502064
0.9874911493981591,0.6908850726552179
0.9874911493981591,0.6911133135117278
0.9874911493981591,0.6912274905005782
0.9874911493981591,0.6920277869665895
0.9874911493981591,0.6921422663358148
0.9874911493981591,0.6922567835870285
0.9874911493981591,0.6923713387390369
0.9874911493981591,0.6924859318106588
0.9874911493981591,0.692600562820725
0.9874911493981591,0.6927152317880795
0.9874911493981591,0.692829938731578
0.9872551333490678,0.6928938214344873
0.9872551333490678,0.6930086149768059
0.9872551333490678,0.6931234465617233
0.9872551333490678,0.6932383162081538
0.9872551333490678,0.6933532239350241
0.9870191172999764,0.6941078838174274
0.9870191172999764,0.6942231075697212
0.9870191172999764,0.6943383695832641
0.9870191172999764,0.6944536698771172
0.9867831012508851,0.6945182724252492
0.9867831012508851,0.6946336600764247
0.9867831012508851,0.6948645504404188
0.9867831012508851,0.6949800531914894
0.9865470852017937,0.6951604856145019
0.9865470852017937,0.6952761144377911
0.9865470852017937,0.6953917817334886
0.9865470852017937,0.6955074875207987
0.9865470852017937,0.6956232318189383
0.9865470852017937,0.6957390146471372
0.9865470852017937,0.6958548360246379
0.9865470852017937,0.6959706959706959
0.9865470852017937,0.6960865945045795
0.9865470852017937,0.6962025316455697
0.9865470852017937,0.6963185074129602
0.9865470852017937,0.696434521826058
0.9865470852017937,0.6965505749041826
0.9865470852017937,0.6966666666666667
0.9865470852017937,0.6967827971328555
0.9865470852017937,0.6968989663221073
0.9865470852017937,0.6971314209472982
0.9865470852017937,0.6972477064220184
0.9865470852017937,0.6973640306973641
0.9865470852017937,0.6974803937927582
0.9865470852017937,0.6978297161936561
0.9865470852017937,0.6979462347637335
0.9865470852017937,0.698062792251169
0.9865470852017937,0.6981793886754635
0.9865470852017937,0.698296024056131
0.9865470852017937,0.6984126984126984
0.9865470852017937,0.6985294117647058
0.9865470852017937,0.6987629555332665
0.9865470852017937,0.698879785988965
0.9865470852017937,0.6992305118768819
0.9865470852017937,0.6993474987451899
0.9865470852017937,0.6994645247657296
0.9863110691527024,0.6996484178804621
0.9863110691527024,0.6997655726724715
0.9863110691527024,0.6998827667057445
0.9863110691527024,0.7001172725749707
0.9863110691527024,0.7002345844504021
0.9863110691527024,0.7003519356460532
0.9863110691527024,0.7004693261816963
0.9863110691527024,0.7005867560771165
0.9863110691527024,0.7007042253521126
0.9863110691527024,0.7008217340264967
0.9863110691527024,0.7009392821200939
0.9863110691527024,0.7010568696527428
0.9863110691527024,0.7011744966442953
0.9863110691527024,0.7012921631146165
0.9863110691527024,0.7015276145710928
0.9863110691527024,0.7017632241813602
0.9860750531036111,0.7019489247311828
0.9858390370545197,0.7018988405310032
0.9858390370545197,0.7021348125735418
0.9858390370545197,0.7022528581035642
0.9858390370545197,0.7023709433327728
0.9858390370545197,0.7024890682811974
0.9858390370545197,0.7027254374158816
0.9858390370545197,0.7028436816422682
0.9858390370545197,0.7029619656681252
0.9858390370545197,0.70308028951355
0.9858390370545197,0.7031986531986532
0.9858390370545197,0.7033170567435595
0.9858390370545197,0.7034355001684068
0.9858390370545197,0.7036725067385444
0.9858390370545197,0.7037910699241786
0.9858390370545197,0.7040283161975391
0.9858390370545197,0.7041469993256911
0.9858390370545197,0.7042657224751306
0.9858390370545197,0.7043844856661046
0.9858390370545197,0.7045032889188734
0.9858390370545197,0.704741015690906
0.9858390370545197,0.7048599392507594
0.9858390370545197,0.7049789029535865
0.9858390370545197,0.7050979068197164
0.9858390370545197,0.7052169508694918
0.9858390370545197,0.7054551596014187
0.9858390370545197,0.7055743243243243
0.9858390370545197,0.7056935293123838
0.9858390370545197,0.7058127745860088
0.9858390370545197,0.7059320601656245
0.9858390370545197,0.7060513860716701
0.9858390370545197,0.7061707523245985
0.9858390370545197,0.7062901589448766
0.9858390370545197,0.706409605952985
0.9858390370545197,0.7065290933694182
0.9858390370545197,0.7066486212146845
0.9858390370545197,0.7068877982738196
0.9858390370545197,0.7070074475287745
0.9858390370545197,0.7073666384419983
0.9858390370545197,0.7076063018803997
0.9858390370545197,0.7077261945103355
0.9858390370545197,0.7078461277749534
0.9858390370545197,0.7080861162908968
0.9858390370545197,0.7082061715835877
0.9858390370545197,0.7083262675936917
0.9858390370545197,0.7086868001357313
0.9858390370545197,0.7089273591310251
0.9858390370545197,0.7090476998811747
0.9858390370545197,0.7091680814940577
0.9858390370545197,0.7095294717173433
0.9858390370545197,0.7096500169894665
0.9858390370545197,0.710011898691144
0.9858390370545197,0.7101326079564774
0.9858390370545197,0.7103741496598639
0.9858390370545197,0.7106158557332426
0.9858390370545197,0.7107367704611196
0.9858390370545197,0.7110997616615594
0.9858390370545197,0.711341961852861
0.9858390370545197,0.7115843270868825
0.9858390370545197,0.7117055716476401
0.9858390370545197,0.711826857532379
0.9858390370545197,0.7119481847622294
0.9858390370545197,0.7120695533583362
0.9858390370545197,0.7121909633418585
0.9858390370545197,0.71231241473397
0.9858390370545197,0.7124339075558588
0.9858390370545197,0.7125554418287274
0.9858390370545197,0.7126770175737929
0.9858390370545197,0.7127986348122867
0.9858390370545197,0.7129202935654548
0.9858390370545197,0.7131637357008708
0.9858390370545197,0.7134073441502989
0.9858390370545197,0.7136511190842303
0.9858390370545197,0.713773069036227
0.9858390370545197,0.7138950606733891
0.9858390370545197,0.7142612859097127
0.9858390370545197,0.7146278870829769
0.9858390370545197,0.7147501711156742
0.9858390370545197,0.7148724970049632
0.9858390370545197,0.7152397260273973
0.9858390370545197,0.7153622195581435
0.9858390370545197,0.7154847550531004
0.9858390370545197,0.7156073325338359
0.9858390370545197,0.7158526135389889
0.9858390370545197,0.7160980627464426
0.9858390370545197,0.7162208504801097
0.9858390370545197,0.7163436803292745
0.9858390370545197,0.716466552315609
0.9858390370545197,0.7167124227865477
0.9858390370545197,0.7168354213145701
0.9858390370545197,0.716958462066598
0.9858390370545197,0.7170815450643777
0.9858390370545197,0.7172046703296703
0.9858390370545197,0.7173278378842521
0.9858390370545197,0.7175742999484624
0.9858390370545197,0.7179443107597112
0.9858390370545197,0.7180677325081657
0.9858390370545197,0.7181911966987621
0.9858390370545197,0.7183147033533964
0.9858390370545197,0.7184382524939801
0.9858390370545197,0.7185618441424394
0.9858390370545197,0.7186854783207157
0.9856030210054284,0.7186370676303562
0.9856030210054284,0.71900826446281
0.9856030210054284,0.7191320819700362
0.9856030210054284,0.7193798449612403
0.9856030210054284,0.719627778735137
0.9856030210054284,0.7198758834683675
0.9856030210054284,0.72
0.9856030210054284,0.7201241593378168
0.9856030210054284,0.7202483615039669
0.9856030210054284,0.7203726065206141
0.9856030210054284,0.7204968944099379
0.9856030210054284,0.7206212251941329
0.9856030210054284,0.7208700155359917
0.9856030210054284,0.7209944751381215
0.9856030210054284,0.7212435233160622
0.985367004956337,0.7214446172455504
0.985367004956337,0.7216940363007779
0.985367004956337,0.7219436278748055
0.985367004956337,0.7221933921466874
0.985367004956337,0.722318339100346
0.985367004956337,0.7226934395014714
0.985367004956337,0.7229437229437229
0.9851309889072457,0.7231462231462231
0.9851309889072457,0.7232715300641137
0.9851309889072457,0.7233968804159445
0.9851309889072457,0.7235222742243023
0.9851309889072457,0.7237731923010231
0.9851309889072457,0.7238987166146376
0.9851309889072457,0.7241498959056211
0.9851309889072457,0.724275550928336
0.9851309889072457,0.7245269918416941
0.9851309889072457,0.7250303977766198
0.9851309889072457,0.7251563585823488
0.9851309889072457,0.7252823631624674
0.9851309889072457,0.7254084115397984
0.9851309889072457,0.7256606397774688
0.9848949728581543,0.7257391304347826
0.9848949728581543,0.7258653678900678
0.9848949728581543,0.725991649269311
0.9848949728581543,0.7261179745954411
0.9848949728581543,0.7263707571801566
0.9848949728581543,0.7267502612330199
0.9848949728581543,0.7270034843205575
0.9848949728581543,0.7271301620491375
0.9848949728581543,0.7273836499912847
0.9848949728581543,0.727510460251046
0.9848949728581543,0.7276373147340889
0.9848949728581543,0.7278911564625851
0.9848949728581543,0.7280181437543615
0.9848949728581543,0.7281451753620659
0.9848949728581543,0.7282722513089005
0.9848949728581543,0.7283993716180834
0.9848949728581543,0.7285265363128491
0.9848949728581543,0.7286537454164485
0.9848949728581543,0.7287809989521481
0.9848949728581543,0.7289082969432314
0.9848949728581543,0.7290356394129979
0.9844229407599717,0.7289409297448445
0.9844229407599717,0.7290683446949834
0.9844229407599717,0.7291958041958042
0.9844229407599717,0.7293233082706767
0.9844229407599717,0.7294508569429871
0.9844229407599717,0.7295784502361379
0.9844229407599717,0.729706088173548
0.9844229407599717,0.7298337707786526
0.9844229407599717,0.7299614980749037
0.9844229407599717,0.7300892700857693
0.9844229407599717,0.7302170868347339
0.9841869247108803,0.7301698476624059
0.9841869247108803,0.7302977232924693
0.9841869247108803,0.7304256437204414
0.9841869247108803,0.730681619064307
0.9841869247108803,0.7309377738825592
0.9841869247108803,0.7310659186535764
0.9841869247108803,0.731194108364019
0.9841869247108803,0.7317073170731707
0.9841869247108803,0.7318357318357318
0.9841869247108803,0.7319641916798315
0.9841869247108803,0.7324784823467416
0.9841869247108803,0.7326071679550246
0.9841869247108803,0.7327358987875593
0.983950908661789,0.7332043615898699
0.983950908661789,0.7333333333333333
0.983950908661789,0.7334623504574244
0.983950908661789,0.7335914129860989
0.983950908661789,0.7337205209433298
0.983950908661789,0.7338496743531069
0.983950908661789,0.7339788732394367
0.983950908661789,0.7341081176263426
0.983950908661789,0.7342374075378655
0.983950908661789,0.7343667429980624
0.983950908661789,0.7344961240310077
0.983950908661789,0.7347550229115263
0.983950908661789,0.734884540807333
0.983950908661789,0.7350141043723555
0.983950908661789,0.7351437136307529
0.983950908661789,0.7354030693243958
0.983950908661789,0.7355328158080452
0.983950908661789,0.7356626080818776
0.983950908661789,0.7357924461701376
0.983950908661789,0.7359223300970874
0.983950908661789,0.7360522598870056
0.983950908661789,0.7361822355641886
0.983950908661789,0.7363122571529495
0.983950908661789,0.7364423246776188
0.983950908661789,0.7365724381625441
0.983950908661789,0.7367025976320905
0.983950908661789,0.737093352192362
0.983950908661789,0.7372236958443855
0.983950908661789,0.7373540856031129
0.983950908661789,0.7376150035385705
0.983950908661789,0.7377455317642895
0.983950908661789,0.7380067268543105
0.9837148926126976,0.7380910217814769
0.9837148926126976,0.7383525243578388
0.9837148926126976,0.738483345145287
0.9837148926126976,0.7386142122984228
0.9837148926126976,0.7387451258419
0.9837148926126976,0.73887608580039
0.9834788765636063,0.7388297872340426
0.9834788765636063,0.7389608086540167
0.9834788765636063,0.7392229909526343
0.9834788765636063,0.7393541518807665
0.9834788765636063,0.7396166134185304
0.9834788765636063,0.7397479140777561
0.9834788765636063,0.7398792613636364
0.9834788765636063,0.7400106553010123
0.9834788765636063,0.7402735832297033
0.9834788765636063,0.740405117270789
0.9834788765636063,0.7406683256309989
0.9834788765636063,0.7408
0.9834788765636063,0.740931721194879
0.983242860514515,0.740885648230482
0.983242860514515,0.7411492616972069
0.983242860514515,0.7414130628225662
0.983242860514515,0.7418091168091168
0.983242860514515,0.7420733879586747
0.983242860514515,0.742602495543672
0.983242860514515,0.7427348903547869
0.983242860514515,0.742867332382311
0.983242860514515,0.742999821651507
0.983242860514515,0.7433975731620271
0.983242860514515,0.7435302516509013
0.983242860514515,0.7436629775080329
0.983242860514515,0.7437957507587931
0.983242860514515,0.7439285714285714
0.983242860514515,0.7440614395427755
0.983242860514515,0.744194355126831
0.983242860514515,0.7444603288062902
0.983242860514515,0.7445933869526363
0.983242860514515,0.7447264926707187
0.983242860514515,0.744859645986054
0.983242860514515,0.7449928469241774
0.983242860514515,0.7451260955106421
0.983242860514515,0.7452593917710196
0.983242860514515,0.7453927357309
0.983242860514515,0.7455261274158912
0.983242860514515,0.7457930540637308
0.9830068444654236,0.7458810888252149
0.9830068444654236,0.7460146874440265
0.9830068444654236,0.7461483339304908
0.9830068444654236,0.7462820283103386
0.9830068444654236,0.746415770609319
0.9830068444654236,0.7466833990677663
0.9830068444654236,0.7468172852788237
0.9830068444654236,0.7472192321492644
0.9830068444654236,0.7477558348294434
0.9830068444654236,0.7478901059436165
0.9830068444654236,0.7480244252873564
0.9830068444654236,0.7481587928866535
0.9830068444654236,0.748293208767517
0.9830068444654236,0.7484276729559748
0.9830068444654236,0.7485621854780733
0.9830068444654236,0.7486967463598778
0.9830068444654236,0.7488313556274722
0.9830068444654236,0.7489660133069592
0.9830068444654236,0.7491007194244604
0.9830068444654236,0.7492354740061162
0.9830068444654236,0.7493702770780857
0.9830068444654236,0.7495051286665467
0.9830068444654236,0.7496400287976962
0.9830068444654236,0.7497749774977498
0.9830068444654236,0.749909974792942
0.9830068444654236,0.7500450207095264
0.9830068444654236,0.7501801152737753
0.9830068444654236,0.7503152585119798
0.9830068444654236,0.7504504504504504
0.9830068444654236,0.7505856911155163
0.9830068444654236,0.7507209805335257
0.9830068444654236,0.7508563187308455
0.9827708284163323,0.7508113956004328
0.9827708284163323,0.7509467989179441
0.9827708284163323,0.7513533020570191
0.9827708284163323,0.7514889009204114
0.9827708284163323,0.7516245487364621
0.9827708284163323,0.7517602455316844
0.9827708284163323,0.7518959913326111
0.9827708284163323,0.7520317861657938
0.9827708284163323,0.7521676300578035
0.9827708284163323,0.7525754563527923
0.9827708284163323,0.7527114967462039
0.9827708284163323,0.7529837251356238
0.9827708284163323,0.753528773072747
0.9827708284163323,0.7536651583710408
0.9827708284163323,0.7538015930485156
0.9827708284163323,0.7540746106483158
0.9827708284163323,0.7542111936243434
0.9827708284163323,0.7544845080630549
0.9827708284163323,0.7546212395795578
0.9827708284163323,0.754758020663404
0.9825348123672409,0.754713560551124
0.9825348123672409,0.7548504079782412
0.9825348123672409,0.755124251768547
0.9825348123672409,0.7552612481857764
0.9825348123672409,0.7559469765752679
0.9825348123672409,0.756084271703596
0.9825348123672409,0.7562216167120799
0.9825348123672409,0.756359011627907
0.9822987963181496,0.7563147374159549
0.9822987963181496,0.7564521992002908
0.9822987963181496,0.7565897109616433
0.9822987963181496,0.7567272727272727
0.9822987963181496,0.757002546380502
0.9822987963181496,0.7571402583227215
0.9820627802690582,0.7570960698689956
0.9820627802690582,0.7572338489535941
0.9820627802690582,0.7573716781943939
0.9820627802690582,0.7575095576187876
0.9820627802690582,0.757647487254188
0.9820627802690582,0.7577854671280276
0.9820627802690582,0.7579234972677595
0.9820627802690582,0.7581997084548106
0.9820627802690582,0.7584761210353628
0.9820627802690582,0.7587527352297593
0.9820627802690582,0.7590295512586647
0.9820627802690582,0.759168035030104
0.9820627802690582,0.7593065693430657
0.9820627802690582,0.7594451542252236
0.9820627802690582,0.7595837897042717
0.9820627802690582,0.7597224758079241
0.9820627802690582,0.7598612125639153
0.981826764219967,0.7602339181286549
0.9815907481708757,0.760329067641682
0.9815907481708757,0.7604680928871823
0.9815907481708757,0.7606071689831748
0.9815907481708757,0.7607462959575636
0.9815907481708757,0.760885473838273
0.9815907481708757,0.761024702653248
0.9815907481708757,0.7611639824304539
0.9815907481708757,0.7613033131978766
0.9815907481708757,0.7614426949835226
0.9815907481708757,0.7615821278154185
0.9815907481708757,0.7617216117216117
0.9815907481708757,0.7618611467301704
0.9815907481708757,0.7620007328691829
0.9813547321217843,0.7620967741935484
0.9813547321217843,0.7622364802933089
0.9808827000236016,0.7624289121262153
0.9808827000236016,0.7625688073394495
0.9808827000236016,0.7627087538997981
0.9808827000236016,0.7629888011749587
0.9808827000236016,0.7631289019463827
0.9808827000236016,0.7632690541781451
0.9808827000236016,0.7634092578986039
0.9808827000236016,0.7635495131361382
0.9808827000236016,0.7636898199191474
0.9808827000236016,0.7638301782760522
0.9808827000236016,0.7639705882352941
0.9808827000236016,0.7641110498253355
0.9808827000236016,0.7643921280117711
0.9808827000236016,0.7645327446651949
0.9808827000236016,0.7652366046768551
0.9808827000236016,0.7653775322283609
0.9808827000236016,0.765518511696445
0.9808827000236016,0.765659543109801
0.9808827000236016,0.7658006264971439
0.9808827000236016,0.7659417618872097
0.9808827000236016,0.7660829493087558
0.9806466839745103,0.7660398230088495
0.9806466839745103,0.7661810805827033
0.9806466839745103,0.7664637520752628
0.9806466839745103,0.7666051660516605
0.9806466839745103,0.7667466322199668
0.9806466839745103,0.7668881506090809
0.9806466839745103,0.7670297212479232
0.9806466839745103,0.7671713441654358
0.9806466839745103,0.7674547469523457
0.9806466839745103,0.767596526879734
0.9806466839745103,0.7677383592017738
0.9806466839745103,0.7678802439475143
0.9806466839745103,0.7680221811460258
0.9806466839745103,0.7681641708264004
0.9806466839745103,0.7683062130177515
0.980410667925419,0.7685476410730805
0.980410667925419,0.7686898593634345
0.980410667925419,0.7688321302979826
0.980410667925419,0.7689744539059608
0.980410667925419,0.7691168302166266
0.980410667925419,0.7692592592592593
0.980410667925419,0.7694017410631598
0.980410667925419,0.7695442756576509
0.980410667925419,0.7696868630720771
0.9801746518763276,0.769644180874722
0.9801746518763276,0.7697868396663577
0.9801746518763276,0.7699295513533556
0.9801746518763276,0.7702151335311572
0.9801746518763276,0.7705009276437847
0.9801746518763276,0.7706439042493969
0.9801746518763276,0.7707869339272457
0.9801746518763276,0.770930016706887
0.9801746518763276,0.7710731526178982
0.9801746518763276,0.7716462281679674
0.9799386358272363,0.7718906860011154
0.9799386358272363,0.7721777943090943
0.9799386358272363,0.7723214285714286
0.9799386358272363,0.7724651162790698
0.9799386358272363,0.7727526521496371
0.9799386358272363,0.7728965003723008
0.9799386358272363,0.7730404021597468
0.9799386358272363,0.7731843575418994
0.9799386358272363,0.7733283665487055
0.9799386358272363,0.7736165455561766
0.9799386358272363,0.7737607156168468
0.9799386358272363,0.7739049394221807
0.9799386358272363,0.7741935483870968
0.9799386358272363,0.7743379336068631
0.9799386358272363,0.774482372691662
0.9797026197781449,0.7747293766330721
0.9797026197781449,0.7748739966399104
0.9797026197781449,0.7750186706497386
0.9797026197781449,0.7751633986928105
0.9794666037290536,0.7752662058658696
0.9792305876799622,0.7753690898897402
0.9792305876799622,0.7755140186915888
0.9792305876799622,0.7756590016825575
0.9792305876799622,0.7759491303534692
0.9792305876799622,0.7760942760942761
0.9792305876799622,0.776530039303762
0.9792305876799622,0.7766754024709847
0.9792305876799622,0.7768208200711477
0.9792305876799622,0.7769662921348315
0.9792305876799622,0.7771118186926391
0.9789945716308709,0.7775070290534208
0.9789945716308709,0.7776527934008249
0.9789945716308709,0.7777986124132759
0.9787585555817796,0.7777569392348087
0.9787585555817796,0.7780487804878049
0.9787585555817796,0.7781947832613999
0.9787585555817796,0.7783408408408409
0.9787585555817796,0.7784869532569927
0.9787585555817796,0.7787793427230046
0.9787585555817796,0.7789256198347108
0.9787585555817796,0.7795112781954887
0.9787585555817796,0.7796578304192517
0.9785225395326882,0.7799097065462754
0.9785225395326882,0.7800564440263406
0.9785225395326882,0.7802032367331577
0.9785225395326882,0.7803500846979108
0.9785225395326882,0.7807909604519774
0.9785225395326882,0.7809380297607835
0.9785225395326882,0.781085154483798
0.9785225395326882,0.781232334652346
0.9785225395326882,0.781379570297776
0.9785225395326882,0.7815268614514609
0.9785225395326882,0.7819690682761222
0.9785225395326882,0.7822641509433962
0.9785225395326882,0.782411775806756
0.9785225395326882,0.782559456398641
0.9785225395326882,0.7828549848942599
0.9785225395326882,0.7830028328611898
0.9785225395326882,0.7831507366830374
0.9785225395326882,0.7834467120181405
0.9785225395326882,0.7835947835947836
0.9785225395326882,0.7837429111531191
0.9785225395326882,0.7841876300359372
0.9785225395326882,0.7843359818388195
0.9785225395326882,0.784484389782403
0.9785225395326882,0.7846328538985617
0.9785225395326882,0.7847813742191937
0.9785225395326882,0.7849299507762211
0.9785225395326882,0.7850785836015907
0.9785225395326882,0.7852272727272728
0.9785225395326882,0.7855248200075786
0.9785225395326882,0.7856736782262649
0.9785225395326882,0.785822592873389
0.9785225395326882,0.7859715639810426
0.9785225395326882,0.7861205915813424
0.9785225395326882,0.7864188163884673
0.9785225395326882,0.7865680136596471
0.9785225395326882,0.7867172675521822
0.9785225395326882,0.7877636329089873
0.9785225395326882,0.7879133409350056
0.9785225395326882,0.7880631058734081
0.9785225395326882,0.7885127424876379
0.9785225395326882,0.7886627354004185
0.9785225395326882,0.7889628924833492
0.9785225395326882,0.7891130567186905
0.9785225395326882,0.7892632781267847
0.9785225395326882,0.7894135567402895
0.9785225395326882,0.7895638925918873
0.9785225395326882,0.7897142857142857
0.9785225395326882,0.7898647361402172
0.9785225395326882,0.790015243902439
0.9785225395326882,0.7901658090337336
0.9785225395326882,0.7904671115347951
0.9782865234835969,0.7904271548436308
0.9782865234835969,0.790577913408354
0.9782865234835969,0.7907287294925601
0.9782865234835969,0.7908796031291738
0.9782865234835969,0.791030534351145
0.9782865234835969,0.7911815231914487
0.9782865234835969,0.7913325696830852
0.9782865234835969,0.7914836738590796
0.9780505074345055,0.7914438502673797
0.9780505074345055,0.7915950334288443
0.9780505074345055,0.7917462743599541
0.9780505074345055,0.7918975730938276
0.9780505074345055,0.7920489296636085
0.9780505074345055,0.7923518164435946
0.9780505074345055,0.7925033467202142
0.9780505074345055,0.79265493496557
0.9780505074345055,0.7928065812129329
0.9780505074345055,0.7929582854955989
0.9780505074345055,0.7932618683001531
0.9780505074345055,0.7934137468887612
0.9780505074345055,0.7935656836461126
0.9780505074345055,0.7937176786056311
0.9780505074345055,0.7938697318007663
0.9778144913854142,0.7939823687236489
0.9778144913854142,0.7941345600920069
0.9778144913854142,0.7942868098159509
0.9778144913854142,0.7944391179290509
0.9778144913854142,0.7947439094571264
0.9778144913854142,0.795048934945308
0.9775784753363229,0.7953149001536098
0.9775784753363229,0.7954676397157673
0.9775784753363229,0.7959262106072252
0.9775784753363229,0.7960791850855276
0.9775784753363229,0.7962322183775471
0.9775784753363229,0.7963853105172082
0.9775784753363229,0.7965384615384615
0.9775784753363229,0.7966916714752837
0.9775784753363229,0.7968449403616775
0.9775784753363229,0.7969982682316721
0.9775784753363229,0.7971516551193225
0.9775784753363229,0.7973051010587103
0.9773424592872315,0.797419603312151
0.9773424592872315,0.7978805394990366
0.9771064432381402,0.7978415879745616
0.9771064432381402,0.7979953739398612
0.9771064432381402,0.7981492192018508
0.9771064432381402,0.7983031237948323
0.9771064432381402,0.7984570877531341
0.9771064432381402,0.7986111111111112
0.9771064432381402,0.7987651939031449
0.9771064432381402,0.7989193361636434
0.9771064432381402,0.7990735379270412
0.9771064432381402,0.7993821201004054
0.9771064432381402,0.7995365005793743
0.9771064432381402,0.7996909406992466
0.9771064432381402,0.7998454404945904
0.9771064432381402,0.8
0.9771064432381402,0.8003092982795283
0.9771064432381402,0.8004640371229699
0.9771064432381402,0.8006188358151228
0.9771064432381402,0.8007736943907157
0.9771064432381402,0.8009286128845038
0.9771064432381402,0.8010835913312694
0.9771064432381402,0.8012386297658216
0.9771064432381402,0.8013937282229965
0.9771064432381402,0.8015488867376573
0.9768704271890488,0.8015104570100697
0.9768704271890488,0.8016656982374588
0.9768704271890488,0.8019763611703158
0.9768704271890488,0.8021317829457364
0.9768704271890488,0.8022872649738322
0.9768704271890488,0.8024428072896471
0.9768704271890488,0.8025984099282528
0.9768704271890488,0.802909796314258
0.9768704271890488,0.8032214244129633
0.9766344111399575,0.8031832298136646
0.9766344111399575,0.8033391574451563
0.9766344111399575,0.8034951456310679
0.9766344111399575,0.8038073038073038
0.9766344111399575,0.8039634738682728
0.9766344111399575,0.8042759961127308
0.9766344111399575,0.8044323483670296
0.9766344111399575,0.8045887614232938
0.9766344111399575,0.8047452353169973
0.9766344111399575,0.8049017700836413
0.9766344111399575,0.8050583657587549
0.9766344111399575,0.8052150223778946
0.9766344111399575,0.8053717399766446
0.9766344111399575,0.8055285185906171
0.9766344111399575,0.8058422590068159
0.9766344111399575,0.8059992208804051
0.9766344111399575,0.8061562439119423
0.9766344111399575,0.8063133281371785
0.9766344111399575,0.8066276803118908
0.9766344111399575,0.8067849483330084
0.9766344111399575,0.8069422776911076
0.9766344111399575,0.8070996684220791
0.9766344111399575,0.8072571205618416
0.9766344111399575,0.8074146341463415
0.9766344111399575,0.8075722092115535
0.9766344111399575,0.8077298457934804
0.9766344111399575,0.8078875439281531
0.9766344111399575,0.8080453036516305
0.9766344111399575,0.808203125
0.9766344111399575,0.8083610080093768
0.9763983950908662,0.8086395621579359
0.9763983950908662,0.8087976539589443
0.9761623790417748,0.8089184431840407
0.9761623790417748,0.8092349833692036
0.9761623790417748,0.8093933463796478
0.9761623790417748,0.8095517713838325
0.9761623790417748,0.8097102584181676
0.9761623790417748,0.8098688075190914
0.9761623790417748,0.8100274187230709
0.9761623790417748,0.8103448275862069
0.9761623790417748,0.8105036253184401
0.9761623790417748,0.8106624852998824
0.9761623790417748,0.8108214075671437
0.9761623790417748,0.8109803921568628
0.9761623790417748,0.811139439105707
0.9761623790417748,0.8112985484503727
0.9761623790417748,0.8117762512266928
0.9761623790417748,0.811935610522183
0.9761623790417748,0.8120950323974082
0.9759263629926835,0.8120581304006285
0.9759263629926835,0.81237721021611
0.9759263629926835,0.812536844173708
0.9759263629926835,0.8126965408805031
0.9759263629926835,0.8128563003735011
0.9759263629926835,0.8130161226897366
0.9759263629926835,0.8131760078662733
0.9756903469435921,0.8131392604248623
0.9756903469435921,0.8132992327365729
0.9756903469435921,0.813619366266483
0.9756903469435921,0.8137795275590551
0.9756903469435921,0.8139397519196693
0.9756903469435921,0.8141000393855848
0.9756903469435921,0.8145812807881774
0.9756903469435921,0.8147418210484825
0.9756903469435921,0.814902424600828
0.9756903469435921,0.8150630914826499
0.9756903469435921,0.815223821731414
0.9756903469435921,0.8153846153846154
0.9756903469435921,0.8157063930544594
0.9756903469435921,0.8160284247927359
0.9756903469435921,0.8161895360315894
0.9756903469435921,0.816350710900474
0.9756903469435921,0.8165119494370926
0.9756903469435921,0.8166732516791781
0.9756903469435921,0.8168346176644932
0.9756903469435921,0.81699604743083
0.9756903469435921,0.8173190984578885
0.9756903469435921,0.8174807197943444
0.9756903469435921,0.8176424050632911
0.9756903469435921,0.8178041543026706
0.9756903469435921,0.8181278448446467
0.9754543308945008,0.818091844813935
0.9754543308945008,0.8182538111265096
0.9754543308945008,0.8184158415841584
0.9754543308945008,0.8187400950871633
0.9752183148454094,0.8190287413280476
0.9752183148454094,0.8191911181601903
0.9752183148454094,0.8195160650535501
0.9752183148454094,0.8196786351914302
0.9752183148454094,0.8203295612467739
0.9752183148454094,0.8204924543288324
0.9752183148454094,0.8206554121151937
0.9752183148454094,0.820818434644418
0.9752183148454094,0.8209815219550963
0.9752183148454094,0.8211446740858506
0.9752183148454094,0.821307891075333
0.9752183148454094,0.8214711729622266
0.9752183148454094,0.8216345197852456
0.9752183148454094,0.8217979315831344
0.9752183148454094,0.8219614083946688
0.9752183148454094,0.8222885572139303
0.9752183148454094,0.8226159665538523
0.9752183148454094,0.8229436367257519
0.9752183148454094,0.8237639553429027
0.9752183148454094,0.8239282153539382
0.9752183148454094,0.8245859109958092
0.9752183148454094,0.824750499001996
0.9752183148454094,0.8249151527250949
0.9752183148454094,0.8250798722044729
0.9752183148454094,0.8252446574795287
0.9752183148454094,0.8255744255744256
0.9752183148454094,0.8257394084732215
0.9749822987963181,0.8258696521391443
0.9749822987963181,0.8260347930413917
0.9747462827472269,0.826
0.9747462827472269,0.8263305322128851
0.9745102666981355,0.8262957774664799
0.9745102666981355,0.8266266266266267
0.9745102666981355,0.8267921505806969
0.9745102666981355,0.8272891204167502
0.9745102666981355,0.8276207656845059
0.9745102666981355,0.8277866880513232
0.9745102666981355,0.8279526769600962
0.9745102666981355,0.8281187324508624
0.9745102666981355,0.8284510433386838
0.9745102666981355,0.8287836210357287
0.9745102666981355,0.828950010038145
0.9745102666981355,0.8291164658634538
0.9745102666981355,0.8292829885519181
0.9745102666981355,0.8294495781438329
0.9745102666981355,0.8296162346795258
0.9745102666981355,0.8299497487437186
0.9745102666981355,0.8301166063530357
0.9745102666981355,0.830283531067766
0.9745102666981355,0.830450522928399
0.9745102666981355,0.8306175819754577
0.9745102666981355,0.8309519017911049
0.9745102666981355,0.8311191626409018
0.9745102666981355,0.8314538864277085
0.9745102666981355,0.8316213494461229
0.9742742506490442,0.8319226118500604
0.9742742506490442,0.832258064516129
0.9742742506490442,0.8324258923169994
0.9742742506490442,0.8325937878176685
0.9742742506490442,0.8327617510591083
0.9742742506490442,0.8329297820823245
0.9742742506490442,0.8336025848142165
0.9742742506490442,0.833770955362553
0.9742742506490442,0.833939393939394
0.9742742506490442,0.8342764753435732
0.9742742506490442,0.834445118253487
0.9742742506490442,0.8349514563106796
0.9740382345999528,0.8349180659518511
0.9740382345999528,0.8350870093079725
0.9740382345999528,0.8354251012145749
0.9740382345999528,0.8357634669906845
0.9740382345999528,0.8359327526838161
0.9740382345999528,0.8361021069692058
0.9740382345999528,0.8362715298885511
0.9740382345999528,0.8364410214835833
0.9740382345999528,0.8366105817960673
0.9740382345999528,0.8367802108678021
0.9740382345999528,0.8369499087406206
0.9740382345999528,0.8371196754563894
0.9740382345999528,0.8372895110570096
0.9740382345999528,0.8374594155844156
0.9740382345999528,0.8376293890805764
0.9740382345999528,0.8377994315874949
0.9740382345999528,0.8379695431472082
0.9738022185508615,0.8381068454194597
0.9735662025017702,0.8380739536773669
0.9735662025017702,0.8382442592968908
0.9735662025017702,0.8384146341463414
0.9735662025017702,0.8385850782679406
0.9735662025017702,0.8387555917039446
0.9733301864526788,0.8387227984543421
0.9733301864526788,0.838893409275834
0.9733301864526788,0.8390640895218718
0.9733301864526788,0.8392348392348392
0.9733301864526788,0.8394056584571545
0.9733301864526788,0.8395765472312704
0.9733301864526788,0.8397475055996741
0.9733301864526788,0.839918533604888
0.9733301864526788,0.8400896312894683
0.9733301864526788,0.8402607986960066
0.9733301864526788,0.8404320358671286
0.9733301864526788,0.8406033428454953
0.9733301864526788,0.8407747196738022
0.9733301864526788,0.8409461663947798
0.9733301864526788,0.8411176830511932
0.9733301864526788,0.841460926341563
0.9733301864526788,0.8416326530612245
0.9733301864526788,0.8418044498877322
0.9733301864526788,0.8419763168640262
0.9733301864526788,0.8421482540330815
0.9733301864526788,0.8423202614379085
0.9733301864526788,0.8424923391215526
0.9733301864526788,0.8426644871270944
0.9730941704035875,0.8426323319027181
0.9730941704035875,0.8428045789043336
0.9730941704035875,0.8429768963402168
0.9728581543544961,0.8431172018817754
0.9728581543544961,0.8434622467771639
0.9728581543544961,0.8436348751534998
0.9728581543544961,0.8439803439803439
0.9728581543544961,0.8441531845177145
0.9728581543544961,0.8443260958623515
0.9728581543544961,0.844499078057775
0.9728581543544961,0.844672131147541
0.9728581543544961,0.8448452551752408
0.9728581543544961,0.8450184501845018
0.9728581543544961,0.845191716218987
0.9726221383054048,0.8453333333333334
0.9726221383054048,0.8455067706196143
0.9726221383054048,0.845680279088857
0.9726221383054048,0.8458538587848933
0.9726221383054048,0.846027509751591
0.9726221383054048,0.8462012320328542
0.9726221383054048,0.8465488907148726
0.9726221383054048,0.8467228272036161
0.9726221383054048,0.8468968351829018
0.9723861222563134,0.8470394736842105
0.9723861222563134,0.8472136541229693
0.9723861222563134,0.8473879062114357
0.9723861222563134,0.8475622299938285
0.9723861222563134,0.8480856319473035
0.9723861222563134,0.848260242948322
0.9723861222563134,0.8484349258649094
0.9723861222563134,0.8487845076225793
0.9723861222563134,0.8489594065526479
0.9723861222563134,0.8491343775762572
0.9723861222563134,0.8493094207379922
0.9723861222563134,0.8494845360824742
0.9723861222563134,0.8498349834983498
0.9721501062072221,0.8498040024757582
0.9721501062072221,0.8499793644242675
0.9721501062072221,0.8501547987616099
0.9721501062072221,0.8503303055326177
0.9721501062072221,0.8510330578512396
0.9721501062072221,0.8512089274643522
0.9721501062072221,0.8513848697809012
0.9721501062072221,0.8515608848459789
0.9719140901581308,0.8515301902398676
0.9719140901581308,0.8517063081695967
0.9719140901581308,0.8525879917184265
0.9719140901581308,0.8527645475253676
0.9719140901581308,0.8531178785995442
0.9716780741090394,0.8530874430169912
0.9716780741090394,0.8532642487046632
0.9716780741090394,0.8536180800331744
0.9714420580599481,0.8537647790914747
0.9714420580599481,0.8539419087136929
0.9714420580599481,0.8541191118489313
0.9714420580599481,0.8542963885429639
0.9714420580599481,0.8544737388416026
0.9714420580599481,0.8546511627906976
0.9714420580599481,0.854828660436137
0.9714420580599481,0.8550062318238472
0.9714420580599481,0.8551838769997923
0.9714420580599481,0.8553615960099751
0.9714420580599481,0.8557172557172558
0.9714420580599481,0.8558951965065502
0.9714420580599481,0.8560732113144759
0.9714420580599481,0.856251300187227
0.9714420580599481,0.8564294631710362
0.9714420580599481,0.8566077003121748
0.9714420580599481,0.8567860116569526
0.9714420580599481,0.8569643972517177
0.9714420580599481,0.8571428571428571
0.9714420580599481,0.8573213913767965
0.9714420580599481,0.8575
0.9714420580599481,0.8576786830589707
0.9714420580599481,0.8578574406002502
0.9714420580599481,0.858036272670419
0.9714420580599481,0.8582151793160967
0.9714420580599481,0.8583941605839416
0.9714420580599481,0.8585732165206508
0.9714420580599481,0.8587523471729606
0.9714420580599481,0.8589315525876461
0.9714420580599481,0.8591108328115216
0.9714420580599481,0.8594696178742952
0.9714420580599481,0.8598287027365782
0.9714420580599481,0.8600083577099875
0.9714420580599481,0.8601880877742947
0.9714420580599481,0.8603678929765887
0.9714420580599481,0.8605477733639975
0.9714420580599481,0.8607277289836889
0.9714420580599481,0.8610878661087866
0.9714420580599481,0.8612680477087257
0.9714420580599481,0.8614483047300125
0.9714420580599481,0.8618090452261307
0.9714420580599481,0.8619895287958115
0.9714420580599481,0.8621700879765396
0.9714420580599481,0.8623507228158391
0.9714420580599481,0.8625314333612741
0.9714420580599481,0.8627122196604485
0.9714420580599481,0.8630740197106311
0.9714420580599481,0.8634361233480177
0.9714420580599481,0.863617289131347
0.9714420580599481,0.8637985309548794
0.9714420580599481,0.8643427131457371
0.9714420580599481,0.8645242596093258
0.9714420580599481,0.8647058823529412
0.9714420580599481,0.864887581424669
0.9714420580599481,0.8652512087450074
0.9714420580599481,0.8654331370899916
0.9714420580599481,0.8657972233908288
0.9714420580599481,0.865979381443299
0.9714420580599481,0.8661616161616161
0.9714420580599481,0.8663439275941907
0.9714420580599481,0.8665263157894737
0.9714420580599481,0.866708780795957
0.9714420580599481,0.8668913226621735
0.9714420580599481,0.8670739414366969
0.9714420580599481,0.8672566371681416
0.9714420580599481,0.8679881906368621
0.9714420580599481,0.8681712718835689
0.9714420580599481,0.8685376661742984
0.9714420580599481,0.8689043698543382
0.9714420580599481,0.8690878378378378
0.9714420580599481,0.869271383315734
0.9714420580599481,0.8694550063371356
0.9714420580599481,0.8696387069511937
0.9714420580599481,0.8698224852071006
0.9714420580599481,0.87000634115409
0.9714420580599481,0.8701902748414376
0.9714420580599481,0.8703742863184606
0.9714420580599481,0.8705583756345178
0.9714420580599481,0.87074254283901
0.9714420580599481,0.8709267879813796
0.9714420580599481,0.8711111111111111
0.9714420580599481,0.8712955122777307
0.9714420580599481,0.8714799915308067
0.9714420580599481,0.8716645489199492
0.9714420580599481,0.8718491844948104
0.9714420580599481,0.8720338983050847
0.9714420580599481,0.8722186904005086
0.9712060420108567,0.8721916066129716
0.9709700259617654,0.8721645113419546
0.9709700259617654,0.8723494486853266
0.9709700259617654,0.8725344644750795
0.9707340099126741,0.8726925525143221
0.9704979938635827,0.8726655348047538
0.9704979938635827,0.8728507747824241
0.9704979938635827,0.8734069668649108
0.9704979938635827,0.8735925217760782
0.9704979938635827,0.8737781555461114
0.9704979938635827,0.8739638682252923
0.9704979938635827,0.8741496598639455
0.9704979938635827,0.8743355305124388
0.9704979938635827,0.8745214802211825
0.9704979938635827,0.8747075090406297
0.9704979938635827,0.8748936170212765
0.9704979938635827,0.8750798042136625
0.9704979938635827,0.8752660706683695
0.9704979938635827,0.875452416436023
0.9704979938635827,0.8756388415672913
0.9704979938635827,0.8758253461128861
0.9704979938635827,0.876011930123562
0.9704979938635827,0.8761985936501172
0.9704979938635827,0.876385336743393
0.9704979938635827,0.8765721594542741
0.9704979938635827,0.8767590618336887
0.9704979938635827,0.8769460439326082
0.9704979938635827,0.8773202474930659
0.9704979938635827,0.8775074690567648
0.9704979938635827,0.8776947705442902
0.9704979938635827,0.8778821520068317
0.9704979938635827,0.8782571550619394
0.9702619778144914,0.8782311471907712
0.9702619778144914,0.8784188034188034
0.9702619778144914,0.8786065398589442
0.9702619778144914,0.8787943565626336
0.9702619778144914,0.8789822535813556
0.9702619778144914,0.8791702309666382
0.9700259617654,0.879144385026738
0.9700259617654,0.8793324775353016
0.9700259617654,0.879520650545688
0.9700259617654,0.879708904109589
0.9700259617654,0.8798972382787412
0.9700259617654,0.880085653104925
0.9700259617654,0.8802741486399658
0.9700259617654,0.8804627249357326
0.9700259617654,0.8806513820441397
0.9697899457163087,0.8806258036862409
0.9697899457163087,0.8810034305317325
0.9695539296672173,0.8809779112159554
0.9695539296672173,0.8811668811668811
0.9695539296672173,0.8813559322033898
0.9695539296672173,0.8815450643776824
0.9695539296672173,0.8817342777420047
0.9695539296672173,0.8821129482499463
0.969317913618126,0.8820876288659794
0.969317913618126,0.8822771213748657
0.969317913618126,0.8824666953158573
0.969317913618126,0.8826563507414571
0.969317913618126,0.883035906256719
0.969317913618126,0.8832258064516129
0.969317913618126,0.8834157883415789
0.969317913618126,0.8836058519793459
0.969317913618126,0.8837959974176889
0.969317913618126,0.8839862247094274
0.969317913618126,0.8841765339074273
0.969317913618126,0.8843669250645995
0.969317913618126,0.8845573982339004
0.969317913618126,0.8847479534683326
0.969317913618126,0.8849385908209437
0.9690818975690347,0.8849137931034483
0.9690818975690347,0.8851045483940504
0.9690818975690347,0.8852953859422165
0.9688458815199433,0.8852706491265905
0.9688458815199433,0.8854616048317515
0.9688458815199433,0.8856526429341963
0.9688458815199433,0.885843763487268
0.9688458815199433,0.8860349665443558
0.9688458815199433,0.8866090712742981
0.9688458815199433,0.886800604882264
0.968609865470852,0.8867761452031115
0.9683738494217606,0.88694336359706
0.9683738494217606,0.8871351351351351
0.9681378333726693,0.8871107266435986
0.9681378333726693,0.8873026173480424
0.9681378333726693,0.88749459108611
0.9681378333726693,0.8878787878787879
0.9681378333726693,0.8880710110413509
0.9681378333726693,0.888263317453443
0.9681378333726693,0.8884557071691574
0.9681378333726693,0.8886481802426344
0.9681378333726693,0.8888407367280606
0.9681378333726693,0.8890333766796705
0.9681378333726693,0.8892261001517451
0.9681378333726693,0.8894189071986123
0.9681378333726693,0.8896117978746476
0.9681378333726693,0.8898047722342733
0.9681378333726693,0.8899978303319592
0.967901817323578,0.8901671369654873
0.9676658012744866,0.8901432913590969
0.9674297852253954,0.8901194353963083
0.9674297852253954,0.8903127715030409
0.9674297852253954,0.8905061916141647
0.9674297852253954,0.8906996957844415
0.9674297852253954,0.8908932840686807
0.9674297852253954,0.8910869565217391
0.9674297852253954,0.8912807131985214
0.9674297852253954,0.89147455415398
0.9674297852253954,0.8916684794431151
0.9674297852253954,0.8918624891209748
0.967193769176304,0.8918389553862894
0.9669577531272127,0.8918154114061819
0.9669577531272127,0.8920095797953408
0.9669577531272127,0.8922038327526133
0.9669577531272127,0.8923981703332607
0.9667217370781213,0.8923747276688453
0.9667217370781213,0.8925691871867509
0.9667217370781213,0.8927637314734089
0.9667217370781213,0.8929583605842598
0.9667217370781213,0.8931530745747929
0.9667217370781213,0.8933478735005452
0.96648572102903,0.893324607329843
0.9662497049799387,0.8933013310058914
0.9660136889308473,0.8932780445220427
0.9660136889308473,0.8934730408207815
0.965777672881756,0.8934497816593886
0.965777672881756,0.893644900633326
0.965777672881756,0.8938401048492791
0.9655416568326646,0.8938169106401573
0.9655416568326646,0.8940122377622378
0.9655416568326646,0.894207650273224
0.9655416568326646,0.8944031482291211
0.9655416568326646,0.8945987316859829
0.9655416568326646,0.8947944006999126
0.9653056407835733,0.8947713848173267
0.965069624734482,0.8947483588621444
0.9648336086853906,0.8947253228277522
0.9645975926362993,0.8947022767075307
0.9643615765872079,0.8946792204948544
0.9643615765872079,0.8948751642575559
0.9643615765872079,0.8950711938663746
0.9641255605381166,0.8950482033304119
0.9638895444890253,0.8950252027175104
0.9638895444890253,0.8952213941253836
0.9636535284399339,0.895198421398816
0.9634175123908426,0.8951754385964912
0.9631814963417512,0.8951524457117789
0.9631814963417512,0.8953488372093024
0.9631814963417512,0.8955453149001537
0.9629454802926599,0.8955223880597015
0.9629454802926599,0.8957189901207464
0.9627094642435685,0.8956960913482652
0.9627094642435685,0.8958928179222491
0.9624734481944772,0.8958699472759226
0.9622374321453859,0.8958470665787739
0.9622374321453859,0.896043956043956
0.9622374321453859,0.896240932072983
0.9620014160962945,0.8962181178540017
0.9620014160962945,0.8964152188255993
0.9617654000472032,0.896392432908051
0.9615293839981118,0.8963696369636963
0.9615293839981118,0.8965669014084507
0.9612933679490205,0.8965441338322694
0.9612933679490205,0.896741523557904
0.9610573518999292,0.8967187844087205
0.9608213358508378,0.8966960352422908
0.9608213358508378,0.8968935888962326
0.9608213358508378,0.8970912296165712
0.9605853198017466,0.897068547498347
0.9603493037526551,0.8970458553791887
0.9601132877035639,0.8970231532524807
0.9601132877035639,0.8972209969122188
0.9598772716544725,0.8971983234061328
0.9596412556053812,0.8971756398940864
0.9594052395562899,0.8971529463694549
0.9591692235071985,0.897130242825607
0.9589332074581072,0.8971075292559064
0.9589332074581072,0.8973056537102474
0.9589332074581072,0.8975038656947205
0.9589332074581072,0.8977021652673443
0.9589332074581072,0.8979005524861878
0.9589332074581072,0.8980990274093722
0.9589332074581072,0.8982975900950696
0.9589332074581072,0.8984962406015038
0.9586971914090158,0.8984737889847378
0.9586971914090158,0.8988714317326842
0.9586971914090158,0.899070385126162
0.9584611753599245,0.8990480407350011
0.9584611753599245,0.8992471213463242
0.9582251593108332,0.8992248062015504
0.9582251593108332,0.8994240141781126
0.9582251593108332,0.8996233104365168
0.9582251593108332,0.899822695035461
0.9582251593108332,0.9000221680336954
0.9582251593108332,0.9002217294900222
0.9579891432617418,0.9001996007984032
0.9575171111635591,0.9001553139560683
0.9572810951144678,0.9001331557922769
0.9572810951144678,0.9003329633740289
0.9572810951144678,0.9005328596802842
0.9570450790653764,0.9005107705973795
0.9568090630162851,0.9004886717014661
0.9568090630162851,0.9006887358364808
0.9568090630162851,0.9008888888888889
0.9565730469671938,0.9008668593020671
0.9565730469671938,0.9010671409515341
0.9565730469671938,0.9012675116744496
0.9565730469671938,0.9014679715302492
0.9565730469671938,0.9016685205784205
0.9563370309181024,0.901646639964397
0.9563370309181024,0.9018473180503005
0.9563370309181024,0.9020480854853072
0.9561010148690111,0.9020262747717658
0.9561010148690111,0.9022271714922049
0.9558649988199197,0.9022053909556694
0.9556289827708284,0.9021836007130125
0.9553929667217371,0.9021618007577445
0.9553929667217371,0.9023629068212216
0.9553929667217371,0.9025641025641026
0.9553929667217371,0.9027653880463872
0.9551569506726457,0.9027436984162391
0.9551569506726457,0.9029451137884873
0.9551569506726457,0.9031466190582459
0.9549209346235544,0.903125
0.9549209346235544,0.9033266354096897
0.9549209346235544,0.9035283608753908
0.954684918574463,0.9035068125977217
0.954684918574463,0.9037086684539768
0.954684918574463,0.9039106145251397
0.954684918574463,0.9041126508717032
0.9544489025253717,0.9040912139503688
0.9544489025253717,0.9042933810375671
0.9542128864762804,0.9042719749496757
0.9542128864762804,0.9044742729306487
0.9542128864762804,0.9046766614455135
0.9542128864762804,0.9048791405550581
0.9542128864762804,0.9050817103201254
0.953976870427189,0.9050604567845947
0.9537408543780977,0.9050391937290033
0.9535048383290063,0.9050179211469535
0.9535048383290063,0.9052207035626261
0.9535048383290063,0.9054235768713581
0.9535048383290063,0.9056265411342749
0.953268822279915,0.9056053811659193
0.953268822279915,0.9058084772370487
0.9530328062308236,0.9057873485868102
0.9530328062308236,0.9059905766210455
0.9527967901817324,0.9059694793536804
0.9527967901817324,0.9061728395061729
0.9527967901817324,0.906376290974405
0.9525607741326411,0.906355266112733
0.9525607741326411,0.9065588499550764
0.9525607741326411,0.9067625252752191
0.9525607741326411,0.9069662921348315
0.9523247580835497,0.9069453809844908
0.9523247580835497,0.9071492805755396
0.9523247580835497,0.9073532718686755
0.9520887420344584,0.9073324336482231
0.9520887420344584,0.9075365579302587
0.951852725985367,0.9075157515751575
0.951852725985367,0.9077200090029259
0.9513806938871844,0.9076784507993695
0.9513806938871844,0.9078828828828829
0.951144677838093,0.9078621311106105
0.9509086617890017,0.9078413699864804
0.9509086617890017,0.9080459770114943
0.9509086617890017,0.9082506762849414
0.9509086617890017,0.908660351826793
0.9506726457399103,0.9086397473494248
0.9502006136417276,0.9085985104942451
0.9499645975926363,0.9085778781038375
0.949728581543545,0.9085572363964778
0.9494925654944536,0.9085365853658537
0.9494925654944536,0.9087418116105715
0.9494925654944536,0.9089471305919566
0.9494925654944536,0.9091525423728813
0.9494925654944536,0.9093580470162749
0.9494925654944536,0.9095636445851232
0.9492565494453623,0.9095431931252826
0.9490205333962709,0.9095227324134811
0.9490205333962709,0.9097285067873303
0.9490205333962709,0.9099343742928264
0.9490205333962709,0.9101403349932096
0.9490205333962709,0.9103463889517772
0.9487845173471796,0.9103260869565217
0.9487845173471796,0.9105322763306908
0.9485485012980883,0.9105120072496602
0.9485485012980883,0.9107183322003173
0.9483124852489969,0.9106980961015413
0.9480764691999056,0.9106778508274768
0.9478404531508142,0.910657596371882
0.9476044371017229,0.9106373327285099
0.9473684210526315,0.9106170598911071
0.9471324050035402,0.910596777853415
0.9468963889544489,0.9105764866091693
0.9468963889544489,0.910783200908059
0.9468963889544489,0.9109900090826522
0.9466603729053575,0.9109697933227345
0.9464243568562662,0.91094956837801
0.9464243568562662,0.9111565553283345
0.9461883408071748,0.9111363636363636
0.9461883408071748,0.9113434871561719
0.9461883408071748,0.9115507048658481
0.9459523247580836,0.9115305890379805
0.9459523247580836,0.9117379435850773
0.9457163087089923,0.9117178612059158
0.9454802926599009,0.9119053038925563
0.9454802926599009,0.9121129326047359
0.9454802926599009,0.9123206558870417
0.9454802926599009,0.9125284738041002
0.9452442766108096,0.9125085440874915
0.9450082605617182,0.9124886052871468
0.9450082605617182,0.91269660360155
0.9450082605617182,0.9129046967624259
0.9450082605617182,0.9131128848346636
0.9447722445126269,0.9130930656934306
0.9447722445126269,0.9133013917408168
0.9447722445126269,0.9135098128708352
0.9447722445126269,0.9137183291485962
0.9447722445126269,0.9139269406392694
0.9445362284635355,0.9139072847682119
0.9443002124144442,0.9138876199177707
0.9440641963653529,0.9140767824497258
0.9438281803162615,0.9140571428571429
0.9435921642671702,0.9140374942844078
0.9433561482180788,0.9140178367253602
0.9433561482180788,0.9142268984446478
0.9431201321689875,0.9142072752230611
0.9428841161198962,0.914187643020595
0.9426481000708048,0.9141680018310826
0.9426481000708048,0.9143772893772893
0.9424120840217135,0.9143576826196473
0.9421760679726221,0.9143380668804397
0.9419400519235308,0.9143184421534937
0.9417040358744395,0.9142988084326306
0.9414680198253481,0.9142791657116662
0.9414680198253481,0.9144887666208161
0.9414680198253481,0.914698463655125
0.9414680198253481,0.914908256880734
0.9409959877271654,0.9148692060578247
0.9407599716780741,0.9148496672022034
0.9405239556289827,0.9148301193755739
0.9400519235308001,0.9147909967845659
0.9400519235308001,0.9150011486331265
0.9400519235308001,0.9152113970588235
0.9398159074817087,0.9151919099057688
0.9398159074817087,0.9154022988505747
0.9395798914326174,0.9155933762649494
0.9395798914326174,0.9158040027605245
0.939343875383526,0.9157846295444086
0.939343875383526,0.9159953970080552
0.939343875383526,0.9164172231176606
0.939343875383526,0.9166282818977429
0.9391078593344347,0.916609076249712
0.9391078593344347,0.9168202764976958
0.9391078593344347,0.9170315740954137
0.9391078593344347,0.917242969110189
0.9388718432853435,0.9172238874798248
0.938635827236252,0.9172047970479705
0.9383998111871608,0.9171856978085352
0.9381637951380694,0.9171665897554222
0.9381637951380694,0.9173782598661435
0.9379277790889781,0.91735918744229
0.9376917630398867,0.9173401062110367
0.9376917630398867,0.9175519630484988
0.9374557469907954,0.9175329175329175
0.9372197309417041,0.9175138632162662
0.9369837148926127,0.9174948000924428
0.9369837148926127,0.917706888580675
0.9369837148926127,0.9179190751445087
0.9367476988435214,0.917900092506938
0.9367476988435214,0.9181124219292158
0.93651168279443,0.918093475242943
0.9362756667453387,0.9180745197870863
0.9360396506962474,0.9180555555555555
0.935803634647156,0.9182491894395554
0.9355676185980647,0.9184430027803522
0.9353316025489733,0.9184241019698726
0.9353316025489733,0.9186369958275382
0.9353316025489733,0.9188499884071412
0.9353316025489733,0.9190630797773655
0.935095586499882,0.9190443052655997
0.9348595704507906,0.9190255220417634
0.9346235544016993,0.9190067300997912
0.9346235544016993,0.9194334803807754
0.934387538352608,0.9194147700882489
0.9341515223035166,0.9193960511033682
0.9339155062544253,0.9193773234200744
0.9336794902053339,0.919358587032303
0.9336794902053339,0.9195722919572292
0.9336794902053339,0.9197860962566845
0.9334434741562426,0.9197674418604651
0.9332074581071513,0.9197487787857641
0.9329714420580599,0.9197301070265239
0.9329714420580599,0.9199441470793577
0.9327354260089686,0.9199255121042831
0.9327354260089686,0.920139697322468
0.9324994099598772,0.9201210992081975
0.9322633939107859,0.9201024924295365
0.9322633939107859,0.9203168685927307
0.9320273778616947,0.9202982987648567
0.9317913618126032,0.9202797202797203
0.9317913618126032,0.9204942877127535
0.9317913618126032,0.9207089552238806
0.9313193297144206,0.9206719552029865
0.9310833136653293,0.9206534422403734
0.9308472976162379,0.9206349206349206
0.9308472976162379,0.9208498715853374
0.9306112815671466,0.9208313872022419
0.9303752655180553,0.920812894183602
0.9301392494689639,0.9207943925233645
0.9299032334198726,0.9207758822154709
0.9296672173707812,0.9207573632538569
0.9294312013216899,0.9207388356324526
0.9291951852725986,0.9207202993451824
0.9289591692235072,0.9207017543859649
0.9287231531744159,0.9206832007487131
0.9287231531744159,0.9208986660425931
0.9287231531744159,0.9213298993210021
0.9287231531744159,0.9215456674473068
0.9287231531744159,0.9217615366596392
0.9284871371253245,0.9217432052483598
0.9282511210762332,0.9217248652449027
0.9280151050271418,0.9219226260257913
0.9277790889780505,0.9219043151969981
0.9273070568798678,0.9218676677616142
0.9273070568798678,0.9220840178361887
0.9273070568798678,0.922300469483568
0.9270710408307765,0.9224988257397839
0.9268350247816851,0.9224806201550387
0.9268350247816851,0.9226973684210527
0.9265990087325938,0.9226792009400705
0.9263629926835025,0.9228779684928285
0.9261269766344111,0.922859830667921
0.9261269766344111,0.9230769230769231
0.9258909605853198,0.9230588235294117
0.9258909605853198,0.9232760649564603
0.9256549445362284,0.9232580037664784
0.9256549445362284,0.9234753943960443
0.9256549445362284,0.9236928874234573
0.9256549445362284,0.9239104829210836
0.9256549445362284,0.9241281809613572
0.9256549445362284,0.9243459816167806
0.9256549445362284,0.9245638849599246
0.9254189284871371,0.9245460976184862
0.9251829124380457,0.9245283018867925
0.9249468963889544,0.9245104977589054
0.9249468963889544,0.9247286455875413
0.9247108803398632,0.9247108803398632
0.9244748642907717,0.9246931067044382
0.9242388482416805,0.9246753246753247
0.9242388482416805,0.9248937175247992
0.9242388482416805,0.9251122135601229
0.924002832192589,0.9250945179584121
0.9237668161434978,0.9250768139919641
0.9235308000944065,0.9250591016548463
0.9230587679962238,0.9252424887627159
0.9228227519471324,0.9252247988641742
0.9228227519471324,0.9254437869822485
0.9225867358980411,0.9254261363636364
0.9223507198489497,0.9254084773857447
0.9221147037998584,0.9253908100426338
0.9216426717016757,0.9253554502369669
0.9214066556525844,0.9253377577625029
0.9214066556525844,0.9255571360834519
0.9214066556525844,0.9257766184491345
0.921170639603493,0.9257590132827325
0.921170639603493,0.9259786476868327
0.9209346235544017,0.9259610821072615
0.9206986075053104,0.925943508188939
0.9206986075053104,0.9261633428300095
0.920462591456219,0.9261458085965328
0.920462591456219,0.9263657957244655
0.920462591456219,0.9265858873841768
0.920462591456219,0.9268060836501901
0.920462591456219,0.9270263845971001
0.9202265754071277,0.9270090347123158
0.9202265754071277,0.9272294887039239
0.9202265754071277,0.9274500475737393
0.9202265754071277,0.9276707113966215
0.9202265754071277,0.9278914802475012
0.9199905593580363,0.9278743156391336
0.9199905593580363,0.9280952380952381
0.919754543308945,0.9280781138366277
0.9195185272598537,0.9280609814197237
0.9192825112107623,0.9280438408386943
0.919046495161671,0.9280266920877026
0.9188104791125796,0.9280095351609058
0.9188104791125796,0.9282308059132094
0.9188104791125796,0.9284521822084426
0.9185744630634883,0.9284351145038168
0.9183384470143969,0.9284180386542591
0.9181024309653056,0.9284009546539379
0.9178664149162143,0.928383862497016
0.9176303988671229,0.9283667621776505
0.9173943828180317,0.9283496536899928
0.9173943828180317,0.9285714285714286
0.9173943828180317,0.9287933094384707
0.9173943828180317,0.9290152963671128
0.9171583667689402,0.9289983265598852
0.9171583667689402,0.929220468675275
0.916922350719849,0.9292035398230089
0.916922350719849,0.9294258373205742
0.9166863346707577,0.9294089495094521
0.9166863346707577,0.9296314025849689
0.9164503186216663,0.9296145559013647
0.916214302572575,0.9295977011494253
0.9159782865234836,0.9295808383233533
0.9157422704743923,0.9295639674173455
0.9155062544253009,0.9295470884255931
0.9155062544253009,0.9297698945349953
0.9152702383762096,0.9297530568209063
0.9152702383762096,0.9299760191846522
0.9152702383762096,0.9301990885104342
0.9150342223271183,0.9301823416506718
0.9147982062780269,0.9303888622179549
0.9145621902289356,0.9303721488595438
0.9143261741798442,0.9303554274735831
0.9140901581307529,0.9303386980542878
0.9138541420816616,0.9303219605958674
0.9136181260325702,0.9303052150925258
0.9133821099834789,0.9305121423419092
0.9131460939343875,0.9304954304954305
0.9129100778852962,0.930478710608612
0.9129100778852962,0.9307025986525506
0.9129100778852962,0.9309265944645007
0.9126740618362048,0.9309099662975445
0.9124380457871135,0.9308933301228028
0.9122020297380222,0.9308766859344894
0.9122020297380222,0.9311009395326427
0.9119660136889308,0.9310843373493976
0.9119660136889308,0.9313087490961678
0.9119660136889308,0.9315332690453231
0.9117299976398395,0.931516759102966
0.9114939815907481,0.9315002411963338
0.9112579655416568,0.9314837153196622
0.9110219494925655,0.9314671814671814
0.9107859334434741,0.9314506396331161
0.9105499173943828,0.9314340898116852
0.9103139013452914,0.9314175319971022
0.9100778852962002,0.9314009661835749
0.9098418692471089,0.9316094731754471
0.9098418692471089,0.9318346627991299
0.9098418692471089,0.9320599613152805
0.9096058531980175,0.932043530834341
0.9093698371489262,0.9320270924044509
0.9091338210998348,0.9320106460198403
0.9088978050507435,0.9319941916747337
0.9088978050507435,0.9322198015008473
0.9088978050507435,0.9324455205811139
0.9088978050507435,0.932671348994914
0.9088978050507435,0.9328972868217055
0.9088978050507435,0.9331233341410226
0.9088978050507435,0.933349491032477
0.9088978050507435,0.9335757575757576
0.9088978050507435,0.9338021338506305
0.9088978050507435,0.9340286199369391
0.9086617890016521,0.9340126152353226
0.9084257729525608,0.9339966027663189
0.9081897569034695,0.9339805825242719
0.9079537408543781,0.9339645545035202
0.9077177248052868,0.9339485186983972
0.9074817087561954,0.9339324751032305
0.9074817087561954,0.9341593780369291
0.9072456927071041,0.9341433778857837
0.9072456927071041,0.9343704423918328
0.9070096766580128,0.9343544857768052
0.9070096766580128,0.9345817120622568
0.9070096766580128,0.9348090488932134
0.9070096766580128,0.935036496350365
0.9067736606089214,0.9350206862983694
0.9067736606089214,0.9352482960077897
0.9065376445598301,0.9352325298271245
0.9063016285107387,0.9352167559668777
0.9063016285107387,0.9354445797807551
0.9060656124616474,0.9354288499025342
0.905829596412556,0.9354131123568121
0.9055935803634647,0.9353973671379815
0.9053575643143734,0.9353816142404292
0.905121548265282,0.9353658536585366
0.9048855322161907,0.9353500853866796
0.9046495161670993,0.9353343094192289
0.904413500118008,0.9353185257505492
0.9041774840689167,0.935302734375
0.9039414680198253,0.9352869352869353
0.903705451970734,0.9352711284807035
0.903705451970734,0.935499633520645
0.9034694359216426,0.9354838709677419
0.9034694359216426,0.9357125397213395
0.9034694359216426,0.9359413202933985
0.9032334198725513,0.9359256541941795
0.9029974038234599,0.9359099804305284
0.9029974038234599,0.9361389772449229
0.9025253717252774,0.9363369245837414
0.902289355676186,0.9363213323536616
0.9020533396270947,0.9363057324840764
0.9018173235780033,0.9362901249693703
0.9018173235780033,0.9365196078431373
0.901581307528912,0.9365040451090954
0.901581307528912,0.9367336929867582
0.9013452914798207,0.9367181751287712
0.9011092754307293,0.936702649656526
0.9011092754307293,0.9369325153374233
0.900873259381638,0.9369170348551792
0.900873259381638,0.9371470660446846
0.900873259381638,0.93737721021611
0.9006372433325466,0.9373618275607959
0.9006372433325466,0.9375921375921376
0.9004012272834553,0.9375768001966085
0.9001652112343639,0.9375614552605703
0.8999291951852726,0.9375461027784607
0.8999291951852726,0.9377766847024103
0.8996931791361813,0.9377613776137761
0.8994571630870899,0.937746062992126
0.8992211470379986,0.9377307408318976
0.8989851309889072,0.9377154111275234
0.8987491149398159,0.9377000738734302
0.8987491149398159,0.9379310344827586
0.8987491149398159,0.9381621088938162
0.8987491149398159,0.9383932971907344
0.8985130988907246,0.9383781119053488
0.8985130988907246,0.9386094674556213
0.8985130988907246,0.9388409371146732
0.8982770828416332,0.9388258510113469
0.8980410667925419,0.9388107574636072
0.8980410667925419,0.9390424481737414
0.8980410667925419,0.9392742532707974
0.8978050507434505,0.9392592592592592
0.8975690346943592,0.9392442578414423
0.8973330186452679,0.9392292490118577
0.8973330186452679,0.9394613293797875
0.8973330186452679,0.939693524468611
0.8970970025961765,0.9396786155747837
0.8968609865470852,0.9396636993076162
0.8966249704979938,0.9396487756616374
0.8963889544489025,0.9398663697104677
0.8961529383998111,0.9398514851485148
0.8959169223507198,0.9398365932161427
0.8959169223507198,0.9400693412580485
0.8959169223507198,0.9403022046073817
0.8956809063016286,0.9402874132804757
0.8954448902525372,0.940272614622057
0.8952088742034459,0.9402578086266733
0.8949728581543545,0.9402429952888669
0.8947368421052632,0.9402281746031746
0.8945008260561719,0.940213346564128
0.8942648100070805,0.9401985111662531
0.8940287939579892,0.9404170804369414
0.8937927779088978,0.9404022845790911
0.8935567618598065,0.940387481371088
0.8933207458107151,0.9403726708074535
0.8930847297616238,0.9403578528827038
0.8928487137125325,0.9403430275913497
0.8928487137125325,0.9405768274490304
0.8926126976634411,0.9405620492414822
0.8923766816143498,0.940547263681592
0.8923766816143498,0.9407812888778303
0.8921406655652584,0.9407665505226481
0.8919046495161671,0.9407518048294747
0.8919046495161671,0.9409860557768924
0.8919046495161671,0.9412204234122042
0.8916686334670758,0.9412057797708022
0.8914326174179844,0.9411911288312983
0.8914326174179844,0.9414257228315055
0.8911966013688931,0.9414111194215906
0.8911966013688931,0.9416458852867831
0.8911966013688931,0.9418807682713893
0.8909605853198017,0.9418662674650699
0.8907245692707104,0.9418517594210132
0.890488553221619,0.9418372441337993
0.890488553221619,0.9420724094881399
0.8902525371725277,0.942057942057942
0.8902525371725277,0.94229328003997
0.8900165211234364,0.9422788605697151
0.8900165211234364,0.9425143714071482
0.889780505074345,0.9425
0.8895444890252537,0.9424856214053513
0.8895444890252537,0.9427213606803402
0.8893084729761623,0.9427070302727045
0.8893084729761623,0.9429429429429429
0.889072456927071,0.9429286608260325
0.8888364408779797,0.942914371557336
0.8886004248288883,0.9429000751314801
0.888364408779797,0.9428857715430862
0.8881283927307057,0.9428714607867702
0.8878923766816144,0.9428571428571428
0.887656360632523,0.9428428177488092
0.8874203445834317,0.9428284854563691
0.8874203445834317,0.9430649611236519
0.8874203445834317,0.9433015554440541
0.8871843285343404,0.9432873274780427
0.886948312485249,0.9432730923694779
0.886948312485249,0.9435099171478785
0.886948312485249,0.9437468608739327
0.8867122964361577,0.9437327304697313
0.8867122964361577,0.9439698492462312
0.8864762803870663,0.9439557677808494
0.886240264337975,0.9439416792357969
0.8860042482888837,0.9439275836057329
0.8860042482888837,0.9441649899396378
0.8857682322397923,0.9441509433962264
0.885532216190701,0.9441368897835933
0.8852962001416096,0.9441228290964007
0.8850601840925183,0.9441087613293051
0.884824168043427,0.9440946864769579
0.884824168043427,0.9443324937027707
0.8845881519943356,0.9443184681279919
0.8845881519943356,0.9445564516129032
0.8843521359452443,0.9445424754222335
0.8843521359452443,0.9447806354009077
0.8843521359452443,0.9450189155107188
0.8843521359452443,0.9452573158425832
0.8841161198961529,0.9452435023971738
0.8838801038470616,0.9452296819787986
0.8838801038470616,0.9454683160817975
0.8836440877979702,0.9454545454545454
0.8834080717488789,0.9454407678706744
0.8831720556997876,0.9454269833249116
0.8829360396506962,0.9454131918119788
0.8827000236016049,0.9453993933265925
0.8827000236016049,0.9456384323640961
0.8824640075525135,0.9456246838644411
0.8822279915034222,0.9456109284088035
0.881991975454331,0.9455971659919028
0.8817559594052395,0.9455833966084536
0.8815199433561483,0.9455696202531646
0.8812839273070568,0.9455558369207394
0.8812839273070568,0.9457953394123607
0.8810479112579656,0.9457816062832531
0.8810479112579656,0.946021287379625
0.8810479112579656,0.9462610899873257
0.8808118952088742,0.9462474645030426
0.8805758791597829,0.9462338321075323
0.8803398631106916,0.9462201927955353
0.8801038470616002,0.9462065465617864
0.8801038470616002,0.9464467005076143
0.8801038470616002,0.9466869763899467
0.8798678310125089,0.94667343829355
0.8796318149634175,0.9466598933197866
0.8796318149634175,0.946900406504065
0.8793957989143262,0.9468869123252859
0.8791597828652349,0.9468734112862227
0.8791597828652349,0.9471141622171371
0.8789237668161435,0.9471007121057986
0.8786877507670522,0.9470872551513609
0.8786877507670522,0.9473282442748091
0.8784517347179608,0.9473148383812675
0.8782157186688695,0.9473014256619144
0.8779797026197781,0.9472880061115355
0.8777436865706868,0.9472745797249108
0.8775076705215955,0.9472611464968153
0.8775076705215955,0.9475025484199796
0.8772716544725041,0.9474891664542442
0.8770356384234128,0.9474757776644569
0.8767996223743214,0.9474623820453966
0.8765636063252301,0.9474489795918367
0.8763275902761388,0.9474355702985455
0.8763275902761388,0.9476773864216437
0.8763275902761388,0.9479193260148072
0.8763275902761388,0.9481613891726252
0.8758555581779561,0.9481349003576903
0.8756195421288647,0.9481216457960644
0.8756195421288647,0.9483640081799591
0.8753835260797734,0.9483508054206086
0.8751475100306821,0.9483375959079284
0.8749114939815907,0.9483243796367358
0.8746754779324994,0.9483111566018424
0.874439461883408,0.9482979267980548
0.8742034458343168,0.9482846902201741
0.8739674297852253,0.9482714468629961
0.873731413736134,0.9482581967213115
0.8734953976870428,0.9482449397899052
0.8734953976870428,0.9484879548949257
0.8732593816379514,0.9484747500640861
0.8730233655888601,0.9484615384615385
0.8727873495397687,0.9484483200820724
0.8725513334906774,0.9484350949204721
0.8723153174415861,0.9484218629715165
0.8720793013924947,0.9484086242299795
0.8718432853434034,0.9483953786906291
0.871607269294312,0.948382126348228
0.8713712532452207,0.948368867197534
0.8711352371961293,0.9483556012332991
0.870899221147038,0.9483423284502699
0.8706632050979467,0.9483290488431877
0.8704271890488553,0.9483157624067884
0.8704271890488553,0.948559670781893
0.870191172999764,0.9485464368407512
0.8699551569506726,0.9485331960885229
0.8697191409015813,0.9485199485199485
0.86948312485249,0.9485066941297632
0.8692471088033986,0.9484934329126964
0.8690110927543073,0.9484801648634724
0.8687750767052159,0.9484668899768101
0.8685390606561246,0.9484536082474226
0.8683030446070332,0.9484403196700181
0.8680670285579419,0.9484270242392986
0.8678310125088506,0.9484137219499613
0.8678310125088506,0.9486584107327142
0.8678310125088506,0.9489032258064516
0.8678310125088506,0.9491481672689727
0.8678310125088506,0.9493932352181771
0.8675949964597592,0.9493801652892562
0.867358980410668,0.9493670886075949
0.8671229643615765,0.9493540051679586
0.8668869483124853,0.9493409149651073
0.866650932263394,0.9493278179937953
0.8664149162143026,0.9493147142487717
0.8664149162143026,0.9495602690118986
0.8664149162143026,0.9498059508408797
0.8661789001652113,0.9497929606625258
0.8661789001652113,0.9500388299249288
0.8659428841161199,0.9500258933195236
0.8657068680670286,0.95001295001295
0.8654708520179372,0.95
0.8652348359688459,0.94998704327546
0.8649988199197546,0.949974079834111
0.8647628038706632,0.9499611096707286
0.8645267878215719,0.9499481327800829
0.8642907717724805,0.949935149156939
0.8640547557233892,0.949922158796056
0.8640547557233892,0.9501686997145081
0.8640547557233892,0.9504153686396677
0.8638187396742979,0.9504024928589977
0.8635827236252065,0.9503896103896103
0.8635827236252065,0.9506365289685632
0.8633467075761152,0.9506237006237006
0.8631106915270238,0.9506108656095659
0.8631106915270238,0.9508580343213728
0.8628746754779325,0.951092611862643
0.8626386594288412,0.951079885506115
0.8624026433797498,0.9510671525247267
0.8624026433797498,0.9513147617807862
0.8621666273306585,0.9513020833333333
0.8619306112815671,0.9512893982808023
0.8616945952324758,0.9512767066180302
0.8616945952324758,0.9515246286161063
0.8614585791833844,0.9515119916579771
0.8614585791833844,0.9517601043024772
0.8612225631342931,0.9517475221700574
0.8609865470852018,0.9517349334724758
0.8607505310361104,0.951722338204593
0.8605145149870191,0.9517097363612633
0.8602784989379277,0.9516971279373369
0.8600424828888364,0.9516845129276573
0.8598064668397452,0.9516718913270638
0.8595704507906538,0.9516592631303893
0.8593344347415625,0.951646628332462
0.8593344347415625,0.9518954248366013
0.859098418692471,0.9518828451882845
0.8588624026433798,0.9518702589589327
0.8586263865942884,0.9518576661433804
0.8586263865942884,0.95210677833028
0.8583903705451971,0.9520942408376963
0.8581543544961058,0.9520816967792616
0.8581543544961058,0.9523310633839707
0.8579183384470144,0.9523185747969609
0.8576823223979231,0.9523060796645703
0.8576823223979231,0.9525557011795543
0.8574463063488317,0.9525432616675407
0.8572102902997404,0.9527806925498427
0.8572102902997404,0.9530307006035161
0.8569742742506491,0.953018372703412
0.8567382582015577,0.9530060383302704
0.8567382582015577,0.9532563025210085
0.8567382582015577,0.9535066981875493
0.8565022421524664,0.9534944823962165
0.856266226103375,0.9534822601839684
0.8560302100542837,0.9534700315457413
0.8557941940051923,0.953457796476466
0.855558177956101,0.9534455549710679
0.855558177956101,0.9536963956853459
0.855558177956101,0.9539473684210527
0.8553221619070097,0.9539352461173993
0.8553221619070097,0.9541864139020537
0.8550861458579183,0.9541743481696076
0.8550861458579183,0.9544257112750263
0.854850129808827,0.9544137022397892
0.854850129808827,0.9546652609383237
0.854850129808827,0.9549169522805168
0.8546141137597356,0.9549050632911392
0.8543780977106443,0.9548931680295436
0.854142081661553,0.9548812664907652
0.854142081661553,0.9551332805489575
0.8539060656124616,0.9551214361140443
0.8536700495633703,0.9551095854238183
0.8534340335142789,0.9553500660501981
0.8534340335142789,0.9556025369978859
0.8531980174651876,0.9555908009516257
0.8529620014160963,0.955579058699101
0.852725985367005,0.9555673102353874
0.8524899693179137,0.9555555555555556
0.8522539532688223,0.9555437946546705
0.8522539532688223,0.9557967178401271
0.8522539532688223,0.9560497749536669
0.8522539532688223,0.956302966101695
0.852017937219731,0.9562913907284768
0.8517819211706396,0.9562798092209857
0.8515459051215483,0.956268221574344
0.851309889072457,0.9562566277836692
0.8510738730233656,0.9562450278440732
0.8508378569742743,0.9562334217506632
0.8506018409251829,0.9562218094985407
0.8503658248760916,0.9562101910828026
0.8503658248760916,0.9564640297318822
0.8501298088270003,0.9564524694636218
0.8498937927779089,0.9564409030544488
0.8496577767288176,0.9564293304994687
0.8494217606797262,0.9564177517937815
0.8491857446306349,0.9564061669324827
0.8489497285815435,0.956394575910662
0.8487137125324522,0.9563829787234043
0.8484776964833609,0.9563713753657888
0.8482416804342695,0.9563597658328898
0.8480056643851782,0.9563481501197764
0.8477696483360868,0.9563365282215123
0.8475336322869955,0.9563249001331557
0.8472976162379042,0.9563132658497603
0.8470616001888128,0.9563016253663735
0.8468255841397215,0.9562899786780383
0.8468255841397215,0.9565449213543055
0.8465895680906301,0.9565333333333333
0.8463535520415388,0.9565217391304348
0.8461175359924474,0.9565101387406617
0.8458815199433561,0.9564985321590606
0.8456455038942648,0.9564869193806728
0.8454094878451734,0.9564753004005341
0.8451734717960822,0.9564636752136753
0.8449374557469908,0.9564520438151216
0.8447014396978995,0.9564404061998931
0.8444654236488082,0.9564287623630046
0.8442294075997168,0.9564171122994652
0.8439933915506255,0.9564054560042792
0.8439933915506255,0.956661316211878
0.8437573755015341,0.9566497190259566
0.8435213594524428,0.9566381156316917
0.8432853434033514,0.9566265060240964
0.8430493273542601,0.9566148901981789
0.8428133113051688,0.9566032681489419
0.8425772952560774,0.9565916398713826
0.8423412792069861,0.9565800053604931
0.8421052631578947,0.95656836461126
0.8418692471088034,0.9565567176186646
0.8418692471088034,0.95681330472103
0.8416332310597121,0.9568017171988195
0.8413972150106207,0.9567901234567902
0.8411611989615294,0.9567785234899329
0.840925182912438,0.956766917293233
0.8406891668633467,0.9567553048616707
0.8404531508142554,0.9567436861902203
0.840217134765164,0.9567320612738511
0.8399811187160727,0.9567204301075268
0.8397451026669813,0.956708792686206
0.83950908661789,0.9566971490048413
0.8392730705687986,0.9566854990583804
0.8392730705687986,0.9569429494079655
0.8390370545197073,0.9569313593539704
0.838801038470616,0.9569197630586969
0.8385650224215246,0.956908160517102
0.8383290063724333,0.9568965517241379
0.838092990323342,0.9568849366747507
0.8378569742742507,0.9568733153638814
0.8376209582251594,0.9568616877864654
0.837384942176068,0.9568500539374326
0.8371489261269767,0.9568384138117075
0.8371489261269767,0.9570966001079331
0.8369129100778853,0.957085020242915
0.836676894028794,0.95707343412527
0.836676894028794,0.9573318930596814
0.836676894028794,0.9575904916261481
0.8364408779797026,0.9575790326938666
0.8362048619306113,0.9575675675675676
0.83596884588152,0.9575560962422276
0.8357328298324286,0.9575446187128177
0.8357328298324286,0.9578036245604544
0.8354968137833373,0.9577922077922078
0.8352607977342459,0.9577807848443843
0.8350247816851546,0.9577693557119653
0.8347887656360633,0.9577579203899269
0.8347887656360633,0.9580173347778982
0.8345527495869719,0.9580059604443241
0.8345527495869719,0.9582655826558265
0.8343167335378806,0.9582542694497154
0.8340807174887892,0.9582429501084598
0.8340807174887892,0.9585028478437754
0.8340807174887892,0.9587628865979382
0.8338447014396979,0.9587516960651289
0.8336086853906065,0.9587404994571118
0.8333726693415152,0.9587292967689384
0.8333726693415152,0.9589896795219989
0.8331366532924239,0.9589785384406412
0.8329006372433325,0.9589673913043478
0.8326646211942412,0.9589562381081815
0.8324286051451498,0.9589450788471996
0.8321925890960585,0.9589339135164536
0.8321925890960585,0.9591947769314473
0.8319565730469672,0.9591836734693877
0.8317205569978758,0.9591725639629831
0.8317205569978758,0.9594337054179145
0.8317205569978758,0.9596949891067538
0.8314845409487845,0.9596840098065922
0.8312485248996931,0.9596730245231607
0.8310125088506018,0.9596620332515672
0.8307764928015106,0.9596510359869138
0.8305404767524192,0.9596400327242978
0.8303044607033279,0.9596290234588107
0.8300684446542365,0.9596180081855389
0.8298324286051452,0.9596069868995634
0.8298324286051452,0.9598689598689598
0.8295964125560538,0.9598580010922992
0.8295964125560538,0.9601201857416006
0.8293603965069625,0.9601092896174863
0.8293603965069625,0.9603716862530746
0.8291243804578712,0.9603608529250957
0.8288883644087798,0.9603500136724091
0.8286523483596885,0.9603391684901532
0.8286523483596885,0.9606019151846785
0.8284163323105971,0.9605911330049262
0.8281803162615058,0.960580344921982
0.8279443002124145,0.9605695509309967
0.8277082841633231,0.9605587510271159
0.8274722681142318,0.9605479452054795
0.8272362520651404,0.9605371334612223
0.8272362520651404,0.9608004385964912
0.8270002360160491,0.9607896901562929
0.8270002360160491,0.9610532089961602
0.8267642199669577,0.961042524005487
0.8267642199669577,0.9613062568605928
0.8265282039178664,0.9612956354652759
0.8265282039178664,0.9615595826468973
0.8265282039178664,0.9618236748146114
0.8262921878687751,0.9618131868131868
0.8262921878687751,0.9620774938169827
0.8260561718196837,0.9620670698185816
0.8258201557705924,0.9620566400879846
0.825584139721501,0.9620462046204621
0.8253481236724097,0.9620357634112793
0.8251121076233184,0.9620253164556962
0.824876091574227,0.9620148637489678
0.824876091574227,0.9622797356828194
0.8246400755251357,0.9622693472872487
0.8244040594760443,0.9622589531680441
0.824168043426953,0.962248553320474
0.824168043426953,0.9625137816979051
0.8239320273778616,0.9625034463744141
0.8239320273778616,0.96276889134032
0.8239320273778616,0.9630344827586207
0.8236960113287703,0.9630242825607064
0.8236960113287703,0.9632900910847364
0.8236960113287703,0.9635560463832137
0.8236960113287703,0.963822148577741
0.8234599952796791,0.9638121546961326
0.8232239792305877,0.963802155291517
0.8229879631814964,0.9637921503593145
0.822751947132405,0.9637821398949405
0.8225159310833137,0.9637721238938053
0.8222799150342224,0.963762102351314
0.8222799150342224,0.9640287769784173
0.822043898985131,0.9640188209244396
0.8218078829360397,0.9640088593576965
0.8215718668869483,0.9639988922736085
0.821335850837857,0.96398891966759
0.8210998347887656,0.9639789415350513
0.8208638187396743,0.9639689578713969
0.820627802690583,0.9639589686720266
0.820627802690583,0.9642262895174709
0.8203917866414916,0.9642163661581137
0.8201557705924003,0.9642064372918979
0.8199197545433089,0.9641965029142381
0.8196837384942176,0.9641865630205442
0.8194477224451263,0.9641766176062205
0.8192117063960349,0.9641666666666666
0.8192117063960349,0.964434565156988
0.8189756903469436,0.9644246803779878
0.8189756903469436,0.9646927995551848
0.8187396742978522,0.9646829810901001
0.8185036582487609,0.9646731571627261
0.8182676421996696,0.964663327768503
0.8182676421996696,0.9649318118563874
0.8180316261505782,0.9649220489977728
0.8177956101014869,0.9649122807017544
0.8175595940523955,0.9649025069637883
0.8173235780033042,0.9648927277793257
0.8170875619542128,0.9648829431438127
0.8166155298560303,0.9648633575013943
0.8163795138069389,0.9648535564853556
0.8161434977578476,0.96484375
0.8161434977578476,0.9651130337705833
0.8159074817087562,0.9651032942490229
0.8159074817087562,0.9653728008936051
0.8156714656596649,0.9653631284916201
0.8154354496105736,0.9653534506845488
0.8154354496105736,0.965623253214086
0.8151994335614822,0.9656136427173609
0.8149634175123909,0.9656040268456376
0.8147274014632995,0.9655944055944056
0.8147274014632995,0.965864577504197
0.8142553693651168,0.9658454647256439
0.8140193533160255,0.965835900308037
0.8137833372669342,0.9658263305322129
0.8137833372669342,0.9660969459232278
0.8135473212178428,0.9660874439461884
0.8133113051687515,0.9660779366414354
0.8130752891196601,0.9660684240044868
0.8130752891196601,0.9663394109396914
0.8128392730705688,0.9663299663299664
0.8128392730705688,0.9666011787819253
0.8126032570214775,0.9665918023582257
0.8123672409723861,0.9665824206683515
0.8121312249232948,0.9665730337078652
0.8118952088742034,0.9665636414723237
0.8116591928251121,0.9665542439572794
0.8114231767760207,0.9665448411582794
0.8111871607269294,0.9665354330708661
0.8111871607269294,0.9668073136427566
0.8109511446778381,0.9667979741136747
0.8107151286287467,0.966788629327329
0.8107151286287467,0.9670608108108109
0.8104791125796554,0.9670515347789355
0.810243096530564,0.9670422535211267
0.8100070804814727,0.967032967032967
0.8097710644323814,0.9670236753100339
0.80953504838329,0.9670143783478996
0.8092990323341988,0.9670050761421319
0.8090630162851074,0.9669957686882934
0.8090630162851074,0.9672686230248307
0.8088270002360161,0.9672593847022297
0.8085909841869248,0.9672501411631846
0.8083549681378334,0.9672408924032759
0.8081189520887421,0.9672316384180791
0.8078829360396507,0.9672223792031648
0.8076469199905594,0.9672131147540983
0.807410903941468,0.9672038450664405
0.8071748878923767,0.9671945701357466
0.8069388718432854,0.9671852899575671
0.806702855794194,0.9671760045274477
0.8064668397451027,0.9671667138409283
0.8062308236960113,0.9671574178935447
0.80599480764692,0.967148116680827
0.8057587915978287,0.9671388101983003
0.8055227755487373,0.9671294984414849
0.805286759499646,0.9671201814058957
0.805286759499646,0.9673943861638786
0.8050507434505546,0.9673851389676688
0.8048147274014633,0.9673758865248226
0.8043426953032806,0.9673573658813511
0.8041066792541893,0.9673480976717774
0.8038706632050979,0.9673388241976711
0.8036346471560066,0.9673295454545454
0.8033986311069152,0.9673202614379085
0.8031626150578239,0.9673109721432632
0.8029265990087326,0.9673016775661075
0.8026905829596412,0.967292377701934
0.80245456691055,0.9672830725462305
0.8022185508614585,0.9672737620944792
0.8019825348123673,0.9672644463421577
0.8017465187632759,0.967255125284738
0.8015105027141846,0.9672457989176872
0.8015105027141846,0.9675213675213675
0.8015105027141846,0.9677970931889427
0.8012744866650933,0.9677879133409351
0.8012744866650933,0.9680638722554891
0.8010384706160019,0.9680547632629778
0.8010384706160019,0.9683309557774608
0.8008024545669106,0.9683219178082192
0.8005664385178192,0.9683128746788467
0.8003304224687279,0.9683038263849228
0.8000944064196366,0.9682947729220223
0.7998583903705452,0.9682857142857143
0.7996223743214539,0.9682766504715633
0.7993863582723625,0.9682675814751286
0.7991503422232712,0.9682585072919645
0.7989143261741798,0.9682494279176201
0.7986783101250885,0.9682403433476395
0.7984422940759972,0.9682312535775616
0.7982062780269058,0.9682221586029202
0.7979702619778145,0.968213058419244
0.7977342459287231,0.9682039530220568
0.7974982298796318,0.9681948424068768
0.7974982298796318,0.9684723416451705
0.7972622138305405,0.9684633027522935
0.7972622138305405,0.968741038141669
0.7970261977814491,0.9687320711417097
0.7967901817323578,0.9687230989956959
0.7965541656832664,0.9687141216991964
0.7963181496341751,0.9687051392477749
0.7960821335850838,0.9686961516369902
0.7960821335850838,0.9689744326343005
0.7958461175359924,0.9689655172413794
0.7956101014869011,0.9689565967231963
0.7953740854378097,0.9689476710753306
0.7951380693887184,0.9689387402933564
0.794902053339627,0.9689298043728424
0.7946660372905358,0.9689208633093526
0.7944300212414445,0.9689119170984456
0.7944300212414445,0.9691909012381227
0.7941940051923531,0.9691820276497696
0.7939579891432618,0.9691731489484299
0.7934859570450791,0.9691553761891035
0.7932499409959878,0.9691464821222606
0.7930139249468964,0.9691375829247187
0.7930139249468964,0.9694171956145412
0.7927779088978051,0.9694083694083694
0.7925418928487137,0.9693995381062356
0.7925418928487137,0.9696794686687843
0.7923058767996224,0.9696707105719238
0.792069860750531,0.9696619474140422
0.7918338447014397,0.9696531791907514
0.7915978286523484,0.9696444058976583
0.791361812603257,0.9696356275303644
0.791361812603257,0.9699161122360428
0.7911257965541657,0.9699074074074074
0.7908897805050743,0.9698986975397974
0.790653764455983,0.9698899826288361
0.7904177484068917,0.9698812626701419
0.7901817323578003,0.9698725376593279
0.789945716308709,0.9698638075920023
0.7897097002596176,0.9698550724637681
0.7894736842105263,0.9698463322702232
0.7892376681614349,0.9698375870069605
0.7890016521123436,0.9698288366695678
0.7887656360632523,0.9698200812536274
0.7887656360632523,0.9701015965166908
0.7885296200141609,0.9700929152148664
0.7882936039650696,0.9700842288701713
0.7880575879159782,0.9700755374782103
0.787821571866887,0.970066841034583
0.7875855558177957,0.9700581395348837
0.7875855558177957,0.9703402151788311
0.7875855558177957,0.9706224549156486
0.7873495397687043,0.9706139074774512
0.787113523719613,0.9706053550640279
0.7868775076705216,0.9705967976710335
0.7866414916214303,0.9705882352941176
0.786405475572339,0.9705796679289251
0.786405475572339,0.9708624708624709
0.786405475572339,0.9711454386476246
0.7861694595232476,0.9711370262390671
0.7859334434741563,0.9711286089238845
0.7856974274250649,0.971120186697783
0.7854614113759736,0.9711117595564633
0.7854614113759736,0.971395213076474
0.7852253953268822,0.9713868613138686
0.7849893792777909,0.9713785046728972
0.7847533632286996,0.9713701431492843
0.7845173471796082,0.9713617767387492
0.7842813311305169,0.9713534054370068
0.7835732829832429,0.9713282621416033
0.7833372669341515,0.971319871232075
0.7833372669341515,0.9716042154566745
0.7833372669341515,0.9718887262079063
0.7831012508850602,0.9718804920913884
0.7828652348359688,0.9718722531497217
0.7826292187868775,0.9718640093786636
0.7823932027377861,0.9718557607739666
0.7821571866886948,0.9718475073313783
0.7819211706396035,0.9718392490466412
0.7816851545905121,0.971830985915493
0.7814491385414208,0.971822717933666
0.7812131224923294,0.9718144450968879
0.7809771064432381,0.9718061674008811
0.7807410903941469,0.9717978848413631
0.7805050743450554,0.9717895974140465
0.7802690582959642,0.9717813051146384
0.7802690582959642,0.9720670391061452
0.7800330422468728,0.9720588235294118
0.7797970261977815,0.9720506031185643
0.7795610101486901,0.9720423778693349
0.7793249940995988,0.9720341477774507
0.7790889780505075,0.9720259128386337
0.7788529620014161,0.9720176730486009
0.7788529620014161,0.9723040659988215
0.7786169459523248,0.9722959033303861
0.7783809299032334,0.9722877358490566
0.7783809299032334,0.9725744618106753
0.7783809299032334,0.9728613569321534
0.7781449138541421,0.9728533490705222
0.7779088978050508,0.9728453364817001
0.7776728817559594,0.9728373191614998
0.7774368657068681,0.9728292971057295
0.7772008496577767,0.972821270310192
0.7769648336086854,0.9728132387706856
0.776728817559594,0.9728052024830033
0.7764928015105027,0.9727971614429332
0.7762567854614114,0.9727891156462585
0.77602076941232,0.9727810650887574
0.7757847533632287,0.9730609828300769
0.7755487373141373,0.9730530056262955
0.775312721265046,0.9730450236966824
0.775312721265046,0.9733333333333334
0.7750767052159547,0.973325429756965
0.7748406891668633,0.9733175214942188
0.774604673117772,0.9733096085409253
0.7743686570686806,0.9733016908929101
0.7741326410195893,0.973293768545994
0.773896624970498,0.9732858414959928
0.7736606089214066,0.9732779097387173
0.7734245928723154,0.9732699732699732
0.773188576823224,0.9732620320855615
0.7729525607741327,0.9732540861812778
0.7727165447250413,0.9732461355529132
0.77248052867595,0.9732381801962533
0.7722445126268587,0.9732302201070792
0.7720084965777673,0.9732222552811663
0.771772480528676,0.9732142857142857
0.771772480528676,0.9735040190532896
0.7715364644795846,0.9734961286480047
0.7713004484304933,0.9734882335418529
0.771064432381402,0.9734803337306317
0.7708284163323106,0.9734724292101341
0.7705924002832193,0.9734645199761479
0.7703563842341279,0.9734566060244557
0.7703563842341279,0.9737470167064439
0.7701203681850366,0.9737391823336318
0.7701203681850366,0.9740298507462687
0.7698843521359452,0.9740220961481039
0.7698843521359452,0.9743130227001194
0.7696483360868539,0.9743053480729011
0.7694123200377626,0.9742976688583384
0.7691763039886712,0.9742899850523169
0.7689402879395799,0.9742822966507177
0.7687042718904885,0.9742746036494166
0.7684682558413972,0.9742669060442849
0.7682322397923059,0.9742592038311882
0.7679962237432145,0.974251497005988
0.7677602076941232,0.9742437855645403
0.7675241916450318,0.9742360695026963
0.7672881755959405,0.974228348816302
0.7672881755959405,0.9745203836930456
0.7670521595468491,0.974512743628186
0.7668161434977578,0.974505098980204
0.7665801274486665,0.9744974497449745
0.7663441113995751,0.9744897959183674
0.7661080953504839,0.9744821374962473
0.7658720793013924,0.9744744744744744
0.7656360632523012,0.9744668068489035
0.7654000472032099,0.9744591346153846
0.7651640311541185,0.9744514577697625
0.7649280151050272,0.9744437763078774
0.7646919990559358,0.9744360902255639
0.7646919990559358,0.9747292418772563
0.7644559830068445,0.9747216370749323
0.7642199669577531,0.9747140276941602
0.7639839509086618,0.974706413730804
0.7637479348595705,0.9746987951807229
0.7635119188104791,0.9746911720397711
0.7632759027613878,0.9746835443037974
0.7630398867122964,0.9746759119686463
0.7628038706632051,0.9746682750301568
0.7625678546141138,0.9746606334841629
0.7623318385650224,0.9746529873264936
0.7620958225159311,0.9746453365529731
0.7618598064668397,0.9746376811594203
0.7616237904177484,0.9746300211416491
0.7616237904177484,0.9749244712990937
0.7613877743686571,0.9749168933212451
0.7613877743686571,0.975211608222491
0.7611517583195657,0.9752041124886605
0.7609157422704744,0.9751966122202057
0.7609157422704744,0.9754916792738275
0.760679726221383,0.9754842615012107
0.7604437101722917,0.9754768392370572
0.7602076941232003,0.9754694124772865
0.759971678074109,0.9754619812178128
0.7597356620250177,0.9754545454545455
0.7597356620250177,0.9757502273416186
0.7594996459759263,0.9757428744693754
0.759263629926835,0.9757355171367911
0.7590276138777436,0.9757281553398058
0.7590276138777436,0.9760242792109256
0.7587915978286524,0.9760170006071646
0.7585555817795611,0.9760097175827513
0.7583195657304697,0.9760024301336574
0.7580835496813784,0.9759951382558493
0.757847533632287,0.9759878419452888
0.757847533632287,0.9762845849802372
0.7576115175831957,0.9762773722627737
0.7573755015341043,0.9762701551566778
0.757139485485013,0.9762629336579428
0.7569034694359217,0.9762557077625571
0.7566674533868303,0.9762484774665042
0.756431437337739,0.9762412427657631
0.7561954212886476,0.9762340036563071
0.7559594052395563,0.9762267601341055
0.755723389190465,0.9762195121951219
0.7554873731413736,0.9762122598353157
0.7552513570922823,0.9762050030506406
0.7550153410431909,0.9761977418370461
0.7550153410431909,0.9764957264957265
0.7547793249940996,0.9764885496183207
0.7545433089450082,0.9764813683567501
0.7543072928959169,0.9764741827069966
0.7540712768468256,0.9764669926650367
0.7538352607977342,0.9764597982268419
0.7535992447486429,0.9764525993883792
0.7533632286995515,0.9764453961456103
0.7531272126504602,0.976438188494492
0.7528911966013689,0.9764309764309764
0.7526551805522775,0.9764237599510104
0.7526551805522775,0.9767228177641654
0.7524191645031862,0.9767156862745098
0.7521831484540948,0.9767085504137297
0.7519471324050035,0.976701410177805
0.7517111163559123,0.9766942655627108
0.7514751003068209,0.9766871165644172
0.7512390842577296,0.9766799631788893
0.7510030682086382,0.9766728054020871
0.7507670521595469,0.9766656432299662
0.7507670521595469,0.976965601965602
0.7505310361104555,0.9769585253456221
0.7502950200613642,0.9769514443761524
0.7500590040122729,0.9769443590531817
0.7498229879631815,0.9769372693726938
0.7495869719140902,0.9769301753306675
0.7493509558649988,0.9769230769230769
0.7493509558649988,0.9772237611572792
0.7491149398159075,0.9772167487684729
0.7488789237668162,0.9772097320603634
0.7486429077177248,0.9772027110289587
0.7484068916686335,0.9771956856702619
0.7481708756195421,0.9771886559802713
0.7479348595704508,0.9771816219549799
0.7476988435213594,0.9771745835903763
0.7472268114231768,0.9771604938271605
0.7472268114231768,0.977462179685088
0.7469907953740854,0.9774552192711551
0.7467547793249941,0.9774482545566883
0.7467547793249941,0.9777503090234858
0.7465187632759027,0.9777434312210201
0.7462827472268114,0.9777365491651205
0.7460467311777201,0.9777296628518404
0.7458107151286287,0.9777227722772277
0.7455746990795374,0.9777158774373259
0.745338683030446,0.9777089783281734
0.7451026669813547,0.9777020749458036
0.7448666509322633,0.9776951672862454
0.744630634883172,0.9776882553455222
0.7443946188340808,0.9776813391196528
0.7441586027849894,0.9776744186046512
0.7439225867358981,0.9776674937965261
0.7436865706868067,0.9776605646912814
0.7434505546377154,0.9776536312849162
0.7432145385886241,0.9776466935734244
0.7432145385886241,0.9779503105590062
0.7429785225395327,0.9779434607020814
0.7427425064904414,0.9779366065879428
0.7427425064904414,0.9782405968293441
0.74250649044135,0.9782338308457711
0.7422704743922587,0.9782270606531882
0.7420344583431673,0.9782202862476664
0.741798442294076,0.9782135076252724
0.7415624262449847,0.9782067247820673
0.7413264101958933,0.9781999377141077
0.741090394146802,0.9781931464174455
0.7408543780977106,0.9781863508881271
0.7406183620486193,0.9781795511221946
0.740382345999528,0.9781727471156845
0.7401463299504366,0.9781659388646288
0.7399103139013453,0.9781591263650546
0.7396742978522539,0.9781523096129837
0.7396742978522539,0.9784576959100842
0.7394382818031626,0.9784509681449094
0.7392022657540713,0.9784442361761949
0.7389662497049799,0.9784375
0.7387302336558886,0.9784307596123789
0.7384942176067972,0.9784240150093808
0.7382582015577059,0.9784172661870504
0.7380221855086145,0.9784105131414268
0.7377861694595232,0.9784037558685446
0.737550153410432,0.9783969943644333
0.7373141373613405,0.9783902286251175
0.7373141373613405,0.9786967418546366
0.7370781213122493,0.9786900658100909
0.7370781213122493,0.9789968652037617
0.7368421052631579,0.9789902790843524
0.7366060892140666,0.9789836888331243
0.7366060892140666,0.979290869155946
0.7363700731649753,0.9792843691148776
0.7361340571158839,0.9792778649921507
0.7358980410667926,0.9792713567839196
0.7356620250177012,0.9792648444863337
0.7354260089686099,0.9792583280955374
0.7351899929195185,0.9792518076076705
0.7349539768704272,0.9792452830188679
0.7347179608213359,0.9792387543252595
0.7347179608213359,0.9795468848332285
0.7344819447722445,0.9795404469625433
0.7342459287231532,0.9795340050377834
0.7340099126740618,0.9795275590551181
0.7337738966249705,0.979521109010712
0.7335378805758792,0.9795146549007249
0.7333018645267878,0.9795081967213115
0.7330658484776965,0.9795017344686219
0.7328298324286051,0.9794952681388013
0.7325938163795138,0.9794887977279899
0.7323578003304224,0.9794823232323232
0.7321217842813311,0.9794758446479318
0.7318857682322398,0.9794693619709413
0.7316497521831484,0.9794628751974723
0.7314137361340571,0.979456384323641
0.7311777200849657,0.979449889345558
0.7309417040358744,0.9794433902593296
0.7307056879867831,0.9794368870610566
0.7304696719376917,0.9794303797468354
0.7302336558886005,0.9794238683127572
0.729997639839509,0.9794173527549082
0.7297616237904178,0.9794108330693696
0.7295256077413265,0.979404309252218
0.7292895916922351,0.9793977812995246
0.7290535756431438,0.9793912492073558
0.7288175595940524,0.9793847129717729
0.7285815435449611,0.9793781725888325
0.7283455274958697,0.9793716280545859
0.7281095114467784,0.9793650793650793
0.7281095114467784,0.979676087646872
0.7278734953976871,0.9796696315120712
0.7278734953976871,0.9799809342230696
0.7276374793485957,0.9799745708836618
0.7274014632995044,0.9799682034976153
0.727165447250413,0.9799618320610687
0.7269294312013217,0.9799554565701559
0.7269294312013217,0.98026734563972
0.7266934151522304,0.9802610633556192
0.726457399103139,0.9802547770700637
0.7262213830540477,0.980248486779229
0.7259853670049563,0.9802421924792861
0.725749350955865,0.980235894166401
0.7255133349067736,0.9802295918367347
0.7252773188576823,0.9802232854864433
0.725041302808591,0.9802169751116784
0.7248052867594996,0.980210660708586
0.7245692707104083,0.9802043422733078
0.7245692707104083,0.9805174065793676
0.7243332546613169,0.9805111821086262
0.7240972386122256,0.9805049536593161
0.7240972386122256,0.9808184143222506
0.7238612225631343,0.98081228014071
0.7238612225631343,0.9811260396673065
0.7236252065140429,0.98112
0.7233891904649516,0.9811139564660691
0.7233891904649516,0.9814281139929555
0.7231531744158602,0.9814221652786675
0.7226811423176775,0.9814102564102564
0.7224451262685863,0.9814042962487977
0.722209110219495,0.981398332264272
0.7219730941704036,0.9813923644529997
0.7217370781213123,0.9813863928112966
0.7217370781213123,0.981701444622793
0.7215010620722209,0.9816955684007708
0.7210290299740383,0.9816838046272494
0.7207930139249469,0.9816779170684667
0.7205569978758556,0.9816720257234727
0.7203209818267642,0.9816661305886137
0.7200849657776729,0.9816602316602316
0.7198489497285815,0.9816543289346636
0.7196129336794902,0.9816484224082421
0.7193769176303989,0.9816425120772947
0.7191409015813075,0.9816365979381443
0.7189048855322162,0.9816306799871093
0.7186688694831248,0.9816247582205029
0.7186688694831248,0.981941309255079
0.7184328534340335,0.9819354838709677
0.7181968373849422,0.9819296547273314
0.7179608213358508,0.9819238218205294
0.7177248052867595,0.9819179851469164
0.7174887892376681,0.9819121447028424
0.7172527731885768,0.9819063004846527
0.7170167571394855,0.9819004524886877
0.7167807410903941,0.9818946007112835
0.7165447250413028,0.981888745148771
0.7163087089922114,0.9818828857974765
0.7160726929431201,0.9818770226537217
0.7158366768940287,0.9818711557138232
0.7156006608449375,0.9818652849740933
0.7153646447958462,0.981859410430839
0.7151286287467548,0.981853532080363
0.7148926126976635,0.9818476499189627
0.7146565966485721,0.9818417639429312
0.7144205805994808,0.9818358741485566
0.7144205805994808,0.982154445165477
0.7141845645503895,0.982148653034729
0.7139485485012981,0.9821428571428571
0.7134765164031154,0.9821312540610786
0.7132405003540241,0.9821254468638284
0.7130044843049327,0.9821196358907672
0.7127684682558414,0.9821138211382113
0.7125324522067501,0.9821080026024723
0.7122964361576587,0.9821021802798569
0.7120604201085674,0.9820963541666666
0.711824404059476,0.982090524259199
0.7115883880103847,0.9820846905537459
0.7113523719612934,0.982078853046595
0.711116355912202,0.9820730117340287
0.7108803398631107,0.9820671666123247
0.7106443238140193,0.9820613176777561
0.710408307764928,0.9820554649265906
0.7101722917158366,0.9820496083550914
0.7099362756667453,0.9820437479595168
0.709700259617654,0.9820378837361202
0.7094642435685626,0.98203201568115
0.7094642435685626,0.9823529411764705
0.7092282275194713,0.9823471722785224
0.7089922114703799,0.9823413996075867
0.7087561954212886,0.9823356231599607
0.7087561954212886,0.9826570680628273
0.7085201793721974,0.9826513911620295
0.708284163323106,0.9826457105435494
0.7080481472740147,0.982640026203734
0.7078121312249233,0.9826343381389253
0.707576115175832,0.9826286463454605
0.7073400991267407,0.9826229508196721
0.7071040830776493,0.9826172515578878
0.706868067028558,0.9826115485564304
0.7066320509794666,0.982605841811618
0.7063960349303753,0.9826001313197636
0.7061600188812839,0.9825944170771757
0.7059240028321926,0.9825886990801577
0.7056879867831013,0.9825829773250082
0.7054519707340099,0.982577251808021
0.7052159546849186,0.9825715225254851
0.7049799386358272,0.9825657894736842
0.7047439225867359,0.9825600526488977
0.7045079065376446,0.9825543120473996
0.7042718904885532,0.9825485676654593
0.7040358744394619,0.9825428194993412
0.7037998583903705,0.9825370675453048
0.7033278262921878,0.9825255522584899
0.7030918102430965,0.9825197889182058
0.7028557941940052,0.9825140217749917
0.7026197781449138,0.9825082508250825
0.7023837620958225,0.9825024760647079
0.7021477460467311,0.9824966974900925
0.7019117299976398,0.9824909150974562
0.7016757139485486,0.9824851288830139
0.7014396978994571,0.9824793388429752
0.7012036818503659,0.982473544973545
0.7009676658012745,0.9824677472709229
0.7007316497521832,0.9824619457313037
0.7004956337030918,0.9824561403508771
0.7002596176540005,0.9824503311258278
0.7000236016049092,0.9824445180523352
0.6997875855558178,0.9824387011265739
0.6995515695067265,0.9824328803447133
0.6993155534576351,0.9824270557029178
0.6990795374085438,0.9824212271973466
0.6988435213594525,0.982415394824154
0.6986075053103611,0.9824095585794889
0.6983714892612698,0.9824037184594954
0.6981354732121784,0.9823978744603122
0.6978994571630871,0.9823920265780731
0.6976634411139957,0.9823861748089067
0.6974274250649044,0.9823803191489362
0.6971914090158131,0.98237445959428
0.6969553929667217,0.9823685961410512
0.6967193769176304,0.9823627287853577
0.696483360868539,0.9823568575233023
0.6962473448194477,0.9823509823509824
0.6960113287703564,0.9823451032644903
0.695775312721265,0.9823392202599134
0.6955392966721737,0.9823333333333333
0.6953032806230823,0.9823274424808269
0.695067264573991,0.9823215476984657
0.6948312485248997,0.9823156489823156
0.6945952324758083,0.9823097463284379
0.694359216426717,0.9823038397328882
0.6941232003776256,0.9822979291917168
0.6938871843285344,0.9822920147009689
0.693651168279443,0.9822860962566845
0.6934151522303517,0.9822801738548981
0.6934151522303517,0.9826086956521739
0.6931791361812604,0.9826028772164603
0.6931791361812604,0.9829317269076305
0.692943120132169,0.9829260127217945
0.6927071040830777,0.9829202947086403
0.6924710880339863,0.9829145728643216
0.692235071984895,0.9829088471849866
0.6919990559358037,0.9829031176667784
0.6917630398867123,0.9828973843058351
0.691527023837621,0.9828916470982891
0.6912910077885296,0.9828859060402685
0.6910549917394383,0.9828801611278952
0.6908189756903469,0.9828744123572868
0.6905829596412556,0.982868659724555
0.6903469435921643,0.9828629032258065
0.6901109275430729,0.9828571428571429
0.6898749114939816,0.9828513786146604
0.6896388954448902,0.9828456104944501
0.6894028793957989,0.9828398384925976
0.6891668633467076,0.9828340626051835
0.6889308472976162,0.9828282828282828
0.6886948312485249,0.9828224991579656
0.6884588151994335,0.9828167115902965
0.6882227991503422,0.9828109201213346
0.6879867831012508,0.9828051247471342
0.6877507670521595,0.9827993254637437
0.6877507670521595,0.9831309041835358
0.6875147510030682,0.9831252109348633
0.6872787349539768,0.9831195138419987
0.6870427189048856,0.9831138129010469
0.6868067028557941,0.9831081081081081
0.6865706868067029,0.9831023994592768
0.6863346707576116,0.9830966869506423
0.6860986547085202,0.9830909705782888
0.6860986547085202,0.9834235453315291
0.6856266226103375,0.9834123222748815
0.6853906065612462,0.9834067050457163
0.6851545905121549,0.9834010840108401
0.6851545905121549,0.9837343273466621
0.6849185744630635,0.9837288135593221
0.6849185744630635,0.9840623940318752
0.6846825584139722,0.9840569877883311
0.6846825584139722,0.9843909060061079
0.6844465423648808,0.9843856076035302
0.6842105263157895,0.9843803056027165
0.6839745102666981,0.984375
0.6837384942176068,0.9843696907917091
0.6835024781685155,0.9843643779741672
0.6832664621194241,0.9843590615436926
0.6830304460703328,0.9843537414965986
0.6827944300212414,0.9843484178291936
0.6825584139721501,0.9843430905377808
0.6823223979230588,0.9843377596186585
0.6820863818739674,0.9843324250681199
0.6818503658248761,0.9843270868824532
0.6816143497757847,0.9843217450579413
0.6813783337266934,0.9843163995908626
0.681142317677602,0.9843110504774898
0.6809063016285107,0.9843056977140907
0.6806702855794194,0.9843003412969283
0.680434269530328,0.9842949812222601
0.6801982534812367,0.9842896174863388
0.6799622374321453,0.9842842500854116
0.679726221383054,0.9842788790157211
0.6794902053339628,0.9842735042735042
0.6792541892848714,0.9842681258549931
0.6790181732357801,0.9842627437564146
0.6787821571866887,0.9842573579739904
0.6785461411375974,0.984251968503937
0.678310125088506,0.9842465753424657
0.6780741090394147,0.9842411784857829
0.6778380929903234,0.9842357779300891
0.677602076941232,0.9842303736715804
0.6773660608921407,0.9842249657064472
0.6771300448430493,0.9842195540308748
0.676894028793958,0.9842141386410432
0.6766580127448667,0.9842087195331274
0.6764219966957753,0.9842032967032966
0.676185980646684,0.9841978701477155
0.6759499645975926,0.9841924398625429
0.6757139485485013,0.9841870058439326
0.6754779324994099,0.984181568088033
0.6752419164503186,0.9841761265909873
0.6750059004012273,0.9841706813489333
0.6747698843521359,0.9841652323580035
0.6745338683030446,0.9841597796143251
0.6742978522539532,0.98415432311402
0.6740618362048619,0.9841488628532047
0.6738258201557706,0.9841433988279904
0.6735898041066792,0.9841379310344828
0.6733537880575879,0.9841324594687824
0.6731177720084965,0.9841269841269841
0.6728817559594052,0.9841215050051778
0.672645739910314,0.9841160220994475
0.6724097238612226,0.9841105354058722
0.6721737078121313,0.9841050449205252
0.6719376917630399,0.9840995506394746
0.6717016757139486,0.9840940525587828
0.6714656596648572,0.9840885506745071
0.6712296436157659,0.9840830449826989
0.6709936275666746,0.9840775354794047
0.6709936275666746,0.9844182825484764
0.6707576115175832,0.9844128853481122
0.6705215954684919,0.9844074844074844
0.6702855794194005,0.9844020797227037
0.6700495633703092,0.9843966712898752
0.6698135473212179,0.9843912591050988
0.6698135473212179,0.9847328244274809
0.6695775312721265,0.9847275251648733
0.6693415152230352,0.9847222222222223
0.6691054991739438,0.984716915595693
0.6688694831248525,0.9847116052814454
0.6686334670757611,0.9847062912756344
0.6683974510266698,0.9847009735744089
0.6681614349775785,0.9846956521739131
0.6679254189284871,0.9846903270702854
0.6676894028793958,0.9846849982596589
0.6674533868303044,0.9846796657381616
0.6672173707812131,0.9846743295019157
0.6669813547321218,0.9846689895470383
0.6667453386830304,0.984663645869641
0.6665093226339391,0.9846582984658299
0.6662733065848477,0.9846529473317056
0.6660372905357564,0.9846475924633635
0.665801274486665,0.9846422338568935
0.6655652584375737,0.9846368715083799
0.6653292423884825,0.9846315054139015
0.665093226339391,0.9846261355695318
0.6648572102902998,0.9846207619713387
0.6646211942412084,0.9846153846153847
0.6643851781921171,0.9846100034977264
0.6641491621430258,0.9846046186144157
0.6639131460939344,0.9845992299614981
0.6636771300448431,0.9845938375350141
0.6634411139957517,0.9845884413309982
0.6632050979466604,0.98458304134548
0.662969081897569,0.984577637574483
0.6627330658484777,0.9845722300140253
0.6624970497993864,0.9845668186601193
0.662261033750295,0.984561403508772
0.662261033750295,0.9849069849069849
0.6620250177012037,0.9849016853932584
0.6617890016521123,0.9848963821566561
0.661552985603021,0.9848910751932537
0.6613169695539297,0.9848857644991212
0.6610809535048383,0.9848804500703235
0.660844937455747,0.9848751319029194
0.6606089214066556,0.9848698099929627
0.6603729053575643,0.9848644843365012
0.660136889308473,0.9848591549295774
0.6599008732593816,0.9848538217682282
0.6599008732593816,0.985200845665962
0.6596648572102903,0.9851956291857596
0.6594288411611989,0.9851904090267983
0.6591928251121076,0.9851851851851852
0.6589568090630162,0.9851799576570219
0.6587207930139249,0.9855225988700564
0.6584847769648337,0.9855174849876369
0.6582487609157422,0.9855123674911661
0.658012744866651,0.9855072463768116
0.6577767288175596,0.9855021216407355
0.6575407127684683,0.9854969932790945
0.6575407127684683,0.9858457183297947
0.657304696719377,0.9858407079646018
0.657304696719377,0.9861898016997167
0.6570686806702856,0.9861849096705633
0.6568326646211943,0.9861800141743444
0.6565966485721029,0.9861751152073732
0.6563606325230116,0.9861702127659574
0.6561246164739202,0.9861653068463995
0.6558886004248289,0.9861603974449965
0.6556525843757376,0.9861554845580405
0.6554165683266462,0.9861505681818182
0.6551805522775549,0.986145648312611
0.6549445362284635,0.9861407249466951
0.6547085201793722,0.9861357980803412
0.6544725041302809,0.9861308677098151
0.6542364880811895,0.9861259338313767
0.6540004720320982,0.9861209964412812
0.6540004720320982,0.9864720541117835
0.6537644559830068,0.9864672364672364
0.6535284399339155,0.9864624153900962
0.6532924238848241,0.9864575908766928
0.6530564078357328,0.9864527629233512
0.6528203917866415,0.9864479315263909
0.6525843757375501,0.9864430966821263
0.6523483596884588,0.9864382583868665
0.6521123436393674,0.9864334166369154
0.6518763275902761,0.9864285714285714
0.6516403115411848,0.986423722758128
0.6514042954920934,0.9864188706218727
0.6511682794430022,0.9864140150160887
0.6509322633939107,0.9864091559370529
0.6506962473448195,0.9864042933810375
0.6504602312957282,0.9863994273443092
0.6502242152466368,0.9863945578231292
0.6499881991975455,0.9863896848137536
0.6497521831484541,0.9863848083124328
0.6495161670993628,0.9863799283154122
0.6492801510502714,0.9863750448189316
0.6490441350011801,0.9863701578192252
0.6490441350011801,0.986724076067456
0.6488081189520888,0.9867193108399138
0.6483360868539061,0.9867097701149425
0.6481000708048147,0.986704994610133
0.6478640547557234,0.9867002156721782
0.6476280387066321,0.9866954332973751
0.6473920226575407,0.9866906474820144
0.6471560066084494,0.9866858582223822
0.6471560066084494,0.9870410367170627
0.646919990559358,0.9870363701836514
0.6466839745102667,0.9870317002881844
0.6464479584611753,0.987027027027027
0.646211942412084,0.9870223503965393
0.6459759263629927,0.9870176703930761
0.6457399103139013,0.987012987012987
0.64550389426481,0.9870083002526164
0.6452678782157186,0.9870036101083033
0.6450318621666273,0.9869989165763814
0.644795846117536,0.9869942196531792
0.6445598300684446,0.9869895193350199
0.6443238140193533,0.9869848156182213
0.6440877979702619,0.9869801084990958
0.6438517819211707,0.9869753979739508
0.6436157658720792,0.9869706840390879
0.643379749822988,0.9869659666908037
0.6431437337738967,0.9869612459253894
0.6429077177248053,0.9869565217391304
0.642671701675714,0.9869517941283074
0.6424356856266226,0.9869470630891951
0.6424356856266226,0.9873050417120058
0.6421996695775313,0.987300435413643
0.64196365352844,0.9872958257713249
0.6417276374793486,0.9872912127814089
0.6414916214302573,0.987286596440247
0.6412556053811659,0.987281976744186
0.6410195893320746,0.9872773536895675
0.6407835732829832,0.9872727272727273
0.6407835732829832,0.9876318661331394
0.6405475572338919,0.987627365356623
0.6405475572338919,0.9879868947943211
0.6403115411848006,0.9879825200291333
0.6403115411848006,0.9883424408014572
0.6400755251357092,0.9883381924198251
0.6398395090866179,0.988333940940576
0.6396034930375265,0.9883296863603209
0.6393674769884352,0.9883254286756659
0.6391314609393439,0.9883211678832117
0.6388954448902525,0.9883169039795546
0.6386594288411612,0.9883126369612856
0.6384234127920698,0.9883083668249909
0.6381873967429785,0.9883040935672515
0.6379513806938872,0.9882998171846435
0.6379513806938872,0.9886613021214338
0.6377153646447958,0.9886571533113795
0.6374793485957045,0.9886530014641288
0.6372433325466131,0.9886488465763457
0.6370073164975218,0.9886446886446887
0.6367713004484304,0.9886405276658117
0.6365352843993392,0.9886363636363636
0.6362992683502479,0.9886321965529886
0.6360632523011565,0.9886280264123257
0.6358272362520652,0.9886238532110092
0.6355912202029738,0.9886196769456681
0.6353552041538825,0.9886154976129269
0.6351191881047912,0.9886113152094048
0.6348831720556998,0.9886071297317163
0.6346471560066085,0.9886029411764706
0.6344111399575171,0.9885987495402722
0.6341751239084258,0.9885945548197204
0.6339391078593344,0.9885903570114096
0.6337030918102431,0.9885861561119293
0.6334670757611518,0.9885819521178637
0.6332310597120604,0.9885777450257922
0.6329950436629691,0.9885735348322889
0.6327590276138777,0.9885693215339233
0.6325230115647864,0.9885651051272594
0.6320509794666037,0.9885566629752677
0.6318149634175124,0.9885524372230429
0.631578947368421,0.9885482083487255
0.6313429313193297,0.9885439763488544
0.6311069152702383,0.988539741219963
0.630870899221147,0.9885355029585798
0.6306348831720557,0.9885312615612283
0.6303988671229643,0.9885270170244264
0.630162851073873,0.9885227693446872
0.6299268350247816,0.9885185185185185
0.6296908189756903,0.9885142645424231
0.629454802926599,0.9885100074128984
0.6292187868775077,0.9885057471264368
0.6289827708284164,0.9885014836795252
0.628746754779325,0.9884972170686457
0.6285107387302337,0.9884929472902747
0.6282747226811424,0.9884886743408837
0.628038706632051,0.9884843982169391
0.6278026905829597,0.9884801189149015
0.6275666745338683,0.9884758364312267
0.627330658484777,0.9884715507623651
0.6270946424356856,0.9884672619047619
0.6268586263865943,0.9884629698548567
0.626622610337503,0.9884586746090841
0.6263865942884116,0.9884543761638733
0.6261505782393203,0.9884500745156483
0.6259145621902289,0.9884457696608274
0.6256785461411376,0.988441461595824
0.6254425300920463,0.9884371503170459
0.6252065140429549,0.9884328358208955
0.6247344819447722,0.9884241971620612
0.6244984658956809,0.9884198729921554
0.6242624498465895,0.9884155455904334
0.6240264337974982,0.988411214953271
0.6237904177484069,0.9884068810770381
0.6235544016993155,0.9884025439580996
0.6233183856502242,0.9883982035928144
0.6233183856502242,0.9887682515911643
0.6230823696011328,0.9887640449438202
0.6228463535520415,0.9891304347826086
0.6226103375029503,0.9891263592050994
0.6223743214538588,0.9891222805701425
0.6221383054047676,0.9891181988742964
0.6219022893556762,0.9891141141141141
0.6214302572574935,0.9891059353869271
0.6211942412084022,0.9891018414130026
0.6209582251593109,0.9890977443609023
0.6207222091102195,0.9890936442271531
0.6204861930611282,0.989089541008277
0.6202501770120368,0.9890854347007904
0.6200141609629455,0.9890813253012049
0.6197781449138542,0.9890772128060263
0.6195421288647628,0.9890730972117558
0.6193061128156715,0.9890689785148888
0.6190700967665801,0.9890648567119156
0.6188340807174888,0.989060731799321
0.6185980646683974,0.989056603773585
0.6183620486193061,0.9890524726311816
0.6181260325702148,0.9890483383685801
0.6178900165211234,0.9890442009822441
0.6176540004720321,0.9890400604686319
0.6174179844229407,0.9890359168241966
0.6171819683738494,0.9890317700453858
0.6169459523247581,0.9890276201286416
0.6167099362756667,0.9890234670704012
0.6164739202265754,0.9890193108670958
0.616237904177484,0.9890151515151515
0.6160018881283927,0.989010989010989
0.6157658720793014,0.9890068233510235
0.61552985603021,0.9890026545316648
0.6152938399811188,0.9889984825493171
0.6150578239320273,0.9889943074003795
0.6148218078829361,0.9889901290812453
0.6145857918338447,0.9889859475883023
0.6143497757847534,0.9889817629179332
0.6141137597356621,0.9889775750665146
0.6138777436865707,0.9889733840304182
0.6136417276374794,0.9889691898060099
0.613405711588388,0.98896499238965
0.6131696955392967,0.9889607917776931
0.6129336794902054,0.988956587966489
0.612697663441114,0.9889523809523809
0.6124616473920227,0.9889481707317073
0.61198961529384,0.9889397406559878
0.6117535992447486,0.9889355207935903
0.6115175831956573,0.9889312977099237
0.611281567146566,0.9889270714012982
0.6110455510974746,0.9889228418640184
0.6105735189992919,0.988914373088685
0.6105735189992919,0.9892925430210325
0.6105735189992919,0.9896710022953328
0.6103375029502006,0.9896670493685419
0.6101014869011093,0.9896630934150077
0.6098654708520179,0.9896591344312524
0.6096294548029266,0.9896551724137931
0.6093934387538352,0.9896512073591415
0.6091574227047439,0.9896472392638037
0.6089214066556525,0.9896432681242808
0.6086853906065612,0.9896392939370683
0.60844937455747,0.9896353166986565
0.6082133585083785,0.9896313364055299
0.6079773424592873,0.9896273530541683
0.6077413264101958,0.9896233666410453
0.6075053103611046,0.9896193771626297
0.6072692943120133,0.9896153846153846
0.6070332782629219,0.9896113889957676
0.6067972622138306,0.9896073903002309
0.6065612461647392,0.9896033885252215
0.6063252301156479,0.9895993836671803
0.6060892140665566,0.9895953757225433
0.6060892140665566,0.9899768696993061
0.6058531980174652,0.9899730042421905
0.6056171819683739,0.9899691358024691
0.6053811659192825,0.9899652643766885
0.6051451498701912,0.9899613899613899
0.6049091338210998,0.9899575125531093
0.6046731177720085,0.9899536321483772
0.6044371017229172,0.9899497487437185
0.6042010856738258,0.9899458623356535
0.6039650696247345,0.9899419729206963
0.6037290535756431,0.989938080495356
0.6034930375265518,0.9899341850561363
0.6032570214774605,0.9899302865995352
0.6030210054283691,0.9899263851220457
0.6027849893792778,0.9899224806201551
0.6025489733301864,0.9899185730903451
0.6023129572810951,0.9899146625290923
0.6020769412320037,0.9899107489328677
0.6018409251829124,0.9899068322981367
0.6016049091338211,0.9899029126213592
0.6013688930847297,0.98989898989899
0.6011328770356384,0.9898950641274776
0.6006608449374558,0.9898872034227927
0.6004248288883645,0.9898832684824903
0.6001888128392731,0.9898793304787855
0.5999527967901818,0.9898753894080997
0.5999527967901818,0.9902610050642774
0.5997167807410904,0.990257209664848
0.5994807646919991,0.9902534113060428
0.5990087325938164,0.9902458056964495
0.5987727165447251,0.9902419984387197
0.5985367004956337,0.9902381882077314
0.5985367004956337,0.990625
0.5983006844465424,0.9906213364595545
0.598064668397451,0.9906176700547302
0.5978286523483597,0.9906140007821665
0.5975926362992684,0.9906103286384976
0.597356620250177,0.9906066536203523
0.5971206042010857,0.990602975724354
0.5968845881519943,0.9905992949471211
0.596648572102903,0.9905956112852664
0.5961765400047203,0.9905882352941177
0.595940523955629,0.9905845429580228
0.5957045079065376,0.9905808477237049
0.5954684918574463,0.9905771495877503
0.5952324758083549,0.99057344854674
0.5949964597592636,0.9905697445972496
0.5947604437101723,0.9905660377358491
0.5945244276610809,0.9905623279591034
0.5942884116119896,0.990558615263572
0.5940523955628982,0.9905548996458088
0.593816379513807,0.9905511811023622
0.5935803634647157,0.9905474596297755
0.5933443474156243,0.9905437352245863
0.593108331366533,0.9905400078833267
0.5928723153174416,0.9905362776025236
0.5926362992683503,0.9905325443786982
0.5924002832192589,0.9905288082083662
0.5921642671701676,0.990525069088038
0.5919282511210763,0.990521327014218
0.5916922350719849,0.9905175819834058
0.5914562190228936,0.9905138339920949
0.5912202029738022,0.9905100830367735
0.5909841869247109,0.990506329113924
0.5907481708756196,0.9905025722200237
0.5905121548265282,0.9904988123515439
0.5902761387774369,0.9904950495049505
0.5900401227283455,0.9904912836767037
0.5898041066792542,0.990487514863258
0.5895680906301628,0.9904837430610627
0.5893320745810715,0.9904799682665609
0.5890960585319802,0.9904761904761905
0.5888600424828888,0.9904724096863835
0.5886240264337975,0.9904686258935663
0.5883880103847061,0.9904648390941597
0.5881519943356148,0.9904610492845787
0.5879159782865235,0.9904572564612326
0.5876799622374321,0.9904534606205251
0.5874439461883408,0.990449661758854
0.5872079301392494,0.9904458598726115
0.5872079301392494,0.9908403026682596
0.5869719140901581,0.9908366533864542
0.5867358980410667,0.9908330011956955
0.5864998819919754,0.990829346092504
0.5862638659428842,0.9908256880733946
0.5860278498937928,0.9908220271348763
0.5855558177956101,0.990814696485623
0.5853198017465188,0.9908110267678786
0.5850837856974275,0.9908073541167066
0.5848477696483361,0.9908036785285885
0.5846117535992448,0.9908
0.5843757375501534,0.990796318527411
0.5841397215010621,0.9907926341072858
0.5839037054519708,0.9907889467360833
0.5836676894028794,0.9907852564102564
0.5834316733537881,0.9907815631262525
0.5831956573046967,0.9907778668805133
0.5829596412556054,0.9907741676694746
0.582723625206514,0.9907704654895666
0.5824876091574227,0.990766760337214
0.5822515931083314,0.9907630522088353
0.58201557705924,0.9907593411008437
0.5817795610101487,0.9907556270096463
0.5815435449610573,0.9907519099316445
0.581307528911966,0.9907481898632341
0.5810715128628747,0.9907444668008049
0.5808354968137833,0.9907407407407407
0.580599480764692,0.9907370116794201
0.5803634647156006,0.9907332796132151
0.5798914326174179,0.9907258064516129
0.5796554165683266,0.990722065348931
0.5796554165683266,0.9911218724778047
0.579183384470144,0.9911147011308562
0.5789473684210527,0.9911111111111112
0.5787113523719613,0.9911075181891673
0.57847533632287,0.9911039223615042
0.5782393202737787,0.9911003236245954
0.5780033042246873,0.991096721974909
0.577767288175596,0.9910931174089069
0.5775312721265046,0.9910895099230458
0.5772952560774133,0.9910858995137763
0.5770592400283219,0.9910822861775436
0.5768232239792306,0.9910786699107867
0.5765872079301393,0.9910750507099392
0.5763511918810479,0.9910714285714286
0.5761151758319566,0.9910678034916768
0.5758791597828652,0.9910641754670999
0.5756431437337739,0.9910605444941081
0.5754071276846826,0.9910569105691057
0.5751711116355912,0.9910532736884913
0.5749350955864999,0.9910496338486574
0.5746990795374085,0.991045991045991
0.5744630634883172,0.991042345276873
0.5742270474392258,0.9910386965376782
0.5739910313901345,0.9910350448247759
0.5737550153410432,0.9910313901345291
0.5735189992919518,0.9910277324632952
0.5732829832428605,0.9910240718074256
0.5730469671937691,0.9910204081632653
0.5728109511446778,0.9910167415271539
0.5728109511446778,0.991421568627451
0.5725749350955865,0.9914180629342052
0.5723389190464951,0.991414554374489
0.5721029029974039,0.9914110429447853
0.5718668869483124,0.9914075286415712
0.5716308708992212,0.9914040114613181
0.5713948548501299,0.9914004914004914
0.5711588388010385,0.991396968455551
0.5706868067028558,0.991389913899139
0.5704507906537645,0.9913863822805579
0.5702147746046731,0.9913828477636438
0.5699787585555818,0.9913793103448276
0.5699787585555818,0.9917864476386037
0.5697427425064905,0.9917830731306492
0.5695067264573991,0.9917796958487464
0.5692707104083078,0.9917763157894737
0.5690346943592164,0.9917729329494035
0.5685626622610338,0.991766158913133
0.5683266462119424,0.9917627677100495
0.5680906301628511,0.9917593737124022
0.5680906301628511,0.9921681780708986
0.5678546141137597,0.9921649484536083
0.5676185980646684,0.9921617161716172
0.567382582015577,0.9921584812216261
0.5671465659664857,0.9921552436003304
0.5669105499173944,0.9921520033044197
0.566674533868303,0.9921487603305785
0.5664385178192117,0.9921455146754857
0.5662025017701203,0.9921422663358147
0.565966485721029,0.9921390153082333
0.5657304696719377,0.992135761589404
0.5654944536228463,0.9921325051759834
0.565258437573755,0.992129246064623
0.5650224215246636,0.9921259842519685
0.5647864054755724,0.99212271973466
0.564550389426481,0.9921194525093322
0.564550389426481,0.9925311203319502
0.5643143733773897,0.9925280199252802
0.5640783573282984,0.9925249169435216
0.563842341279207,0.9925218113834648
0.5636063252301157,0.9925187032418953
0.5633703091810243,0.9925155925155925
0.563134293131933,0.9925124792013311
0.5628982770828417,0.9925093632958801
0.5626622610337503,0.9925062447960034
0.562426244984659,0.9925031236984589
0.5621902289355676,0.9925
0.5619542128864763,0.9924968736973739
0.561718196837385,0.9924937447873228
0.5614821807882936,0.9924906132665833
0.5612461647392023,0.9924874791318865
0.5610101486901109,0.9924843423799582
0.5607741326410196,0.9924812030075187
0.5605381165919282,0.9924780610112829
0.5603021005428369,0.9924749163879598
0.5600660844937456,0.9924717691342535
0.5600660844937456,0.992887029288703
0.5598300684446542,0.9928840519045625
0.5595940523955629,0.9928810720268006
0.5593580363464715,0.9928780896522832
0.5591220202973802,0.9928751047778709
0.5588860042482889,0.9928721174004193
0.5586499881991975,0.9928691275167785
0.5584139721501062,0.9928661351237935
0.5581779561010148,0.9928631402183039
0.5579419400519235,0.9928601427971441
0.5577059240028321,0.9928571428571429
0.5574699079537409,0.992854140395124
0.5572338919046496,0.9928511354079058
0.5569978758555582,0.9928481278923013
0.5567618598064669,0.9928451178451179
0.5565258437573755,0.9928421052631579
0.5562898277082842,0.9928390901432183
0.5560538116591929,0.9928360724820902
0.5558177956101015,0.9928330522765598
0.5555817795610102,0.9928300295234078
0.5553457635119188,0.9928270042194093
0.5551097474628275,0.9928239763613339
0.5548737314137361,0.9928209459459459
0.5546377153646448,0.9928179129700042
0.5544016993155535,0.9928148774302621
0.5541656832664621,0.9928118393234673
0.5539296672173708,0.9928087986463621
0.5536936511682794,0.9928057553956835
0.5534576351191881,0.9928027095681625
0.5532216190700968,0.9927996611605252
0.5529856030210054,0.9927966101694915
0.5527495869719141,0.9927935565917761
0.5525135709228227,0.9927905004240882
0.5522775548737314,0.9927874416631312
0.55204153882464,0.9927843803056027
0.5518055227755487,0.9927813163481953
0.5515695067264574,0.9927782497875955
0.551333490677366,0.9927751806204845
0.5510974746282747,0.9927721088435374
0.5508614585791833,0.9927690344534241
0.550625442530092,0.9927659574468085
0.5503894264810008,0.9927628778203491
0.5501534104319094,0.9927597955706985
0.5499173943828181,0.9927567106945037
0.5496813783337267,0.9927536231884058
0.5494453622846354,0.9927505330490405
0.5492093462355441,0.9927474402730375
0.5489733301864527,0.9927443448570209
0.5487373141373614,0.9927412467976089
0.54850129808827,0.992738146091414
0.5482652820391787,0.9927350427350428
0.5480292659900873,0.9927319367250962
0.547793249940996,0.9927288280581694
0.5475572338919047,0.9927257167308515
0.5473212178428133,0.992722602739726
0.547085201793722,0.9927194860813704
0.5468491857446306,0.9927163667523564
0.5466131696955393,0.9927132447492499
0.546377153646448,0.9927101200686106
0.5461411375973566,0.9927069927069927
0.5459051215482653,0.9927038626609442
0.5456691054991739,0.9927007299270073
0.5454330894500826,0.9926975945017182
0.5451970734009912,0.9926944563816072
0.5449610573518999,0.9926913155631987
0.5447250413028086,0.9926881720430107
0.5444890252537172,0.9926850258175559
0.5440169931555345,0.9926787252368647
0.5437809771064432,0.992675570874623
0.543544961057352,0.9926724137931034
0.5433089450082605,0.9926692539887882
0.5430729289591693,0.9926660914581535
0.5428369129100779,0.9926629261976694
0.5426008968609866,0.9926597582037997
0.5423648808118952,0.9926565874730021
0.5421288647628039,0.9926534140017286
0.5418928487137126,0.9926502377864246
0.5416568326646212,0.9926470588235294
0.5414208166155299,0.9926438771094764
0.5411848005664385,0.9926406926406927
0.5411848005664385,0.9930705933304461
0.5409487845173472,0.9930675909878682
0.5407127684682559,0.9930645860424794
0.5404767524191645,0.9930615784908933
0.5402407363700732,0.993058568329718
0.5400047203209818,0.9930555555555556
0.5397687042718905,0.9930525401650022
0.5395326882227991,0.9930495221546481
0.5392966721737078,0.9930465015210778
0.5390606561246165,0.9930434782608696
0.5388246400755251,0.9930404523705959
0.5385886240264338,0.9930374238468234
0.5385886240264338,0.9934697431432303
0.5383526079773424,0.9934668989547039
0.5381165919282511,0.9934640522875817
0.5378805758791598,0.9934612031386225
0.5376445598300684,0.9934583515045792
0.5374085437809771,0.993455497382199
0.5371725277318857,0.9934526407682235
0.5369365116827944,0.9934497816593887
0.5367004956337031,0.9934469200524246
0.5364644795846117,0.9934440559440559
0.5362284635355204,0.9934411893310013
0.535992447486429,0.9934383202099738
0.5357564314373378,0.9934354485776805
0.5355204153882464,0.9934325744308231
0.5352843993391551,0.9934296977660972
0.5350483832900638,0.9934268185801928
0.5348123672409724,0.9934239368697939
0.5345763511918811,0.993421052631579
0.5343403351427897,0.9934181658622203
0.5341043190936984,0.9934152765583846
0.5338683030446071,0.9934123847167325
0.5336322869955157,0.9934094903339191
0.5333962709464244,0.9934065934065934
0.533160254897333,0.9934036939313984
0.5329242388482417,0.9934007919049714
0.5326882227991503,0.9938353148392779
0.532452206750059,0.9938325991189427
0.5322161907009677,0.9938298810048479
0.5319801746518763,0.9938271604938271
0.531744158602785,0.9938244375827084
0.5315081425536936,0.9938217122683142
0.5312721265046023,0.9938189845474613
0.531036110455511,0.9938162544169611
0.5308000944064196,0.993813521873619
0.5305640783573283,0.9938107869142352
0.5303280623082369,0.9938080495356038
0.5300920462591456,0.9938053097345133
0.5298560302100542,0.9938025675077468
0.5296200141609629,0.9937998228520815
0.5293839981118716,0.9937970757642889
0.5291479820627802,0.9937943262411347
0.528911966013689,0.9937915742793791
0.5286759499645975,0.9937888198757764
0.5284399339155063,0.9937860630270751
0.528203917866415,0.9937833037300178
0.5279679018173236,0.9937805419813416
0.5277318857682323,0.9937777777777778
0.5274958697191409,0.9937750111160516
0.5272598536700496,0.9937722419928826
0.5270238376209583,0.9937694704049844
0.5267878215718669,0.993766696349065
0.5265518055227756,0.9937639198218263
0.5263157894736842,0.9937611408199644
0.5260797734245929,0.9937583593401694
0.5258437573755015,0.9937555753791257
0.5256077413264102,0.9937527889335118
0.5253717252773189,0.99375
0.5251357092282275,0.9937472085752568
0.5248996931791362,0.9937444146559428
0.5246636771300448,0.9937416182387125
0.5244276610809535,0.9937388193202147
0.5241916450318622,0.9937360178970918
0.5239556289827708,0.9937332139659804
0.5237196129336795,0.9937304075235109
0.5234835968845881,0.9937275985663082
0.5232475808354968,0.9937247870909905
0.5230115647864054,0.9937219730941704
0.5227755487373141,0.993719156572454
0.5225395326882228,0.9937163375224417
0.5223035166391314,0.9937135159407274
0.5220675005900401,0.9937106918238994
0.5218314845409487,0.9937078651685394
0.5215954684918575,0.9937050359712231
0.5215954684918575,0.9941520467836257
0.5213594524427662,0.9941494149414941
0.5211234363936748,0.9941467807294012
0.5208874203445835,0.9941441441441441
0.5206514042954921,0.9941415051825147
0.5204153882464008,0.9941388638412985
0.5201793721973094,0.9941362201172756
0.5199433561482181,0.9941335740072202
0.5197073400991268,0.9941309255079007
0.5194713240500354,0.9941282746160794
0.5192353080009441,0.9941256213285133
0.5189992919518527,0.994122965641953
0.5187632759027614,0.9941203075531434
0.5185272598536701,0.9941176470588236
0.5182912438045787,0.9941149841557265
0.5180552277554874,0.9941123188405797
0.517819211706396,0.9941096511101042
0.5175831956573047,0.9941069809610155
0.5173471796082133,0.9941043083900227
0.517111163559122,0.9941016333938294
0.5168751475100307,0.994098955969133
0.5166391314609393,0.9940962761126249
0.516403115411848,0.9940935938209905
0.5161670993627566,0.9940909090909091
0.5159310833136653,0.9940882219190541
0.515695067264574,0.9940855323020928
0.5154590512154826,0.9940828402366864
0.5152230351663913,0.99408014571949
0.5149870191172999,0.9940774487471526
0.5147510030682086,0.9940747493163172
0.5145149870191174,0.9940720474236207
0.514278970970026,0.9940693430656934
0.5140429549209347,0.9940666362391603
0.5138069388718433,0.9940639269406393
0.513570922822752,0.9940612151667428
0.5133349067736606,0.9940585009140768
0.5130988907245693,0.994055784179241
0.512862874675478,0.994053064958829
0.5126268586263866,0.9940503432494279
0.5123908425772953,0.9940476190476191
0.5121548265282039,0.9940448923499771
0.5119188104791126,0.9940421631530706
0.5116827944300213,0.9940394314534617
0.5114467783809299,0.9940366972477064
0.5112107623318386,0.9940339605323543
0.5109747462827472,0.9940312213039486
0.5107387302336559,0.9940284795590262
0.5105027141845645,0.9940257352941176
0.5102666981354732,0.9940229885057471
0.5100306820863819,0.9940202391904324
0.5097946660372905,0.9940174873446848
0.5095586499881992,0.9940147329650092
0.5093226339391078,0.9940119760479041
0.5090866178900165,0.9940092165898617
0.5088506018409252,0.9940064545873675
0.5086145857918338,0.9940036900369004
0.5083785697427425,0.9940009229349331
0.5081425536936511,0.9939981532779316
0.5079065376445598,0.9939953810623556
0.5076705215954684,0.993992606284658
0.5074345055463771,0.9939898289412853
0.5071984894972859,0.9939870490286772
0.5069624734481945,0.993984266543267
0.5067264573991032,0.9939814814814815
0.5064904413500118,0.9939786938397406
0.5062544253009205,0.9939759036144579
0.5060184092518292,0.9939731108020399
0.5057823932027378,0.9939703153988868
0.5055463771536465,0.9939675174013921
0.5053103611045551,0.9939647168059424
0.5050743450554638,0.9939619136089178
0.5048383290063725,0.9939591078066915
0.5046023129572811,0.9939562993956299
0.5043662969081898,0.9939534883720931
0.5041302808590984,0.9939506747324337
0.5038942648100071,0.9939478584729982
0.5036582487609157,0.9939450395901258
0.5034222327118244,0.9939422180801492
0.5031862166627331,0.9939393939393939
0.5031862166627331,0.9944029850746269
0.5029502006136417,0.9944003733084461
0.5027141845645504,0.9943977591036415
0.502478168515459,0.9943951424567959
0.5022421524663677,0.994392523364486
0.5020061364172764,0.9943899018232819
0.501770120368185,0.9943872778297475
0.5015341043190937,0.9943846513804399
0.5012980882700023,0.9943820224719101
0.501062072220911,0.9943793911007026
0.5008260561718196,0.9943767572633552
0.5005900401227283,0.9943741209563994
0.500354024073637,0.9943714821763602
0.5001180080245456,0.994368840919756
0.49988199197545435,0.9943661971830986
0.499645975926363,0.9943635509628934
0.49940995987727166,0.9943609022556391
0.4991739438281803,0.9943582510578279
0.49893792777908896,0.9943555973659455
0.4987019117299976,0.9943529411764706
0.4984658956809063,0.9943502824858758
0.498229879631815,0.9943476212906265
0.49799386358272363,0.9943449575871819
0.4977578475336323,0.9943422913719944
0.49752183148454093,0.9943396226415094
0.4972858154354496,0.9943369513921662
0.4970497993863583,0.9943342776203966
0.49681378333726695,0.9943316013226263
0.4965777672881756,0.994328922495274
0.49634175123908425,0.9943262411347518
0.4961057351899929,0.9943235572374646
0.49586971914090155,0.9943208707998107
0.49563370309181026,0.9943181818181818
0.4953976870427189,0.9943154902889626
0.49516167099362757,0.9943127962085309
0.4949256549445362,0.9943100995732574
0.49468963889544487,0.9943074003795066
0.4944536228463535,0.9943046986236355
0.49421760679726223,0.9943019943019943
0.4939815907481709,0.9942992874109263
0.49374557469907954,0.9942965779467681
0.4935095586499882,0.9942938659058488
0.49327354260089684,0.994291151284491
0.49303752655180555,0.99428843407901
0.4928015105027142,0.9942857142857143
0.49256549445362285,0.9942829919009052
0.4923294784045315,0.994280266920877
0.49209346235544016,0.994277539341917
0.4918574463063488,0.9942748091603053
0.4916214302572575,0.9942720763723151
0.49138541420816617,0.994269340974212
0.4911493981590748,0.9942666029622551
0.4909133821099835,0.994263862332696
0.49067736606089213,0.994261119081779
0.4904413500118008,0.9942583732057416
0.4902053339627095,0.9942556247008137
0.48996931791361814,0.9942528735632183
0.4897333018645268,0.9942501197891711
0.48949728581543545,0.9942473633748802
0.4892612697663441,0.9942446043165467
0.48902525371725275,0.9942418426103646
0.48878923766816146,0.9942390782525204
0.4885532216190701,0.9942363112391931
0.48831720556997876,0.9942335415665545
0.4880811895208874,0.9942307692307693
0.48784517347179607,0.9942279942279942
0.4876091574227047,0.9942252165543792
0.4873731413736134,0.9942224362060664
0.4871371253245221,0.9942196531791907
0.48690110927543073,0.9942168674698795
0.4866650932263394,0.9942140790742526
0.48642907717724804,0.9942112879884226
0.4861930611281567,0.9942084942084942
0.4859570450790654,0.994205697730565
0.48572102902997405,0.9942028985507246
0.4854850129808827,0.9942000966650556
0.48524899693179135,0.9941972920696325
0.4850129808827,0.9941944847605225
0.48477696483360866,0.9941916747337851
0.48454094878451737,0.9941888619854722
0.484304932735426,0.9941860465116279
0.48406891668633467,0.9941832283082889
0.4838329006372433,0.9941804073714839
0.4838329006372433,0.9946627850557982
0.483596884588152,0.9946601941747573
0.48336086853906063,0.9946576007770762
0.48312485248996934,0.9946550048590865
0.482888836440878,0.9946524064171123
0.48265282039178664,0.9946498054474708
0.4824168043426953,0.994647201946472
0.48218078829360395,0.9946445959104186
0.48194477224451265,0.9946419873356064
0.4817087561954213,0.9946393762183235
0.48147274014632996,0.9946367625548513
0.4812367240972386,0.9946341463414634
0.48100070804814726,0.9946315275744265
0.4807646919990559,0.99462890625
0.4805286759499646,0.9946262823644357
0.4802926599008733,0.9946236559139785
0.48005664385178193,0.9946210268948655
0.47958461175359923,0.9946157611355849
0.47958461175359923,0.9951028403525954
0.4793485957045079,0.9951004409603136
0.4791125796554166,0.9950980392156863
0.47887656360632525,0.9950956351152526
0.4786405475572339,0.9950932286555446
0.47840453150814255,0.9950908198330879
0.4781685154590512,0.9950884086444007
0.47793249940995985,0.995085995085995
0.47769648336086856,0.9950835791543756
0.4774604673117772,0.9950811608460404
0.47722445126268587,0.9950787401574803
0.4769884352135945,0.9950763170851797
0.47675241916450317,0.9950738916256158
0.4765164031154118,0.9950714637752588
0.47628038706632053,0.995069033530572
0.4760443710172292,0.9950666008880118
0.47580835496813784,0.9950641658440277
0.4755723389190465,0.9950617283950617
0.47533632286995514,0.9950592885375494
0.4751003068208638,0.9950568462679189
0.4748642907717725,0.9950544015825915
0.47462827472268115,0.9950519544779812
0.4743922586735898,0.995049504950495
0.47415624262449846,0.995047052996533
0.4739202265754071,0.9950445986124876
0.47368421052631576,0.9950421417947447
0.47344819447722447,0.9950396825396826
0.4732121784281331,0.9950372208436724
0.4729761623790418,0.9950347567030785
0.47274014632995043,0.9950322901142573
0.4725041302808591,0.9950298210735586
0.47226811423176773,0.9950273495773247
0.47203209818267644,0.9950248756218906
0.4717960821335851,0.9950223992035838
0.47156006608449375,0.9950199203187251
0.4713240500354024,0.9950174389636273
0.47108803398631105,0.9950149551345963
0.47085201793721976,0.9950124688279302
0.4706160018881284,0.9950099800399201
0.47037998583903706,0.9950074887668497
0.4701439697899457,0.995004995004995
0.46990795374085437,0.9950024987506247
0.469671937691763,0.995
0.4694359216426717,0.9949974987493747
0.4691999055935804,0.994994994994995
0.46896388954448903,0.9949924887330996
0.4687278734953977,0.9949899799599199
0.46849185744630634,0.9949874686716792
0.468255841397215,0.9949849548645938
0.4680198253481237,0.994982438534872
0.46778380929903235,0.9949799196787149
0.467547793249941,0.9949773982923155
0.46731177720084965,0.9949748743718593
0.4670757611517583,0.9949723479135244
0.46683974510266696,0.9949698189134809
0.46660372905357567,0.9949672873678913
0.4663677130044843,0.9949647532729103
0.46613169695539297,0.9949622166246851
0.4658956809063016,0.9949596774193549
0.4656596648572103,0.9949571356530509
0.46542364880811893,0.9949545913218971
0.46518763275902764,0.9949520444220091
0.4649516167099363,0.9949494949494949
0.46471560066084494,0.9949469429004548
0.46471560066084494,0.9954499494438828
0.4644795846117536,0.9954476479514416
0.46424356856266225,0.9954453441295547
0.4640075525135709,0.9954430379746836
0.4637715364644796,0.9954407294832827
0.46353552041538826,0.9954384186517993
0.4632995043662969,0.9954361054766734
0.46306348831720556,0.9954337899543378
0.4628274722681142,0.9954314720812183
0.4623554401699316,0.9954268292682927
0.4621194241208402,0.9954245043213015
0.4618834080717489,0.9954221770091557
0.46164739202265753,0.9954198473282443
0.4614113759735662,0.995417515274949
0.46117535992447484,0.9954151808456444
0.46093934387538354,0.9954128440366973
0.4607033278262922,0.9954105048444671
0.46046731177720085,0.9954081632653061
0.4602312957281095,0.9954058192955589
0.45999527967901815,0.9954034729315628
0.45975926362992686,0.9954011241696474
0.4595232475808355,0.995398773006135
0.45928723153174417,0.9953964194373401
0.4590512154826528,0.9953940634595702
0.45881519943356147,0.9953917050691244
0.4585791833844701,0.9953893442622951
0.45834316733537883,0.9953869810353665
0.4581071512862875,0.9953846153846154
0.45787113523719614,0.995382247306311
0.4576351191881048,0.9953798767967146
0.45739910313901344,0.9953775038520801
0.4571630870899221,0.9953751284686536
0.4569270710408308,0.9953727506426735
0.45669105499173945,0.9953703703703703
0.4564550389426481,0.9953679876479671
0.45621902289355676,0.9953656024716787
0.4559830068444654,0.9953632148377125
0.45551097474628277,0.9953584321815369
0.4552749586971914,0.9953560371517027
0.4550389426481001,0.9953536396489416
0.45480292659900873,0.9953512396694215
0.4545669105499174,0.9953488372093023
0.45433089450082603,0.9953464322647363
0.45409487845173474,0.9953440248318676
0.4538588624026434,0.9953416149068323
0.45362284635355204,0.9953392024857587
0.4533868303044607,0.9953367875647668
0.45315081425536935,0.995334370139969
0.452914798206278,0.9953319502074689
0.4526787821571867,0.9953295277633627
0.45244276610809536,0.9953271028037384
0.452206750059004,0.9953246753246753
0.45197073400991267,0.9953222453222453
0.4517347179608213,0.9953198127925117
0.45149870191172997,0.9953173777315296
0.4512626858626387,0.9953149401353462
0.45102666981354733,0.9953125
0.450790653764456,0.9953100573215217
0.450790653764456,0.9958289885297185
0.45055463771536464,0.9958268127282212
0.4503186216662733,0.9958246346555324
0.45008260561718194,0.995822454308094
0.44984658956809065,0.9958202716823407
0.4496105735189993,0.9958180867746994
0.44937455746990795,0.99581589958159
0.4491385414208166,0.9958137100994244
0.44890252537172526,0.9958115183246073
0.44866650932263397,0.9958093242535359
0.4484304932735426,0.9958071278825996
0.44819447722445127,0.9958049292081804
0.4479584611753599,0.9958027282266527
0.4477224451262686,0.9958005249343832
0.44748642907717723,0.9957983193277311
0.44725041302808594,0.9957961114030478
0.4470143969789946,0.9957939011566772
0.44677838092990324,0.9957916885849553
0.4465423648808119,0.9957894736842106
0.44630634883172055,0.9957872564507636
0.4460703327826292,0.9957850368809273
0.4458343167335379,0.9957828149710068
0.44559830068444656,0.9957805907172996
0.4453622846353552,0.995778364116095
0.44512626858626386,0.9957761351636748
0.4448902525371725,0.9957739038563127
0.44465423648808117,0.9957716701902748
0.4439461883408072,0.995764955002647
0.44371017229171583,0.9957627118644068
0.4434741562426245,0.9957604663487016
0.44323814019353314,0.9957582184517497
0.44300212414444184,0.9957559681697613
0.4427661080953505,0.9957537154989384
0.44253009204625915,0.9957514604354754
0.4422940759971678,0.9957492029755579
0.44205805994807645,0.9957469431153642
0.4418220438989851,0.9957446808510638
0.4415860278498938,0.9957424161788185
0.44135001180080247,0.9957401490947817
0.4411139957517111,0.9957378795950985
0.4411139957517111,0.996268656716418
0.44087797970261977,0.9962666666666666
0.4406419636535284,0.996264674493063
0.4404059476044371,0.996262680192205
0.4401699315553458,0.9962606837606838
0.43993391550625444,0.9962586851950829
0.4396978994571631,0.9962566844919786
0.43946188340807174,0.9962546816479401
0.4392258673589804,0.9962526766595289
0.43898985130988905,0.9962506695232994
0.43875383526079775,0.9962486602357985
0.4385178192117064,0.9962466487935657
0.43828180316261506,0.996244635193133
0.4380457871135237,0.9962426194310252
0.43780977106443236,0.9962406015037594
0.43757375501534107,0.9962385814078453
0.4373377389662497,0.9962365591397849
0.4371017229171584,0.9962345346960731
0.436865706868067,0.996232508073197
0.4366296908189757,0.996230479267636
0.43639367476988433,0.9962284482758621
0.43615765872079304,0.9962264150943396
0.4359216426717017,0.9962243797195254
0.43568562662261034,0.9962223421478683
0.435449610573519,0.9962203023758099
0.43521359452442765,0.9962182603997839
0.4349775784753363,0.9962162162162163
0.434741562426245,0.9962141698215251
0.43450554637715366,0.9962121212121212
0.4342695303280623,0.9962100703844071
0.43403351427897097,0.9962080173347779
0.4337974982298796,0.9962059620596206
0.43356148218078827,0.9962039045553145
0.433325466131697,0.9962018448182312
0.43308945008260563,0.996199782844734
0.4328534340335143,0.9961977186311787
0.4328534340335143,0.9967391304347826
0.43261741798442294,0.9967373572593801
0.4323814019353316,0.9967355821545157
0.43214538588624024,0.9967338051170387
0.4316733537880576,0.9967302452316076
0.43143733773896625,0.9967284623773174
0.4312013216898749,0.9967266775777414
0.43096530564078356,0.9967248908296943
0.4307292895916922,0.9967231021299836
0.4304932735426009,0.9967213114754099
0.43025725749350957,0.9967195188627666
0.4300212414444182,0.9967177242888403
0.4297852253953269,0.9967159277504105
0.4295492093462355,0.9967141292442497
0.4293131932971442,0.9967123287671232
0.4290771772480529,0.9967105263157895
0.4286051451498702,0.9967069154774972
0.42836912910077884,0.9967051070840197
0.4281331130516875,0.9967032967032967
0.42789709700259615,0.9967014843320505
0.42766108095350486,0.9966996699669967
0.4274250649044135,0.9966978536048432
0.42718904885532216,0.9966960352422908
0.4269530328062308,0.996694214876033
0.42671701675713947,0.9966923925027563
0.4264810007080482,0.9966905681191396
0.4262449846589568,0.9966887417218543
0.4260089686098655,0.9966869133075649
0.42577295256077413,0.9966850828729282
0.4255369365116828,0.9966832504145937
0.42530092046259144,0.9966814159292036
0.42506490441350014,0.9966795794133924
0.4248288883644088,0.9966777408637874
0.42459287231531745,0.9966759002770084
0.4243568562662261,0.9966740576496674
0.42412084021713475,0.9966722129783694
0.4238848241680434,0.9966703662597114
0.4236488081189521,0.9966685174902832
0.42341279206986077,0.9966666666666667
0.4231767760207694,0.9966648137854364
0.42294075997167807,0.996662958843159
0.4227047439225867,0.996661101836394
0.4224687278734954,0.9966592427616926
0.4222327118244041,0.9966573816155989
0.42199669577531274,0.9966555183946488
0.4217606797262214,0.9966536530953709
0.42152466367713004,0.9966517857142857
0.4212886476280387,0.9966499162479062
0.42105263157894735,0.9966480446927374
0.42081661552985605,0.9966461710452766
0.4205805994807647,0.9966442953020134
0.42034458343167336,0.9966424174594292
0.420108567382582,0.9966405375139977
0.41987255133349066,0.9966386554621849
0.4196365352843993,0.9966367713004485
0.419400519235308,0.9966348850252383
0.4191645031862167,0.9966329966329966
0.4189284871371253,0.9966311061201573
0.418692471088034,0.996629213483146
0.41845645503894263,0.9966273187183811
0.4182204389898513,0.9966254218222722
0.41798442294076,0.9966235227912211
0.41774840689166864,0.9966216216216216
0.4175123908425773,0.9966197183098592
0.41727637479348595,0.9966178128523112
0.4170403587443946,0.9966159052453468
0.41680434269530325,0.9966139954853274
0.41656832664621196,0.9966120835686053
0.4163323105971206,0.9966101694915255
0.41609629454802927,0.996608253250424
0.4158602784989379,0.996606334841629
0.41562426244984657,0.9966044142614601
0.4153882464007553,0.9966024915062288
0.41515223035166393,0.996600566572238
0.4149162143025726,0.9965986394557823
0.41468019825348124,0.996596710153148
0.4144441822043899,0.996594778660613
0.41420816615529854,0.9965928449744463
0.41397215010620725,0.9965909090909091
0.4137361340571159,0.9965889710062535
0.41350011800802455,0.9965870307167235
0.4132641019589332,0.9965850882185544
0.41302808590984186,0.9965831435079726
0.4127920698607505,0.9965811965811966
0.4125560538116592,0.9965792474344356
0.41232003776256787,0.9965772960638904
0.4120840217134765,0.9965753424657534
0.4118480056643852,0.9965733866362079
0.4116119896152938,0.9965714285714286
0.4113759735662025,0.9965694682675815
0.4111399575171112,0.9965675057208238
0.41090394146801984,0.996565540927304
0.4106679254189285,0.9965635738831615
0.41043190936983714,0.9965616045845272
0.4101958933207458,0.9965596330275229
0.40995987727165445,0.9965576592082617
0.40972386122256316,0.9965556831228473
0.4094878451734718,0.996553704767375
0.40925182912438046,0.996551724137931
0.4090158130752891,0.9965497412305923
0.40877979702619777,0.996547756041427
0.4083077649280151,0.9965437788018433
0.40736370073164974,0.9965357967667436
0.4071276846825584,0.9965337954939342
0.4068916686334671,0.9965317919075144
0.40665565258437575,0.9965297860034702
0.4064196365352844,0.9965277777777778
0.40618362048619305,0.9965257672264042
0.4059476044371017,0.996523754345307
0.40571158838801036,0.9965217391304347
0.40547557233891907,0.9965197215777262
0.4052395562898277,0.9965177016831108
0.40500354024073637,0.9965156794425087
0.404767524191645,0.9965136548518303
0.4045315081425537,0.9965116279069768
0.4042954920934624,0.9965095986038395
0.40405947604437104,0.9965075669383003
0.4038234599952797,0.9965055329062318
0.40358744394618834,0.9965034965034965
0.40311541184800564,0.9964994165694282
0.40287939579891435,0.9964973730297724
0.402643379749823,0.9964953271028038
0.40240736370073166,0.9964932787843367
0.4021713476516403,0.9964912280701754
0.40193533160254896,0.9964891749561147
0.40193533160254896,0.997072599531616
0.4016993155534576,0.997070884592853
0.4014632995043663,0.9970691676436108
0.401227283455275,0.9970674486803519
0.4009912674061836,0.9970657276995305
0.40051923530800093,0.9970622796709753
0.4002832192589096,0.9970605526161082
0.4000472032098183,0.9970588235294118
0.39981118716072694,0.9970570924072985
0.3995751711116356,0.997055359246172
0.39933915506254425,0.9970536240424278
0.3991031390134529,0.9970518867924528
0.39886712296436155,0.9970501474926253
0.39863110691527026,0.9970484061393152
0.3983950908661789,0.9970466627288836
0.39815907481708757,0.9970449172576832
0.3979230587679962,0.997043169722058
0.39768704271890487,0.9970414201183432
0.3974510266698135,0.9970396684428656
0.39721501062072223,0.9970379146919431
0.3969789945716309,0.997036158861885
0.39674297852253954,0.9970344009489917
0.3965069624734482,0.9970326409495549
0.3960349303752655,0.9970291146761735
0.3957989143261742,0.9970273483947681
0.39556289827708285,0.9970255800118977
0.3953268822279915,0.9970238095238095
0.39509086617890016,0.9970220369267421
0.3948548501298088,0.9970202622169249
0.39438281803162617,0.997016706443914
0.3941468019825348,0.9970149253731343
0.3939107859334435,0.9970131421744325
0.3936747698843521,0.9970113568439928
0.3934387538352608,0.9970095693779905
0.3932027377861695,0.9970077797725913
0.39296672173707814,0.9970059880239521
0.3927307056879868,0.9970041941282205
0.39249468963889544,0.9970023980815348
0.3922586735898041,0.997000599880024
0.39202265754071275,0.996998799519808
0.39178664149162146,0.996996996996997
0.3915506254425301,0.9969951923076923
0.39131460939343876,0.9969933854479855
0.3910785933443474,0.9969915764139591
0.39084257729525607,0.9969897652016857
0.3906065612461647,0.9969879518072289
0.3903705451970734,0.9969861362266426
0.3901345291479821,0.996984318455971
0.38989851309889073,0.9969824984912492
0.3896624970497994,0.9969806763285024
0.38942648100070804,0.9969788519637462
0.3891904649516167,0.9969770253929867
0.3889544489025254,0.9969751966122202
0.38871843285343405,0.9969733656174334
0.3884824168043427,0.9969715324046032
0.38824640075525135,0.996969696969697
0.38801038470616,0.9969678593086719
0.38777436865706866,0.9969660194174758
0.38753835260797737,0.9969641772920461
0.387302336558886,0.996962332928311
0.38706632050979467,0.9969604863221885
0.3868303044607033,0.9969586374695864
0.3863582723625206,0.9969549330085262
0.38612225631342934,0.9969530773918343
0.385886240264338,0.9969512195121951
0.38565022421524664,0.9969493593654668
0.3854142081661553,0.996947496947497
0.38517819211706394,0.9969456322541234
0.3849421760679726,0.9969437652811736
0.3847061600188813,0.9969418960244648
0.38447014396978996,0.9969400244798041
0.3842341279206986,0.9969381506429884
0.38399811187160726,0.9969362745098039
0.3837620958225159,0.996934396076027
0.38352607977342457,0.9969325153374233
0.3832900637243333,0.9969306322897483
0.3830540476752419,0.9969287469287469
0.3828180316261506,0.9969268592501537
0.38258201557705923,0.9969249692496925
0.3823459995279679,0.9969230769230769
0.38210998347887654,0.9969211822660099
0.38187396742978524,0.9969192852741836
0.3816379513806939,0.9969173859432799
0.38140193533160255,0.9969154842689698
0.3811659192825112,0.9969135802469136
0.38092990323341985,0.9969116738727609
0.38069388718432856,0.9969097651421508
0.3804578711352372,0.9969078540507111
0.38022185508614587,0.9969059405940595
0.37974982298796317,0.9969021065675341
0.37927779088978053,0.9968982630272953
0.3790417748406892,0.9968963376784605
0.37880575879159784,0.9968944099378882
0.3785697427425065,0.9968924798011187
0.37833372669341514,0.9968905472636815
0.3780977106443238,0.9968886123210952
0.3778616945952325,0.9968866749688667
0.37762567854614115,0.9968847352024922
0.3773896624970498,0.9968827930174564
0.37715364644795846,0.9968808484092326
0.3769176303988671,0.9968789013732834
0.37668161434977576,0.9968769519050593
0.37644559830068447,0.996875
0.3762095822515931,0.9968730456535334
0.3759735662025018,0.9968710888610763
0.3757375501534104,0.9968691296180339
0.3755015341043191,0.9968671679197995
0.37526551805522773,0.9968652037617555
0.37502950200613644,0.9968632371392723
0.3747934859570451,0.9968612680477087
0.37455746990795374,0.996859296482412
0.3743214538588624,0.9968573224387178
0.37408543780977105,0.9968553459119497
0.3738494217606797,0.9968533668974198
0.3736134057115884,0.9968513853904282
0.37337738966249706,0.9968494013862634
0.3731413736134057,0.9968474148802018
0.37290535756431437,0.9968454258675079
0.372669341515223,0.9968434343434344
0.37243332546613167,0.9968414403032217
0.3721973094170404,0.9968394437420987
0.37196129336794903,0.9968374446552815
0.3717252773188577,0.9968354430379747
0.37148926126976634,0.9968334388853705
0.371253245220675,0.9968314321926489
0.37101722917158364,0.9968294229549778
0.37078121312249235,0.9968274111675127
0.370545197073401,0.9968253968253968
0.37030918102430965,0.9968233799237611
0.3700731649752183,0.9968213604577241
0.36983714892612696,0.9968193384223919
0.36960113287703567,0.9968173138128581
0.3693651168279443,0.9968152866242038
0.36912910077885297,0.9968132568514978
0.3686570686806703,0.9968091895341417
0.3684210526315789,0.9968071519795658
0.36818503658248763,0.9968051118210862
0.3679490205333963,0.9968030690537084
0.36771300448430494,0.9968010236724248
0.3674769884352136,0.9967989756722151
0.36724097238612224,0.9967969250480462
0.3670049563370309,0.9967948717948718
0.3667689402879396,0.9967928159076331
0.36653292423884826,0.996790757381258
0.3662969081897569,0.9967886962106616
0.36606089214066556,0.9967866323907455
0.3658248760915742,0.9967845659163987
0.36558886004248287,0.9967824967824968
0.3653528439933916,0.9967804249839022
0.3651168279443002,0.9967783505154639
0.36464479584611753,0.9967741935483871
0.3644087797970262,0.9967721110393802
0.36417276374793484,0.9967700258397932
0.36393674769884354,0.9967679379444085
0.3637007316497522,0.9967658473479948
0.36346471560066085,0.9967637540453075
0.3632286995515695,0.9967616580310881
0.36299268350247815,0.9967595593000648
0.3627566674533868,0.996757457846952
0.3625206514042955,0.9967553536664504
0.36228463535520417,0.9967532467532467
0.3620486193061128,0.9967511371020142
0.36181260325702147,0.9967490247074122
0.3615765872079301,0.9967469095640858
0.3613405711588388,0.9967447916666666
0.3611045551097475,0.996742671009772
0.36086853906065613,0.9967405475880052
0.3606325230115648,0.9967384213959556
0.36039650696247344,0.9967362924281984
0.3601604909133821,0.9967341606792945
0.35992447486429074,0.9967320261437909
0.35968845881519945,0.9967298888162197
0.3594524427661081,0.9967277486910995
0.35921642671701676,0.9967256057629339
0.3589804106679254,0.9967234600262124
0.35874439461883406,0.9967213114754099
0.35850837856974277,0.9967191601049868
0.3582723625206514,0.9967170059093894
0.3580363464715601,0.9967148488830486
0.3578003304224687,0.9967126890203813
0.3575643143733774,0.9967105263157895
0.35732829832428603,0.9967083607636603
0.35709228227519474,0.9967061923583662
0.3568562662261034,0.996704021094265
0.35662025017701204,0.9967018469656992
0.3563842341279207,0.9966996699669967
0.35614821807882935,0.9966974900924703
0.355912202029738,0.9966953073364178
0.3556761859806467,0.9966931216931217
0.35544016993155536,0.9966909331568498
0.355204153882464,0.9966887417218543
0.3547321217842813,0.996684350132626
0.35449610573518997,0.9966821499668215
0.3542600896860987,0.9966799468791501
0.35402407363700733,0.9966777408637874
0.353788057587916,0.9966755319148937
0.35355204153882464,0.9966733200266135
0.3533160254897333,0.9966711051930759
0.35308000944064194,0.9966688874083944
0.35284399339155065,0.9966666666666667
0.3526079773424593,0.9966644429619747
0.35237196129336795,0.9966622162883845
0.35189992919518526,0.9966577540106952
0.3516639131460939,0.9966555183946488
0.3514278970970026,0.9966532797858099
0.35119188104791127,0.9966510381781648
0.3509558649988199,0.9966487935656837
0.3507198489497286,0.9966465459423206
0.3504838329006372,0.9966442953020134
0.3502478168515459,0.9966420416386836
0.3500118008024546,0.9966397849462365
0.3495397687042719,0.9966352624495289
0.34930375265518054,0.9966329966329966
0.3490677366060892,0.9966307277628033
0.34883172055699785,0.9966284558327714
0.34859570450790656,0.9966261808367072
0.3483596884588152,0.9966239027683997
0.34812367240972386,0.9966216216216216
0.3478876563606325,0.9966193373901284
0.34765164031154117,0.996617050067659
0.3474156242624499,0.996614759647935
0.3471796082133585,0.9966124661246613
0.3469435921642672,0.9966101694915255
0.34670757611517583,0.9966078697421981
0.3464715600660845,0.9966055668703326
0.34623554401699314,0.9966032608695652
0.34599952796790184,0.9966009517335146
0.3457635119188105,0.9965986394557823
0.34552749586971915,0.9965963240299524
0.34505546377153645,0.9965916837082481
0.3448194477224451,0.9965893587994543
0.3445834316733538,0.9965870307167235
0.34434741562426247,0.9965846994535519
0.3441113995751711,0.9965823650034177
0.34387538352607977,0.9965800273597811
0.3436393674769884,0.9965776865160849
0.3434033514278971,0.9965753424657534
0.3431673353788058,0.9965729952021933
0.34293131932971443,0.9965706447187929
0.3426953032806231,0.9965682910089224
0.34245928723153174,0.9965659340659341
0.34245928723153174,0.9972508591065292
0.3422232711824404,0.9972489683631361
0.34198725513334904,0.9972470750172058
0.34175123908425775,0.9972451790633609
0.3415152230351664,0.9972432804962095
0.34127920698607506,0.9972413793103448
0.34080717488789236,0.9972375690607734
0.340571158838801,0.9972356599861782
0.3403351427897097,0.9972337482710927
0.3400991267406184,0.9972318339100346
0.3396270946424357,0.9972279972279973
0.33939107859334433,0.9972260748959778
0.339155062544253,0.9972241498959056
0.3389190464951617,0.9972222222222222
0.33868303044607034,0.9972202918693537
0.338447014396979,0.9972183588317107
0.33821099834788765,0.9972164231036882
0.3379749822987963,0.9972144846796658
0.33773896624970495,0.997212543554007
0.33750295020061366,0.99721059972106
0.3372669341515223,0.9972086531751571
0.3367949020533396,0.9972047519217331
0.33655888600424827,0.9972027972027973
0.336322869955157,0.9972008397480756
0.33608685390606563,0.9971988795518207
0.3358508378569743,0.9971969166082691
0.3353788057587916,0.9971929824561403
0.33514278970970024,0.9971910112359551
0.33490677366060895,0.9971890372452565
0.3346707576115176,0.9971870604781997
0.33443474156242625,0.9971850809289233
0.3341987255133349,0.9971830985915493
0.33396270946424356,0.9971811134601832
0.3337266934151522,0.997179125528914
0.3334906773660609,0.9971771347918137
0.33325466131696957,0.9971751412429378
0.3330186452678782,0.9971731448763251
0.3327826292187869,0.9971711456859972
0.3325466131696955,0.997169143665959
0.3323105971206042,0.9971671388101983
0.3320745810715129,0.997165131112686
0.33183856502242154,0.9971631205673759
0.3316025489733302,0.9971611071682044
0.33136653292423884,0.9971590909090909
0.3311305168751475,0.9971570717839374
0.33089450082605615,0.9971550497866287
0.33065848477696486,0.9971530249110321
0.3304224687278735,0.9971509971509972
0.33018645267878216,0.9971489665003563
0.3299504366296908,0.9971469329529244
0.32971442058059947,0.9971448965024983
0.3294784045315081,0.9971428571428571
0.3292423884824168,0.9971408148677627
0.3290063724333255,0.9971387696709585
0.32877035638423413,0.9971367215461704
0.3285343403351428,0.997134670487106
0.32829832428605144,0.9971326164874552
0.3280623082369601,0.9971305595408895
0.3278262921878688,0.9971284996410624
0.32759027613877745,0.9971264367816092
0.3273542600896861,0.9971243709561467
0.32711824404059475,0.9971223021582734
0.3268822279915034,0.9971202303815695
0.32664621194241206,0.9971181556195965
0.32641019589332076,0.9971160778658976
0.3261741798442294,0.9971139971139971
0.3257021477460467,0.9971098265895953
0.3254661316969554,0.9971077368040492
0.3252301156478641,0.9971056439942113
0.32499409959877273,0.997103548153512
0.3247580835496814,0.9971014492753624
0.32452206750059004,0.9970993473531544
0.3242860514514987,0.9970972423802612
0.32405003540240734,0.9970951343500363
0.32381401935331605,0.997093023255814
0.3235780033042247,0.9970909090909091
0.32334198725513336,0.9970887918486172
0.323105971206042,0.9970866715222141
0.32286995515695066,0.9970845481049563
0.3226339391078593,0.9970824215900802
0.322397923058768,0.997080291970803
0.3221619070096767,0.9970781592403214
0.32145385886240263,0.9970717423133236
0.32098182676422,0.9970674486803519
0.32074581071512864,0.9970652971386648
0.32027377861694595,0.997060984570169
0.3200377625678546,0.9970588235294118
0.31980174651876325,0.9970566593083149
0.31956573046967196,0.9970544918998527
0.3188576823223979,0.9970479704797048
0.31862166627330657,0.9970457902511078
0.3183856502242152,0.9970436067997044
0.31814963417512393,0.9970414201183432
0.3179136181260326,0.997039230199852
0.31767760207694123,0.997037037037037
0.3174415860278499,0.9970348406226834
0.31720556997875854,0.9970326409495549
0.3169695539296672,0.9970304380103935
0.3167335378805759,0.9970282317979198
0.31649752183148455,0.9970260223048327
0.3162615057823932,0.9970238095238095
0.3157894736842105,0.9970193740685543
0.31555345763511916,0.9970171513795675
0.31531744158602787,0.9970149253731343
0.3150814255369365,0.9970126960418223
0.3148454094878452,0.9970104633781763
0.3146093934387538,0.9970082273747195
0.3143733773896625,0.9970059880239521
0.3141373613405712,0.997003745318352
0.31390134529147984,0.9970014992503748
0.3136653292423885,0.9969992498124531
0.31342931319329714,0.996996996996997
0.3131932971442058,0.9969947407963937
0.31295728109511445,0.9969924812030075
0.31272126504602316,0.9969902182091799
0.3124852489969318,0.9969879518072289
0.31224923294784046,0.9969856819894499
0.3120132168987491,0.9969834087481146
0.31177720084965777,0.9969811320754717
0.3115411848005664,0.9969788519637462
0.3113051687514751,0.9969765684051398
0.3110691527023838,0.9969742813918305
0.3105971206042011,0.996969696969697
0.31036110455510973,0.9969673995451099
0.3101250885060184,0.9969650986342944
0.3098890724569271,0.996962794229309
0.30965305640783575,0.9969604863221885
0.3094170403587444,0.996958174904943
0.30918102430965305,0.9969558599695586
0.3089450082605617,0.996953541507997
0.30870899221147036,0.9969512195121951
0.30847297616237906,0.9969488939740656
0.3082369601132877,0.9969465648854962
0.30800094406419637,0.9969442322383499
0.307764928015105,0.9969418960244648
0.3075289119660137,0.9969395562356542
0.3072928959169223,0.996937212863706
0.30705687986783103,0.9969348659003832
0.3068208638187397,0.9969325153374233
0.30658484776964834,0.9969301611665388
0.306348831720557,0.9969278033794163
0.30611281567146564,0.9969254419677172
0.3058767996223743,0.9969230769230769
0.305640783573283,0.9969207082371054
0.3051687514751003,0.9969159599074788
0.30493273542600896,0.9969135802469136
0.3046967193769176,0.9969111969111969
0.30446070332782627,0.9969088098918083
0.304224687278735,0.9969064191802011
0.3039886712296436,0.9969040247678018
0.3037526551805523,0.9969016266460109
0.30351663913146093,0.9968992248062015
0.3032806230823696,0.9968968192397207
0.3030446070332783,0.9968944099378882
0.30280859098418694,0.9968919968919969
0.3025725749350956,0.9968895800933126
0.30233655888600425,0.9968871595330739
0.3021005428369129,0.9968847352024922
0.30186452678782155,0.9968823070927514
0.30162851073873026,0.9968798751950078
0.3013924946896389,0.9968774395003903
0.30115647864054756,0.996875
0.3009204625914562,0.99687255668491
0.3004484304932735,0.9968676585747847
0.30021241444418223,0.9968652037617555
0.29974038234599953,0.9968602825745683
0.2995043662969082,0.9968578161822467
0.29926835024781684,0.9968553459119497
0.2990323341987255,0.996852871754524
0.2987963181496342,0.9968503937007874
0.29856030210054285,0.9968479117415288
0.2983242860514515,0.9968454258675079
0.29761623790417746,0.9968379446640316
0.29738022185508617,0.9968354430379747
0.2971442058059948,0.9968329374505146
0.2969081897569035,0.9968304278922345
0.2966721737078121,0.9968279143536876
0.2964361576587208,0.9968253968253968
0.29620014160962943,0.9968228752978554
0.29596412556053814,0.9968203497615262
0.2957281095114468,0.9968178202068417
0.29549209346235544,0.9968152866242038
0.2952560774132641,0.9968127490039841
0.29502006136417275,0.9968102073365231
0.2947840453150814,0.9968076616121309
0.2945480292659901,0.9968051118210862
0.29431201321689876,0.996802557953637
0.2940759971678074,0.9968
0.29383998111871606,0.9967974379503602
0.2936039650696247,0.9967948717948718
0.29336794902053337,0.9967923015236567
0.2931319329714421,0.9967897271268058
0.29289591692235073,0.9967871485943776
0.2926599008732594,0.9967845659163987
0.29242388482416803,0.996781979082864
0.2921878687750767,0.9967793880837359
0.2919518527259854,0.9967767929089444
0.29171583667689405,0.9967741935483871
0.2914798206278027,0.9967715899919289
0.29124380457871135,0.9967689822294022
0.29100778852962,0.9967663702506063
0.29077177248052866,0.9967637540453075
0.29053575643143736,0.9967611336032388
0.290299740382346,0.9967585089141004
0.29006372433325467,0.9967558799675588
0.2898277082841633,0.9967532467532467
0.289591692235072,0.9967506092607636
0.2893556761859806,0.9967479674796748
0.28911966013688933,0.9967453213995118
0.288883644087798,0.996742671009772
0.28864762803870664,0.9967400162999185
0.2884116119896153,0.9967373572593801
0.28817559594052394,0.996734693877551
0.2879395798914326,0.9967320261437909
0.2877035638423413,0.9967293540474244
0.28746754779324996,0.9967266775777414
0.2872315317441586,0.9967239967239967
0.28699551569506726,0.9967213114754099
0.2867594996459759,0.9967186218211649
0.28652348359688457,0.9967159277504105
0.2862874675477933,0.9967132292522597
0.2860514514987019,0.9967105263157895
0.2853434033514279,0.9967023907666942
0.28510738730233653,0.9966996699669967
0.28487137125324524,0.9966969446738233
0.2846353552041539,0.996694214876033
0.28439933915506255,0.9966914805624483
0.2841633231059712,0.9966887417218543
0.28392730705687985,0.9966859983429992
0.2836912910077885,0.9966832504145937
0.2834552749586972,0.9966804979253112
0.28321925890960586,0.9966777408637874
0.2829832428605145,0.9966749792186201
0.28274722681142317,0.9966722129783694
0.2825112107623318,0.9966694421315571
0.2822751947132405,0.9966666666666667
0.2820391786641492,0.9966638865721434
0.28180316261505783,0.996661101836394
0.2815671465659665,0.9966583124477861
0.2810951144677838,0.9966527196652719
0.2808590984186925,0.9966499162479062
0.28062308236960115,0.9966471081307627
0.2803870663205098,0.9966442953020134
0.28015105027141846,0.9966414777497901
0.2799150342223271,0.9966386554621849
0.27967901817323576,0.9966358284272497
0.27944300212414447,0.9966329966329966
0.2792069860750531,0.9966301600673968
0.2789709700259618,0.9966273187183811
0.2784989379277791,0.9966216216216216
0.27826292187868773,0.9966187658495351
0.27802690582959644,0.9966159052453468
0.2777908897805051,0.9966130397967824
0.27755487373141374,0.9966101694915255
0.2773188576823224,0.996607294317218
0.27708284163323105,0.9966044142614601
0.2768468255841397,0.9966015293118097
0.2766108095350484,0.9965986394557823
0.2761387774368657,0.9965928449744463
0.27590276138777436,0.9965899403239556
0.275666745338683,0.9965870307167235
0.27543072928959167,0.9965841161400513
0.2751947132405004,0.9965811965811966
0.27495869719140903,0.9965782720273738
0.2747226811423177,0.9965753424657534
0.27448666509322633,0.9965724078834619
0.274250649044135,0.9965694682675815
0.27401463299504364,0.9965665236051502
0.27377861694595235,0.9965635738831615
0.273542600896861,0.9965606190885641
0.27330658484776965,0.9965576592082617
0.2730705687986783,0.9965546942291128
0.27283455274958696,0.996551724137931
0.2725985367004956,0.996548748921484
0.2723625206514043,0.9965457685664939
0.27212650460231297,0.996542783059637
0.2718904885532216,0.9965397923875432
0.2716544725041303,0.9965367965367965
0.2714184564550389,0.9965337954939342
0.2711824404059476,0.9965307892454467
0.2709464243568563,0.9965277777777778
0.27071040830776494,0.996524761077324
0.2704743922586736,0.9965217391304347
0.2700023601604909,0.9965156794425087
0.26976634411139955,0.9965126416739319
0.2692943120132169,0.9965065502183406
0.26905829596412556,0.9965034965034965
0.2688222799150342,0.9965004374453194
0.26858626386594286,0.9964973730297724
0.2683502478168516,0.9964943032427696
0.2681142317677602,0.9964912280701754
0.2678782157186689,0.9964881474978051
0.26764219966957753,0.9964850615114236
0.2674061836204862,0.9964819700967458
0.26717016757139483,0.9964788732394366
0.26693415152230354,0.9964757709251101
0.2666981354732122,0.9964726631393298
0.2662261033750295,0.9964664310954063
0.26599008732593815,0.9964633068081344
0.2657540712768468,0.9964601769911504
0.2655180552277555,0.9964570416297609
0.26528203917866416,0.9964539007092199
0.2650460231295728,0.9964507542147294
0.26481000708048147,0.9964476021314387
0.2643379749822988,0.99644128113879
0.2641019589332075,0.9964381121994658
0.26386594288411613,0.9964349376114082
0.2636299268350248,0.9964317573595004
0.26339391078593344,0.9964285714285714
0.26292187868775074,0.9964221824686941
0.26268586263865945,0.9964189794091316
0.2624498465895681,0.996415770609319
0.26221383054047676,0.9964125560538116
0.2619778144913854,0.9964093357271095
0.26174179844229406,0.9964061096136568
0.2615057823932027,0.9964028776978417
0.2612697663441114,0.9963996399639964
0.2610337502950201,0.9963963963963964
0.2607977342459287,0.9963931469792606
0.2605617181968374,0.9963898916967509
0.26032570214774603,0.996386630532972
0.2600896860986547,0.9963833634719711
0.2598536700495634,0.9963800904977376
0.25961765400047204,0.9963768115942029
0.2593816379513807,0.9963735267452403
0.258909605853198,0.9963669391462306
0.25867358980410665,0.9963636363636363
0.25843757375501536,0.9963603275705186
0.258201557705924,0.9963570127504554
0.25796554165683266,0.9963536918869644
0.2577295256077413,0.9963503649635036
0.25749350955864997,0.9963470319634703
0.2572574935095587,0.9963436928702011
0.25702147746046733,0.9963403476669717
0.256785461411376,0.9963369963369964
0.25654944536228463,0.9963336388634281
0.2563134293131933,0.9963302752293578
0.25607741326410194,0.9963269054178145
0.25584139721501065,0.9963235294117647
0.2556053811659193,0.9963201471941122
0.25536936511682795,0.996316758747698
0.25489733301864526,0.996309963099631
0.2546613169695539,0.9963065558633426
0.2544253009204626,0.9963031423290203
0.25418928487137127,0.996299722479186
0.2539532688222799,0.9962962962962963
0.2537172527731886,0.9962928637627433
0.2534812367240972,0.9962894248608535
0.2532452206750059,0.9962859795728877
0.2530092046259146,0.9962825278810409
0.25277318857682324,0.9962790697674418
0.2525371725277319,0.9962756052141527
0.25230115647864054,0.9962721342031687
0.2520651404295492,0.996268656716418
0.25182912438045785,0.996265172735761
0.25159310833136656,0.9962616822429906
0.2513570922822752,0.9962581852198317
0.25112107623318386,0.9962546816479401
0.2508850601840925,0.9962511715089035
0.2504130280859098,0.996244131455399
0.2501770120368185,0.9962406015037594
0.24994099598772718,0.9962370649106302
0.24970497993863583,0.9962335216572504
0.24946896388954448,0.9962299717247879
0.24923294784045316,0.9962264150943396
0.24876091574227047,0.996219281663516
0.24852489969317915,0.9962157048249763
0.2482888836440878,0.9962121212121212
0.24805286759499645,0.9962085308056872
0.24781685154590513,0.9962049335863378
0.24758083549681378,0.9962013295346629
0.24734481944772244,0.9961977186311787
0.24710880339863112,0.9961941008563273
0.24687278734953977,0.9961904761904762
0.24663677130044842,0.996186844613918
0.2459287231531744,0.9961759082217974
0.24569270710408309,0.9961722488038277
0.24545669105499174,0.9961685823754789
0.2452206750059004,0.9961649089165868
0.24498465895680907,0.9961612284069098
0.24427661080953506,0.9961501443695862
0.2440405947604437,0.9961464354527938
0.24380457871135236,0.996142719382835
0.24356856266226104,0.9961389961389961
0.24286051451498702,0.9961277831558567
0.24262449846589568,0.9961240310077519
0.24262449846589568,0.997090203685742
0.24238848241680433,0.9970873786407767
0.242152466367713,0.9970845481049563
0.24191645031862166,0.9970817120622568
0.24168043426953031,0.997078870496592
0.241444418220439,0.9970760233918129
0.24120840217134765,0.9970731707317073
0.24073637007316498,0.9970674486803519
0.24002832192589096,0.9970588235294118
0.23979230587679962,0.9970559371933267
0.2395562898277083,0.9970530451866405
0.23932027377861695,0.9970501474926253
0.2390842577295256,0.9970472440944882
0.23884824168043428,0.9970443349753695
0.23861222563134293,0.9970414201183432
0.23837620958225159,0.9970384995064165
0.23814019353316027,0.9970355731225297
0.23790417748406892,0.9970326409495549
0.23766816143497757,0.997029702970297
0.23743214538588625,0.9970267591674926
0.23696011328770356,0.997020854021847
0.23672409723861224,0.9970178926441352
0.23625206514042954,0.9970119521912351
0.23601604909133822,0.9970089730807578
0.23578003304224687,0.9970059880239521
0.23554401699315552,0.997002997002997
0.2353080009440642,0.997
0.23507198489497286,0.996996996996997
0.2348359688458815,0.996993987975952
0.2345999527967902,0.9969909729187563
0.23436393674769884,0.9969879518072289
0.2341279206986075,0.9969849246231156
0.23389190464951617,0.9969818913480886
0.23365588860042483,0.9969788519637462
0.23341987255133348,0.9969758064516129
0.23318385650224216,0.9969727547931383
0.2329478404531508,0.996969696969697
0.23271182440405946,0.9969666329625885
0.23247580835496814,0.9969635627530364
0.2322397923058768,0.9969604863221885
0.23200377625678545,0.9969574036511156
0.23176776020769413,0.9969543147208122
0.23153174415860278,0.9969512195121951
0.2310597120604201,0.9969450101832994
0.23082369601132877,0.9969418960244648
0.23011564786405475,0.9969325153374233
0.22987963181496343,0.9969293756397134
0.22964361576587208,0.9969262295081968
0.22940759971678074,0.9969230769230769
0.22917158366768942,0.9969199178644764
0.22893556761859807,0.9969167523124358
0.22869955156950672,0.9969135802469136
0.2284635355204154,0.9969104016477858
0.22822751947132405,0.9969072164948454
0.2279915034222327,0.9969040247678018
0.22751947132405004,0.9968976215098242
0.22704743922586737,0.9968911917098445
0.22681142317677602,0.9968879668049793
0.22657540712768467,0.9968847352024922
0.22633939107859335,0.9968814968814969
0.226103375029502,0.9968782518210197
0.22586735898041066,0.996875
0.22563134293131934,0.9968717413972888
0.225395326882228,0.9968684759916493
0.22515931083313664,0.9968652037617555
0.22492329478404532,0.9968619246861925
0.22468727873495398,0.9968586387434555
0.22445126268586263,0.9968553459119497
0.2242152466367713,0.9968520461699895
0.22397923058767996,0.9968487394957983
0.22374321453858861,0.9968454258675079
0.2235071984894973,0.9968421052631579
0.22327118244040595,0.9968387776606955
0.2230351663913146,0.9968354430379747
0.22279915034222328,0.996832101372756
0.22279915034222328,0.9978858350951374
0.22256313429313193,0.9978835978835979
0.22209110219494926,0.9978791092258749
0.22185508614585792,0.9978768577494692
0.22161907009676657,0.997874601487779
0.22138305404767525,0.997872340425532
0.2211470379985839,0.9978700745473909
0.22091102194949255,0.997867803837953
0.22067500590040123,0.9978655282817502
0.22043898985130989,0.9978632478632479
0.21996695775312722,0.9978586723768736
0.21973094170403587,0.9978563772775991
0.21902289355676186,0.9978494623655914
0.21878687750767054,0.9978471474703983
0.2185508614585792,0.9978448275862069
0.21807882936039652,0.9978401727861771
0.21784281331130517,0.9978378378378379
0.21760679726221382,0.9978354978354979
0.2173707812131225,0.9978331527627302
0.21713476516403116,0.9978308026030369
0.21642671701675714,0.9978237214363439
0.2161907009676658,0.9978213507625272
0.21595468491857447,0.9978189749182116
0.21548265282039178,0.9978142076502732
0.21524663677130046,0.9978118161925602
0.2150106207222091,0.9978094194961665
0.21453858862402644,0.9978046103183315
0.2143025725749351,0.9978021978021978
0.21406655652584375,0.9977997799779978
0.21359452442766108,0.9977949283351709
0.21335850837856973,0.9977924944812362
0.2131224923294784,0.9977900552486187
0.21265046023129572,0.9977851605758582
0.2124144441822044,0.9977827050997783
0.21217842813311305,0.9977802441731409
0.2119424120840217,0.9977777777777778
0.21170639603493038,0.9977753058954394
0.21147037998583904,0.9977728285077951
0.2112343639367477,0.9977703455964325
0.21099834788765637,0.9977678571428571
0.21052631578947367,0.9977628635346756
0.21029029974038235,0.9977603583426652
0.210054283691291,0.9977578475336323
0.20981826764219966,0.9977553310886644
0.209346235544017,0.9977502812148481
0.20911021949492564,0.9977477477477478
0.20887420344583432,0.9977452085682075
0.20863818739674297,0.9977426636568849
0.20840217134765163,0.9977401129943503
0.2081661552985603,0.997737556561086
0.20793013924946896,0.9977349943374858
0.20769412320037764,0.9977324263038548
0.2074581071512863,0.9977298524404086
0.20722209110219494,0.9977272727272727
0.20675005900401228,0.9977220956719818
0.20651404295492093,0.9977194982896237
0.2062780269058296,0.997716894977169
0.20604201085673826,0.9977142857142857
0.2055699787585556,0.997709049255441
0.20533396270946425,0.9977064220183486
0.2050979466603729,0.9977037887485649
0.20486193061128158,0.9977011494252873
0.20438989851309888,0.9976958525345622
0.20415388246400756,0.9976931949250288
0.20368185036582487,0.9976878612716763
0.20344583431673355,0.9976851851851852
0.2032098182676422,0.9976825028968713
0.20297380221855085,0.9976798143851509
0.20250177012036819,0.9976744186046511
0.20226575407127684,0.9976717112922002
0.20202973802218552,0.9976689976689976
0.20179372197309417,0.9976662777129521
0.20155770592400282,0.9976635514018691
0.2013216898749115,0.9976608187134502
0.2008496577767288,0.9976553341148886
0.2006136417276375,0.9976525821596244
0.20037762567854614,0.9976498237367802
0.2001416096294548,0.9976470588235294
0.19990559358036347,0.9976442873969376
0.19966957753127212,0.9976415094339622
0.19943356148218078,0.9976387249114522
0.19919754543308946,0.9976359338061466
0.19872551333490676,0.9976303317535545
0.19848949728581544,0.9976275207591934
0.1982534812367241,0.997624703087886
0.19801746518763275,0.9976218787158145
0.19778144913854143,0.9976190476190476
0.19754543308945008,0.9976162097735399
0.19730941704035873,0.9976133651551312
0.1970734009912674,0.997610513739546
0.19683738494217606,0.9976076555023924
0.19660136889308474,0.9976047904191617
0.1963653528439934,0.9976019184652278
0.19612933679490205,0.9975990396158463
0.19589332074581073,0.9975961538461539
0.19542128864762803,0.9975903614457832
0.19494925654944537,0.9975845410628019
0.19471324050035402,0.9975816203143894
0.1944772244512627,0.9975786924939467
0.19424120840217135,0.9975757575757576
0.19400519235308,0.9975728155339806
0.19376917630398868,0.9975698663426489
0.19353316025489734,0.9975669099756691
0.193297144205806,0.997563946406821
0.19282511210762332,0.9975579975579976
0.19258909605853197,0.9975550122249389
0.19235308000944065,0.9975520195838433
0.1921170639603493,0.9975490196078431
0.19188104791125796,0.9975460122699387
0.1914090158130753,0.997539975399754
0.19093698371489262,0.9975339087546239
0.19046495161670993,0.9975278121137207
0.1902289355676186,0.9975247524752475
0.18999291951852726,0.9975216852540273
0.1897569034694359,0.9975186104218362
0.1895208874203446,0.9975155279503105
0.18928487137125324,0.9975124378109452
0.1890488553221619,0.9975093399750934
0.18881283927307058,0.9975062344139651
0.18834080717488788,0.9975
0.1878687750767052,0.9974937343358395
0.18739674297852255,0.9974874371859297
0.1871607269294312,0.9974842767295597
0.18692471088033985,0.9974811083123426
0.18668869483124853,0.9974779319041615
0.18645267878215718,0.9974747474747475
0.18621666273306584,0.9974715549936789
0.18598064668397452,0.9974683544303797
0.18574463063488317,0.9974651457541192
0.18550861458579182,0.9974619289340102
0.18503658248760915,0.9974554707379135
0.18480056643851783,0.9974522292993631
0.18456455038942648,0.9974489795918368
0.18432853434033514,0.9974457215836526
0.18409251829124382,0.9974424552429667
0.18385650224215247,0.9974391805377721
0.18362048619306112,0.9974358974358974
0.1833844701439698,0.9974326059050064
0.18314845409487845,0.9974293059125964
0.1829124380457871,0.9974259974259975
0.1826764219966958,0.9974226804123711
0.18244040594760444,0.9974193548387097
0.1822043898985131,0.9974160206718347
0.18126032570214776,0.9974025974025974
0.1810243096530564,0.9973992197659298
0.18078829360396506,0.9973958333333334
0.18055227755487374,0.9973924380704041
0.1803162615057824,0.9973890339425587
0.18008024545669105,0.9973856209150327
0.17984422940759973,0.9973821989528796
0.17937219730941703,0.9973753280839895
0.1791361812603257,0.9973718791064389
0.17890016521123436,0.9973684210526316
0.17866414916214302,0.997364953886693
0.1784281331130517,0.9973614775725593
0.17819211706396035,0.9973579920739762
0.177956101014869,0.9973544973544973
0.17772008496577768,0.9973509933774835
0.17748406891668633,0.9973474801061007
0.17724805286759499,0.99734395750332
0.17701203681850367,0.9973404255319149
0.17654000472032097,0.9973333333333333
0.17630398867122965,0.9973297730307076
0.1760679726221383,0.9973262032085561
0.17583195657304695,0.9973226238286479
0.17559594052395563,0.9973190348525469
0.1753599244748643,0.9973154362416108
0.17512390842577294,0.9973118279569892
0.17488789237668162,0.9973082099596231
0.17465187632759027,0.9973045822102425
0.17441586027849892,0.9973009446693657
0.1741798442294076,0.9972972972972973
0.17394382818031626,0.9972936400541272
0.17370781213122494,0.997289972899729
0.1734717960821336,0.9972862957937585
0.17323578003304224,0.9972826086956522
0.17299976398395092,0.9972789115646259
0.17276374793485957,0.997275204359673
0.1722917158366769,0.9972677595628415
0.17205569978758556,0.9972640218878249
0.1718196837384942,0.9972602739726028
0.1715836676894029,0.9972565157750343
0.17134765164031154,0.9972527472527473
0.1711116355912202,0.9972489683631361
0.17087561954212888,0.9972451790633609
0.17063960349303753,0.9972413793103448
0.17040358744394618,0.9972375690607734
0.17016757139485486,0.9972337482710927
0.1699315553457635,0.997229916897507
0.16969553929667217,0.9972260748959778
0.16945952324758085,0.9972222222222222
0.1692235071984895,0.9972183588317107
0.16898749114939815,0.9972144846796658
0.16875147510030683,0.99721059972106
0.16851545905121548,0.9972067039106145
0.16827944300212413,0.9972027972027973
0.16804342695303282,0.9971988795518207
0.16780741090394147,0.9971949509116409
0.16757139485485012,0.9971910112359551
0.1673353788057588,0.9971870604781997
0.16709936275666745,0.9971830985915493
0.1668633467075761,0.997179125528914
0.16662733065848478,0.9971751412429378
0.16639131460939344,0.9971711456859972
0.1661552985603021,0.9971671388101983
0.16591928251121077,0.9971631205673759
0.16568326646211942,0.9971590909090909
0.16544725041302807,0.9971550497866287
0.16521123436393675,0.9971509971509972
0.16473920226575406,0.9971428571428571
0.16450318621666274,0.9971387696709585
0.1642671701675714,0.997134670487106
0.16403115411848004,0.9971305595408895
0.16379513806938872,0.9971264367816092
0.16355912202029738,0.9971223021582734
0.1630870899221147,0.9971139971139971
0.16285107387302336,0.9971098265895953
0.1623790417748407,0.9971014492753624
0.16214302572574935,0.9970972423802612
0.16190700967665803,0.997093023255814
0.16167099362756668,0.9970887918486172
0.16143497757847533,0.9970845481049563
0.161198961529384,0.997080291970803
0.16072692943120132,0.9970717423133236
0.16049091338211,0.9970674486803519
0.16025489733301865,0.9970631424375918
0.1600188812839273,0.9970588235294118
0.15954684918574463,0.9970501474926253
0.15931083313665328,0.9970457902511078
0.15907481708756196,0.9970414201183432
0.15883880103847062,0.997037037037037
0.15860278498937927,0.9970326409495549
0.15836676894028795,0.9970282317979198
0.1581307528911966,0.9970238095238095
0.15789473684210525,0.9970193740685543
0.15765872079301393,0.9970149253731343
0.15695067264573992,0.9970014992503748
0.15671465659664857,0.996996996996997
0.15647864054755722,0.9969924812030075
0.15600660844937456,0.9969834087481146
0.1557705924002832,0.9969788519637462
0.1555345763511919,0.9969742813918305
0.15529856030210054,0.996969696969697
0.15482652820391787,0.9969604863221885
0.15459051215482653,0.9969558599695586
0.15435449610573518,0.9969512195121951
0.15411848005664386,0.9969465648854962
0.1538824640075525,0.9969418960244648
0.15364644795846116,0.996937212863706
0.15341043190936984,0.9969325153374233
0.1531744158602785,0.9969278033794163
0.15293839981118715,0.9969230769230769
0.15270238376209583,0.9969183359013868
0.15246636771300448,0.9969135802469136
0.15223035166391313,0.9969088098918083
0.1519943356148218,0.9969040247678018
0.15175831956573047,0.9968992248062015
0.15152230351663915,0.9968944099378882
0.1512862874675478,0.9968895800933126
0.15105027141845645,0.9968847352024922
0.15081425536936513,0.9968798751950078
0.15057823932027378,0.996875
0.15034222327118243,0.9968701095461658
0.14987019117299977,0.9968602825745683
0.1493981590748171,0.9968503937007874
0.14916214302572575,0.9968454258675079
0.1489261269766344,0.9968404423380727
0.14845409487845174,0.9968304278922345
0.1482180788293604,0.9968253968253968
0.14798206278026907,0.9968203497615262
0.14774604673117772,0.9968152866242038
0.14751003068208637,0.9968102073365231
0.14727401463299505,0.9968051118210862
0.1470379985839037,0.9968
0.14680198253481236,0.9967948717948718
0.14656596648572104,0.9967897271268058
0.1463299504366297,0.9967845659163987
0.14609393438753834,0.9967793880837359
0.14585791833844702,0.9967741935483871
0.14562190228935568,0.9967689822294022
0.14491385414208166,0.9967532467532467
0.1446778380929903,0.9967479674796748
0.144441822043899,0.996742671009772
0.14420580599480765,0.9967373572593801
0.1439697899457163,0.9967320261437909
0.14373377389662498,0.9967266775777414
0.14326174179844228,0.9967159277504105
0.14302572574935096,0.9967105263157895
0.14278970970025961,0.9967051070840197
0.14255369365116827,0.9966996699669967
0.14231767760207695,0.996694214876033
0.1420816615529856,0.9966887417218543
0.14184564550389425,0.9966832504145937
0.14160962945480293,0.9966777408637874
0.14137361340571158,0.9966722129783694
0.14113759735662024,0.9966666666666667
0.14090158130752892,0.996661101836394
0.14042954920934625,0.9966499162479062
0.1401935331602549,0.9966442953020134
0.13995751711116355,0.9966386554621849
0.13972150106207223,0.9966329966329966
0.1394854850129809,0.9966273187183811
0.1394854850129809,0.9983108108108109
0.13924946896388954,0.9983079526226735
0.13901345291479822,0.9983050847457627
0.13877743686570687,0.99830220713073
0.13854142081661552,0.9982993197278912
0.1383054047675242,0.9982964224872232
0.13806938871843286,0.9982935153583617
0.1378333726693415,0.9982905982905983
0.1375973566202502,0.9982876712328768
0.13736134057115884,0.9982847341337907
0.1371253245220675,0.9982817869415808
0.13688930847297617,0.9982788296041308
0.13665329242388483,0.9982758620689656
0.13641727637479348,0.998272884283247
0.13618126032570216,0.9982698961937716
0.1359452442766108,0.9982668977469671
0.13570922822751946,0.9982638888888888
0.13547321217842814,0.9982608695652174
0.1352371961293368,0.9982578397212544
0.13500118008024545,0.9982547993019197
0.13476516403115413,0.9982517482517482
0.13452914798206278,0.9982486865148862
0.1340571158838801,0.9982425307557118
0.13382109983478876,0.9982394366197183
0.13358508378569742,0.9982363315696648
0.1333490677366061,0.9982332155477032
0.13311305168751475,0.9982300884955753
0.1328770356384234,0.99822695035461
0.13264101958933208,0.9982238010657194
0.13240500354024073,0.998220640569395
0.13193297144205807,0.9982142857142857
0.13169695539296672,0.998211091234347
0.13146093934387537,0.9982078853046595
0.13122492329478405,0.9982046678635548
0.1309889072456927,0.9982014388489209
0.13075289119660136,0.9981981981981982
0.1302808590984187,0.9981916817359855
0.13004484304932734,0.9981884057971014
0.12980882700023602,0.9981851179673321
0.12957281095114467,0.9981818181818182
0.12933679490205333,0.9981785063752276
0.129100778852962,0.9981751824817519
0.12886476280387066,0.9981718464351006
0.12862874675477934,0.9981684981684982
0.128392730705688,0.998165137614679
0.12792069860750532,0.998158379373849
0.12768468255841398,0.9981549815498155
0.12697663441113996,0.9981447124304267
0.1267406183620486,0.9981412639405205
0.1265046023129573,0.9981378026070763
0.12626858626386595,0.9981343283582089
0.1260325702147746,0.9981308411214953
0.12579655416568328,0.99812734082397
0.12556053811659193,0.99812382739212
0.12532452206750058,0.9981203007518797
0.12508850601840926,0.9981167608286252
0.12485248996931791,0.9981132075471698
0.12461647392022658,0.998109640831758
0.12438045787113523,0.9981060606060606
0.12367240972386122,0.9980952380952381
0.12343639367476988,0.9980916030534351
0.1229643615765872,0.9980842911877394
0.12272834552749587,0.9980806142034548
0.12249232947840454,0.9980769230769231
0.12225631342931319,0.9980732177263969
0.12202029738022185,0.9980694980694981
0.12178428133113052,0.9980657640232108
0.12154826528203917,0.998062015503876
0.12131224923294784,0.9980582524271845
0.12084021713476516,0.9980506822612085
0.12060420108567382,0.998046875
0.12036818503658249,0.9980430528375733
0.12013216898749116,0.9980392156862745
0.11989615293839981,0.9980353634577603
0.11966013688930847,0.9980314960629921
0.11942412084021714,0.9980276134122288
0.11918810479112579,0.9980237154150198
0.11895208874203446,0.998019801980198
0.11871607269294313,0.998015873015873
0.11824404059476044,0.99800796812749
0.11800802454566911,0.998003992015968
0.11777200849657776,0.998
0.11753599244748643,0.9979959919839679
0.1172999763983951,0.9979919678714859
0.11706396034930375,0.9979879275653923
0.11659192825112108,0.997979797979798
0.11635591220202973,0.9979757085020243
0.11588388010384706,0.9979674796747967
0.11564786405475572,0.9979633401221996
0.11541184800566438,0.9979591836734694
0.11517583195657305,0.9979550102249489
0.11470379985839037,0.997946611909651
0.11446778380929903,0.9979423868312757
0.1142317677602077,0.9979381443298969
0.11399575171111635,0.9979338842975206
0.11375973566202502,0.9979296066252588
0.11352371961293369,0.9979253112033195
0.11328770356384234,0.997920997920998
0.113051687514751,0.9979166666666667
0.11281567146565967,0.9979123173277662
0.11257965541656832,0.997907949790795
0.11234363936747699,0.9979035639412998
0.11210762331838565,0.9978991596638656
0.11187160726929431,0.9978947368421053
0.11139957517111164,0.9978858350951374
0.11116355912202029,0.9978813559322034
0.11092754307292896,0.9978768577494692
0.11092754307292896,1.0
0.11069152702383762,1.0
0.11045551097474628,1.0
0.10998347887656361,1.0
0.10951144677838093,1.0
0.10903941468019826,1.0
0.10880339863110691,1.0
0.10856738258201558,1.0
0.1080953504838329,1.0
0.10785933443474156,1.0
0.10762331838565023,1.0
0.10738730233655888,1.0
0.10715128628746755,1.0
0.10691527023837621,1.0
0.10667925418928487,1.0
0.10644323814019353,1.0
0.10597120604201085,1.0
0.10573518999291952,1.0
0.10526315789473684,1.0
0.1050271418456455,1.0
0.10479112579655417,1.0
0.10455510974746282,1.0
0.10431909369837149,1.0
0.10408307764928015,1.0
0.10384706160018882,1.0
0.10361104555109747,1.0
0.10337502950200614,1.0
0.1031390134529148,1.0
0.10290299740382346,1.0
0.10266698135473212,1.0
0.10243096530564079,1.0
0.10219494925654944,1.0
0.10195893320745811,1.0
0.10148690110927543,1.0
0.10125088506018409,1.0
0.10101486901109276,1.0
0.10054283691291008,1.0
0.09983478876563606,1.0
0.09936275666745338,1.0
0.09889072456927071,1.0
0.09865470852017937,1.0
0.09841869247108803,1.0
0.0981826764219967,1.0
0.09771064432381402,1.0
0.09723861222563135,1.0
0.09700259617654,1.0
0.09676658012744867,1.0
0.09653056407835733,1.0
0.09629454802926599,1.0
0.09605853198017465,1.0
0.09582251593108332,1.0
0.09558649988199197,1.0
0.09535048383290064,1.0
0.0951144677838093,1.0
0.09487845173471796,1.0
0.09464243568562662,1.0
0.09417040358744394,1.0
0.0939343875383526,1.0
0.09369837148926127,1.0
0.09346235544016993,1.0
0.09299032334198726,1.0
0.09275430729289591,1.0
0.09228227519471324,1.0
0.09204625914562191,1.0
0.09181024309653056,1.0
0.0913382109983479,1.0
0.09110219494925655,1.0
0.09063016285107388,1.0
0.09039414680198253,1.0
0.0901581307528912,1.0
0.08992211470379986,1.0
0.08945008260561718,1.0
0.08921406655652585,1.0
0.0889780505074345,1.0
0.08850601840925183,1.0
0.08827000236016048,1.0
0.08803398631106915,1.0
0.08732593816379514,1.0
0.0870899221147038,1.0
0.08685390606561247,1.0
0.08638187396742979,1.0
0.08614585791833845,1.0
0.0859098418692471,1.0
0.08567382582015577,1.0
0.08543780977106444,1.0
0.08520179372197309,1.0
0.08472976162379042,1.0
0.08449374557469908,1.0
0.08425772952560774,1.0
0.08378569742742506,1.0
0.08331366532924239,1.0
0.08307764928015104,1.0
0.08284163323105971,1.0
0.08260561718196838,1.0
0.08236960113287703,1.0
0.0821335850837857,1.0
0.08189756903469436,1.0
0.08166155298560301,1.0
0.08142553693651168,1.0
0.08095350483832901,1.0
0.08071748878923767,1.0
0.080245456691055,1.0
0.08000944064196365,1.0
0.07977342459287232,1.0
0.07953740854378098,1.0
0.07930139249468963,1.0
0.0790653764455983,1.0
0.07859334434741562,1.0
0.07835732829832429,1.0
0.0778852962001416,1.0
0.07764928015105027,1.0
0.07741326410195894,1.0
0.07717724805286759,1.0
0.07670521595468492,1.0
0.07623318385650224,1.0
0.0759971678074109,1.0
0.07576115175831957,1.0
0.07552513570922822,1.0
0.07528911966013689,1.0
0.07505310361104556,1.0
0.07481708756195421,1.0
0.07434505546377154,1.0
0.0741090394146802,1.0
0.07387302336558886,1.0
0.07363700731649753,1.0
0.07292895916922351,1.0
0.07269294312013216,1.0
0.07245692707104083,1.0
0.0722209110219495,1.0
0.07198489497285815,1.0
0.07174887892376682,1.0
0.07127684682558413,1.0
0.0710408307764928,1.0
0.07080481472740147,1.0
0.07056879867831012,1.0
0.07009676658012745,1.0
0.06986075053103612,1.0
0.06938871843285344,1.0
0.0691527023837621,1.0
0.06891668633467075,1.0
0.06868067028557942,1.0
0.06844465423648809,1.0
0.06820863818739674,1.0
0.0679726221383054,1.0
0.06773660608921407,1.0
0.06750059004012272,1.0
0.06726457399103139,1.0
0.06702855794194006,1.0
0.06679254189284871,1.0
0.06655652584375737,1.0
0.06632050979466604,1.0
0.0660844937455747,1.0
0.06584847769648336,1.0
0.06561246164739203,1.0
0.06537644559830068,1.0
0.06514042954920934,1.0
0.06466839745102666,1.0
0.064196365352844,1.0
0.06396034930375266,1.0
0.06372433325466131,1.0
0.06325230115647865,1.0
0.0630162851073873,1.0
0.06254425300920463,1.0
0.06230823696011329,1.0
0.06183620486193061,1.0
0.061600188812839275,1.0
0.061364172763747935,1.0
0.061128156714656594,1.0
0.06089214066556526,1.0
0.06065612461647392,1.0
0.06042010856738258,1.0
0.060184092518291245,1.0
0.059948076469199904,1.0
0.05971206042010857,1.0
0.05947604437101723,1.0
0.05924002832192589,1.0
0.059004012272834555,1.0
0.058531980174651874,1.0
0.05829596412556054,1.0
0.0580599480764692,1.0
0.057587915978286525,1.0
0.057351899929195184,1.0
0.05687986783101251,1.0
0.05664385178192117,1.0
0.056407835732829835,1.0
0.055935803634647153,1.0
0.05569978758555582,1.0
0.05522775548737314,1.0
0.054991739438281804,1.0
0.054755723389190464,1.0
0.05451970734009913,1.0
0.05428369129100779,1.0
0.05404767524191645,1.0
0.053811659192825115,1.0
0.053575643143733774,1.0
0.05333962709464243,1.0
0.0531036110455511,1.0
0.05286759499645976,1.0
0.05263157894736842,1.0
0.052395562898277084,1.0
0.052159546849185744,1.0
0.05192353080009441,1.0
0.05168751475100307,1.0
0.050979466603729054,1.0
0.05074345055463771,1.0
0.05050743450554638,1.0
0.05027141845645504,1.0
0.0500354024073637,1.0
0.049563370309181023,1.0
0.04932735426008968,1.0
0.04909133821099835,1.0
0.04885532216190701,1.0
0.048619306112815674,1.0
0.048383290063724334,1.0
0.04791125796554166,1.0
0.04767524191645032,1.0
0.04743922586735898,1.0
0.0469671937691763,1.0
0.04673117772008496,1.0
0.04625914562190229,1.0
0.046023129572810954,1.0
0.045787113523719614,1.0
0.04555109747462827,1.0
0.0450790653764456,1.0
0.04484304932735426,1.0
0.044607033278262924,1.0
0.04437101722917158,1.0
0.04389898513098891,1.0
0.043426953032806234,1.0
0.043190936983714893,1.0
0.04271890488553222,1.0
0.04248288883644088,1.0
0.04224687278734954,1.0
0.04177484068916686,1.0
0.04153882464007552,1.0
0.04130280859098419,1.0
0.04106679254189285,1.0
0.04083077649280151,1.0
0.04059476044371017,1.0
0.04035874439461883,1.0
0.0401227283455275,1.0
0.039414680198253484,1.0
0.03917866414916214,1.0
0.0389426481000708,1.0
0.03870663205097947,1.0
0.03823459995279679,1.0
0.03799858390370545,1.0
0.03776256785461411,1.0
0.03752655180552278,1.0
0.03729053575643144,1.0
0.0370545197073401,1.0
0.036818503658248763,1.0
0.03658248760915742,1.0
0.03634647156006608,1.0
0.03611045551097475,1.0
0.03587443946188341,1.0
0.03563842341279207,1.0
0.03516639131460939,1.0
0.03493037526551806,1.0
0.03469435921642672,1.0
0.03445834316733538,1.0
0.03422232711824404,1.0
0.0339863110691527,1.0
0.03375029502006136,1.0
0.03351427897097003,1.0
0.03327826292187869,1.0
0.03304224687278735,1.0
0.03280623082369601,1.0
0.03257021477460467,1.0
0.03233419872551333,1.0
0.032098182676422,1.0
0.03186216662733066,1.0
0.03162615057823932,1.0
0.03139013452914798,1.0
0.031154118480056645,1.0
0.030918102430965305,1.0
0.030682086381873967,1.0
0.03044607033278263,1.0
0.03021005428369129,1.0
0.029974038234599952,1.0
0.029502006136417278,1.0
0.029265990087325937,1.0
0.0290299740382346,1.0
0.028793957989143262,1.0
0.028557941940051925,1.0
0.028321925890960584,1.0
0.028085909841869247,1.0
0.02784989379277791,1.0
0.02761387774368657,1.0
0.027377861694595232,1.0
0.027141845645503895,1.0
0.02643379749822988,1.0
0.025961765400047205,1.0
0.025725749350955864,1.0
0.025489733301864527,1.0
0.02525371725277319,1.0
0.02501770120368185,1.0
0.024781685154590512,1.0
0.024545669105499174,1.0
0.024309653056407837,1.0
0.024073637007316497,1.0
0.023601604909133822,1.0
0.023129572810951144,1.0
0.022893556761859807,1.0
0.02265754071276847,1.0
0.02242152466367713,1.0
0.021949492565494454,1.0
0.021713476516403117,1.0
0.021477460467311776,1.0
0.02124144441822044,1.0
0.021005428369129102,1.0
0.02076941232003776,1.0
0.020533396270946424,1.0
0.020297380221855087,1.0
0.02006136417276375,1.0
0.01982534812367241,1.0
0.01958933207458107,1.0
0.019353316025489734,1.0
0.019117299976398393,1.0
0.018881283927307056,1.0
0.01864526787821572,1.0
0.018409251829124382,1.0
0.01817323578003304,1.0
0.017937219730941704,1.0
0.017701203681850367,1.0
0.01746518763275903,1.0
0.01722917158366769,1.0
0.01699315553457635,1.0
0.016757139485485014,1.0
0.016521123436393673,1.0
0.016285107387302336,1.0
0.016049091338211,1.0
0.01581307528911966,1.0
0.015577059240028323,1.0
0.015341043190936984,1.0
0.015105027141845645,1.0
0.014869011092754307,1.0
0.014632995043662968,1.0
0.014396978994571631,1.0
0.014160962945480292,1.0
0.013924946896388955,1.0
0.013452914798206279,1.0
0.01321689874911494,1.0
0.012744866650932263,1.0
0.012272834552749587,1.0
0.012036818503658248,1.0
0.011800802454566911,1.0
0.011564786405475572,1.0
0.011328770356384235,1.0
0.011092754307292896,1.0
0.010856738258201559,1.0
0.01062072220911022,1.0
0.01038470616001888,1.0
0.010148690110927543,1.0
0.009912674061836204,1.0
0.009676658012744867,1.0
0.009204625914562191,1.0
0.008732593816379515,1.0
0.008496577767288176,1.0
0.0080245456691055,1.0
0.007788529620014161,1.0
0.007552513570922822,1.0
0.007316497521831484,1.0
0.007080481472740146,1.0
0.006844465423648808,1.0
0.006372433325466132,1.0
0.006136417276374794,1.0
0.0059004012272834555,1.0
0.005664385178192117,1.0
0.005428369129100779,1.0
0.00519235308000944,1.0
0.004956337030918102,1.0
0.004720320981826764,1.0
0.004484304932735426,1.0
0.004248288883644088,1.0
0.00401227283455275,1.0
0.003540240736370073,1.0
0.003304224687278735,1.0
0.003068208638187397,1.0
0.0028321925890960587,1.0
0.00259617654000472,1.0
0.002360160490913382,1.0
0.0018881283927307056,1.0
0.0016521123436393675,1.0
0.0014160962945480293,1.0
0.001180080245456691,1.0
0.0009440641963653528,1.0
0.0007080481472740147,1.0
0.0004720320981826764,1.0
0.0,1.0
